{
  "sample_id": "04244_0007_angry_0007_000550",
  "path": "/data1/lixiang/OpenS2S_dataset/ESD/CN/0007/Angry/0007_000550.wav",
  "speaker_id": "0007",
  "ground_truth_emotion": "angry",
  "target_emotion": "happy",
  "emo_text_clean": [
    "Angry.",
    "Angry.",
    "\u4f60\u542c\u8d77\u6765"
  ],
  "emo_text_adv": [
    "happy",
    "happy",
    "happy"
  ],
  "emo_pred_clean": [
    "angry",
    "angry",
    ""
  ],
  "emo_pred_adv": [
    "happy",
    "happy",
    "happy"
  ],
  "asr_text_clean": "\u6211\u5df2\u7ecf\u4e60\u60ef\u4e86",
  "asr_text_adv": "\u6211\u6700\u559c\u6b22\u661f\u671f\u4e94\u4e86",
  "success_emo": true,
  "wer": 1.0,
  "semantic_sim": 0.20555329322814941,
  "semantic_preserved": false,
  "delta_linf": 0.008000001311302185,
  "delta_l2": 0.9110967516899109,
  "snr_db": 14.999038129430184,
  "grad_norm_trace": [
    1110.56396484375,
    278.27679443359375,
    150.89974975585938,
    156.2367706298828,
    154.1396942138672,
    216.13031005859375,
    71.84390258789062,
    86.85845184326172,
    65.22080993652344,
    58.493099212646484,
    94.09750366210938,
    102.23778533935547,
    45.40458679199219,
    32.282020568847656,
    79.43865203857422,
    93.19567108154297,
    40.02403259277344,
    23.077903747558594,
    35.579811096191406,
    88.6084976196289,
    49.98033142089844,
    40.232017517089844,
    30.357990264892578,
    33.635398864746094,
    21.89033317565918,
    29.94059944152832,
    260.7231750488281,
    34.80954360961914,
    91.91067504882812,
    41.33700942993164,
    140.62557983398438,
    48.58627700805664,
    77.12702941894531,
    72.8323745727539,
    69.83914947509766,
    59.52529525756836,
    131.27186584472656,
    67.02658081054688,
    164.9369354248047,
    82.98515319824219,
    55.03815841674805,
    36.63117599487305,
    178.58218383789062,
    145.66116333007812,
    91.8300552368164,
    44.18476104736328,
    142.75808715820312,
    53.53923416137695,
    35.64872741699219,
    60.641998291015625,
    77.23309326171875,
    28.66375732421875,
    69.33087921142578,
    30.157358169555664,
    15.785000801086426,
    21.61697769165039,
    23.55055046081543,
    28.262170791625977,
    20.49701690673828,
    23.307065963745117
  ],
  "loss_trace": [
    {
      "step": 0,
      "total": 13.429772516071797,
      "emo": 13.429712295532227,
      "asr": 0.6022053956985474,
      "per": 0.0,
      "lambda_emo": 1.0,
      "lambda_asr": 0.0001,
      "lambda_per": 0.0
    },
    {
      "step": 1,
      "total": 5.8845276298463345,
      "emo": 5.884469985961914,
      "asr": 0.576438844203949,
      "per": 0.04014559090137482,
      "lambda_emo": 1.0,
      "lambda_asr": 0.0001,
      "lambda_per": 0.0
    },
    {
      "step": 2,
      "total": 3.9820576001524923,
      "emo": 3.981931686401367,
      "asr": 1.259137511253357,
      "per": 0.05630343407392502,
      "lambda_emo": 1.0,
      "lambda_asr": 0.0001,
      "lambda_per": 0.0
    },
    {
      "step": 3,
      "total": 1.8562380068480968,
      "emo": 1.8561562299728394,
      "asr": 0.8177687525749207,
      "per": 0.06055654212832451,
      "lambda_emo": 1.0,
      "lambda_asr": 0.0001,
      "lambda_per": 0.0
    },
    {
      "step": 4,
      "total": 4.673874016165733,
      "emo": 4.673797130584717,
      "asr": 0.7688558101654053,
      "per": 0.0457003191113472,
      "lambda_emo": 1.0,
      "lambda_asr": 0.0001,
      "lambda_per": 0.0
    },
    {
      "step": 5,
      "total": 4.685397310471535,
      "emo": 4.685184955596924,
      "asr": 2.123548746109009,
      "per": 0.05563041567802429,
      "lambda_emo": 1.0,
      "lambda_asr": 0.0001,
      "lambda_per": 0.0
    },
    {
      "step": 6,
      "total": 5.244739438009262,
      "emo": 5.2445831298828125,
      "asr": 1.5630812644958496,
      "per": 0.05003795772790909,
      "lambda_emo": 1.0,
      "lambda_asr": 0.0001,
      "lambda_per": 0.0
    },
    {
      "step": 7,
      "total": 4.1150429721355435,
      "emo": 4.1148529052734375,
      "asr": 1.9006686210632324,
      "per": 0.04572182893753052,
      "lambda_emo": 1.0,
      "lambda_asr": 0.0001,
      "lambda_per": 0.0
    },
    {
      "step": 8,
      "total": 3.1287285789966583,
      "emo": 3.1284568309783936,
      "asr": 2.717480182647705,
      "per": 0.060079511255025864,
      "lambda_emo": 1.0,
      "lambda_asr": 0.0001,
      "lambda_per": 0.0
    },
    {
      "step": 9,
      "total": 2.6455835189938544,
      "emo": 2.6454977989196777,
      "asr": 0.8572007417678833,
      "per": 0.05871906131505966,
      "lambda_emo": 1.0,
      "lambda_asr": 0.0001,
      "lambda_per": 0.0
    },
    {
      "step": 10,
      "total": 2.002621238535643,
      "emo": 2.0025219917297363,
      "asr": 0.9924680590629578,
      "per": 0.06231565773487091,
      "lambda_emo": 1.0,
      "lambda_asr": 0.0001,
      "lambda_per": 0.0
    },
    {
      "step": 11,
      "total": 2.9864592656254767,
      "emo": 2.9864108562469482,
      "asr": 0.4840937852859497,
      "per": 0.04725341498851776,
      "lambda_emo": 1.0,
      "lambda_asr": 0.0001,
      "lambda_per": 0.0
    },
    {
      "step": 12,
      "total": 2.812877981287241,
      "emo": 2.8128247261047363,
      "asr": 0.5325518250465393,
      "per": 0.041832491755485535,
      "lambda_emo": 1.0,
      "lambda_asr": 0.0001,
      "lambda_per": 0.0
    },
    {
      "step": 13,
      "total": 2.262966540002823,
      "emo": 2.262889862060547,
      "asr": 0.7667794227600098,
      "per": 0.0613163486123085,
      "lambda_emo": 1.0,
      "lambda_asr": 0.0001,
      "lambda_per": 0.0
    },
    {
      "step": 14,
      "total": 2.503533347904682,
      "emo": 2.50344181060791,
      "asr": 0.9153729677200317,
      "per": 0.05313914269208908,
      "lambda_emo": 1.0,
      "lambda_asr": 0.0001,
      "lambda_per": 0.0
    },
    {
      "step": 15,
      "total": 2.339392257368565,
      "emo": 2.3392252922058105,
      "asr": 1.6696516275405884,
      "per": 0.06095623970031738,
      "lambda_emo": 1.0,
      "lambda_asr": 0.0001,
      "lambda_per": 0.0
    },
    {
      "step": 16,
      "total": 2.1753580528914926,
      "emo": 2.175295829772949,
      "asr": 0.6222311854362488,
      "per": 0.04196960851550102,
      "lambda_emo": 1.0,
      "lambda_asr": 0.0001,
      "lambda_per": 0.0
    },
    {
      "step": 17,
      "total": 1.5829585725545883,
      "emo": 1.5828311443328857,
      "asr": 1.2742822170257568,
      "per": 0.0595569871366024,
      "lambda_emo": 1.0,
      "lambda_asr": 0.0001,
      "lambda_per": 0.0
    },
    {
      "step": 18,
      "total": 1.4089530020713805,
      "emo": 1.4088090658187866,
      "asr": 1.4393625259399414,
      "per": 0.045594267547130585,
      "lambda_emo": 1.0,
      "lambda_asr": 0.0001,
      "lambda_per": 0.0
    },
    {
      "step": 19,
      "total": 2.6469394788026808,
      "emo": 2.646850824356079,
      "asr": 0.8865444660186768,
      "per": 0.058524101972579956,
      "lambda_emo": 1.0,
      "lambda_asr": 0.0001,
      "lambda_per": 0.0
    },
    {
      "step": 20,
      "total": 1.991392172703445,
      "emo": 1.9835574626922607,
      "asr": 0.7834208011627197,
      "per": 0.050199955701828,
      "lambda_emo": 1.0,
      "lambda_asr": 0.01,
      "lambda_per": 1e-05
    },
    {
      "step": 21,
      "total": 1.607338085799329,
      "emo": 1.5908622741699219,
      "asr": 1.6475340127944946,
      "per": 0.0471501462161541,
      "lambda_emo": 1.0,
      "lambda_asr": 0.01,
      "lambda_per": 1e-05
    },
    {
      "step": 22,
      "total": 1.5732529905822872,
      "emo": 1.554439902305603,
      "asr": 1.8812528848648071,
      "per": 0.055942803621292114,
      "lambda_emo": 1.0,
      "lambda_asr": 0.01,
      "lambda_per": 1e-05
    },
    {
      "step": 23,
      "total": 1.1654766407192871,
      "emo": 1.144845724105835,
      "asr": 2.0630431175231934,
      "per": 0.04854382202029228,
      "lambda_emo": 1.0,