{
  "sample_id": "04330_0007_angry_0007_000613",
  "path": "/data1/lixiang/OpenS2S_dataset/ESD/CN/0007/Angry/0007_000613.wav",
  "speaker_id": "0007",
  "ground_truth_emotion": "angry",
  "target_emotion": "happy",
  "emo_text_clean": [
    "Angry",
    "Angry",
    "\u55ef\uff0c\u6709\u65f6\u5019\u574f\u4e8b"
  ],
  "emo_text_adv": [
    "Happy",
    "happy",
    "happy"
  ],
  "emo_pred_clean": [
    "angry",
    "angry",
    ""
  ],
  "emo_pred_adv": [
    "happy",
    "happy",
    "happy"
  ],
  "asr_text_clean": "\u4e5f\u8bb8\u53cd\u5012",
  "asr_text_adv": "\u4e5f\u8bb8\u53cd\u5012",
  "success_emo": true,
  "wer": 0.0,
  "semantic_sim": 0.9999999403953552,
  "semantic_preserved": true,
  "delta_linf": 0.008000001311302185,
  "delta_l2": 0.8642362356185913,
  "snr_db": 15.715910168819548,
  "grad_norm_trace": [
    660.3070678710938,
    183.66845703125,
    102.26322937011719,
    99.27375793457031,
    95.65677642822266,
    90.7479476928711,
    48.42759323120117,
    118.29906463623047,
    54.981727600097656,
    58.77959060668945,
    33.06903076171875,
    40.77848434448242,
    35.39228820800781,
    48.58975601196289,
    46.70393753051758,
    44.360496520996094,
    43.64653396606445,
    30.44172477722168,
    34.528255462646484,
    60.168724060058594,
    154.57244873046875,
    39.45259094238281,
    39.3190803527832,
    28.9080867767334,
    46.38376235961914,
    26.683691024780273,
    34.17719268798828,
    59.16311264038086,
    26.20400047302246,
    79.34342956542969,
    109.20277404785156,
    177.24977111816406,
    61.48733901977539,
    43.412410736083984,
    54.870872497558594,
    43.8070068359375,
    115.00645446777344,
    28.95055389404297,
    46.128143310546875,
    48.860626220703125,
    31.349950790405273,
    24.720691680908203,
    21.073177337646484,
    21.486230850219727,
    30.906383514404297,
    23.952106475830078,
    25.254159927368164,
    19.860849380493164,
    26.308813095092773,
    26.042509078979492,
    24.816999435424805,
    99.6742172241211,
    59.885032653808594,
    62.16116714477539,
    30.826623916625977,
    45.67131805419922,
    24.97441864013672,
    32.9193229675293,
    48.4800910949707,
    30.334735870361328
  ],
  "loss_trace": [
    {
      "step": 0,
      "total": 10.279353728675842,
      "emo": 10.279203414916992,
      "asr": 1.5031375885009766,
      "per": 0.0,
      "lambda_emo": 1.0,
      "lambda_asr": 0.0001,
      "lambda_per": 0.0
    },
    {
      "step": 1,
      "total": 7.262576296889782,
      "emo": 7.262519359588623,
      "asr": 0.5693730115890503,
      "per": 0.030032511800527573,
      "lambda_emo": 1.0,
      "lambda_asr": 0.0001,
      "lambda_per": 0.0
    },
    {
      "step": 2,
      "total": 5.52959937505722,
      "emo": 5.529036998748779,
      "asr": 5.623763084411621,
      "per": 0.041300803422927856,
      "lambda_emo": 1.0,
      "lambda_asr": 0.0001,
      "lambda_per": 0.0
    },
    {
      "step": 3,
      "total": 5.948497421777248,
      "emo": 5.948373317718506,
      "asr": 1.241040587425232,
      "per": 0.03608040139079094,
      "lambda_emo": 1.0,
      "lambda_asr": 0.0001,
      "lambda_per": 0.0
    },
    {
      "step": 4,
      "total": 5.210136592960358,
      "emo": 5.209630966186523,
      "asr": 5.056267738342285,
      "per": 0.03675907850265503,
      "lambda_emo": 1.0,
      "lambda_asr": 0.0001,
      "lambda_per": 0.0
    },
    {
      "step": 5,
      "total": 5.321580909872055,
      "emo": 5.321298599243164,
      "asr": 2.823106288909912,
      "per": 0.049317702651023865,
      "lambda_emo": 1.0,
      "lambda_asr": 0.0001,
      "lambda_per": 0.0
    },
    {
      "step": 6,
      "total": 4.607921951436997,
      "emo": 4.607473850250244,
      "asr": 4.481011867523193,
      "per": 0.05255883187055588,
      "lambda_emo": 1.0,
      "lambda_asr": 0.0001,
      "lambda_per": 0.0
    },
    {
      "step": 7,
      "total": 4.491016225886345,
      "emo": 4.490772247314453,
      "asr": 2.4397857189178467,
      "per": 0.04341095685958862,
      "lambda_emo": 1.0,
      "lambda_asr": 0.0001,
      "lambda_per": 0.0
    },
    {
      "step": 8,
      "total": 4.58434700601101,
      "emo": 4.584036827087402,
      "asr": 3.1017892360687256,
      "per": 0.045789897441864014,
      "lambda_emo": 1.0,
      "lambda_asr": 0.0001,
      "lambda_per": 0.0
    },
    {
      "step": 9,
      "total": 4.4669440687179565,
      "emo": 4.466355800628662,
      "asr": 5.882680892944336,
      "per": 0.0386015959084034,
      "lambda_emo": 1.0,
      "lambda_asr": 0.0001,
      "lambda_per": 0.0
    },
    {
      "step": 10,
      "total": 4.048221669340133,
      "emo": 4.047810077667236,
      "asr": 4.115916728973389,
      "per": 0.04910099133849144,
      "lambda_emo": 1.0,
      "lambda_asr": 0.0001,
      "lambda_per": 0.0
    },
    {
      "step": 11,
      "total": 3.8938607041358946,
      "emo": 3.893666982650757,
      "asr": 1.9372148513793945,
      "per": 0.048376455903053284,
      "lambda_emo": 1.0,
      "lambda_asr": 0.0001,
      "lambda_per": 0.0
    },
    {
      "step": 12,
      "total": 3.7882802587985993,
      "emo": 3.787931442260742,
      "asr": 3.4881653785705566,
      "per": 0.038833603262901306,
      "lambda_emo": 1.0,
      "lambda_asr": 0.0001,
      "lambda_per": 0.0
    },
    {
      "step": 13,
      "total": 3.659863147830963,
      "emo": 3.659409999847412,
      "asr": 4.531479835510254,
      "per": 0.04759473726153374,
      "lambda_emo": 1.0,
      "lambda_asr": 0.0001,
      "lambda_per": 0.0
    },
    {
      "step": 14,
      "total": 3.304163484477997,
      "emo": 3.3038692474365234,
      "asr": 2.9423704147338867,
      "per": 0.050441574305295944,
      "lambda_emo": 1.0,
      "lambda_asr": 0.0001,
      "lambda_per": 0.0
    },
    {
      "step": 15,
      "total": 3.797563003742695,
      "emo": 3.79736328125,
      "asr": 1.9972249269485474,
      "per": 0.03874427080154419,
      "lambda_emo": 1.0,
      "lambda_asr": 0.0001,
      "lambda_per": 0.0
    },
    {
      "step": 16,
      "total": 3.565935937857628,
      "emo": 3.565706253051758,
      "asr": 2.2968480587005615,
      "per": 0.04066414013504982,
      "lambda_emo": 1.0,
      "lambda_asr": 0.0001,
      "lambda_per": 0.0
    },
    {
      "step": 17,
      "total": 2.8799020920991896,
      "emo": 2.879513740539551,
      "asr": 3.8835155963897705,
      "per": 0.05544714257121086,
      "lambda_emo": 1.0,
      "lambda_asr": 0.0001,
      "lambda_per": 0.0
    },
    {
      "step": 18,
      "total": 2.4906916574954985,
      "emo": 2.490548610687256,
      "asr": 1.4304680824279785,
      "per": 0.04739530012011528,
      "lambda_emo": 1.0,
      "lambda_asr": 0.0001,
      "lambda_per": 0.0
    },
    {
      "step": 19,
      "total": 2.833428512167931,
      "emo": 2.8331222534179688,
      "asr": 3.0625874996185303,
      "per": 0.047490350902080536,
      "lambda_emo": 1.0,
      "lambda_asr": 0.0001,
      "lambda_per": 0.0
    },
    {
      "step": 20,
      "total": 2.32471071609281,
      "emo": 2.2909350395202637,
      "asr": 3.3775205612182617,
      "per": 0.04709603637456894,
      "lambda_emo": 1.0,
      "lambda_asr": 0.01,
      "lambda_per": 1e-05
    },
    {
      "step": 21,
      "total": 2.8269695093689116,
      "emo": 2.8024635314941406,
      "asr": 2.450557231903076,
      "per": 0.040555573999881744,
      "lambda_emo": 1.0,
      "lambda_asr": 0.01,
      "lambda_per": 1e-05
    },
    {
      "step": 22,
      "total": 2.622249305504411,
      "emo": 2.595690965652466,
      "asr": 2.6557812690734863,
      "per": 0.05271612107753754,
      "lambda_emo": 1.0,
      "lambda_asr": 0.01,
      "lambda_per": 1e-05
    },
    {
      "step": 23,
      "total": 2.097825727610886,
      "emo": 2.0791850090026855,
      "asr": 1.8640137910842896,
      "per": 0.05806973576545715,
      "lambda_emo": 1.0,
      "lambda_asr": 0.01,