{
  "sample_id": "04404_0007_angry_0007_000640",
  "path": "/data1/lixiang/OpenS2S_dataset/ESD/CN/0007/Angry/0007_000640.wav",
  "speaker_id": "0007",
  "ground_truth_emotion": "angry",
  "target_emotion": "happy",
  "emo_text_clean": [
    "Angry",
    "Angry",
    "\u8fd8\u6709\u804a\u5929\u8bb0\u5f55\uff0c\u6124\u6012\u3002"
  ],
  "emo_text_adv": [
    "Happy",
    "Happy",
    "Happy!"
  ],
  "emo_pred_clean": [
    "angry",
    "angry",
    ""
  ],
  "emo_pred_adv": [
    "happy",
    "happy",
    "happy"
  ],
  "asr_text_clean": "\u8fd8\u6709\u804a\u5929\u8bb0\u5f55",
  "asr_text_adv": "I will be doing a lot of lifting.",
  "success_emo": true,
  "wer": 8.0,
  "semantic_sim": 0.19800010323524475,
  "semantic_preserved": false,
  "delta_linf": 0.008000001311302185,
  "delta_l2": 0.808509111404419,
  "snr_db": 15.676547851021763,
  "grad_norm_trace": [
    490.72552490234375,
    332.5069274902344,
    53.51493835449219,
    42.10651397705078,
    102.5276107788086,
    62.82029724121094,
    102.89659118652344,
    61.71026611328125,
    68.73173522949219,
    88.06599426269531,
    315.8171081542969,
    48.08293533325195,
    61.095149993896484,
    106.3581771850586,
    60.654605865478516,
    33.1368522644043,
    81.38504028320312,
    98.98298645019531,
    116.67799377441406,
    132.51060485839844,
    70.7626953125,
    33.016971588134766,
    95.15325164794922,
    55.069339752197266,
    71.95059967041016,
    127.21038818359375,
    95.27012634277344,
    119.13922882080078,
    93.03905487060547,
    81.67462158203125,
    83.28374481201172,
    112.66642761230469,
    99.74215698242188,
    74.97259521484375,
    43.8313102722168,
    59.24149703979492,
    195.7789764404297,
    64.3675765991211,
    57.259056091308594,
    50.42278289794922,
    94.61830139160156,
    65.35148620605469,
    53.82521057128906,
    62.5102653503418,
    70.18961334228516,
    189.71432495117188,
    50.293819427490234,
    96.57160949707031,
    38.969688415527344,
    33.012393951416016,
    48.034725189208984,
    69.5239028930664,
    85.41777038574219,
    35.00305938720703,
    44.206722259521484,
    32.675655364990234,
    32.510108947753906,
    34.30265808105469,
    34.157772064208984,
    80.18571472167969
  ],
  "loss_trace": [
    {
      "step": 0,
      "total": 11.283564052328467,
      "emo": 11.283526420593262,
      "asr": 0.3763173520565033,
      "per": 0.0,
      "lambda_emo": 1.0,
      "lambda_asr": 0.0001,
      "lambda_per": 0.0
    },
    {
      "step": 1,
      "total": 6.655486556479334,
      "emo": 6.655453681945801,
      "asr": 0.3287453353404999,
      "per": 0.030233703553676605,
      "lambda_emo": 1.0,
      "lambda_asr": 0.0001,
      "lambda_per": 0.0
    },
    {
      "step": 2,
      "total": 5.223192967072129,
      "emo": 5.223148345947266,
      "asr": 0.4462112486362457,
      "per": 0.043770965188741684,
      "lambda_emo": 1.0,
      "lambda_asr": 0.0001,
      "lambda_per": 0.0
    },
    {
      "step": 3,
      "total": 4.818469566804171,
      "emo": 4.8184428215026855,
      "asr": 0.26745301485061646,
      "per": 0.05379774793982506,
      "lambda_emo": 1.0,
      "lambda_asr": 0.0001,
      "lambda_per": 0.0
    },
    {
      "step": 4,
      "total": 4.76302434540391,
      "emo": 4.762945652008057,
      "asr": 0.786933958530426,
      "per": 0.03744731843471527,
      "lambda_emo": 1.0,
      "lambda_asr": 0.0001,
      "lambda_per": 0.0
    },
    {
      "step": 5,
      "total": 4.8362903362989424,
      "emo": 4.8361968994140625,
      "asr": 0.9343688488006592,
      "per": 0.056190378963947296,
      "lambda_emo": 1.0,
      "lambda_asr": 0.0001,
      "lambda_per": 0.0
    },
    {
      "step": 6,
      "total": 4.531058986917138,
      "emo": 4.531009674072266,
      "asr": 0.4931284487247467,
      "per": 0.05307148024439812,
      "lambda_emo": 1.0,
      "lambda_asr": 0.0001,
      "lambda_per": 0.0
    },
    {
      "step": 7,
      "total": 4.611900844314694,
      "emo": 4.611870288848877,
      "asr": 0.30555465817451477,
      "per": 0.041818827390670776,
      "lambda_emo": 1.0,
      "lambda_asr": 0.0001,
      "lambda_per": 0.0
    },
    {
      "step": 8,
      "total": 5.376922756320238,
      "emo": 5.376855373382568,
      "asr": 0.6738293766975403,
      "per": 0.047261133790016174,
      "lambda_emo": 1.0,
      "lambda_asr": 0.0001,
      "lambda_per": 0.0
    },
    {
      "step": 9,
      "total": 4.379104633563757,
      "emo": 4.379031181335449,
      "asr": 0.73452228307724,
      "per": 0.0516059473156929,
      "lambda_emo": 1.0,
      "lambda_asr": 0.0001,
      "lambda_per": 0.0
    },
    {
      "step": 10,
      "total": 4.435301333403587,
      "emo": 4.435238361358643,
      "asr": 0.6297204494476318,
      "per": 0.042076222598552704,
      "lambda_emo": 1.0,
      "lambda_asr": 0.0001,
      "lambda_per": 0.0
    },
    {
      "step": 11,
      "total": 4.858122175550461,
      "emo": 4.857602119445801,
      "asr": 5.200561046600342,
      "per": 0.05650309845805168,
      "lambda_emo": 1.0,
      "lambda_asr": 0.0001,
      "lambda_per": 0.0
    },
    {
      "step": 12,
      "total": 4.6896357165813445,
      "emo": 4.689225673675537,
      "asr": 4.100429058074951,
      "per": 0.043593309819698334,
      "lambda_emo": 1.0,
      "lambda_asr": 0.0001,
      "lambda_per": 0.0
    },
    {
      "step": 13,
      "total": 5.018616249608994,
      "emo": 5.017976760864258,
      "asr": 6.394887447357178,
      "per": 0.05855919048190117,
      "lambda_emo": 1.0,
      "lambda_asr": 0.0001,
      "lambda_per": 0.0
    },
    {
      "step": 14,
      "total": 4.332704000949859,
      "emo": 4.3322224617004395,
      "asr": 4.81539249420166,
      "per": 0.051317110657691956,
      "lambda_emo": 1.0,
      "lambda_asr": 0.0001,
      "lambda_per": 0.0
    },
    {
      "step": 15,
      "total": 4.198726296234131,
      "emo": 4.198247909545898,
      "asr": 4.783866882324219,
      "per": 0.05175614356994629,
      "lambda_emo": 1.0,
      "lambda_asr": 0.0001,
      "lambda_per": 0.0
    },
    {
      "step": 16,
      "total": 3.682952140235901,
      "emo": 3.6824958324432373,
      "asr": 4.563077926635742,
      "per": 0.04429943487048149,
      "lambda_emo": 1.0,
      "lambda_asr": 0.0001,
      "lambda_per": 0.0
    },
    {
      "step": 17,
      "total": 4.70171055150032,
      "emo": 4.701472282409668,
      "asr": 2.382690906524658,
      "per": 0.048976119607686996,
      "lambda_emo": 1.0,
      "lambda_asr": 0.0001,
      "lambda_per": 0.0
    },
    {
      "step": 18,
      "total": 3.3012214872479437,
      "emo": 3.3011016845703125,
      "asr": 1.1980267763137817,
      "per": 0.04549775645136833,
      "lambda_emo": 1.0,
      "lambda_asr": 0.0001,
      "lambda_per": 0.0
    },
    {
      "step": 19,
      "total": 3.746252139377594,
      "emo": 3.7459425926208496,
      "asr": 3.0954675674438477,
      "per": 0.05518769472837448,
      "lambda_emo": 1.0,
      "lambda_asr": 0.0001,
      "lambda_per": 0.0
    },
    {
      "step": 20,
      "total": 4.052059839843325,
      "emo": 4.023062705993652,
      "asr": 2.899662971496582,
      "per": 0.05041347071528435,
      "lambda_emo": 1.0,
      "lambda_asr": 0.01,
      "lambda_per": 1e-05
    },
    {
      "step": 21,
      "total": 4.221808525841534,
      "emo": 4.196996688842773,
      "asr": 2.481139898300171,
      "per": 0.043801575899124146,
      "lambda_emo": 1.0,
      "lambda_asr": 0.01,
      "lambda_per": 1e-05
    },
    {
      "step": 22,
      "total": 3.6968842885728925,
      "emo": 3.677342176437378,
      "asr": 1.9541689157485962,
      "per": 0.04229780286550522,
      "lambda_emo": 1.0,
      "lambda_asr": 0.01,
      "lambda_per": 1e-05
    },
    {
      "step": 23,
      "total": 3.405102200358436,
      "emo": 3.38582706451416,
      "asr": 1.9274553060531616,
      "per": 0.05827837437391281,
      "lambda_emo": 1.0,