{
  "sample_id": "04445_0007_angry_0007_000614",
  "path": "/data1/lixiang/OpenS2S_dataset/ESD/CN/0007/Angry/0007_000614.wav",
  "speaker_id": "0007",
  "ground_truth_emotion": "angry",
  "target_emotion": "happy",
  "emo_text_clean": [
    "Angry",
    "Angry",
    "\u542c\u8d77\u6765"
  ],
  "emo_text_adv": [
    "Happy",
    "happy",
    "happy"
  ],
  "emo_pred_clean": [
    "angry",
    "angry",
    ""
  ],
  "emo_pred_adv": [
    "happy",
    "happy",
    "happy"
  ],
  "asr_text_clean": "\u542c\u8d77\u6765",
  "asr_text_adv": "\u62fc\u5f97\u53ef\u771f\u68d2\u5440\uff01",
  "success_emo": true,
  "wer": 1.0,
  "semantic_sim": 0.5426112413406372,
  "semantic_preserved": false,
  "delta_linf": 0.008000001311302185,
  "delta_l2": 0.8853163719177246,
  "snr_db": 16.53082657672741,
  "grad_norm_trace": [
    1042.06689453125,
    208.2550506591797,
    126.1434097290039,
    238.2862548828125,
    333.52447509765625,
    41.68989944458008,
    66.3595199584961,
    254.46124267578125,
    75.16082000732422,
    70.64044189453125,
    193.65716552734375,
    59.836605072021484,
    37.253353118896484,
    49.80467987060547,
    46.6367073059082,
    58.04765701293945,
    39.66423416137695,
    22.24522590637207,
    40.9276123046875,
    59.690773010253906,
    38.467769622802734,
    48.46009826660156,
    45.62771987915039,
    26.730819702148438,
    34.64286422729492,
    51.31760025024414,
    34.67390823364258,
    17.549968719482422,
    69.93089294433594,
    15.580171585083008,
    19.154537200927734,
    13.147018432617188,
    35.99103546142578,
    12.653473854064941,
    16.27332878112793,
    11.791021347045898,
    13.420415878295898,
    23.866636276245117,
    22.28004264831543,
    12.229608535766602,
    27.98711585998535,
    19.183008193969727,
    23.967239379882812,
    11.910947799682617,
    26.295074462890625,
    15.535168647766113,
    28.114696502685547,
    21.34982681274414,
    15.381319046020508,
    14.549178123474121,
    29.565486907958984,
    31.531999588012695,
    19.19152069091797,
    26.749839782714844,
    31.3194580078125,
    62.18246841430664,
    21.14956283569336,
    28.072795867919922,
    26.38187599182129,
    17.318824768066406
  ],
  "loss_trace": [
    {
      "step": 0,
      "total": 11.021518618297577,
      "emo": 11.021346092224121,
      "asr": 1.7252607345581055,
      "per": 0.0,
      "lambda_emo": 1.0,
      "lambda_asr": 0.0001,
      "lambda_per": 0.0
    },
    {
      "step": 1,
      "total": 7.7935980752646925,
      "emo": 7.793505668640137,
      "asr": 0.9240662455558777,
      "per": 0.03528160601854324,
      "lambda_emo": 1.0,
      "lambda_asr": 0.0001,
      "lambda_per": 0.0
    },
    {
      "step": 2,
      "total": 5.770251901221275,
      "emo": 5.770140647888184,
      "asr": 1.1125333309173584,
      "per": 0.05319259315729141,
      "lambda_emo": 1.0,
      "lambda_asr": 0.0001,
      "lambda_per": 0.0
    },
    {
      "step": 3,
      "total": 3.1981212180376053,
      "emo": 3.197963237762451,
      "asr": 1.5798027515411377,
      "per": 0.04134979844093323,
      "lambda_emo": 1.0,
      "lambda_asr": 0.0001,
      "lambda_per": 0.0
    },
    {
      "step": 4,
      "total": 4.200506745958328,
      "emo": 4.200377941131592,
      "asr": 1.288048267364502,
      "per": 0.058292604982852936,
      "lambda_emo": 1.0,
      "lambda_asr": 0.0001,
      "lambda_per": 0.0
    },
    {
      "step": 5,
      "total": 4.824408685195446,
      "emo": 4.824261665344238,
      "asr": 1.4701985120773315,
      "per": 0.05781945213675499,
      "lambda_emo": 1.0,
      "lambda_asr": 0.0001,
      "lambda_per": 0.0
    },
    {
      "step": 6,
      "total": 4.184344075155258,
      "emo": 4.184199810028076,
      "asr": 1.4426512718200684,
      "per": 0.04490421339869499,
      "lambda_emo": 1.0,
      "lambda_asr": 0.0001,
      "lambda_per": 0.0
    },
    {
      "step": 7,
      "total": 4.234616847634316,
      "emo": 4.23439359664917,
      "asr": 2.2325098514556885,
      "per": 0.06014901399612427,
      "lambda_emo": 1.0,
      "lambda_asr": 0.0001,
      "lambda_per": 0.0
    },
    {
      "step": 8,
      "total": 4.782935074305534,
      "emo": 4.782793045043945,
      "asr": 1.420292615890503,
      "per": 0.04915410280227661,
      "lambda_emo": 1.0,
      "lambda_asr": 0.0001,
      "lambda_per": 0.0
    },
    {
      "step": 9,
      "total": 4.028002799224853,
      "emo": 4.027823448181152,
      "asr": 1.7935104370117188,
      "per": 0.05705179274082184,
      "lambda_emo": 1.0,
      "lambda_asr": 0.0001,
      "lambda_per": 0.0
    },
    {
      "step": 10,
      "total": 3.732689975643158,
      "emo": 3.7325172424316406,
      "asr": 1.7273321151733398,
      "per": 0.05188716948032379,
      "lambda_emo": 1.0,
      "lambda_asr": 0.0001,
      "lambda_per": 0.0
    },
    {
      "step": 11,
      "total": 3.268713970088959,
      "emo": 3.2682394981384277,
      "asr": 4.744719505310059,
      "per": 0.057748954743146896,
      "lambda_emo": 1.0,
      "lambda_asr": 0.0001,
      "lambda_per": 0.0
    },
    {
      "step": 12,
      "total": 2.914335672569275,
      "emo": 2.9136581420898438,
      "asr": 6.775304794311523,
      "per": 0.04812238737940788,
      "lambda_emo": 1.0,
      "lambda_asr": 0.0001,
      "lambda_per": 0.0
    },
    {
      "step": 13,
      "total": 2.458060388278961,
      "emo": 2.4576802253723145,
      "asr": 3.801629066467285,
      "per": 0.05301250144839287,
      "lambda_emo": 1.0,
      "lambda_asr": 0.0001,
      "lambda_per": 0.0
    },
    {
      "step": 14,
      "total": 2.364974606704712,
      "emo": 2.3646092414855957,
      "asr": 3.6536521911621094,
      "per": 0.06094462797045708,
      "lambda_emo": 1.0,
      "lambda_asr": 0.0001,
      "lambda_per": 0.0
    },
    {
      "step": 15,
      "total": 2.9966641306877135,
      "emo": 2.99599552154541,
      "asr": 6.686091423034668,
      "per": 0.0617816261947155,
      "lambda_emo": 1.0,
      "lambda_asr": 0.0001,
      "lambda_per": 0.0
    },
    {
      "step": 16,
      "total": 2.429505380630493,
      "emo": 2.4288806915283203,
      "asr": 6.246891021728516,
      "per": 0.05646447092294693,
      "lambda_emo": 1.0,
      "lambda_asr": 0.0001,
      "lambda_per": 0.0
    },
    {
      "step": 17,
      "total": 1.882747787332535,
      "emo": 1.8821437358856201,
      "asr": 6.0405144691467285,
      "per": 0.052178334444761276,
      "lambda_emo": 1.0,
      "lambda_asr": 0.0001,
      "lambda_per": 0.0
    },
    {
      "step": 18,
      "total": 1.7366706674575805,
      "emo": 1.7360477447509766,
      "asr": 6.229227066040039,
      "per": 0.04774708300828934,
      "lambda_emo": 1.0,
      "lambda_asr": 0.0001,
      "lambda_per": 0.0
    },
    {
      "step": 19,
      "total": 2.589386187171936,
      "emo": 2.5888733863830566,
      "asr": 5.128007888793945,
      "per": 0.05470224842429161,
      "lambda_emo": 1.0,
      "lambda_asr": 0.0001,
      "lambda_per": 0.0
    },
    {
      "step": 20,
      "total": 2.0164650651115923,
      "emo": 1.9573959112167358,
      "asr": 5.9068708419799805,
      "per": 0.04454750567674637,
      "lambda_emo": 1.0,
      "lambda_asr": 0.01,
      "lambda_per": 1e-05
    },
    {
      "step": 21,
      "total": 2.2464267578179387,
      "emo": 2.193068027496338,
      "asr": 5.3358259201049805,
      "per": 0.047112055122852325,
      "lambda_emo": 1.0,
      "lambda_asr": 0.01,
      "lambda_per": 1e-05
    },
    {
      "step": 22,
      "total": 2.1105157880231364,
      "emo": 2.0570969581604004,
      "asr": 5.3418354988098145,
      "per": 0.04748746380209923,
      "lambda_emo": 1.0,
      "lambda_asr": 0.01,
      "lambda_per": 1e-05
    },
    {
      "step": 23,
      "total": 1.8710959766119346,
      "emo": 1.8130614757537842,
      "asr": 5.803390979766846,
      "per": 0.059106048196554184,
      "lambda_emo": 1.0,
      "lambda_asr": 0.01,