{
  "sample_id": "04442_0007_angry_0007_000365",
  "path": "/data1/lixiang/OpenS2S_dataset/ESD/CN/0007/Angry/0007_000365.wav",
  "speaker_id": "0007",
  "ground_truth_emotion": "angry",
  "target_emotion": "happy",
  "emo_text_clean": [
    "Angry",
    "Angry",
    "\u4f60\u542c\u8d77\u6765"
  ],
  "emo_text_adv": [
    "Happy",
    "Happy",
    "Happy"
  ],
  "emo_pred_clean": [
    "angry",
    "angry",
    ""
  ],
  "emo_pred_adv": [
    "happy",
    "happy",
    "happy"
  ],
  "asr_text_clean": "\u6211\u7279\u522b\u559c\u6b22\u7f51\u7403",
  "asr_text_adv": "\u6211\u7279\u522b\u559c\u6b22\u7f51\u7403",
  "success_emo": true,
  "wer": 0.0,
  "semantic_sim": 1.0,
  "semantic_preserved": true,
  "delta_linf": 0.008000001311302185,
  "delta_l2": 1.0110228061676025,
  "snr_db": 15.926343576450632,
  "grad_norm_trace": [
    2062.1474609375,
    424.3731384277344,
    465.8266296386719,
    149.3148956298828,
    88.59130096435547,
    207.7806396484375,
    186.64515686035156,
    79.46369171142578,
    61.42108154296875,
    140.0413360595703,
    63.10493850708008,
    125.66275787353516,
    45.24235534667969,
    27.746665954589844,
    25.68167495727539,
    24.459890365600586,
    67.86729431152344,
    30.22247314453125,
    31.224868774414062,
    14.811670303344727,
    29.37217140197754,
    45.87944412231445,
    13.862513542175293,
    18.103160858154297,
    16.043188095092773,
    25.40399742126465,
    116.58808898925781,
    21.6536922454834,
    39.60403823852539,
    22.043481826782227,
    41.236820220947266,
    21.971216201782227,
    83.11119842529297,
    26.071170806884766,
    25.06529998779297,
    34.20713806152344,
    53.84912109375,
    27.484479904174805,
    30.10234832763672,
    21.746679306030273,
    152.48983764648438,
    45.00112533569336,
    145.11390686035156,
    74.74031066894531,
    40.07061004638672,
    55.5139274597168,
    33.21672058105469,
    47.736209869384766,
    54.431827545166016,
    39.80951690673828,
    57.397804260253906,
    141.74949645996094,
    53.37718963623047,
    26.843135833740234,
    256.75885009765625,
    87.67758178710938,
    31.464738845825195,
    33.95443344116211,
    21.42738914489746,
    27.23985481262207
  ],
  "loss_trace": [
    {
      "step": 0,
      "total": 9.313391117662936,
      "emo": 9.313379287719727,
      "asr": 0.11829943209886551,
      "per": 0.0,
      "lambda_emo": 1.0,
      "lambda_asr": 0.0001,
      "lambda_per": 0.0
    },
    {
      "step": 1,
      "total": 4.222316235655546,
      "emo": 4.2223005294799805,
      "asr": 0.15706175565719604,
      "per": 0.04482513293623924,
      "lambda_emo": 1.0,
      "lambda_asr": 0.0001,
      "lambda_per": 0.0
    },
    {
      "step": 2,
      "total": 4.563281202186644,
      "emo": 4.563262939453125,
      "asr": 0.182627335190773,
      "per": 0.04898197576403618,
      "lambda_emo": 1.0,
      "lambda_asr": 0.0001,
      "lambda_per": 0.0
    },
    {
      "step": 3,
      "total": 3.8783009653925897,
      "emo": 3.878286361694336,
      "asr": 0.14603698253631592,
      "per": 0.04986970126628876,
      "lambda_emo": 1.0,
      "lambda_asr": 0.0001,
      "lambda_per": 0.0
    },
    {
      "step": 4,
      "total": 3.360306797157228,
      "emo": 3.3602969646453857,
      "asr": 0.09832511842250824,
      "per": 0.05625463277101517,
      "lambda_emo": 1.0,
      "lambda_asr": 0.0001,
      "lambda_per": 0.0
    },
    {
      "step": 5,
      "total": 3.7723269716501235,
      "emo": 3.772310256958008,
      "asr": 0.16714692115783691,
      "per": 0.06294704973697662,
      "lambda_emo": 1.0,
      "lambda_asr": 0.0001,
      "lambda_per": 0.0
    },
    {
      "step": 6,
      "total": 4.012544224833697,
      "emo": 4.0125322341918945,
      "asr": 0.11990641802549362,
      "per": 0.0521162673830986,
      "lambda_emo": 1.0,
      "lambda_asr": 0.0001,
      "lambda_per": 0.0
    },
    {
      "step": 7,
      "total": 4.247318376695365,
      "emo": 4.247311115264893,
      "asr": 0.07261430472135544,
      "per": 0.050102200359106064,
      "lambda_emo": 1.0,
      "lambda_asr": 0.0001,
      "lambda_per": 0.0
    },
    {
      "step": 8,
      "total": 2.7569621887497604,
      "emo": 2.756953001022339,
      "asr": 0.0918772742152214,
      "per": 0.05509444326162338,
      "lambda_emo": 1.0,
      "lambda_asr": 0.0001,
      "lambda_per": 0.0
    },
    {
      "step": 9,
      "total": 2.450011357487738,
      "emo": 2.4500036239624023,
      "asr": 0.07733525335788727,
      "per": 0.04704756289720535,
      "lambda_emo": 1.0,
      "lambda_asr": 0.0001,
      "lambda_per": 0.0
    },
    {
      "step": 10,
      "total": 2.4978908933706583,
      "emo": 2.497885227203369,
      "asr": 0.05666167289018631,
      "per": 0.04599615931510925,
      "lambda_emo": 1.0,
      "lambda_asr": 0.0001,
      "lambda_per": 0.0
    },
    {
      "step": 11,
      "total": 2.8554246294416488,
      "emo": 2.855415105819702,
      "asr": 0.09523621946573257,
      "per": 0.053430795669555664,
      "lambda_emo": 1.0,
      "lambda_asr": 0.0001,
      "lambda_per": 0.0
    },
    {
      "step": 12,
      "total": 3.0173831819817423,
      "emo": 3.017371892929077,
      "asr": 0.11289052665233612,
      "per": 0.04794031381607056,
      "lambda_emo": 1.0,
      "lambda_asr": 0.0001,
      "lambda_per": 0.0
    },
    {
      "step": 13,
      "total": 2.7826743453629317,
      "emo": 2.7826671600341797,
      "asr": 0.07185328751802444,
      "per": 0.060975294560194016,
      "lambda_emo": 1.0,
      "lambda_asr": 0.0001,
      "lambda_per": 0.0
    },
    {
      "step": 14,
      "total": 2.5589214891046286,
      "emo": 2.5589118003845215,
      "asr": 0.09688720107078552,
      "per": 0.050492774695158005,
      "lambda_emo": 1.0,
      "lambda_asr": 0.0001,
      "lambda_per": 0.0
    },
    {
      "step": 15,
      "total": 2.3887646722555163,
      "emo": 2.388751983642578,
      "asr": 0.12688612937927246,
      "per": 0.04520264267921448,
      "lambda_emo": 1.0,
      "lambda_asr": 0.0001,
      "lambda_per": 0.0
    },
    {
      "step": 16,
      "total": 2.3230010706678033,
      "emo": 2.3229939937591553,
      "asr": 0.07076908648014069,
      "per": 0.04484160989522934,
      "lambda_emo": 1.0,
      "lambda_asr": 0.0001,
      "lambda_per": 0.0
    },
    {
      "step": 17,
      "total": 2.4469684896826744,
      "emo": 2.4469563961029053,
      "asr": 0.12093579769134521,
      "per": 0.04981592297554016,
      "lambda_emo": 1.0,
      "lambda_asr": 0.0001,
      "lambda_per": 0.0
    },
    {
      "step": 18,
      "total": 2.2858782019652426,
      "emo": 2.28586745262146,
      "asr": 0.10749343782663345,
      "per": 0.05208570510149002,
      "lambda_emo": 1.0,
      "lambda_asr": 0.0001,
      "lambda_per": 0.0
    },
    {
      "step": 19,
      "total": 2.24264643227756,
      "emo": 2.2426302433013916,
      "asr": 0.16188976168632507,
      "per": 0.048871707171201706,
      "lambda_emo": 1.0,
      "lambda_asr": 0.0001,
      "lambda_per": 0.0
    },
    {
      "step": 20,
      "total": 2.2681545824412255,
      "emo": 2.2672300338745117,
      "asr": 0.09239059686660767,
      "per": 0.06425980478525162,
      "lambda_emo": 1.0,
      "lambda_asr": 0.01,
      "lambda_per": 1e-05
    },
    {
      "step": 21,
      "total": 2.1099901003497092,
      "emo": 2.1082921028137207,
      "asr": 0.16974177956581116,
      "per": 0.05797403305768967,
      "lambda_emo": 1.0,
      "lambda_asr": 0.01,
      "lambda_per": 1e-05
    },
    {
      "step": 22,
      "total": 2.1416799054807423,
      "emo": 2.140016555786133,
      "asr": 0.1662725806236267,
      "per": 0.062388837337493896,
      "lambda_emo": 1.0,
      "lambda_asr": 0.01,
      "lambda_per": 1e-05
    },
    {
      "step": 23,
      "total": 2.0093231346404554,
      "emo": 2.007877826690674,
      "asr": 0.14447638392448425,
      "per": 0.05441105365753174,
      "lambda_emo": 1.0,