{
  "sample_id": "04614_0007_neutral_0007_000330",
  "path": "/data1/lixiang/OpenS2S_dataset/ESD/CN/0007/Neutral/0007_000330.wav",
  "speaker_id": "0007",
  "ground_truth_emotion": "neutral",
  "target_emotion": "happy",
  "emo_text_clean": [
    "Neutral",
    "Neutral",
    "\u6211\u4eec\u76f8\u5904\u5f97\u5f88\u597d"
  ],
  "emo_text_adv": [
    "happy",
    "happy",
    "happy"
  ],
  "emo_pred_clean": [
    "neutral",
    "neutral",
    ""
  ],
  "emo_pred_adv": [
    "happy",
    "happy",
    "happy"
  ],
  "asr_text_clean": "\u6211\u4eec\u76f8\u5904\u5f97\u5f88\u597d",
  "asr_text_adv": "\u6211\u4eec\u76f8\u5904\u5f97\u5f88\u597d",
  "success_emo": true,
  "wer": 0.0,
  "semantic_sim": 1.0,
  "semantic_preserved": true,
  "delta_linf": 0.008000001311302185,
  "delta_l2": 1.0771127939224243,
  "snr_db": 7.2976725042655985,
  "grad_norm_trace": [
    1620.9898681640625,
    146.85951232910156,
    136.0106964111328,
    260.59576416015625,
    85.15898132324219,
    72.03292083740234,
    65.75764465332031,
    90.55168151855469,
    54.32028579711914,
    35.780582427978516,
    77.12876892089844,
    50.893104553222656,
    77.20574188232422,
    37.85560607910156,
    83.01480865478516,
    55.17874526977539,
    42.899566650390625,
    41.49289321899414,
    61.222415924072266,
    57.03887176513672,
    43.6855583190918,
    46.9087028503418,
    29.31635093688965,
    18.27758026123047,
    20.33769416809082,
    15.574091911315918,
    34.847923278808594,
    13.990681648254395,
    16.848388671875,
    20.59490394592285,
    18.04725456237793,
    18.193857192993164,
    10.768470764160156,
    7.390825271606445,
    12.314431190490723,
    19.315696716308594,
    13.038726806640625,
    9.597858428955078,
    14.329320907592773,
    9.673763275146484,
    7.021331310272217,
    7.30675745010376,
    20.771203994750977,
    3.923401117324829,
    22.23987579345703,
    23.87257194519043,
    49.02059555053711,
    31.761516571044922,
    19.272533416748047,
    13.456003189086914,
    14.509849548339844,
    8.614087104797363,
    7.293659687042236,
    7.602361679077148,
    8.03101634979248,
    12.082318305969238,
    5.3156208992004395,
    4.161918640136719,
    7.409592151641846,
    7.822131156921387
  ],
  "loss_trace": [
    {
      "step": 0,
      "total": 5.864113113436103,
      "emo": 5.864100933074951,
      "asr": 0.12180361151695251,
      "per": 0.0,
      "lambda_emo": 1.0,
      "lambda_asr": 0.0001,
      "lambda_per": 0.0
    },
    {
      "step": 1,
      "total": 3.567224582251906,
      "emo": 3.567199468612671,
      "asr": 0.2511363923549652,
      "per": 0.051387738436460495,
      "lambda_emo": 1.0,
      "lambda_asr": 0.0001,
      "lambda_per": 0.0
    },
    {
      "step": 2,
      "total": 3.1048676597058775,
      "emo": 3.104844808578491,
      "asr": 0.2285112738609314,
      "per": 0.053534697741270065,
      "lambda_emo": 1.0,
      "lambda_asr": 0.0001,
      "lambda_per": 0.0
    },
    {
      "step": 3,
      "total": 3.4663607954397797,
      "emo": 3.4663455486297607,
      "asr": 0.15246810019016266,
      "per": 0.05780681222677231,
      "lambda_emo": 1.0,
      "lambda_asr": 0.0001,
      "lambda_per": 0.0
    },
    {
      "step": 4,
      "total": 2.6511409677892925,
      "emo": 2.6511151790618896,
      "asr": 0.2578872740268707,
      "per": 0.062094926834106445,
      "lambda_emo": 1.0,
      "lambda_asr": 0.0001,
      "lambda_per": 0.0
    },
    {
      "step": 5,
      "total": 1.9812962252177297,
      "emo": 1.9812848567962646,
      "asr": 0.11368421465158463,
      "per": 0.05763882398605347,
      "lambda_emo": 1.0,
      "lambda_asr": 0.0001,
      "lambda_per": 0.0
    },
    {
      "step": 6,
      "total": 2.0078821255598216,
      "emo": 2.00787615776062,
      "asr": 0.05967799201607704,
      "per": 0.050135716795921326,
      "lambda_emo": 1.0,
      "lambda_asr": 0.0001,
      "lambda_per": 0.0
    },
    {
      "step": 7,
      "total": 1.9094396825455129,
      "emo": 1.9094289541244507,
      "asr": 0.10728421062231064,
      "per": 0.04915020987391472,
      "lambda_emo": 1.0,
      "lambda_asr": 0.0001,
      "lambda_per": 0.0
    },
    {
      "step": 8,
      "total": 1.3272055564284324,
      "emo": 1.327195405960083,
      "asr": 0.10150468349456787,
      "per": 0.06176846846938133,
      "lambda_emo": 1.0,
      "lambda_asr": 0.0001,
      "lambda_per": 0.0
    },
    {
      "step": 9,
      "total": 1.1586426007524133,
      "emo": 1.1586287021636963,
      "asr": 0.13898588716983795,
      "per": 0.05786123871803284,
      "lambda_emo": 1.0,
      "lambda_asr": 0.0001,
      "lambda_per": 0.0
    },
    {
      "step": 10,
      "total": 1.6460629178404809,
      "emo": 1.646041750907898,
      "asr": 0.21166932582855225,
      "per": 0.05300305038690567,
      "lambda_emo": 1.0,
      "lambda_asr": 0.0001,
      "lambda_per": 0.0
    },
    {
      "step": 11,
      "total": 1.265686376643181,
      "emo": 1.2656733989715576,
      "asr": 0.1297767162322998,
      "per": 0.05814123898744583,
      "lambda_emo": 1.0,
      "lambda_asr": 0.0001,
      "lambda_per": 0.0
    },
    {
      "step": 12,
      "total": 1.9928505176186562,
      "emo": 1.9928417205810547,
      "asr": 0.08797037601470947,
      "per": 0.051418885588645935,
      "lambda_emo": 1.0,
      "lambda_asr": 0.0001,
      "lambda_per": 0.0
    },
    {
      "step": 13,
      "total": 1.3092169456899165,
      "emo": 1.3091940879821777,
      "asr": 0.22857707738876343,
      "per": 0.0540572926402092,
      "lambda_emo": 1.0,
      "lambda_asr": 0.0001,
      "lambda_per": 0.0
    },
    {
      "step": 14,
      "total": 1.4263704206258059,
      "emo": 1.426343321800232,
      "asr": 0.27098825573921204,
      "per": 0.047632720321416855,
      "lambda_emo": 1.0,
      "lambda_asr": 0.0001,
      "lambda_per": 0.0
    },
    {
      "step": 15,
      "total": 1.5425883438825607,
      "emo": 1.5425695180892944,
      "asr": 0.18825793266296387,
      "per": 0.04841585084795952,
      "lambda_emo": 1.0,
      "lambda_asr": 0.0001,
      "lambda_per": 0.0
    },
    {
      "step": 16,
      "total": 1.2537290877237917,
      "emo": 1.2537131309509277,
      "asr": 0.159567728638649,
      "per": 0.061742134392261505,
      "lambda_emo": 1.0,
      "lambda_asr": 0.0001,
      "lambda_per": 0.0
    },
    {
      "step": 17,
      "total": 1.1118297800227999,
      "emo": 1.1118135452270508,
      "asr": 0.1623479574918747,
      "per": 0.05511027202010155,
      "lambda_emo": 1.0,
      "lambda_asr": 0.0001,
      "lambda_per": 0.0
    },
    {
      "step": 18,
      "total": 1.3667040329530835,
      "emo": 1.366683006286621,
      "asr": 0.21026666462421417,
      "per": 0.062313418835401535,
      "lambda_emo": 1.0,
      "lambda_asr": 0.0001,
      "lambda_per": 0.0
    },
    {
      "step": 19,
      "total": 1.0363404500111937,
      "emo": 1.0363202095031738,
      "asr": 0.20240508019924164,
      "per": 0.05811939761042595,
      "lambda_emo": 1.0,
      "lambda_asr": 0.0001,
      "lambda_per": 0.0
    },
    {
      "step": 20,
      "total": 0.7191743539375067,
      "emo": 0.7176975011825562,
      "asr": 0.14764010906219482,
      "per": 0.04516643285751343,
      "lambda_emo": 1.0,
      "lambda_asr": 0.01,
      "lambda_per": 1e-05
    },
    {
      "step": 21,
      "total": 0.8616789233547449,
      "emo": 0.860323429107666,
      "asr": 0.13548852503299713,
      "per": 0.06089967489242554,
      "lambda_emo": 1.0,
      "lambda_asr": 0.01,
      "lambda_per": 1e-05
    },
    {
      "step": 22,
      "total": 0.6957651640703901,
      "emo": 0.6944260001182556,
      "asr": 0.13385991752147675,
      "per": 0.05647769197821617,
      "lambda_emo": 1.0,
      "lambda_asr": 0.01,
      "lambda_per": 1e-05
    },
    {
      "step": 23,
      "total": 0.46092216946303843,
      "emo": 0.4592362344264984,
      "asr": 0.16854190826416016,