{
  "sample_id": "04858_0007_neutral_0007_000227",
  "path": "/data1/lixiang/OpenS2S_dataset/ESD/CN/0007/Neutral/0007_000227.wav",
  "speaker_id": "0007",
  "ground_truth_emotion": "neutral",
  "target_emotion": "happy",
  "emo_text_clean": [
    "Neutral",
    "angry",
    "\u662f\u554a\uff0c\u57ce\u91cc\u603b\u662f\u7279\u522b\u5435\u3002"
  ],
  "emo_text_adv": [
    "Neutral",
    "happy",
    "happy"
  ],
  "emo_pred_clean": [
    "neutral",
    "angry",
    ""
  ],
  "emo_pred_adv": [
    "neutral",
    "happy",
    "happy"
  ],
  "asr_text_clean": "\u6211\u771f\u53d7\u4e0d\u4e86",
  "asr_text_adv": "\u6211\u4eec\u53d7\u4e0d\u4e86",
  "success_emo": false,
  "wer": 1.0,
  "semantic_sim": 0.7939136624336243,
  "semantic_preserved": false,
  "delta_linf": 0.008000001311302185,
  "delta_l2": 1.1570345163345337,
  "snr_db": 10.58383186293602,
  "grad_norm_trace": [
    734.5056762695312,
    864.9521484375,
    129.6586151123047,
    349.5284118652344,
    464.3748779296875,
    170.47044372558594,
    792.40283203125,
    374.1003723144531,
    127.92078399658203,
    144.6104736328125,
    80.1857681274414,
    179.9972686767578,
    81.61735534667969,
    140.71238708496094,
    72.61083221435547,
    85.5326156616211,
    91.96941375732422,
    113.18367004394531,
    103.67353820800781,
    77.77871704101562,
    74.31967163085938,
    122.12543487548828,
    39.42857360839844,
    96.97486877441406,
    71.0994873046875,
    143.0664520263672,
    144.7155303955078,
    92.74004364013672,
    120.85889434814453,
    93.99989318847656,
    285.3030090332031,
    573.4838256835938,
    149.6959686279297,
    89.3534164428711,
    82.50240325927734,
    134.91452026367188,
    76.99085235595703,
    49.56526184082031,
    232.56231689453125,
    98.97135925292969,
    104.57674407958984,
    91.47782897949219,
    83.15477752685547,
    67.98826599121094,
    118.5589599609375,
    86.55183410644531,
    54.05315017700195,
    59.377197265625,
    96.9262466430664,
    41.29914093017578,
    68.08291625976562,
    118.1607894897461,
    57.37446212768555,
    96.7144546508789,
    43.2894172668457,
    38.808834075927734,
    48.30034255981445,
    27.02490234375,
    21.621015548706055,
    70.48761749267578
  ],
  "loss_trace": [
    {
      "step": 0,
      "total": 13.409357692986728,
      "emo": 13.40932846069336,
      "asr": 0.29232293367385864,
      "per": 0.0,
      "lambda_emo": 1.0,
      "lambda_asr": 0.0001,
      "lambda_per": 0.0
    },
    {
      "step": 1,
      "total": 12.790274557885528,
      "emo": 12.790239334106445,
      "asr": 0.3522377908229828,
      "per": 0.026628125458955765,
      "lambda_emo": 1.0,
      "lambda_asr": 0.0001,
      "lambda_per": 0.0
    },
    {
      "step": 2,
      "total": 10.35079133592993,
      "emo": 10.350768089294434,
      "asr": 0.23246635496616364,
      "per": 0.058497823774814606,
      "lambda_emo": 1.0,
      "lambda_asr": 0.0001,
      "lambda_per": 0.0
    },
    {
      "step": 3,
      "total": 7.577377888354659,
      "emo": 7.577366828918457,
      "asr": 0.11059436202049255,
      "per": 0.057051293551921844,
      "lambda_emo": 1.0,
      "lambda_asr": 0.0001,
      "lambda_per": 0.0
    },
    {
      "step": 4,
      "total": 7.8091157004386185,
      "emo": 7.809085369110107,
      "asr": 0.303313285112381,
      "per": 0.05028700828552246,
      "lambda_emo": 1.0,
      "lambda_asr": 0.0001,
      "lambda_per": 0.0
    },
    {
      "step": 5,
      "total": 7.83084616369009,
      "emo": 7.830832481384277,
      "asr": 0.13682305812835693,
      "per": 0.05989200621843338,
      "lambda_emo": 1.0,
      "lambda_asr": 0.0001,
      "lambda_per": 0.0
    },
    {
      "step": 6,
      "total": 7.632926988530159,
      "emo": 7.6329169273376465,
      "asr": 0.10061192512512207,
      "per": 0.05388614162802696,
      "lambda_emo": 1.0,
      "lambda_asr": 0.0001,
      "lambda_per": 0.0
    },
    {
      "step": 7,
      "total": 6.466481937336922,
      "emo": 6.466443061828613,
      "asr": 0.38875508308410645,
      "per": 0.050986871123313904,
      "lambda_emo": 1.0,
      "lambda_asr": 0.0001,
      "lambda_per": 0.0
    },
    {
      "step": 8,
      "total": 6.6366461844444276,
      "emo": 6.636317253112793,
      "asr": 3.289313316345215,
      "per": 0.053674109280109406,
      "lambda_emo": 1.0,
      "lambda_asr": 0.0001,
      "lambda_per": 0.0
    },
    {
      "step": 9,
      "total": 5.515018779426813,
      "emo": 5.5149383544921875,
      "asr": 0.8042493462562561,
      "per": 0.06245840713381767,
      "lambda_emo": 1.0,
      "lambda_asr": 0.0001,
      "lambda_per": 0.0
    },
    {
      "step": 10,
      "total": 4.72901894287467,
      "emo": 4.7289605140686035,
      "asr": 0.5842880606651306,
      "per": 0.05593100190162659,
      "lambda_emo": 1.0,
      "lambda_asr": 0.0001,
      "lambda_per": 0.0
    },
    {
      "step": 11,
      "total": 4.528967699515819,
      "emo": 4.5287909507751465,
      "asr": 1.7674874067306519,
      "per": 0.05606246739625931,
      "lambda_emo": 1.0,
      "lambda_asr": 0.0001,
      "lambda_per": 0.0
    },
    {
      "step": 12,
      "total": 5.401305643743276,
      "emo": 5.401246547698975,
      "asr": 0.5909604430198669,
      "per": 0.0458824597299099,
      "lambda_emo": 1.0,
      "lambda_asr": 0.0001,
      "lambda_per": 0.0
    },
    {
      "step": 13,
      "total": 4.535917515444756,
      "emo": 4.535708427429199,
      "asr": 2.0908801555633545,
      "per": 0.060832541435956955,
      "lambda_emo": 1.0,
      "lambda_asr": 0.0001,
      "lambda_per": 0.0
    },
    {
      "step": 14,
      "total": 3.881986429166794,
      "emo": 3.881560802459717,
      "asr": 4.256267070770264,
      "per": 0.058058470487594604,
      "lambda_emo": 1.0,
      "lambda_asr": 0.0001,
      "lambda_per": 0.0
    },
    {
      "step": 15,
      "total": 3.9240191968917846,
      "emo": 3.9235687255859375,
      "asr": 4.50471305847168,
      "per": 0.05625179409980774,
      "lambda_emo": 1.0,
      "lambda_asr": 0.0001,
      "lambda_per": 0.0
    },
    {
      "step": 16,
      "total": 3.842103685760498,
      "emo": 3.8417015075683594,
      "asr": 4.021781921386719,
      "per": 0.045958977192640305,
      "lambda_emo": 1.0,
      "lambda_asr": 0.0001,
      "lambda_per": 0.0
    },
    {
      "step": 17,
      "total": 3.7135031304597854,
      "emo": 3.7131736278533936,
      "asr": 3.2950260639190674,
      "per": 0.0510207936167717,
      "lambda_emo": 1.0,
      "lambda_asr": 0.0001,
      "lambda_per": 0.0
    },
    {
      "step": 18,
      "total": 3.6097639315366745,
      "emo": 3.609365463256836,
      "asr": 3.98468279838562,
      "per": 0.04733280465006828,
      "lambda_emo": 1.0,
      "lambda_asr": 0.0001,
      "lambda_per": 0.0
    },
    {
      "step": 19,
      "total": 3.721917283511162,
      "emo": 3.721590757369995,
      "asr": 3.26526141166687,
      "per": 0.05546140670776367,
      "lambda_emo": 1.0,
      "lambda_asr": 0.0001,
      "lambda_per": 0.0
    },
    {
      "step": 20,
      "total": 3.1753740123911944,
      "emo": 3.1399307250976562,
      "asr": 3.544261932373047,
      "per": 0.06679698079824448,
      "lambda_emo": 1.0,
      "lambda_asr": 0.01,
      "lambda_per": 1e-05
    },
    {
      "step": 21,
      "total": 2.9898511641898753,
      "emo": 2.9525146484375,
      "asr": 3.7335922718048096,
      "per": 0.05930343270301819,
      "lambda_emo": 1.0,
      "lambda_asr": 0.01,
      "lambda_per": 1e-05
    },
    {
      "step": 22,
      "total": 3.469874868063889,
      "emo": 3.4317283630371094,
      "asr": 3.814598798751831,
      "per": 0.05170392617583275,
      "lambda_emo": 1.0,
      "lambda_asr": 0.01,
      "lambda_per": 1e-05
    },
    {
      "step": 23,
      "total": 2.8202633233525605,
      "emo": 2.7846012115478516,
      "asr": 3.5661561489105225,
      "per": 0.055031560361385345,
      "lambda_emo": 1.0,