{
  "sample_id": "04927_0007_sad_0007_001191",
  "path": "/data1/lixiang/OpenS2S_dataset/ESD/CN/0007/Sad/0007_001191.wav",
  "speaker_id": "0007",
  "ground_truth_emotion": "sad",
  "target_emotion": "happy",
  "emo_text_clean": [
    "Sad",
    "Sad",
    "\u5f53\u7136\u53ef\u4ee5\u5440\uff0c\u5c0f\u670b\u53cb\u4eec\u90fd\u559c\u6b22\u548c\u9e66"
  ],
  "emo_text_adv": [
    "Happy",
    "happy",
    "happy"
  ],
  "emo_pred_clean": [
    "sad",
    "sad",
    ""
  ],
  "emo_pred_adv": [
    "happy",
    "happy",
    "happy"
  ],
  "asr_text_clean": "\u4f60\u53ef\u4ee5\u53bb\u95ee\u9e66",
  "asr_text_adv": "\u9e66",
  "success_emo": true,
  "wer": 1.0,
  "semantic_sim": 0.7430701851844788,
  "semantic_preserved": false,
  "delta_linf": 0.008000001311302185,
  "delta_l2": 1.2724711894989014,
  "snr_db": 14.139734210293202,
  "grad_norm_trace": [
    1282.14599609375,
    187.0418701171875,
    118.55075073242188,
    147.3614044189453,
    89.43595123291016,
    41.291439056396484,
    36.95716857910156,
    88.89981079101562,
    88.92338562011719,
    58.91108322143555,
    91.72393035888672,
    37.5484619140625,
    25.473247528076172,
    54.7815055847168,
    27.387460708618164,
    29.569032669067383,
    81.42235565185547,
    24.622039794921875,
    24.837100982666016,
    20.9847354888916,
    21.696609497070312,
    25.629926681518555,
    79.9086685180664,
    27.3747615814209,
    26.281808853149414,
    22.358976364135742,
    55.18162155151367,
    44.776268005371094,
    108.10662841796875,
    23.438417434692383,
    24.295188903808594,
    25.298748016357422,
    29.372608184814453,
    35.23979568481445,
    24.89931869506836,
    59.120487213134766,
    19.694316864013672,
    20.619678497314453,
    11.57625961303711,
    13.095663070678711,
    13.10718059539795,
    25.809484481811523,
    26.402158737182617,
    27.374897003173828,
    18.54667091369629,
    53.37673568725586,
    22.80729103088379,
    19.575035095214844,
    12.017407417297363,
    14.407774925231934,
    55.41873550415039,
    24.254013061523438,
    23.92141342163086,
    29.03595733642578,
    47.13833999633789,
    12.463356971740723,
    21.109210968017578,
    24.15752601623535,
    18.56561851501465,
    17.273452758789062
  ],
  "loss_trace": [
    {
      "step": 0,
      "total": 9.513732847142219,
      "emo": 9.513715744018555,
      "asr": 0.17103123664855957,
      "per": 0.0,
      "lambda_emo": 1.0,
      "lambda_asr": 0.0001,
      "lambda_per": 0.0
    },
    {
      "step": 1,
      "total": 8.31664800195694,
      "emo": 8.3165922164917,
      "asr": 0.5578546524047852,
      "per": 0.05278884619474411,
      "lambda_emo": 1.0,
      "lambda_asr": 0.0001,
      "lambda_per": 0.0
    },
    {
      "step": 2,
      "total": 5.110236438989639,
      "emo": 5.109806060791016,
      "asr": 4.303781986236572,
      "per": 0.05513320118188858,
      "lambda_emo": 1.0,
      "lambda_asr": 0.0001,
      "lambda_per": 0.0
    },
    {
      "step": 3,
      "total": 4.742117137289047,
      "emo": 4.741611480712891,
      "asr": 5.056565761566162,
      "per": 0.060078635811805725,
      "lambda_emo": 1.0,
      "lambda_asr": 0.0001,
      "lambda_per": 0.0
    },
    {
      "step": 4,
      "total": 4.362133783864975,
      "emo": 4.361527919769287,
      "asr": 6.058640956878662,
      "per": 0.04674393683671951,
      "lambda_emo": 1.0,
      "lambda_asr": 0.0001,
      "lambda_per": 0.0
    },
    {
      "step": 5,
      "total": 2.5484536786556244,
      "emo": 2.547726631164551,
      "asr": 7.270474910736084,
      "per": 0.0588335357606411,
      "lambda_emo": 1.0,
      "lambda_asr": 0.0001,
      "lambda_per": 0.0
    },
    {
      "step": 6,
      "total": 2.1246190713882447,
      "emo": 2.1238527297973633,
      "asr": 7.663415908813477,
      "per": 0.044397126883268356,
      "lambda_emo": 1.0,
      "lambda_asr": 0.0001,
      "lambda_per": 0.0
    },
    {
      "step": 7,
      "total": 2.410802458667755,
      "emo": 2.4100444316864014,
      "asr": 7.580269813537598,
      "per": 0.05016235634684563,
      "lambda_emo": 1.0,
      "lambda_asr": 0.0001,
      "lambda_per": 0.0
    },
    {
      "step": 8,
      "total": 2.4220332874774932,
      "emo": 2.4212427139282227,
      "asr": 7.905735492706299,
      "per": 0.04108237475156784,
      "lambda_emo": 1.0,
      "lambda_asr": 0.0001,
      "lambda_per": 0.0
    },
    {
      "step": 9,
      "total": 2.666293588209152,
      "emo": 2.665665626525879,
      "asr": 6.279616832733154,
      "per": 0.05833500251173973,
      "lambda_emo": 1.0,
      "lambda_asr": 0.0001,
      "lambda_per": 0.0
    },
    {
      "step": 10,
      "total": 2.532895527219772,
      "emo": 2.532264232635498,
      "asr": 6.31294584274292,
      "per": 0.054598163813352585,
      "lambda_emo": 1.0,
      "lambda_asr": 0.0001,
      "lambda_per": 0.0
    },
    {
      "step": 11,
      "total": 2.3423779369354247,
      "emo": 2.341709852218628,
      "asr": 6.68084716796875,
      "per": 0.05854450911283493,
      "lambda_emo": 1.0,
      "lambda_asr": 0.0001,
      "lambda_per": 0.0
    },
    {
      "step": 12,
      "total": 2.010307516670227,
      "emo": 2.0096213817596436,
      "asr": 6.861349105834961,
      "per": 0.05799434334039688,
      "lambda_emo": 1.0,
      "lambda_asr": 0.0001,
      "lambda_per": 0.0
    },
    {
      "step": 13,
      "total": 2.216214977121353,
      "emo": 2.2154924869537354,
      "asr": 7.2249016761779785,
      "per": 0.060712411999702454,
      "lambda_emo": 1.0,
      "lambda_asr": 0.0001,
      "lambda_per": 0.0
    },
    {
      "step": 14,
      "total": 2.4360274081707,
      "emo": 2.435331344604492,
      "asr": 6.960635662078857,
      "per": 0.04706328362226486,
      "lambda_emo": 1.0,
      "lambda_asr": 0.0001,
      "lambda_per": 0.0
    },
    {
      "step": 15,
      "total": 2.212313558101654,
      "emo": 2.2115607261657715,
      "asr": 7.528319358825684,
      "per": 0.057935938239097595,
      "lambda_emo": 1.0,
      "lambda_asr": 0.0001,
      "lambda_per": 0.0
    },
    {
      "step": 16,
      "total": 1.9130701943397521,
      "emo": 1.9124059677124023,
      "asr": 6.642266273498535,
      "per": 0.05191296339035034,
      "lambda_emo": 1.0,
      "lambda_asr": 0.0001,
      "lambda_per": 0.0
    },
    {
      "step": 17,
      "total": 1.9564364610671998,
      "emo": 1.9556825160980225,
      "asr": 7.539449691772461,
      "per": 0.04437369108200073,
      "lambda_emo": 1.0,
      "lambda_asr": 0.0001,
      "lambda_per": 0.0
    },
    {
      "step": 18,
      "total": 1.9155971523284911,
      "emo": 1.9148657321929932,
      "asr": 7.314201354980469,
      "per": 0.04202083870768547,
      "lambda_emo": 1.0,
      "lambda_asr": 0.0001,
      "lambda_per": 0.0
    },
    {
      "step": 19,
      "total": 1.8583172333717346,
      "emo": 1.8576043844223022,
      "asr": 7.1284894943237305,
      "per": 0.04454926401376724,
      "lambda_emo": 1.0,
      "lambda_asr": 0.0001,
      "lambda_per": 0.0
    },
    {
      "step": 20,
      "total": 1.6979769763788208,
      "emo": 1.6297869682312012,
      "asr": 6.818948268890381,
      "per": 0.05254587158560753,
      "lambda_emo": 1.0,
      "lambda_asr": 0.01,
      "lambda_per": 1e-05
    },
    {
      "step": 21,
      "total": 1.6851436860032007,
      "emo": 1.6169819831848145,
      "asr": 6.816126823425293,
      "per": 0.04345841333270073,
      "lambda_emo": 1.0,
      "lambda_asr": 0.01,
      "lambda_per": 1e-05
    },
    {
      "step": 22,
      "total": 1.7195303219161928,
      "emo": 1.663195013999939,
      "asr": 5.6334733963012695,
      "per": 0.0573953241109848,
      "lambda_emo": 1.0,
      "lambda_asr": 0.01,
      "lambda_per": 1e-05
    },
    {
      "step": 23,
      "total": 1.8426603685079144,
      "emo": 1.767411231994629,
      "asr": 7.52485466003418,
      "per": 0.05899129435420036,
      "lambda_emo": 1.0,