{
  "sample_id": "04948_0007_sad_0007_001369",
  "path": "/data1/lixiang/OpenS2S_dataset/ESD/CN/0007/Sad/0007_001369.wav",
  "speaker_id": "0007",
  "ground_truth_emotion": "sad",
  "target_emotion": "happy",
  "emo_text_clean": [
    "Sad",
    "Sad",
    "\u5bb6\u91cc\u6709\u5168\u81ea\u52a8"
  ],
  "emo_text_adv": [
    "Happy",
    "Happy",
    "Happy!"
  ],
  "emo_pred_clean": [
    "sad",
    "sad",
    ""
  ],
  "emo_pred_adv": [
    "happy",
    "happy",
    "happy"
  ],
  "asr_text_clean": "\u5bb6\u91cc\u6709\u5168\u81ea\u52a8",
  "asr_text_adv": "\u5728\u5bb6\u7528\u5168\u81ea\u52a8",
  "success_emo": true,
  "wer": 1.0,
  "semantic_sim": 0.9498882293701172,
  "semantic_preserved": true,
  "delta_linf": 0.008000001311302185,
  "delta_l2": 1.1099210977554321,
  "snr_db": 10.793383256317872,
  "grad_norm_trace": [
    4636.54345703125,
    130.72462463378906,
    91.09664916992188,
    74.40636444091797,
    51.81983947753906,
    108.7949447631836,
    58.96202087402344,
    243.65318298339844,
    49.985931396484375,
    83.2120590209961,
    110.48453521728516,
    59.96665573120117,
    69.81438446044922,
    70.77459716796875,
    46.98678970336914,
    30.918275833129883,
    34.88673782348633,
    67.40573120117188,
    47.9091682434082,
    258.68603515625,
    51.307762145996094,
    110.09130859375,
    103.17772674560547,
    39.8053092956543,
    43.657615661621094,
    38.68389892578125,
    55.3525390625,
    149.24464416503906,
    101.78885650634766,
    1335.903076171875,
    104.82032775878906,
    76.93311309814453,
    82.88140869140625,
    103.10111999511719,
    35.97700881958008,
    87.04645538330078,
    37.584171295166016,
    48.159976959228516,
    45.06666946411133,
    30.477094650268555,
    51.46821594238281,
    55.912132263183594,
    19.390565872192383,
    31.026599884033203,
    155.32769775390625,
    17.60816764831543,
    56.91970443725586,
    26.790512084960938,
    24.88266372680664,
    71.13143920898438,
    33.53638458251953,
    42.42842102050781,
    41.936100006103516,
    20.473129272460938,
    24.44500160217285,
    81.67632293701172,
    60.4620475769043,
    29.149959564208984,
    35.68667984008789,
    24.6745548248291
  ],
  "loss_trace": [
    {
      "step": 0,
      "total": 6.541076227231324,
      "emo": 6.541053295135498,
      "asr": 0.2293209582567215,
      "per": 0.0,
      "lambda_emo": 1.0,
      "lambda_asr": 0.0001,
      "lambda_per": 0.0
    },
    {
      "step": 1,
      "total": 5.051252463948726,
      "emo": 5.051194667816162,
      "asr": 0.5779613256454468,
      "per": 0.029489269480109215,
      "lambda_emo": 1.0,
      "lambda_asr": 0.0001,
      "lambda_per": 0.0
    },
    {
      "step": 2,
      "total": 4.41055571013689,
      "emo": 4.410510063171387,
      "asr": 0.45646965503692627,
      "per": 0.03738008812069893,
      "lambda_emo": 1.0,
      "lambda_asr": 0.0001,
      "lambda_per": 0.0
    },
    {
      "step": 3,
      "total": 4.063160491880774,
      "emo": 4.063131332397461,
      "asr": 0.29159483313560486,
      "per": 0.03563942760229111,
      "lambda_emo": 1.0,
      "lambda_asr": 0.0001,
      "lambda_per": 0.0
    },
    {
      "step": 4,
      "total": 4.028907345211506,
      "emo": 4.028797149658203,
      "asr": 1.101955533027649,
      "per": 0.042908456176519394,
      "lambda_emo": 1.0,
      "lambda_asr": 0.0001,
      "lambda_per": 0.0
    },
    {
      "step": 5,
      "total": 4.033900386512279,
      "emo": 4.033721923828125,
      "asr": 1.784626841545105,
      "per": 0.043598826974630356,
      "lambda_emo": 1.0,
      "lambda_asr": 0.0001,
      "lambda_per": 0.0
    },
    {
      "step": 6,
      "total": 4.624368357253075,
      "emo": 4.624030113220215,
      "asr": 3.3824403285980225,
      "per": 0.03464259207248688,
      "lambda_emo": 1.0,
      "lambda_asr": 0.0001,
      "lambda_per": 0.0
    },
    {
      "step": 7,
      "total": 3.7681630494594573,
      "emo": 3.767956495285034,
      "asr": 2.0655417442321777,
      "per": 0.03526132553815842,
      "lambda_emo": 1.0,
      "lambda_asr": 0.0001,
      "lambda_per": 0.0
    },
    {
      "step": 8,
      "total": 3.692138500714302,
      "emo": 3.691873073577881,
      "asr": 2.654271364212036,
      "per": 0.040052853524684906,
      "lambda_emo": 1.0,
      "lambda_asr": 0.0001,
      "lambda_per": 0.0
    },
    {
      "step": 9,
      "total": 3.625676746547222,
      "emo": 3.625518321990967,
      "asr": 1.5842455625534058,
      "per": 0.04140924662351608,
      "lambda_emo": 1.0,
      "lambda_asr": 0.0001,
      "lambda_per": 0.0
    },
    {
      "step": 10,
      "total": 3.4288862574338914,
      "emo": 3.428541898727417,
      "asr": 3.443587064743042,
      "per": 0.04224909469485283,
      "lambda_emo": 1.0,
      "lambda_asr": 0.0001,
      "lambda_per": 0.0
    },
    {
      "step": 11,
      "total": 3.585307096362114,
      "emo": 3.5850467681884766,
      "asr": 2.6032817363739014,
      "per": 0.03558709844946861,
      "lambda_emo": 1.0,
      "lambda_asr": 0.0001,
      "lambda_per": 0.0
    },
    {
      "step": 12,
      "total": 3.389903690862656,
      "emo": 3.3896822929382324,
      "asr": 2.2139792442321777,
      "per": 0.04120732098817825,
      "lambda_emo": 1.0,
      "lambda_asr": 0.0001,
      "lambda_per": 0.0
    },
    {
      "step": 13,
      "total": 3.232629500591755,
      "emo": 3.2324366569519043,
      "asr": 1.9284363985061646,
      "per": 0.05000681430101395,
      "lambda_emo": 1.0,
      "lambda_asr": 0.0001,
      "lambda_per": 0.0
    },
    {
      "step": 14,
      "total": 3.7599458182573318,
      "emo": 3.759711980819702,
      "asr": 2.338374376296997,
      "per": 0.039451323449611664,
      "lambda_emo": 1.0,
      "lambda_asr": 0.0001,
      "lambda_per": 0.0
    },
    {
      "step": 15,
      "total": 3.0889905592441558,
      "emo": 3.0887866020202637,
      "asr": 2.039572238922119,
      "per": 0.03815089166164398,
      "lambda_emo": 1.0,
      "lambda_asr": 0.0001,
      "lambda_per": 0.0
    },
    {
      "step": 16,
      "total": 2.7460478038311003,
      "emo": 2.745957851409912,
      "asr": 0.8995242118835449,
      "per": 0.04032423719763756,
      "lambda_emo": 1.0,
      "lambda_asr": 0.0001,
      "lambda_per": 0.0
    },
    {
      "step": 17,
      "total": 3.1971494695663454,
      "emo": 3.196920394897461,
      "asr": 2.2907466888427734,
      "per": 0.04907868057489395,
      "lambda_emo": 1.0,
      "lambda_asr": 0.0001,
      "lambda_per": 0.0
    },
    {
      "step": 18,
      "total": 3.0527851371884345,
      "emo": 3.052657127380371,
      "asr": 1.2800980806350708,
      "per": 0.037273406982421875,
      "lambda_emo": 1.0,
      "lambda_asr": 0.0001,
      "lambda_per": 0.0
    },
    {
      "step": 19,
      "total": 3.4182427204608916,
      "emo": 3.4180526733398438,
      "asr": 1.9004712104797363,
      "per": 0.038260336965322495,
      "lambda_emo": 1.0,
      "lambda_asr": 0.0001,
      "lambda_per": 0.0
    },
    {
      "step": 20,
      "total": 2.91707074062746,
      "emo": 2.893563985824585,
      "asr": 2.3506240844726562,
      "per": 0.05139581486582756,
      "lambda_emo": 1.0,
      "lambda_asr": 0.01,
      "lambda_per": 1e-05
    },
    {
      "step": 21,
      "total": 3.4215541970671715,
      "emo": 3.416325569152832,
      "asr": 0.5228093862533569,
      "per": 0.05340518057346344,
      "lambda_emo": 1.0,
      "lambda_asr": 0.01,
      "lambda_per": 1e-05
    },
    {
      "step": 22,
      "total": 3.2346759568401797,
      "emo": 3.2120232582092285,
      "asr": 2.265232801437378,
      "per": 0.037061657756567,
      "lambda_emo": 1.0,
      "lambda_asr": 0.01,
      "lambda_per": 1e-05
    },
    {
      "step": 23,
      "total": 3.241837120732181,
      "emo": 3.2269504070281982,
      "asr": 1.4886308908462524,
      "per": 0.04047955200076103,
      "lambda_emo": 1.0,
      "lambda_asr": 0.01,