{
  "sample_id": "04942_0007_sad_0007_001083",
  "path": "/data1/lixiang/OpenS2S_dataset/ESD/CN/0007/Sad/0007_001083.wav",
  "speaker_id": "0007",
  "ground_truth_emotion": "sad",
  "target_emotion": "happy",
  "emo_text_clean": [
    "Sad",
    "Sad",
    "\u54e6\uff0c\u4f60\u4e0d\u662f\u9752\u86d9"
  ],
  "emo_text_adv": [
    "happy",
    "happy",
    "happy"
  ],
  "emo_pred_clean": [
    "sad",
    "sad",
    ""
  ],
  "emo_pred_adv": [
    "happy",
    "happy",
    "happy"
  ],
  "asr_text_clean": "\u6211\u662f\u4e00\u53ea\u9752\u86d9",
  "asr_text_adv": "\u6211\u559c\u6b22\u6211\u7684\u73a9\u5177\u8f66\u3002",
  "success_emo": true,
  "wer": 1.0,
  "semantic_sim": 0.4000296890735626,
  "semantic_preserved": false,
  "delta_linf": 0.008000001311302185,
  "delta_l2": 1.0952407121658325,
  "snr_db": 16.309383415774978,
  "grad_norm_trace": [
    372.4127197265625,
    504.2750244140625,
    139.4354248046875,
    111.44029235839844,
    64.99595642089844,
    199.68643188476562,
    77.919677734375,
    109.4571533203125,
    47.098968505859375,
    78.44297790527344,
    59.589500427246094,
    59.61225128173828,
    65.51864624023438,
    64.18878173828125,
    36.490386962890625,
    34.75424575805664,
    121.91035461425781,
    37.09556579589844,
    37.155635833740234,
    44.504791259765625,
    46.01048278808594,
    40.79497146606445,
    39.787193298339844,
    20.82573699951172,
    48.894893646240234,
    163.3164825439453,
    26.31414031982422,
    20.7862548828125,
    52.66218566894531,
    35.17574691772461,
    33.912696838378906,
    114.78085327148438,
    71.0553207397461,
    49.72145080566406,
    48.289085388183594,
    68.39388275146484,
    61.38370132446289,
    27.6148681640625,
    25.622310638427734,
    36.59316635131836,
    29.7280216217041,
    28.37775421142578,
    19.742637634277344,
    16.07567024230957,
    40.403175354003906,
    30.854501724243164,
    22.84729766845703,
    41.731361389160156,
    63.089637756347656,
    32.58332824707031,
    39.810245513916016,
    81.57649993896484,
    104.03404998779297,
    56.15900802612305,
    44.31985855102539,
    56.58189392089844,
    102.29169464111328,
    53.32283020019531,
    41.77962112426758,
    39.58623123168945
  ],
  "loss_trace": [
    {
      "step": 0,
      "total": 9.86986943143308,
      "emo": 9.869834899902344,
      "asr": 0.3453153073787689,
      "per": 0.0,
      "lambda_emo": 1.0,
      "lambda_asr": 0.0001,
      "lambda_per": 0.0
    },
    {
      "step": 1,
      "total": 5.854086989164353,
      "emo": 5.853828430175781,
      "asr": 2.58558988571167,
      "per": 0.02820083312690258,
      "lambda_emo": 1.0,
      "lambda_asr": 0.0001,
      "lambda_per": 0.0
    },
    {
      "step": 2,
      "total": 6.202568885850907,
      "emo": 6.202115058898926,
      "asr": 4.538269519805908,
      "per": 0.04296277463436127,
      "lambda_emo": 1.0,
      "lambda_asr": 0.0001,
      "lambda_per": 0.0
    },
    {
      "step": 3,
      "total": 5.688221151542663,
      "emo": 5.687841415405273,
      "asr": 3.797361373901367,
      "per": 0.041338056325912476,
      "lambda_emo": 1.0,
      "lambda_asr": 0.0001,
      "lambda_per": 0.0
    },
    {
      "step": 4,
      "total": 4.163750633096695,
      "emo": 4.163421154022217,
      "asr": 3.294790744781494,
      "per": 0.05225227028131485,
      "lambda_emo": 1.0,
      "lambda_asr": 0.0001,
      "lambda_per": 0.0
    },
    {
      "step": 5,
      "total": 3.563446065068245,
      "emo": 3.5630805492401123,
      "asr": 3.655158281326294,
      "per": 0.04340612143278122,
      "lambda_emo": 1.0,
      "lambda_asr": 0.0001,
      "lambda_per": 0.0
    },
    {
      "step": 6,
      "total": 4.546386470699311,
      "emo": 4.545958995819092,
      "asr": 4.274748802185059,
      "per": 0.05443088710308075,
      "lambda_emo": 1.0,
      "lambda_asr": 0.0001,
      "lambda_per": 0.0
    },
    {
      "step": 7,
      "total": 4.246736053562164,
      "emo": 4.246291637420654,
      "asr": 4.444161415100098,
      "per": 0.04241178184747696,
      "lambda_emo": 1.0,
      "lambda_asr": 0.0001,
      "lambda_per": 0.0
    },
    {
      "step": 8,
      "total": 3.4712295731544494,
      "emo": 3.4707183837890625,
      "asr": 5.111893653869629,
      "per": 0.05644859001040459,
      "lambda_emo": 1.0,
      "lambda_asr": 0.0001,
      "lambda_per": 0.0
    },
    {
      "step": 9,
      "total": 3.2282918711662294,
      "emo": 3.2277352809906006,
      "asr": 5.565901756286621,
      "per": 0.055812232196331024,
      "lambda_emo": 1.0,
      "lambda_asr": 0.0001,
      "lambda_per": 0.0
    },
    {
      "step": 10,
      "total": 2.9676349726676943,
      "emo": 2.9670941829681396,
      "asr": 5.407896995544434,
      "per": 0.04723227769136429,
      "lambda_emo": 1.0,
      "lambda_asr": 0.0001,
      "lambda_per": 0.0
    },
    {
      "step": 11,
      "total": 2.4100175245285036,
      "emo": 2.409426212310791,
      "asr": 5.913122177124023,
      "per": 0.04400041699409485,
      "lambda_emo": 1.0,
      "lambda_asr": 0.0001,
      "lambda_per": 0.0
    },
    {
      "step": 12,
      "total": 2.416690347480774,
      "emo": 2.4161486625671387,
      "asr": 5.416849136352539,
      "per": 0.04503939673304558,
      "lambda_emo": 1.0,
      "lambda_asr": 0.0001,
      "lambda_per": 0.0
    },
    {
      "step": 13,
      "total": 2.3410249755859374,
      "emo": 2.3404970169067383,
      "asr": 5.2795867919921875,
      "per": 0.04563503712415695,
      "lambda_emo": 1.0,
      "lambda_asr": 0.0001,
      "lambda_per": 0.0
    },
    {
      "step": 14,
      "total": 2.3829091814041137,
      "emo": 2.382401466369629,
      "asr": 5.077150344848633,
      "per": 0.05716980621218681,
      "lambda_emo": 1.0,
      "lambda_asr": 0.0001,
      "lambda_per": 0.0
    },
    {
      "step": 15,
      "total": 1.856762458372116,
      "emo": 1.8562111854553223,
      "asr": 5.512729167938232,
      "per": 0.04849858209490776,
      "lambda_emo": 1.0,
      "lambda_asr": 0.0001,
      "lambda_per": 0.0
    },
    {
      "step": 16,
      "total": 2.1843930983066557,
      "emo": 2.1838440895080566,
      "asr": 5.490087985992432,
      "per": 0.0543818473815918,
      "lambda_emo": 1.0,
      "lambda_asr": 0.0001,
      "lambda_per": 0.0
    },
    {
      "step": 17,
      "total": 2.1559989651203155,
      "emo": 2.155465602874756,
      "asr": 5.333622455596924,
      "per": 0.05574808642268181,
      "lambda_emo": 1.0,
      "lambda_asr": 0.0001,
      "lambda_per": 0.0
    },
    {
      "step": 18,
      "total": 2.0609358437538146,
      "emo": 2.0604071617126465,
      "asr": 5.286820411682129,
      "per": 0.05171496793627739,
      "lambda_emo": 1.0,
      "lambda_asr": 0.0001,
      "lambda_per": 0.0
    },
    {
      "step": 19,
      "total": 1.8463402953147887,
      "emo": 1.845792531967163,
      "asr": 5.477633476257324,
      "per": 0.04218388721346855,
      "lambda_emo": 1.0,
      "lambda_asr": 0.0001,
      "lambda_per": 0.0
    },
    {
      "step": 20,
      "total": 1.9161598286402226,
      "emo": 1.8633465766906738,
      "asr": 5.281266212463379,
      "per": 0.0589824914932251,
      "lambda_emo": 1.0,
      "lambda_asr": 0.01,
      "lambda_per": 1e-05
    },
    {
      "step": 21,
      "total": 1.9204299902492017,
      "emo": 1.8658530712127686,
      "asr": 5.457632064819336,
      "per": 0.05983882397413254,
      "lambda_emo": 1.0,
      "lambda_asr": 0.01,
      "lambda_per": 1e-05
    },
    {
      "step": 22,
      "total": 1.7950256872850656,
      "emo": 1.7426866292953491,
      "asr": 5.233859062194824,
      "per": 0.04673677682876587,
      "lambda_emo": 1.0,
      "lambda_asr": 0.01,
      "lambda_per": 1e-05
    },
    {
      "step": 23,
      "total": 1.7228959268980473,
      "emo": 1.670076847076416,
      "asr": 5.281863689422607,
      "per": 0.044292740523815155,
      "lambda_emo": 1.0,