{
  "sample_id": "04949_0007_sad_0007_001085",
  "path": "/data1/lixiang/OpenS2S_dataset/ESD/CN/0007/Sad/0007_001085.wav",
  "speaker_id": "0007",
  "ground_truth_emotion": "sad",
  "target_emotion": "happy",
  "emo_text_clean": [
    "Sad",
    "Sad",
    "\u8fd9\u6837\u65e0\u8f9c"
  ],
  "emo_text_adv": [
    "Happy",
    "happy",
    "happy"
  ],
  "emo_pred_clean": [
    "sad",
    "sad",
    ""
  ],
  "emo_pred_adv": [
    "happy",
    "happy",
    "happy"
  ],
  "asr_text_clean": "\u8fd9\u6837\u65e0\u8f9c",
  "asr_text_adv": "\u8fd9\u6837\u65e0\u8f9c",
  "success_emo": true,
  "wer": 0.0,
  "semantic_sim": 1.0,
  "semantic_preserved": true,
  "delta_linf": 0.008000001311302185,
  "delta_l2": 1.172211766242981,
  "snr_db": 15.079908168598886,
  "grad_norm_trace": [
    619.1035766601562,
    777.8619995117188,
    84.57736206054688,
    193.39385986328125,
    253.18878173828125,
    48.344017028808594,
    63.192726135253906,
    272.66400146484375,
    114.5209732055664,
    77.86972045898438,
    64.24003601074219,
    55.67232894897461,
    34.433834075927734,
    30.03778648376465,
    77.6153335571289,
    24.772518157958984,
    82.555419921875,
    164.615478515625,
    80.30489349365234,
    617.5117797851562,
    199.25802612304688,
    74.7596664428711,
    152.0246124267578,
    157.0203094482422,
    94.91506958007812,
    95.89655303955078,
    65.54429626464844,
    39.492000579833984,
    77.26666259765625,
    57.759857177734375,
    35.79468536376953,
    64.61316680908203,
    21.680683135986328,
    26.169416427612305,
    17.644702911376953,
    96.22135925292969,
    31.456037521362305,
    49.325439453125,
    17.09710693359375,
    13.410896301269531,
    26.826669692993164,
    24.87436294555664,
    18.95043182373047,
    65.59068298339844,
    21.820405960083008,
    15.763923645019531,
    17.349349975585938,
    353.9625549316406,
    65.18588256835938,
    628.672607421875,
    47.02954864501953,
    32.73713684082031,
    44.184410095214844,
    16.8338680267334,
    10.011785507202148,
    31.4939022064209,
    33.18790054321289,
    11.041730880737305,
    7.871466159820557,
    26.184534072875977
  ],
  "loss_trace": [
    {
      "step": 0,
      "total": 8.291441143122315,
      "emo": 8.291396141052246,
      "asr": 0.4500207006931305,
      "per": 0.0,
      "lambda_emo": 1.0,
      "lambda_asr": 0.0001,
      "lambda_per": 0.0
    },
    {
      "step": 1,
      "total": 6.548780686438084,
      "emo": 6.548713684082031,
      "asr": 0.6700235605239868,
      "per": 0.03266672417521477,
      "lambda_emo": 1.0,
      "lambda_asr": 0.0001,
      "lambda_per": 0.0
    },
    {
      "step": 2,
      "total": 5.744669763493538,
      "emo": 5.744626998901367,
      "asr": 0.4276459217071533,
      "per": 0.05312303826212883,
      "lambda_emo": 1.0,
      "lambda_asr": 0.0001,
      "lambda_per": 0.0
    },
    {
      "step": 3,
      "total": 4.411444412642718,
      "emo": 4.411404609680176,
      "asr": 0.398029625415802,
      "per": 0.04777320846915245,
      "lambda_emo": 1.0,
      "lambda_asr": 0.0001,
      "lambda_per": 0.0
    },
    {
      "step": 4,
      "total": 4.333767381453514,
      "emo": 4.333700180053711,
      "asr": 0.6720139980316162,
      "per": 0.056889355182647705,
      "lambda_emo": 1.0,
      "lambda_asr": 0.0001,
      "lambda_per": 0.0
    },
    {
      "step": 5,
      "total": 3.548345963573456,
      "emo": 3.548147678375244,
      "asr": 1.9828519821166992,
      "per": 0.05694948136806488,
      "lambda_emo": 1.0,
      "lambda_asr": 0.0001,
      "lambda_per": 0.0
    },
    {
      "step": 6,
      "total": 2.914550662612915,
      "emo": 2.914271831512451,
      "asr": 2.788311004638672,
      "per": 0.044009651988744736,
      "lambda_emo": 1.0,
      "lambda_asr": 0.0001,
      "lambda_per": 0.0
    },
    {
      "step": 7,
      "total": 3.8565428565740585,
      "emo": 3.8564510345458984,
      "asr": 0.9182202816009521,
      "per": 0.04429680109024048,
      "lambda_emo": 1.0,
      "lambda_asr": 0.0001,
      "lambda_per": 0.0
    },
    {
      "step": 8,
      "total": 3.246437417328358,
      "emo": 3.2462520599365234,
      "asr": 1.8535739183425903,
      "per": 0.04964180290699005,
      "lambda_emo": 1.0,
      "lambda_asr": 0.0001,
      "lambda_per": 0.0
    },
    {
      "step": 9,
      "total": 3.4279123919129373,
      "emo": 3.4278182983398438,
      "asr": 0.9409357309341431,
      "per": 0.0511154942214489,
      "lambda_emo": 1.0,
      "lambda_asr": 0.0001,
      "lambda_per": 0.0
    },
    {
      "step": 10,
      "total": 3.300438214826584,
      "emo": 3.3001885414123535,
      "asr": 2.496734142303467,
      "per": 0.05105183646082878,
      "lambda_emo": 1.0,
      "lambda_asr": 0.0001,
      "lambda_per": 0.0
    },
    {
      "step": 11,
      "total": 2.1247510025262835,
      "emo": 2.124569892883301,
      "asr": 1.811096429824829,
      "per": 0.04203769564628601,
      "lambda_emo": 1.0,
      "lambda_asr": 0.0001,
      "lambda_per": 0.0
    },
    {
      "step": 12,
      "total": 2.4142312889814375,
      "emo": 2.4139745235443115,
      "asr": 2.5676543712615967,
      "per": 0.04835181683301926,
      "lambda_emo": 1.0,
      "lambda_asr": 0.0001,
      "lambda_per": 0.0
    },
    {
      "step": 13,
      "total": 1.978422018790245,
      "emo": 1.9780998229980469,
      "asr": 3.2219579219818115,
      "per": 0.058423709124326706,
      "lambda_emo": 1.0,
      "lambda_asr": 0.0001,
      "lambda_per": 0.0
    },
    {
      "step": 14,
      "total": 2.189258452987671,
      "emo": 2.1892127990722656,
      "asr": 0.4565391540527344,
      "per": 0.045481324195861816,
      "lambda_emo": 1.0,
      "lambda_asr": 0.0001,
      "lambda_per": 0.0
    },
    {
      "step": 15,
      "total": 1.589604177737236,
      "emo": 1.589401125907898,
      "asr": 2.0305182933807373,
      "per": 0.04387948662042618,
      "lambda_emo": 1.0,
      "lambda_asr": 0.0001,
      "lambda_per": 0.0
    },
    {
      "step": 16,
      "total": 1.6516432580947875,
      "emo": 1.6515283584594727,
      "asr": 1.148996353149414,
      "per": 0.0463298074901104,
      "lambda_emo": 1.0,
      "lambda_asr": 0.0001,
      "lambda_per": 0.0
    },
    {
      "step": 17,
      "total": 2.6566036017656325,
      "emo": 2.65627384185791,
      "asr": 3.2975990772247314,
      "per": 0.05631503462791443,
      "lambda_emo": 1.0,
      "lambda_asr": 0.0001,
      "lambda_per": 0.0
    },
    {
      "step": 18,
      "total": 2.6043462688684462,
      "emo": 2.604057788848877,
      "asr": 2.8848001956939697,
      "per": 0.04268791526556015,
      "lambda_emo": 1.0,
      "lambda_asr": 0.0001,
      "lambda_per": 0.0
    },
    {
      "step": 19,
      "total": 4.425570964723826,
      "emo": 4.4255218505859375,
      "asr": 0.4911413788795471,
      "per": 0.043607812374830246,
      "lambda_emo": 1.0,
      "lambda_asr": 0.0001,
      "lambda_per": 0.0
    },
    {
      "step": 20,
      "total": 3.690293888539523,
      "emo": 3.6593856811523438,
      "asr": 3.090757131576538,
      "per": 0.06360714137554169,
      "lambda_emo": 1.0,
      "lambda_asr": 0.01,
      "lambda_per": 1e-05
    },
    {
      "step": 21,
      "total": 3.7252161631267517,
      "emo": 3.7073373794555664,
      "asr": 1.7878131866455078,
      "per": 0.0651804730296135,
      "lambda_emo": 1.0,
      "lambda_asr": 0.01,
      "lambda_per": 1e-05
    },
    {
      "step": 22,
      "total": 3.328217086511813,
      "emo": 3.3141698837280273,
      "asr": 1.4046757221221924,
      "per": 0.044556256383657455,
      "lambda_emo": 1.0,
      "lambda_asr": 0.01,
      "lambda_per": 1e-05
    },
    {
      "step": 23,
      "total": 2.8197814214319736,
      "emo": 2.794480323791504,
      "asr": 2.530061721801758,
      "per": 0.04804224520921707,
      "lambda_emo": 1.0,
      "lambda_asr": 0.01,
      "lambda_per": 1e-05
    },
    {
      "step": 24,