{
  "sample_id": "04988_0007_sad_0007_001224",
  "path": "/data1/lixiang/OpenS2S_dataset/ESD/CN/0007/Sad/0007_001224.wav",
  "speaker_id": "0007",
  "ground_truth_emotion": "sad",
  "target_emotion": "happy",
  "emo_text_clean": [
    "Sad",
    "Sad",
    "\u8fd9\u786e\u5b9e\u662f\u4e2a\u5927\u6570\u76ee"
  ],
  "emo_text_adv": [
    "Happy",
    "happy",
    "happy"
  ],
  "emo_pred_clean": [
    "sad",
    "sad",
    ""
  ],
  "emo_pred_adv": [
    "happy",
    "happy",
    "happy"
  ],
  "asr_text_clean": "\u5979\u5728\u8fd9\u6b21\u7ade\u9009",
  "asr_text_adv": "\u5979\u4e3a\u7ec7\u9526\u7f0e",
  "success_emo": true,
  "wer": 1.0,
  "semantic_sim": 0.4090866446495056,
  "semantic_preserved": false,
  "delta_linf": 0.008000001311302185,
  "delta_l2": 1.1658515930175781,
  "snr_db": 14.306071780832259,
  "grad_norm_trace": [
    481.6907958984375,
    250.23341369628906,
    166.756591796875,
    150.39305114746094,
    82.45258331298828,
    87.25254821777344,
    80.15626525878906,
    143.1728973388672,
    122.94861602783203,
    73.9918212890625,
    122.10248565673828,
    89.55902099609375,
    223.09471130371094,
    259.3555908203125,
    60.66838836669922,
    53.57875061035156,
    52.36565399169922,
    38.487579345703125,
    30.29888916015625,
    31.144065856933594,
    53.03271484375,
    52.071651458740234,
    69.82819366455078,
    39.14140319824219,
    52.125038146972656,
    28.379404067993164,
    26.197765350341797,
    21.769765853881836,
    26.640705108642578,
    45.72380828857422,
    63.31464767456055,
    59.111820220947266,
    56.59920883178711,
    43.877567291259766,
    24.842613220214844,
    28.189847946166992,
    33.39780807495117,
    48.485633850097656,
    24.353796005249023,
    81.69715118408203,
    50.65254211425781,
    37.78224563598633,
    19.658794403076172,
    58.52531433105469,
    28.724668502807617,
    28.489334106445312,
    26.661325454711914,
    20.61839485168457,
    26.148183822631836,
    45.62407684326172,
    54.415977478027344,
    22.684123992919922,
    26.187854766845703,
    29.08257484436035,
    21.15782928466797,
    28.742788314819336,
    15.301352500915527,
    41.17155456542969,
    17.690893173217773,
    28.96076774597168
  ],
  "loss_trace": [
    {
      "step": 0,
      "total": 10.86800397129804,
      "emo": 10.86799430847168,
      "asr": 0.09662826359272003,
      "per": 0.0,
      "lambda_emo": 1.0,
      "lambda_asr": 0.0001,
      "lambda_per": 0.0
    },
    {
      "step": 1,
      "total": 8.02632134706229,
      "emo": 8.02630615234375,
      "asr": 0.15194718539714813,
      "per": 0.027142828330397606,
      "lambda_emo": 1.0,
      "lambda_asr": 0.0001,
      "lambda_per": 0.0
    },
    {
      "step": 2,
      "total": 7.04254926841259,
      "emo": 7.042536735534668,
      "asr": 0.12532877922058105,
      "per": 0.03758798539638519,
      "lambda_emo": 1.0,
      "lambda_asr": 0.0001,
      "lambda_per": 0.0
    },
    {
      "step": 3,
      "total": 7.3638632752597335,
      "emo": 7.363848686218262,
      "asr": 0.14589041471481323,
      "per": 0.03572901338338852,
      "lambda_emo": 1.0,
      "lambda_asr": 0.0001,
      "lambda_per": 0.0
    },
    {
      "step": 4,
      "total": 5.396300744795799,
      "emo": 5.396234035491943,
      "asr": 0.66709303855896,
      "per": 0.032350871711969376,
      "lambda_emo": 1.0,
      "lambda_asr": 0.0001,
      "lambda_per": 0.0
    },
    {
      "step": 5,
      "total": 4.668689849996567,
      "emo": 4.668662071228027,
      "asr": 0.2777876853942871,
      "per": 0.04313722252845764,
      "lambda_emo": 1.0,
      "lambda_asr": 0.0001,
      "lambda_per": 0.0
    },
    {
      "step": 6,
      "total": 4.295354041272402,
      "emo": 4.295316696166992,
      "asr": 0.3734510540962219,
      "per": 0.0382360965013504,
      "lambda_emo": 1.0,
      "lambda_asr": 0.0001,
      "lambda_per": 0.0
    },
    {
      "step": 7,
      "total": 4.127305148231983,
      "emo": 4.127105712890625,
      "asr": 1.9943534135818481,
      "per": 0.043263696134090424,
      "lambda_emo": 1.0,
      "lambda_asr": 0.0001,
      "lambda_per": 0.0
    },
    {
      "step": 8,
      "total": 3.2806750839948653,
      "emo": 3.28033709526062,
      "asr": 3.379887342453003,
      "per": 0.04907827824354172,
      "lambda_emo": 1.0,
      "lambda_asr": 0.0001,
      "lambda_per": 0.0
    },
    {
      "step": 9,
      "total": 3.3134046310186385,
      "emo": 3.313140869140625,
      "asr": 2.6376187801361084,
      "per": 0.03359145298600197,
      "lambda_emo": 1.0,
      "lambda_asr": 0.0001,
      "lambda_per": 0.0
    },
    {
      "step": 10,
      "total": 2.9055234785079955,
      "emo": 2.90519380569458,
      "asr": 3.2967281341552734,
      "per": 0.047132574021816254,
      "lambda_emo": 1.0,
      "lambda_asr": 0.0001,
      "lambda_per": 0.0
    },
    {
      "step": 11,
      "total": 3.358811113476753,
      "emo": 3.3585031032562256,
      "asr": 3.0801022052764893,
      "per": 0.04019610583782196,
      "lambda_emo": 1.0,
      "lambda_asr": 0.0001,
      "lambda_per": 0.0
    },
    {
      "step": 12,
      "total": 2.938030059456825,
      "emo": 2.9377658367156982,
      "asr": 2.6422274112701416,
      "per": 0.04909936711192131,
      "lambda_emo": 1.0,
      "lambda_asr": 0.0001,
      "lambda_per": 0.0
    },
    {
      "step": 13,
      "total": 5.1610619713068004,
      "emo": 5.1608734130859375,
      "asr": 1.8855822086334229,
      "per": 0.03752012178301811,
      "lambda_emo": 1.0,
      "lambda_asr": 0.0001,
      "lambda_per": 0.0
    },
    {
      "step": 14,
      "total": 3.586136911940575,
      "emo": 3.585864543914795,
      "asr": 2.723680257797241,
      "per": 0.04055854678153992,
      "lambda_emo": 1.0,
      "lambda_asr": 0.0001,
      "lambda_per": 0.0
    },
    {
      "step": 15,
      "total": 2.436943923997879,
      "emo": 2.4366698265075684,
      "asr": 2.7409749031066895,
      "per": 0.049433037638664246,
      "lambda_emo": 1.0,
      "lambda_asr": 0.0001,
      "lambda_per": 0.0
    },
    {
      "step": 16,
      "total": 2.3513592057704926,
      "emo": 2.351113796234131,
      "asr": 2.4540953636169434,
      "per": 0.05128621309995651,
      "lambda_emo": 1.0,
      "lambda_asr": 0.0001,
      "lambda_per": 0.0
    },
    {
      "step": 17,
      "total": 2.4396325647830963,
      "emo": 2.4391965866088867,
      "asr": 4.359781742095947,
      "per": 0.03863925859332085,
      "lambda_emo": 1.0,
      "lambda_asr": 0.0001,
      "lambda_per": 0.0
    },
    {
      "step": 18,
      "total": 2.387486908197403,
      "emo": 2.3870315551757812,
      "asr": 4.553530216217041,
      "per": 0.04869231581687927,
      "lambda_emo": 1.0,
      "lambda_asr": 0.0001,
      "lambda_per": 0.0
    },
    {
      "step": 19,
      "total": 2.453630312395096,
      "emo": 2.4531633853912354,
      "asr": 4.669270038604736,
      "per": 0.04082658141851425,
      "lambda_emo": 1.0,
      "lambda_asr": 0.0001,
      "lambda_per": 0.0
    },
    {
      "step": 20,
      "total": 2.207770259694308,
      "emo": 2.1599998474121094,
      "asr": 4.777004241943359,
      "per": 0.036986276507377625,
      "lambda_emo": 1.0,
      "lambda_asr": 0.01,
      "lambda_per": 1e-05
    },
    {
      "step": 21,
      "total": 2.4268573316891118,
      "emo": 2.375735282897949,
      "asr": 5.112156867980957,
      "per": 0.048011135309934616,
      "lambda_emo": 1.0,
      "lambda_asr": 0.01,
      "lambda_per": 1e-05
    },
    {
      "step": 22,
      "total": 2.0096692197082193,
      "emo": 1.9481399059295654,
      "asr": 6.152885437011719,
      "per": 0.04594085365533829,
      "lambda_emo": 1.0,
      "lambda_asr": 0.01,
      "lambda_per": 1e-05
    },
    {
      "step": 23,
      "total": 2.2401469254925845,
      "emo": 2.189316987991333,
      "asr": 5.082955837249756,
      "per": 0.03791287541389465,
      "lambda_emo": 1.0,