{
  "sample_id": "05014_0007_sad_0007_001263",
  "path": "/data1/lixiang/OpenS2S_dataset/ESD/CN/0007/Sad/0007_001263.wav",
  "speaker_id": "0007",
  "ground_truth_emotion": "sad",
  "target_emotion": "happy",
  "emo_text_clean": [
    "Sad",
    "Sad",
    "\u88c1\u5224\u5168\u7ed9\u4e86\u6ee1\u5206"
  ],
  "emo_text_adv": [
    "Happy",
    "happy",
    "happy"
  ],
  "emo_pred_clean": [
    "sad",
    "sad",
    ""
  ],
  "emo_pred_adv": [
    "happy",
    "happy",
    "happy"
  ],
  "asr_text_clean": "\u88c1\u5224\u5168\u7ed9\u4e86\u6ee1\u5206",
  "asr_text_adv": "\u6d77\u6ee9",
  "success_emo": true,
  "wer": 1.0,
  "semantic_sim": 0.17166058719158173,
  "semantic_preserved": false,
  "delta_linf": 0.008000001311302185,
  "delta_l2": 1.0609716176986694,
  "snr_db": 13.120268000088018,
  "grad_norm_trace": [
    930.3134765625,
    228.220947265625,
    56.93117904663086,
    81.35350036621094,
    73.96305847167969,
    80.24018859863281,
    61.88595962524414,
    61.34027862548828,
    45.37944793701172,
    85.6197738647461,
    86.97639465332031,
    30.308515548706055,
    27.537389755249023,
    38.28837966918945,
    26.559831619262695,
    32.28298568725586,
    248.4408721923828,
    49.78999328613281,
    21.637304306030273,
    45.76031494140625,
    27.09718894958496,
    43.90184783935547,
    33.86369705200195,
    32.124000549316406,
    13.322402954101562,
    39.33952713012695,
    24.1722412109375,
    24.193458557128906,
    27.83303451538086,
    23.43726348876953,
    13.795858383178711,
    30.083528518676758,
    13.251440048217773,
    95.59696960449219,
    21.58930778503418,
    55.7494010925293,
    55.40120315551758,
    19.198284149169922,
    25.75054931640625,
    32.772117614746094,
    12.64798641204834,
    10.337320327758789,
    13.321099281311035,
    21.833398818969727,
    31.234594345092773,
    51.692081451416016,
    28.203876495361328,
    18.869110107421875,
    17.110692977905273,
    75.63887786865234,
    88.24797821044922,
    39.6118278503418,
    37.60502243041992,
    21.624427795410156,
    13.242521286010742,
    19.261714935302734,
    25.385507583618164,
    13.196910858154297,
    13.875748634338379,
    46.83344650268555
  ],
  "loss_trace": [
    {
      "step": 0,
      "total": 7.537327691661567,
      "emo": 7.537320137023926,
      "asr": 0.07554637640714645,
      "per": 0.0,
      "lambda_emo": 1.0,
      "lambda_asr": 0.0001,
      "lambda_per": 0.0
    },
    {
      "step": 1,
      "total": 4.94071033718586,
      "emo": 4.940669059753418,
      "asr": 0.41277432441711426,
      "per": 0.05283310264348984,
      "lambda_emo": 1.0,
      "lambda_asr": 0.0001,
      "lambda_per": 0.0
    },
    {
      "step": 2,
      "total": 3.4093309244155883,
      "emo": 3.4086241722106934,
      "asr": 7.067522048950195,
      "per": 0.04012007266283035,
      "lambda_emo": 1.0,
      "lambda_asr": 0.0001,
      "lambda_per": 0.0
    },
    {
      "step": 3,
      "total": 3.2146200526714326,
      "emo": 3.2139601707458496,
      "asr": 6.598819255828857,
      "per": 0.05742726847529411,
      "lambda_emo": 1.0,
      "lambda_asr": 0.0001,
      "lambda_per": 0.0
    },
    {
      "step": 4,
      "total": 2.6514118440628054,
      "emo": 2.650644302368164,
      "asr": 7.675416946411133,
      "per": 0.056068625301122665,
      "lambda_emo": 1.0,
      "lambda_asr": 0.0001,
      "lambda_per": 0.0
    },
    {
      "step": 5,
      "total": 2.237256496334076,
      "emo": 2.236459493637085,
      "asr": 7.970026969909668,
      "per": 0.050533995032310486,
      "lambda_emo": 1.0,
      "lambda_asr": 0.0001,
      "lambda_per": 0.0
    },
    {
      "step": 6,
      "total": 1.4375983841896056,
      "emo": 1.4368128776550293,
      "asr": 7.85506534576416,
      "per": 0.05759824812412262,
      "lambda_emo": 1.0,
      "lambda_asr": 0.0001,
      "lambda_per": 0.0
    },
    {
      "step": 7,
      "total": 1.1645108387947083,
      "emo": 1.1637252569198608,
      "asr": 7.855818748474121,
      "per": 0.04229464381933212,
      "lambda_emo": 1.0,
      "lambda_asr": 0.0001,
      "lambda_per": 0.0
    },
    {
      "step": 8,
      "total": 1.7463232696533204,
      "emo": 1.7454652786254883,
      "asr": 8.579910278320312,
      "per": 0.0454200878739357,
      "lambda_emo": 1.0,
      "lambda_asr": 0.0001,
      "lambda_per": 0.0
    },
    {
      "step": 9,
      "total": 1.1049577731132507,
      "emo": 1.1040732860565186,
      "asr": 8.844870567321777,
      "per": 0.049341779202222824,
      "lambda_emo": 1.0,
      "lambda_asr": 0.0001,
      "lambda_per": 0.0
    },
    {
      "step": 10,
      "total": 1.849953956747055,
      "emo": 1.8492010831832886,
      "asr": 7.528735637664795,
      "per": 0.053702618926763535,
      "lambda_emo": 1.0,
      "lambda_asr": 0.0001,
      "lambda_per": 0.0
    },
    {
      "step": 11,
      "total": 1.4944726224899292,
      "emo": 1.4936606884002686,
      "asr": 8.119340896606445,
      "per": 0.056675441563129425,
      "lambda_emo": 1.0,
      "lambda_asr": 0.0001,
      "lambda_per": 0.0
    },
    {
      "step": 12,
      "total": 1.1522586228370666,
      "emo": 1.151445746421814,
      "asr": 8.128764152526855,
      "per": 0.04984850808978081,
      "lambda_emo": 1.0,
      "lambda_asr": 0.0001,
      "lambda_per": 0.0
    },
    {
      "step": 13,
      "total": 1.1491052646636963,
      "emo": 1.1481857299804688,
      "asr": 9.19534683227539,
      "per": 0.04059427231550217,
      "lambda_emo": 1.0,
      "lambda_asr": 0.0001,
      "lambda_per": 0.0
    },
    {
      "step": 14,
      "total": 1.0652308979034424,
      "emo": 1.0643424987792969,
      "asr": 8.883991241455078,
      "per": 0.05007446929812431,
      "lambda_emo": 1.0,
      "lambda_asr": 0.0001,
      "lambda_per": 0.0
    },
    {
      "step": 15,
      "total": 1.1059542230606079,
      "emo": 1.1050989627838135,
      "asr": 8.552602767944336,
      "per": 0.04880201816558838,
      "lambda_emo": 1.0,
      "lambda_asr": 0.0001,
      "lambda_per": 0.0
    },
    {
      "step": 16,
      "total": 1.132135202550888,
      "emo": 1.1313607692718506,
      "asr": 7.744332790374756,
      "per": 0.04017830640077591,
      "lambda_emo": 1.0,
      "lambda_asr": 0.0001,
      "lambda_per": 0.0
    },
    {
      "step": 17,
      "total": 1.7525040537834167,
      "emo": 1.7516969442367554,
      "asr": 8.07109546661377,
      "per": 0.04031672701239586,
      "lambda_emo": 1.0,
      "lambda_asr": 0.0001,
      "lambda_per": 0.0
    },
    {
      "step": 18,
      "total": 1.069604714012146,
      "emo": 1.0687386989593506,
      "asr": 8.660150527954102,
      "per": 0.05250135809183121,
      "lambda_emo": 1.0,
      "lambda_asr": 0.0001,
      "lambda_per": 0.0
    },
    {
      "step": 19,
      "total": 1.0330296185493468,
      "emo": 1.0321624279022217,
      "asr": 8.671906471252441,
      "per": 0.047836363315582275,
      "lambda_emo": 1.0,
      "lambda_asr": 0.0001,
      "lambda_per": 0.0
    },
    {
      "step": 20,
      "total": 1.0759917475030945,
      "emo": 0.9893954992294312,
      "asr": 8.65958309173584,
      "per": 0.041735630482435226,
      "lambda_emo": 1.0,
      "lambda_asr": 0.01,
      "lambda_per": 1e-05
    },
    {
      "step": 21,
      "total": 1.0040369723876565,
      "emo": 0.9186439514160156,
      "asr": 8.539251327514648,
      "per": 0.05076964944601059,
      "lambda_emo": 1.0,
      "lambda_asr": 0.01,
      "lambda_per": 1e-05
    },
    {
      "step": 22,
      "total": 1.3712930287681149,
      "emo": 1.290307641029358,
      "asr": 8.09848690032959,
      "per": 0.051873546093702316,
      "lambda_emo": 1.0,
      "lambda_asr": 0.01,
      "lambda_per": 1e-05
    },
    {
      "step": 23,
      "total": 1.1100312809919566,
      "emo": 1.0296909809112549,
      "asr": 8.033987045288086,
      "per": 0.042962782084941864,
      "lambda_emo": 1.0,
      "lambda_asr": 0.01,