{
  "sample_id": "05039_0007_sad_0007_001163",
  "path": "/data1/lixiang/OpenS2S_dataset/ESD/CN/0007/Sad/0007_001163.wav",
  "speaker_id": "0007",
  "ground_truth_emotion": "sad",
  "target_emotion": "happy",
  "emo_text_clean": [
    "Sad",
    "Sad",
    "\u4f60\u542c\u8d77\u6765"
  ],
  "emo_text_adv": [
    "happy",
    "happy",
    "happy"
  ],
  "emo_pred_clean": [
    "sad",
    "sad",
    ""
  ],
  "emo_pred_adv": [
    "happy",
    "happy",
    "happy"
  ],
  "asr_text_clean": "\u4f60\u542c\u8d77\u6765",
  "asr_text_adv": "\u9a6c\u5229\u548c\u5979\u7684\u642d\u6863",
  "success_emo": true,
  "wer": 1.0,
  "semantic_sim": 0.27266183495521545,
  "semantic_preserved": false,
  "delta_linf": 0.008000001311302185,
  "delta_l2": 1.2470424175262451,
  "snr_db": 13.72428059400548,
  "grad_norm_trace": [
    1939.7508544921875,
    116.4214859008789,
    120.61096954345703,
    175.38812255859375,
    52.90138244628906,
    58.98188018798828,
    87.31013488769531,
    56.35411071777344,
    130.73074340820312,
    180.94464111328125,
    69.40125274658203,
    91.44686889648438,
    44.492652893066406,
    45.032657623291016,
    19.426284790039062,
    29.32682228088379,
    60.69448471069336,
    41.31721496582031,
    64.92045593261719,
    40.11973190307617,
    25.643917083740234,
    20.919673919677734,
    25.655426025390625,
    51.91189193725586,
    20.293874740600586,
    49.4827995300293,
    22.905799865722656,
    24.559200286865234,
    53.16245651245117,
    71.08081817626953,
    85.47197723388672,
    28.255043029785156,
    37.95064163208008,
    17.306407928466797,
    36.816322326660156,
    30.323041915893555,
    49.66777801513672,
    29.053306579589844,
    36.96664810180664,
    53.6806755065918,
    56.255550384521484,
    27.4713134765625,
    22.426647186279297,
    16.813032150268555,
    19.628747940063477,
    22.190494537353516,
    16.67121696472168,
    15.68988037109375,
    14.704057693481445,
    19.920867919921875,
    22.405332565307617,
    25.800395965576172,
    32.45380401611328,
    24.117328643798828,
    34.803646087646484,
    33.219913482666016,
    14.6500825881958,
    20.470651626586914,
    15.829870223999023,
    31.78639793395996
  ],
  "loss_trace": [
    {
      "step": 0,
      "total": 6.696556107616424,
      "emo": 6.696490287780762,
      "asr": 0.658198356628418,
      "per": 0.0,
      "lambda_emo": 1.0,
      "lambda_asr": 0.0001,
      "lambda_per": 0.0
    },
    {
      "step": 1,
      "total": 2.841988200378418,
      "emo": 2.8417696952819824,
      "asr": 2.1850509643554688,
      "per": 0.05966726690530777,
      "lambda_emo": 1.0,
      "lambda_asr": 0.0001,
      "lambda_per": 0.0
    },
    {
      "step": 2,
      "total": 3.412495286941528,
      "emo": 3.4120192527770996,
      "asr": 4.760341644287109,
      "per": 0.058597348630428314,
      "lambda_emo": 1.0,
      "lambda_asr": 0.0001,
      "lambda_per": 0.0
    },
    {
      "step": 3,
      "total": 3.095094171524048,
      "emo": 3.0946757793426514,
      "asr": 4.183921813964844,
      "per": 0.044731926172971725,
      "lambda_emo": 1.0,
      "lambda_asr": 0.0001,
      "lambda_per": 0.0
    },
    {
      "step": 4,
      "total": 2.8764901042461397,
      "emo": 2.8760147094726562,
      "asr": 4.753947734832764,
      "per": 0.06584936380386353,
      "lambda_emo": 1.0,
      "lambda_asr": 0.0001,
      "lambda_per": 0.0
    },
    {
      "step": 5,
      "total": 2.7919417526245116,
      "emo": 2.791433334350586,
      "asr": 5.0841827392578125,
      "per": 0.05304369330406189,
      "lambda_emo": 1.0,
      "lambda_asr": 0.0001,
      "lambda_per": 0.0
    },
    {
      "step": 6,
      "total": 2.4908807964324953,
      "emo": 2.4903883934020996,
      "asr": 4.924030303955078,
      "per": 0.06043030321598053,
      "lambda_emo": 1.0,
      "lambda_asr": 0.0001,
      "lambda_per": 0.0
    },
    {
      "step": 7,
      "total": 2.336747317457199,
      "emo": 2.336263656616211,
      "asr": 4.836608409881592,
      "per": 0.048118382692337036,
      "lambda_emo": 1.0,
      "lambda_asr": 0.0001,
      "lambda_per": 0.0
    },
    {
      "step": 8,
      "total": 2.1858204871177676,
      "emo": 2.1853108406066895,
      "asr": 5.096465110778809,
      "per": 0.046388085931539536,
      "lambda_emo": 1.0,
      "lambda_asr": 0.0001,
      "lambda_per": 0.0
    },
    {
      "step": 9,
      "total": 2.5440192269802093,
      "emo": 2.543612480163574,
      "asr": 4.067468166351318,
      "per": 0.0646979957818985,
      "lambda_emo": 1.0,
      "lambda_asr": 0.0001,
      "lambda_per": 0.0
    },
    {
      "step": 10,
      "total": 2.0378232807159424,
      "emo": 2.037344455718994,
      "asr": 4.788249969482422,
      "per": 0.06392879784107208,
      "lambda_emo": 1.0,
      "lambda_asr": 0.0001,
      "lambda_per": 0.0
    },
    {
      "step": 11,
      "total": 2.081433001613617,
      "emo": 2.080936908721924,
      "asr": 4.960928916931152,
      "per": 0.06361094117164612,
      "lambda_emo": 1.0,
      "lambda_asr": 0.0001,
      "lambda_per": 0.0
    },
    {
      "step": 12,
      "total": 2.09920267457962,
      "emo": 2.0987744331359863,
      "asr": 4.282414436340332,
      "per": 0.051411643624305725,
      "lambda_emo": 1.0,
      "lambda_asr": 0.0001,
      "lambda_per": 0.0
    },
    {
      "step": 13,
      "total": 2.372018356561661,
      "emo": 2.371584892272949,
      "asr": 4.3346428871154785,
      "per": 0.053989242762327194,
      "lambda_emo": 1.0,
      "lambda_asr": 0.0001,
      "lambda_per": 0.0
    },
    {
      "step": 14,
      "total": 1.7513987481594087,
      "emo": 1.7508831024169922,
      "asr": 5.156457424163818,
      "per": 0.054032787680625916,
      "lambda_emo": 1.0,
      "lambda_asr": 0.0001,
      "lambda_per": 0.0
    },
    {
      "step": 15,
      "total": 1.5391971115112304,
      "emo": 1.5387275218963623,
      "asr": 4.695896148681641,
      "per": 0.05380403250455856,
      "lambda_emo": 1.0,
      "lambda_asr": 0.0001,
      "lambda_per": 0.0
    },
    {
      "step": 16,
      "total": 2.023382954454422,
      "emo": 2.0229196548461914,
      "asr": 4.632996082305908,
      "per": 0.058308348059654236,
      "lambda_emo": 1.0,
      "lambda_asr": 0.0001,
      "lambda_per": 0.0
    },
    {
      "step": 17,
      "total": 1.5130110183238983,
      "emo": 1.5124790668487549,
      "asr": 5.319514751434326,
      "per": 0.05280129238963127,
      "lambda_emo": 1.0,
      "lambda_asr": 0.0001,
      "lambda_per": 0.0
    },
    {
      "step": 18,
      "total": 1.9771282696723937,
      "emo": 1.9767073392868042,
      "asr": 4.209303855895996,
      "per": 0.06429346650838852,
      "lambda_emo": 1.0,
      "lambda_asr": 0.0001,
      "lambda_per": 0.0
    },
    {
      "step": 19,
      "total": 2.090188028335571,
      "emo": 2.0897021293640137,
      "asr": 4.858989715576172,
      "per": 0.05684194713830948,
      "lambda_emo": 1.0,
      "lambda_asr": 0.0001,
      "lambda_per": 0.0
    },
    {
      "step": 20,
      "total": 1.7373441862884909,
      "emo": 1.6863445043563843,
      "asr": 5.099920749664307,
      "per": 0.04744354635477066,
      "lambda_emo": 1.0,
      "lambda_asr": 0.01,
      "lambda_per": 1e-05
    },
    {
      "step": 21,
      "total": 1.573415442422256,
      "emo": 1.5196106433868408,
      "asr": 5.380419731140137,
      "per": 0.06017240136861801,
      "lambda_emo": 1.0,
      "lambda_asr": 0.01,
      "lambda_per": 1e-05
    },
    {
      "step": 22,
      "total": 1.3867852397266773,
      "emo": 1.3342549800872803,
      "asr": 5.2529826164245605,
      "per": 0.04334751516580582,
      "lambda_emo": 1.0,
      "lambda_asr": 0.01,
      "lambda_per": 1e-05
    },
    {
      "step": 23,
      "total": 1.328095353494063,
      "emo": 1.278923749923706,
      "asr": 4.917116165161133,
      "per": 0.044191874563694,
      "lambda_emo": 1.0,
      "lambda_asr": 0.01,