{
  "sample_id": "05064_0007_sad_0007_001371",
  "path": "/data1/lixiang/OpenS2S_dataset/ESD/CN/0007/Sad/0007_001371.wav",
  "speaker_id": "0007",
  "ground_truth_emotion": "sad",
  "target_emotion": "happy",
  "emo_text_clean": [
    "Sad",
    "Sad",
    "\u542c\u8d77\u6765"
  ],
  "emo_text_adv": [
    "happy",
    "happy",
    "happy"
  ],
  "emo_pred_clean": [
    "sad",
    "sad",
    ""
  ],
  "emo_pred_adv": [
    "happy",
    "happy",
    "happy"
  ],
  "asr_text_clean": "\u4f60\u628a\u6211\u7ed5\u6655\u4e86",
  "asr_text_adv": "\u4f60\u628a\u6211\u7ed5\u6655\u4e86",
  "success_emo": true,
  "wer": 0.0,
  "semantic_sim": 1.0,
  "semantic_preserved": true,
  "delta_linf": 0.008000001311302185,
  "delta_l2": 1.2987526655197144,
  "snr_db": 10.77603820489472,
  "grad_norm_trace": [
    6609.765625,
    269.8522033691406,
    184.18504333496094,
    87.91807556152344,
    80.28057861328125,
    130.5054473876953,
    284.4144592285156,
    71.48802185058594,
    88.50911712646484,
    184.29742431640625,
    146.3235321044922,
    78.80728912353516,
    81.49004364013672,
    74.69076538085938,
    101.97481536865234,
    217.55459594726562,
    141.75833129882812,
    111.7950668334961,
    77.5781478881836,
    284.4147644042969,
    207.3182373046875,
    277.26904296875,
    76.73294830322266,
    59.78181457519531,
    24.485057830810547,
    92.65682220458984,
    44.57536697387695,
    113.77197265625,
    48.00341796875,
    62.2368278503418,
    191.33497619628906,
    33.30936050415039,
    29.386507034301758,
    25.354604721069336,
    49.0752067565918,
    103.89513397216797,
    61.50082015991211,
    112.8398208618164,
    46.392860412597656,
    33.77760696411133,
    107.85340118408203,
    27.786489486694336,
    25.64112663269043,
    19.271371841430664,
    99.76089477539062,
    25.75510597229004,
    24.000633239746094,
    14.697728157043457,
    17.78390121459961,
    16.13791847229004,
    8.12763786315918,
    28.920747756958008,
    12.043428421020508,
    14.762480735778809,
    7.0944294929504395,
    5.915165424346924,
    13.43407917022705,
    56.83049774169922,
    26.315561294555664,
    44.21017074584961
  ],
  "loss_trace": [
    {
      "step": 0,
      "total": 9.988884384816885,
      "emo": 9.988845825195312,
      "asr": 0.38559621572494507,
      "per": 0.0,
      "lambda_emo": 1.0,
      "lambda_asr": 0.0001,
      "lambda_per": 0.0
    },
    {
      "step": 1,
      "total": 4.755747913223505,
      "emo": 4.755695819854736,
      "asr": 0.5209336876869202,
      "per": 0.06994006037712097,
      "lambda_emo": 1.0,
      "lambda_asr": 0.0001,
      "lambda_per": 0.0
    },
    {
      "step": 2,
      "total": 3.9306211783766747,
      "emo": 3.930525541305542,
      "asr": 0.9563707113265991,
      "per": 0.06177743524312973,
      "lambda_emo": 1.0,
      "lambda_asr": 0.0001,
      "lambda_per": 0.0
    },
    {
      "step": 3,
      "total": 2.964173676753044,
      "emo": 2.9640586376190186,
      "asr": 1.1503913402557373,
      "per": 0.05686759948730469,
      "lambda_emo": 1.0,
      "lambda_asr": 0.0001,
      "lambda_per": 0.0
    },
    {
      "step": 4,
      "total": 1.667816506844759,
      "emo": 1.6677368879318237,
      "asr": 0.7961891293525696,
      "per": 0.0515444278717041,
      "lambda_emo": 1.0,
      "lambda_asr": 0.0001,
      "lambda_per": 0.0
    },
    {
      "step": 5,
      "total": 2.969685253161192,
      "emo": 2.969637632369995,
      "asr": 0.4762079119682312,
      "per": 0.06633316725492477,
      "lambda_emo": 1.0,
      "lambda_asr": 0.0001,
      "lambda_per": 0.0
    },
    {
      "step": 6,
      "total": 2.0684681005775927,
      "emo": 2.0684359073638916,
      "asr": 0.3219321370124817,
      "per": 0.0509704053401947,
      "lambda_emo": 1.0,
      "lambda_asr": 0.0001,
      "lambda_per": 0.0
    },
    {
      "step": 7,
      "total": 2.8582257173776626,
      "emo": 2.8581080436706543,
      "asr": 1.1767370700836182,
      "per": 0.051658716052770615,
      "lambda_emo": 1.0,
      "lambda_asr": 0.0001,
      "lambda_per": 0.0
    },
    {
      "step": 8,
      "total": 1.935850883114338,
      "emo": 1.9357001781463623,
      "asr": 1.5070496797561646,
      "per": 0.07105479389429092,
      "lambda_emo": 1.0,
      "lambda_asr": 0.0001,
      "lambda_per": 0.0
    },
    {
      "step": 9,
      "total": 3.201455451130867,
      "emo": 3.2012767791748047,
      "asr": 1.786719560623169,
      "per": 0.0504613071680069,
      "lambda_emo": 1.0,
      "lambda_asr": 0.0001,
      "lambda_per": 0.0
    },
    {
      "step": 10,
      "total": 2.6530935295462608,
      "emo": 2.6529130935668945,
      "asr": 1.804359793663025,
      "per": 0.0525343231856823,
      "lambda_emo": 1.0,
      "lambda_asr": 0.0001,
      "lambda_per": 0.0
    },
    {
      "step": 11,
      "total": 3.1464830727458,
      "emo": 3.146331787109375,
      "asr": 1.512856364250183,
      "per": 0.05409102141857147,
      "lambda_emo": 1.0,
      "lambda_asr": 0.0001,
      "lambda_per": 0.0
    },
    {
      "step": 12,
      "total": 3.623773293864727,
      "emo": 3.6236419677734375,
      "asr": 1.3132609128952026,
      "per": 0.05423129349946976,
      "lambda_emo": 1.0,
      "lambda_asr": 0.0001,
      "lambda_per": 0.0
    },
    {
      "step": 13,
      "total": 3.003358514368534,
      "emo": 3.003159999847412,
      "asr": 1.9851452112197876,
      "per": 0.06622296571731567,
      "lambda_emo": 1.0,
      "lambda_asr": 0.0001,
      "lambda_per": 0.0
    },
    {
      "step": 14,
      "total": 2.5740845977544784,
      "emo": 2.573960065841675,
      "asr": 1.245319128036499,
      "per": 0.05777392536401749,
      "lambda_emo": 1.0,
      "lambda_asr": 0.0001,
      "lambda_per": 0.0
    },
    {
      "step": 15,
      "total": 2.1017314971804617,
      "emo": 2.1015915870666504,
      "asr": 1.3991011381149292,
      "per": 0.06567694991827011,
      "lambda_emo": 1.0,
      "lambda_asr": 0.0001,
      "lambda_per": 0.0
    },
    {
      "step": 16,
      "total": 3.4042361552000044,
      "emo": 3.4041097164154053,
      "asr": 1.264387845993042,
      "per": 0.048444680869579315,
      "lambda_emo": 1.0,
      "lambda_asr": 0.0001,
      "lambda_per": 0.0
    },
    {
      "step": 17,
      "total": 1.8283046181082725,
      "emo": 1.828211784362793,
      "asr": 0.9283374547958374,
      "per": 0.050893060863018036,
      "lambda_emo": 1.0,
      "lambda_asr": 0.0001,
      "lambda_per": 0.0
    },
    {
      "step": 18,
      "total": 1.5216107914447785,
      "emo": 1.5215119123458862,
      "asr": 0.9887909889221191,
      "per": 0.0626709833741188,
      "lambda_emo": 1.0,
      "lambda_asr": 0.0001,
      "lambda_per": 0.0
    },
    {
      "step": 19,
      "total": 3.313459180802107,
      "emo": 3.3133904933929443,
      "asr": 0.6868740916252136,
      "per": 0.05499042198061943,
      "lambda_emo": 1.0,
      "lambda_asr": 0.0001,
      "lambda_per": 0.0
    },
    {
      "step": 20,
      "total": 3.602534316864163,
      "emo": 3.5943074226379395,
      "asr": 0.8226315379142761,
      "per": 0.05788470804691315,
      "lambda_emo": 1.0,
      "lambda_asr": 0.01,
      "lambda_per": 1e-05
    },
    {
      "step": 21,
      "total": 2.8174276617421956,
      "emo": 2.8126533031463623,
      "asr": 0.47737565636634827,
      "per": 0.06020321696996689,
      "lambda_emo": 1.0,
      "lambda_asr": 0.01,
      "lambda_per": 1e-05
    },
    {
      "step": 22,
      "total": 2.8324447378244253,
      "emo": 2.8288142681121826,
      "asr": 0.3629993498325348,
      "per": 0.04762139171361923,
      "lambda_emo": 1.0,
      "lambda_asr": 0.01,
      "lambda_per": 1e-05
    },
    {
      "step": 23,
      "total": 1.9738589092193544,
      "emo": 1.9690731763839722,
      "asr": 0.47851037979125977,
      "per": 0.0629037469625473,
      "lambda_emo": 1.0,
      "lambda_asr": 0.01,