{
  "sample_id": "05089_0007_sad_0007_001199",
  "path": "/data1/lixiang/OpenS2S_dataset/ESD/CN/0007/Sad/0007_001199.wav",
  "speaker_id": "0007",
  "ground_truth_emotion": "sad",
  "target_emotion": "happy",
  "emo_text_clean": [
    "Sad",
    "Sad",
    "\u4f60\u597d\uff0c\u5e03\u83b1"
  ],
  "emo_text_adv": [
    "happy",
    "happy",
    "happy"
  ],
  "emo_pred_clean": [
    "sad",
    "sad",
    ""
  ],
  "emo_pred_adv": [
    "happy",
    "happy",
    "happy"
  ],
  "asr_text_clean": "\u4f60\u597d\uff0c\u5e03\u83b1",
  "asr_text_adv": "\u548c\u5e03\u83b1",
  "success_emo": true,
  "wer": 1.0,
  "semantic_sim": 0.7563774585723877,
  "semantic_preserved": false,
  "delta_linf": 0.008000001311302185,
  "delta_l2": 1.1251219511032104,
  "snr_db": 11.767640623454746,
  "grad_norm_trace": [
    464.03900146484375,
    304.15887451171875,
    92.25770568847656,
    59.49871063232422,
    67.478759765625,
    43.34703063964844,
    83.69660186767578,
    128.29324340820312,
    93.42959594726562,
    73.72332763671875,
    96.59085083007812,
    56.71337890625,
    66.13706970214844,
    61.50938415527344,
    29.154706954956055,
    102.1518783569336,
    57.78899383544922,
    131.16293334960938,
    89.09703063964844,
    154.97628784179688,
    67.48931884765625,
    54.139827728271484,
    38.99529266357422,
    39.53382110595703,
    19.821378707885742,
    31.54239273071289,
    40.13438034057617,
    17.118684768676758,
    69.33486938476562,
    24.71803855895996,
    22.82675552368164,
    28.115480422973633,
    52.45085144042969,
    84.44178009033203,
    90.48515319824219,
    31.99491310119629,
    20.259611129760742,
    12.695688247680664,
    19.79932975769043,
    30.842588424682617,
    35.40040969848633,
    25.28772735595703,
    22.80651092529297,
    36.382755279541016,
    25.62875747680664,
    41.34560012817383,
    31.639636993408203,
    38.78662109375,
    22.35091781616211,
    20.57581329345703,
    36.97473907470703,
    20.51301383972168,
    22.946237564086914,
    18.632930755615234,
    20.69837188720703,
    585.0158081054688,
    38.144775390625,
    25.77455711364746,
    26.78359603881836,
    30.925912857055664
  ],
  "loss_trace": [
    {
      "step": 0,
      "total": 11.01856404698938,
      "emo": 11.018539428710938,
      "asr": 0.24618278443813324,
      "per": 0.0,
      "lambda_emo": 1.0,
      "lambda_asr": 0.0001,
      "lambda_per": 0.0
    },
    {
      "step": 1,
      "total": 6.525988094806671,
      "emo": 6.525956630706787,
      "asr": 0.31464099884033203,
      "per": 0.029012862592935562,
      "lambda_emo": 1.0,
      "lambda_asr": 0.0001,
      "lambda_per": 0.0
    },
    {
      "step": 2,
      "total": 5.970317180703581,
      "emo": 5.970300197601318,
      "asr": 0.1698310226202011,
      "per": 0.0421927273273468,
      "lambda_emo": 1.0,
      "lambda_asr": 0.0001,
      "lambda_per": 0.0
    },
    {
      "step": 3,
      "total": 5.565700368878245,
      "emo": 5.565670013427734,
      "asr": 0.303554505109787,
      "per": 0.03833530843257904,
      "lambda_emo": 1.0,
      "lambda_asr": 0.0001,
      "lambda_per": 0.0
    },
    {
      "step": 4,
      "total": 5.382836865916849,
      "emo": 5.382804870605469,
      "asr": 0.3199531137943268,
      "per": 0.043626900762319565,
      "lambda_emo": 1.0,
      "lambda_asr": 0.0001,
      "lambda_per": 0.0
    },
    {
      "step": 5,
      "total": 4.7688022682830695,
      "emo": 4.768778324127197,
      "asr": 0.23944155871868134,
      "per": 0.0407361164689064,
      "lambda_emo": 1.0,
      "lambda_asr": 0.0001,
      "lambda_per": 0.0
    },
    {
      "step": 6,
      "total": 4.433863035093248,
      "emo": 4.433845520019531,
      "asr": 0.17515073716640472,
      "per": 0.047238245606422424,
      "lambda_emo": 1.0,
      "lambda_asr": 0.0001,
      "lambda_per": 0.0
    },
    {
      "step": 7,
      "total": 4.78441735612154,
      "emo": 4.784397125244141,
      "asr": 0.2023087739944458,
      "per": 0.04538649320602417,
      "lambda_emo": 1.0,
      "lambda_asr": 0.0001,
      "lambda_per": 0.0
    },
    {
      "step": 8,
      "total": 4.99461295914501,
      "emo": 4.9945902824401855,
      "asr": 0.22676704823970795,
      "per": 0.04522962495684624,
      "lambda_emo": 1.0,
      "lambda_asr": 0.0001,
      "lambda_per": 0.0
    },
    {
      "step": 9,
      "total": 3.885012083852291,
      "emo": 3.8848876953125,
      "asr": 1.2438853979110718,
      "per": 0.03667328134179115,
      "lambda_emo": 1.0,
      "lambda_asr": 0.0001,
      "lambda_per": 0.0
    },
    {
      "step": 10,
      "total": 3.676845690757036,
      "emo": 3.676778793334961,
      "asr": 0.6689742207527161,
      "per": 0.05294233188033104,
      "lambda_emo": 1.0,
      "lambda_asr": 0.0001,
      "lambda_per": 0.0
    },
    {
      "step": 11,
      "total": 3.094028186196089,
      "emo": 3.0939369201660156,
      "asr": 0.9126603007316589,
      "per": 0.0440998300909996,
      "lambda_emo": 1.0,
      "lambda_asr": 0.0001,
      "lambda_per": 0.0
    },
    {
      "step": 12,
      "total": 2.892024953842163,
      "emo": 2.891847610473633,
      "asr": 1.7734336853027344,
      "per": 0.04596514254808426,
      "lambda_emo": 1.0,
      "lambda_asr": 0.0001,
      "lambda_per": 0.0
    },
    {
      "step": 13,
      "total": 2.4802961097598075,
      "emo": 2.4801058769226074,
      "asr": 1.902328372001648,
      "per": 0.05105109140276909,
      "lambda_emo": 1.0,
      "lambda_asr": 0.0001,
      "lambda_per": 0.0
    },
    {
      "step": 14,
      "total": 2.6779086845457556,
      "emo": 2.6778435707092285,
      "asr": 0.6511383652687073,
      "per": 0.042190488427877426,
      "lambda_emo": 1.0,
      "lambda_asr": 0.0001,
      "lambda_per": 0.0
    },
    {
      "step": 15,
      "total": 2.3858259832143784,
      "emo": 2.3855996131896973,
      "asr": 2.263700246810913,
      "per": 0.05243983119726181,
      "lambda_emo": 1.0,
      "lambda_asr": 0.0001,
      "lambda_per": 0.0
    },
    {
      "step": 16,
      "total": 3.5654879037439824,
      "emo": 3.565417766571045,
      "asr": 0.7013717293739319,
      "per": 0.036212123930454254,
      "lambda_emo": 1.0,
      "lambda_asr": 0.0001,
      "lambda_per": 0.0
    },
    {
      "step": 17,
      "total": 3.163879351615906,
      "emo": 3.163677215576172,
      "asr": 2.021360397338867,
      "per": 0.03689468652009964,
      "lambda_emo": 1.0,
      "lambda_asr": 0.0001,
      "lambda_per": 0.0
    },
    {
      "step": 18,
      "total": 2.8911350663423536,
      "emo": 2.8909292221069336,
      "asr": 2.0584423542022705,
      "per": 0.04272743687033653,
      "lambda_emo": 1.0,
      "lambda_asr": 0.0001,
      "lambda_per": 0.0
    },
    {
      "step": 19,
      "total": 2.5745565575242044,
      "emo": 2.574382781982422,
      "asr": 1.7377554178237915,
      "per": 0.048938095569610596,
      "lambda_emo": 1.0,
      "lambda_asr": 0.0001,
      "lambda_per": 0.0
    },
    {
      "step": 20,
      "total": 1.773279668792598,
      "emo": 1.745392084121704,
      "asr": 2.7887184619903564,
      "per": 0.04000509902834892,
      "lambda_emo": 1.0,
      "lambda_asr": 0.01,
      "lambda_per": 1e-05
    },
    {
      "step": 21,
      "total": 1.8518585218229147,
      "emo": 1.8246912956237793,
      "asr": 2.716670036315918,
      "per": 0.05258359760046005,
      "lambda_emo": 1.0,
      "lambda_asr": 0.01,
      "lambda_per": 1e-05
    },
    {
      "step": 22,
      "total": 1.6897019289688766,
      "emo": 1.6599820852279663,
      "asr": 2.971935987472534,
      "per": 0.04838661849498749,
      "lambda_emo": 1.0,
      "lambda_asr": 0.01,
      "lambda_per": 1e-05
    },
    {
      "step": 23,
      "total": 1.5445293264376372,
      "emo": 1.5118969678878784,
      "asr": 3.2631824016571045,
      "per": 0.053453318774700165,
      "lambda_emo": 1.0,
      "lambda_asr": 0.01,