{
  "sample_id": "05134_0007_sad_0007_001302",
  "path": "/data1/lixiang/OpenS2S_dataset/ESD/CN/0007/Sad/0007_001302.wav",
  "speaker_id": "0007",
  "ground_truth_emotion": "sad",
  "target_emotion": "happy",
  "emo_text_clean": [
    "Sad",
    "Sad",
    "\u542c\u8d77\u6765"
  ],
  "emo_text_adv": [
    "Happy",
    "Happy",
    "\u8fd9\u4e2a\u6e38\u620f"
  ],
  "emo_pred_clean": [
    "sad",
    "sad",
    ""
  ],
  "emo_pred_adv": [
    "happy",
    "happy",
    ""
  ],
  "asr_text_clean": "\u542c\u8d77\u6765",
  "asr_text_adv": "\u8fd9\u4e2a\u6e38\u620f",
  "success_emo": false,
  "wer": 1.0,
  "semantic_sim": 0.5102248191833496,
  "semantic_preserved": false,
  "delta_linf": 0.008000001311302185,
  "delta_l2": 0.948989987373352,
  "snr_db": 13.934562515426364,
  "grad_norm_trace": [
    739.7034912109375,
    171.1561279296875,
    70.54979705810547,
    160.59756469726562,
    76.16275024414062,
    62.07799530029297,
    121.59676361083984,
    102.27379608154297,
    54.02703857421875,
    66.52735900878906,
    75.4510498046875,
    129.57203674316406,
    45.17192840576172,
    51.8256721496582,
    21.53923797607422,
    31.233707427978516,
    138.2717742919922,
    119.60380554199219,
    92.48979187011719,
    59.36481857299805,
    68.95079040527344,
    170.06382751464844,
    222.74720764160156,
    294.7547607421875,
    83.12222290039062,
    181.50286865234375,
    124.12500762939453,
    96.39583587646484,
    53.0018196105957,
    70.13047790527344,
    59.740196228027344,
    47.71430206298828,
    34.0911750793457,
    111.89726257324219,
    89.09778594970703,
    33.12458801269531,
    117.51969909667969,
    148.72320556640625,
    188.19607543945312,
    99.93911743164062,
    48.03169250488281,
    66.86529541015625,
    48.2249755859375,
    24.329618453979492,
    37.08136749267578,
    59.15482711791992,
    44.957481384277344,
    37.536827087402344,
    30.03573226928711,
    40.14604568481445,
    56.14521789550781,
    53.750789642333984,
    111.39398956298828,
    108.20700073242188,
    142.7871856689453,
    96.3158187866211,
    73.47421264648438,
    57.574241638183594,
    104.92674255371094,
    53.50404357910156
  ],
  "loss_trace": [
    {
      "step": 0,
      "total": 11.46247195957303,
      "emo": 11.462377548217773,
      "asr": 0.944113552570343,
      "per": 0.0,
      "lambda_emo": 1.0,
      "lambda_asr": 0.0001,
      "lambda_per": 0.0
    },
    {
      "step": 1,
      "total": 5.161377857351303,
      "emo": 5.1606855392456055,
      "asr": 6.923181056976318,
      "per": 0.04116702079772949,
      "lambda_emo": 1.0,
      "lambda_asr": 0.0001,
      "lambda_per": 0.0
    },
    {
      "step": 2,
      "total": 4.53274784359932,
      "emo": 4.53206729888916,
      "asr": 6.805447101593018,
      "per": 0.053667616099119186,
      "lambda_emo": 1.0,
      "lambda_asr": 0.0001,
      "lambda_per": 0.0
    },
    {
      "step": 3,
      "total": 4.082930402183533,
      "emo": 4.082194805145264,
      "asr": 7.35597038269043,
      "per": 0.044585537165403366,
      "lambda_emo": 1.0,
      "lambda_asr": 0.0001,
      "lambda_per": 0.0
    },
    {
      "step": 4,
      "total": 4.050146696901321,
      "emo": 4.049405097961426,
      "asr": 7.415989398956299,
      "per": 0.05040352791547775,
      "lambda_emo": 1.0,
      "lambda_asr": 0.0001,
      "lambda_per": 0.0
    },
    {
      "step": 5,
      "total": 4.102084338855743,
      "emo": 4.101343154907227,
      "asr": 7.411839485168457,
      "per": 0.052332889288663864,
      "lambda_emo": 1.0,
      "lambda_asr": 0.0001,
      "lambda_per": 0.0
    },
    {
      "step": 6,
      "total": 3.6558226992607117,
      "emo": 3.655010223388672,
      "asr": 8.12475872039795,
      "per": 0.05451967939734459,
      "lambda_emo": 1.0,
      "lambda_asr": 0.0001,
      "lambda_per": 0.0
    },
    {
      "step": 7,
      "total": 4.154651519680023,
      "emo": 4.153985023498535,
      "asr": 6.664961814880371,
      "per": 0.05112197995185852,
      "lambda_emo": 1.0,
      "lambda_asr": 0.0001,
      "lambda_per": 0.0
    },
    {
      "step": 8,
      "total": 4.252019281339646,
      "emo": 4.251251220703125,
      "asr": 7.680606365203857,
      "per": 0.042864516377449036,
      "lambda_emo": 1.0,
      "lambda_asr": 0.0001,
      "lambda_per": 0.0
    },
    {
      "step": 9,
      "total": 3.860187277984619,
      "emo": 3.859467029571533,
      "asr": 7.202484130859375,
      "per": 0.052320655435323715,
      "lambda_emo": 1.0,
      "lambda_asr": 0.0001,
      "lambda_per": 0.0
    },
    {
      "step": 10,
      "total": 4.243173770523072,
      "emo": 4.242514610290527,
      "asr": 6.591602325439453,
      "per": 0.05421784147620201,
      "lambda_emo": 1.0,
      "lambda_asr": 0.0001,
      "lambda_per": 0.0
    },
    {
      "step": 11,
      "total": 3.776813383436203,
      "emo": 3.776078224182129,
      "asr": 7.351592540740967,
      "per": 0.04933006688952446,
      "lambda_emo": 1.0,
      "lambda_asr": 0.0001,
      "lambda_per": 0.0
    },
    {
      "step": 12,
      "total": 3.5767237248420716,
      "emo": 3.576078176498413,
      "asr": 6.455483436584473,
      "per": 0.042142197489738464,
      "lambda_emo": 1.0,
      "lambda_asr": 0.0001,
      "lambda_per": 0.0
    },
    {
      "step": 13,
      "total": 3.650737941455841,
      "emo": 3.650022029876709,
      "asr": 7.159115791320801,
      "per": 0.05487869307398796,
      "lambda_emo": 1.0,
      "lambda_asr": 0.0001,
      "lambda_per": 0.0
    },
    {
      "step": 14,
      "total": 3.4886964147567747,
      "emo": 3.4878768920898438,
      "asr": 8.195226669311523,
      "per": 0.04077993333339691,
      "lambda_emo": 1.0,
      "lambda_asr": 0.0001,
      "lambda_per": 0.0
    },
    {
      "step": 15,
      "total": 3.3401806539058687,
      "emo": 3.3394408226013184,
      "asr": 7.398313045501709,
      "per": 0.0426865816116333,
      "lambda_emo": 1.0,
      "lambda_asr": 0.0001,
      "lambda_per": 0.0
    },
    {
      "step": 16,
      "total": 3.6811569281578063,
      "emo": 3.6805408000946045,
      "asr": 6.161280632019043,
      "per": 0.051078539341688156,
      "lambda_emo": 1.0,
      "lambda_asr": 0.0001,
      "lambda_per": 0.0
    },
    {
      "step": 17,
      "total": 4.166243661403656,
      "emo": 4.165678977966309,
      "asr": 5.646834373474121,
      "per": 0.054495178163051605,
      "lambda_emo": 1.0,
      "lambda_asr": 0.0001,
      "lambda_per": 0.0
    },
    {
      "step": 18,
      "total": 4.711283654880524,
      "emo": 4.710758209228516,
      "asr": 5.254456520080566,
      "per": 0.05332542583346367,
      "lambda_emo": 1.0,
      "lambda_asr": 0.0001,
      "lambda_per": 0.0
    },
    {
      "step": 19,
      "total": 3.909497617864609,
      "emo": 3.908935546875,
      "asr": 5.6207098960876465,
      "per": 0.05532006174325943,
      "lambda_emo": 1.0,
      "lambda_asr": 0.0001,
      "lambda_per": 0.0
    },
    {
      "step": 20,
      "total": 3.7002276873898503,
      "emo": 3.655226707458496,
      "asr": 4.500043869018555,
      "per": 0.05412411689758301,
      "lambda_emo": 1.0,
      "lambda_asr": 0.01,
      "lambda_per": 1e-05
    },
    {
      "step": 21,
      "total": 3.5381051103968546,
      "emo": 3.496255397796631,
      "asr": 4.1849164962768555,
      "per": 0.05476374551653862,
      "lambda_emo": 1.0,
      "lambda_asr": 0.01,
      "lambda_per": 1e-05
    },
    {
      "step": 22,
      "total": 4.557402602765561,
      "emo": 4.517880916595459,
      "asr": 3.9521186351776123,
      "per": 0.04998183250427246,
      "lambda_emo": 1.0,
      "lambda_asr": 0.01,
      "lambda_per": 1e-05
    },
    {
      "step": 23,
      "total": 5.374954077696129,
      "emo": 5.333070755004883,
      "asr": 4.188284397125244,
      "per": 0.04787199944257736,
      "lambda_emo": 1.0,
      "lambda_asr": 0.01,
      "lambda_per": 1e-05
    },
    {
      "step": 24,