{
  "sample_id": "05163_0007_sad_0007_001314",
  "path": "/data1/lixiang/OpenS2S_dataset/ESD/CN/0007/Sad/0007_001314.wav",
  "speaker_id": "0007",
  "ground_truth_emotion": "sad",
  "target_emotion": "happy",
  "emo_text_clean": [
    "Sad",
    "\u542c\u8d77\u6765",
    "\u542c\u8d77\u6765"
  ],
  "emo_text_adv": [
    "happy",
    "happy",
    "happy"
  ],
  "emo_pred_clean": [
    "sad",
    "",
    ""
  ],
  "emo_pred_adv": [
    "happy",
    "happy",
    "happy"
  ],
  "asr_text_clean": "\u542c\u8d77\u6765",
  "asr_text_adv": "\u542c\u8d77\u6765",
  "success_emo": true,
  "wer": 0.0,
  "semantic_sim": 1.0,
  "semantic_preserved": true,
  "delta_linf": 0.008000001311302185,
  "delta_l2": 1.046459436416626,
  "snr_db": 15.567028793911524,
  "grad_norm_trace": [
    1534.6151123046875,
    279.3300476074219,
    146.549560546875,
    147.22467041015625,
    55.64651107788086,
    114.94991302490234,
    54.48875045776367,
    65.63935852050781,
    91.30776977539062,
    45.263248443603516,
    151.87582397460938,
    46.00968933105469,
    43.908145904541016,
    34.57677459716797,
    141.60693359375,
    39.149314880371094,
    53.46501159667969,
    32.03445816040039,
    45.68417739868164,
    35.7713737487793,
    38.41222381591797,
    30.550689697265625,
    31.3902645111084,
    37.70873260498047,
    24.82114028930664,
    40.593631744384766,
    25.431781768798828,
    42.042572021484375,
    24.343612670898438,
    19.0343017578125,
    27.786136627197266,
    37.1483154296875,
    27.685394287109375,
    51.51817321777344,
    22.343387603759766,
    20.607807159423828,
    28.60146713256836,
    31.30093765258789,
    23.353374481201172,
    25.035646438598633,
    13.99699878692627,
    32.135128021240234,
    15.95349407196045,
    16.400787353515625,
    12.829442024230957,
    69.00920104980469,
    28.883792877197266,
    25.911277770996094,
    22.787704467773438,
    15.950307846069336,
    16.7174129486084,
    11.730280876159668,
    41.17029571533203,
    29.280670166015625,
    26.974828720092773,
    71.58784484863281,
    51.18988037109375,
    32.94261169433594,
    100.96963500976562,
    16.116518020629883
  ],
  "loss_trace": [
    {
      "step": 0,
      "total": 8.840223107042908,
      "emo": 8.840204238891602,
      "asr": 0.18868151307106018,
      "per": 0.0,
      "lambda_emo": 1.0,
      "lambda_asr": 0.0001,
      "lambda_per": 0.0
    },
    {
      "step": 1,
      "total": 6.021559309351444,
      "emo": 6.021468162536621,
      "asr": 0.9114681482315063,
      "per": 0.04227852448821068,
      "lambda_emo": 1.0,
      "lambda_asr": 0.0001,
      "lambda_per": 0.0
    },
    {
      "step": 2,
      "total": 6.181657568407059,
      "emo": 6.181519985198975,
      "asr": 1.3758320808410645,
      "per": 0.05256403982639313,
      "lambda_emo": 1.0,
      "lambda_asr": 0.0001,
      "lambda_per": 0.0
    },
    {
      "step": 3,
      "total": 3.867334984397888,
      "emo": 3.8673038482666016,
      "asr": 0.31136131286621094,
      "per": 0.058650147169828415,
      "lambda_emo": 1.0,
      "lambda_asr": 0.0001,
      "lambda_per": 0.0
    },
    {
      "step": 4,
      "total": 3.106183507335186,
      "emo": 3.1060447692871094,
      "asr": 1.3873804807662964,
      "per": 0.04292982444167137,
      "lambda_emo": 1.0,
      "lambda_asr": 0.0001,
      "lambda_per": 0.0
    },
    {
      "step": 5,
      "total": 3.3628726330637932,
      "emo": 3.3628134727478027,
      "asr": 0.59160315990448,
      "per": 0.056323643773794174,
      "lambda_emo": 1.0,
      "lambda_asr": 0.0001,
      "lambda_per": 0.0
    },
    {
      "step": 6,
      "total": 2.7168300864219668,
      "emo": 2.7163455486297607,
      "asr": 4.8453779220581055,
      "per": 0.04371950030326843,
      "lambda_emo": 1.0,
      "lambda_asr": 0.0001,
      "lambda_per": 0.0
    },
    {
      "step": 7,
      "total": 2.0251588590145113,
      "emo": 2.0249757766723633,
      "asr": 1.8308234214782715,
      "per": 0.048630259931087494,
      "lambda_emo": 1.0,
      "lambda_asr": 0.0001,
      "lambda_per": 0.0
    },
    {
      "step": 8,
      "total": 2.8903089302062988,
      "emo": 2.88960599899292,
      "asr": 7.0293121337890625,
      "per": 0.04810670018196106,
      "lambda_emo": 1.0,
      "lambda_asr": 0.0001,
      "lambda_per": 0.0
    },
    {
      "step": 9,
      "total": 2.066458868932724,
      "emo": 2.0660905838012695,
      "asr": 3.6828513145446777,
      "per": 0.04559408873319626,
      "lambda_emo": 1.0,
      "lambda_asr": 0.0001,
      "lambda_per": 0.0
    },
    {
      "step": 10,
      "total": 2.0436934642612936,
      "emo": 2.043646812438965,
      "asr": 0.46651822328567505,
      "per": 0.04753292351961136,
      "lambda_emo": 1.0,
      "lambda_asr": 0.0001,
      "lambda_per": 0.0
    },
    {
      "step": 11,
      "total": 2.7976615243434906,
      "emo": 2.796919345855713,
      "asr": 7.4217848777771,
      "per": 0.049595534801483154,
      "lambda_emo": 1.0,
      "lambda_asr": 0.0001,
      "lambda_per": 0.0
    },
    {
      "step": 12,
      "total": 2.280488943862915,
      "emo": 2.2799322605133057,
      "asr": 5.56683349609375,
      "per": 0.0444515198469162,
      "lambda_emo": 1.0,
      "lambda_asr": 0.0001,
      "lambda_per": 0.0
    },
    {
      "step": 13,
      "total": 1.8539794948577881,
      "emo": 1.8535263538360596,
      "asr": 4.531410217285156,
      "per": 0.0570361465215683,
      "lambda_emo": 1.0,
      "lambda_asr": 0.0001,
      "lambda_per": 0.0
    },
    {
      "step": 14,
      "total": 1.799952740573883,
      "emo": 1.7997101545333862,
      "asr": 2.4258604049682617,
      "per": 0.05511113256216049,
      "lambda_emo": 1.0,
      "lambda_asr": 0.0001,
      "lambda_per": 0.0
    },
    {
      "step": 15,
      "total": 2.123357781457901,
      "emo": 2.1229076385498047,
      "asr": 4.501429080963135,
      "per": 0.051921114325523376,
      "lambda_emo": 1.0,
      "lambda_asr": 0.0001,
      "lambda_per": 0.0
    },
    {
      "step": 16,
      "total": 1.6642965392976998,
      "emo": 1.664250135421753,
      "asr": 0.46403875946998596,
      "per": 0.04267638921737671,
      "lambda_emo": 1.0,
      "lambda_asr": 0.0001,
      "lambda_per": 0.0
    },
    {
      "step": 17,
      "total": 1.6427018333673478,
      "emo": 1.642317533493042,
      "asr": 3.842998743057251,
      "per": 0.04747151955962181,
      "lambda_emo": 1.0,
      "lambda_asr": 0.0001,
      "lambda_per": 0.0
    },
    {
      "step": 18,
      "total": 1.5259800864756108,
      "emo": 1.5259146690368652,
      "asr": 0.6541743874549866,
      "per": 0.05581679940223694,
      "lambda_emo": 1.0,
      "lambda_asr": 0.0001,
      "lambda_per": 0.0
    },
    {
      "step": 19,
      "total": 1.6378079385757447,
      "emo": 1.6377043724060059,
      "asr": 1.0356616973876953,
      "per": 0.053267329931259155,
      "lambda_emo": 1.0,
      "lambda_asr": 0.0001,
      "lambda_per": 0.0
    },
    {
      "step": 20,
      "total": 1.5520686175159737,
      "emo": 1.5493930578231812,
      "asr": 0.267506867647171,
      "per": 0.049101632088422775,
      "lambda_emo": 1.0,
      "lambda_asr": 0.01,
      "lambda_per": 1e-05
    },
    {
      "step": 21,
      "total": 1.4407446167675777,
      "emo": 1.4367045164108276,
      "asr": 0.40395933389663696,
      "per": 0.05070177838206291,
      "lambda_emo": 1.0,
      "lambda_asr": 0.01,
      "lambda_per": 1e-05
    },
    {
      "step": 22,
      "total": 1.2202346616103499,
      "emo": 1.2004660367965698,
      "asr": 1.9768071174621582,
      "per": 0.055363915860652924,
      "lambda_emo": 1.0,
      "lambda_asr": 0.01,
      "lambda_per": 1e-05
    },
    {
      "step": 23,
      "total": 1.3289490763219445,
      "emo": 1.3262897729873657,
      "asr": 0.26587966084480286,
      "per": 0.050672613084316254,
      "lambda_emo": 1.0,
      "lambda_asr": 0.01,