{
  "sample_id": "05184_0007_sad_0007_001277",
  "path": "/data1/lixiang/OpenS2S_dataset/ESD/CN/0007/Sad/0007_001277.wav",
  "speaker_id": "0007",
  "ground_truth_emotion": "sad",
  "target_emotion": "happy",
  "emo_text_clean": [
    "Sad",
    "Sad",
    "\u542c\u8d77\u6765"
  ],
  "emo_text_adv": [
    "Happy",
    "Happy",
    "Happy"
  ],
  "emo_pred_clean": [
    "sad",
    "sad",
    ""
  ],
  "emo_pred_adv": [
    "happy",
    "happy",
    "happy"
  ],
  "asr_text_clean": "\u6211\u771f\u53d7\u4e0d\u4e86",
  "asr_text_adv": "\u597d\u7684\uff0c\u6b63\u5728\u4e3a\u60a8\u8f6c\u5f55\u8bed\u97f3\u3002",
  "success_emo": true,
  "wer": 1.0,
  "semantic_sim": 0.17430150508880615,
  "semantic_preserved": false,
  "delta_linf": 0.008000001311302185,
  "delta_l2": 1.1610691547393799,
  "snr_db": 14.469862137450981,
  "grad_norm_trace": [
    357.87652587890625,
    224.1654510498047,
    380.609619140625,
    154.93101501464844,
    207.2191925048828,
    126.35604858398438,
    164.37066650390625,
    165.44412231445312,
    192.9510955810547,
    156.49192810058594,
    95.70248413085938,
    57.71845245361328,
    61.39534378051758,
    65.33995056152344,
    61.04148864746094,
    30.49907875061035,
    81.22823333740234,
    58.672325134277344,
    56.31836700439453,
    32.07208251953125,
    93.58877563476562,
    41.99668884277344,
    65.10051727294922,
    46.06297302246094,
    34.01540756225586,
    32.006431579589844,
    122.73057556152344,
    49.34830093383789,
    159.03260803222656,
    172.76385498046875,
    41.376380920410156,
    61.87974166870117,
    67.21051788330078,
    46.55617141723633,
    51.782901763916016,
    45.141109466552734,
    64.41046905517578,
    124.27389526367188,
    31.007184982299805,
    77.41252899169922,
    40.66701126098633,
    47.418094635009766,
    24.714340209960938,
    30.97069549560547,
    34.497314453125,
    79.0029525756836,
    45.848880767822266,
    38.491004943847656,
    35.233280181884766,
    44.41548156738281,
    69.9241943359375,
    34.00250244140625,
    32.61188888549805,
    28.573497772216797,
    23.705078125,
    50.18259048461914,
    38.61136245727539,
    42.22832107543945,
    20.9265193939209,
    23.52118682861328
  ],
  "loss_trace": [
    {
      "step": 0,
      "total": 14.034093929830194,
      "emo": 14.034063339233398,
      "asr": 0.3059059679508209,
      "per": 0.0,
      "lambda_emo": 1.0,
      "lambda_asr": 0.0001,
      "lambda_per": 0.0
    },
    {
      "step": 1,
      "total": 13.125642610281705,
      "emo": 13.125585556030273,
      "asr": 0.5705425143241882,
      "per": 0.013637195341289043,
      "lambda_emo": 1.0,
      "lambda_asr": 0.0001,
      "lambda_per": 0.0
    },
    {
      "step": 2,
      "total": 10.329544948320091,
      "emo": 10.329522132873535,
      "asr": 0.22815446555614471,
      "per": 0.023436028510332108,
      "lambda_emo": 1.0,
      "lambda_asr": 0.0001,
      "lambda_per": 0.0
    },
    {
      "step": 3,
      "total": 10.366835976552219,
      "emo": 10.366827011108398,
      "asr": 0.08965443819761276,
      "per": 0.030905863270163536,
      "lambda_emo": 1.0,
      "lambda_asr": 0.0001,
      "lambda_per": 0.0
    },
    {
      "step": 4,
      "total": 8.745307369041443,
      "emo": 8.74505615234375,
      "asr": 2.512166976928711,
      "per": 0.03246704861521721,
      "lambda_emo": 1.0,
      "lambda_asr": 0.0001,
      "lambda_per": 0.0
    },
    {
      "step": 5,
      "total": 7.4705190364599225,
      "emo": 7.470302581787109,
      "asr": 2.1645467281341553,
      "per": 0.0398244634270668,
      "lambda_emo": 1.0,
      "lambda_asr": 0.0001,
      "lambda_per": 0.0
    },
    {
      "step": 6,
      "total": 7.022639653563499,
      "emo": 7.022431373596191,
      "asr": 2.0827996730804443,
      "per": 0.04115777835249901,
      "lambda_emo": 1.0,
      "lambda_asr": 0.0001,
      "lambda_per": 0.0
    },
    {
      "step": 7,
      "total": 6.00520158302784,
      "emo": 6.00493049621582,
      "asr": 2.7108681201934814,
      "per": 0.050476621836423874,
      "lambda_emo": 1.0,
      "lambda_asr": 0.0001,
      "lambda_per": 0.0
    },
    {
      "step": 8,
      "total": 4.275145981383323,
      "emo": 4.274905204772949,
      "asr": 2.407766103744507,
      "per": 0.04169821739196777,
      "lambda_emo": 1.0,
      "lambda_asr": 0.0001,
      "lambda_per": 0.0
    },
    {
      "step": 9,
      "total": 4.238146022820473,
      "emo": 4.237884044647217,
      "asr": 2.619781732559204,
      "per": 0.048299964517354965,
      "lambda_emo": 1.0,
      "lambda_asr": 0.0001,
      "lambda_per": 0.0
    },
    {
      "step": 10,
      "total": 4.38826797311306,
      "emo": 4.3879570960998535,
      "asr": 3.1087701320648193,
      "per": 0.055839307606220245,
      "lambda_emo": 1.0,
      "lambda_asr": 0.0001,
      "lambda_per": 0.0
    },
    {
      "step": 11,
      "total": 4.356842607283593,
      "emo": 4.356510162353516,
      "asr": 3.324449300765991,
      "per": 0.03805641829967499,
      "lambda_emo": 1.0,
      "lambda_asr": 0.0001,
      "lambda_per": 0.0
    },
    {
      "step": 12,
      "total": 3.6463675966978073,
      "emo": 3.6460750102996826,
      "asr": 2.9258639812469482,
      "per": 0.047556258738040924,
      "lambda_emo": 1.0,
      "lambda_asr": 0.0001,
      "lambda_per": 0.0
    },
    {
      "step": 13,
      "total": 3.4503021399497986,
      "emo": 3.4500138759613037,
      "asr": 2.8826398849487305,
      "per": 0.05685703083872795,
      "lambda_emo": 1.0,
      "lambda_asr": 0.0001,
      "lambda_per": 0.0
    },
    {
      "step": 14,
      "total": 3.183191697669029,
      "emo": 3.1828818321228027,
      "asr": 3.0986554622650146,
      "per": 0.045216530561447144,
      "lambda_emo": 1.0,
      "lambda_asr": 0.0001,
      "lambda_per": 0.0
    },
    {
      "step": 15,
      "total": 2.8837627967596053,
      "emo": 2.8834357261657715,
      "asr": 3.2707059383392334,
      "per": 0.051767002791166306,
      "lambda_emo": 1.0,
      "lambda_asr": 0.0001,
      "lambda_per": 0.0
    },
    {
      "step": 16,
      "total": 3.069377279496193,
      "emo": 3.0691447257995605,
      "asr": 2.3255369663238525,
      "per": 0.054651014506816864,
      "lambda_emo": 1.0,
      "lambda_asr": 0.0001,
      "lambda_per": 0.0
    },
    {
      "step": 17,
      "total": 3.287022675538063,
      "emo": 3.28672456741333,
      "asr": 2.981081247329712,
      "per": 0.04103463143110275,
      "lambda_emo": 1.0,
      "lambda_asr": 0.0001,
      "lambda_per": 0.0
    },
    {
      "step": 18,
      "total": 2.648822642827034,
      "emo": 2.648512363433838,
      "asr": 3.1027939319610596,
      "per": 0.043921153992414474,
      "lambda_emo": 1.0,
      "lambda_asr": 0.0001,
      "lambda_per": 0.0
    },
    {
      "step": 19,
      "total": 2.8738180488586424,
      "emo": 2.8735103607177734,
      "asr": 3.0768814086914062,
      "per": 0.04326450452208519,
      "lambda_emo": 1.0,
      "lambda_asr": 0.0001,
      "lambda_per": 0.0
    },
    {
      "step": 20,
      "total": 2.8084595600241427,
      "emo": 2.7798705101013184,
      "asr": 2.8588504791259766,
      "per": 0.05451315641403198,
      "lambda_emo": 1.0,
      "lambda_asr": 0.01,
      "lambda_per": 1e-05
    },
    {
      "step": 21,
      "total": 3.0388217959464714,
      "emo": 3.0050806999206543,
      "asr": 3.3740577697753906,
      "per": 0.05183280631899834,
      "lambda_emo": 1.0,
      "lambda_asr": 0.01,
      "lambda_per": 1e-05
    },
    {
      "step": 22,
      "total": 2.810029527791403,
      "emo": 2.772129774093628,
      "asr": 3.7899274826049805,
      "per": 0.047887172549963,
      "lambda_emo": 1.0,
      "lambda_asr": 0.01,
      "lambda_per": 1e-05
    },
    {
      "step": 23,
      "total": 2.9037924462668228,
      "emo": 2.8692681789398193,
      "asr": 3.4523799419403076,
      "per": 0.04679076001048088,
      "lambda_emo": 1.0,