{
  "sample_id": "05225_0007_sad_0007_001182",
  "path": "/data1/lixiang/OpenS2S_dataset/ESD/CN/0007/Sad/0007_001182.wav",
  "speaker_id": "0007",
  "ground_truth_emotion": "sad",
  "target_emotion": "happy",
  "emo_text_clean": [
    "Sad",
    "Sad",
    "\u5979\u8ba9\u4f60\u8fd9\u4e48\u7275\u6302"
  ],
  "emo_text_adv": [
    "Happy",
    "happy",
    "happy"
  ],
  "emo_pred_clean": [
    "sad",
    "sad",
    ""
  ],
  "emo_pred_adv": [
    "happy",
    "happy",
    "happy"
  ],
  "asr_text_clean": "\u5979\u662f\u6211\u6700\u7275\u6302",
  "asr_text_adv": "\u662f\u4f60\u6700\u8ba8\u538c\u7684\u90a3\u6761\u65c5\u6e38\u4eba",
  "success_emo": true,
  "wer": 1.0,
  "semantic_sim": 0.30292701721191406,
  "semantic_preserved": false,
  "delta_linf": 0.008000001311302185,
  "delta_l2": 1.0984694957733154,
  "snr_db": 14.123479882645391,
  "grad_norm_trace": [
    1126.234375,
    333.8139953613281,
    246.7672882080078,
    174.7745819091797,
    80.98675537109375,
    52.398685455322266,
    25.39431381225586,
    50.072959899902344,
    50.004825592041016,
    34.45009994506836,
    46.40316390991211,
    82.15435028076172,
    52.04341125488281,
    56.04426574707031,
    86.29692077636719,
    49.91670227050781,
    63.78046798706055,
    40.4526481628418,
    117.01827239990234,
    41.5159912109375,
    78.56798553466797,
    30.323810577392578,
    81.34666442871094,
    47.79730224609375,
    38.57232666015625,
    27.70380973815918,
    25.420700073242188,
    34.076725006103516,
    40.78407669067383,
    24.056543350219727,
    14.136293411254883,
    11.981893539428711,
    93.72146606445312,
    38.91377639770508,
    76.36666107177734,
    35.89692687988281,
    37.429176330566406,
    35.988975524902344,
    28.143096923828125,
    27.82154655456543,
    23.32549476623535,
    35.76602554321289,
    71.8051986694336,
    36.718055725097656,
    43.65678787231445,
    58.5913200378418,
    71.72571563720703,
    23.107479095458984,
    59.83165740966797,
    48.86781311035156,
    115.44872283935547,
    62.10922622680664,
    79.52350616455078,
    95.36180877685547,
    91.93221282958984,
    56.424171447753906,
    62.487972259521484,
    48.293697357177734,
    41.100433349609375,
    25.927021026611328
  ],
  "loss_trace": [
    {
      "step": 0,
      "total": 9.184204644608498,
      "emo": 9.184127807617188,
      "asr": 0.7683699131011963,
      "per": 0.0,
      "lambda_emo": 1.0,
      "lambda_asr": 0.0001,
      "lambda_per": 0.0
    },
    {
      "step": 1,
      "total": 7.545677335983515,
      "emo": 7.545616149902344,
      "asr": 0.6118608117103577,
      "per": 0.05692195147275925,
      "lambda_emo": 1.0,
      "lambda_asr": 0.0001,
      "lambda_per": 0.0
    },
    {
      "step": 2,
      "total": 4.543575820505619,
      "emo": 4.543515682220459,
      "asr": 0.601382851600647,
      "per": 0.051556505262851715,
      "lambda_emo": 1.0,
      "lambda_asr": 0.0001,
      "lambda_per": 0.0
    },
    {
      "step": 3,
      "total": 5.020666782569886,
      "emo": 5.020431041717529,
      "asr": 2.3574085235595703,
      "per": 0.06204156205058098,
      "lambda_emo": 1.0,
      "lambda_asr": 0.0001,
      "lambda_per": 0.0
    },
    {
      "step": 4,
      "total": 4.200787902390957,
      "emo": 4.200717926025391,
      "asr": 0.6997636556625366,
      "per": 0.056006889790296555,
      "lambda_emo": 1.0,
      "lambda_asr": 0.0001,
      "lambda_per": 0.0
    },
    {
      "step": 5,
      "total": 3.7372884200811387,
      "emo": 3.737084150314331,
      "asr": 2.0426976680755615,
      "per": 0.054624043405056,
      "lambda_emo": 1.0,
      "lambda_asr": 0.0001,
      "lambda_per": 0.0
    },
    {
      "step": 6,
      "total": 3.180624233841896,
      "emo": 3.1805293560028076,
      "asr": 0.9487783908843994,
      "per": 0.05794934555888176,
      "lambda_emo": 1.0,
      "lambda_asr": 0.0001,
      "lambda_per": 0.0
    },
    {
      "step": 7,
      "total": 3.259142317652702,
      "emo": 3.2590370178222656,
      "asr": 1.0529983043670654,
      "per": 0.045056961476802826,
      "lambda_emo": 1.0,
      "lambda_asr": 0.0001,
      "lambda_per": 0.0
    },
    {
      "step": 8,
      "total": 2.8821734896183013,
      "emo": 2.882016181945801,
      "asr": 1.5730767250061035,
      "per": 0.05091884732246399,
      "lambda_emo": 1.0,
      "lambda_asr": 0.0001,
      "lambda_per": 0.0
    },
    {
      "step": 9,
      "total": 2.9393773809075356,
      "emo": 2.939267635345459,
      "asr": 1.097455620765686,
      "per": 0.057728804647922516,
      "lambda_emo": 1.0,
      "lambda_asr": 0.0001,
      "lambda_per": 0.0
    },
    {
      "step": 10,
      "total": 3.190494454282522,
      "emo": 3.190403699874878,
      "asr": 0.9075440764427185,
      "per": 0.04826260730624199,
      "lambda_emo": 1.0,
      "lambda_asr": 0.0001,
      "lambda_per": 0.0
    },
    {
      "step": 11,
      "total": 3.2314815848588943,
      "emo": 3.2313694953918457,
      "asr": 1.1208946704864502,
      "per": 0.05688970535993576,
      "lambda_emo": 1.0,
      "lambda_asr": 0.0001,
      "lambda_per": 0.0
    },
    {
      "step": 12,
      "total": 3.134695675820112,
      "emo": 3.1346137523651123,
      "asr": 0.8192345499992371,
      "per": 0.043538689613342285,
      "lambda_emo": 1.0,
      "lambda_asr": 0.0001,
      "lambda_per": 0.0
    },
    {
      "step": 13,
      "total": 3.0652235881090166,
      "emo": 3.0651540756225586,
      "asr": 0.6951248645782471,
      "per": 0.058934286236763,
      "lambda_emo": 1.0,
      "lambda_asr": 0.0001,
      "lambda_per": 0.0
    },
    {
      "step": 14,
      "total": 2.622648157131672,
      "emo": 2.6225333213806152,
      "asr": 1.1483575105667114,
      "per": 0.05786788463592529,
      "lambda_emo": 1.0,
      "lambda_asr": 0.0001,
      "lambda_per": 0.0
    },
    {
      "step": 15,
      "total": 3.387462938475609,
      "emo": 3.3872478008270264,
      "asr": 2.151376485824585,
      "per": 0.04210790991783142,
      "lambda_emo": 1.0,
      "lambda_asr": 0.0001,
      "lambda_per": 0.0
    },
    {
      "step": 16,
      "total": 2.9447690715432167,
      "emo": 2.9446182250976562,
      "asr": 1.5084644556045532,
      "per": 0.049312006682157516,
      "lambda_emo": 1.0,
      "lambda_asr": 0.0001,
      "lambda_per": 0.0
    },
    {
      "step": 17,
      "total": 3.0985767447292805,
      "emo": 3.098480224609375,
      "asr": 0.965201199054718,
      "per": 0.055938463658094406,
      "lambda_emo": 1.0,
      "lambda_asr": 0.0001,
      "lambda_per": 0.0
    },
    {
      "step": 18,
      "total": 3.008905751156807,
      "emo": 3.008784770965576,
      "asr": 1.2098019123077393,
      "per": 0.04720750451087952,
      "lambda_emo": 1.0,
      "lambda_asr": 0.0001,
      "lambda_per": 0.0
    },
    {
      "step": 19,
      "total": 2.8075661328613757,
      "emo": 2.807473659515381,
      "asr": 0.9247334599494934,
      "per": 0.05065612122416496,
      "lambda_emo": 1.0,
      "lambda_asr": 0.0001,
      "lambda_per": 0.0
    },
    {
      "step": 20,
      "total": 2.5695609518701956,
      "emo": 2.5602939128875732,
      "asr": 0.9266442060470581,
      "per": 0.05969221517443657,
      "lambda_emo": 1.0,
      "lambda_asr": 0.01,
      "lambda_per": 1e-05
    },
    {
      "step": 21,
      "total": 2.411212408584356,
      "emo": 2.4012393951416016,
      "asr": 0.9972464442253113,
      "per": 0.05490005016326904,
      "lambda_emo": 1.0,
      "lambda_asr": 0.01,
      "lambda_per": 1e-05
    },
    {
      "step": 22,
      "total": 2.5498308975225688,
      "emo": 2.5264368057250977,
      "asr": 2.339357614517212,
      "per": 0.05156522989273071,
      "lambda_emo": 1.0,
      "lambda_asr": 0.01,
      "lambda_per": 1e-05
    },
    {
      "step": 23,
      "total": 2.8479617410367726,
      "emo": 2.839811086654663,
      "asr": 0.8150184154510498,
      "per": 0.04702275991439819,