{
  "sample_id": "05233_0007_sad_0007_001310",
  "path": "/data1/lixiang/OpenS2S_dataset/ESD/CN/0007/Sad/0007_001310.wav",
  "speaker_id": "0007",
  "ground_truth_emotion": "sad",
  "target_emotion": "happy",
  "emo_text_clean": [
    "Sad",
    "sad",
    "\u4f60\u542c\u8d77\u6765"
  ],
  "emo_text_adv": [
    "happy",
    "happy",
    "happy"
  ],
  "emo_pred_clean": [
    "sad",
    "sad",
    ""
  ],
  "emo_pred_adv": [
    "happy",
    "happy",
    "happy"
  ],
  "asr_text_clean": "\u6211\u542c\u5230\u4f60\u58f0\u97f3\u91cc\u7684\u96be\u8fc7\uff0c\u53bb\u7f51\u5427",
  "asr_text_adv": "\u540c\u4e8b\u4eec",
  "success_emo": true,
  "wer": 1.0,
  "semantic_sim": 0.3888089060783386,
  "semantic_preserved": false,
  "delta_linf": 0.008000001311302185,
  "delta_l2": 1.222019910812378,
  "snr_db": 10.664839705979187,
  "grad_norm_trace": [
    352.8802185058594,
    305.19622802734375,
    361.8386535644531,
    130.64984130859375,
    390.3966064453125,
    1106.4697265625,
    164.32058715820312,
    339.6171569824219,
    195.01388549804688,
    565.2365112304688,
    207.90603637695312,
    97.10704803466797,
    673.2977294921875,
    128.27090454101562,
    82.66120147705078,
    117.56210327148438,
    93.89122772216797,
    45.31316375732422,
    97.09821319580078,
    101.80458068847656,
    127.19683837890625,
    138.41725158691406,
    42.913818359375,
    44.147132873535156,
    36.29313659667969,
    62.826805114746094,
    56.35348129272461,
    41.86919403076172,
    48.41619873046875,
    64.69798278808594,
    53.15479278564453,
    100.15229797363281,
    29.81584358215332,
    44.97563934326172,
    41.57956314086914,
    78.50950622558594,
    54.32317352294922,
    56.477298736572266,
    45.23292922973633,
    20.61293601989746,
    20.605756759643555,
    40.4636116027832,
    93.71243286132812,
    39.002830505371094,
    26.084613800048828,
    65.84190368652344,
    26.010047912597656,
    18.390989303588867,
    28.56092643737793,
    27.9006290435791,
    27.39889144897461,
    16.15923500061035,
    24.392900466918945,
    26.3272647857666,
    16.63875961303711,
    25.577533721923828,
    22.415300369262695,
    38.07106018066406,
    34.35148620605469,
    16.046995162963867
  ],
  "loss_trace": [
    {
      "step": 0,
      "total": 13.048389667907358,
      "emo": 13.04835319519043,
      "asr": 0.3647271692752838,
      "per": 0.0,
      "lambda_emo": 1.0,
      "lambda_asr": 0.0001,
      "lambda_per": 0.0
    },
    {
      "step": 1,
      "total": 12.152788314682246,
      "emo": 12.152732849121094,
      "asr": 0.5546556115150452,
      "per": 0.017301147803664207,
      "lambda_emo": 1.0,
      "lambda_asr": 0.0001,
      "lambda_per": 0.0
    },
    {
      "step": 2,
      "total": 10.243468824392558,
      "emo": 10.24338150024414,
      "asr": 0.8732414841651917,
      "per": 0.02573520690202713,
      "lambda_emo": 1.0,
      "lambda_asr": 0.0001,
      "lambda_per": 0.0
    },
    {
      "step": 3,
      "total": 8.954310846710205,
      "emo": 8.954192161560059,
      "asr": 1.1868515014648438,
      "per": 0.040153972804546356,
      "lambda_emo": 1.0,
      "lambda_asr": 0.0001,
      "lambda_per": 0.0
    },
    {
      "step": 4,
      "total": 8.859450184941291,
      "emo": 8.859333038330078,
      "asr": 1.1714661121368408,
      "per": 0.03913882002234459,
      "lambda_emo": 1.0,
      "lambda_asr": 0.0001,
      "lambda_per": 0.0
    },
    {
      "step": 5,
      "total": 9.945339688813686,
      "emo": 9.945152282714844,
      "asr": 1.8740609884262085,
      "per": 0.054298967123031616,
      "lambda_emo": 1.0,
      "lambda_asr": 0.0001,
      "lambda_per": 0.0
    },
    {
      "step": 6,
      "total": 11.643373621541262,
      "emo": 11.643298149108887,
      "asr": 0.7547243237495422,
      "per": 0.07594101130962372,
      "lambda_emo": 1.0,
      "lambda_asr": 0.0001,
      "lambda_per": 0.0
    },
    {
      "step": 7,
      "total": 11.480693921375275,
      "emo": 11.480531692504883,
      "asr": 1.622288703918457,
      "per": 0.06041348725557327,
      "lambda_emo": 1.0,
      "lambda_asr": 0.0001,
      "lambda_per": 0.0
    },
    {
      "step": 8,
      "total": 7.305915920078754,
      "emo": 7.305807113647461,
      "asr": 1.0880643129348755,
      "per": 0.06055586785078049,
      "lambda_emo": 1.0,
      "lambda_asr": 0.0001,
      "lambda_per": 0.0
    },
    {
      "step": 9,
      "total": 7.0247494415998455,
      "emo": 7.024575710296631,
      "asr": 1.7373130321502686,
      "per": 0.05542030185461044,
      "lambda_emo": 1.0,
      "lambda_asr": 0.0001,
      "lambda_per": 0.0
    },
    {
      "step": 10,
      "total": 5.630479865527153,
      "emo": 5.6301422119140625,
      "asr": 3.3765361309051514,
      "per": 0.061956264078617096,
      "lambda_emo": 1.0,
      "lambda_asr": 0.0001,
      "lambda_per": 0.0
    },
    {
      "step": 11,
      "total": 3.803288200187683,
      "emo": 3.8029890060424805,
      "asr": 2.991941452026367,
      "per": 0.05425001308321953,
      "lambda_emo": 1.0,
      "lambda_asr": 0.0001,
      "lambda_per": 0.0
    },
    {
      "step": 12,
      "total": 4.250254274463654,
      "emo": 4.249810695648193,
      "asr": 4.435788154602051,
      "per": 0.06374888122081757,
      "lambda_emo": 1.0,
      "lambda_asr": 0.0001,
      "lambda_per": 0.0
    },
    {
      "step": 13,
      "total": 3.6227468359708785,
      "emo": 3.6224095821380615,
      "asr": 3.3725383281707764,
      "per": 0.06868193298578262,
      "lambda_emo": 1.0,
      "lambda_asr": 0.0001,
      "lambda_per": 0.0
    },
    {
      "step": 14,
      "total": 3.7035597616195677,
      "emo": 3.703242063522339,
      "asr": 3.176980972290039,
      "per": 0.050081707537174225,
      "lambda_emo": 1.0,
      "lambda_asr": 0.0001,
      "lambda_per": 0.0
    },
    {
      "step": 15,
      "total": 3.1292755824565885,
      "emo": 3.128979206085205,
      "asr": 2.96376371383667,
      "per": 0.06680268049240112,
      "lambda_emo": 1.0,
      "lambda_asr": 0.0001,
      "lambda_per": 0.0
    },
    {
      "step": 16,
      "total": 3.7226015547752382,
      "emo": 3.7222914695739746,
      "asr": 3.1008520126342773,
      "per": 0.06648251414299011,
      "lambda_emo": 1.0,
      "lambda_asr": 0.0001,
      "lambda_per": 0.0
    },
    {
      "step": 17,
      "total": 2.8059697959184646,
      "emo": 2.805652618408203,
      "asr": 3.1717751026153564,
      "per": 0.06508442759513855,
      "lambda_emo": 1.0,
      "lambda_asr": 0.0001,
      "lambda_per": 0.0
    },
    {
      "step": 18,
      "total": 2.9249841910600662,
      "emo": 2.9246573448181152,
      "asr": 3.2684624195098877,
      "per": 0.04585586488246918,
      "lambda_emo": 1.0,
      "lambda_asr": 0.0001,
      "lambda_per": 0.0
    },
    {
      "step": 19,
      "total": 2.9793764483451843,
      "emo": 2.979037046432495,
      "asr": 3.39401912689209,
      "per": 0.06517462432384491,
      "lambda_emo": 1.0,
      "lambda_asr": 0.0001,
      "lambda_per": 0.0
    },
    {
      "step": 20,
      "total": 3.2883283983082694,
      "emo": 3.260089635848999,
      "asr": 2.8238143920898438,
      "per": 0.061853837221860886,
      "lambda_emo": 1.0,
      "lambda_asr": 0.01,
      "lambda_per": 1e-05
    },
    {
      "step": 21,
      "total": 3.37954646857135,
      "emo": 3.3511881828308105,
      "asr": 2.8357648849487305,
      "per": 0.06368910521268845,
      "lambda_emo": 1.0,
      "lambda_asr": 0.01,
      "lambda_per": 1e-05
    },
    {
      "step": 22,
      "total": 2.70103583355397,
      "emo": 2.669611692428589,
      "asr": 3.1423544883728027,
      "per": 0.059624165296554565,
      "lambda_emo": 1.0,
      "lambda_asr": 0.01,
      "lambda_per": 1e-05
    },
    {
      "step": 23,
      "total": 2.4219220702151953,
      "emo": 2.3904757499694824,
      "asr": 3.14456844329834,
      "per": 0.06358127295970917,
      "lambda_emo": 1.0,