{
  "sample_id": "00080_0003_angry_0003_000671",
  "path": "/data1/lixiang/OpenS2S_dataset/ESD/CN/0003/Angry/0003_000671.wav",
  "speaker_id": "0003",
  "ground_truth_emotion": "angry",
  "target_emotion": "happy",
  "emo_text_clean": [
    "Angry",
    "Angry",
    "\u62b1\u6b49"
  ],
  "emo_text_adv": [
    "Happy",
    "happy",
    "happy"
  ],
  "emo_pred_clean": [
    "angry",
    "angry",
    ""
  ],
  "emo_pred_adv": [
    "happy",
    "happy",
    "happy"
  ],
  "asr_text_clean": "\u4f60\u4e00\u70b9\u90fd\u4e0d",
  "asr_text_adv": "\u4e0d\u662f\u771f\u7684\u5f88\u559c\u6b22\u4f60\u628a\u6211\u7ed5\u6655\u4e86",
  "success_emo": true,
  "wer": 1.0,
  "semantic_sim": 0.5682180523872375,
  "semantic_preserved": false,
  "delta_linf": 0.008000001311302185,
  "delta_l2": 0.9872335195541382,
  "snr_db": 19.81993638782898,
  "grad_norm_trace": [
    320.8288879394531,
    314.3153381347656,
    153.51783752441406,
    149.11338806152344,
    117.75762939453125,
    249.16152954101562,
    78.0802001953125,
    63.882572174072266,
    75.62934875488281,
    49.83611297607422,
    103.03758239746094,
    55.91865921020508,
    79.08148956298828,
    68.71211242675781,
    39.32797622680664,
    48.551509857177734,
    46.92013931274414,
    66.1793441772461,
    85.26942443847656,
    107.39395904541016,
    56.05485153198242,
    79.99766540527344,
    155.45013427734375,
    104.51671600341797,
    85.58634185791016,
    115.95237731933594,
    73.64215087890625,
    69.41748046875,
    44.05036163330078,
    91.30806732177734,
    64.1349868774414,
    52.30267333984375,
    80.63067626953125,
    47.07341384887695,
    44.39627456665039,
    46.190914154052734,
    40.07257843017578,
    50.23441696166992,
    45.547943115234375,
    89.492431640625,
    90.57099151611328,
    35.19197463989258,
    56.24739456176758,
    56.276371002197266,
    58.26737976074219,
    45.19648742675781,
    43.65602493286133,
    33.15275192260742,
    101.16210174560547,
    32.37350845336914,
    47.08257293701172,
    27.42229652404785,
    29.141889572143555,
    87.3149185180664,
    26.29561996459961,
    34.153804779052734,
    24.226449966430664,
    23.941789627075195,
    23.092987060546875,
    57.98503875732422
  ],
  "loss_trace": [
    {
      "step": 0,
      "total": 12.36745999393463,
      "emo": 12.367362976074219,
      "asr": 0.9701786041259766,
      "per": 0.0,
      "lambda_emo": 1.0,
      "lambda_asr": 0.0001,
      "lambda_per": 0.0
    },
    {
      "step": 1,
      "total": 7.2320421646595,
      "emo": 7.231870174407959,
      "asr": 1.719902515411377,
      "per": 0.01576593518257141,
      "lambda_emo": 1.0,
      "lambda_asr": 0.0001,
      "lambda_per": 0.0
    },
    {
      "step": 2,
      "total": 5.99191871227026,
      "emo": 5.991733074188232,
      "asr": 1.856380820274353,
      "per": 0.02486434578895569,
      "lambda_emo": 1.0,
      "lambda_asr": 0.0001,
      "lambda_per": 0.0
    },
    {
      "step": 3,
      "total": 5.860720271492005,
      "emo": 5.860476970672607,
      "asr": 2.4330081939697266,
      "per": 0.03224397823214531,
      "lambda_emo": 1.0,
      "lambda_asr": 0.0001,
      "lambda_per": 0.0
    },
    {
      "step": 4,
      "total": 5.826666376817227,
      "emo": 5.826481819152832,
      "asr": 1.8455766439437866,
      "per": 0.04005394130945206,
      "lambda_emo": 1.0,
      "lambda_asr": 0.0001,
      "lambda_per": 0.0
    },
    {
      "step": 5,
      "total": 6.781809721982479,
      "emo": 6.781611919403076,
      "asr": 1.9780257940292358,
      "per": 0.0453699491918087,
      "lambda_emo": 1.0,
      "lambda_asr": 0.0001,
      "lambda_per": 0.0
    },
    {
      "step": 6,
      "total": 4.516331152248383,
      "emo": 4.516002178192139,
      "asr": 3.289740562438965,
      "per": 0.05064685270190239,
      "lambda_emo": 1.0,
      "lambda_asr": 0.0001,
      "lambda_per": 0.0
    },
    {
      "step": 7,
      "total": 4.869237062764168,
      "emo": 4.868971824645996,
      "asr": 2.652381181716919,
      "per": 0.04448939859867096,
      "lambda_emo": 1.0,
      "lambda_asr": 0.0001,
      "lambda_per": 0.0
    },
    {
      "step": 8,
      "total": 5.387663035178185,
      "emo": 5.387478828430176,
      "asr": 1.8420674800872803,
      "per": 0.043347667902708054,
      "lambda_emo": 1.0,
      "lambda_asr": 0.0001,
      "lambda_per": 0.0
    },
    {
      "step": 9,
      "total": 4.80113756043911,
      "emo": 4.800893306732178,
      "asr": 2.4425370693206787,
      "per": 0.03626205772161484,
      "lambda_emo": 1.0,
      "lambda_asr": 0.0001,
      "lambda_per": 0.0
    },
    {
      "step": 10,
      "total": 3.493522990965843,
      "emo": 3.4931836128234863,
      "asr": 3.3937814235687256,
      "per": 0.036126308143138885,
      "lambda_emo": 1.0,
      "lambda_asr": 0.0001,
      "lambda_per": 0.0
    },
    {
      "step": 11,
      "total": 4.382299383974075,
      "emo": 4.382058620452881,
      "asr": 2.40763521194458,
      "per": 0.038935136049985886,
      "lambda_emo": 1.0,
      "lambda_asr": 0.0001,
      "lambda_per": 0.0
    },
    {
      "step": 12,
      "total": 3.6771100445508957,
      "emo": 3.6767382621765137,
      "asr": 3.7178237438201904,
      "per": 0.04696565121412277,
      "lambda_emo": 1.0,
      "lambda_asr": 0.0001,
      "lambda_per": 0.0
    },
    {
      "step": 13,
      "total": 3.857397282552719,
      "emo": 3.8570590019226074,
      "asr": 3.3828063011169434,
      "per": 0.05065697059035301,
      "lambda_emo": 1.0,
      "lambda_asr": 0.0001,
      "lambda_per": 0.0
    },
    {
      "step": 14,
      "total": 3.0729607112884523,
      "emo": 3.072542667388916,
      "asr": 4.180438995361328,
      "per": 0.047386448830366135,
      "lambda_emo": 1.0,
      "lambda_asr": 0.0001,
      "lambda_per": 0.0
    },
    {
      "step": 15,
      "total": 3.3635140654563904,
      "emo": 3.3631913661956787,
      "asr": 3.226992607116699,
      "per": 0.04191480576992035,
      "lambda_emo": 1.0,
      "lambda_asr": 0.0001,
      "lambda_per": 0.0
    },
    {
      "step": 16,
      "total": 2.9272497569084166,
      "emo": 2.926908493041992,
      "asr": 3.4126386642456055,
      "per": 0.038807038217782974,
      "lambda_emo": 1.0,
      "lambda_asr": 0.0001,
      "lambda_per": 0.0
    },
    {
      "step": 17,
      "total": 3.0714052559375764,
      "emo": 3.071012496948242,
      "asr": 3.9275898933410645,
      "per": 0.042965617030858994,
      "lambda_emo": 1.0,
      "lambda_asr": 0.0001,
      "lambda_per": 0.0
    },
    {
      "step": 18,
      "total": 2.612433714056015,
      "emo": 2.6120710372924805,
      "asr": 3.626767635345459,
      "per": 0.049655646085739136,
      "lambda_emo": 1.0,
      "lambda_asr": 0.0001,
      "lambda_per": 0.0
    },
    {
      "step": 19,
      "total": 2.9294848527669908,
      "emo": 2.9291083812713623,
      "asr": 3.7647149562835693,
      "per": 0.04247380420565605,
      "lambda_emo": 1.0,
      "lambda_asr": 0.0001,
      "lambda_per": 0.0
    },
    {
      "step": 20,
      "total": 3.44801176791545,
      "emo": 3.4185128211975098,
      "asr": 2.949842929840088,
      "per": 0.05174195393919945,
      "lambda_emo": 1.0,
      "lambda_asr": 0.01,
      "lambda_per": 1e-05
    },
    {
      "step": 21,
      "total": 3.089188121671677,
      "emo": 3.0465588569641113,
      "asr": 4.262875556945801,
      "per": 0.05091381072998047,
      "lambda_emo": 1.0,
      "lambda_asr": 0.01,
      "lambda_per": 1e-05
    },
    {
      "step": 22,
      "total": 4.100110857267194,
      "emo": 4.07861328125,
      "asr": 2.1497044563293457,
      "per": 0.0531453900039196,
      "lambda_emo": 1.0,
      "lambda_asr": 0.01,
      "lambda_per": 1e-05
    },
    {
      "step": 23,
      "total": 3.504132684245929,
      "emo": 3.4717202186584473,
      "asr": 3.241196870803833,
      "per": 0.0496879443526268,
      "lambda_emo": 1.0,
      "lambda_asr": 0.01,