{
  "sample_id": "00084_0003_angry_0003_000505",
  "path": "/data1/lixiang/OpenS2S_dataset/ESD/CN/0003/Angry/0003_000505.wav",
  "speaker_id": "0003",
  "ground_truth_emotion": "angry",
  "target_emotion": "happy",
  "emo_text_clean": [
    "Angry.",
    "Angry.",
    "\u542c\u8d77\u6765"
  ],
  "emo_text_adv": [
    "Happy",
    "Happy",
    "Happy!"
  ],
  "emo_pred_clean": [
    "angry",
    "angry",
    ""
  ],
  "emo_pred_adv": [
    "happy",
    "happy",
    "happy"
  ],
  "asr_text_clean": "\u6211\u6253\u7b97\u653e\u677e\u4e00\u4e0b\u81ea\u5df1\u3002",
  "asr_text_adv": "\u517b\u72d7\u597d\uff0c\u5b83\u6700\u5fe0\u8bda\u3002",
  "success_emo": true,
  "wer": 1.0,
  "semantic_sim": 0.0839347392320633,
  "semantic_preserved": false,
  "delta_linf": 0.008000001311302185,
  "delta_l2": 0.9263627529144287,
  "snr_db": 15.094238876461079,
  "grad_norm_trace": [
    564.0732421875,
    319.9151306152344,
    450.6506042480469,
    64.10528564453125,
    49.17750930786133,
    42.73890686035156,
    63.599517822265625,
    61.53976821899414,
    99.19898223876953,
    35.38180160522461,
    35.022193908691406,
    67.52974700927734,
    66.53914642333984,
    151.5377655029297,
    72.1306381225586,
    50.92660903930664,
    170.36276245117188,
    123.24073791503906,
    95.3247299194336,
    41.19020080566406,
    238.9312286376953,
    189.8633575439453,
    62.2414665222168,
    56.8383674621582,
    50.34031677246094,
    56.24628448486328,
    39.821380615234375,
    56.748775482177734,
    104.33744049072266,
    56.81393814086914,
    97.5849609375,
    56.72850036621094,
    45.7239875793457,
    101.2576904296875,
    58.39360427856445,
    111.02749633789062,
    59.80954360961914,
    63.5643424987793,
    51.661067962646484,
    41.515132904052734,
    46.356231689453125,
    29.941585540771484,
    86.65094757080078,
    34.17241668701172,
    68.25788879394531,
    51.28926086425781,
    47.69613265991211,
    158.84674072265625,
    40.723628997802734,
    59.05894088745117,
    50.03181076049805,
    34.411067962646484,
    32.22477722167969,
    31.5798282623291,
    66.4888687133789,
    44.30645751953125,
    104.31072235107422,
    56.50497055053711,
    46.48088836669922,
    51.383628845214844
  ],
  "loss_trace": [
    {
      "step": 0,
      "total": 10.248696199676395,
      "emo": 10.24867057800293,
      "asr": 0.25621673464775085,
      "per": 0.0,
      "lambda_emo": 1.0,
      "lambda_asr": 0.0001,
      "lambda_per": 0.0
    },
    {
      "step": 1,
      "total": 6.2113239641427995,
      "emo": 6.211205959320068,
      "asr": 1.1800482273101807,
      "per": 0.022993210703134537,
      "lambda_emo": 1.0,
      "lambda_asr": 0.0001,
      "lambda_per": 0.0
    },
    {
      "step": 2,
      "total": 5.2776172312259675,
      "emo": 5.2774658203125,
      "asr": 1.5141091346740723,
      "per": 0.03280850872397423,
      "lambda_emo": 1.0,
      "lambda_asr": 0.0001,
      "lambda_per": 0.0
    },
    {
      "step": 3,
      "total": 4.895254606556892,
      "emo": 4.89487886428833,
      "asr": 3.757422685623169,
      "per": 0.04350597411394119,
      "lambda_emo": 1.0,
      "lambda_asr": 0.0001,
      "lambda_per": 0.0
    },
    {
      "step": 4,
      "total": 4.424594012188911,
      "emo": 4.424229621887207,
      "asr": 3.6439030170440674,
      "per": 0.049395885318517685,
      "lambda_emo": 1.0,
      "lambda_asr": 0.0001,
      "lambda_per": 0.0
    },
    {
      "step": 5,
      "total": 4.203725011086464,
      "emo": 4.203388214111328,
      "asr": 3.3679697513580322,
      "per": 0.053653817623853683,
      "lambda_emo": 1.0,
      "lambda_asr": 0.0001,
      "lambda_per": 0.0
    },
    {
      "step": 6,
      "total": 3.7725194802045823,
      "emo": 3.772150754928589,
      "asr": 3.6872527599334717,
      "per": 0.05432901903986931,
      "lambda_emo": 1.0,
      "lambda_asr": 0.0001,
      "lambda_per": 0.0
    },
    {
      "step": 7,
      "total": 4.409299396514893,
      "emo": 4.408930778503418,
      "asr": 3.6861801147460938,
      "per": 0.047888919711112976,
      "lambda_emo": 1.0,
      "lambda_asr": 0.0001,
      "lambda_per": 0.0
    },
    {
      "step": 8,
      "total": 3.927127867937088,
      "emo": 3.9266858100891113,
      "asr": 4.420578479766846,
      "per": 0.046829041093587875,
      "lambda_emo": 1.0,
      "lambda_asr": 0.0001,
      "lambda_per": 0.0
    },
    {
      "step": 9,
      "total": 3.6225086933612825,
      "emo": 3.622051954269409,
      "asr": 4.5673909187316895,
      "per": 0.03980115056037903,
      "lambda_emo": 1.0,
      "lambda_asr": 0.0001,
      "lambda_per": 0.0
    },
    {
      "step": 10,
      "total": 3.29360200586319,
      "emo": 3.293107748031616,
      "asr": 4.942578315734863,
      "per": 0.03966526687145233,
      "lambda_emo": 1.0,
      "lambda_asr": 0.0001,
      "lambda_per": 0.0
    },
    {
      "step": 11,
      "total": 3.3550202254295347,
      "emo": 3.354611396789551,
      "asr": 4.088286399841309,
      "per": 0.04232092201709747,
      "lambda_emo": 1.0,
      "lambda_asr": 0.0001,
      "lambda_per": 0.0
    },
    {
      "step": 12,
      "total": 3.1239515987873077,
      "emo": 3.123452663421631,
      "asr": 4.989353656768799,
      "per": 0.05115161091089249,
      "lambda_emo": 1.0,
      "lambda_asr": 0.0001,
      "lambda_per": 0.0
    },
    {
      "step": 13,
      "total": 2.9231344621658324,
      "emo": 2.9227471351623535,
      "asr": 3.873270034790039,
      "per": 0.0553007647395134,
      "lambda_emo": 1.0,
      "lambda_asr": 0.0001,
      "lambda_per": 0.0
    },
    {
      "step": 14,
      "total": 3.711855731630325,
      "emo": 3.711423397064209,
      "asr": 4.32334566116333,
      "per": 0.053324099630117416,
      "lambda_emo": 1.0,
      "lambda_asr": 0.0001,
      "lambda_per": 0.0
    },
    {
      "step": 15,
      "total": 2.99407763876915,
      "emo": 2.9936187267303467,
      "asr": 4.589120388031006,
      "per": 0.046893730759620667,
      "lambda_emo": 1.0,
      "lambda_asr": 0.0001,
      "lambda_per": 0.0
    },
    {
      "step": 16,
      "total": 3.3412055604934694,
      "emo": 3.340787410736084,
      "asr": 4.181497573852539,
      "per": 0.04320759326219559,
      "lambda_emo": 1.0,
      "lambda_asr": 0.0001,
      "lambda_per": 0.0
    },
    {
      "step": 17,
      "total": 3.2997852588653562,
      "emo": 3.299301862716675,
      "asr": 4.833961486816406,
      "per": 0.04852720722556114,
      "lambda_emo": 1.0,
      "lambda_asr": 0.0001,
      "lambda_per": 0.0
    },
    {
      "step": 18,
      "total": 3.0873141059875486,
      "emo": 3.08668851852417,
      "asr": 6.2558746337890625,
      "per": 0.055956803262233734,
      "lambda_emo": 1.0,
      "lambda_asr": 0.0001,
      "lambda_per": 0.0
    },
    {
      "step": 19,
      "total": 4.060576986289024,
      "emo": 4.060210227966309,
      "asr": 3.6675832271575928,
      "per": 0.04745454341173172,
      "lambda_emo": 1.0,
      "lambda_asr": 0.0001,
      "lambda_per": 0.0
    },
    {
      "step": 20,
      "total": 3.382729184313193,
      "emo": 3.3422656059265137,
      "asr": 4.046301364898682,
      "per": 0.05647376924753189,
      "lambda_emo": 1.0,
      "lambda_asr": 0.01,
      "lambda_per": 1e-05
    },
    {
      "step": 21,
      "total": 3.172093851437978,
      "emo": 3.1217775344848633,
      "asr": 5.031574726104736,
      "per": 0.056969206780195236,
      "lambda_emo": 1.0,
      "lambda_asr": 0.01,
      "lambda_per": 1e-05
    },
    {
      "step": 22,
      "total": 3.1321849652868137,
      "emo": 3.0886831283569336,
      "asr": 4.350123882293701,
      "per": 0.05981069430708885,
      "lambda_emo": 1.0,
      "lambda_asr": 0.01,
      "lambda_per": 1e-05
    },
    {
      "step": 23,
      "total": 3.052817351607643,
      "emo": 3.008634090423584,
      "asr": 4.418272495269775,
      "per": 0.05362313613295555,
      "lambda_emo": 1.0,