{
  "sample_id": "00081_0003_angry_0003_000693",
  "path": "/data1/lixiang/OpenS2S_dataset/ESD/CN/0003/Angry/0003_000693.wav",
  "speaker_id": "0003",
  "ground_truth_emotion": "angry",
  "target_emotion": "happy",
  "emo_text_clean": [
    "Angry.",
    "Angry",
    "\u6240\u6709\u767d\u9886"
  ],
  "emo_text_adv": [
    "Happy",
    "happy",
    "happy"
  ],
  "emo_pred_clean": [
    "angry",
    "angry",
    ""
  ],
  "emo_pred_adv": [
    "happy",
    "happy",
    "happy"
  ],
  "asr_text_clean": "\u6240\u6709\u767d\u9886",
  "asr_text_adv": "\u6240\u6709\u767d\u9886",
  "success_emo": true,
  "wer": 0.0,
  "semantic_sim": 0.9999999403953552,
  "semantic_preserved": true,
  "delta_linf": 0.008000001311302185,
  "delta_l2": 0.9821220636367798,
  "snr_db": 18.141058372118202,
  "grad_norm_trace": [
    505.9358215332031,
    213.93255615234375,
    221.56423950195312,
    145.10940551757812,
    104.03768920898438,
    124.34089660644531,
    77.3104019165039,
    93.72380828857422,
    70.13797760009766,
    147.1331329345703,
    82.09180450439453,
    52.5719108581543,
    89.22352600097656,
    49.98698043823242,
    41.46722412109375,
    28.958200454711914,
    27.81873321533203,
    53.46541213989258,
    97.18474578857422,
    109.03650665283203,
    42.98937225341797,
    33.54704284667969,
    53.57072067260742,
    97.60375213623047,
    62.10631561279297,
    53.594696044921875,
    21.481443405151367,
    47.523380279541016,
    33.28803634643555,
    28.25461196899414,
    39.034828186035156,
    37.94678497314453,
    20.477895736694336,
    15.585795402526855,
    26.12464714050293,
    42.55424118041992,
    17.533857345581055,
    12.78610897064209,
    23.178430557250977,
    11.75283432006836,
    9.23963737487793,
    11.691950798034668,
    16.304290771484375,
    12.164907455444336,
    21.821693420410156,
    12.915153503417969,
    13.21384048461914,
    13.146430969238281,
    14.008824348449707,
    14.206862449645996,
    14.566332817077637,
    23.28667640686035,
    15.942652702331543,
    12.09915828704834,
    26.346580505371094,
    31.202919006347656,
    101.59898376464844,
    48.98167419433594,
    22.933488845825195,
    36.83218765258789
  ],
  "loss_trace": [
    {
      "step": 0,
      "total": 10.656308128517866,
      "emo": 10.656259536743164,
      "asr": 0.48591774702072144,
      "per": 0.0,
      "lambda_emo": 1.0,
      "lambda_asr": 0.0001,
      "lambda_per": 0.0
    },
    {
      "step": 1,
      "total": 4.721118763685227,
      "emo": 4.720930099487305,
      "asr": 1.8866419792175293,
      "per": 0.020466476678848267,
      "lambda_emo": 1.0,
      "lambda_asr": 0.0001,
      "lambda_per": 0.0
    },
    {
      "step": 2,
      "total": 3.9216701003551484,
      "emo": 3.9212379455566406,
      "asr": 4.321547985076904,
      "per": 0.02628650888800621,
      "lambda_emo": 1.0,
      "lambda_asr": 0.0001,
      "lambda_per": 0.0
    },
    {
      "step": 3,
      "total": 3.442489053440094,
      "emo": 3.442072629928589,
      "asr": 4.1642351150512695,
      "per": 0.034649934619665146,
      "lambda_emo": 1.0,
      "lambda_asr": 0.0001,
      "lambda_per": 0.0
    },
    {
      "step": 4,
      "total": 4.290586202001571,
      "emo": 4.290081024169922,
      "asr": 5.051778316497803,
      "per": 0.042032063007354736,
      "lambda_emo": 1.0,
      "lambda_asr": 0.0001,
      "lambda_per": 0.0
    },
    {
      "step": 5,
      "total": 3.295532657337189,
      "emo": 3.295186996459961,
      "asr": 3.456608772277832,
      "per": 0.04696569964289665,
      "lambda_emo": 1.0,
      "lambda_asr": 0.0001,
      "lambda_per": 0.0
    },
    {
      "step": 6,
      "total": 3.369940130853653,
      "emo": 3.3694472312927246,
      "asr": 4.928995609283447,
      "per": 0.049237292259931564,
      "lambda_emo": 1.0,
      "lambda_asr": 0.0001,
      "lambda_per": 0.0
    },
    {
      "step": 7,
      "total": 3.591740264582634,
      "emo": 3.591620922088623,
      "asr": 1.193424940109253,
      "per": 0.04333305358886719,
      "lambda_emo": 1.0,
      "lambda_asr": 0.0001,
      "lambda_per": 0.0
    },
    {
      "step": 8,
      "total": 2.9619948362350463,
      "emo": 2.961590528488159,
      "asr": 4.04307746887207,
      "per": 0.04252377897500992,
      "lambda_emo": 1.0,
      "lambda_asr": 0.0001,
      "lambda_per": 0.0
    },
    {
      "step": 9,
      "total": 2.6717392809033393,
      "emo": 2.671560287475586,
      "asr": 1.7899342775344849,
      "per": 0.03548942133784294,
      "lambda_emo": 1.0,
      "lambda_asr": 0.0001,
      "lambda_per": 0.0
    },
    {
      "step": 10,
      "total": 3.169021315860748,
      "emo": 3.1686859130859375,
      "asr": 3.35402774810791,
      "per": 0.03655679523944855,
      "lambda_emo": 1.0,
      "lambda_asr": 0.0001,
      "lambda_per": 0.0
    },
    {
      "step": 11,
      "total": 2.5891634022712706,
      "emo": 2.588958501815796,
      "asr": 2.049004554748535,
      "per": 0.03890661522746086,
      "lambda_emo": 1.0,
      "lambda_asr": 0.0001,
      "lambda_per": 0.0
    },
    {
      "step": 12,
      "total": 2.5174370921850207,
      "emo": 2.5171327590942383,
      "asr": 3.0433309078216553,
      "per": 0.04702513664960861,
      "lambda_emo": 1.0,
      "lambda_asr": 0.0001,
      "lambda_per": 0.0
    },
    {
      "step": 13,
      "total": 2.367912746524811,
      "emo": 2.3676035404205322,
      "asr": 3.0920610427856445,
      "per": 0.051007941365242004,
      "lambda_emo": 1.0,
      "lambda_asr": 0.0001,
      "lambda_per": 0.0
    },
    {
      "step": 14,
      "total": 2.2638228456497194,
      "emo": 2.2636892795562744,
      "asr": 1.3356609344482422,
      "per": 0.0478249192237854,
      "lambda_emo": 1.0,
      "lambda_asr": 0.0001,
      "lambda_per": 0.0
    },
    {
      "step": 15,
      "total": 1.8788911809921265,
      "emo": 1.8785022497177124,
      "asr": 3.889312744140625,
      "per": 0.042159393429756165,
      "lambda_emo": 1.0,
      "lambda_asr": 0.0001,
      "lambda_per": 0.0
    },
    {
      "step": 16,
      "total": 1.7342636350154876,
      "emo": 1.7340435981750488,
      "asr": 2.2003684043884277,
      "per": 0.03912074863910675,
      "lambda_emo": 1.0,
      "lambda_asr": 0.0001,
      "lambda_per": 0.0
    },
    {
      "step": 17,
      "total": 2.0453192886829377,
      "emo": 2.0448293685913086,
      "asr": 4.899200916290283,
      "per": 0.04310522601008415,
      "lambda_emo": 1.0,
      "lambda_asr": 0.0001,
      "lambda_per": 0.0
    },
    {
      "step": 18,
      "total": 2.3703929877758028,
      "emo": 2.3701791763305664,
      "asr": 2.1381144523620605,
      "per": 0.04957643151283264,
      "lambda_emo": 1.0,
      "lambda_asr": 0.0001,
      "lambda_per": 0.0
    },
    {
      "step": 19,
      "total": 2.272840640592575,
      "emo": 2.272690534591675,
      "asr": 1.5010600090026855,
      "per": 0.04246319457888603,
      "lambda_emo": 1.0,
      "lambda_asr": 0.0001,
      "lambda_per": 0.0
    },
    {
      "step": 20,
      "total": 1.9711962493382396,
      "emo": 1.932373046875,
      "asr": 3.8822689056396484,
      "per": 0.05134068429470062,
      "lambda_emo": 1.0,
      "lambda_asr": 0.01,
      "lambda_per": 1e-05
    },
    {
      "step": 21,
      "total": 1.8511438360888883,
      "emo": 1.8430848121643066,
      "asr": 0.8058520555496216,
      "per": 0.05033690854907036,
      "lambda_emo": 1.0,
      "lambda_asr": 0.01,
      "lambda_per": 1e-05
    },
    {
      "step": 22,
      "total": 1.9131491565701366,
      "emo": 1.858292579650879,
      "asr": 5.485605239868164,
      "per": 0.05245205760002136,
      "lambda_emo": 1.0,
      "lambda_asr": 0.01,
      "lambda_per": 1e-05
    },
    {
      "step": 23,
      "total": 2.4805594998193534,
      "emo": 2.440389633178711,
      "asr": 4.016939163208008,
      "per": 0.0475008562207222,
      "lambda_emo": 1.0,
      "lambda_asr": 0.01,