{
  "sample_id": "00140_0003_angry_0003_000683",
  "path": "/data1/lixiang/OpenS2S_dataset/ESD/CN/0003/Angry/0003_000683.wav",
  "speaker_id": "0003",
  "ground_truth_emotion": "angry",
  "target_emotion": "happy",
  "emo_text_clean": [
    "Angry",
    "Angry",
    "\u522b\u7740\u6025\uff0c\u54b1\u4eec\u6162\u6162\u627e\u3002"
  ],
  "emo_text_adv": [
    "Happy",
    "Happy",
    "happy"
  ],
  "emo_pred_clean": [
    "angry",
    "angry",
    ""
  ],
  "emo_pred_adv": [
    "happy",
    "happy",
    "happy"
  ],
  "asr_text_clean": "\u62b1\u6b49",
  "asr_text_adv": "So we did turtles on our picnic outing.",
  "success_emo": true,
  "wer": 8.0,
  "semantic_sim": 0.07237643003463745,
  "semantic_preserved": false,
  "delta_linf": 0.008000001311302185,
  "delta_l2": 0.8790754675865173,
  "snr_db": 20.327372617824004,
  "grad_norm_trace": [
    263.67315673828125,
    177.89170837402344,
    72.8332748413086,
    94.62606048583984,
    62.098548889160156,
    63.65163040161133,
    97.49819946289062,
    97.81578826904297,
    85.22140502929688,
    52.902618408203125,
    161.7785186767578,
    81.24221801757812,
    55.236412048339844,
    55.62952423095703,
    142.309814453125,
    46.46745300292969,
    170.84169006347656,
    190.33567810058594,
    65.57272338867188,
    47.944786071777344,
    42.264068603515625,
    39.24809646606445,
    61.00777053833008,
    30.0117130279541,
    25.59664535522461,
    50.681785583496094,
    43.4974250793457,
    28.386075973510742,
    28.241893768310547,
    20.77569580078125,
    37.99137878417969,
    50.61473846435547,
    20.44234275817871,
    21.39317512512207,
    13.500069618225098,
    34.98278045654297,
    63.44028854370117,
    18.682167053222656,
    21.47366714477539,
    30.185100555419922,
    22.618270874023438,
    24.129241943359375,
    17.554990768432617,
    22.394712448120117,
    19.05850601196289,
    37.8109016418457,
    14.934371948242188,
    13.499273300170898,
    27.297853469848633,
    29.820222854614258,
    14.368654251098633,
    39.273433685302734,
    20.191495895385742,
    13.59811019897461,
    41.96826934814453,
    43.693138122558594,
    49.062435150146484,
    17.125158309936523,
    16.287485122680664,
    21.65224266052246
  ],
  "loss_trace": [
    {
      "step": 0,
      "total": 12.848944855046271,
      "emo": 12.848803520202637,
      "asr": 1.4133484363555908,
      "per": 0.0,
      "lambda_emo": 1.0,
      "lambda_asr": 0.0001,
      "lambda_per": 0.0
    },
    {
      "step": 1,
      "total": 6.281601578950882,
      "emo": 6.281270503997803,
      "asr": 3.3107495307922363,
      "per": 0.020574932917952538,
      "lambda_emo": 1.0,
      "lambda_asr": 0.0001,
      "lambda_per": 0.0
    },
    {
      "step": 2,
      "total": 5.937171341204643,
      "emo": 5.93691349029541,
      "asr": 2.5785090923309326,
      "per": 0.025157839059829712,
      "lambda_emo": 1.0,
      "lambda_asr": 0.0001,
      "lambda_per": 0.0
    },
    {
      "step": 3,
      "total": 5.7004097178459165,
      "emo": 5.699872970581055,
      "asr": 5.3674726486206055,
      "per": 0.030879884958267212,
      "lambda_emo": 1.0,
      "lambda_asr": 0.0001,
      "lambda_per": 0.0
    },
    {
      "step": 4,
      "total": 4.8241318996429445,
      "emo": 4.8230366706848145,
      "asr": 10.952289581298828,
      "per": 0.02930394932627678,
      "lambda_emo": 1.0,
      "lambda_asr": 0.0001,
      "lambda_per": 0.0
    },
    {
      "step": 5,
      "total": 4.140467577266693,
      "emo": 4.139159679412842,
      "asr": 13.078978538513184,
      "per": 0.02925267443060875,
      "lambda_emo": 1.0,
      "lambda_asr": 0.0001,
      "lambda_per": 0.0
    },
    {
      "step": 6,
      "total": 4.349142615890503,
      "emo": 4.348092079162598,
      "asr": 10.505367279052734,
      "per": 0.030607491731643677,
      "lambda_emo": 1.0,
      "lambda_asr": 0.0001,
      "lambda_per": 0.0
    },
    {
      "step": 7,
      "total": 4.298036194992066,
      "emo": 4.296743392944336,
      "asr": 12.928020477294922,
      "per": 0.03297281265258789,
      "lambda_emo": 1.0,
      "lambda_asr": 0.0001,
      "lambda_per": 0.0
    },
    {
      "step": 8,
      "total": 4.390350748205185,
      "emo": 4.389596939086914,
      "asr": 7.53809118270874,
      "per": 0.03307422995567322,
      "lambda_emo": 1.0,
      "lambda_asr": 0.0001,
      "lambda_per": 0.0
    },
    {
      "step": 9,
      "total": 4.567753095531463,
      "emo": 4.566405296325684,
      "asr": 13.477992057800293,
      "per": 0.0450366735458374,
      "lambda_emo": 1.0,
      "lambda_asr": 0.0001,
      "lambda_per": 0.0
    },
    {
      "step": 10,
      "total": 4.646923060798645,
      "emo": 4.645493984222412,
      "asr": 14.290765762329102,
      "per": 0.043010175228118896,
      "lambda_emo": 1.0,
      "lambda_asr": 0.0001,
      "lambda_per": 0.0
    },
    {
      "step": 11,
      "total": 4.773879806613922,
      "emo": 4.772577285766602,
      "asr": 13.025208473205566,
      "per": 0.03701569139957428,
      "lambda_emo": 1.0,
      "lambda_asr": 0.0001,
      "lambda_per": 0.0
    },
    {
      "step": 12,
      "total": 3.8956125736236573,
      "emo": 3.894242763519287,
      "asr": 13.698101043701172,
      "per": 0.04226747155189514,
      "lambda_emo": 1.0,
      "lambda_asr": 0.0001,
      "lambda_per": 0.0
    },
    {
      "step": 13,
      "total": 3.585743102645874,
      "emo": 3.584256172180176,
      "asr": 14.869304656982422,
      "per": 0.043831564486026764,
      "lambda_emo": 1.0,
      "lambda_asr": 0.0001,
      "lambda_per": 0.0
    },
    {
      "step": 14,
      "total": 3.043465552043915,
      "emo": 3.0420455932617188,
      "asr": 14.19958782196045,
      "per": 0.05147406458854675,
      "lambda_emo": 1.0,
      "lambda_asr": 0.0001,
      "lambda_per": 0.0
    },
    {
      "step": 15,
      "total": 3.0753852805137636,
      "emo": 3.074012279510498,
      "asr": 13.730010032653809,
      "per": 0.04411822184920311,
      "lambda_emo": 1.0,
      "lambda_asr": 0.0001,
      "lambda_per": 0.0
    },
    {
      "step": 16,
      "total": 3.4362508005142214,
      "emo": 3.4345128536224365,
      "asr": 17.37946891784668,
      "per": 0.03604590892791748,
      "lambda_emo": 1.0,
      "lambda_asr": 0.0001,
      "lambda_per": 0.0
    },
    {
      "step": 17,
      "total": 2.6504154261589052,
      "emo": 2.6489129066467285,
      "asr": 15.025195121765137,
      "per": 0.04353403300046921,
      "lambda_emo": 1.0,
      "lambda_asr": 0.0001,
      "lambda_per": 0.0
    },
    {
      "step": 18,
      "total": 2.46013430519104,
      "emo": 2.458667278289795,
      "asr": 14.670269012451172,
      "per": 0.04570550471544266,
      "lambda_emo": 1.0,
      "lambda_asr": 0.0001,
      "lambda_per": 0.0
    },
    {
      "step": 19,
      "total": 2.1461804469108583,
      "emo": 2.144608497619629,
      "asr": 15.71949291229248,
      "per": 0.05162329599261284,
      "lambda_emo": 1.0,
      "lambda_asr": 0.0001,
      "lambda_per": 0.0
    },
    {
      "step": 20,
      "total": 2.191435057930648,
      "emo": 2.0320968627929688,
      "asr": 15.933770179748535,
      "per": 0.04933401942253113,
      "lambda_emo": 1.0,
      "lambda_asr": 0.01,
      "lambda_per": 1e-05
    },
    {
      "step": 21,
      "total": 1.9808706597855688,
      "emo": 1.8288798332214355,
      "asr": 15.199041366577148,
      "per": 0.041289836168289185,
      "lambda_emo": 1.0,
      "lambda_asr": 0.01,
      "lambda_per": 1e-05
    },
    {
      "step": 22,
      "total": 1.9064247789373994,
      "emo": 1.7516775131225586,
      "asr": 15.474675178527832,
      "per": 0.05140295624732971,
      "lambda_emo": 1.0,
      "lambda_asr": 0.01,
      "lambda_per": 1e-05
    },
    {
      "step": 23,
      "total": 1.8793439917566999,
      "emo": 1.727710247039795,
      "asr": 15.163317680358887,
      "per": 0.05679133161902428,
      "lambda_emo": 1.0,