{
  "sample_id": "00146_0003_angry_0003_000365",
  "path": "/data1/lixiang/OpenS2S_dataset/ESD/CN/0003/Angry/0003_000365.wav",
  "speaker_id": "0003",
  "ground_truth_emotion": "angry",
  "target_emotion": "happy",
  "emo_text_clean": [
    "Angry",
    "Angry",
    "\u4f60\u542c\u8d77\u6765"
  ],
  "emo_text_adv": [
    "Happy",
    "happy",
    "happy"
  ],
  "emo_pred_clean": [
    "angry",
    "angry",
    ""
  ],
  "emo_pred_adv": [
    "happy",
    "happy",
    "happy"
  ],
  "asr_text_clean": "\u6211\u7279\u522b\u559c\u6b22\u7f51\u7403",
  "asr_text_adv": "The path winds down the hill.",
  "success_emo": true,
  "wer": 6.0,
  "semantic_sim": -0.05203992873430252,
  "semantic_preserved": false,
  "delta_linf": 0.008000001311302185,
  "delta_l2": 0.9788340330123901,
  "snr_db": 15.52014745687174,
  "grad_norm_trace": [
    560.1618041992188,
    204.8442840576172,
    178.14247131347656,
    87.94622802734375,
    75.52734375,
    87.65557861328125,
    49.19902038574219,
    57.939659118652344,
    30.624706268310547,
    30.725610733032227,
    33.7220344543457,
    86.9376220703125,
    57.19001770019531,
    51.90538787841797,
    20.96009635925293,
    30.453828811645508,
    50.176368713378906,
    33.8479118347168,
    49.8193473815918,
    44.38026809692383,
    33.78573226928711,
    23.738372802734375,
    37.35127258300781,
    29.946706771850586,
    26.56744956970215,
    36.12841796875,
    87.60028076171875,
    45.7532844543457,
    40.886661529541016,
    48.18210983276367,
    35.074256896972656,
    48.56096649169922,
    33.151275634765625,
    31.783689498901367,
    44.17522430419922,
    31.81652069091797,
    30.504493713378906,
    26.082155227661133,
    41.10182189941406,
    32.231163024902344,
    44.735557556152344,
    27.25143814086914,
    28.945466995239258,
    157.3990020751953,
    65.53253936767578,
    91.58284759521484,
    40.63314437866211,
    64.77587127685547,
    42.7498893737793,
    40.092403411865234,
    21.73776626586914,
    31.2575740814209,
    68.31685638427734,
    150.2032928466797,
    30.28007698059082,
    32.616729736328125,
    29.730743408203125,
    29.349767684936523,
    26.700071334838867,
    18.917837142944336
  ],
  "loss_trace": [
    {
      "step": 0,
      "total": 9.344944520549475,
      "emo": 9.344930648803711,
      "asr": 0.13871745765209198,
      "per": 0.0,
      "lambda_emo": 1.0,
      "lambda_asr": 0.0001,
      "lambda_per": 0.0
    },
    {
      "step": 1,
      "total": 3.9494582285881044,
      "emo": 3.949373245239258,
      "asr": 0.8498334884643555,
      "per": 0.02314186841249466,
      "lambda_emo": 1.0,
      "lambda_asr": 0.0001,
      "lambda_per": 0.0
    },
    {
      "step": 2,
      "total": 3.8940602229833603,
      "emo": 3.8937244415283203,
      "asr": 3.3578145503997803,
      "per": 0.04125312715768814,
      "lambda_emo": 1.0,
      "lambda_asr": 0.0001,
      "lambda_per": 0.0
    },
    {
      "step": 3,
      "total": 3.558894836139679,
      "emo": 3.5586230754852295,
      "asr": 2.717606544494629,
      "per": 0.04382168501615524,
      "lambda_emo": 1.0,
      "lambda_asr": 0.0001,
      "lambda_per": 0.0
    },
    {
      "step": 4,
      "total": 2.979900585746765,
      "emo": 2.9796531200408936,
      "asr": 2.4746570587158203,
      "per": 0.04025506600737572,
      "lambda_emo": 1.0,
      "lambda_asr": 0.0001,
      "lambda_per": 0.0
    },
    {
      "step": 5,
      "total": 4.038004747867584,
      "emo": 4.037590026855469,
      "asr": 4.147210121154785,
      "per": 0.035701002925634384,
      "lambda_emo": 1.0,
      "lambda_asr": 0.0001,
      "lambda_per": 0.0
    },
    {
      "step": 6,
      "total": 3.575346080517769,
      "emo": 3.5749549865722656,
      "asr": 3.9109394550323486,
      "per": 0.047305718064308167,
      "lambda_emo": 1.0,
      "lambda_asr": 0.0001,
      "lambda_per": 0.0
    },
    {
      "step": 7,
      "total": 3.2819663105010988,
      "emo": 3.281463146209717,
      "asr": 5.031642913818359,
      "per": 0.04899056255817413,
      "lambda_emo": 1.0,
      "lambda_asr": 0.0001,
      "lambda_per": 0.0
    },
    {
      "step": 8,
      "total": 2.6202441916942596,
      "emo": 2.6197304725646973,
      "asr": 5.137191295623779,
      "per": 0.038642518222332,
      "lambda_emo": 1.0,
      "lambda_asr": 0.0001,
      "lambda_per": 0.0
    },
    {
      "step": 9,
      "total": 2.9558145158290863,
      "emo": 2.955460548400879,
      "asr": 3.5396742820739746,
      "per": 0.03507954627275467,
      "lambda_emo": 1.0,
      "lambda_asr": 0.0001,
      "lambda_per": 0.0
    },
    {
      "step": 10,
      "total": 2.6028940755844117,
      "emo": 2.602351188659668,
      "asr": 5.428869247436523,
      "per": 0.03787708282470703,
      "lambda_emo": 1.0,
      "lambda_asr": 0.0001,
      "lambda_per": 0.0
    },
    {
      "step": 11,
      "total": 2.5985688905715945,
      "emo": 2.5980653762817383,
      "asr": 5.03514289855957,
      "per": 0.041164420545101166,
      "lambda_emo": 1.0,
      "lambda_asr": 0.0001,
      "lambda_per": 0.0
    },
    {
      "step": 12,
      "total": 2.6597729767799376,
      "emo": 2.659172534942627,
      "asr": 6.00441837310791,
      "per": 0.04098380357027054,
      "lambda_emo": 1.0,
      "lambda_asr": 0.0001,
      "lambda_per": 0.0
    },
    {
      "step": 13,
      "total": 2.886178400850296,
      "emo": 2.8857593536376953,
      "asr": 4.19047212600708,
      "per": 0.03822237253189087,
      "lambda_emo": 1.0,
      "lambda_asr": 0.0001,
      "lambda_per": 0.0
    },
    {
      "step": 14,
      "total": 2.296590790843964,
      "emo": 2.296048641204834,
      "asr": 5.421496391296387,
      "per": 0.036303725093603134,
      "lambda_emo": 1.0,
      "lambda_asr": 0.0001,
      "lambda_per": 0.0
    },
    {
      "step": 15,
      "total": 2.3115723777771,
      "emo": 2.3110005855560303,
      "asr": 5.717922210693359,
      "per": 0.04508008807897568,
      "lambda_emo": 1.0,
      "lambda_asr": 0.0001,
      "lambda_per": 0.0
    },
    {
      "step": 16,
      "total": 2.1341999055862426,
      "emo": 2.133693218231201,
      "asr": 5.066873550415039,
      "per": 0.04478368163108826,
      "lambda_emo": 1.0,
      "lambda_asr": 0.0001,
      "lambda_per": 0.0
    },
    {
      "step": 17,
      "total": 1.9482521516799927,
      "emo": 1.947717547416687,
      "asr": 5.346042633056641,
      "per": 0.038653358817100525,
      "lambda_emo": 1.0,
      "lambda_asr": 0.0001,
      "lambda_per": 0.0
    },
    {
      "step": 18,
      "total": 2.1313751825332643,
      "emo": 2.130899429321289,
      "asr": 4.757532119750977,
      "per": 0.0523994117975235,
      "lambda_emo": 1.0,
      "lambda_asr": 0.0001,
      "lambda_per": 0.0
    },
    {
      "step": 19,
      "total": 1.9665790150642395,
      "emo": 1.966065764427185,
      "asr": 5.132506370544434,
      "per": 0.03647118806838989,
      "lambda_emo": 1.0,
      "lambda_asr": 0.0001,
      "lambda_per": 0.0
    },
    {
      "step": 20,
      "total": 1.961946867621541,
      "emo": 1.9015204906463623,
      "asr": 6.042599678039551,
      "per": 0.03801947832107544,
      "lambda_emo": 1.0,
      "lambda_asr": 0.01,
      "lambda_per": 1e-05
    },
    {
      "step": 21,
      "total": 1.6537495727084204,
      "emo": 1.6008777618408203,
      "asr": 5.287137508392334,
      "per": 0.0435783676803112,
      "lambda_emo": 1.0,
      "lambda_asr": 0.01,
      "lambda_per": 1e-05
    },
    {
      "step": 22,
      "total": 2.060449538325779,
      "emo": 2.0048229694366455,
      "asr": 5.562612056732178,
      "per": 0.04483218118548393,
      "lambda_emo": 1.0,
      "lambda_asr": 0.01,
      "lambda_per": 1e-05
    },
    {
      "step": 23,
      "total": 1.7745366045325248,
      "emo": 1.71696937084198,
      "asr": 5.756684303283691,
      "per": 0.03906577080488205,
      "lambda_emo": 1.0,
      "lambda_asr": 0.01,