{
  "sample_id": "00165_0003_angry_0003_000602",
  "path": "/data1/lixiang/OpenS2S_dataset/ESD/CN/0003/Angry/0003_000602.wav",
  "speaker_id": "0003",
  "ground_truth_emotion": "angry",
  "target_emotion": "happy",
  "emo_text_clean": [
    "Angry",
    "Angry",
    "\u4f60\u542c\u8d77\u6765"
  ],
  "emo_text_adv": [
    "Happy",
    "Happy",
    "Happy"
  ],
  "emo_pred_clean": [
    "angry",
    "angry",
    ""
  ],
  "emo_pred_adv": [
    "happy",
    "happy",
    "happy"
  ],
  "asr_text_clean": "\u4f60\u542c\u8d77\u6765",
  "asr_text_adv": "\u6211\u662f\u4e2a\u6e38\u620f\u8ff7\u3002",
  "success_emo": true,
  "wer": 1.0,
  "semantic_sim": 0.20971685647964478,
  "semantic_preserved": false,
  "delta_linf": 0.008000001311302185,
  "delta_l2": 0.8877310752868652,
  "snr_db": 18.270765738547695,
  "grad_norm_trace": [
    703.713134765625,
    306.4058532714844,
    106.61868286132812,
    59.234283447265625,
    102.78120422363281,
    80.93605041503906,
    49.71086502075195,
    30.45496368408203,
    73.66873931884766,
    36.91544723510742,
    52.42491912841797,
    31.947301864624023,
    57.565155029296875,
    52.260040283203125,
    117.32486724853516,
    136.28857421875,
    121.62909698486328,
    44.39232635498047,
    128.07101440429688,
    78.35623931884766,
    28.2962703704834,
    37.45259475708008,
    25.820037841796875,
    30.650829315185547,
    90.1572265625,
    25.456315994262695,
    20.877796173095703,
    38.41448211669922,
    24.633813858032227,
    18.935443878173828,
    22.627309799194336,
    46.501502990722656,
    26.50356674194336,
    25.80980682373047,
    39.61253356933594,
    51.789180755615234,
    46.250431060791016,
    43.5211181640625,
    25.616369247436523,
    36.56083679199219,
    28.891740798950195,
    21.92860221862793,
    33.540069580078125,
    37.3484992980957,
    30.865459442138672,
    46.37857437133789,
    25.327219009399414,
    54.0295295715332,
    26.61565399169922,
    20.999610900878906,
    37.109832763671875,
    107.76200103759766,
    72.84201049804688,
    111.0189437866211,
    39.263248443603516,
    58.529991149902344,
    94.73616027832031,
    193.07415771484375,
    109.33756256103516,
    58.18156814575195
  ],
  "loss_trace": [
    {
      "step": 0,
      "total": 13.173904176211357,
      "emo": 13.173809051513672,
      "asr": 0.951246976852417,
      "per": 0.0,
      "lambda_emo": 1.0,
      "lambda_asr": 0.0001,
      "lambda_per": 0.0
    },
    {
      "step": 1,
      "total": 6.295515535378456,
      "emo": 6.295124053955078,
      "asr": 3.9148142337799072,
      "per": 0.025796595960855484,
      "lambda_emo": 1.0,
      "lambda_asr": 0.0001,
      "lambda_per": 0.0
    },
    {
      "step": 2,
      "total": 4.922519552516937,
      "emo": 4.921976566314697,
      "asr": 5.429862022399902,
      "per": 0.04082276672124863,
      "lambda_emo": 1.0,
      "lambda_asr": 0.0001,
      "lambda_per": 0.0
    },
    {
      "step": 3,
      "total": 3.9137621890068055,
      "emo": 3.913254499435425,
      "asr": 5.076895713806152,
      "per": 0.04742899164557457,
      "lambda_emo": 1.0,
      "lambda_asr": 0.0001,
      "lambda_per": 0.0
    },
    {
      "step": 4,
      "total": 4.316951217985153,
      "emo": 4.316433906555176,
      "asr": 5.17311429977417,
      "per": 0.049580544233322144,
      "lambda_emo": 1.0,
      "lambda_asr": 0.0001,
      "lambda_per": 0.0
    },
    {
      "step": 5,
      "total": 4.894798523807526,
      "emo": 4.894301414489746,
      "asr": 4.97109317779541,
      "per": 0.03721502050757408,
      "lambda_emo": 1.0,
      "lambda_asr": 0.0001,
      "lambda_per": 0.0
    },
    {
      "step": 6,
      "total": 3.898540719795227,
      "emo": 3.8980045318603516,
      "asr": 5.361879348754883,
      "per": 0.04296593368053436,
      "lambda_emo": 1.0,
      "lambda_asr": 0.0001,
      "lambda_per": 0.0
    },
    {
      "step": 7,
      "total": 3.4636433847904207,
      "emo": 3.4630932807922363,
      "asr": 5.501039981842041,
      "per": 0.04625960439443588,
      "lambda_emo": 1.0,
      "lambda_asr": 0.0001,
      "lambda_per": 0.0
    },
    {
      "step": 8,
      "total": 3.475075722312927,
      "emo": 3.474533796310425,
      "asr": 5.419260025024414,
      "per": 0.0455353818833828,
      "lambda_emo": 1.0,
      "lambda_asr": 0.0001,
      "lambda_per": 0.0
    },
    {
      "step": 9,
      "total": 3.2336936392784117,
      "emo": 3.2330923080444336,
      "asr": 6.013312339782715,
      "per": 0.045912157744169235,
      "lambda_emo": 1.0,
      "lambda_asr": 0.0001,
      "lambda_per": 0.0
    },
    {
      "step": 10,
      "total": 3.0740467428684233,
      "emo": 3.0734238624572754,
      "asr": 6.228804111480713,
      "per": 0.04454311355948448,
      "lambda_emo": 1.0,
      "lambda_asr": 0.0001,
      "lambda_per": 0.0
    },
    {
      "step": 11,
      "total": 2.7270366042613983,
      "emo": 2.726378917694092,
      "asr": 6.5768656730651855,
      "per": 0.04870027303695679,
      "lambda_emo": 1.0,
      "lambda_asr": 0.0001,
      "lambda_per": 0.0
    },
    {
      "step": 12,
      "total": 2.658033461999893,
      "emo": 2.6573848724365234,
      "asr": 6.48589563369751,
      "per": 0.043742865324020386,
      "lambda_emo": 1.0,
      "lambda_asr": 0.0001,
      "lambda_per": 0.0
    },
    {
      "step": 13,
      "total": 2.637552004003525,
      "emo": 2.6369271278381348,
      "asr": 6.2487616539001465,
      "per": 0.038184188306331635,
      "lambda_emo": 1.0,
      "lambda_asr": 0.0001,
      "lambda_per": 0.0
    },
    {
      "step": 14,
      "total": 2.8301588499069212,
      "emo": 2.8295772075653076,
      "asr": 5.816423416137695,
      "per": 0.03827441856265068,
      "lambda_emo": 1.0,
      "lambda_asr": 0.0001,
      "lambda_per": 0.0
    },
    {
      "step": 15,
      "total": 2.9980605103969573,
      "emo": 2.997504711151123,
      "asr": 5.557992458343506,
      "per": 0.03428727015852928,
      "lambda_emo": 1.0,
      "lambda_asr": 0.0001,
      "lambda_per": 0.0
    },
    {
      "step": 16,
      "total": 3.4163268538475036,
      "emo": 3.4157652854919434,
      "asr": 5.615683555603027,
      "per": 0.048784464597702026,
      "lambda_emo": 1.0,
      "lambda_asr": 0.0001,
      "lambda_per": 0.0
    },
    {
      "step": 17,
      "total": 2.8632936760902403,
      "emo": 2.862656354904175,
      "asr": 6.373211860656738,
      "per": 0.048227861523628235,
      "lambda_emo": 1.0,
      "lambda_asr": 0.0001,
      "lambda_per": 0.0
    },
    {
      "step": 18,
      "total": 3.079917627668381,
      "emo": 3.0793282985687256,
      "asr": 5.893290996551514,
      "per": 0.0435803048312664,
      "lambda_emo": 1.0,
      "lambda_asr": 0.0001,
      "lambda_per": 0.0
    },
    {
      "step": 19,
      "total": 3.0726815443992614,
      "emo": 3.0720858573913574,
      "asr": 5.956870079040527,
      "per": 0.04371356964111328,
      "lambda_emo": 1.0,
      "lambda_asr": 0.0001,
      "lambda_per": 0.0
    },
    {
      "step": 20,
      "total": 2.8115971413503584,
      "emo": 2.7448081970214844,
      "asr": 6.678857803344727,
      "per": 0.03662954270839691,
      "lambda_emo": 1.0,
      "lambda_asr": 0.01,
      "lambda_per": 1e-05
    },
    {
      "step": 21,
      "total": 2.8656897173882645,
      "emo": 2.8063626289367676,
      "asr": 5.932661533355713,
      "per": 0.04731179401278496,
      "lambda_emo": 1.0,
      "lambda_asr": 0.01,
      "lambda_per": 1e-05
    },
    {
      "step": 22,
      "total": 2.472104792492315,
      "emo": 2.408113479614258,
      "asr": 6.399082183837891,
      "per": 0.04910396784543991,
      "lambda_emo": 1.0,
      "lambda_asr": 0.01,
      "lambda_per": 1e-05
    },
    {
      "step": 23,
      "total": 2.516789716786928,
      "emo": 2.45487117767334,
      "asr": 6.1918182373046875,
      "per": 0.03567405417561531,
      "lambda_emo": 1.0,
      "lambda_asr": 0.01,