{
  "sample_id": "00182_0003_angry_0003_000362",
  "path": "/data1/lixiang/OpenS2S_dataset/ESD/CN/0003/Angry/0003_000362.wav",
  "speaker_id": "0003",
  "ground_truth_emotion": "angry",
  "target_emotion": "happy",
  "emo_text_clean": [
    "Angry",
    "Angry",
    "\u4f60\u6bcf\u6b21\u90fd"
  ],
  "emo_text_adv": [
    "Happy",
    "happy",
    "happy"
  ],
  "emo_pred_clean": [
    "angry",
    "angry",
    ""
  ],
  "emo_pred_adv": [
    "happy",
    "happy",
    "happy"
  ],
  "asr_text_clean": "\u4f60\u6bcf\u6b21\u90fd",
  "asr_text_adv": "\u6bcf\u6b21\u8c08\u604b\u7231",
  "success_emo": true,
  "wer": 1.0,
  "semantic_sim": 0.5785552859306335,
  "semantic_preserved": false,
  "delta_linf": 0.008000001311302185,
  "delta_l2": 0.9605380892753601,
  "snr_db": 17.649632244390286,
  "grad_norm_trace": [
    908.097900390625,
    580.475830078125,
    229.82461547851562,
    264.2789306640625,
    94.30485534667969,
    79.4901123046875,
    55.26226043701172,
    42.77018737792969,
    50.26114273071289,
    52.33281707763672,
    21.4883975982666,
    19.407011032104492,
    17.031490325927734,
    19.166383743286133,
    37.457855224609375,
    22.821706771850586,
    23.341096878051758,
    62.919090270996094,
    18.137746810913086,
    26.417240142822266,
    18.02619171142578,
    80.77360534667969,
    64.1510009765625,
    40.29456329345703,
    29.18979263305664,
    25.059661865234375,
    28.941659927368164,
    24.066267013549805,
    22.93587875366211,
    21.99772834777832,
    25.751346588134766,
    25.461977005004883,
    83.14374542236328,
    15.312031745910645,
    23.43161392211914,
    20.810504913330078,
    44.94959259033203,
    20.85690689086914,
    31.003097534179688,
    18.412555694580078,
    35.954463958740234,
    25.163806915283203,
    22.99583625793457,
    17.93955421447754,
    29.10179901123047,
    70.43993377685547,
    46.08180618286133,
    14.318979263305664,
    18.76622200012207,
    27.322956085205078,
    17.406465530395508,
    135.0391387939453,
    56.459529876708984,
    38.88242721557617,
    27.225719451904297,
    86.30238342285156,
    25.597007751464844,
    17.625391006469727,
    19.36058235168457,
    47.63290023803711
  ],
  "loss_trace": [
    {
      "step": 0,
      "total": 14.44746981728077,
      "emo": 14.447436332702637,
      "asr": 0.33484578132629395,
      "per": 0.0,
      "lambda_emo": 1.0,
      "lambda_asr": 0.0001,
      "lambda_per": 0.0
    },
    {
      "step": 1,
      "total": 5.303866412758827,
      "emo": 5.303811550140381,
      "asr": 0.548626184463501,
      "per": 0.027408650144934654,
      "lambda_emo": 1.0,
      "lambda_asr": 0.0001,
      "lambda_per": 0.0
    },
    {
      "step": 2,
      "total": 4.689362008053064,
      "emo": 4.689270973205566,
      "asr": 0.9103484749794006,
      "per": 0.030962495133280754,
      "lambda_emo": 1.0,
      "lambda_asr": 0.0001,
      "lambda_per": 0.0
    },
    {
      "step": 3,
      "total": 4.647761205196381,
      "emo": 4.647655010223389,
      "asr": 1.0619497299194336,
      "per": 0.05000915378332138,
      "lambda_emo": 1.0,
      "lambda_asr": 0.0001,
      "lambda_per": 0.0
    },
    {
      "step": 4,
      "total": 3.931200054264069,
      "emo": 3.931076765060425,
      "asr": 1.2328920364379883,
      "per": 0.0348324328660965,
      "lambda_emo": 1.0,
      "lambda_asr": 0.0001,
      "lambda_per": 0.0
    },
    {
      "step": 5,
      "total": 2.841043124294281,
      "emo": 2.8408162593841553,
      "asr": 2.268649101257324,
      "per": 0.04971052706241608,
      "lambda_emo": 1.0,
      "lambda_asr": 0.0001,
      "lambda_per": 0.0
    },
    {
      "step": 6,
      "total": 2.5332791423797607,
      "emo": 2.53306245803833,
      "asr": 2.1668434143066406,
      "per": 0.03705153614282608,
      "lambda_emo": 1.0,
      "lambda_asr": 0.0001,
      "lambda_per": 0.0
    },
    {
      "step": 7,
      "total": 2.1994583548069,
      "emo": 2.1992440223693848,
      "asr": 2.143324375152588,
      "per": 0.044233836233615875,
      "lambda_emo": 1.0,
      "lambda_asr": 0.0001,
      "lambda_per": 0.0
    },
    {
      "step": 8,
      "total": 2.2243797729969024,
      "emo": 2.2241005897521973,
      "asr": 2.791832447052002,
      "per": 0.043817948549985886,
      "lambda_emo": 1.0,
      "lambda_asr": 0.0001,
      "lambda_per": 0.0
    },
    {
      "step": 9,
      "total": 2.4297177880764007,
      "emo": 2.429495334625244,
      "asr": 2.224534511566162,
      "per": 0.03916098177433014,
      "lambda_emo": 1.0,
      "lambda_asr": 0.0001,
      "lambda_per": 0.0
    },
    {
      "step": 10,
      "total": 1.953995182967186,
      "emo": 1.953749656677246,
      "asr": 2.4552628993988037,
      "per": 0.0518404021859169,
      "lambda_emo": 1.0,
      "lambda_asr": 0.0001,
      "lambda_per": 0.0
    },
    {
      "step": 11,
      "total": 2.106807390165329,
      "emo": 2.106565475463867,
      "asr": 2.41914701461792,
      "per": 0.03563673794269562,
      "lambda_emo": 1.0,
      "lambda_asr": 0.0001,
      "lambda_per": 0.0
    },
    {
      "step": 12,
      "total": 1.7853534111499787,
      "emo": 1.7850526571273804,
      "asr": 3.007540225982666,
      "per": 0.04253986105322838,
      "lambda_emo": 1.0,
      "lambda_asr": 0.0001,
      "lambda_per": 0.0
    },
    {
      "step": 13,
      "total": 1.786932813358307,
      "emo": 1.7866289615631104,
      "asr": 3.038517951965332,
      "per": 0.05030520260334015,
      "lambda_emo": 1.0,
      "lambda_asr": 0.0001,
      "lambda_per": 0.0
    },
    {
      "step": 14,
      "total": 1.7831207087993621,
      "emo": 1.7828224897384644,
      "asr": 2.9821906089782715,
      "per": 0.0508708655834198,
      "lambda_emo": 1.0,
      "lambda_asr": 0.0001,
      "lambda_per": 0.0
    },
    {
      "step": 15,
      "total": 1.8950970678567887,
      "emo": 1.8948934078216553,
      "asr": 2.036600351333618,
      "per": 0.04996953532099724,
      "lambda_emo": 1.0,
      "lambda_asr": 0.0001,
      "lambda_per": 0.0
    },
    {
      "step": 16,
      "total": 1.6510971891880035,
      "emo": 1.6508296728134155,
      "asr": 2.675163745880127,
      "per": 0.03847215324640274,
      "lambda_emo": 1.0,
      "lambda_asr": 0.0001,
      "lambda_per": 0.0
    },
    {
      "step": 17,
      "total": 1.860636460828781,
      "emo": 1.8604228496551514,
      "asr": 2.1361117362976074,
      "per": 0.043446920812129974,
      "lambda_emo": 1.0,
      "lambda_asr": 0.0001,
      "lambda_per": 0.0
    },
    {
      "step": 18,
      "total": 1.5453940752983093,
      "emo": 1.5451364517211914,
      "asr": 2.576235771179199,
      "per": 0.03782734274864197,
      "lambda_emo": 1.0,
      "lambda_asr": 0.0001,
      "lambda_per": 0.0
    },
    {
      "step": 19,
      "total": 1.7421673407554628,
      "emo": 1.7418956756591797,
      "asr": 2.71665096282959,
      "per": 0.05177394300699234,
      "lambda_emo": 1.0,
      "lambda_asr": 0.0001,
      "lambda_per": 0.0
    },
    {
      "step": 20,
      "total": 1.477711897257343,
      "emo": 1.454838514328003,
      "asr": 2.287288188934326,
      "per": 0.05010399967432022,
      "lambda_emo": 1.0,
      "lambda_asr": 0.01,
      "lambda_per": 1e-05
    },
    {
      "step": 21,
      "total": 1.73959130432643,
      "emo": 1.7187395095825195,
      "asr": 2.085130453109741,
      "per": 0.04902128130197525,
      "lambda_emo": 1.0,
      "lambda_asr": 0.01,
      "lambda_per": 1e-05
    },
    {
      "step": 22,
      "total": 2.252150867633708,
      "emo": 2.226475954055786,
      "asr": 2.5674548149108887,
      "per": 0.03654288128018379,
      "lambda_emo": 1.0,
      "lambda_asr": 0.01,
      "lambda_per": 1e-05
    },
    {
      "step": 23,
      "total": 1.740326181306243,
      "emo": 1.7198151350021362,
      "asr": 2.0510666370391846,
      "per": 0.03799337148666382,
      "lambda_emo": 1.0,
      "lambda_asr": 0.01,