{
  "sample_id": "00181_0003_angry_0003_000534",
  "path": "/data1/lixiang/OpenS2S_dataset/ESD/CN/0003/Angry/0003_000534.wav",
  "speaker_id": "0003",
  "ground_truth_emotion": "angry",
  "target_emotion": "happy",
  "emo_text_clean": [
    "Angry.",
    "Angry",
    "\u661f\u671f\u516d\u3002"
  ],
  "emo_text_adv": [
    "Happy",
    "Happy",
    "Happy"
  ],
  "emo_pred_clean": [
    "angry",
    "angry",
    ""
  ],
  "emo_pred_adv": [
    "happy",
    "happy",
    "happy"
  ],
  "asr_text_clean": "\u4e8c\u96f6\u4e00\u516d\u5e74\u5341\u6708",
  "asr_text_adv": "Two thousand sixteen, November fifth, Saturday.",
  "success_emo": true,
  "wer": 6.0,
  "semantic_sim": 0.5666211247444153,
  "semantic_preserved": false,
  "delta_linf": 0.008000001311302185,
  "delta_l2": 0.9392551779747009,
  "snr_db": 20.709848266684098,
  "grad_norm_trace": [
    197.1523895263672,
    388.4501037597656,
    43.56216812133789,
    59.88956069946289,
    72.05211639404297,
    93.42445373535156,
    53.91611862182617,
    78.18882751464844,
    27.893413543701172,
    38.50205612182617,
    46.196414947509766,
    35.50269317626953,
    53.70109176635742,
    162.41909790039062,
    128.10397338867188,
    472.261962890625,
    38.39985275268555,
    70.12757873535156,
    31.61471939086914,
    46.365875244140625,
    83.95303344726562,
    33.986061096191406,
    66.62936401367188,
    31.878162384033203,
    53.16288757324219,
    30.580841064453125,
    92.58383178710938,
    44.663169860839844,
    77.56912231445312,
    30.970252990722656,
    51.99247741699219,
    45.00971603393555,
    64.90730285644531,
    88.65562438964844,
    28.700349807739258,
    74.93220520019531,
    85.9290771484375,
    86.85982513427734,
    52.92496109008789,
    184.3179931640625,
    48.5528450012207,
    37.42531967163086,
    37.41611099243164,
    41.94119644165039,
    35.346031188964844,
    30.248104095458984,
    49.99188232421875,
    104.72901916503906,
    93.9394760131836,
    65.2770767211914,
    44.09255599975586,
    63.71659469604492,
    34.96516418457031,
    45.351139068603516,
    58.731441497802734,
    19.38437843322754,
    12.349862098693848,
    15.039952278137207,
    15.944911003112793,
    66.9522705078125
  ],
  "loss_trace": [
    {
      "step": 0,
      "total": 8.776388078188896,
      "emo": 8.77635383605957,
      "asr": 0.342421293258667,
      "per": 0.0,
      "lambda_emo": 1.0,
      "lambda_asr": 0.0001,
      "lambda_per": 0.0
    },
    {
      "step": 1,
      "total": 6.739289798766374,
      "emo": 6.7392401695251465,
      "asr": 0.4962924122810364,
      "per": 0.013580176047980785,
      "lambda_emo": 1.0,
      "lambda_asr": 0.0001,
      "lambda_per": 0.0
    },
    {
      "step": 2,
      "total": 5.634493184047938,
      "emo": 5.634434700012207,
      "asr": 0.5848403573036194,
      "per": 0.020993277430534363,
      "lambda_emo": 1.0,
      "lambda_asr": 0.0001,
      "lambda_per": 0.0
    },
    {
      "step": 3,
      "total": 4.9105833101212975,
      "emo": 4.910525798797607,
      "asr": 0.5751132369041443,
      "per": 0.030076440423727036,
      "lambda_emo": 1.0,
      "lambda_asr": 0.0001,
      "lambda_per": 0.0
    },
    {
      "step": 4,
      "total": 4.362298349964619,
      "emo": 4.362245082855225,
      "asr": 0.5326710939407349,
      "per": 0.02106405422091484,
      "lambda_emo": 1.0,
      "lambda_asr": 0.0001,
      "lambda_per": 0.0
    },
    {
      "step": 5,
      "total": 4.961273370552063,
      "emo": 4.961212158203125,
      "asr": 0.6121234893798828,
      "per": 0.031461551785469055,
      "lambda_emo": 1.0,
      "lambda_asr": 0.0001,
      "lambda_per": 0.0
    },
    {
      "step": 6,
      "total": 4.346164098739624,
      "emo": 4.3461151123046875,
      "asr": 0.4898643493652344,
      "per": 0.02491573803126812,
      "lambda_emo": 1.0,
      "lambda_asr": 0.0001,
      "lambda_per": 0.0
    },
    {
      "step": 7,
      "total": 3.742571664071083,
      "emo": 3.742508888244629,
      "asr": 0.627758264541626,
      "per": 0.03047671541571617,
      "lambda_emo": 1.0,
      "lambda_asr": 0.0001,
      "lambda_per": 0.0
    },
    {
      "step": 8,
      "total": 3.807533410316706,
      "emo": 3.8074774742126465,
      "asr": 0.5593610405921936,
      "per": 0.030679820105433464,
      "lambda_emo": 1.0,
      "lambda_asr": 0.0001,
      "lambda_per": 0.0
    },
    {
      "step": 9,
      "total": 3.699179563701153,
      "emo": 3.699125051498413,
      "asr": 0.5451220273971558,
      "per": 0.02752557396888733,
      "lambda_emo": 1.0,
      "lambda_asr": 0.0001,
      "lambda_per": 0.0
    },
    {
      "step": 10,
      "total": 3.7179699671387674,
      "emo": 3.717912435531616,
      "asr": 0.5753160715103149,
      "per": 0.036699336022138596,
      "lambda_emo": 1.0,
      "lambda_asr": 0.0001,
      "lambda_per": 0.0
    },
    {
      "step": 11,
      "total": 3.633092312091589,
      "emo": 3.6330385208129883,
      "asr": 0.5379127860069275,
      "per": 0.025514204055070877,
      "lambda_emo": 1.0,
      "lambda_asr": 0.0001,
      "lambda_per": 0.0
    },
    {
      "step": 12,
      "total": 3.308880859333277,
      "emo": 3.308821678161621,
      "asr": 0.5918117165565491,
      "per": 0.030703958123922348,
      "lambda_emo": 1.0,
      "lambda_asr": 0.0001,
      "lambda_per": 0.0
    },
    {
      "step": 13,
      "total": 3.75360010317564,
      "emo": 3.7535388469696045,
      "asr": 0.6125620603561401,
      "per": 0.036708470433950424,
      "lambda_emo": 1.0,
      "lambda_asr": 0.0001,
      "lambda_per": 0.0
    },
    {
      "step": 14,
      "total": 3.5314000014185907,
      "emo": 3.531344413757324,
      "asr": 0.555876612663269,
      "per": 0.039023540914058685,
      "lambda_emo": 1.0,
      "lambda_asr": 0.0001,
      "lambda_per": 0.0
    },
    {
      "step": 15,
      "total": 4.012812266051769,
      "emo": 4.01275634765625,
      "asr": 0.5591839551925659,
      "per": 0.038592856377363205,
      "lambda_emo": 1.0,
      "lambda_asr": 0.0001,
      "lambda_per": 0.0
    },
    {
      "step": 16,
      "total": 4.1252984752506014,
      "emo": 4.12525749206543,
      "asr": 0.40983185172080994,
      "per": 0.035279884934425354,
      "lambda_emo": 1.0,
      "lambda_asr": 0.0001,
      "lambda_per": 0.0
    },
    {
      "step": 17,
      "total": 3.9271643030643464,
      "emo": 3.927104949951172,
      "asr": 0.5935311317443848,
      "per": 0.039796777069568634,
      "lambda_emo": 1.0,
      "lambda_asr": 0.0001,
      "lambda_per": 0.0
    },
    {
      "step": 18,
      "total": 3.6563880534291266,
      "emo": 3.656330108642578,
      "asr": 0.579447865486145,
      "per": 0.0351024828851223,
      "lambda_emo": 1.0,
      "lambda_asr": 0.0001,
      "lambda_per": 0.0
    },
    {
      "step": 19,
      "total": 3.5263820850253107,
      "emo": 3.52632212638855,
      "asr": 0.5995863676071167,
      "per": 0.047852348536252975,
      "lambda_emo": 1.0,
      "lambda_asr": 0.0001,
      "lambda_per": 0.0
    },
    {
      "step": 20,
      "total": 3.399285470618531,
      "emo": 3.393157720565796,
      "asr": 0.6127287149429321,
      "per": 0.046290330588817596,
      "lambda_emo": 1.0,
      "lambda_asr": 0.01,
      "lambda_per": 1e-05
    },
    {
      "step": 21,
      "total": 3.910243036377989,
      "emo": 3.905015468597412,
      "asr": 0.5227112174034119,
      "per": 0.04556065425276756,
      "lambda_emo": 1.0,
      "lambda_asr": 0.01,
      "lambda_per": 1e-05
    },
    {
      "step": 22,
      "total": 3.3554689145645127,
      "emo": 3.349609375,
      "asr": 0.5859202742576599,
      "per": 0.033682193607091904,
      "lambda_emo": 1.0,
      "lambda_asr": 0.01,
      "lambda_per": 1e-05
    },
    {
      "step": 23,
      "total": 3.2191717635696753,
      "emo": 3.2134578227996826,
      "asr": 0.5713590383529663,
      "per": 0.035038646310567856,
      "lambda_emo": 1.0,