{
  "sample_id": "00237_0003_angry_0003_000396",
  "path": "/data1/lixiang/OpenS2S_dataset/ESD/CN/0003/Angry/0003_000396.wav",
  "speaker_id": "0003",
  "ground_truth_emotion": "angry",
  "target_emotion": "happy",
  "emo_text_clean": [
    "Angry",
    "Angry",
    "\u597d\u554a\uff0c\u8f6e\u6d41"
  ],
  "emo_text_adv": [
    "Happy",
    "Happy",
    "Happy"
  ],
  "emo_pred_clean": [
    "angry",
    "angry",
    ""
  ],
  "emo_pred_adv": [
    "happy",
    "happy",
    "happy"
  ],
  "asr_text_clean": "\u597d\u7684\uff0c\u6211\u4eec\u8f6e\u6d41",
  "asr_text_adv": "\u597d\u7684\uff0c\u6211\u6765\u8f6c\u5f55\u4e00\u4e0b\u3002",
  "success_emo": true,
  "wer": 1.0,
  "semantic_sim": 0.6506750583648682,
  "semantic_preserved": false,
  "delta_linf": 0.008000001311302185,
  "delta_l2": 0.9062858819961548,
  "snr_db": 20.75675052029739,
  "grad_norm_trace": [
    433.7522277832031,
    451.20245361328125,
    62.85380554199219,
    52.15525436401367,
    74.04460144042969,
    91.66808319091797,
    40.52510452270508,
    51.26904296875,
    53.38085174560547,
    85.62556457519531,
    51.77788162231445,
    153.35101318359375,
    124.84403228759766,
    108.78250122070312,
    76.41815185546875,
    83.4754867553711,
    115.59815216064453,
    79.23809051513672,
    89.31314849853516,
    102.84427642822266,
    63.85503387451172,
    62.58201599121094,
    133.10415649414062,
    76.51898956298828,
    54.66321563720703,
    69.61783599853516,
    45.20576477050781,
    79.06050109863281,
    53.242454528808594,
    148.53607177734375,
    105.87171936035156,
    82.27607727050781,
    72.92071533203125,
    81.7173843383789,
    60.51557159423828,
    60.006591796875,
    102.95596313476562,
    57.23152160644531,
    33.928524017333984,
    503.7615051269531,
    91.5281753540039,
    90.33418273925781,
    47.067543029785156,
    35.76349639892578,
    65.26679992675781,
    34.172969818115234,
    43.928321838378906,
    31.082807540893555,
    32.43720626831055,
    44.35192108154297,
    64.69554901123047,
    57.39301300048828,
    33.21826171875,
    39.62088394165039,
    27.147844314575195,
    25.04619598388672,
    34.791141510009766,
    28.158769607543945,
    24.959285736083984,
    43.34944534301758
  ],
  "loss_trace": [
    {
      "step": 0,
      "total": 14.429640304777026,
      "emo": 14.429601669311523,
      "asr": 0.3863546550273895,
      "per": 0.0,
      "lambda_emo": 1.0,
      "lambda_asr": 0.0001,
      "lambda_per": 0.0
    },
    {
      "step": 1,
      "total": 8.292334207117557,
      "emo": 8.292308807373047,
      "asr": 0.25399744510650635,
      "per": 0.025817949324846268,
      "lambda_emo": 1.0,
      "lambda_asr": 0.0001,
      "lambda_per": 0.0
    },
    {
      "step": 2,
      "total": 7.278741146114468,
      "emo": 7.278710842132568,
      "asr": 0.3030398190021515,
      "per": 0.0402749739587307,
      "lambda_emo": 1.0,
      "lambda_asr": 0.0001,
      "lambda_per": 0.0
    },
    {
      "step": 3,
      "total": 6.760087101018429,
      "emo": 6.7600507736206055,
      "asr": 0.3632739782333374,
      "per": 0.03715580701828003,
      "lambda_emo": 1.0,
      "lambda_asr": 0.0001,
      "lambda_per": 0.0
    },
    {
      "step": 4,
      "total": 6.4255812782406805,
      "emo": 6.425548076629639,
      "asr": 0.33201611042022705,
      "per": 0.045324187725782394,
      "lambda_emo": 1.0,
      "lambda_asr": 0.0001,
      "lambda_per": 0.0
    },
    {
      "step": 5,
      "total": 6.081567933261394,
      "emo": 6.081521987915039,
      "asr": 0.4594534635543823,
      "per": 0.04762507602572441,
      "lambda_emo": 1.0,
      "lambda_asr": 0.0001,
      "lambda_per": 0.0
    },
    {
      "step": 6,
      "total": 6.5065316920250655,
      "emo": 6.506494045257568,
      "asr": 0.37646767497062683,
      "per": 0.03856787085533142,
      "lambda_emo": 1.0,
      "lambda_asr": 0.0001,
      "lambda_per": 0.0
    },
    {
      "step": 7,
      "total": 5.808326342904568,
      "emo": 5.808287620544434,
      "asr": 0.38722360134124756,
      "per": 0.03385632857680321,
      "lambda_emo": 1.0,
      "lambda_asr": 0.0001,
      "lambda_per": 0.0
    },
    {
      "step": 8,
      "total": 5.477268572285771,
      "emo": 5.477223873138428,
      "asr": 0.4469914734363556,
      "per": 0.03657907992601395,
      "lambda_emo": 1.0,
      "lambda_asr": 0.0001,
      "lambda_per": 0.0
    },
    {
      "step": 9,
      "total": 5.782850403010845,
      "emo": 5.7828168869018555,
      "asr": 0.33516108989715576,
      "per": 0.04707477614283562,
      "lambda_emo": 1.0,
      "lambda_asr": 0.0001,
      "lambda_per": 0.0
    },
    {
      "step": 10,
      "total": 5.504781746932864,
      "emo": 5.504735946655273,
      "asr": 0.4580027759075165,
      "per": 0.040070097893476486,
      "lambda_emo": 1.0,
      "lambda_asr": 0.0001,
      "lambda_per": 0.0
    },
    {
      "step": 11,
      "total": 4.897905388519168,
      "emo": 4.897858619689941,
      "asr": 0.46768829226493835,
      "per": 0.03661733120679855,
      "lambda_emo": 1.0,
      "lambda_asr": 0.0001,
      "lambda_per": 0.0
    },
    {
      "step": 12,
      "total": 4.944715512603521,
      "emo": 4.944669723510742,
      "asr": 0.45789092779159546,
      "per": 0.037240903824567795,
      "lambda_emo": 1.0,
      "lambda_asr": 0.0001,
      "lambda_per": 0.0
    },
    {
      "step": 13,
      "total": 5.180707079139352,
      "emo": 5.180661201477051,
      "asr": 0.4587766230106354,
      "per": 0.048764538019895554,
      "lambda_emo": 1.0,
      "lambda_asr": 0.0001,
      "lambda_per": 0.0
    },
    {
      "step": 14,
      "total": 5.327423627537489,
      "emo": 5.327382564544678,
      "asr": 0.41062992811203003,
      "per": 0.05141826719045639,
      "lambda_emo": 1.0,
      "lambda_asr": 0.0001,
      "lambda_per": 0.0
    },
    {
      "step": 15,
      "total": 5.740003889316321,
      "emo": 5.739959239959717,
      "asr": 0.44649356603622437,
      "per": 0.03911971673369408,
      "lambda_emo": 1.0,
      "lambda_asr": 0.0001,
      "lambda_per": 0.0
    },
    {
      "step": 16,
      "total": 5.685115679574013,
      "emo": 5.685068130493164,
      "asr": 0.4754908084869385,
      "per": 0.042402010411024094,
      "lambda_emo": 1.0,
      "lambda_asr": 0.0001,
      "lambda_per": 0.0
    },
    {
      "step": 17,
      "total": 5.266081529018283,
      "emo": 5.26603889465332,
      "asr": 0.4263436496257782,
      "per": 0.04659133404493332,
      "lambda_emo": 1.0,
      "lambda_asr": 0.0001,
      "lambda_per": 0.0
    },
    {
      "step": 18,
      "total": 5.123457225003839,
      "emo": 5.123407363891602,
      "asr": 0.49861112236976624,
      "per": 0.03937007114291191,
      "lambda_emo": 1.0,
      "lambda_asr": 0.0001,
      "lambda_per": 0.0
    },
    {
      "step": 19,
      "total": 5.602129382741452,
      "emo": 5.602090358734131,
      "asr": 0.3902400732040405,
      "per": 0.0495525598526001,
      "lambda_emo": 1.0,
      "lambda_asr": 0.0001,
      "lambda_per": 0.0
    },
    {
      "step": 20,
      "total": 5.728774589417875,
      "emo": 5.72517728805542,
      "asr": 0.3596882224082947,
      "per": 0.04191383719444275,
      "lambda_emo": 1.0,
      "lambda_asr": 0.01,
      "lambda_per": 1e-05
    },
    {
      "step": 21,
      "total": 5.008207145718895,
      "emo": 5.0025954246521,
      "asr": 0.561129629611969,
      "per": 0.042477067559957504,
      "lambda_emo": 1.0,
      "lambda_asr": 0.01,
      "lambda_per": 1e-05
    },
    {
      "step": 22,
      "total": 4.444771500780657,
      "emo": 4.4388604164123535,
      "asr": 0.5910696983337402,
      "per": 0.038738496601581573,
      "lambda_emo": 1.0,
      "lambda_asr": 0.01,
      "lambda_per": 1e-05
    },
    {
      "step": 23,
      "total": 4.947963983017727,
      "emo": 4.9418745040893555,
      "asr": 0.6089037656784058,
      "per": 0.04412715882062912,
      "lambda_emo": 1.0,