{
  "sample_id": "00315_0003_angry_0003_000481",
  "path": "/data1/lixiang/OpenS2S_dataset/ESD/CN/0003/Angry/0003_000481.wav",
  "speaker_id": "0003",
  "ground_truth_emotion": "angry",
  "target_emotion": "happy",
  "emo_text_clean": [
    "Angry",
    "Angry",
    "\u5979\u6bcf\u5929\u9a91\u81ea\u884c\u8f66\u4e0a\u5b66\uff0c\u770b\u8d77\u6765\u5f88\u751f\u6c14\u3002"
  ],
  "emo_text_adv": [
    "happy",
    "happy",
    "happy"
  ],
  "emo_pred_clean": [
    "angry",
    "angry",
    ""
  ],
  "emo_pred_adv": [
    "happy",
    "happy",
    "happy"
  ],
  "asr_text_clean": "\u541d",
  "asr_text_adv": "\u541d",
  "success_emo": true,
  "wer": 0.0,
  "semantic_sim": 1.0,
  "semantic_preserved": true,
  "delta_linf": 0.008000001311302185,
  "delta_l2": 1.1733899116516113,
  "snr_db": 18.64888267377039,
  "grad_norm_trace": [
    1254.7772216796875,
    253.39675903320312,
    114.3132553100586,
    69.18614196777344,
    46.68879699707031,
    74.15758514404297,
    41.9958610534668,
    33.8009147644043,
    24.4793758392334,
    40.79951858520508,
    31.42677879333496,
    41.35746765136719,
    25.98942756652832,
    20.228906631469727,
    31.671676635742188,
    75.67850494384766,
    70.55587768554688,
    54.475276947021484,
    46.69733428955078,
    41.19636917114258,
    32.02520751953125,
    40.06968307495117,
    42.70564651489258,
    28.830575942993164,
    30.238861083984375,
    32.34117126464844,
    26.869647979736328,
    22.507518768310547,
    36.0062370300293,
    30.665748596191406,
    34.04836654663086,
    43.91726303100586,
    21.769136428833008,
    18.082313537597656,
    36.291316986083984,
    40.99693298339844,
    27.1663875579834,
    66.62570190429688,
    15.988056182861328,
    20.138683319091797,
    16.675201416015625,
    30.29459571838379,
    19.39910125732422,
    20.715999603271484,
    10.763032913208008,
    11.248605728149414,
    16.46941375732422,
    18.496089935302734,
    36.17086410522461,
    34.1729736328125,
    70.3454360961914,
    61.908077239990234,
    27.920799255371094,
    12.902482032775879,
    12.843481063842773,
    19.844039916992188,
    24.717477798461914,
    25.37558364868164,
    29.105249404907227,
    30.690580368041992
  ],
  "loss_trace": [
    {
      "step": 0,
      "total": 8.853493261778354,
      "emo": 8.853439331054688,
      "asr": 0.5393072366714478,
      "per": 0.0,
      "lambda_emo": 1.0,
      "lambda_asr": 0.0001,
      "lambda_per": 0.0
    },
    {
      "step": 1,
      "total": 3.748858833760023,
      "emo": 3.7488226890563965,
      "asr": 0.3614470362663269,
      "per": 0.04310235381126404,
      "lambda_emo": 1.0,
      "lambda_asr": 0.0001,
      "lambda_per": 0.0
    },
    {
      "step": 2,
      "total": 3.814225128003955,
      "emo": 3.8141794204711914,
      "asr": 0.4570753276348114,
      "per": 0.03661585971713066,
      "lambda_emo": 1.0,
      "lambda_asr": 0.0001,
      "lambda_per": 0.0
    },
    {
      "step": 3,
      "total": 2.7669032232642174,
      "emo": 2.766808032989502,
      "asr": 0.9519027471542358,
      "per": 0.04330288618803024,
      "lambda_emo": 1.0,
      "lambda_asr": 0.0001,
      "lambda_per": 0.0
    },
    {
      "step": 4,
      "total": 3.1985792216300966,
      "emo": 3.198505401611328,
      "asr": 0.7382001876831055,
      "per": 0.04877740144729614,
      "lambda_emo": 1.0,
      "lambda_asr": 0.0001,
      "lambda_per": 0.0
    },
    {
      "step": 5,
      "total": 2.7390935525655746,
      "emo": 2.7390048503875732,
      "asr": 0.8870217800140381,
      "per": 0.03614792972803116,
      "lambda_emo": 1.0,
      "lambda_asr": 0.0001,
      "lambda_per": 0.0
    },
    {
      "step": 6,
      "total": 2.3273710175395013,
      "emo": 2.327317476272583,
      "asr": 0.5354126691818237,
      "per": 0.048742055892944336,
      "lambda_emo": 1.0,
      "lambda_asr": 0.0001,
      "lambda_per": 0.0
    },
    {
      "step": 7,
      "total": 2.159976288342476,
      "emo": 2.1598868370056152,
      "asr": 0.8945133686065674,
      "per": 0.05223306640982628,
      "lambda_emo": 1.0,
      "lambda_asr": 0.0001,
      "lambda_per": 0.0
    },
    {
      "step": 8,
      "total": 1.9303173607826234,
      "emo": 1.930171012878418,
      "asr": 1.4634790420532227,
      "per": 0.04978896304965019,
      "lambda_emo": 1.0,
      "lambda_asr": 0.0001,
      "lambda_per": 0.0
    },
    {
      "step": 9,
      "total": 1.8796817288398742,
      "emo": 1.8794715404510498,
      "asr": 2.101883888244629,
      "per": 0.043957024812698364,
      "lambda_emo": 1.0,
      "lambda_asr": 0.0001,
      "lambda_per": 0.0
    },
    {
      "step": 10,
      "total": 1.368701796591282,
      "emo": 1.3685588836669922,
      "asr": 1.4291292428970337,
      "per": 0.048559315502643585,
      "lambda_emo": 1.0,
      "lambda_asr": 0.0001,
      "lambda_per": 0.0
    },
    {
      "step": 11,
      "total": 1.6358544349193573,
      "emo": 1.635671615600586,
      "asr": 1.828193187713623,
      "per": 0.03857368975877762,
      "lambda_emo": 1.0,
      "lambda_asr": 0.0001,
      "lambda_per": 0.0
    },
    {
      "step": 12,
      "total": 1.566080240035057,
      "emo": 1.566007375717163,
      "asr": 0.7286431789398193,
      "per": 0.046929650008678436,
      "lambda_emo": 1.0,
      "lambda_asr": 0.0001,
      "lambda_per": 0.0
    },
    {
      "step": 13,
      "total": 1.2682028100460767,
      "emo": 1.2681723833084106,
      "asr": 0.30426737666130066,
      "per": 0.04317674785852432,
      "lambda_emo": 1.0,
      "lambda_asr": 0.0001,
      "lambda_per": 0.0
    },
    {
      "step": 14,
      "total": 1.281058451074362,
      "emo": 1.280989646911621,
      "asr": 0.688041627407074,
      "per": 0.036145783960819244,
      "lambda_emo": 1.0,
      "lambda_asr": 0.0001,
      "lambda_per": 0.0
    },
    {
      "step": 15,
      "total": 1.7176112729370594,
      "emo": 1.7175264358520508,
      "asr": 0.8483708500862122,
      "per": 0.03721819818019867,
      "lambda_emo": 1.0,
      "lambda_asr": 0.0001,
      "lambda_per": 0.0
    },
    {
      "step": 16,
      "total": 1.6850089321851731,
      "emo": 1.6848629713058472,
      "asr": 1.459608793258667,
      "per": 0.044605426490306854,
      "lambda_emo": 1.0,
      "lambda_asr": 0.0001,
      "lambda_per": 0.0
    },
    {
      "step": 17,
      "total": 1.4758730633735657,
      "emo": 1.4757323265075684,
      "asr": 1.4073686599731445,
      "per": 0.050009094178676605,
      "lambda_emo": 1.0,
      "lambda_asr": 0.0001,
      "lambda_per": 0.0
    },
    {
      "step": 18,
      "total": 2.1444391657829285,
      "emo": 2.14432430267334,
      "asr": 1.1486310958862305,
      "per": 0.05175940319895744,
      "lambda_emo": 1.0,
      "lambda_asr": 0.0001,
      "lambda_per": 0.0
    },
    {
      "step": 19,
      "total": 1.5316978142261506,
      "emo": 1.5315234661102295,
      "asr": 1.743481159210205,
      "per": 0.050484366714954376,
      "lambda_emo": 1.0,
      "lambda_asr": 0.0001,
      "lambda_per": 0.0
    },
    {
      "step": 20,
      "total": 1.5647906458303333,
      "emo": 1.557066798210144,
      "asr": 0.7723489999771118,
      "per": 0.03576204180717468,
      "lambda_emo": 1.0,
      "lambda_asr": 0.01,
      "lambda_per": 1e-05
    },
    {
      "step": 21,
      "total": 1.194656923025623,
      "emo": 1.1807639598846436,
      "asr": 1.3892580270767212,
      "per": 0.03828702121973038,
      "lambda_emo": 1.0,
      "lambda_asr": 0.01,
      "lambda_per": 1e-05
    },
    {
      "step": 22,
      "total": 1.2773957324715703,
      "emo": 1.273407220840454,
      "asr": 0.39880093932151794,
      "per": 0.05022379010915756,
      "lambda_emo": 1.0,
      "lambda_asr": 0.01,
      "lambda_per": 1e-05
    },
    {
      "step": 23,
      "total": 1.3403190762870012,
      "emo": 1.3262590169906616,
      "asr": 1.4059547185897827,
      "per": 0.05121104419231415,
      "lambda_emo": 1.0,