{
  "sample_id": "00326_0003_angry_0003_000381",
  "path": "/data1/lixiang/OpenS2S_dataset/ESD/CN/0003/Angry/0003_000381.wav",
  "speaker_id": "0003",
  "ground_truth_emotion": "angry",
  "target_emotion": "happy",
  "emo_text_clean": [
    "Angry",
    "\u62b1\u6b49",
    "\u62b1\u6b49"
  ],
  "emo_text_adv": [
    "Happy",
    "happy",
    "\u6211\u559c\u6b22\u505a\u624b\u5de5\u548c\u753b\u753b"
  ],
  "emo_pred_clean": [
    "angry",
    "",
    ""
  ],
  "emo_pred_adv": [
    "happy",
    "happy",
    ""
  ],
  "asr_text_clean": "\u62b1\u6b49",
  "asr_text_adv": "\u6211\u559c\u6b22\u505a\u624b\u5de5\u548c\u753b\u753b",
  "success_emo": false,
  "wer": 1.0,
  "semantic_sim": 0.05932958424091339,
  "semantic_preserved": false,
  "delta_linf": 0.008000001311302185,
  "delta_l2": 0.9930738806724548,
  "snr_db": 20.17823911619084,
  "grad_norm_trace": [
    376.4246826171875,
    188.6062774658203,
    114.55237579345703,
    108.60548400878906,
    230.08203125,
    70.55499267578125,
    39.459590911865234,
    51.153587341308594,
    116.24726867675781,
    60.456817626953125,
    76.15287017822266,
    179.41845703125,
    46.20706558227539,
    46.820404052734375,
    37.16767120361328,
    42.33804702758789,
    34.511192321777344,
    62.669193267822266,
    57.27442932128906,
    83.72087860107422,
    49.54618453979492,
    61.398681640625,
    33.838951110839844,
    36.040733337402344,
    28.776195526123047,
    25.081493377685547,
    23.0828800201416,
    50.33109664916992,
    27.36627197265625,
    25.49319839477539,
    30.024208068847656,
    29.91180419921875,
    21.88094711303711,
    35.183189392089844,
    32.10752868652344,
    26.878082275390625,
    26.965084075927734,
    37.282958984375,
    25.022958755493164,
    56.2252082824707,
    43.04499816894531,
    27.662458419799805,
    28.283157348632812,
    30.436656951904297,
    24.224931716918945,
    27.139257431030273,
    35.851078033447266,
    45.22401428222656,
    33.89276123046875,
    25.198171615600586,
    22.794620513916016,
    61.26356887817383,
    22.992677688598633,
    34.61922073364258,
    47.68293380737305,
    86.53475952148438,
    36.122039794921875,
    30.338590621948242,
    45.02499008178711,
    60.86280822753906
  ],
  "loss_trace": [
    {
      "step": 0,
      "total": 11.784840671044588,
      "emo": 11.784793853759766,
      "asr": 0.4681728482246399,
      "per": 0.0,
      "lambda_emo": 1.0,
      "lambda_asr": 0.0001,
      "lambda_per": 0.0
    },
    {
      "step": 1,
      "total": 6.869001875829697,
      "emo": 6.868638038635254,
      "asr": 3.6383719444274902,
      "per": 0.025154288858175278,
      "lambda_emo": 1.0,
      "lambda_asr": 0.0001,
      "lambda_per": 0.0
    },
    {
      "step": 2,
      "total": 6.673065989398956,
      "emo": 6.672842979431152,
      "asr": 2.230099678039551,
      "per": 0.027225308120250702,
      "lambda_emo": 1.0,
      "lambda_asr": 0.0001,
      "lambda_per": 0.0
    },
    {
      "step": 3,
      "total": 6.541440184116364,
      "emo": 6.540938377380371,
      "asr": 5.018067359924316,
      "per": 0.03479229658842087,
      "lambda_emo": 1.0,
      "lambda_asr": 0.0001,
      "lambda_per": 0.0
    },
    {
      "step": 4,
      "total": 4.9047504880905155,
      "emo": 4.904160976409912,
      "asr": 5.895116806030273,
      "per": 0.03166715055704117,
      "lambda_emo": 1.0,
      "lambda_asr": 0.0001,
      "lambda_per": 0.0
    },
    {
      "step": 5,
      "total": 4.300361664104462,
      "emo": 4.2998046875,
      "asr": 5.569766044616699,
      "per": 0.031432777643203735,
      "lambda_emo": 1.0,
      "lambda_asr": 0.0001,
      "lambda_per": 0.0
    },
    {
      "step": 6,
      "total": 3.8176220027923584,
      "emo": 3.8169171810150146,
      "asr": 7.0482177734375,
      "per": 0.02882317826151848,
      "lambda_emo": 1.0,
      "lambda_asr": 0.0001,
      "lambda_per": 0.0
    },
    {
      "step": 7,
      "total": 4.256203821468353,
      "emo": 4.255650520324707,
      "asr": 5.533011436462402,
      "per": 0.03579721972346306,
      "lambda_emo": 1.0,
      "lambda_asr": 0.0001,
      "lambda_per": 0.0
    },
    {
      "step": 8,
      "total": 4.025657213592529,
      "emo": 4.024843215942383,
      "asr": 8.139976501464844,
      "per": 0.03238768130540848,
      "lambda_emo": 1.0,
      "lambda_asr": 0.0001,
      "lambda_per": 0.0
    },
    {
      "step": 9,
      "total": 4.073041961145401,
      "emo": 4.072424411773682,
      "asr": 6.1754937171936035,
      "per": 0.03380658105015755,
      "lambda_emo": 1.0,
      "lambda_asr": 0.0001,
      "lambda_per": 0.0
    },
    {
      "step": 10,
      "total": 3.272775197696686,
      "emo": 3.2721424102783203,
      "asr": 6.327874183654785,
      "per": 0.031790442764759064,
      "lambda_emo": 1.0,
      "lambda_asr": 0.0001,
      "lambda_per": 0.0
    },
    {
      "step": 11,
      "total": 3.032176934528351,
      "emo": 3.03155779838562,
      "asr": 6.191361427307129,
      "per": 0.031262628734111786,
      "lambda_emo": 1.0,
      "lambda_asr": 0.0001,
      "lambda_per": 0.0
    },
    {
      "step": 12,
      "total": 3.4675274471282957,
      "emo": 3.4668681621551514,
      "asr": 6.5928497314453125,
      "per": 0.042268719524145126,
      "lambda_emo": 1.0,
      "lambda_asr": 0.0001,
      "lambda_per": 0.0
    },
    {
      "step": 13,
      "total": 2.729597602891922,
      "emo": 2.7289187908172607,
      "asr": 6.788120746612549,
      "per": 0.04064086452126503,
      "lambda_emo": 1.0,
      "lambda_asr": 0.0001,
      "lambda_per": 0.0
    },
    {
      "step": 14,
      "total": 3.4162191954612733,
      "emo": 3.415647268295288,
      "asr": 5.719271659851074,
      "per": 0.03239525109529495,
      "lambda_emo": 1.0,
      "lambda_asr": 0.0001,
      "lambda_per": 0.0
    },
    {
      "step": 15,
      "total": 3.4301045207977294,
      "emo": 3.4294915199279785,
      "asr": 6.130008697509766,
      "per": 0.04170095920562744,
      "lambda_emo": 1.0,
      "lambda_asr": 0.0001,
      "lambda_per": 0.0
    },
    {
      "step": 16,
      "total": 2.929140201663971,
      "emo": 2.9284234046936035,
      "asr": 7.167969703674316,
      "per": 0.04608423635363579,
      "lambda_emo": 1.0,
      "lambda_asr": 0.0001,
      "lambda_per": 0.0
    },
    {
      "step": 17,
      "total": 2.7684518700122833,
      "emo": 2.767855644226074,
      "asr": 5.9622578620910645,
      "per": 0.043300241231918335,
      "lambda_emo": 1.0,
      "lambda_asr": 0.0001,
      "lambda_per": 0.0
    },
    {
      "step": 18,
      "total": 2.557942495441437,
      "emo": 2.557277202606201,
      "asr": 6.652928352355957,
      "per": 0.0452427938580513,
      "lambda_emo": 1.0,
      "lambda_asr": 0.0001,
      "lambda_per": 0.0
    },
    {
      "step": 19,
      "total": 2.6248345091819765,
      "emo": 2.6240639686584473,
      "asr": 7.705405235290527,
      "per": 0.04084208235144615,
      "lambda_emo": 1.0,
      "lambda_asr": 0.0001,
      "lambda_per": 0.0
    },
    {
      "step": 20,
      "total": 2.88032513809409,
      "emo": 2.8158986568450928,
      "asr": 6.442610740661621,
      "per": 0.037384238094091415,
      "lambda_emo": 1.0,
      "lambda_asr": 0.01,
      "lambda_per": 1e-05
    },
    {
      "step": 21,
      "total": 2.4142250570987165,
      "emo": 2.3551101684570312,
      "asr": 5.911451816558838,
      "per": 0.0370476096868515,
      "lambda_emo": 1.0,
      "lambda_asr": 0.01,
      "lambda_per": 1e-05
    },
    {
      "step": 22,
      "total": 2.9413442685573923,
      "emo": 2.8679556846618652,
      "asr": 7.338809013366699,
      "per": 0.04937618598341942,
      "lambda_emo": 1.0,
      "lambda_asr": 0.01,
      "lambda_per": 1e-05
    },
    {
      "step": 23,
      "total": 2.4855481312964858,
      "emo": 2.4186248779296875,
      "asr": 6.692287921905518,
      "per": 0.03741477429866791,
      "lambda_emo": 1.0,