{
  "sample_id": "00325_0003_angry_0003_000606",
  "path": "/data1/lixiang/OpenS2S_dataset/ESD/CN/0003/Angry/0003_000606.wav",
  "speaker_id": "0003",
  "ground_truth_emotion": "angry",
  "target_emotion": "happy",
  "emo_text_clean": [
    "Angry",
    "Angry",
    "\u5f53\u7136\u53ef\u4ee5\uff0c\u6211\u5728\u8fd9\u91cc\u966a\u7740"
  ],
  "emo_text_adv": [
    "Happy",
    "Happy",
    "Happy"
  ],
  "emo_pred_clean": [
    "angry",
    "angry",
    ""
  ],
  "emo_pred_adv": [
    "happy",
    "happy",
    "happy"
  ],
  "asr_text_clean": "\u6211\u966a\u4f60",
  "asr_text_adv": "\u966a\u4f60",
  "success_emo": true,
  "wer": 1.0,
  "semantic_sim": 0.8823513388633728,
  "semantic_preserved": true,
  "delta_linf": 0.008000001311302185,
  "delta_l2": 0.9446859359741211,
  "snr_db": 16.00850825532447,
  "grad_norm_trace": [
    241.5553436279297,
    341.82928466796875,
    102.99227905273438,
    56.27529525756836,
    109.87873840332031,
    117.90322875976562,
    53.68984603881836,
    107.7801284790039,
    55.578102111816406,
    73.67939758300781,
    146.76881408691406,
    71.40775299072266,
    43.7086296081543,
    280.7337951660156,
    61.54954147338867,
    74.63301086425781,
    91.25336456298828,
    147.6408233642578,
    98.3172378540039,
    93.53584289550781,
    48.28965377807617,
    72.94584655761719,
    186.05807495117188,
    79.82470703125,
    95.9007339477539,
    73.94967651367188,
    48.24301528930664,
    140.87359619140625,
    49.19061279296875,
    59.57296371459961,
    128.5308837890625,
    86.69464111328125,
    76.84406280517578,
    28.194185256958008,
    98.598876953125,
    30.953964233398438,
    62.99854278564453,
    70.68546295166016,
    36.195430755615234,
    67.66336059570312,
    27.403310775756836,
    52.70349884033203,
    50.395442962646484,
    38.31236267089844,
    113.8033676147461,
    47.25204086303711,
    86.02117156982422,
    70.0545425415039,
    38.24863052368164,
    36.03023910522461,
    65.24085235595703,
    29.491168975830078,
    86.72052764892578,
    42.88347625732422,
    51.19346237182617,
    24.18280792236328,
    55.997459411621094,
    24.806591033935547,
    37.91904067993164,
    122.51226806640625
  ],
  "loss_trace": [
    {
      "step": 0,
      "total": 10.144414697611332,
      "emo": 10.144308090209961,
      "asr": 1.066074013710022,
      "per": 0.0,
      "lambda_emo": 1.0,
      "lambda_asr": 0.0001,
      "lambda_per": 0.0
    },
    {
      "step": 1,
      "total": 5.272816170823574,
      "emo": 5.272638320922852,
      "asr": 1.7784990072250366,
      "per": 0.014916593208909035,
      "lambda_emo": 1.0,
      "lambda_asr": 0.0001,
      "lambda_per": 0.0
    },
    {
      "step": 2,
      "total": 4.609040929210186,
      "emo": 4.608893394470215,
      "asr": 1.4753473997116089,
      "per": 0.026390109211206436,
      "lambda_emo": 1.0,
      "lambda_asr": 0.0001,
      "lambda_per": 0.0
    },
    {
      "step": 3,
      "total": 3.914037929868698,
      "emo": 3.913861036300659,
      "asr": 1.7689356803894043,
      "per": 0.03448435291647911,
      "lambda_emo": 1.0,
      "lambda_asr": 0.0001,
      "lambda_per": 0.0
    },
    {
      "step": 4,
      "total": 3.111821874976158,
      "emo": 3.1116695404052734,
      "asr": 1.523345708847046,
      "per": 0.030554581433534622,
      "lambda_emo": 1.0,
      "lambda_asr": 0.0001,
      "lambda_per": 0.0
    },
    {
      "step": 5,
      "total": 3.3982700256109237,
      "emo": 3.3981339931488037,
      "asr": 1.3603246212005615,
      "per": 0.03114641271531582,
      "lambda_emo": 1.0,
      "lambda_asr": 0.0001,
      "lambda_per": 0.0
    },
    {
      "step": 6,
      "total": 2.705107415306568,
      "emo": 2.704970121383667,
      "asr": 1.3729392290115356,
      "per": 0.029816076159477234,
      "lambda_emo": 1.0,
      "lambda_asr": 0.0001,
      "lambda_per": 0.0
    },
    {
      "step": 7,
      "total": 2.534285273230076,
      "emo": 2.5340943336486816,
      "asr": 1.9093958139419556,
      "per": 0.037484310567379,
      "lambda_emo": 1.0,
      "lambda_asr": 0.0001,
      "lambda_per": 0.0
    },
    {
      "step": 8,
      "total": 3.2168151376008987,
      "emo": 3.2166800498962402,
      "asr": 1.350877046585083,
      "per": 0.03476705402135849,
      "lambda_emo": 1.0,
      "lambda_asr": 0.0001,
      "lambda_per": 0.0
    },
    {
      "step": 9,
      "total": 3.055664780163765,
      "emo": 3.0555572509765625,
      "asr": 1.0752918720245361,
      "per": 0.03541082143783569,
      "lambda_emo": 1.0,
      "lambda_asr": 0.0001,
      "lambda_per": 0.0
    },
    {
      "step": 10,
      "total": 4.747469766056538,
      "emo": 4.747287273406982,
      "asr": 1.824926495552063,
      "per": 0.03373356908559799,
      "lambda_emo": 1.0,
      "lambda_asr": 0.0001,
      "lambda_per": 0.0
    },
    {
      "step": 11,
      "total": 3.1311522391557696,
      "emo": 3.131045341491699,
      "asr": 1.068976640701294,
      "per": 0.034116845577955246,
      "lambda_emo": 1.0,
      "lambda_asr": 0.0001,
      "lambda_per": 0.0
    },
    {
      "step": 12,
      "total": 2.0722462563991546,
      "emo": 2.072096824645996,
      "asr": 1.4943175315856934,
      "per": 0.04466952010989189,
      "lambda_emo": 1.0,
      "lambda_asr": 0.0001,
      "lambda_per": 0.0
    },
    {
      "step": 13,
      "total": 2.3406221436858177,
      "emo": 2.3405041694641113,
      "asr": 1.1797422170639038,
      "per": 0.04292697831988335,
      "lambda_emo": 1.0,
      "lambda_asr": 0.0001,
      "lambda_per": 0.0
    },
    {
      "step": 14,
      "total": 2.5647481357812882,
      "emo": 2.5646374225616455,
      "asr": 1.1071321964263916,
      "per": 0.03528134897351265,
      "lambda_emo": 1.0,
      "lambda_asr": 0.0001,
      "lambda_per": 0.0
    },
    {
      "step": 15,
      "total": 2.2386592944979666,
      "emo": 2.2385196685791016,
      "asr": 1.3962591886520386,
      "per": 0.04560297355055809,
      "lambda_emo": 1.0,
      "lambda_asr": 0.0001,
      "lambda_per": 0.0
    },
    {
      "step": 16,
      "total": 3.120478262758255,
      "emo": 3.12031626701355,
      "asr": 1.619957447052002,
      "per": 0.050558965653181076,
      "lambda_emo": 1.0,
      "lambda_asr": 0.0001,
      "lambda_per": 0.0
    },
    {
      "step": 17,
      "total": 3.033199994802475,
      "emo": 3.0330398082733154,
      "asr": 1.601865291595459,
      "per": 0.04750381410121918,
      "lambda_emo": 1.0,
      "lambda_asr": 0.0001,
      "lambda_per": 0.0
    },
    {
      "step": 18,
      "total": 2.6516562810659408,
      "emo": 2.6514954566955566,
      "asr": 1.608243703842163,
      "per": 0.05045012757182121,
      "lambda_emo": 1.0,
      "lambda_asr": 0.0001,
      "lambda_per": 0.0
    },
    {
      "step": 19,
      "total": 2.7539553739786147,
      "emo": 2.7538084983825684,
      "asr": 1.4687559604644775,
      "per": 0.04577697813510895,
      "lambda_emo": 1.0,
      "lambda_asr": 0.0001,
      "lambda_per": 0.0
    },
    {
      "step": 20,
      "total": 2.0570396229859442,
      "emo": 2.040595531463623,
      "asr": 1.6443673372268677,
      "per": 0.041815005242824554,
      "lambda_emo": 1.0,
      "lambda_asr": 0.01,
      "lambda_per": 1e-05
    },
    {
      "step": 21,
      "total": 2.986478176062256,
      "emo": 2.9700355529785156,
      "asr": 1.6442211866378784,
      "per": 0.04112173616886139,
      "lambda_emo": 1.0,
      "lambda_asr": 0.01,
      "lambda_per": 1e-05
    },
    {
      "step": 22,
      "total": 3.8868854134994746,
      "emo": 3.8676676750183105,
      "asr": 1.9217193126678467,
      "per": 0.05453544855117798,
      "lambda_emo": 1.0,
      "lambda_asr": 0.01,
      "lambda_per": 1e-05
    },
    {
      "step": 23,
      "total": 3.069535421921872,
      "emo": 3.0527052879333496,
      "asr": 1.6829705238342285,
      "per": 0.0428750179708004,
      "lambda_emo": 1.0,
      "lambda_asr": 0.01,