{
  "sample_id": "00338_0003_angry_0003_000437",
  "path": "/data1/lixiang/OpenS2S_dataset/ESD/CN/0003/Angry/0003_000437.wav",
  "speaker_id": "0003",
  "ground_truth_emotion": "angry",
  "target_emotion": "happy",
  "emo_text_clean": [
    "Angry",
    "Angry",
    "\u55ef\uff0c\u542c\u8d77\u6765"
  ],
  "emo_text_adv": [
    "Happy",
    "Happy",
    "Happy"
  ],
  "emo_pred_clean": [
    "angry",
    "angry",
    ""
  ],
  "emo_pred_adv": [
    "happy",
    "happy",
    "happy"
  ],
  "asr_text_clean": "\u55ef\uff0c\u6211\u660e\u767d\u4f60\u7684\u610f\u601d\u3002",
  "asr_text_adv": "\u5c0f\u732b\u54aa",
  "success_emo": true,
  "wer": 1.0,
  "semantic_sim": 0.2113424688577652,
  "semantic_preserved": false,
  "delta_linf": 0.008000001311302185,
  "delta_l2": 1.0069583654403687,
  "snr_db": 12.244358166782018,
  "grad_norm_trace": [
    635.3299560546875,
    425.6977844238281,
    103.72399139404297,
    106.45841979980469,
    295.6317443847656,
    99.71947479248047,
    85.95278930664062,
    137.15602111816406,
    72.17993927001953,
    104.97566223144531,
    75.47679138183594,
    76.25672912597656,
    63.12660598754883,
    73.606201171875,
    158.0406951904297,
    62.91838836669922,
    202.08021545410156,
    94.46223449707031,
    126.24413299560547,
    43.11542510986328,
    52.44865798950195,
    59.471073150634766,
    102.22412109375,
    63.755882263183594,
    28.347896575927734,
    54.63319778442383,
    35.53657150268555,
    35.73661804199219,
    45.49955749511719,
    107.22737121582031,
    28.195125579833984,
    43.68467330932617,
    21.235713958740234,
    23.95269012451172,
    34.523555755615234,
    149.34912109375,
    124.42880249023438,
    97.73690032958984,
    44.671321868896484,
    56.87687301635742,
    43.572540283203125,
    164.67581176757812,
    52.44471740722656,
    228.05860900878906,
    79.99649047851562,
    92.02320861816406,
    138.54409790039062,
    67.88269805908203,
    40.79582977294922,
    65.20938873291016,
    35.971824645996094,
    66.6392593383789,
    44.2811279296875,
    49.900333404541016,
    28.773448944091797,
    19.530834197998047,
    22.930992126464844,
    37.08083724975586,
    50.593475341796875,
    106.67903900146484
  ],
  "loss_trace": [
    {
      "step": 0,
      "total": 12.950187790992857,
      "emo": 12.950145721435547,
      "asr": 0.42069557309150696,
      "per": 0.0,
      "lambda_emo": 1.0,
      "lambda_asr": 0.0001,
      "lambda_per": 0.0
    },
    {
      "step": 1,
      "total": 8.124157211625576,
      "emo": 8.12405776977539,
      "asr": 0.9944185018539429,
      "per": 0.02887825481593609,
      "lambda_emo": 1.0,
      "lambda_asr": 0.0001,
      "lambda_per": 0.0
    },
    {
      "step": 2,
      "total": 6.77054405246973,
      "emo": 6.770430564880371,
      "asr": 1.1348758935928345,
      "per": 0.04382769390940666,
      "lambda_emo": 1.0,
      "lambda_asr": 0.0001,
      "lambda_per": 0.0
    },
    {
      "step": 3,
      "total": 6.56062545325756,
      "emo": 6.560523509979248,
      "asr": 1.019432783126831,
      "per": 0.05033528804779053,
      "lambda_emo": 1.0,
      "lambda_asr": 0.0001,
      "lambda_per": 0.0
    },
    {
      "step": 4,
      "total": 6.91651612881422,
      "emo": 6.916400909423828,
      "asr": 1.1521939039230347,
      "per": 0.053368642926216125,
      "lambda_emo": 1.0,
      "lambda_asr": 0.0001,
      "lambda_per": 0.0
    },
    {
      "step": 5,
      "total": 5.328125585865974,
      "emo": 5.327996253967285,
      "asr": 1.2933189868927002,
      "per": 0.04155667871236801,
      "lambda_emo": 1.0,
      "lambda_asr": 0.0001,
      "lambda_per": 0.0
    },
    {
      "step": 6,
      "total": 5.837304336071014,
      "emo": 5.837164878845215,
      "asr": 1.3945722579956055,
      "per": 0.044875796884298325,
      "lambda_emo": 1.0,
      "lambda_asr": 0.0001,
      "lambda_per": 0.0
    },
    {
      "step": 7,
      "total": 4.9991248464226725,
      "emo": 4.998966217041016,
      "asr": 1.5862938165664673,
      "per": 0.05020804703235626,
      "lambda_emo": 1.0,
      "lambda_asr": 0.0001,
      "lambda_per": 0.0
    },
    {
      "step": 8,
      "total": 4.328795217645168,
      "emo": 4.328634262084961,
      "asr": 1.6095556020736694,
      "per": 0.04248105734586716,
      "lambda_emo": 1.0,
      "lambda_asr": 0.0001,
      "lambda_per": 0.0
    },
    {
      "step": 9,
      "total": 4.027699163663387,
      "emo": 4.027534008026123,
      "asr": 1.651556372642517,
      "per": 0.0405317023396492,
      "lambda_emo": 1.0,
      "lambda_asr": 0.0001,
      "lambda_per": 0.0
    },
    {
      "step": 10,
      "total": 3.927555270922184,
      "emo": 3.927363872528076,
      "asr": 1.913983941078186,
      "per": 0.05194535106420517,
      "lambda_emo": 1.0,
      "lambda_asr": 0.0001,
      "lambda_per": 0.0
    },
    {
      "step": 11,
      "total": 3.6714427014231683,
      "emo": 3.6712570190429688,
      "asr": 1.8568238019943237,
      "per": 0.0493161678314209,
      "lambda_emo": 1.0,
      "lambda_asr": 0.0001,
      "lambda_per": 0.0
    },
    {
      "step": 12,
      "total": 3.9324999131560325,
      "emo": 3.9323031902313232,
      "asr": 1.9672292470932007,
      "per": 0.03888145089149475,
      "lambda_emo": 1.0,
      "lambda_asr": 0.0001,
      "lambda_per": 0.0
    },
    {
      "step": 13,
      "total": 3.3291939754724504,
      "emo": 3.3290250301361084,
      "asr": 1.689453363418579,
      "per": 0.04123206436634064,
      "lambda_emo": 1.0,
      "lambda_asr": 0.0001,
      "lambda_per": 0.0
    },
    {
      "step": 14,
      "total": 4.545649130380154,
      "emo": 4.545505046844482,
      "asr": 1.4408353567123413,
      "per": 0.041377194225788116,
      "lambda_emo": 1.0,
      "lambda_asr": 0.0001,
      "lambda_per": 0.0
    },
    {
      "step": 15,
      "total": 4.286461988055706,
      "emo": 4.28627347946167,
      "asr": 1.885085940361023,
      "per": 0.04600910097360611,
      "lambda_emo": 1.0,
      "lambda_asr": 0.0001,
      "lambda_per": 0.0
    },
    {
      "step": 16,
      "total": 4.504789173698425,
      "emo": 4.504613876342773,
      "asr": 1.7529735565185547,
      "per": 0.05770714581012726,
      "lambda_emo": 1.0,
      "lambda_asr": 0.0001,
      "lambda_per": 0.0
    },
    {
      "step": 17,
      "total": 3.883920516371727,
      "emo": 3.8837153911590576,
      "asr": 2.0512521266937256,
      "per": 0.04275565966963768,
      "lambda_emo": 1.0,
      "lambda_asr": 0.0001,
      "lambda_per": 0.0
    },
    {
      "step": 18,
      "total": 4.1700590476036075,
      "emo": 4.169859409332275,
      "asr": 1.996382713317871,
      "per": 0.05609208345413208,
      "lambda_emo": 1.0,
      "lambda_asr": 0.0001,
      "lambda_per": 0.0
    },
    {
      "step": 19,
      "total": 3.9134708110809324,
      "emo": 3.913315534591675,
      "asr": 1.552764892578125,
      "per": 0.04826609045267105,
      "lambda_emo": 1.0,
      "lambda_asr": 0.0001,
      "lambda_per": 0.0
    },
    {
      "step": 20,
      "total": 3.707108543777317,
      "emo": 3.6883437633514404,
      "asr": 1.876424789428711,
      "per": 0.053253158926963806,
      "lambda_emo": 1.0,
      "lambda_asr": 0.01,
      "lambda_per": 1e-05
    },
    {
      "step": 21,
      "total": 3.1037772970039024,
      "emo": 3.0865626335144043,
      "asr": 1.7214266061782837,
      "per": 0.03974277153611183,
      "lambda_emo": 1.0,
      "lambda_asr": 0.01,
      "lambda_per": 1e-05
    },
    {
      "step": 22,
      "total": 3.1286277888831497,
      "emo": 3.1096761226654053,
      "asr": 1.8951140642166138,
      "per": 0.052557557821273804,
      "lambda_emo": 1.0,
      "lambda_asr": 0.01,
      "lambda_per": 1e-05
    },
    {
      "step": 23,
      "total": 2.687600165368095,
      "emo": 2.668022632598877,
      "asr": 1.9577077627182007,
      "per": 0.04551420360803604,
      "lambda_emo": 1.0,
      "lambda_asr": 0.01,