{
  "sample_id": "00450_0003_neutral_0003_000109",
  "path": "/data1/lixiang/OpenS2S_dataset/ESD/CN/0003/Neutral/0003_000109.wav",
  "speaker_id": "0003",
  "ground_truth_emotion": "neutral",
  "target_emotion": "happy",
  "emo_text_clean": [
    "Sad",
    "Neutral",
    "\u4f60\u542c\u8d77\u6765"
  ],
  "emo_text_adv": [
    "Happy",
    "Happy",
    "happy"
  ],
  "emo_pred_clean": [
    "sad",
    "neutral",
    ""
  ],
  "emo_pred_adv": [
    "happy",
    "happy",
    "happy"
  ],
  "asr_text_clean": "\u6211\u5176\u5b9e\u633a\u997f\u7684\u3002",
  "asr_text_adv": "\u6211\u53ca\u65f6\u8d76\u5230\u4e86\u3002",
  "success_emo": true,
  "wer": 1.0,
  "semantic_sim": 0.2560439109802246,
  "semantic_preserved": false,
  "delta_linf": 0.008000001311302185,
  "delta_l2": 0.9803354740142822,
  "snr_db": 13.263548518120833,
  "grad_norm_trace": [
    3011.410888671875,
    300.827880859375,
    336.6037292480469,
    124.51984405517578,
    128.626220703125,
    239.59678649902344,
    111.58744812011719,
    147.60430908203125,
    93.93053436279297,
    215.64707946777344,
    44.5211296081543,
    57.369850158691406,
    95.23158264160156,
    40.730926513671875,
    51.36457824707031,
    84.22737121582031,
    54.86366271972656,
    43.82966232299805,
    19.627309799194336,
    33.2984733581543,
    56.66287612915039,
    65.53173065185547,
    91.0084457397461,
    116.66313171386719,
    46.66825485229492,
    49.599021911621094,
    41.18547058105469,
    72.97188568115234,
    75.3625259399414,
    128.66990661621094,
    59.116127014160156,
    51.91647720336914,
    52.596038818359375,
    53.86839294433594,
    50.95550537109375,
    54.838043212890625,
    31.89497184753418,
    25.069629669189453,
    23.568532943725586,
    28.915006637573242,
    17.118690490722656,
    677.086181640625,
    89.82561492919922,
    212.31222534179688,
    50.490325927734375,
    124.1933822631836,
    96.91136169433594,
    68.85247802734375,
    40.466957092285156,
    94.47503662109375,
    58.29624557495117,
    40.60880661010742,
    53.22688674926758,
    27.55429458618164,
    30.97947883605957,
    29.297163009643555,
    34.55746078491211,
    63.583839416503906,
    35.8865966796875,
    27.03691864013672
  ],
  "loss_trace": [
    {
      "step": 0,
      "total": 9.657533005622774,
      "emo": 9.657524108886719,
      "asr": 0.08896736055612564,
      "per": 0.0,
      "lambda_emo": 1.0,
      "lambda_asr": 0.0001,
      "lambda_per": 0.0
    },
    {
      "step": 1,
      "total": 8.646368227421492,
      "emo": 8.646358489990234,
      "asr": 0.0973743125796318,
      "per": 0.06546889245510101,
      "lambda_emo": 1.0,
      "lambda_asr": 0.0001,
      "lambda_per": 0.0
    },
    {
      "step": 2,
      "total": 6.900929378958047,
      "emo": 6.90091609954834,
      "asr": 0.1327940970659256,
      "per": 0.06677746027708054,
      "lambda_emo": 1.0,
      "lambda_asr": 0.0001,
      "lambda_per": 0.0
    },
    {
      "step": 3,
      "total": 6.695950468994677,
      "emo": 6.695937156677246,
      "asr": 0.13312317430973053,
      "per": 0.051240451633930206,
      "lambda_emo": 1.0,
      "lambda_asr": 0.0001,
      "lambda_per": 0.0
    },
    {
      "step": 4,
      "total": 5.607303777976334,
      "emo": 5.6072845458984375,
      "asr": 0.19232077896595,
      "per": 0.05767969787120819,
      "lambda_emo": 1.0,
      "lambda_asr": 0.0001,
      "lambda_per": 0.0
    },
    {
      "step": 5,
      "total": 5.797230440734327,
      "emo": 5.79721212387085,
      "asr": 0.18316863477230072,
      "per": 0.05618023872375488,
      "lambda_emo": 1.0,
      "lambda_asr": 0.0001,
      "lambda_per": 0.0
    },
    {
      "step": 6,
      "total": 6.014037005385757,
      "emo": 6.014021873474121,
      "asr": 0.15131911635398865,
      "per": 0.048046864569187164,
      "lambda_emo": 1.0,
      "lambda_asr": 0.0001,
      "lambda_per": 0.0
    },
    {
      "step": 7,
      "total": 5.185145821411908,
      "emo": 5.185122013092041,
      "asr": 0.23808319866657257,
      "per": 0.06155771762132645,
      "lambda_emo": 1.0,
      "lambda_asr": 0.0001,
      "lambda_per": 0.0
    },
    {
      "step": 8,
      "total": 4.616424037671089,
      "emo": 4.616186141967773,
      "asr": 2.3789570331573486,
      "per": 0.06554955244064331,
      "lambda_emo": 1.0,
      "lambda_asr": 0.0001,
      "lambda_per": 0.0
    },
    {
      "step": 9,
      "total": 5.036722376227379,
      "emo": 5.036596298217773,
      "asr": 1.2607800960540771,
      "per": 0.06351175159215927,
      "lambda_emo": 1.0,
      "lambda_asr": 0.0001,
      "lambda_per": 0.0
    },
    {
      "step": 10,
      "total": 4.548145927977562,
      "emo": 4.547937393188477,
      "asr": 2.085347890853882,
      "per": 0.06418751180171967,
      "lambda_emo": 1.0,
      "lambda_asr": 0.0001,
      "lambda_per": 0.0
    },
    {
      "step": 11,
      "total": 4.232808055210113,
      "emo": 4.232710361480713,
      "asr": 0.9769372940063477,
      "per": 0.049358345568180084,
      "lambda_emo": 1.0,
      "lambda_asr": 0.0001,
      "lambda_per": 0.0
    },
    {
      "step": 12,
      "total": 4.8546764419317245,
      "emo": 4.854392051696777,
      "asr": 2.843902349472046,
      "per": 0.053253572434186935,
      "lambda_emo": 1.0,
      "lambda_asr": 0.0001,
      "lambda_per": 0.0
    },
    {
      "step": 13,
      "total": 4.062069634318352,
      "emo": 4.0618181228637695,
      "asr": 2.5151145458221436,
      "per": 0.048590533435344696,
      "lambda_emo": 1.0,
      "lambda_asr": 0.0001,
      "lambda_per": 0.0
    },
    {
      "step": 14,
      "total": 3.7103290929079056,
      "emo": 3.7101006507873535,
      "asr": 2.28442120552063,
      "per": 0.06152496859431267,
      "lambda_emo": 1.0,
      "lambda_asr": 0.0001,
      "lambda_per": 0.0
    },
    {
      "step": 15,
      "total": 4.1568037311315535,
      "emo": 4.156582832336426,
      "asr": 2.2089879512786865,
      "per": 0.0597568079829216,
      "lambda_emo": 1.0,
      "lambda_asr": 0.0001,
      "lambda_per": 0.0
    },
    {
      "step": 16,
      "total": 4.243687004876136,
      "emo": 4.243468761444092,
      "asr": 2.182434320449829,
      "per": 0.05111069977283478,
      "lambda_emo": 1.0,
      "lambda_asr": 0.0001,
      "lambda_per": 0.0
    },
    {
      "step": 17,
      "total": 3.912977961039543,
      "emo": 3.9127471446990967,
      "asr": 2.3081634044647217,
      "per": 0.05300642177462578,
      "lambda_emo": 1.0,
      "lambda_asr": 0.0001,
      "lambda_per": 0.0
    },
    {
      "step": 18,
      "total": 3.6001978427886963,
      "emo": 3.5999655723571777,
      "asr": 2.322704315185547,
      "per": 0.050395578145980835,
      "lambda_emo": 1.0,
      "lambda_asr": 0.0001,
      "lambda_per": 0.0
    },
    {
      "step": 19,
      "total": 3.5088012419462205,
      "emo": 3.508565902709961,
      "asr": 2.3533923625946045,
      "per": 0.05272606015205383,
      "lambda_emo": 1.0,
      "lambda_asr": 0.0001,
      "lambda_per": 0.0
    },
    {
      "step": 20,
      "total": 3.2806536128169297,
      "emo": 3.2578601837158203,
      "asr": 2.2792861461639404,
      "per": 0.05676394701004028,
      "lambda_emo": 1.0,
      "lambda_asr": 0.01,
      "lambda_per": 1e-05
    },
    {
      "step": 21,
      "total": 3.325777670304887,
      "emo": 3.3045153617858887,
      "asr": 2.1261723041534424,
      "per": 0.058547746390104294,
      "lambda_emo": 1.0,
      "lambda_asr": 0.01,
      "lambda_per": 1e-05
    },
    {
      "step": 22,
      "total": 3.7407671018814668,
      "emo": 3.717947483062744,
      "asr": 2.281907796859741,
      "per": 0.05408501252532005,
      "lambda_emo": 1.0,
      "lambda_asr": 0.01,
      "lambda_per": 1e-05
    },
    {
      "step": 23,
      "total": 3.6931962508250775,
      "emo": 3.6662871837615967,
      "asr": 2.690843343734741,
      "per": 0.06336261332035065,
      "lambda_emo": 1.0,