{
  "sample_id": "00533_0003_neutral_0003_000252",
  "path": "/data1/lixiang/OpenS2S_dataset/ESD/CN/0003/Neutral/0003_000252.wav",
  "speaker_id": "0003",
  "ground_truth_emotion": "neutral",
  "target_emotion": "happy",
  "emo_text_clean": [
    "Neutral",
    "Neutral",
    "\u542c\u8d77\u6765"
  ],
  "emo_text_adv": [
    "Happy",
    "Happy",
    "Happy"
  ],
  "emo_pred_clean": [
    "neutral",
    "neutral",
    ""
  ],
  "emo_pred_adv": [
    "happy",
    "happy",
    "happy"
  ],
  "asr_text_clean": "\u6211\u662f\u4e2a\u6e38\u620f\u8ff7\u3002",
  "asr_text_adv": "\u6211\u662f\u4e2a\u6e38\u620f\u8ff7\u3002",
  "success_emo": true,
  "wer": 0.0,
  "semantic_sim": 1.0,
  "semantic_preserved": true,
  "delta_linf": 0.008000001311302185,
  "delta_l2": 0.9035329222679138,
  "snr_db": 15.53655879495725,
  "grad_norm_trace": [
    780.9764404296875,
    225.3263702392578,
    135.4080352783203,
    78.67227935791016,
    230.7127685546875,
    220.35536193847656,
    51.32435607910156,
    56.570098876953125,
    57.62434387207031,
    82.5858154296875,
    41.616031646728516,
    28.366172790527344,
    36.01639938354492,
    44.60353088378906,
    61.787322998046875,
    30.084047317504883,
    25.30059242248535,
    21.035070419311523,
    29.62395668029785,
    38.886390686035156,
    53.937904357910156,
    35.4586067199707,
    25.826078414916992,
    36.93394088745117,
    39.548919677734375,
    56.50444793701172,
    61.39970016479492,
    41.329124450683594,
    31.13263702392578,
    27.100595474243164,
    33.365848541259766,
    36.861572265625,
    43.49563217163086,
    22.38726043701172,
    31.63724708557129,
    64.15049743652344,
    35.888423919677734,
    30.92083168029785,
    37.223636627197266,
    20.078609466552734,
    103.17333221435547,
    48.80726623535156,
    31.323410034179688,
    30.764469146728516,
    38.502227783203125,
    23.99706268310547,
    48.730323791503906,
    19.523426055908203,
    47.04330825805664,
    33.97563171386719,
    47.668365478515625,
    96.06218719482422,
    38.32965087890625,
    67.75201416015625,
    24.573843002319336,
    47.5325927734375,
    33.86818313598633,
    24.107275009155273,
    25.673131942749023,
    25.724058151245117
  ],
  "loss_trace": [
    {
      "step": 0,
      "total": 8.210389626547695,
      "emo": 8.21036148071289,
      "asr": 0.2814583480358124,
      "per": 0.0,
      "lambda_emo": 1.0,
      "lambda_asr": 0.0001,
      "lambda_per": 0.0
    },
    {
      "step": 1,
      "total": 6.0954253613188865,
      "emo": 6.095401287078857,
      "asr": 0.24074240028858185,
      "per": 0.039785753935575485,
      "lambda_emo": 1.0,
      "lambda_asr": 0.0001,
      "lambda_per": 0.0
    },
    {
      "step": 2,
      "total": 5.321163827212155,
      "emo": 5.32114315032959,
      "asr": 0.20676882565021515,
      "per": 0.04139106348156929,
      "lambda_emo": 1.0,
      "lambda_asr": 0.0001,
      "lambda_per": 0.0
    },
    {
      "step": 3,
      "total": 4.434009197814762,
      "emo": 4.433990001678467,
      "asr": 0.1919613629579544,
      "per": 0.0411854088306427,
      "lambda_emo": 1.0,
      "lambda_asr": 0.0001,
      "lambda_per": 0.0
    },
    {
      "step": 4,
      "total": 4.100519071361423,
      "emo": 4.100500583648682,
      "asr": 0.18487712740898132,
      "per": 0.04246319457888603,
      "lambda_emo": 1.0,
      "lambda_asr": 0.0001,
      "lambda_per": 0.0
    },
    {
      "step": 5,
      "total": 5.010760499450565,
      "emo": 5.010743141174316,
      "asr": 0.1735827624797821,
      "per": 0.03905516490340233,
      "lambda_emo": 1.0,
      "lambda_asr": 0.0001,
      "lambda_per": 0.0
    },
    {
      "step": 6,
      "total": 4.073797128242254,
      "emo": 4.07377815246582,
      "asr": 0.18975776433944702,
      "per": 0.03912309557199478,
      "lambda_emo": 1.0,
      "lambda_asr": 0.0001,
      "lambda_per": 0.0
    },
    {
      "step": 7,
      "total": 3.534085265776515,
      "emo": 3.534065008163452,
      "asr": 0.20257613062858582,
      "per": 0.04232892021536827,
      "lambda_emo": 1.0,
      "lambda_asr": 0.0001,
      "lambda_per": 0.0
    },
    {
      "step": 8,
      "total": 3.029992036087811,
      "emo": 3.0299715995788574,
      "asr": 0.2043650895357132,
      "per": 0.043022990226745605,
      "lambda_emo": 1.0,
      "lambda_asr": 0.0001,
      "lambda_per": 0.0
    },
    {
      "step": 9,
      "total": 2.6025035029411314,
      "emo": 2.602487802505493,
      "asr": 0.15700435638427734,
      "per": 0.04731635004281998,
      "lambda_emo": 1.0,
      "lambda_asr": 0.0001,
      "lambda_per": 0.0
    },
    {
      "step": 10,
      "total": 2.777641926689446,
      "emo": 2.7776217460632324,
      "asr": 0.20180626213550568,
      "per": 0.04239243268966675,
      "lambda_emo": 1.0,
      "lambda_asr": 0.0001,
      "lambda_per": 0.0
    },
    {
      "step": 11,
      "total": 2.6318931424215437,
      "emo": 2.6318697929382324,
      "asr": 0.233494833111763,
      "per": 0.04121659696102142,
      "lambda_emo": 1.0,
      "lambda_asr": 0.0001,
      "lambda_per": 0.0
    },
    {
      "step": 12,
      "total": 2.6772021545127034,
      "emo": 2.677180051803589,
      "asr": 0.22102709114551544,
      "per": 0.04741360992193222,
      "lambda_emo": 1.0,
      "lambda_asr": 0.0001,
      "lambda_per": 0.0
    },
    {
      "step": 13,
      "total": 2.799298318834603,
      "emo": 2.7992751598358154,
      "asr": 0.23158998787403107,
      "per": 0.04431188851594925,
      "lambda_emo": 1.0,
      "lambda_asr": 0.0001,
      "lambda_per": 0.0
    },
    {
      "step": 14,
      "total": 2.662645596627891,
      "emo": 2.6626296043395996,
      "asr": 0.15992288291454315,
      "per": 0.03901149332523346,
      "lambda_emo": 1.0,
      "lambda_asr": 0.0001,
      "lambda_per": 0.0
    },
    {
      "step": 15,
      "total": 2.6536903515055776,
      "emo": 2.653667688369751,
      "asr": 0.22663135826587677,
      "per": 0.050172097980976105,
      "lambda_emo": 1.0,
      "lambda_asr": 0.0001,
      "lambda_per": 0.0
    },
    {
      "step": 16,
      "total": 2.233136451844871,
      "emo": 2.2331180572509766,
      "asr": 0.1839459389448166,
      "per": 0.04800239950418472,
      "lambda_emo": 1.0,
      "lambda_asr": 0.0001,
      "lambda_per": 0.0
    },
    {
      "step": 17,
      "total": 2.2267606959670783,
      "emo": 2.2267422676086426,
      "asr": 0.18428358435630798,
      "per": 0.04136126488447189,
      "lambda_emo": 1.0,
      "lambda_asr": 0.0001,
      "lambda_per": 0.0
    },
    {
      "step": 18,
      "total": 2.106295563919842,
      "emo": 2.1062777042388916,
      "asr": 0.17859680950641632,
      "per": 0.05197065323591232,
      "lambda_emo": 1.0,
      "lambda_asr": 0.0001,
      "lambda_per": 0.0
    },
    {
      "step": 19,
      "total": 2.2154069305807353,
      "emo": 2.215383529663086,
      "asr": 0.23400917649269104,
      "per": 0.0453733466565609,
      "lambda_emo": 1.0,
      "lambda_asr": 0.0001,
      "lambda_per": 0.0
    },
    {
      "step": 20,
      "total": 2.5268499513515827,
      "emo": 2.5252537727355957,
      "asr": 0.1595720797777176,
      "per": 0.04578182101249695,
      "lambda_emo": 1.0,
      "lambda_asr": 0.01,
      "lambda_per": 1e-05
    },
    {
      "step": 21,
      "total": 2.3231905189386755,
      "emo": 2.3218140602111816,
      "asr": 0.13760140538215637,
      "per": 0.044467367231845856,
      "lambda_emo": 1.0,
      "lambda_asr": 0.01,
      "lambda_per": 1e-05
    },
    {
      "step": 22,
      "total": 2.3241117445999384,
      "emo": 2.322568655014038,
      "asr": 0.15425440669059753,
      "per": 0.054551899433135986,
      "lambda_emo": 1.0,
      "lambda_asr": 0.01,
      "lambda_per": 1e-05
    },
    {
      "step": 23,
      "total": 2.117416033551097,
      "emo": 2.1154773235321045,
      "asr": 0.19383251667022705,
      "per": 0.03848522901535034,
      "lambda_emo": 1.0,