{
  "sample_id": "00594_0003_neutral_0003_000264",
  "path": "/data1/lixiang/OpenS2S_dataset/ESD/CN/0003/Neutral/0003_000264.wav",
  "speaker_id": "0003",
  "ground_truth_emotion": "neutral",
  "target_emotion": "happy",
  "emo_text_clean": [
    "Neutral",
    "Neutral",
    "\u8c22\u8c22\u5938\u5956\u5462\uff01"
  ],
  "emo_text_adv": [
    "Happy",
    "happy",
    "happy"
  ],
  "emo_pred_clean": [
    "neutral",
    "neutral",
    ""
  ],
  "emo_pred_adv": [
    "happy",
    "happy",
    "happy"
  ],
  "asr_text_clean": "\u542c\u8d77\u6765",
  "asr_text_adv": "\u542c\u8d77\u6765",
  "success_emo": true,
  "wer": 0.0,
  "semantic_sim": 1.0,
  "semantic_preserved": true,
  "delta_linf": 0.008000001311302185,
  "delta_l2": 1.1798944473266602,
  "snr_db": 12.787523119616651,
  "grad_norm_trace": [
    5116.78564453125,
    212.32760620117188,
    146.46498107910156,
    122.09095764160156,
    331.752197265625,
    80.86017608642578,
    74.9002914428711,
    104.2287368774414,
    27.83069610595703,
    54.12700653076172,
    147.25836181640625,
    85.74446868896484,
    44.93865203857422,
    34.67717742919922,
    87.21730041503906,
    42.064292907714844,
    38.59590530395508,
    38.39299392700195,
    29.14049530029297,
    36.622344970703125,
    31.094738006591797,
    30.998584747314453,
    23.776920318603516,
    19.572669982910156,
    52.779022216796875,
    31.040306091308594,
    45.546165466308594,
    23.424623489379883,
    42.58448028564453,
    54.09986114501953,
    52.316558837890625,
    58.02656173706055,
    21.595582962036133,
    37.49611282348633,
    46.43319320678711,
    55.44066619873047,
    28.934795379638672,
    20.890031814575195,
    31.395681381225586,
    25.39240074157715,
    60.90764236450195,
    25.21001434326172,
    36.952091217041016,
    32.97360610961914,
    19.41859245300293,
    19.383800506591797,
    18.28919219970703,
    121.78923034667969,
    53.02037811279297,
    24.26486587524414,
    25.672958374023438,
    23.713394165039062,
    19.56884765625,
    17.861146926879883,
    81.3129653930664,
    27.815664291381836,
    30.34831428527832,
    40.212093353271484,
    49.20407485961914,
    27.15931510925293
  ],
  "loss_trace": [
    {
      "step": 0,
      "total": 7.552579335415364,
      "emo": 7.552499294281006,
      "asr": 0.8004113435745239,
      "per": 0.0,
      "lambda_emo": 1.0,
      "lambda_asr": 0.0001,
      "lambda_per": 0.0
    },
    {
      "step": 1,
      "total": 5.5817996474325655,
      "emo": 5.581721782684326,
      "asr": 0.7786474823951721,
      "per": 0.05372653529047966,
      "lambda_emo": 1.0,
      "lambda_asr": 0.0001,
      "lambda_per": 0.0
    },
    {
      "step": 2,
      "total": 4.647674072647095,
      "emo": 4.6476216316223145,
      "asr": 0.5244102478027344,
      "per": 0.05718615651130676,
      "lambda_emo": 1.0,
      "lambda_asr": 0.0001,
      "lambda_per": 0.0
    },
    {
      "step": 3,
      "total": 3.8054861184060575,
      "emo": 3.8054206371307373,
      "asr": 0.654812753200531,
      "per": 0.06859933584928513,
      "lambda_emo": 1.0,
      "lambda_asr": 0.0001,
      "lambda_per": 0.0
    },
    {
      "step": 4,
      "total": 4.8819245427012445,
      "emo": 4.881837368011475,
      "asr": 0.8717468976974487,
      "per": 0.04884756729006767,
      "lambda_emo": 1.0,
      "lambda_asr": 0.0001,
      "lambda_per": 0.0
    },
    {
      "step": 5,
      "total": 4.567853193163872,
      "emo": 4.567783355712891,
      "asr": 0.6983745098114014,
      "per": 0.057373907417058945,
      "lambda_emo": 1.0,
      "lambda_asr": 0.0001,
      "lambda_per": 0.0
    },
    {
      "step": 6,
      "total": 3.336666756528616,
      "emo": 3.3366029262542725,
      "asr": 0.638302743434906,
      "per": 0.06390467286109924,
      "lambda_emo": 1.0,
      "lambda_asr": 0.0001,
      "lambda_per": 0.0
    },
    {
      "step": 7,
      "total": 2.5446194407105445,
      "emo": 2.544548988342285,
      "asr": 0.7045236825942993,
      "per": 0.05123809725046158,
      "lambda_emo": 1.0,
      "lambda_asr": 0.0001,
      "lambda_per": 0.0
    },
    {
      "step": 8,
      "total": 2.448828061246872,
      "emo": 2.4482216835021973,
      "asr": 6.063777446746826,
      "per": 0.05618380755186081,
      "lambda_emo": 1.0,
      "lambda_asr": 0.0001,
      "lambda_per": 0.0
    },
    {
      "step": 9,
      "total": 2.227144594836235,
      "emo": 2.226763963699341,
      "asr": 3.8063113689422607,
      "per": 0.053041018545627594,
      "lambda_emo": 1.0,
      "lambda_asr": 0.0001,
      "lambda_per": 0.0
    },
    {
      "step": 10,
      "total": 3.208525058233738,
      "emo": 3.2084479331970215,
      "asr": 0.7712503671646118,
      "per": 0.06392257660627365,
      "lambda_emo": 1.0,
      "lambda_asr": 0.0001,
      "lambda_per": 0.0
    },
    {
      "step": 11,
      "total": 2.5432526408195497,
      "emo": 2.543027400970459,
      "asr": 2.2523984909057617,
      "per": 0.05257508158683777,
      "lambda_emo": 1.0,
      "lambda_asr": 0.0001,
      "lambda_per": 0.0
    },
    {
      "step": 12,
      "total": 3.0882221034705637,
      "emo": 3.088137626647949,
      "asr": 0.844768226146698,
      "per": 0.04682955890893936,
      "lambda_emo": 1.0,
      "lambda_asr": 0.0001,
      "lambda_per": 0.0
    },
    {
      "step": 13,
      "total": 2.307786654996872,
      "emo": 2.3076791763305664,
      "asr": 1.07478666305542,
      "per": 0.05063615366816521,
      "lambda_emo": 1.0,
      "lambda_asr": 0.0001,
      "lambda_per": 0.0
    },
    {
      "step": 14,
      "total": 2.0721111173033715,
      "emo": 2.0719642639160156,
      "asr": 1.4685338735580444,
      "per": 0.06026310846209526,
      "lambda_emo": 1.0,
      "lambda_asr": 0.0001,
      "lambda_per": 0.0
    },
    {
      "step": 15,
      "total": 1.8490569657564164,
      "emo": 1.8488657474517822,
      "asr": 1.9121830463409424,
      "per": 0.04354044795036316,
      "lambda_emo": 1.0,
      "lambda_asr": 0.0001,
      "lambda_per": 0.0
    },
    {
      "step": 16,
      "total": 1.8835268857300282,
      "emo": 1.8834466934204102,
      "asr": 0.8019230961799622,
      "per": 0.05352573096752167,
      "lambda_emo": 1.0,
      "lambda_asr": 0.0001,
      "lambda_per": 0.0
    },
    {
      "step": 17,
      "total": 1.9414847013950347,
      "emo": 1.9411495923995972,
      "asr": 3.3510899543762207,
      "per": 0.05975424870848656,
      "lambda_emo": 1.0,
      "lambda_asr": 0.0001,
      "lambda_per": 0.0
    },
    {
      "step": 18,
      "total": 1.6990700598597526,
      "emo": 1.6989295482635498,
      "asr": 1.4051159620285034,
      "per": 0.0636037290096283,
      "lambda_emo": 1.0,
      "lambda_asr": 0.0001,
      "lambda_per": 0.0
    },
    {
      "step": 19,
      "total": 1.7222260009646415,
      "emo": 1.722036600112915,
      "asr": 1.8940085172653198,
      "per": 0.04612094908952713,
      "lambda_emo": 1.0,
      "lambda_asr": 0.0001,
      "lambda_per": 0.0
    },
    {
      "step": 20,
      "total": 1.6422300736939162,
      "emo": 1.627227544784546,
      "asr": 1.5002050399780273,
      "per": 0.04785095900297165,
      "lambda_emo": 1.0,
      "lambda_asr": 0.01,
      "lambda_per": 1e-05
    },
    {
      "step": 21,
      "total": 1.337713945777975,
      "emo": 1.323616623878479,
      "asr": 1.4096784591674805,
      "per": 0.05373078212141991,
      "lambda_emo": 1.0,
      "lambda_asr": 0.01,
      "lambda_per": 1e-05
    },
    {
      "step": 22,
      "total": 1.4310731999373436,
      "emo": 1.411118745803833,
      "asr": 1.9953978061676025,
      "per": 0.0476071834564209,
      "lambda_emo": 1.0,
      "lambda_asr": 0.01,
      "lambda_per": 1e-05
    },
    {
      "step": 23,
      "total": 1.2728912989834695,
      "emo": 1.2508304119110107,
      "asr": 2.206035614013672,
      "per": 0.053093232214450836,
      "lambda_emo": 1.0,
      "lambda_asr": 0.01,