{
  "sample_id": "00597_0003_neutral_0003_000149",
  "path": "/data1/lixiang/OpenS2S_dataset/ESD/CN/0003/Neutral/0003_000149.wav",
  "speaker_id": "0003",
  "ground_truth_emotion": "neutral",
  "target_emotion": "happy",
  "emo_text_clean": [
    "Sad",
    "Sad",
    "\u4f60\u597d\uff0c\u5e03\u83b1"
  ],
  "emo_text_adv": [
    "happy",
    "happy",
    "happy"
  ],
  "emo_pred_clean": [
    "sad",
    "sad",
    ""
  ],
  "emo_pred_adv": [
    "happy",
    "happy",
    "happy"
  ],
  "asr_text_clean": "\u4f60\u597d\uff0c\u5e03\u83b1",
  "asr_text_adv": "\u597d\u7684\uff0c\u6211\u6765\u8f6c\u5f55\u4e00\u4e0b\u3002",
  "success_emo": true,
  "wer": 1.0,
  "semantic_sim": 0.562812864780426,
  "semantic_preserved": false,
  "delta_linf": 0.008000001311302185,
  "delta_l2": 1.1449382305145264,
  "snr_db": 10.086096542026254,
  "grad_norm_trace": [
    2934.38671875,
    139.6075439453125,
    45.98457336425781,
    161.51113891601562,
    49.44396209716797,
    112.8437271118164,
    89.8482894897461,
    99.48249053955078,
    70.9758529663086,
    39.83324432373047,
    104.12187957763672,
    47.794822692871094,
    45.049560546875,
    48.628902435302734,
    66.25043487548828,
    63.34920120239258,
    82.8800277709961,
    59.18605041503906,
    49.59848403930664,
    31.362131118774414,
    25.122907638549805,
    62.829769134521484,
    40.438087463378906,
    32.08733367919922,
    26.5832576751709,
    40.361663818359375,
    83.34014892578125,
    15.655327796936035,
    45.519657135009766,
    32.34064483642578,
    52.111122131347656,
    64.87410736083984,
    27.423343658447266,
    42.90523147583008,
    45.30405807495117,
    41.596065521240234,
    26.120649337768555,
    34.6944694519043,
    27.96431541442871,
    13.954249382019043,
    22.84821891784668,
    17.55862808227539,
    17.116987228393555,
    15.19265365600586,
    20.98831558227539,
    14.011739730834961,
    17.596147537231445,
    19.69792938232422,
    14.782014846801758,
    14.899255752563477,
    20.443803787231445,
    25.55134391784668,
    43.693973541259766,
    25.334762573242188,
    22.9665584564209,
    25.285581588745117,
    18.118799209594727,
    21.17731475830078,
    22.433837890625,
    44.8588981628418
  ],
  "loss_trace": [
    {
      "step": 0,
      "total": 8.603760921165348,
      "emo": 8.603750228881836,
      "asr": 0.10692283511161804,
      "per": 0.0,
      "lambda_emo": 1.0,
      "lambda_asr": 0.0001,
      "lambda_per": 0.0
    },
    {
      "step": 1,
      "total": 6.31410318062827,
      "emo": 6.314096450805664,
      "asr": 0.06729822605848312,
      "per": 0.05514635890722275,
      "lambda_emo": 1.0,
      "lambda_asr": 0.0001,
      "lambda_per": 0.0
    },
    {
      "step": 2,
      "total": 5.788818017529696,
      "emo": 5.7888102531433105,
      "asr": 0.07764386385679245,
      "per": 0.0677497535943985,
      "lambda_emo": 1.0,
      "lambda_asr": 0.0001,
      "lambda_per": 0.0
    },
    {
      "step": 3,
      "total": 5.677154312133789,
      "emo": 5.6771464347839355,
      "asr": 0.07877349853515625,
      "per": 0.05333755537867546,
      "lambda_emo": 1.0,
      "lambda_asr": 0.0001,
      "lambda_per": 0.0
    },
    {
      "step": 4,
      "total": 5.482205287375301,
      "emo": 5.482198238372803,
      "asr": 0.0704900249838829,
      "per": 0.05003408342599869,
      "lambda_emo": 1.0,
      "lambda_asr": 0.0001,
      "lambda_per": 0.0
    },
    {
      "step": 5,
      "total": 4.8688082367390395,
      "emo": 4.868795394897461,
      "asr": 0.12841841578483582,
      "per": 0.04898431897163391,
      "lambda_emo": 1.0,
      "lambda_asr": 0.0001,
      "lambda_per": 0.0
    },
    {
      "step": 6,
      "total": 5.211818922303617,
      "emo": 5.2118120193481445,
      "asr": 0.0690295547246933,
      "per": 0.050361327826976776,
      "lambda_emo": 1.0,
      "lambda_asr": 0.0001,
      "lambda_per": 0.0
    },
    {
      "step": 7,
      "total": 3.015359431183338,
      "emo": 3.0151896476745605,
      "asr": 1.697835087776184,
      "per": 0.059709735214710236,
      "lambda_emo": 1.0,
      "lambda_asr": 0.0001,
      "lambda_per": 0.0
    },
    {
      "step": 8,
      "total": 2.6695296881198884,
      "emo": 2.669318199157715,
      "asr": 2.114889621734619,
      "per": 0.05358251929283142,
      "lambda_emo": 1.0,
      "lambda_asr": 0.0001,
      "lambda_per": 0.0
    },
    {
      "step": 9,
      "total": 2.4225713480472564,
      "emo": 2.4223761558532715,
      "asr": 1.9519219398498535,
      "per": 0.04313492029905319,
      "lambda_emo": 1.0,
      "lambda_asr": 0.0001,
      "lambda_per": 0.0
    },
    {
      "step": 10,
      "total": 2.3889791273713112,
      "emo": 2.3888025283813477,
      "asr": 1.765989899635315,
      "per": 0.054912444204092026,
      "lambda_emo": 1.0,
      "lambda_asr": 0.0001,
      "lambda_per": 0.0
    },
    {
      "step": 11,
      "total": 2.3989886164665224,
      "emo": 2.3988237380981445,
      "asr": 1.6487836837768555,
      "per": 0.05355372279882431,
      "lambda_emo": 1.0,
      "lambda_asr": 0.0001,
      "lambda_per": 0.0
    },
    {
      "step": 12,
      "total": 2.273012491261959,
      "emo": 2.272822380065918,
      "asr": 1.9011119604110718,
      "per": 0.04556739330291748,
      "lambda_emo": 1.0,
      "lambda_asr": 0.0001,
      "lambda_per": 0.0
    },
    {
      "step": 13,
      "total": 2.573793682050705,
      "emo": 2.5736136436462402,
      "asr": 1.8003840446472168,
      "per": 0.052634529769420624,
      "lambda_emo": 1.0,
      "lambda_asr": 0.0001,
      "lambda_per": 0.0
    },
    {
      "step": 14,
      "total": 2.3213372938871384,
      "emo": 2.321136951446533,
      "asr": 2.0034244060516357,
      "per": 0.06235797330737114,
      "lambda_emo": 1.0,
      "lambda_asr": 0.0001,
      "lambda_per": 0.0
    },
    {
      "step": 15,
      "total": 1.95444515222311,
      "emo": 1.9542596340179443,
      "asr": 1.8551820516586304,
      "per": 0.04652392864227295,
      "lambda_emo": 1.0,
      "lambda_asr": 0.0001,
      "lambda_per": 0.0
    },
    {
      "step": 16,
      "total": 2.093983859527111,
      "emo": 2.0937843322753906,
      "asr": 1.9952725172042847,
      "per": 0.05736013501882553,
      "lambda_emo": 1.0,
      "lambda_asr": 0.0001,
      "lambda_per": 0.0
    },
    {
      "step": 17,
      "total": 2.734830837094784,
      "emo": 2.734649181365967,
      "asr": 1.8165572881698608,
      "per": 0.05629121512174606,
      "lambda_emo": 1.0,
      "lambda_asr": 0.0001,
      "lambda_per": 0.0
    },
    {
      "step": 18,
      "total": 2.239777221429348,
      "emo": 2.239586591720581,
      "asr": 1.9062970876693726,
      "per": 0.05879327654838562,
      "lambda_emo": 1.0,
      "lambda_asr": 0.0001,
      "lambda_per": 0.0
    },
    {
      "step": 19,
      "total": 1.753065488731861,
      "emo": 1.7529001235961914,
      "asr": 1.6536513566970825,
      "per": 0.05497805029153824,
      "lambda_emo": 1.0,
      "lambda_asr": 0.0001,
      "lambda_per": 0.0
    },
    {
      "step": 20,
      "total": 1.6249954792807624,
      "emo": 1.6064753532409668,
      "asr": 1.8519535064697266,
      "per": 0.05909750983119011,
      "lambda_emo": 1.0,
      "lambda_asr": 0.01,
      "lambda_per": 1e-05
    },
    {
      "step": 21,
      "total": 1.8206070840760322,
      "emo": 1.800328254699707,
      "asr": 2.0278360843658447,
      "per": 0.04685326665639877,
      "lambda_emo": 1.0,
      "lambda_asr": 0.01,
      "lambda_per": 1e-05
    },
    {
      "step": 22,
      "total": 1.9942218563487755,
      "emo": 1.9799087047576904,
      "asr": 1.4312633275985718,
      "per": 0.05183150991797447,
      "lambda_emo": 1.0,
      "lambda_asr": 0.01,
      "lambda_per": 1e-05
    },
    {
      "step": 23,
      "total": 1.9748699603296818,
      "emo": 1.9562346935272217,
      "asr": 1.8634663820266724,
      "per": 0.060298219323158264,
      "lambda_emo": 1.0,