{
  "sample_id": "00620_0003_neutral_0003_000319",
  "path": "/data1/lixiang/OpenS2S_dataset/ESD/CN/0003/Neutral/0003_000319.wav",
  "speaker_id": "0003",
  "ground_truth_emotion": "neutral",
  "target_emotion": "happy",
  "emo_text_clean": [
    "Neutral",
    "Neutral",
    "\u5bb6\u91cc\u6709\u5168\u81ea\u52a8"
  ],
  "emo_text_adv": [
    "Happy",
    "Happy",
    "happy"
  ],
  "emo_pred_clean": [
    "neutral",
    "neutral",
    ""
  ],
  "emo_pred_adv": [
    "happy",
    "happy",
    "happy"
  ],
  "asr_text_clean": "\u5bb6\u91cc\u6709\u5168\u81ea\u52a8",
  "asr_text_adv": "\u5bb6\u91cc\u6709\u5168\u81ea\u52a8",
  "success_emo": true,
  "wer": 0.0,
  "semantic_sim": 1.0,
  "semantic_preserved": true,
  "delta_linf": 0.008000001311302185,
  "delta_l2": 0.9762558937072754,
  "snr_db": 15.524948768749287,
  "grad_norm_trace": [
    621.4716186523438,
    75.33361053466797,
    69.176513671875,
    88.54949188232422,
    42.34941864013672,
    234.02650451660156,
    110.73062896728516,
    50.96888732910156,
    93.27606964111328,
    29.22502899169922,
    75.99463653564453,
    86.92752838134766,
    38.16600036621094,
    59.07381820678711,
    89.05851745605469,
    84.9286880493164,
    38.64826202392578,
    29.973543167114258,
    68.66458892822266,
    136.67250061035156,
    28.363506317138672,
    55.952392578125,
    26.6021785736084,
    52.29414749145508,
    31.017213821411133,
    31.253734588623047,
    33.799720764160156,
    36.30982971191406,
    44.97712707519531,
    31.22723960876465,
    29.84674835205078,
    26.167633056640625,
    17.052738189697266,
    19.156648635864258,
    27.82964324951172,
    22.83851432800293,
    72.67504119873047,
    28.1600284576416,
    28.724672317504883,
    33.85551452636719,
    16.692981719970703,
    19.48371124267578,
    48.107337951660156,
    41.44062042236328,
    19.394554138183594,
    29.779987335205078,
    26.95246124267578,
    21.09190559387207,
    23.562978744506836,
    13.896430015563965,
    43.212127685546875,
    22.92695426940918,
    17.84685516357422,
    34.730751037597656,
    18.044614791870117,
    37.05575942993164,
    18.3740234375,
    26.021581649780273,
    24.59947395324707,
    15.71690845489502
  ],
  "loss_trace": [
    {
      "step": 0,
      "total": 5.623318149892985,
      "emo": 5.623299598693848,
      "asr": 0.1855119913816452,
      "per": 0.0,
      "lambda_emo": 1.0,
      "lambda_asr": 0.0001,
      "lambda_per": 0.0
    },
    {
      "step": 1,
      "total": 4.8978968857333065,
      "emo": 4.897873878479004,
      "asr": 0.23007254302501678,
      "per": 0.03713276609778404,
      "lambda_emo": 1.0,
      "lambda_asr": 0.0001,
      "lambda_per": 0.0
    },
    {
      "step": 2,
      "total": 4.5808194814234975,
      "emo": 4.580802917480469,
      "asr": 0.16563943028450012,
      "per": 0.0323178693652153,
      "lambda_emo": 1.0,
      "lambda_asr": 0.0001,
      "lambda_per": 0.0
    },
    {
      "step": 3,
      "total": 4.041817597873509,
      "emo": 4.041796684265137,
      "asr": 0.20913608372211456,
      "per": 0.040031589567661285,
      "lambda_emo": 1.0,
      "lambda_asr": 0.0001,
      "lambda_per": 0.0
    },
    {
      "step": 4,
      "total": 4.16648527122885,
      "emo": 4.166464805603027,
      "asr": 0.20465625822544098,
      "per": 0.04336037486791611,
      "lambda_emo": 1.0,
      "lambda_asr": 0.0001,
      "lambda_per": 0.0
    },
    {
      "step": 5,
      "total": 3.4394953048825263,
      "emo": 3.43947172164917,
      "asr": 0.2358323335647583,
      "per": 0.03684009239077568,
      "lambda_emo": 1.0,
      "lambda_asr": 0.0001,
      "lambda_per": 0.0
    },
    {
      "step": 6,
      "total": 4.3077325943350795,
      "emo": 4.307575702667236,
      "asr": 1.56891667842865,
      "per": 0.03498506918549538,
      "lambda_emo": 1.0,
      "lambda_asr": 0.0001,
      "lambda_per": 0.0
    },
    {
      "step": 7,
      "total": 3.6921710544973614,
      "emo": 3.6921229362487793,
      "asr": 0.4811824858188629,
      "per": 0.03226957842707634,
      "lambda_emo": 1.0,
      "lambda_asr": 0.0001,
      "lambda_per": 0.0
    },
    {
      "step": 8,
      "total": 3.4794515533268453,
      "emo": 3.479429006576538,
      "asr": 0.2254675030708313,
      "per": 0.047780685126781464,
      "lambda_emo": 1.0,
      "lambda_asr": 0.0001,
      "lambda_per": 0.0
    },
    {
      "step": 9,
      "total": 3.2827287117123602,
      "emo": 3.282700300216675,
      "asr": 0.2841149568557739,
      "per": 0.04370085522532463,
      "lambda_emo": 1.0,
      "lambda_asr": 0.0001,
      "lambda_per": 0.0
    },
    {
      "step": 10,
      "total": 3.210409939019382,
      "emo": 3.210386037826538,
      "asr": 0.23901192843914032,
      "per": 0.041513510048389435,
      "lambda_emo": 1.0,
      "lambda_asr": 0.0001,
      "lambda_per": 0.0
    },
    {
      "step": 11,
      "total": 3.2995173058956864,
      "emo": 3.2994792461395264,
      "asr": 0.3805975615978241,
      "per": 0.0343109667301178,
      "lambda_emo": 1.0,
      "lambda_asr": 0.0001,
      "lambda_per": 0.0
    },
    {
      "step": 12,
      "total": 2.934407818213105,
      "emo": 2.9343819618225098,
      "asr": 0.25856390595436096,
      "per": 0.04352053254842758,
      "lambda_emo": 1.0,
      "lambda_asr": 0.0001,
      "lambda_per": 0.0
    },
    {
      "step": 13,
      "total": 2.7804039972186088,
      "emo": 2.7803544998168945,
      "asr": 0.4949740171432495,
      "per": 0.03570426255464554,
      "lambda_emo": 1.0,
      "lambda_asr": 0.0001,
      "lambda_per": 0.0
    },
    {
      "step": 14,
      "total": 3.0642925649911166,
      "emo": 3.0642623901367188,
      "asr": 0.3017485439777374,
      "per": 0.04667310416698456,
      "lambda_emo": 1.0,
      "lambda_asr": 0.0001,
      "lambda_per": 0.0
    },
    {
      "step": 15,
      "total": 2.998185255742073,
      "emo": 2.9981448650360107,
      "asr": 0.40390706062316895,
      "per": 0.03981035202741623,
      "lambda_emo": 1.0,
      "lambda_asr": 0.0001,
      "lambda_per": 0.0
    },
    {
      "step": 16,
      "total": 3.3389364570856093,
      "emo": 3.3388984203338623,
      "asr": 0.3803675174713135,
      "per": 0.03646613657474518,
      "lambda_emo": 1.0,
      "lambda_asr": 0.0001,
      "lambda_per": 0.0
    },
    {
      "step": 17,
      "total": 2.537031036862731,
      "emo": 2.536996603012085,
      "asr": 0.3443385064601898,
      "per": 0.038937296718358994,
      "lambda_emo": 1.0,
      "lambda_asr": 0.0001,
      "lambda_per": 0.0
    },
    {
      "step": 18,
      "total": 3.016308364856243,
      "emo": 3.0162763595581055,
      "asr": 0.32005298137664795,
      "per": 0.035339340567588806,
      "lambda_emo": 1.0,
      "lambda_asr": 0.0001,
      "lambda_per": 0.0
    },
    {
      "step": 19,
      "total": 2.600829568657279,
      "emo": 2.600802421569824,
      "asr": 0.2714708745479584,
      "per": 0.0405932292342186,
      "lambda_emo": 1.0,
      "lambda_asr": 0.0001,
      "lambda_per": 0.0
    },
    {
      "step": 20,
      "total": 2.640723990684152,
      "emo": 2.636932849884033,
      "asr": 0.37906745076179504,
      "per": 0.046629250049591064,
      "lambda_emo": 1.0,
      "lambda_asr": 0.01,
      "lambda_per": 1e-05
    },
    {
      "step": 21,
      "total": 2.65563327360332,
      "emo": 2.652742862701416,
      "asr": 0.2889975607395172,
      "per": 0.0435294508934021,
      "lambda_emo": 1.0,
      "lambda_asr": 0.01,
      "lambda_per": 1e-05
    },
    {
      "step": 22,
      "total": 2.4227784217494728,
      "emo": 2.4191370010375977,
      "asr": 0.36409687995910645,
      "per": 0.04519122838973999,
      "lambda_emo": 1.0,
      "lambda_asr": 0.01,
      "lambda_per": 1e-05
    },
    {
      "step": 23,
      "total": 2.471043529291525,
      "emo": 2.467827081680298,
      "asr": 0.3216066062450409,
      "per": 0.038154877722263336,
      "lambda_emo": 1.0,