{
  "sample_id": "00659_0003_neutral_0003_000223",
  "path": "/data1/lixiang/OpenS2S_dataset/ESD/CN/0003/Neutral/0003_000223.wav",
  "speaker_id": "0003",
  "ground_truth_emotion": "neutral",
  "target_emotion": "happy",
  "emo_text_clean": [
    "Happy",
    "Happy",
    "\u6211\u4eec\u786e\u5b9e\u73a9\u5f97\u5f88\u5f00\u5fc3\u5462\uff01"
  ],
  "emo_text_adv": [
    "happy",
    "happy",
    "happy"
  ],
  "emo_pred_clean": [
    "happy",
    "happy",
    ""
  ],
  "emo_pred_adv": [
    "happy",
    "happy",
    "happy"
  ],
  "asr_text_clean": "\u542c\u8d77\u6765",
  "asr_text_adv": "\u542c\u8d77\u6765",
  "success_emo": true,
  "wer": 0.0,
  "semantic_sim": 1.0,
  "semantic_preserved": true,
  "delta_linf": 0.008000001311302185,
  "delta_l2": 0.9682157635688782,
  "snr_db": 17.02579960939896,
  "grad_norm_trace": [
    641.658447265625,
    81.0430679321289,
    53.58845138549805,
    126.61748504638672,
    173.8729705810547,
    78.87728881835938,
    57.019615173339844,
    46.18569564819336,
    80.46266174316406,
    176.83392333984375,
    194.61456298828125,
    45.23784637451172,
    37.17821502685547,
    32.3817138671875,
    47.10962677001953,
    40.54362487792969,
    19.072311401367188,
    13.67835807800293,
    11.745715141296387,
    21.31154441833496,
    13.73785400390625,
    11.446831703186035,
    10.646799087524414,
    17.19313621520996,
    34.829837799072266,
    15.660677909851074,
    31.204626083374023,
    94.35259246826172,
    31.78264808654785,
    19.83173942565918,
    24.565540313720703,
    50.91863250732422,
    20.561141967773438,
    75.80734252929688,
    27.584932327270508,
    25.000032424926758,
    30.337337493896484,
    16.19890594482422,
    10.405521392822266,
    13.536226272583008,
    9.476447105407715,
    17.01688575744629,
    17.699378967285156,
    17.81797981262207,
    10.267871856689453,
    27.367431640625,
    85.78412628173828,
    28.614273071289062,
    55.16391372680664,
    34.8310661315918,
    12.491897583007812,
    13.63720989227295,
    60.917903900146484,
    17.77728843688965,
    14.72557258605957,
    14.598652839660645,
    41.37477111816406,
    12.402931213378906,
    37.59086227416992,
    19.542774200439453
  ],
  "loss_trace": [
    {
      "step": 0,
      "total": 4.767585410797596,
      "emo": 4.767414093017578,
      "asr": 1.7131778001785278,
      "per": 0.0,
      "lambda_emo": 1.0,
      "lambda_asr": 0.0001,
      "lambda_per": 0.0
    },
    {
      "step": 1,
      "total": 3.714515718871355,
      "emo": 3.71441912651062,
      "asr": 0.9659236073493958,
      "per": 0.023382462561130524,
      "lambda_emo": 1.0,
      "lambda_asr": 0.0001,
      "lambda_per": 0.0
    },
    {
      "step": 2,
      "total": 3.5915032507896423,
      "emo": 3.591430187225342,
      "asr": 0.7306356430053711,
      "per": 0.025931522250175476,
      "lambda_emo": 1.0,
      "lambda_asr": 0.0001,
      "lambda_per": 0.0
    },
    {
      "step": 3,
      "total": 3.3499402362287043,
      "emo": 3.3498904705047607,
      "asr": 0.49765723943710327,
      "per": 0.02734556421637535,
      "lambda_emo": 1.0,
      "lambda_asr": 0.0001,
      "lambda_per": 0.0
    },
    {
      "step": 4,
      "total": 3.601156391067803,
      "emo": 3.6011362075805664,
      "asr": 0.20183487236499786,
      "per": 0.03148259222507477,
      "lambda_emo": 1.0,
      "lambda_asr": 0.0001,
      "lambda_per": 0.0
    },
    {
      "step": 5,
      "total": 3.2874244962364436,
      "emo": 3.287388563156128,
      "asr": 0.35933080315589905,
      "per": 0.03218037635087967,
      "lambda_emo": 1.0,
      "lambda_asr": 0.0001,
      "lambda_per": 0.0
    },
    {
      "step": 6,
      "total": 2.750088263645768,
      "emo": 2.750058889389038,
      "asr": 0.2937425673007965,
      "per": 0.03256447613239288,
      "lambda_emo": 1.0,
      "lambda_asr": 0.0001,
      "lambda_per": 0.0
    },
    {
      "step": 7,
      "total": 1.8092738649249076,
      "emo": 1.809207797050476,
      "asr": 0.6606787443161011,
      "per": 0.036360397934913635,
      "lambda_emo": 1.0,
      "lambda_asr": 0.0001,
      "lambda_per": 0.0
    },
    {
      "step": 8,
      "total": 2.039360103332996,
      "emo": 2.0393080711364746,
      "asr": 0.5203219652175903,
      "per": 0.027292024344205856,
      "lambda_emo": 1.0,
      "lambda_asr": 0.0001,
      "lambda_per": 0.0
    },
    {
      "step": 9,
      "total": 1.5496138638615609,
      "emo": 1.5495342016220093,
      "asr": 0.7966223955154419,
      "per": 0.03945186734199524,
      "lambda_emo": 1.0,
      "lambda_asr": 0.0001,
      "lambda_per": 0.0
    },
    {
      "step": 10,
      "total": 2.361812763527036,
      "emo": 2.3617732524871826,
      "asr": 0.3951103985309601,
      "per": 0.03699072450399399,
      "lambda_emo": 1.0,
      "lambda_asr": 0.0001,
      "lambda_per": 0.0
    },
    {
      "step": 11,
      "total": 1.8928326108694076,
      "emo": 1.8927863836288452,
      "asr": 0.46227240562438965,
      "per": 0.03973502665758133,
      "lambda_emo": 1.0,
      "lambda_asr": 0.0001,
      "lambda_per": 0.0
    },
    {
      "step": 12,
      "total": 1.5546565362989901,
      "emo": 1.5545952320098877,
      "asr": 0.6130428910255432,
      "per": 0.04212231561541557,
      "lambda_emo": 1.0,
      "lambda_asr": 0.0001,
      "lambda_per": 0.0
    },
    {
      "step": 13,
      "total": 1.350084770512581,
      "emo": 1.3500220775604248,
      "asr": 0.626929521560669,
      "per": 0.03984300047159195,
      "lambda_emo": 1.0,
      "lambda_asr": 0.0001,
      "lambda_per": 0.0
    },
    {
      "step": 14,
      "total": 1.289043892264366,
      "emo": 1.2889411449432373,
      "asr": 1.0274732112884521,
      "per": 0.031193120405077934,
      "lambda_emo": 1.0,
      "lambda_asr": 0.0001,
      "lambda_per": 0.0
    },
    {
      "step": 15,
      "total": 1.3124527148783207,
      "emo": 1.3123724460601807,
      "asr": 0.8026881814002991,
      "per": 0.04091494530439377,
      "lambda_emo": 1.0,
      "lambda_asr": 0.0001,
      "lambda_per": 0.0
    },
    {
      "step": 16,
      "total": 0.9944934122681618,
      "emo": 0.9944123029708862,
      "asr": 0.8110929727554321,
      "per": 0.03350510448217392,
      "lambda_emo": 1.0,
      "lambda_asr": 0.0001,
      "lambda_per": 0.0
    },
    {
      "step": 17,
      "total": 0.9082915739893913,
      "emo": 0.9081990718841553,
      "asr": 0.9250210523605347,
      "per": 0.033452484756708145,
      "lambda_emo": 1.0,
      "lambda_asr": 0.0001,
      "lambda_per": 0.0
    },
    {
      "step": 18,
      "total": 1.048446041071415,
      "emo": 1.0483042001724243,
      "asr": 1.418408989906311,
      "per": 0.03331691026687622,
      "lambda_emo": 1.0,
      "lambda_asr": 0.0001,
      "lambda_per": 0.0
    },
    {
      "step": 19,
      "total": 1.0247237883508205,
      "emo": 1.02462899684906,
      "asr": 0.9479150176048279,
      "per": 0.03369732201099396,
      "lambda_emo": 1.0,
      "lambda_asr": 0.0001,
      "lambda_per": 0.0
    },
    {
      "step": 20,
      "total": 0.7811507236715778,
      "emo": 0.7739299535751343,
      "asr": 0.7220379114151001,
      "per": 0.03909822925925255,
      "lambda_emo": 1.0,
      "lambda_asr": 0.01,
      "lambda_per": 1e-05
    },
    {
      "step": 21,
      "total": 0.8203844607943297,
      "emo": 0.8160490989685059,
      "asr": 0.43349653482437134,
      "per": 0.03964775800704956,
      "lambda_emo": 1.0,
      "lambda_asr": 0.01,
      "lambda_per": 1e-05
    },
    {
      "step": 22,
      "total": 0.8616398124142364,
      "emo": 0.8491121530532837,
      "asr": 1.2527353763580322,
      "per": 0.030559737235307693,
      "lambda_emo": 1.0,
      "lambda_asr": 0.01,
      "lambda_per": 1e-05
    },
    {
      "step": 23,
      "total": 0.8167687929873914,
      "emo": 0.8062130212783813,
      "asr": 1.0555379390716553,
      "per": 0.03923182934522629,
      "lambda_emo": 1.0,