{
  "sample_id": "00656_0003_neutral_0003_000127",
  "path": "/data1/lixiang/OpenS2S_dataset/ESD/CN/0003/Neutral/0003_000127.wav",
  "speaker_id": "0003",
  "ground_truth_emotion": "neutral",
  "target_emotion": "happy",
  "emo_text_clean": [
    "Neutral",
    "Neutral",
    "\u829d\u52a0\u54e5"
  ],
  "emo_text_adv": [
    "Happy",
    "happy",
    "happy"
  ],
  "emo_pred_clean": [
    "neutral",
    "neutral",
    ""
  ],
  "emo_pred_adv": [
    "happy",
    "happy",
    "happy"
  ],
  "asr_text_clean": "\u6211\u4eec\u5f85\u5728\u829d\u52a0\u54e5",
  "asr_text_adv": "\u6211\u4eec\u5f85\u5728\u829d\u52a0\u54e5",
  "success_emo": true,
  "wer": 0.0,
  "semantic_sim": 0.9999999403953552,
  "semantic_preserved": true,
  "delta_linf": 0.008000001311302185,
  "delta_l2": 1.027143955230713,
  "snr_db": 18.160525929255318,
  "grad_norm_trace": [
    886.3721313476562,
    102.86563873291016,
    116.02891540527344,
    97.67581939697266,
    115.35033416748047,
    147.38201904296875,
    179.46620178222656,
    144.1232452392578,
    90.77919006347656,
    149.123291015625,
    68.39202117919922,
    96.56066131591797,
    40.405235290527344,
    137.321533203125,
    50.9744873046875,
    54.51948165893555,
    47.00028991699219,
    38.225746154785156,
    30.64043426513672,
    41.56553268432617,
    37.65716552734375,
    36.40037155151367,
    40.704097747802734,
    20.527803421020508,
    26.15209197998047,
    30.322423934936523,
    23.337627410888672,
    40.820987701416016,
    48.27553176879883,
    32.462318420410156,
    44.17955780029297,
    40.02153778076172,
    33.07102584838867,
    37.344635009765625,
    23.956405639648438,
    36.57248306274414,
    54.41801834106445,
    55.8881721496582,
    25.44211769104004,
    63.94884490966797,
    58.15981674194336,
    49.73204040527344,
    59.50874328613281,
    33.636512756347656,
    25.873886108398438,
    19.872413635253906,
    12.817253112792969,
    39.102256774902344,
    39.37447738647461,
    36.69721221923828,
    37.974281311035156,
    40.49148941040039,
    28.43375015258789,
    20.382781982421875,
    17.95081901550293,
    16.000255584716797,
    14.803268432617188,
    23.039592742919922,
    68.42507934570312,
    19.466203689575195
  ],
  "loss_trace": [
    {
      "step": 0,
      "total": 6.133207137948275,
      "emo": 6.133159637451172,
      "asr": 0.47500497102737427,
      "per": 0.0,
      "lambda_emo": 1.0,
      "lambda_asr": 0.0001,
      "lambda_per": 0.0
    },
    {
      "step": 1,
      "total": 3.904806225925684,
      "emo": 3.9047458171844482,
      "asr": 0.6040874123573303,
      "per": 0.017415842041373253,
      "lambda_emo": 1.0,
      "lambda_asr": 0.0001,
      "lambda_per": 0.0
    },
    {
      "step": 2,
      "total": 4.537121438157558,
      "emo": 4.537018775939941,
      "asr": 1.0266221761703491,
      "per": 0.020650144666433334,
      "lambda_emo": 1.0,
      "lambda_asr": 0.0001,
      "lambda_per": 0.0
    },
    {
      "step": 3,
      "total": 3.2343918803334235,
      "emo": 3.234323501586914,
      "asr": 0.68378746509552,
      "per": 0.02343255840241909,
      "lambda_emo": 1.0,
      "lambda_asr": 0.0001,
      "lambda_per": 0.0
    },
    {
      "step": 4,
      "total": 3.6455363228559494,
      "emo": 3.6454501152038574,
      "asr": 0.8620765209197998,
      "per": 0.027213793247938156,
      "lambda_emo": 1.0,
      "lambda_asr": 0.0001,
      "lambda_per": 0.0
    },
    {
      "step": 5,
      "total": 3.3251368393063547,
      "emo": 3.3250694274902344,
      "asr": 0.674118161201477,
      "per": 0.027508974075317383,
      "lambda_emo": 1.0,
      "lambda_asr": 0.0001,
      "lambda_per": 0.0
    },
    {
      "step": 6,
      "total": 3.3263792491436006,
      "emo": 3.3262572288513184,
      "asr": 1.220202922821045,
      "per": 0.0284385085105896,
      "lambda_emo": 1.0,
      "lambda_asr": 0.0001,
      "lambda_per": 0.0
    },
    {
      "step": 7,
      "total": 3.305091963875294,
      "emo": 3.3050103187561035,
      "asr": 0.8164511919021606,
      "per": 0.033534854650497437,
      "lambda_emo": 1.0,
      "lambda_asr": 0.0001,
      "lambda_per": 0.0
    },
    {
      "step": 8,
      "total": 2.975779112571478,
      "emo": 2.9757165908813477,
      "asr": 0.6252169013023376,
      "per": 0.0263931006193161,
      "lambda_emo": 1.0,
      "lambda_asr": 0.0001,
      "lambda_per": 0.0
    },
    {
      "step": 9,
      "total": 3.502428390777111,
      "emo": 3.502340316772461,
      "asr": 0.8807400465011597,
      "per": 0.03780394792556763,
      "lambda_emo": 1.0,
      "lambda_asr": 0.0001,
      "lambda_per": 0.0
    },
    {
      "step": 10,
      "total": 2.921341371834278,
      "emo": 2.921257972717285,
      "asr": 0.8339911699295044,
      "per": 0.036573924124240875,
      "lambda_emo": 1.0,
      "lambda_asr": 0.0001,
      "lambda_per": 0.0
    },
    {
      "step": 11,
      "total": 2.8922615710437296,
      "emo": 2.8922080993652344,
      "asr": 0.534716784954071,
      "per": 0.03750399872660637,
      "lambda_emo": 1.0,
      "lambda_asr": 0.0001,
      "lambda_per": 0.0
    },
    {
      "step": 12,
      "total": 2.434573298472166,
      "emo": 2.4345133304595947,
      "asr": 0.5996801257133484,
      "per": 0.04065091907978058,
      "lambda_emo": 1.0,
      "lambda_asr": 0.0001,
      "lambda_per": 0.0
    },
    {
      "step": 13,
      "total": 2.6948529557526113,
      "emo": 2.694782257080078,
      "asr": 0.7069867253303528,
      "per": 0.03841903433203697,
      "lambda_emo": 1.0,
      "lambda_asr": 0.0001,
      "lambda_per": 0.0
    },
    {
      "step": 14,
      "total": 2.6360467702031136,
      "emo": 2.635981321334839,
      "asr": 0.6544886827468872,
      "per": 0.03095850721001625,
      "lambda_emo": 1.0,
      "lambda_asr": 0.0001,
      "lambda_per": 0.0
    },
    {
      "step": 15,
      "total": 2.370315009003878,
      "emo": 2.3702497482299805,
      "asr": 0.6526077389717102,
      "per": 0.04057832062244415,
      "lambda_emo": 1.0,
      "lambda_asr": 0.0001,
      "lambda_per": 0.0
    },
    {
      "step": 16,
      "total": 2.3710545589625833,
      "emo": 2.3709945678710938,
      "asr": 0.5999109148979187,
      "per": 0.03305938467383385,
      "lambda_emo": 1.0,
      "lambda_asr": 0.0001,
      "lambda_per": 0.0
    },
    {
      "step": 17,
      "total": 2.2102535621345045,
      "emo": 2.210178852081299,
      "asr": 0.7471005320549011,
      "per": 0.03319847583770752,
      "lambda_emo": 1.0,
      "lambda_asr": 0.0001,
      "lambda_per": 0.0
    },
    {
      "step": 18,
      "total": 1.9558117724895476,
      "emo": 1.9557390213012695,
      "asr": 0.7275118827819824,
      "per": 0.033048391342163086,
      "lambda_emo": 1.0,
      "lambda_asr": 0.0001,
      "lambda_per": 0.0
    },
    {
      "step": 19,
      "total": 1.7409691164135932,
      "emo": 1.740898609161377,
      "asr": 0.7050725221633911,
      "per": 0.03349699825048447,
      "lambda_emo": 1.0,
      "lambda_asr": 0.0001,
      "lambda_per": 0.0
    },
    {
      "step": 20,
      "total": 1.9989631633720546,
      "emo": 1.991255521774292,
      "asr": 0.7707252502441406,
      "per": 0.03890953212976456,
      "lambda_emo": 1.0,
      "lambda_asr": 0.01,
      "lambda_per": 1e-05
    },
    {
      "step": 21,
      "total": 1.8320270481367038,
      "emo": 1.8243517875671387,
      "asr": 0.7674865126609802,
      "per": 0.03954429551959038,
      "lambda_emo": 1.0,
      "lambda_asr": 0.01,
      "lambda_per": 1e-05
    },
    {
      "step": 22,
      "total": 1.6797003431966901,
      "emo": 1.6719911098480225,
      "asr": 0.7708927989006042,
      "per": 0.030535966157913208,
      "lambda_emo": 1.0,
      "lambda_asr": 0.01,
      "lambda_per": 1e-05
    },
    {
      "step": 23,
      "total": 1.4666277103340253,
      "emo": 1.4589556455612183,
      "asr": 0.7671672105789185,
      "per": 0.03926670178771019,