{
  "sample_id": "00704_0003_sad_0003_001336",
  "path": "/data1/lixiang/OpenS2S_dataset/ESD/CN/0003/Sad/0003_001336.wav",
  "speaker_id": "0003",
  "ground_truth_emotion": "sad",
  "target_emotion": "happy",
  "emo_text_clean": [
    "Sad",
    "Sad",
    "\u542c\u8d77\u6765"
  ],
  "emo_text_adv": [
    "happy",
    "happy",
    "happy"
  ],
  "emo_pred_clean": [
    "sad",
    "sad",
    ""
  ],
  "emo_pred_adv": [
    "happy",
    "happy",
    "happy"
  ],
  "asr_text_clean": "\u6211\u660e\u767d\u4f60\u73b0\u5728",
  "asr_text_adv": "\"Yay! I\u2019m happy! Week!\"",
  "success_emo": true,
  "wer": 4.0,
  "semantic_sim": 0.4143202304840088,
  "semantic_preserved": false,
  "delta_linf": 0.008000001311302185,
  "delta_l2": 1.0737937688827515,
  "snr_db": 6.375781455389815,
  "grad_norm_trace": [
    2951.89794921875,
    589.9363403320312,
    249.1549835205078,
    160.2254180908203,
    307.45904541015625,
    167.24269104003906,
    106.76201629638672,
    157.3258514404297,
    158.1929931640625,
    169.85745239257812,
    91.9485092163086,
    72.09471893310547,
    72.04840850830078,
    103.07164764404297,
    156.42738342285156,
    125.06103515625,
    150.19281005859375,
    165.7676544189453,
    117.43824005126953,
    106.33634948730469,
    208.7279510498047,
    112.96237182617188,
    156.38995361328125,
    495.5346374511719,
    82.66507720947266,
    59.18926239013672,
    73.09260559082031,
    147.21795654296875,
    123.67469787597656,
    203.20115661621094,
    78.36125183105469,
    87.27259826660156,
    71.33075714111328,
    64.54727172851562,
    177.11074829101562,
    75.05268859863281,
    45.29410171508789,
    132.09388732910156,
    76.440185546875,
    41.81317901611328,
    34.8771858215332,
    45.41664123535156,
    85.02328491210938,
    79.65027618408203,
    35.205787658691406,
    36.556461334228516,
    30.165063858032227,
    27.667869567871094,
    34.59459686279297,
    23.459762573242188,
    82.8656234741211,
    30.175600051879883,
    38.85570526123047,
    40.80375671386719,
    17.27469253540039,
    15.107967376708984,
    52.26409149169922,
    106.46488952636719,
    31.539506912231445,
    24.47366714477539
  ],
  "loss_trace": [
    {
      "step": 0,
      "total": 9.30427333638072,
      "emo": 9.304182052612305,
      "asr": 0.9128376841545105,
      "per": 0.0,
      "lambda_emo": 1.0,
      "lambda_asr": 0.0001,
      "lambda_per": 0.0
    },
    {
      "step": 1,
      "total": 6.735623063015938,
      "emo": 6.735342979431152,
      "asr": 2.8008358478546143,
      "per": 0.06498851627111435,
      "lambda_emo": 1.0,
      "lambda_asr": 0.0001,
      "lambda_per": 0.0
    },
    {
      "step": 2,
      "total": 5.540110003948212,
      "emo": 5.5397748947143555,
      "asr": 3.3510923385620117,
      "per": 0.05990065634250641,
      "lambda_emo": 1.0,
      "lambda_asr": 0.0001,
      "lambda_per": 0.0
    },
    {
      "step": 3,
      "total": 5.034462295937538,
      "emo": 5.034062385559082,
      "asr": 3.9991037845611572,
      "per": 0.06822454184293747,
      "lambda_emo": 1.0,
      "lambda_asr": 0.0001,
      "lambda_per": 0.0
    },
    {
      "step": 4,
      "total": 4.563519834017754,
      "emo": 4.563126087188721,
      "asr": 3.9374682903289795,
      "per": 0.06711819022893906,
      "lambda_emo": 1.0,
      "lambda_asr": 0.0001,
      "lambda_per": 0.0
    },
    {
      "step": 5,
      "total": 4.578129653859138,
      "emo": 4.577860355377197,
      "asr": 2.6929848194122314,
      "per": 0.05863740295171738,
      "lambda_emo": 1.0,
      "lambda_asr": 0.0001,
      "lambda_per": 0.0
    },
    {
      "step": 6,
      "total": 4.07210112259388,
      "emo": 4.071752548217773,
      "asr": 3.485743761062622,
      "per": 0.07192470133304596,
      "lambda_emo": 1.0,
      "lambda_asr": 0.0001,
      "lambda_per": 0.0
    },
    {
      "step": 7,
      "total": 3.8954139396190643,
      "emo": 3.894984722137451,
      "asr": 4.292174816131592,
      "per": 0.05504613742232323,
      "lambda_emo": 1.0,
      "lambda_asr": 0.0001,
      "lambda_per": 0.0
    },
    {
      "step": 8,
      "total": 3.5182175047397615,
      "emo": 3.5177934169769287,
      "asr": 4.240877628326416,
      "per": 0.054625894874334335,
      "lambda_emo": 1.0,
      "lambda_asr": 0.0001,
      "lambda_per": 0.0
    },
    {
      "step": 9,
      "total": 4.830878100156784,
      "emo": 4.830389976501465,
      "asr": 4.881236553192139,
      "per": 0.04761555790901184,
      "lambda_emo": 1.0,
      "lambda_asr": 0.0001,
      "lambda_per": 0.0
    },
    {
      "step": 10,
      "total": 3.6211777323246004,
      "emo": 3.6207234859466553,
      "asr": 4.542463779449463,
      "per": 0.04744921624660492,
      "lambda_emo": 1.0,
      "lambda_asr": 0.0001,
      "lambda_per": 0.0
    },
    {
      "step": 11,
      "total": 4.096904632377624,
      "emo": 4.096578121185303,
      "asr": 3.2651119232177734,
      "per": 0.04684346541762352,
      "lambda_emo": 1.0,
      "lambda_asr": 0.0001,
      "lambda_per": 0.0
    },
    {
      "step": 12,
      "total": 3.5804771542549134,
      "emo": 3.5800654888153076,
      "asr": 4.116654396057129,
      "per": 0.06309908628463745,
      "lambda_emo": 1.0,
      "lambda_asr": 0.0001,
      "lambda_per": 0.0
    },
    {
      "step": 13,
      "total": 3.267619532036781,
      "emo": 3.2672476768493652,
      "asr": 3.7185518741607666,
      "per": 0.05841609463095665,
      "lambda_emo": 1.0,
      "lambda_asr": 0.0001,
      "lambda_per": 0.0
    },
    {
      "step": 14,
      "total": 3.714396405172348,
      "emo": 3.7139649391174316,
      "asr": 4.314660549163818,
      "per": 0.051407333463430405,
      "lambda_emo": 1.0,
      "lambda_asr": 0.0001,
      "lambda_per": 0.0
    },
    {
      "step": 15,
      "total": 2.9613710136175158,
      "emo": 2.96101450920105,
      "asr": 3.5650441646575928,
      "per": 0.04934876784682274,
      "lambda_emo": 1.0,
      "lambda_asr": 0.0001,
      "lambda_per": 0.0
    },
    {
      "step": 16,
      "total": 2.9538213104486464,
      "emo": 2.953462600708008,
      "asr": 3.587097406387329,
      "per": 0.06424377858638763,
      "lambda_emo": 1.0,
      "lambda_asr": 0.0001,
      "lambda_per": 0.0
    },
    {
      "step": 17,
      "total": 3.0116258487701417,
      "emo": 3.011303424835205,
      "asr": 3.2242393493652344,
      "per": 0.05325858294963837,
      "lambda_emo": 1.0,
      "lambda_asr": 0.0001,
      "lambda_per": 0.0
    },
    {
      "step": 18,
      "total": 3.568992144012451,
      "emo": 3.568641185760498,
      "asr": 3.50958251953125,
      "per": 0.06679601967334747,
      "lambda_emo": 1.0,
      "lambda_asr": 0.0001,
      "lambda_per": 0.0
    },
    {
      "step": 19,
      "total": 3.702002959394455,
      "emo": 3.7015960216522217,
      "asr": 4.069377422332764,
      "per": 0.06262148916721344,
      "lambda_emo": 1.0,
      "lambda_asr": 0.0001,
      "lambda_per": 0.0
    },
    {
      "step": 20,
      "total": 3.7575147200366854,
      "emo": 3.725389242172241,
      "asr": 3.2124860286712646,
      "per": 0.06175777316093445,
      "lambda_emo": 1.0,
      "lambda_asr": 0.01,
      "lambda_per": 1e-05
    },
    {
      "step": 21,
      "total": 2.7283396256884185,
      "emo": 2.6864805221557617,
      "asr": 4.185847759246826,
      "per": 0.06259401887655258,
      "lambda_emo": 1.0,
      "lambda_asr": 0.01,
      "lambda_per": 1e-05
    },
    {
      "step": 22,
      "total": 2.980440810427293,
      "emo": 2.9368503093719482,
      "asr": 4.3589959144592285,
      "per": 0.05419107526540756,
      "lambda_emo": 1.0,
      "lambda_asr": 0.01,
      "lambda_per": 1e-05
    },
    {
      "step": 23,
      "total": 4.456636092646048,
      "emo": 4.394294261932373,
      "asr": 6.234137058258057,
      "per": 0.046013109385967255,
      "lambda_emo": 1.0,
      "lambda_asr": 0.01,