{
  "sample_id": "00755_0003_sad_0003_001188",
  "path": "/data1/lixiang/OpenS2S_dataset/ESD/CN/0003/Sad/0003_001188.wav",
  "speaker_id": "0003",
  "ground_truth_emotion": "sad",
  "target_emotion": "happy",
  "emo_text_clean": [
    "Sad",
    "Sad",
    "\u542c\u8d77\u6765"
  ],
  "emo_text_adv": [
    "happy",
    "happy",
    "happy"
  ],
  "emo_pred_clean": [
    "sad",
    "sad",
    ""
  ],
  "emo_pred_adv": [
    "happy",
    "happy",
    "happy"
  ],
  "asr_text_clean": "\u6211\u603b\u662f\u63a7\u5236\u4e0d\u4f4f\u5b83",
  "asr_text_adv": "\u53bb\u540e\u5e02\u4e70\u4e1c\u897f",
  "success_emo": true,
  "wer": 1.0,
  "semantic_sim": -0.0015798918902873993,
  "semantic_preserved": false,
  "delta_linf": 0.008000001311302185,
  "delta_l2": 1.0297986268997192,
  "snr_db": 10.513296685429399,
  "grad_norm_trace": [
    1032.5809326171875,
    216.61917114257812,
    395.4543151855469,
    123.47500610351562,
    162.51702880859375,
    116.63390350341797,
    177.82476806640625,
    90.39967346191406,
    101.8680419921875,
    111.6506118774414,
    58.95368957519531,
    35.7188720703125,
    16.158191680908203,
    65.9070816040039,
    148.7955780029297,
    38.864994049072266,
    28.08503532409668,
    204.0923614501953,
    178.44793701171875,
    42.642539978027344,
    95.47309112548828,
    50.44214630126953,
    57.91604995727539,
    37.71276092529297,
    77.55973815917969,
    62.272193908691406,
    80.31454467773438,
    65.02471160888672,
    85.39872741699219,
    35.3005485534668,
    43.195865631103516,
    39.38762664794922,
    38.865699768066406,
    41.91901397705078,
    31.00812530517578,
    27.168067932128906,
    26.484516143798828,
    42.61588668823242,
    32.76407241821289,
    64.6567153930664,
    51.028785705566406,
    37.65707778930664,
    58.1203727722168,
    55.197967529296875,
    97.31778717041016,
    32.43018341064453,
    99.94966125488281,
    35.435462951660156,
    40.881683349609375,
    56.3413200378418,
    72.67819213867188,
    25.34217643737793,
    29.19957733154297,
    28.67828369140625,
    120.88375854492188,
    18.703937530517578,
    29.334604263305664,
    48.26165771484375,
    14.197837829589844,
    35.945037841796875
  ],
  "loss_trace": [
    {
      "step": 0,
      "total": 12.786213739421964,
      "emo": 12.78619384765625,
      "asr": 0.19891765713691711,
      "per": 0.0,
      "lambda_emo": 1.0,
      "lambda_asr": 0.0001,
      "lambda_per": 0.0
    },
    {
      "step": 1,
      "total": 8.816937873220443,
      "emo": 8.816895484924316,
      "asr": 0.42388296127319336,
      "per": 0.03906412050127983,
      "lambda_emo": 1.0,
      "lambda_asr": 0.0001,
      "lambda_per": 0.0
    },
    {
      "step": 2,
      "total": 7.850369926416874,
      "emo": 7.850316524505615,
      "asr": 0.5340191125869751,
      "per": 0.05167727917432785,
      "lambda_emo": 1.0,
      "lambda_asr": 0.0001,
      "lambda_per": 0.0
    },
    {
      "step": 3,
      "total": 8.391326072213054,
      "emo": 8.391295433044434,
      "asr": 0.3063916862010956,
      "per": 0.06477196514606476,
      "lambda_emo": 1.0,
      "lambda_asr": 0.0001,
      "lambda_per": 0.0
    },
    {
      "step": 4,
      "total": 5.794036944651603,
      "emo": 5.793809413909912,
      "asr": 2.2753074169158936,
      "per": 0.0587482713162899,
      "lambda_emo": 1.0,
      "lambda_asr": 0.0001,
      "lambda_per": 0.0
    },
    {
      "step": 5,
      "total": 5.256230870914459,
      "emo": 5.255654811859131,
      "asr": 5.760590553283691,
      "per": 0.06330303847789764,
      "lambda_emo": 1.0,
      "lambda_asr": 0.0001,
      "lambda_per": 0.0
    },
    {
      "step": 6,
      "total": 6.493167789530754,
      "emo": 6.4928436279296875,
      "asr": 3.2416160106658936,
      "per": 0.04981718212366104,
      "lambda_emo": 1.0,
      "lambda_asr": 0.0001,
      "lambda_per": 0.0
    },
    {
      "step": 7,
      "total": 4.865371712779999,
      "emo": 4.86468505859375,
      "asr": 6.866541862487793,
      "per": 0.053080108016729355,
      "lambda_emo": 1.0,
      "lambda_asr": 0.0001,
      "lambda_per": 0.0
    },
    {
      "step": 8,
      "total": 4.44407949590683,
      "emo": 4.443460464477539,
      "asr": 6.190314292907715,
      "per": 0.053287066519260406,
      "lambda_emo": 1.0,
      "lambda_asr": 0.0001,
      "lambda_per": 0.0
    },
    {
      "step": 9,
      "total": 2.9876370965480805,
      "emo": 2.986931800842285,
      "asr": 7.052957057952881,
      "per": 0.055637627840042114,
      "lambda_emo": 1.0,
      "lambda_asr": 0.0001,
      "lambda_per": 0.0
    },
    {
      "step": 10,
      "total": 2.808650186920166,
      "emo": 2.807969093322754,
      "asr": 6.810935974121094,
      "per": 0.05319184064865112,
      "lambda_emo": 1.0,
      "lambda_asr": 0.0001,
      "lambda_per": 0.0
    },
    {
      "step": 11,
      "total": 2.6546920183658598,
      "emo": 2.6539719104766846,
      "asr": 7.20107889175415,
      "per": 0.05000348016619682,
      "lambda_emo": 1.0,
      "lambda_asr": 0.0001,
      "lambda_per": 0.0
    },
    {
      "step": 12,
      "total": 2.1474960070610045,
      "emo": 2.1467647552490234,
      "asr": 7.312518119812012,
      "per": 0.04538029059767723,
      "lambda_emo": 1.0,
      "lambda_asr": 0.0001,
      "lambda_per": 0.0
    },
    {
      "step": 13,
      "total": 2.4299634300231934,
      "emo": 2.429266929626465,
      "asr": 6.965003967285156,
      "per": 0.06494541466236115,
      "lambda_emo": 1.0,
      "lambda_asr": 0.0001,
      "lambda_per": 0.0
    },
    {
      "step": 14,
      "total": 4.231970699548722,
      "emo": 4.231297969818115,
      "asr": 6.727297306060791,
      "per": 0.046169258654117584,
      "lambda_emo": 1.0,
      "lambda_asr": 0.0001,
      "lambda_per": 0.0
    },
    {
      "step": 15,
      "total": 2.7618515543937683,
      "emo": 2.7611613273620605,
      "asr": 6.902270317077637,
      "per": 0.04748665541410446,
      "lambda_emo": 1.0,
      "lambda_asr": 0.0001,
      "lambda_per": 0.0
    },
    {
      "step": 16,
      "total": 2.510214011478424,
      "emo": 2.509483814239502,
      "asr": 7.301972389221191,
      "per": 0.0506325289607048,
      "lambda_emo": 1.0,
      "lambda_asr": 0.0001,
      "lambda_per": 0.0
    },
    {
      "step": 17,
      "total": 2.5961105813503265,
      "emo": 2.5954418182373047,
      "asr": 6.687631130218506,
      "per": 0.057898085564374924,
      "lambda_emo": 1.0,
      "lambda_asr": 0.0001,
      "lambda_per": 0.0
    },
    {
      "step": 18,
      "total": 3.5871835599422455,
      "emo": 3.5865132808685303,
      "asr": 6.7027907371521,
      "per": 0.04407666623592377,
      "lambda_emo": 1.0,
      "lambda_asr": 0.0001,
      "lambda_per": 0.0
    },
    {
      "step": 19,
      "total": 2.7376114080905913,
      "emo": 2.7369375228881836,
      "asr": 6.738852024078369,
      "per": 0.060017138719558716,
      "lambda_emo": 1.0,
      "lambda_asr": 0.0001,
      "lambda_per": 0.0
    },
    {
      "step": 20,
      "total": 3.0272406516971815,
      "emo": 2.960411548614502,
      "asr": 6.682859897613525,
      "per": 0.05041065439581871,
      "lambda_emo": 1.0,
      "lambda_asr": 0.01,
      "lambda_per": 1e-05
    },
    {
      "step": 21,
      "total": 2.5817250067705664,
      "emo": 2.516507625579834,
      "asr": 6.521688938140869,
      "per": 0.049180932343006134,
      "lambda_emo": 1.0,
      "lambda_asr": 0.01,
      "lambda_per": 1e-05
    },
    {
      "step": 22,
      "total": 2.5303742537572607,
      "emo": 2.4609837532043457,
      "asr": 6.93899393081665,
      "per": 0.056124474853277206,
      "lambda_emo": 1.0,
      "lambda_asr": 0.01,
      "lambda_per": 1e-05
    },
    {
      "step": 23,
      "total": 2.231219519160539,
      "emo": 2.157921552658081,
      "asr": 7.329752445220947,
      "per": 0.04420502483844757,
      "lambda_emo": 1.0,
      "lambda_asr": 0.01,