{
  "sample_id": "00760_0003_sad_0003_001329",
  "path": "/data1/lixiang/OpenS2S_dataset/ESD/CN/0003/Sad/0003_001329.wav",
  "speaker_id": "0003",
  "ground_truth_emotion": "sad",
  "target_emotion": "happy",
  "emo_text_clean": [
    "Sad",
    "Sad",
    "\u6211\u660e\u767d\u4f60\u7684\u610f\u601d\uff0c\u4f46\u542c\u8d77\u6765"
  ],
  "emo_text_adv": [
    "happy",
    "happy",
    "happy"
  ],
  "emo_pred_clean": [
    "sad",
    "sad",
    ""
  ],
  "emo_pred_adv": [
    "happy",
    "happy",
    "happy"
  ],
  "asr_text_clean": "\u6211\u4e5f\u662f\u8fd9\u6837\u60f3\u7684\u3002",
  "asr_text_adv": "\u5c0f\u7334\u5b50",
  "success_emo": true,
  "wer": 1.0,
  "semantic_sim": 0.22111129760742188,
  "semantic_preserved": false,
  "delta_linf": 0.008000001311302185,
  "delta_l2": 1.1735844612121582,
  "snr_db": 7.494482281492281,
  "grad_norm_trace": [
    1377.8126220703125,
    254.785888671875,
    152.8092803955078,
    359.27490234375,
    161.8157196044922,
    136.8779754638672,
    85.86570739746094,
    114.29167938232422,
    91.06686401367188,
    115.3255386352539,
    239.0912322998047,
    125.47201538085938,
    238.56752014160156,
    72.96387481689453,
    58.87522506713867,
    80.63275909423828,
    130.88693237304688,
    105.67704772949219,
    130.56158447265625,
    128.27987670898438,
    304.72442626953125,
    162.77731323242188,
    202.03704833984375,
    93.72431182861328,
    131.050048828125,
    153.0110321044922,
    189.27532958984375,
    80.8018798828125,
    87.628173828125,
    89.14154815673828,
    92.62971496582031,
    88.7915267944336,
    86.98603057861328,
    52.33122634887695,
    124.13994598388672,
    36.4440803527832,
    64.27149963378906,
    51.569332122802734,
    77.31396484375,
    81.68611145019531,
    40.90391159057617,
    36.585453033447266,
    16.12244415283203,
    35.827335357666016,
    45.963401794433594,
    41.5474967956543,
    44.34504699707031,
    55.06919479370117,
    53.04338836669922,
    23.972530364990234,
    48.41207504272461,
    20.824602127075195,
    16.3029842376709,
    18.25069236755371,
    22.27698516845703,
    18.678665161132812,
    38.05667495727539,
    18.990156173706055,
    24.293590545654297,
    18.069475173950195
  ],
  "loss_trace": [
    {
      "step": 0,
      "total": 11.387899092844128,
      "emo": 11.387859344482422,
      "asr": 0.39748361706733704,
      "per": 0.0,
      "lambda_emo": 1.0,
      "lambda_asr": 0.0001,
      "lambda_per": 0.0
    },
    {
      "step": 1,
      "total": 7.926399839952588,
      "emo": 7.926368713378906,
      "asr": 0.3112657368183136,
      "per": 0.05443490296602249,
      "lambda_emo": 1.0,
      "lambda_asr": 0.0001,
      "lambda_per": 0.0
    },
    {
      "step": 2,
      "total": 5.176785047018528,
      "emo": 5.176662445068359,
      "asr": 1.2260195016860962,
      "per": 0.046489305794239044,
      "lambda_emo": 1.0,
      "lambda_asr": 0.0001,
      "lambda_per": 0.0
    },
    {
      "step": 3,
      "total": 5.202791345465183,
      "emo": 5.2026777267456055,
      "asr": 1.136187195777893,
      "per": 0.04558740183711052,
      "lambda_emo": 1.0,
      "lambda_asr": 0.0001,
      "lambda_per": 0.0
    },
    {
      "step": 4,
      "total": 4.28191055381298,
      "emo": 4.281693935394287,
      "asr": 2.166184186935425,
      "per": 0.04872165620326996,
      "lambda_emo": 1.0,
      "lambda_asr": 0.0001,
      "lambda_per": 0.0
    },
    {
      "step": 5,
      "total": 5.202711102747918,
      "emo": 5.202322483062744,
      "asr": 3.8861968517303467,
      "per": 0.04523400589823723,
      "lambda_emo": 1.0,
      "lambda_asr": 0.0001,
      "lambda_per": 0.0
    },
    {
      "step": 6,
      "total": 5.255037364506721,
      "emo": 5.254768371582031,
      "asr": 2.689929246902466,
      "per": 0.06192096695303917,
      "lambda_emo": 1.0,
      "lambda_asr": 0.0001,
      "lambda_per": 0.0
    },
    {
      "step": 7,
      "total": 4.9015592508554455,
      "emo": 4.901264190673828,
      "asr": 2.950601816177368,
      "per": 0.05151742696762085,
      "lambda_emo": 1.0,
      "lambda_asr": 0.0001,
      "lambda_per": 0.0
    },
    {
      "step": 8,
      "total": 4.820556758666038,
      "emo": 4.820282936096191,
      "asr": 2.7382256984710693,
      "per": 0.05322316288948059,
      "lambda_emo": 1.0,
      "lambda_asr": 0.0001,
      "lambda_per": 0.0
    },
    {
      "step": 9,
      "total": 3.9292769582509997,
      "emo": 3.9290103912353516,
      "asr": 2.665670156478882,
      "per": 0.045362554490566254,
      "lambda_emo": 1.0,
      "lambda_asr": 0.0001,
      "lambda_per": 0.0
    },
    {
      "step": 10,
      "total": 3.9122739634752275,
      "emo": 3.9119911193847656,
      "asr": 2.8284409046173096,
      "per": 0.046314939856529236,
      "lambda_emo": 1.0,
      "lambda_asr": 0.0001,
      "lambda_per": 0.0
    },
    {
      "step": 11,
      "total": 3.849384556937218,
      "emo": 3.8491015434265137,
      "asr": 2.8301351070404053,
      "per": 0.05732066184282303,
      "lambda_emo": 1.0,
      "lambda_asr": 0.0001,
      "lambda_per": 0.0
    },
    {
      "step": 12,
      "total": 3.9416836805582047,
      "emo": 3.9414210319519043,
      "asr": 2.62648606300354,
      "per": 0.05421330779790878,
      "lambda_emo": 1.0,
      "lambda_asr": 0.0001,
      "lambda_per": 0.0
    },
    {
      "step": 13,
      "total": 4.396357075715065,
      "emo": 4.396076202392578,
      "asr": 2.8087332248687744,
      "per": 0.0455222949385643,
      "lambda_emo": 1.0,
      "lambda_asr": 0.0001,
      "lambda_per": 0.0
    },
    {
      "step": 14,
      "total": 2.6992392305135726,
      "emo": 2.6989588737487793,
      "asr": 2.80356764793396,
      "per": 0.049546416848897934,
      "lambda_emo": 1.0,
      "lambda_asr": 0.0001,
      "lambda_per": 0.0
    },
    {
      "step": 15,
      "total": 2.6630224919319154,
      "emo": 2.662728786468506,
      "asr": 2.9370546340942383,
      "per": 0.05066091567277908,
      "lambda_emo": 1.0,
      "lambda_asr": 0.0001,
      "lambda_per": 0.0
    },
    {
      "step": 16,
      "total": 3.1763978128194807,
      "emo": 3.1760735511779785,
      "asr": 3.2426164150238037,
      "per": 0.05681317299604416,
      "lambda_emo": 1.0,
      "lambda_asr": 0.0001,
      "lambda_per": 0.0
    },
    {
      "step": 17,
      "total": 2.8662181725740434,
      "emo": 2.8659415245056152,
      "asr": 2.7664806842803955,
      "per": 0.06292779743671417,
      "lambda_emo": 1.0,
      "lambda_asr": 0.0001,
      "lambda_per": 0.0
    },
    {
      "step": 18,
      "total": 3.3039988394737243,
      "emo": 3.3036961555480957,
      "asr": 3.026839256286621,
      "per": 0.05842212960124016,
      "lambda_emo": 1.0,
      "lambda_asr": 0.0001,
      "lambda_per": 0.0
    },
    {
      "step": 19,
      "total": 2.4993956678628924,
      "emo": 2.4990859031677246,
      "asr": 3.097646951675415,
      "per": 0.04661223292350769,
      "lambda_emo": 1.0,
      "lambda_asr": 0.0001,
      "lambda_per": 0.0
    },
    {
      "step": 20,
      "total": 3.3516574160740897,
      "emo": 3.319026470184326,
      "asr": 3.263042688369751,
      "per": 0.051900606602430344,
      "lambda_emo": 1.0,
      "lambda_asr": 0.01,
      "lambda_per": 1e-05
    },
    {
      "step": 21,
      "total": 3.047289142420292,
      "emo": 3.0172085762023926,
      "asr": 3.007997751235962,
      "per": 0.058870553970336914,
      "lambda_emo": 1.0,
      "lambda_asr": 0.01,
      "lambda_per": 1e-05
    },
    {
      "step": 22,
      "total": 2.3380998000225426,
      "emo": 2.3076980113983154,
      "asr": 3.040121078491211,
      "per": 0.057783931493759155,
      "lambda_emo": 1.0,
      "lambda_asr": 0.01,
      "lambda_per": 1e-05
    },
    {
      "step": 23,
      "total": 2.147330928669721,
      "emo": 2.1153082847595215,
      "asr": 3.202216386795044,
      "per": 0.04800422489643097,
      "lambda_emo": 1.0,