{
  "sample_id": "00763_0003_sad_0003_001155",
  "path": "/data1/lixiang/OpenS2S_dataset/ESD/CN/0003/Sad/0003_001155.wav",
  "speaker_id": "0003",
  "ground_truth_emotion": "sad",
  "target_emotion": "happy",
  "emo_text_clean": [
    "Sad",
    "sad",
    "\u542c\u8d77\u6765"
  ],
  "emo_text_adv": [
    "happy",
    "happy",
    "happy"
  ],
  "emo_pred_clean": [
    "sad",
    "sad",
    ""
  ],
  "emo_pred_adv": [
    "happy",
    "happy",
    "happy"
  ],
  "asr_text_clean": "\u542c\u8d77\u6765",
  "asr_text_adv": "\u6211\u4eec\u4e09\u4e2a\u4eba\u7ecf\u5e38\u4e00\u8d77\u73a9\u6ed1\u68af",
  "success_emo": true,
  "wer": 1.0,
  "semantic_sim": 0.17994704842567444,
  "semantic_preserved": false,
  "delta_linf": 0.008000001311302185,
  "delta_l2": 1.3532993793487549,
  "snr_db": 14.040790531879983,
  "grad_norm_trace": [
    876.8093872070312,
    290.8106994628906,
    399.8808288574219,
    108.08602905273438,
    220.80699157714844,
    53.64340591430664,
    544.5172729492188,
    148.66673278808594,
    131.78065490722656,
    86.4722671508789,
    135.0856475830078,
    93.87879943847656,
    55.23028564453125,
    157.6298828125,
    93.11466217041016,
    77.96142578125,
    154.07701110839844,
    111.8548583984375,
    107.0130615234375,
    94.2665023803711,
    76.4068374633789,
    59.517826080322266,
    69.9584732055664,
    85.27963256835938,
    58.99321746826172,
    46.14794921875,
    56.09132385253906,
    96.52945709228516,
    94.57133483886719,
    55.133056640625,
    65.11335754394531,
    38.04409408569336,
    143.75564575195312,
    55.47135543823242,
    28.336463928222656,
    50.908416748046875,
    63.11207962036133,
    38.40637969970703,
    28.588043212890625,
    48.841094970703125,
    36.610233306884766,
    1453.722412109375,
    116.79833221435547,
    37.69743347167969,
    36.579105377197266,
    50.63911819458008,
    58.93867492675781,
    36.415592193603516,
    26.515844345092773,
    45.26317596435547,
    61.74646759033203,
    19.057191848754883,
    46.51723861694336,
    64.43754577636719,
    16.402420043945312,
    34.42856216430664,
    39.55066680908203,
    16.219011306762695,
    19.311878204345703,
    44.418270111083984
  ],
  "loss_trace": [
    {
      "step": 0,
      "total": 13.448242999622225,
      "emo": 13.448204040527344,
      "asr": 0.38959094882011414,
      "per": 0.0,
      "lambda_emo": 1.0,
      "lambda_asr": 0.0001,
      "lambda_per": 0.0
    },
    {
      "step": 1,
      "total": 8.631570092487335,
      "emo": 8.630718231201172,
      "asr": 8.5186128616333,
      "per": 0.04382498189806938,
      "lambda_emo": 1.0,
      "lambda_asr": 0.0001,
      "lambda_per": 0.0
    },
    {
      "step": 2,
      "total": 8.117785177946091,
      "emo": 8.117208480834961,
      "asr": 5.766971111297607,
      "per": 0.03855346143245697,
      "lambda_emo": 1.0,
      "lambda_asr": 0.0001,
      "lambda_per": 0.0
    },
    {
      "step": 3,
      "total": 7.701319120073318,
      "emo": 7.700531959533691,
      "asr": 7.871605396270752,
      "per": 0.04209829494357109,
      "lambda_emo": 1.0,
      "lambda_asr": 0.0001,
      "lambda_per": 0.0
    },
    {
      "step": 4,
      "total": 3.059123245334625,
      "emo": 3.0581307411193848,
      "asr": 9.925042152404785,
      "per": 0.04470771551132202,
      "lambda_emo": 1.0,
      "lambda_asr": 0.0001,
      "lambda_per": 0.0
    },
    {
      "step": 5,
      "total": 2.905894880104065,
      "emo": 2.9049105644226074,
      "asr": 9.843156814575195,
      "per": 0.04258052632212639,
      "lambda_emo": 1.0,
      "lambda_asr": 0.0001,
      "lambda_per": 0.0
    },
    {
      "step": 6,
      "total": 3.476199449253082,
      "emo": 3.4752442836761475,
      "asr": 9.551655769348145,
      "per": 0.057629749178886414,
      "lambda_emo": 1.0,
      "lambda_asr": 0.0001,
      "lambda_per": 0.0
    },
    {
      "step": 7,
      "total": 3.3614993035316467,
      "emo": 3.360482931137085,
      "asr": 10.163723945617676,
      "per": 0.051680754870176315,
      "lambda_emo": 1.0,
      "lambda_asr": 0.0001,
      "lambda_per": 0.0
    },
    {
      "step": 8,
      "total": 3.3190727982521055,
      "emo": 3.3180713653564453,
      "asr": 10.014328956604004,
      "per": 0.05264916270971298,
      "lambda_emo": 1.0,
      "lambda_asr": 0.0001,
      "lambda_per": 0.0
    },
    {
      "step": 9,
      "total": 3.004730970287323,
      "emo": 3.0037927627563477,
      "asr": 9.382075309753418,
      "per": 0.04495763033628464,
      "lambda_emo": 1.0,
      "lambda_asr": 0.0001,
      "lambda_per": 0.0
    },
    {
      "step": 10,
      "total": 2.849030465221405,
      "emo": 2.8479747772216797,
      "asr": 10.556879997253418,
      "per": 0.04556076228618622,
      "lambda_emo": 1.0,
      "lambda_asr": 0.0001,
      "lambda_per": 0.0
    },
    {
      "step": 11,
      "total": 2.345886609840393,
      "emo": 2.3448216915130615,
      "asr": 10.64918327331543,
      "per": 0.055369388312101364,
      "lambda_emo": 1.0,
      "lambda_asr": 0.0001,
      "lambda_per": 0.0
    },
    {
      "step": 12,
      "total": 2.9660290019989013,
      "emo": 2.964970588684082,
      "asr": 10.58413314819336,
      "per": 0.05219198390841484,
      "lambda_emo": 1.0,
      "lambda_asr": 0.0001,
      "lambda_per": 0.0
    },
    {
      "step": 13,
      "total": 3.2533217098236085,
      "emo": 3.2523512840270996,
      "asr": 9.70425796508789,
      "per": 0.04326919466257095,
      "lambda_emo": 1.0,
      "lambda_asr": 0.0001,
      "lambda_per": 0.0
    },
    {
      "step": 14,
      "total": 3.0937951539993285,
      "emo": 3.092794418334961,
      "asr": 10.007356643676758,
      "per": 0.04731619358062744,
      "lambda_emo": 1.0,
      "lambda_asr": 0.0001,
      "lambda_per": 0.0
    },
    {
      "step": 15,
      "total": 2.5213501092910766,
      "emo": 2.5203490257263184,
      "asr": 10.010835647583008,
      "per": 0.048542752861976624,
      "lambda_emo": 1.0,
      "lambda_asr": 0.0001,
      "lambda_per": 0.0
    },
    {
      "step": 16,
      "total": 2.9941341784477236,
      "emo": 2.9931249618530273,
      "asr": 10.09216594696045,
      "per": 0.05444374680519104,
      "lambda_emo": 1.0,
      "lambda_asr": 0.0001,
      "lambda_per": 0.0
    },
    {
      "step": 17,
      "total": 2.490307399082184,
      "emo": 2.4892773628234863,
      "asr": 10.300362586975098,
      "per": 0.060838788747787476,
      "lambda_emo": 1.0,
      "lambda_asr": 0.0001,
      "lambda_per": 0.0
    },
    {
      "step": 18,
      "total": 2.5187918699264524,
      "emo": 2.517768621444702,
      "asr": 10.232484817504883,
      "per": 0.0565275102853775,
      "lambda_emo": 1.0,
      "lambda_asr": 0.0001,
      "lambda_per": 0.0
    },
    {
      "step": 19,
      "total": 2.688847173309326,
      "emo": 2.6877992153167725,
      "asr": 10.47957992553711,
      "per": 0.04492415115237236,
      "lambda_emo": 1.0,
      "lambda_asr": 0.0001,
      "lambda_per": 0.0
    },
    {
      "step": 20,
      "total": 3.4103492302487046,
      "emo": 3.3099727630615234,
      "asr": 10.037596702575684,
      "per": 0.050016142427921295,
      "lambda_emo": 1.0,
      "lambda_asr": 0.01,
      "lambda_per": 1e-05
    },
    {
      "step": 21,
      "total": 2.640134473774396,
      "emo": 2.5371124744415283,
      "asr": 10.302145004272461,
      "per": 0.054929014295339584,
      "lambda_emo": 1.0,
      "lambda_asr": 0.01,
      "lambda_per": 1e-05
    },
    {
      "step": 22,
      "total": 2.3068543863026427,
      "emo": 2.2017059326171875,
      "asr": 10.514791488647461,
      "per": 0.05387989804148674,
      "lambda_emo": 1.0,
      "lambda_asr": 0.01,
      "lambda_per": 1e-05
    },
    {
      "step": 23,
      "total": 3.230172366797626,
      "emo": 3.1396501064300537,
      "asr": 9.052181243896484,
      "per": 0.04479286074638367,
      "lambda_emo": 1.0,
      "lambda_asr": 0.01,