{
  "sample_id": "00803_0003_sad_0003_001393",
  "path": "/data1/lixiang/OpenS2S_dataset/ESD/CN/0003/Sad/0003_001393.wav",
  "speaker_id": "0003",
  "ground_truth_emotion": "sad",
  "target_emotion": "happy",
  "emo_text_clean": [
    "Sad",
    "Sad",
    "\u542c\u8d77\u6765"
  ],
  "emo_text_adv": [
    "Happy",
    "Happy",
    "Happy"
  ],
  "emo_pred_clean": [
    "sad",
    "sad",
    ""
  ],
  "emo_pred_adv": [
    "happy",
    "happy",
    "happy"
  ],
  "asr_text_clean": "\u8bb8\u591a\u767d\u9886",
  "asr_text_adv": "\u8bb8\u591a\u767e\u5c81\u8001\u4eba\u559c\u6b22\u5728\u6e38\u4e50\u56ed\u91cc\u73a9\u6c34\u3002",
  "success_emo": true,
  "wer": 1.0,
  "semantic_sim": 0.16995766758918762,
  "semantic_preserved": false,
  "delta_linf": 0.008000001311302185,
  "delta_l2": 1.3589658737182617,
  "snr_db": 9.457322394448335,
  "grad_norm_trace": [
    560.9458618164062,
    609.4117431640625,
    250.85877990722656,
    205.49203491210938,
    306.15631103515625,
    163.3843536376953,
    351.5113220214844,
    120.32093048095703,
    141.43927001953125,
    91.96800231933594,
    131.36683654785156,
    132.32571411132812,
    164.56875610351562,
    94.91311645507812,
    93.4288330078125,
    106.44769287109375,
    111.52226257324219,
    155.7282257080078,
    154.10475158691406,
    69.55062866210938,
    48.18336486816406,
    34.089210510253906,
    99.5827407836914,
    52.16220474243164,
    335.4371337890625,
    147.29660034179688,
    68.4612045288086,
    60.267425537109375,
    44.5941276550293,
    31.729827880859375,
    35.74681091308594,
    101.15579986572266,
    189.12290954589844,
    107.76872253417969,
    101.86497497558594,
    86.038818359375,
    83.85292053222656,
    59.24681091308594,
    32.316139221191406,
    26.6818790435791,
    57.05410385131836,
    45.6276741027832,
    88.77342987060547,
    62.545997619628906,
    43.464637756347656,
    78.34690856933594,
    47.8302116394043,
    86.33031463623047,
    82.1089859008789,
    89.27684020996094,
    68.51612091064453,
    57.406673431396484,
    39.00550079345703,
    182.90020751953125,
    76.34527587890625,
    233.21780395507812,
    223.0008087158203,
    219.07005310058594,
    219.60906982421875,
    137.7571563720703
  ],
  "loss_trace": [
    {
      "step": 0,
      "total": 7.191246798613667,
      "emo": 7.191222190856934,
      "asr": 0.24607756733894348,
      "per": 0.0,
      "lambda_emo": 1.0,
      "lambda_asr": 0.0001,
      "lambda_per": 0.0
    },
    {
      "step": 1,
      "total": 4.035879757142067,
      "emo": 4.035611629486084,
      "asr": 2.681276559829712,
      "per": 0.022801470011472702,
      "lambda_emo": 1.0,
      "lambda_asr": 0.0001,
      "lambda_per": 0.0
    },
    {
      "step": 2,
      "total": 5.391457462358475,
      "emo": 5.390993118286133,
      "asr": 4.6434407234191895,
      "per": 0.04737327620387077,
      "lambda_emo": 1.0,
      "lambda_asr": 0.0001,
      "lambda_per": 0.0
    },
    {
      "step": 3,
      "total": 4.937771424484253,
      "emo": 4.93742036819458,
      "asr": 3.5105628967285156,
      "per": 0.05279923230409622,
      "lambda_emo": 1.0,
      "lambda_asr": 0.0001,
      "lambda_per": 0.0
    },
    {
      "step": 4,
      "total": 6.260486793994904,
      "emo": 6.260069847106934,
      "asr": 4.169468879699707,
      "per": 0.054500728845596313,
      "lambda_emo": 1.0,
      "lambda_asr": 0.0001,
      "lambda_per": 0.0
    },
    {
      "step": 5,
      "total": 3.848583055782318,
      "emo": 3.8480327129364014,
      "asr": 5.5034284591674805,
      "per": 0.055602654814720154,
      "lambda_emo": 1.0,
      "lambda_asr": 0.0001,
      "lambda_per": 0.0
    },
    {
      "step": 6,
      "total": 3.611699351119995,
      "emo": 3.611361265182495,
      "asr": 3.380859375,
      "per": 0.0506410077214241,
      "lambda_emo": 1.0,
      "lambda_asr": 0.0001,
      "lambda_per": 0.0
    },
    {
      "step": 7,
      "total": 3.218791989135742,
      "emo": 3.2184505462646484,
      "asr": 3.4144287109375,
      "per": 0.060063254088163376,
      "lambda_emo": 1.0,
      "lambda_asr": 0.0001,
      "lambda_per": 0.0
    },
    {
      "step": 8,
      "total": 3.084262442779541,
      "emo": 3.0839011669158936,
      "asr": 3.6127586364746094,
      "per": 0.05082700774073601,
      "lambda_emo": 1.0,
      "lambda_asr": 0.0001,
      "lambda_per": 0.0
    },
    {
      "step": 9,
      "total": 3.405617771434784,
      "emo": 3.4053475856781006,
      "asr": 2.701857566833496,
      "per": 0.04013046622276306,
      "lambda_emo": 1.0,
      "lambda_asr": 0.0001,
      "lambda_per": 0.0
    },
    {
      "step": 10,
      "total": 3.4685669838905335,
      "emo": 3.4682321548461914,
      "asr": 3.34829044342041,
      "per": 0.05684193968772888,
      "lambda_emo": 1.0,
      "lambda_asr": 0.0001,
      "lambda_per": 0.0
    },
    {
      "step": 11,
      "total": 2.93002519493103,
      "emo": 2.929569959640503,
      "asr": 4.5523529052734375,
      "per": 0.05440954491496086,
      "lambda_emo": 1.0,
      "lambda_asr": 0.0001,
      "lambda_per": 0.0
    },
    {
      "step": 12,
      "total": 3.875936366224289,
      "emo": 3.875497341156006,
      "asr": 4.3902506828308105,
      "per": 0.040329694747924805,
      "lambda_emo": 1.0,
      "lambda_asr": 0.0001,
      "lambda_per": 0.0
    },
    {
      "step": 13,
      "total": 4.921261976003647,
      "emo": 4.920897960662842,
      "asr": 3.640153408050537,
      "per": 0.053233738988637924,
      "lambda_emo": 1.0,
      "lambda_asr": 0.0001,
      "lambda_per": 0.0
    },
    {
      "step": 14,
      "total": 4.690435230350494,
      "emo": 4.690031051635742,
      "asr": 4.041787147521973,
      "per": 0.05321302264928818,
      "lambda_emo": 1.0,
      "lambda_asr": 0.0001,
      "lambda_per": 0.0
    },
    {
      "step": 15,
      "total": 3.48099669148922,
      "emo": 3.4807851314544678,
      "asr": 2.115600347518921,
      "per": 0.057883184403181076,
      "lambda_emo": 1.0,
      "lambda_asr": 0.0001,
      "lambda_per": 0.0
    },
    {
      "step": 16,
      "total": 2.2785862411737443,
      "emo": 2.2782273292541504,
      "asr": 3.5891191959381104,
      "per": 0.05420594662427902,
      "lambda_emo": 1.0,
      "lambda_asr": 0.0001,
      "lambda_per": 0.0
    },
    {
      "step": 17,
      "total": 2.0891745138168334,
      "emo": 2.088876962661743,
      "asr": 2.9755115509033203,
      "per": 0.04184301942586899,
      "lambda_emo": 1.0,
      "lambda_asr": 0.0001,
      "lambda_per": 0.0
    },
    {
      "step": 18,
      "total": 1.9190036063671112,
      "emo": 1.918761134147644,
      "asr": 2.424722194671631,
      "per": 0.04954112693667412,
      "lambda_emo": 1.0,
      "lambda_asr": 0.0001,
      "lambda_per": 0.0
    },
    {
      "step": 19,
      "total": 1.47157756357193,
      "emo": 1.4712384939193726,
      "asr": 3.3906965255737305,
      "per": 0.056627269834280014,
      "lambda_emo": 1.0,
      "lambda_asr": 0.0001,
      "lambda_per": 0.0
    },
    {
      "step": 20,
      "total": 1.342324006169699,
      "emo": 1.3088467121124268,
      "asr": 3.3476715087890625,
      "per": 0.057896938174963,
      "lambda_emo": 1.0,
      "lambda_asr": 0.01,
      "lambda_per": 1e-05
    },
    {
      "step": 21,
      "total": 0.9969756535540522,
      "emo": 0.9592992663383484,
      "asr": 3.7675795555114746,
      "per": 0.05916605889797211,
      "lambda_emo": 1.0,
      "lambda_asr": 0.01,
      "lambda_per": 1e-05
    },
    {
      "step": 22,
      "total": 0.9815796320603788,
      "emo": 0.9520770311355591,
      "asr": 2.9502038955688477,
      "per": 0.0561969131231308,
      "lambda_emo": 1.0,
      "lambda_asr": 0.01,
      "lambda_per": 1e-05
    },
    {
      "step": 23,
      "total": 0.9536992107866704,
      "emo": 0.9215211868286133,
      "asr": 3.217757225036621,
      "per": 0.04517076909542084,
      "lambda_emo": 1.0,