{
  "sample_id": "00809_0003_sad_0003_001053",
  "path": "/data1/lixiang/OpenS2S_dataset/ESD/CN/0003/Sad/0003_001053.wav",
  "speaker_id": "0003",
  "ground_truth_emotion": "sad",
  "target_emotion": "happy",
  "emo_text_clean": [
    "Sad",
    "Sad",
    "\u6211\u8001\u5bb6\u5728\u5317\u4eac\uff0c\u542c\u8d77\u6765"
  ],
  "emo_text_adv": [
    "Happy",
    "happy",
    "happy"
  ],
  "emo_pred_clean": [
    "sad",
    "sad",
    ""
  ],
  "emo_pred_adv": [
    "happy",
    "happy",
    "happy"
  ],
  "asr_text_clean": "\u6211\u8001\u5bb6\u5728\u5317\u4eac\u3002",
  "asr_text_adv": "\u6211\u8001\u5bb6\u5728\u5317\u4eac\u3002",
  "success_emo": true,
  "wer": 0.0,
  "semantic_sim": 0.9999999403953552,
  "semantic_preserved": true,
  "delta_linf": 0.008000001311302185,
  "delta_l2": 0.9107666611671448,
  "snr_db": 17.156851853440727,
  "grad_norm_trace": [
    890.4236450195312,
    636.4283447265625,
    157.69407653808594,
    48.61640930175781,
    163.63790893554688,
    42.82627487182617,
    24.78948974609375,
    53.79901123046875,
    43.01773452758789,
    45.33810043334961,
    50.652793884277344,
    95.4876937866211,
    110.8266372680664,
    57.014732360839844,
    45.14350128173828,
    60.32192611694336,
    49.63554000854492,
    68.48151397705078,
    65.7682113647461,
    37.10491180419922,
    32.52585983276367,
    47.962158203125,
    54.007076263427734,
    39.98329544067383,
    38.32831573486328,
    32.093963623046875,
    28.063974380493164,
    48.61504364013672,
    51.63847732543945,
    41.06217956542969,
    84.04052734375,
    111.72508239746094,
    104.6544418334961,
    46.48640823364258,
    88.64578247070312,
    138.60572814941406,
    71.54417419433594,
    67.93389129638672,
    40.45111083984375,
    40.6032829284668,
    56.63850402832031,
    83.71481323242188,
    45.63939666748047,
    26.778669357299805,
    26.75522232055664,
    21.2623348236084,
    26.732933044433594,
    29.003915786743164,
    66.35806274414062,
    33.10466003417969,
    35.42522048950195,
    21.70953941345215,
    25.242679595947266,
    43.81971740722656,
    38.655235290527344,
    22.9493350982666,
    17.380231857299805,
    13.59087085723877,
    39.43692398071289,
    15.086742401123047
  ],
  "loss_trace": [
    {
      "step": 0,
      "total": 13.012669640094042,
      "emo": 13.012648582458496,
      "asr": 0.2105763554573059,
      "per": 0.0,
      "lambda_emo": 1.0,
      "lambda_asr": 0.0001,
      "lambda_per": 0.0
    },
    {
      "step": 1,
      "total": 8.881434281501173,
      "emo": 8.881423950195312,
      "asr": 0.10331305861473083,
      "per": 0.040387287735939026,
      "lambda_emo": 1.0,
      "lambda_asr": 0.0001,
      "lambda_per": 0.0
    },
    {
      "step": 2,
      "total": 6.524730907019973,
      "emo": 6.524705410003662,
      "asr": 0.25497016310691833,
      "per": 0.05059957504272461,
      "lambda_emo": 1.0,
      "lambda_asr": 0.0001,
      "lambda_per": 0.0
    },
    {
      "step": 3,
      "total": 5.124920431470871,
      "emo": 5.124846458435059,
      "asr": 0.7397303581237793,
      "per": 0.0511418879032135,
      "lambda_emo": 1.0,
      "lambda_asr": 0.0001,
      "lambda_per": 0.0
    },
    {
      "step": 4,
      "total": 4.992030308771134,
      "emo": 4.991980075836182,
      "asr": 0.5023293495178223,
      "per": 0.051002137362957,
      "lambda_emo": 1.0,
      "lambda_asr": 0.0001,
      "lambda_per": 0.0
    },
    {
      "step": 5,
      "total": 4.391904163527489,
      "emo": 4.391850471496582,
      "asr": 0.5369203090667725,
      "per": 0.04292164370417595,
      "lambda_emo": 1.0,
      "lambda_asr": 0.0001,
      "lambda_per": 0.0
    },
    {
      "step": 6,
      "total": 3.7981884922027587,
      "emo": 3.7981231212615967,
      "asr": 0.6537094116210938,
      "per": 0.045063745230436325,
      "lambda_emo": 1.0,
      "lambda_asr": 0.0001,
      "lambda_per": 0.0
    },
    {
      "step": 7,
      "total": 3.6132912659049032,
      "emo": 3.613218307495117,
      "asr": 0.7295840978622437,
      "per": 0.04992148280143738,
      "lambda_emo": 1.0,
      "lambda_asr": 0.0001,
      "lambda_per": 0.0
    },
    {
      "step": 8,
      "total": 3.667804816669226,
      "emo": 3.6677603721618652,
      "asr": 0.44444507360458374,
      "per": 0.059465594589710236,
      "lambda_emo": 1.0,
      "lambda_asr": 0.0001,
      "lambda_per": 0.0
    },
    {
      "step": 9,
      "total": 3.730635536557436,
      "emo": 3.7305727005004883,
      "asr": 0.6283605694770813,
      "per": 0.056031715124845505,
      "lambda_emo": 1.0,
      "lambda_asr": 0.0001,
      "lambda_per": 0.0
    },
    {
      "step": 10,
      "total": 3.1961747075498104,
      "emo": 3.19610857963562,
      "asr": 0.6612791419029236,
      "per": 0.05653733015060425,
      "lambda_emo": 1.0,
      "lambda_asr": 0.0001,
      "lambda_per": 0.0
    },
    {
      "step": 11,
      "total": 3.6533714107692243,
      "emo": 3.653348922729492,
      "asr": 0.2248803973197937,
      "per": 0.044903501868247986,
      "lambda_emo": 1.0,
      "lambda_asr": 0.0001,
      "lambda_per": 0.0
    },
    {
      "step": 12,
      "total": 3.6622505563497545,
      "emo": 3.662224292755127,
      "asr": 0.2626359462738037,
      "per": 0.04813387244939804,
      "lambda_emo": 1.0,
      "lambda_asr": 0.0001,
      "lambda_per": 0.0
    },
    {
      "step": 13,
      "total": 3.949242109620571,
      "emo": 3.9491660594940186,
      "asr": 0.7605012655258179,
      "per": 0.047968462109565735,
      "lambda_emo": 1.0,
      "lambda_asr": 0.0001,
      "lambda_per": 0.0
    },
    {
      "step": 14,
      "total": 4.2071007516086105,
      "emo": 4.207047462463379,
      "asr": 0.5328914523124695,
      "per": 0.04301935061812401,
      "lambda_emo": 1.0,
      "lambda_asr": 0.0001,
      "lambda_per": 0.0
    },
    {
      "step": 15,
      "total": 3.3401147623836995,
      "emo": 3.3400371074676514,
      "asr": 0.7765491604804993,
      "per": 0.06076834350824356,
      "lambda_emo": 1.0,
      "lambda_asr": 0.0001,
      "lambda_per": 0.0
    },
    {
      "step": 16,
      "total": 3.4580221289336683,
      "emo": 3.4579572677612305,
      "asr": 0.6486117243766785,
      "per": 0.05811215937137604,
      "lambda_emo": 1.0,
      "lambda_asr": 0.0001,
      "lambda_per": 0.0
    },
    {
      "step": 17,
      "total": 3.3741797596931455,
      "emo": 3.3741042613983154,
      "asr": 0.7549829483032227,
      "per": 0.04355868324637413,
      "lambda_emo": 1.0,
      "lambda_asr": 0.0001,
      "lambda_per": 0.0
    },
    {
      "step": 18,
      "total": 3.621031943243742,
      "emo": 3.620979070663452,
      "asr": 0.528725802898407,
      "per": 0.059879206120967865,
      "lambda_emo": 1.0,
      "lambda_asr": 0.0001,
      "lambda_per": 0.0
    },
    {
      "step": 19,
      "total": 2.922369950646162,
      "emo": 2.9222943782806396,
      "asr": 0.7557236552238464,
      "per": 0.05237383395433426,
      "lambda_emo": 1.0,
      "lambda_asr": 0.0001,
      "lambda_per": 0.0
    },
    {
      "step": 20,
      "total": 2.642341411724947,
      "emo": 2.6367273330688477,
      "asr": 0.5613515377044678,
      "per": 0.056327905505895615,
      "lambda_emo": 1.0,
      "lambda_asr": 0.01,
      "lambda_per": 1e-05
    },
    {
      "step": 21,
      "total": 2.569419745077416,
      "emo": 2.566129207611084,
      "asr": 0.328997939825058,
      "per": 0.055806808173656464,
      "lambda_emo": 1.0,
      "lambda_asr": 0.01,
      "lambda_per": 1e-05
    },
    {
      "step": 22,
      "total": 2.595247236173153,
      "emo": 2.587538719177246,
      "asr": 0.7707948684692383,
      "per": 0.05683112144470215,
      "lambda_emo": 1.0,
      "lambda_asr": 0.01,
      "lambda_per": 1e-05
    },
    {
      "step": 23,
      "total": 2.449681371188499,
      "emo": 2.4435014724731445,
      "asr": 0.6179490685462952,
      "per": 0.04080298915505409,