{
  "sample_id": "00812_0003_sad_0003_001062",
  "path": "/data1/lixiang/OpenS2S_dataset/ESD/CN/0003/Sad/0003_001062.wav",
  "speaker_id": "0003",
  "ground_truth_emotion": "sad",
  "target_emotion": "happy",
  "emo_text_clean": [
    "Sad",
    "Sad",
    "\u542c\u8d77\u6765"
  ],
  "emo_text_adv": [
    "happy",
    "happy",
    "happy"
  ],
  "emo_pred_clean": [
    "sad",
    "sad",
    ""
  ],
  "emo_pred_adv": [
    "happy",
    "happy",
    "happy"
  ],
  "asr_text_clean": "\u4f60\u6bcf\u6b21\u90fd",
  "asr_text_adv": "\u56e0\u4e3a\u6bcf\u6b21\u7ea6\u4f1a",
  "success_emo": true,
  "wer": 1.0,
  "semantic_sim": 0.6678597927093506,
  "semantic_preserved": false,
  "delta_linf": 0.008000001311302185,
  "delta_l2": 1.1997663974761963,
  "snr_db": 13.558359154042918,
  "grad_norm_trace": [
    697.0874633789062,
    477.2690734863281,
    270.0956726074219,
    1174.13232421875,
    156.00257873535156,
    163.48297119140625,
    281.2809753417969,
    109.2612533569336,
    278.8616027832031,
    89.91575622558594,
    56.8762092590332,
    75.92594146728516,
    101.20146179199219,
    112.25016784667969,
    78.94898223876953,
    88.1985855102539,
    127.8326187133789,
    73.75927734375,
    56.33142852783203,
    157.63023376464844,
    98.89886474609375,
    64.1104507446289,
    180.7734375,
    74.50564575195312,
    75.18922424316406,
    108.42338562011719,
    80.36873626708984,
    103.86448669433594,
    67.51773834228516,
    94.64551544189453,
    111.32364654541016,
    54.54999542236328,
    41.28134536743164,
    44.60749053955078,
    31.455060958862305,
    35.47789001464844,
    43.763790130615234,
    70.00009155273438,
    47.34333419799805,
    22.460065841674805,
    22.538644790649414,
    20.749475479125977,
    137.78018188476562,
    60.07207489013672,
    22.935178756713867,
    22.022994995117188,
    26.786540985107422,
    19.1469783782959,
    24.23340606689453,
    18.453842163085938,
    12.859014511108398,
    12.623857498168945,
    22.8940372467041,
    51.071144104003906,
    18.15707778930664,
    16.70524024963379,
    18.180044174194336,
    16.071470260620117,
    17.77947998046875,
    26.17601203918457
  ],
  "loss_trace": [
    {
      "step": 0,
      "total": 13.251758745187521,
      "emo": 13.251710891723633,
      "asr": 0.47853463888168335,
      "per": 0.0,
      "lambda_emo": 1.0,
      "lambda_asr": 0.0001,
      "lambda_per": 0.0
    },
    {
      "step": 1,
      "total": 4.597606431537867,
      "emo": 4.597527503967285,
      "asr": 0.7892757058143616,
      "per": 0.03298758715391159,
      "lambda_emo": 1.0,
      "lambda_asr": 0.0001,
      "lambda_per": 0.0
    },
    {
      "step": 2,
      "total": 3.1831406894683836,
      "emo": 3.1829068660736084,
      "asr": 2.3382339477539062,
      "per": 0.046235427260398865,
      "lambda_emo": 1.0,
      "lambda_asr": 0.0001,
      "lambda_per": 0.0
    },
    {
      "step": 3,
      "total": 5.303364291346073,
      "emo": 5.303264617919922,
      "asr": 0.9967342615127563,
      "per": 0.03612604737281799,
      "lambda_emo": 1.0,
      "lambda_asr": 0.0001,
      "lambda_per": 0.0
    },
    {
      "step": 4,
      "total": 4.527924236381054,
      "emo": 4.527806282043457,
      "asr": 1.179543375968933,
      "per": 0.05270601063966751,
      "lambda_emo": 1.0,
      "lambda_asr": 0.0001,
      "lambda_per": 0.0
    },
    {
      "step": 5,
      "total": 3.3720937160968782,
      "emo": 3.371776580810547,
      "asr": 3.1713528633117676,
      "per": 0.061714135110378265,
      "lambda_emo": 1.0,
      "lambda_asr": 0.0001,
      "lambda_per": 0.0
    },
    {
      "step": 6,
      "total": 3.3571537875175474,
      "emo": 3.356635808944702,
      "asr": 5.17978572845459,
      "per": 0.04474586248397827,
      "lambda_emo": 1.0,
      "lambda_asr": 0.0001,
      "lambda_per": 0.0
    },
    {
      "step": 7,
      "total": 2.642371665763855,
      "emo": 2.642146587371826,
      "asr": 2.250783920288086,
      "per": 0.06288226693868637,
      "lambda_emo": 1.0,
      "lambda_asr": 0.0001,
      "lambda_per": 0.0
    },
    {
      "step": 8,
      "total": 5.364043507122993,
      "emo": 5.363814353942871,
      "asr": 2.291531801223755,
      "per": 0.046178847551345825,
      "lambda_emo": 1.0,
      "lambda_asr": 0.0001,
      "lambda_per": 0.0
    },
    {
      "step": 9,
      "total": 2.789413897383213,
      "emo": 2.7892818450927734,
      "asr": 1.3205229043960571,
      "per": 0.06379188597202301,
      "lambda_emo": 1.0,
      "lambda_asr": 0.0001,
      "lambda_per": 0.0
    },
    {
      "step": 10,
      "total": 2.580973464465141,
      "emo": 2.5808353424072266,
      "asr": 1.3812205791473389,
      "per": 0.048344455659389496,
      "lambda_emo": 1.0,
      "lambda_asr": 0.0001,
      "lambda_per": 0.0
    },
    {
      "step": 11,
      "total": 2.2248590440034866,
      "emo": 2.224620819091797,
      "asr": 2.382249116897583,
      "per": 0.047325387597084045,
      "lambda_emo": 1.0,
      "lambda_asr": 0.0001,
      "lambda_per": 0.0
    },
    {
      "step": 12,
      "total": 3.700711405658722,
      "emo": 3.7003695964813232,
      "asr": 3.4180917739868164,
      "per": 0.06077690050005913,
      "lambda_emo": 1.0,
      "lambda_asr": 0.0001,
      "lambda_per": 0.0
    },
    {
      "step": 13,
      "total": 2.886202088737488,
      "emo": 2.8855998516082764,
      "asr": 6.022371292114258,
      "per": 0.05795346945524216,
      "lambda_emo": 1.0,
      "lambda_asr": 0.0001,
      "lambda_per": 0.0
    },
    {
      "step": 14,
      "total": 2.4715663764953613,
      "emo": 2.4709930419921875,
      "asr": 5.733345031738281,
      "per": 0.0476100854575634,
      "lambda_emo": 1.0,
      "lambda_asr": 0.0001,
      "lambda_per": 0.0
    },
    {
      "step": 15,
      "total": 2.019744976735115,
      "emo": 2.019347906112671,
      "asr": 3.9707062244415283,
      "per": 0.05571015924215317,
      "lambda_emo": 1.0,
      "lambda_asr": 0.0001,
      "lambda_per": 0.0
    },
    {
      "step": 16,
      "total": 1.830693844985962,
      "emo": 1.8301875591278076,
      "asr": 5.062858581542969,
      "per": 0.057023998349905014,
      "lambda_emo": 1.0,
      "lambda_asr": 0.0001,
      "lambda_per": 0.0
    },
    {
      "step": 17,
      "total": 2.0195076358795165,
      "emo": 2.018933057785034,
      "asr": 5.745780944824219,
      "per": 0.05895158275961876,
      "lambda_emo": 1.0,
      "lambda_asr": 0.0001,
      "lambda_per": 0.0
    },
    {
      "step": 18,
      "total": 2.5553854058742522,
      "emo": 2.5548343658447266,
      "asr": 5.510400295257568,
      "per": 0.06152057647705078,
      "lambda_emo": 1.0,
      "lambda_asr": 0.0001,
      "lambda_per": 0.0
    },
    {
      "step": 19,
      "total": 2.2338815082073213,
      "emo": 2.2331490516662598,
      "asr": 7.324565410614014,
      "per": 0.0418342649936676,
      "lambda_emo": 1.0,
      "lambda_asr": 0.0001,
      "lambda_per": 0.0
    },
    {
      "step": 20,
      "total": 2.9949087898294255,
      "emo": 2.933964729309082,
      "asr": 6.0943498611450195,
      "per": 0.056190889328718185,
      "lambda_emo": 1.0,
      "lambda_asr": 0.01,
      "lambda_per": 1e-05
    },
    {
      "step": 21,
      "total": 2.200365932964608,
      "emo": 2.165876626968384,
      "asr": 3.4488697052001953,
      "per": 0.060894422233104706,
      "lambda_emo": 1.0,
      "lambda_asr": 0.01,
      "lambda_per": 1e-05
    },
    {
      "step": 22,
      "total": 2.608843348818049,
      "emo": 2.579932928085327,
      "asr": 2.8909921646118164,
      "per": 0.04990866035223007,
      "lambda_emo": 1.0,
      "lambda_asr": 0.01,
      "lambda_per": 1e-05
    },
    {
      "step": 23,
      "total": 2.679817942125276,
      "emo": 2.655369281768799,
      "asr": 2.444819450378418,
      "per": 0.04658526927232742,
      "lambda_emo": 1.0,
      "lambda_asr": 0.01,