{
  "sample_id": "00846_0003_sad_0003_001083",
  "path": "/data1/lixiang/OpenS2S_dataset/ESD/CN/0003/Sad/0003_001083.wav",
  "speaker_id": "0003",
  "ground_truth_emotion": "sad",
  "target_emotion": "happy",
  "emo_text_clean": [
    "Sad",
    "Sad",
    "\u4f60\u4e0d\u662f\u9752\u86d9"
  ],
  "emo_text_adv": [
    "Neutral",
    "Happy",
    "Happy"
  ],
  "emo_pred_clean": [
    "sad",
    "sad",
    ""
  ],
  "emo_pred_adv": [
    "neutral",
    "happy",
    "happy"
  ],
  "asr_text_clean": "\u6211\u662f\u4e00\u53ea\u9752\u86d9",
  "asr_text_adv": "\u597d\u7684\uff0c\u6211\u6765\u8bd5\u8bd5\u770b\u3002",
  "success_emo": false,
  "wer": 1.0,
  "semantic_sim": 0.39946478605270386,
  "semantic_preserved": false,
  "delta_linf": 0.008000001311302185,
  "delta_l2": 1.1433025598526,
  "snr_db": 13.299863043365544,
  "grad_norm_trace": [
    1049.489990234375,
    195.73138427734375,
    144.0489044189453,
    139.45785522460938,
    170.20703125,
    125.2689208984375,
    80.50687408447266,
    191.13565063476562,
    195.2765655517578,
    156.85606384277344,
    70.80709075927734,
    78.64603424072266,
    67.71147155761719,
    102.64772033691406,
    49.722293853759766,
    183.88189697265625,
    160.38485717773438,
    101.66024017333984,
    43.66952896118164,
    99.06244659423828,
    61.3857421875,
    83.98828125,
    23.146242141723633,
    22.317846298217773,
    31.41507339477539,
    31.07021141052246,
    72.04862976074219,
    75.96521759033203,
    120.11153411865234,
    33.55308532714844,
    43.4321403503418,
    152.95867919921875,
    114.632080078125,
    70.58345031738281,
    75.79603576660156,
    76.328857421875,
    63.27546691894531,
    163.59219360351562,
    64.07158660888672,
    72.427734375,
    79.76467895507812,
    213.31544494628906,
    69.04617309570312,
    78.01251220703125,
    45.13119888305664,
    84.80545043945312,
    105.27186584472656,
    89.62293243408203,
    58.71644973754883,
    48.27798843383789,
    78.2440414428711,
    74.97396087646484,
    74.33484649658203,
    35.59421157836914,
    64.44011688232422,
    56.96013641357422,
    58.65238952636719,
    90.59605407714844,
    63.208168029785156,
    107.5513687133789
  ],
  "loss_trace": [
    {
      "step": 0,
      "total": 11.453168965777754,
      "emo": 11.453119277954102,
      "asr": 0.4968782365322113,
      "per": 0.0,
      "lambda_emo": 1.0,
      "lambda_asr": 0.0001,
      "lambda_per": 0.0
    },
    {
      "step": 1,
      "total": 5.344266121703386,
      "emo": 5.344208717346191,
      "asr": 0.5740435719490051,
      "per": 0.055008940398693085,
      "lambda_emo": 1.0,
      "lambda_asr": 0.0001,
      "lambda_per": 0.0
    },
    {
      "step": 2,
      "total": 5.11252160166502,
      "emo": 5.112392425537109,
      "asr": 1.2917612791061401,
      "per": 0.041064005345106125,
      "lambda_emo": 1.0,
      "lambda_asr": 0.0001,
      "lambda_per": 0.0
    },
    {
      "step": 3,
      "total": 4.94456895480156,
      "emo": 4.944511413574219,
      "asr": 0.5754122734069824,
      "per": 0.050551705062389374,
      "lambda_emo": 1.0,
      "lambda_asr": 0.0001,
      "lambda_per": 0.0
    },
    {
      "step": 4,
      "total": 4.529362311005593,
      "emo": 4.52922248840332,
      "asr": 1.398226022720337,
      "per": 0.057729534804821014,
      "lambda_emo": 1.0,
      "lambda_asr": 0.0001,
      "lambda_per": 0.0
    },
    {
      "step": 5,
      "total": 3.999702631473541,
      "emo": 3.9993033409118652,
      "asr": 3.992905616760254,
      "per": 0.04146107658743858,
      "lambda_emo": 1.0,
      "lambda_asr": 0.0001,
      "lambda_per": 0.0
    },
    {
      "step": 6,
      "total": 3.0975154326200487,
      "emo": 3.097360134124756,
      "asr": 1.5529849529266357,
      "per": 0.04395356401801109,
      "lambda_emo": 1.0,
      "lambda_asr": 0.0001,
      "lambda_per": 0.0
    },
    {
      "step": 7,
      "total": 3.737546623182297,
      "emo": 3.737241268157959,
      "asr": 3.0535502433776855,
      "per": 0.048999570310115814,
      "lambda_emo": 1.0,
      "lambda_asr": 0.0001,
      "lambda_per": 0.0
    },
    {
      "step": 8,
      "total": 3.2910954576969145,
      "emo": 3.290717124938965,
      "asr": 3.783327579498291,
      "per": 0.0508960485458374,
      "lambda_emo": 1.0,
      "lambda_asr": 0.0001,
      "lambda_per": 0.0
    },
    {
      "step": 9,
      "total": 3.2941246662139894,
      "emo": 3.293771743774414,
      "asr": 3.529224395751953,
      "per": 0.050548017024993896,
      "lambda_emo": 1.0,
      "lambda_asr": 0.0001,
      "lambda_per": 0.0
    },
    {
      "step": 10,
      "total": 3.2041571444988253,
      "emo": 3.2038931846618652,
      "asr": 2.6395983695983887,
      "per": 0.04214470833539963,
      "lambda_emo": 1.0,
      "lambda_asr": 0.0001,
      "lambda_per": 0.0
    },
    {
      "step": 11,
      "total": 3.598826868844032,
      "emo": 3.5985851287841797,
      "asr": 2.417400598526001,
      "per": 0.05554693937301636,
      "lambda_emo": 1.0,
      "lambda_asr": 0.0001,
      "lambda_per": 0.0
    },
    {
      "step": 12,
      "total": 3.0344426177978514,
      "emo": 3.0341670513153076,
      "asr": 2.755664825439453,
      "per": 0.05118319019675255,
      "lambda_emo": 1.0,
      "lambda_asr": 0.0001,
      "lambda_per": 0.0
    },
    {
      "step": 13,
      "total": 2.2654984028339387,
      "emo": 2.2652368545532227,
      "asr": 2.615482807159424,
      "per": 0.05436500906944275,
      "lambda_emo": 1.0,
      "lambda_asr": 0.0001,
      "lambda_per": 0.0
    },
    {
      "step": 14,
      "total": 2.316675058364868,
      "emo": 2.316284656524658,
      "asr": 3.9040184020996094,
      "per": 0.04894547909498215,
      "lambda_emo": 1.0,
      "lambda_asr": 0.0001,
      "lambda_per": 0.0
    },
    {
      "step": 15,
      "total": 3.068450001192093,
      "emo": 3.068086624145508,
      "asr": 3.63377046585083,
      "per": 0.0590052455663681,
      "lambda_emo": 1.0,
      "lambda_asr": 0.0001,
      "lambda_per": 0.0
    },
    {
      "step": 16,
      "total": 3.2608503577709196,
      "emo": 3.260598659515381,
      "asr": 2.5169825553894043,
      "per": 0.04943602904677391,
      "lambda_emo": 1.0,
      "lambda_asr": 0.0001,
      "lambda_per": 0.0
    },
    {
      "step": 17,
      "total": 3.28490184674263,
      "emo": 3.2845911979675293,
      "asr": 3.10648775100708,
      "per": 0.04219744727015495,
      "lambda_emo": 1.0,
      "lambda_asr": 0.0001,
      "lambda_per": 0.0
    },
    {
      "step": 18,
      "total": 3.152385308170319,
      "emo": 3.1519203186035156,
      "asr": 4.649895668029785,
      "per": 0.055799685418605804,
      "lambda_emo": 1.0,
      "lambda_asr": 0.0001,
      "lambda_per": 0.0
    },
    {
      "step": 19,
      "total": 2.909111213684082,
      "emo": 2.9086360931396484,
      "asr": 4.7512054443359375,
      "per": 0.05690443515777588,
      "lambda_emo": 1.0,
      "lambda_asr": 0.0001,
      "lambda_per": 0.0
    },
    {
      "step": 20,
      "total": 3.002221668828651,
      "emo": 2.961503028869629,
      "asr": 4.071807861328125,
      "per": 0.05613457411527634,
      "lambda_emo": 1.0,
      "lambda_asr": 0.01,
      "lambda_per": 1e-05
    },
    {
      "step": 21,
      "total": 3.23402877740629,
      "emo": 3.192840099334717,
      "asr": 4.118816375732422,
      "per": 0.05143142491579056,
      "lambda_emo": 1.0,
      "lambda_asr": 0.01,
      "lambda_per": 1e-05
    },
    {
      "step": 22,
      "total": 3.022548324699998,
      "emo": 2.977293014526367,
      "asr": 4.525470733642578,
      "per": 0.06028372049331665,
      "lambda_emo": 1.0,
      "lambda_asr": 0.01,
      "lambda_per": 1e-05
    },
    {
      "step": 23,
      "total": 2.7794583912675828,
      "emo": 2.7329177856445312,
      "asr": 4.654000282287598,
      "per": 0.06028001755475998,
      "lambda_emo": 1.0,
      "lambda_asr": 0.01,