{
  "sample_id": "00864_0003_sad_0003_001387",
  "path": "/data1/lixiang/OpenS2S_dataset/ESD/CN/0003/Sad/0003_001387.wav",
  "speaker_id": "0003",
  "ground_truth_emotion": "sad",
  "target_emotion": "happy",
  "emo_text_clean": [
    "Happy",
    "Happy",
    "\u4f60\u542c\u8d77\u6765"
  ],
  "emo_text_adv": [
    "happy",
    "happy",
    "happy"
  ],
  "emo_pred_clean": [
    "happy",
    "happy",
    ""
  ],
  "emo_pred_adv": [
    "happy",
    "happy",
    "happy"
  ],
  "asr_text_clean": "\u4f60\u542c\u8d77\u6765",
  "asr_text_adv": "\u542c\u8d77\u6765",
  "success_emo": true,
  "wer": 1.0,
  "semantic_sim": 0.9140002131462097,
  "semantic_preserved": true,
  "delta_linf": 0.008000001311302185,
  "delta_l2": 1.2888342142105103,
  "snr_db": 6.561729385795396,
  "grad_norm_trace": [
    1197.7720947265625,
    204.2176971435547,
    147.62490844726562,
    266.5832214355469,
    174.16958618164062,
    150.11953735351562,
    111.6117172241211,
    51.27353286743164,
    136.0353546142578,
    104.02543640136719,
    46.49795150756836,
    76.87926483154297,
    143.51858520507812,
    117.58145141601562,
    56.728092193603516,
    118.62855529785156,
    62.88987731933594,
    145.6688232421875,
    45.50508117675781,
    150.6143341064453,
    235.86021423339844,
    86.93757629394531,
    109.94828033447266,
    148.19764709472656,
    93.81861114501953,
    76.75348663330078,
    55.101173400878906,
    120.33405303955078,
    94.19436645507812,
    73.20437622070312,
    65.12054443359375,
    289.2210693359375,
    176.37423706054688,
    43.76750564575195,
    47.068634033203125,
    34.042762756347656,
    34.175384521484375,
    43.46998977661133,
    45.934261322021484,
    281.9547424316406,
    97.15725708007812,
    125.81867218017578,
    111.17908477783203,
    61.883705139160156,
    83.18275451660156,
    93.41392517089844,
    109.19959259033203,
    41.16456604003906,
    52.31303787231445,
    44.802982330322266,
    58.23667526245117,
    78.44375610351562,
    39.954917907714844,
    45.50507736206055,
    51.75450897216797,
    59.144100189208984,
    33.80898666381836,
    29.594337463378906,
    17.776914596557617,
    21.133377075195312
  ],
  "loss_trace": [
    {
      "step": 0,
      "total": 2.9870253481984137,
      "emo": 2.9869744777679443,
      "asr": 0.5087043046951294,
      "per": 0.0,
      "lambda_emo": 1.0,
      "lambda_asr": 0.0001,
      "lambda_per": 0.0
    },
    {
      "step": 1,
      "total": 3.820006372320652,
      "emo": 3.8198611736297607,
      "asr": 1.4519869089126587,
      "per": 0.0394367016851902,
      "lambda_emo": 1.0,
      "lambda_asr": 0.0001,
      "lambda_per": 0.0
    },
    {
      "step": 2,
      "total": 3.3016520028829572,
      "emo": 3.3014075756073,
      "asr": 2.444272756576538,
      "per": 0.0441109836101532,
      "lambda_emo": 1.0,
      "lambda_asr": 0.0001,
      "lambda_per": 0.0
    },
    {
      "step": 3,
      "total": 2.0226390112638475,
      "emo": 2.0223870277404785,
      "asr": 2.5198352336883545,
      "per": 0.05138383060693741,
      "lambda_emo": 1.0,
      "lambda_asr": 0.0001,
      "lambda_per": 0.0
    },
    {
      "step": 4,
      "total": 2.2147404381632807,
      "emo": 2.2145893573760986,
      "asr": 1.5108078718185425,
      "per": 0.053833287209272385,
      "lambda_emo": 1.0,
      "lambda_asr": 0.0001,
      "lambda_per": 0.0
    },
    {
      "step": 5,
      "total": 2.235086201786995,
      "emo": 2.2348132133483887,
      "asr": 2.729884386062622,
      "per": 0.04492694139480591,
      "lambda_emo": 1.0,
      "lambda_asr": 0.0001,
      "lambda_per": 0.0
    },
    {
      "step": 6,
      "total": 2.3455531542778014,
      "emo": 2.345344066619873,
      "asr": 2.090876579284668,
      "per": 0.05418338626623154,
      "lambda_emo": 1.0,
      "lambda_asr": 0.0001,
      "lambda_per": 0.0
    },
    {
      "step": 7,
      "total": 2.310049809360504,
      "emo": 2.309840202331543,
      "asr": 2.0960702896118164,
      "per": 0.04050041735172272,
      "lambda_emo": 1.0,
      "lambda_asr": 0.0001,
      "lambda_per": 0.0
    },
    {
      "step": 8,
      "total": 2.1954891805410384,
      "emo": 2.1953258514404297,
      "asr": 1.6332910060882568,
      "per": 0.04003792628645897,
      "lambda_emo": 1.0,
      "lambda_asr": 0.0001,
      "lambda_per": 0.0
    },
    {
      "step": 9,
      "total": 2.221395111131668,
      "emo": 2.221194267272949,
      "asr": 2.0084385871887207,
      "per": 0.05198134109377861,
      "lambda_emo": 1.0,
      "lambda_asr": 0.0001,
      "lambda_per": 0.0
    },
    {
      "step": 10,
      "total": 1.5492271289110184,
      "emo": 1.5489864349365234,
      "asr": 2.406939744949341,
      "per": 0.041748177260160446,
      "lambda_emo": 1.0,
      "lambda_asr": 0.0001,
      "lambda_per": 0.0
    },
    {
      "step": 11,
      "total": 1.5607116146564484,
      "emo": 1.5603493452072144,
      "asr": 3.622694492340088,
      "per": 0.04544534906744957,
      "lambda_emo": 1.0,
      "lambda_asr": 0.0001,
      "lambda_per": 0.0
    },
    {
      "step": 12,
      "total": 2.3671923446416856,
      "emo": 2.3669466972351074,
      "asr": 2.4564740657806396,
      "per": 0.058693163096904755,
      "lambda_emo": 1.0,
      "lambda_asr": 0.0001,
      "lambda_per": 0.0
    },
    {
      "step": 13,
      "total": 2.448672706747055,
      "emo": 2.4484434127807617,
      "asr": 2.2929396629333496,
      "per": 0.05866478011012077,
      "lambda_emo": 1.0,
      "lambda_asr": 0.0001,
      "lambda_per": 0.0
    },
    {
      "step": 14,
      "total": 2.05900266494751,
      "emo": 2.058774709701538,
      "asr": 2.279552459716797,
      "per": 0.046519529074430466,
      "lambda_emo": 1.0,
      "lambda_asr": 0.0001,
      "lambda_per": 0.0
    },
    {
      "step": 15,
      "total": 1.8822659087896347,
      "emo": 1.8819987773895264,
      "asr": 2.671314001083374,
      "per": 0.04439940303564072,
      "lambda_emo": 1.0,
      "lambda_asr": 0.0001,
      "lambda_per": 0.0
    },
    {
      "step": 16,
      "total": 1.8932267465353012,
      "emo": 1.892903208732605,
      "asr": 3.2353780269622803,
      "per": 0.0562719963490963,
      "lambda_emo": 1.0,
      "lambda_asr": 0.0001,
      "lambda_per": 0.0
    },
    {
      "step": 17,
      "total": 2.064531196117401,
      "emo": 2.0642812252044678,
      "asr": 2.499709129333496,
      "per": 0.04489285871386528,
      "lambda_emo": 1.0,
      "lambda_asr": 0.0001,
      "lambda_per": 0.0
    },
    {
      "step": 18,
      "total": 1.9219514020442963,
      "emo": 1.921627402305603,
      "asr": 3.239997386932373,
      "per": 0.05584902688860893,
      "lambda_emo": 1.0,
      "lambda_asr": 0.0001,
      "lambda_per": 0.0
    },
    {
      "step": 19,
      "total": 1.969102934217453,
      "emo": 1.9687389135360718,
      "asr": 3.640206813812256,
      "per": 0.046889182180166245,
      "lambda_emo": 1.0,
      "lambda_asr": 0.0001,
      "lambda_per": 0.0
    },
    {
      "step": 20,
      "total": 3.617120590659231,
      "emo": 3.5681283473968506,
      "asr": 4.899179458618164,
      "per": 0.0448676198720932,
      "lambda_emo": 1.0,
      "lambda_asr": 0.01,
      "lambda_per": 1e-05
    },
    {
      "step": 21,
      "total": 2.7307521733665467,
      "emo": 2.7160301208496094,
      "asr": 1.472144365310669,
      "per": 0.060886383056640625,
      "lambda_emo": 1.0,
      "lambda_asr": 0.01,
      "lambda_per": 1e-05
    },
    {
      "step": 22,
      "total": 2.605400307846032,
      "emo": 2.583169460296631,
      "asr": 2.2230257987976074,
      "per": 0.05895614251494408,
      "lambda_emo": 1.0,
      "lambda_asr": 0.01,
      "lambda_per": 1e-05
    },
    {
      "step": 23,
      "total": 2.121955513490401,
      "emo": 2.1033713817596436,
      "asr": 1.8583695888519287,
      "per": 0.043584223836660385,
      "lambda_emo": 1.0,
      "lambda_asr": 0.01,