{
  "sample_id": "00878_0003_sad_0003_001199",
  "path": "/data1/lixiang/OpenS2S_dataset/ESD/CN/0003/Sad/0003_001199.wav",
  "speaker_id": "0003",
  "ground_truth_emotion": "sad",
  "target_emotion": "happy",
  "emo_text_clean": [
    "Sad",
    "Sad",
    "\u4f60\u597d\uff0c\u5e03\u83b1"
  ],
  "emo_text_adv": [
    "happy",
    "happy",
    "happy"
  ],
  "emo_pred_clean": [
    "sad",
    "sad",
    ""
  ],
  "emo_pred_adv": [
    "happy",
    "happy",
    "happy"
  ],
  "asr_text_clean": "\u4f60\u597d\uff0c\u5e03\u83b1",
  "asr_text_adv": "I'm in the hall with my friends and we're watching a lot of videos.",
  "success_emo": true,
  "wer": 14.0,
  "semantic_sim": 0.15871630609035492,
  "semantic_preserved": false,
  "delta_linf": 0.008000001311302185,
  "delta_l2": 1.4370877742767334,
  "snr_db": 7.158186094738744,
  "grad_norm_trace": [
    1850.0142822265625,
    238.02813720703125,
    72.03389739990234,
    128.3469696044922,
    300.7336730957031,
    101.46258544921875,
    68.33341979980469,
    53.70443344116211,
    52.52473068237305,
    109.36780548095703,
    78.69866180419922,
    114.19166564941406,
    243.28526306152344,
    197.32530212402344,
    67.19136810302734,
    188.04193115234375,
    136.59974670410156,
    177.83323669433594,
    43.727012634277344,
    58.01142883300781,
    80.83079528808594,
    47.47335433959961,
    72.06024932861328,
    46.242794036865234,
    69.94725036621094,
    40.5952033996582,
    37.8897590637207,
    25.67507553100586,
    32.52256393432617,
    44.513179779052734,
    38.29012680053711,
    61.58689880371094,
    31.960838317871094,
    26.257469177246094,
    32.541770935058594,
    40.44304275512695,
    19.02808952331543,
    18.89657211303711,
    19.78378677368164,
    17.127397537231445,
    10.75780963897705,
    21.5990047454834,
    17.31990623474121,
    12.603635787963867,
    7.8634514808654785,
    6.291403293609619,
    34.25236892700195,
    33.893646240234375,
    31.163272857666016,
    27.40653419494629,
    14.91991901397705,
    17.947988510131836,
    23.88521385192871,
    19.100849151611328,
    25.694236755371094,
    15.987393379211426,
    17.687915802001953,
    21.357177734375,
    20.518138885498047,
    16.450422286987305
  ],
  "loss_trace": [
    {
      "step": 0,
      "total": 10.613604949089884,
      "emo": 10.613590240478516,
      "asr": 0.14708611369132996,
      "per": 0.0,
      "lambda_emo": 1.0,
      "lambda_asr": 0.0001,
      "lambda_per": 0.0
    },
    {
      "step": 1,
      "total": 6.281788839668035,
      "emo": 6.281768798828125,
      "asr": 0.20040839910507202,
      "per": 0.037446774542331696,
      "lambda_emo": 1.0,
      "lambda_asr": 0.0001,
      "lambda_per": 0.0
    },
    {
      "step": 2,
      "total": 5.45877791762352,
      "emo": 5.458647727966309,
      "asr": 1.301896572113037,
      "per": 0.038380708545446396,
      "lambda_emo": 1.0,
      "lambda_asr": 0.0001,
      "lambda_per": 0.0
    },
    {
      "step": 3,
      "total": 4.220626406669616,
      "emo": 4.220239639282227,
      "asr": 3.867673873901367,
      "per": 0.043937455862760544,
      "lambda_emo": 1.0,
      "lambda_asr": 0.0001,
      "lambda_per": 0.0
    },
    {
      "step": 4,
      "total": 5.336962023925781,
      "emo": 5.336211681365967,
      "asr": 7.503425598144531,
      "per": 0.038388922810554504,
      "lambda_emo": 1.0,
      "lambda_asr": 0.0001,
      "lambda_per": 0.0
    },
    {
      "step": 5,
      "total": 4.6050347864151,
      "emo": 4.604371070861816,
      "asr": 6.637155532836914,
      "per": 0.04300027713179588,
      "lambda_emo": 1.0,
      "lambda_asr": 0.0001,
      "lambda_per": 0.0
    },
    {
      "step": 6,
      "total": 4.59402008767128,
      "emo": 4.593235969543457,
      "asr": 7.84118127822876,
      "per": 0.049482561647892,
      "lambda_emo": 1.0,
      "lambda_asr": 0.0001,
      "lambda_per": 0.0
    },
    {
      "step": 7,
      "total": 4.35609263343811,
      "emo": 4.355349540710449,
      "asr": 7.430927276611328,
      "per": 0.046071767807006836,
      "lambda_emo": 1.0,
      "lambda_asr": 0.0001,
      "lambda_per": 0.0
    },
    {
      "step": 8,
      "total": 3.967047177886963,
      "emo": 3.9662911891937256,
      "asr": 7.559886932373047,
      "per": 0.05538227781653404,
      "lambda_emo": 1.0,
      "lambda_asr": 0.0001,
      "lambda_per": 0.0
    },
    {
      "step": 9,
      "total": 4.0633948411464695,
      "emo": 4.062685489654541,
      "asr": 7.093514919281006,
      "per": 0.05906352400779724,
      "lambda_emo": 1.0,
      "lambda_asr": 0.0001,
      "lambda_per": 0.0
    },
    {
      "step": 10,
      "total": 3.4969308429718016,
      "emo": 3.496211528778076,
      "asr": 7.193141937255859,
      "per": 0.04141419380903244,
      "lambda_emo": 1.0,
      "lambda_asr": 0.0001,
      "lambda_per": 0.0
    },
    {
      "step": 11,
      "total": 3.903329705429077,
      "emo": 3.902498960494995,
      "asr": 8.307449340820312,
      "per": 0.040366604924201965,
      "lambda_emo": 1.0,
      "lambda_asr": 0.0001,
      "lambda_per": 0.0
    },
    {
      "step": 12,
      "total": 4.174468731832504,
      "emo": 4.173690319061279,
      "asr": 7.784127712249756,
      "per": 0.04174063727259636,
      "lambda_emo": 1.0,
      "lambda_asr": 0.0001,
      "lambda_per": 0.0
    },
    {
      "step": 13,
      "total": 4.151308658599853,
      "emo": 4.150495529174805,
      "asr": 8.131294250488281,
      "per": 0.06020316481590271,
      "lambda_emo": 1.0,
      "lambda_asr": 0.0001,
      "lambda_per": 0.0
    },
    {
      "step": 14,
      "total": 2.847103556442261,
      "emo": 2.846245527267456,
      "asr": 8.580291748046875,
      "per": 0.060758110135793686,
      "lambda_emo": 1.0,
      "lambda_asr": 0.0001,
      "lambda_per": 0.0
    },
    {
      "step": 15,
      "total": 2.825978586578369,
      "emo": 2.82515287399292,
      "asr": 8.257125854492188,
      "per": 0.06155258044600487,
      "lambda_emo": 1.0,
      "lambda_asr": 0.0001,
      "lambda_per": 0.0
    },
    {
      "step": 16,
      "total": 3.1394789076805116,
      "emo": 3.1386618614196777,
      "asr": 8.170462608337402,
      "per": 0.04606444761157036,
      "lambda_emo": 1.0,
      "lambda_asr": 0.0001,
      "lambda_per": 0.0
    },
    {
      "step": 17,
      "total": 2.416734016227722,
      "emo": 2.4159908294677734,
      "asr": 7.431867599487305,
      "per": 0.0625571459531784,
      "lambda_emo": 1.0,
      "lambda_asr": 0.0001,
      "lambda_per": 0.0
    },
    {
      "step": 18,
      "total": 1.970073328590393,
      "emo": 1.9692310094833374,
      "asr": 8.42319107055664,
      "per": 0.05065971612930298,
      "lambda_emo": 1.0,
      "lambda_asr": 0.0001,
      "lambda_per": 0.0
    },
    {
      "step": 19,
      "total": 1.8077677076339722,
      "emo": 1.8068161010742188,
      "asr": 9.51606559753418,
      "per": 0.05068826675415039,
      "lambda_emo": 1.0,
      "lambda_asr": 0.0001,
      "lambda_per": 0.0
    },
    {
      "step": 20,
      "total": 1.563434920542203,
      "emo": 1.4692715406417847,
      "asr": 9.416278839111328,
      "per": 0.05915093049407005,
      "lambda_emo": 1.0,
      "lambda_asr": 0.01,
      "lambda_per": 1e-05
    },
    {
      "step": 21,
      "total": 1.93069414878577,
      "emo": 1.843616008758545,
      "asr": 8.70776653289795,
      "per": 0.04746982455253601,
      "lambda_emo": 1.0,
      "lambda_asr": 0.01,
      "lambda_per": 1e-05
    },
    {
      "step": 22,
      "total": 1.9037104222431407,
      "emo": 1.810278296470642,
      "asr": 9.34315013885498,
      "per": 0.062438394874334335,
      "lambda_emo": 1.0,
      "lambda_asr": 0.01,
      "lambda_per": 1e-05
    },
    {
      "step": 23,
      "total": 1.4696355889727921,
      "emo": 1.3898169994354248,
      "asr": 7.981803894042969,
      "per": 0.05505969375371933,
      "lambda_emo": 1.0,
      "lambda_asr": 0.01,