{
  "sample_id": "00897_0003_sad_0003_001176",
  "path": "/data1/lixiang/OpenS2S_dataset/ESD/CN/0003/Sad/0003_001176.wav",
  "speaker_id": "0003",
  "ground_truth_emotion": "sad",
  "target_emotion": "happy",
  "emo_text_clean": [
    "Sad",
    "Sad",
    "\u5979\u4f4f\u5728\u5965\u65af"
  ],
  "emo_text_adv": [
    "happy",
    "happy",
    "happy"
  ],
  "emo_pred_clean": [
    "sad",
    "sad",
    ""
  ],
  "emo_pred_adv": [
    "happy",
    "happy",
    "happy"
  ],
  "asr_text_clean": "\u5979\u4f4f\u5728\u5965\u65af",
  "asr_text_adv": "\u5c0f\u72d0\u72f8",
  "success_emo": true,
  "wer": 1.0,
  "semantic_sim": 0.24026218056678772,
  "semantic_preserved": false,
  "delta_linf": 0.008000001311302185,
  "delta_l2": 1.3654801845550537,
  "snr_db": 11.366996537849658,
  "grad_norm_trace": [
    606.8954467773438,
    138.58863830566406,
    176.21397399902344,
    138.49977111816406,
    113.03022766113281,
    132.85284423828125,
    312.93524169921875,
    188.85162353515625,
    157.27865600585938,
    114.08602905273438,
    133.34506225585938,
    218.4239044189453,
    269.21026611328125,
    223.47874450683594,
    167.3555450439453,
    189.21665954589844,
    112.73054504394531,
    87.0442886352539,
    88.09152221679688,
    84.93125915527344,
    198.26463317871094,
    135.28050231933594,
    78.27569580078125,
    146.32212829589844,
    142.22412109375,
    110.18487548828125,
    99.26361846923828,
    74.39453125,
    79.6272201538086,
    69.26660919189453,
    72.6710205078125,
    121.79348754882812,
    116.51341247558594,
    49.22904968261719,
    62.376792907714844,
    66.81119537353516,
    62.455081939697266,
    44.497283935546875,
    27.824325561523438,
    46.914695739746094,
    37.7793083190918,
    43.854217529296875,
    40.49402618408203,
    31.54729652404785,
    22.327848434448242,
    49.30520248413086,
    15.688240051269531,
    46.923118591308594,
    33.60786056518555,
    27.520715713500977,
    30.10257911682129,
    45.038509368896484,
    103.20829772949219,
    49.994163513183594,
    18.156522750854492,
    14.53234577178955,
    15.077762603759766,
    53.93921661376953,
    26.237197875976562,
    28.02625274658203
  ],
  "loss_trace": [
    {
      "step": 0,
      "total": 10.870345546105504,
      "emo": 10.870307922363281,
      "asr": 0.3762374222278595,
      "per": 0.0,
      "lambda_emo": 1.0,
      "lambda_asr": 0.0001,
      "lambda_per": 0.0
    },
    {
      "step": 1,
      "total": 7.100917855513096,
      "emo": 7.100775718688965,
      "asr": 1.4213682413101196,
      "per": 0.0248935054987669,
      "lambda_emo": 1.0,
      "lambda_asr": 0.0001,
      "lambda_per": 0.0
    },
    {
      "step": 2,
      "total": 5.962364060628414,
      "emo": 5.962186336517334,
      "asr": 1.7772411108016968,
      "per": 0.032707735896110535,
      "lambda_emo": 1.0,
      "lambda_asr": 0.0001,
      "lambda_per": 0.0
    },
    {
      "step": 3,
      "total": 4.820435884237289,
      "emo": 4.819784164428711,
      "asr": 6.517198085784912,
      "per": 0.03326631709933281,
      "lambda_emo": 1.0,
      "lambda_asr": 0.0001,
      "lambda_per": 0.0
    },
    {
      "step": 4,
      "total": 5.133499368476867,
      "emo": 5.133023262023926,
      "asr": 4.761064529418945,
      "per": 0.028968259692192078,
      "lambda_emo": 1.0,
      "lambda_asr": 0.0001,
      "lambda_per": 0.0
    },
    {
      "step": 5,
      "total": 4.2667870666980745,
      "emo": 4.266140937805176,
      "asr": 6.461288928985596,
      "per": 0.029432397335767746,
      "lambda_emo": 1.0,
      "lambda_asr": 0.0001,
      "lambda_per": 0.0
    },
    {
      "step": 6,
      "total": 4.418518234682083,
      "emo": 4.417850494384766,
      "asr": 6.677402973175049,
      "per": 0.03854718804359436,
      "lambda_emo": 1.0,
      "lambda_asr": 0.0001,
      "lambda_per": 0.0
    },
    {
      "step": 7,
      "total": 4.040381492757797,
      "emo": 4.039801597595215,
      "asr": 5.798951625823975,
      "per": 0.04566451534628868,
      "lambda_emo": 1.0,
      "lambda_asr": 0.0001,
      "lambda_per": 0.0
    },
    {
      "step": 8,
      "total": 3.5649174223423006,
      "emo": 3.5644540786743164,
      "asr": 4.633436679840088,
      "per": 0.04409842938184738,
      "lambda_emo": 1.0,
      "lambda_asr": 0.0001,
      "lambda_per": 0.0
    },
    {
      "step": 9,
      "total": 4.748667475605011,
      "emo": 4.747862815856934,
      "asr": 8.046597480773926,
      "per": 0.045872583985328674,
      "lambda_emo": 1.0,
      "lambda_asr": 0.0001,
      "lambda_per": 0.0
    },
    {
      "step": 10,
      "total": 3.8250201564788817,
      "emo": 3.8242545127868652,
      "asr": 7.656436920166016,
      "per": 0.038559090346097946,
      "lambda_emo": 1.0,
      "lambda_asr": 0.0001,
      "lambda_per": 0.0
    },
    {
      "step": 11,
      "total": 3.31147587351799,
      "emo": 3.3107614517211914,
      "asr": 7.1442179679870605,
      "per": 0.036746956408023834,
      "lambda_emo": 1.0,
      "lambda_asr": 0.0001,
      "lambda_per": 0.0
    },
    {
      "step": 12,
      "total": 3.204738815450668,
      "emo": 3.204094648361206,
      "asr": 6.441670894622803,
      "per": 0.0371992327272892,
      "lambda_emo": 1.0,
      "lambda_asr": 0.0001,
      "lambda_per": 0.0
    },
    {
      "step": 13,
      "total": 3.2440345841884612,
      "emo": 3.243246078491211,
      "asr": 7.885056972503662,
      "per": 0.03963121771812439,
      "lambda_emo": 1.0,
      "lambda_asr": 0.0001,
      "lambda_per": 0.0
    },
    {
      "step": 14,
      "total": 4.310962788248062,
      "emo": 4.310303688049316,
      "asr": 6.591001987457275,
      "per": 0.03901306912302971,
      "lambda_emo": 1.0,
      "lambda_asr": 0.0001,
      "lambda_per": 0.0
    },
    {
      "step": 15,
      "total": 5.31062463889122,
      "emo": 5.30996036529541,
      "asr": 6.642735958099365,
      "per": 0.04321392625570297,
      "lambda_emo": 1.0,
      "lambda_asr": 0.0001,
      "lambda_per": 0.0
    },
    {
      "step": 16,
      "total": 3.8581112468719483,
      "emo": 3.857476234436035,
      "asr": 6.350124359130859,
      "per": 0.03954661637544632,
      "lambda_emo": 1.0,
      "lambda_asr": 0.0001,
      "lambda_per": 0.0
    },
    {
      "step": 17,
      "total": 3.6866344913959503,
      "emo": 3.6858901977539062,
      "asr": 7.442936420440674,
      "per": 0.05200100690126419,
      "lambda_emo": 1.0,
      "lambda_asr": 0.0001,
      "lambda_per": 0.0
    },
    {
      "step": 18,
      "total": 4.475162892389298,
      "emo": 4.474491119384766,
      "asr": 6.7177300453186035,
      "per": 0.04032635688781738,
      "lambda_emo": 1.0,
      "lambda_asr": 0.0001,
      "lambda_per": 0.0
    },
    {
      "step": 19,
      "total": 2.661608838033676,
      "emo": 2.6609554290771484,
      "asr": 6.5340895652771,
      "per": 0.05459591746330261,
      "lambda_emo": 1.0,
      "lambda_asr": 0.0001,
      "lambda_per": 0.0
    },
    {
      "step": 20,
      "total": 2.5603492701859025,
      "emo": 2.4975738525390625,
      "asr": 6.277486324310303,
      "per": 0.055440373718738556,
      "lambda_emo": 1.0,
      "lambda_asr": 0.01,
      "lambda_per": 1e-05
    },
    {
      "step": 21,
      "total": 3.478122430986837,
      "emo": 3.420671224594116,
      "asr": 5.745072841644287,
      "per": 0.04779762774705887,
      "lambda_emo": 1.0,
      "lambda_asr": 0.01,
      "lambda_per": 1e-05
    },
    {
      "step": 22,
      "total": 2.25838187629547,
      "emo": 2.1867427825927734,
      "asr": 7.163857936859131,
      "per": 0.05143341049551964,
      "lambda_emo": 1.0,
      "lambda_asr": 0.01,
      "lambda_per": 1e-05
    },
    {
      "step": 23,
      "total": 3.000374605752304,
      "emo": 2.927837371826172,
      "asr": 7.2536773681640625,
      "per": 0.04602444916963577,
      "lambda_emo": 1.0,
      "lambda_asr": 0.01,