{
  "sample_id": "00935_0003_sad_0003_001261",
  "path": "/data1/lixiang/OpenS2S_dataset/ESD/CN/0003/Sad/0003_001261.wav",
  "speaker_id": "0003",
  "ground_truth_emotion": "sad",
  "target_emotion": "happy",
  "emo_text_clean": [
    "Sad",
    "Sad",
    "\u542c\u8d77\u6765"
  ],
  "emo_text_adv": [
    "Happy",
    "Happy",
    "happy"
  ],
  "emo_pred_clean": [
    "sad",
    "sad",
    ""
  ],
  "emo_pred_adv": [
    "happy",
    "happy",
    "happy"
  ],
  "asr_text_clean": "\u542c\u8d77\u6765",
  "asr_text_adv": "We will be doing our tamarind through lunch at work.",
  "success_emo": true,
  "wer": 10.0,
  "semantic_sim": 0.20732715725898743,
  "semantic_preserved": false,
  "delta_linf": 0.008000001311302185,
  "delta_l2": 1.106980562210083,
  "snr_db": 9.945927577910233,
  "grad_norm_trace": [
    740.0428466796875,
    353.5729675292969,
    185.11749267578125,
    192.56362915039062,
    101.76264190673828,
    147.29574584960938,
    249.77877807617188,
    152.7241973876953,
    161.9821014404297,
    84.28387451171875,
    185.51145935058594,
    76.97114562988281,
    67.23387908935547,
    80.61846160888672,
    90.18303680419922,
    68.44884490966797,
    46.711585998535156,
    53.97040939331055,
    63.21050262451172,
    45.02861404418945,
    44.81664276123047,
    138.50892639160156,
    45.4719352722168,
    43.34371566772461,
    45.328495025634766,
    30.572383880615234,
    51.37399673461914,
    49.19330978393555,
    31.250144958496094,
    35.306270599365234,
    43.57845687866211,
    42.532752990722656,
    103.39620208740234,
    52.82352066040039,
    30.353866577148438,
    28.578943252563477,
    36.05488204956055,
    45.49303436279297,
    28.17127227783203,
    49.394874572753906,
    84.9121322631836,
    56.655784606933594,
    75.69051361083984,
    29.563995361328125,
    29.655527114868164,
    31.819169998168945,
    33.923274993896484,
    36.848636627197266,
    70.16934967041016,
    518.7019653320312,
    78.53318786621094,
    113.8930435180664,
    108.85835266113281,
    85.99778747558594,
    97.81422424316406,
    46.640071868896484,
    36.01893997192383,
    78.27848052978516,
    70.3979721069336,
    32.34435272216797
  ],
  "loss_trace": [
    {
      "step": 0,
      "total": 14.522113438093662,
      "emo": 14.521984100341797,
      "asr": 1.2933775186538696,
      "per": 0.0,
      "lambda_emo": 1.0,
      "lambda_asr": 0.0001,
      "lambda_per": 0.0
    },
    {
      "step": 1,
      "total": 7.003264271736145,
      "emo": 7.003019332885742,
      "asr": 2.4493885040283203,
      "per": 0.050876498222351074,
      "lambda_emo": 1.0,
      "lambda_asr": 0.0001,
      "lambda_per": 0.0
    },
    {
      "step": 2,
      "total": 5.217467336273193,
      "emo": 5.216832637786865,
      "asr": 6.34698486328125,
      "per": 0.04718389734625816,
      "lambda_emo": 1.0,
      "lambda_asr": 0.0001,
      "lambda_per": 0.0
    },
    {
      "step": 3,
      "total": 5.167045218467712,
      "emo": 5.16541051864624,
      "asr": 16.34699821472168,
      "per": 0.04771902784705162,
      "lambda_emo": 1.0,
      "lambda_asr": 0.0001,
      "lambda_per": 0.0
    },
    {
      "step": 4,
      "total": 4.517666701602936,
      "emo": 4.516072750091553,
      "asr": 15.939515113830566,
      "per": 0.051144711673259735,
      "lambda_emo": 1.0,
      "lambda_asr": 0.0001,
      "lambda_per": 0.0
    },
    {
      "step": 5,
      "total": 4.228929211425781,
      "emo": 4.227517127990723,
      "asr": 14.120834350585938,
      "per": 0.04991431161761284,
      "lambda_emo": 1.0,
      "lambda_asr": 0.0001,
      "lambda_per": 0.0
    },
    {
      "step": 6,
      "total": 4.037486203289032,
      "emo": 4.035958290100098,
      "asr": 15.279131889343262,
      "per": 0.06252685189247131,
      "lambda_emo": 1.0,
      "lambda_asr": 0.0001,
      "lambda_per": 0.0
    },
    {
      "step": 7,
      "total": 4.037118204307556,
      "emo": 4.035673141479492,
      "asr": 14.450628280639648,
      "per": 0.0573979988694191,
      "lambda_emo": 1.0,
      "lambda_asr": 0.0001,
      "lambda_per": 0.0
    },
    {
      "step": 8,
      "total": 3.8869318274497986,
      "emo": 3.8862500190734863,
      "asr": 6.818083763122559,
      "per": 0.05191677808761597,
      "lambda_emo": 1.0,
      "lambda_asr": 0.0001,
      "lambda_per": 0.0
    },
    {
      "step": 9,
      "total": 3.6856881673812865,
      "emo": 3.6841249465942383,
      "asr": 15.632207870483398,
      "per": 0.05583092197775841,
      "lambda_emo": 1.0,
      "lambda_asr": 0.0001,
      "lambda_per": 0.0
    },
    {
      "step": 10,
      "total": 3.6082457218170165,
      "emo": 3.6070022583007812,
      "asr": 12.434635162353516,
      "per": 0.0631106048822403,
      "lambda_emo": 1.0,
      "lambda_asr": 0.0001,
      "lambda_per": 0.0
    },
    {
      "step": 11,
      "total": 3.501030920124054,
      "emo": 3.4997000694274902,
      "asr": 13.308506965637207,
      "per": 0.05655866488814354,
      "lambda_emo": 1.0,
      "lambda_asr": 0.0001,
      "lambda_per": 0.0
    },
    {
      "step": 12,
      "total": 2.893613790512085,
      "emo": 2.892049789428711,
      "asr": 15.640010833740234,
      "per": 0.05446285009384155,
      "lambda_emo": 1.0,
      "lambda_asr": 0.0001,
      "lambda_per": 0.0
    },
    {
      "step": 13,
      "total": 2.818968671131134,
      "emo": 2.8175230026245117,
      "asr": 14.456685066223145,
      "per": 0.057985659688711166,
      "lambda_emo": 1.0,
      "lambda_asr": 0.0001,
      "lambda_per": 0.0
    },
    {
      "step": 14,
      "total": 3.3920785546302796,
      "emo": 3.3909530639648438,
      "asr": 11.25490665435791,
      "per": 0.0625012069940567,
      "lambda_emo": 1.0,
      "lambda_asr": 0.0001,
      "lambda_per": 0.0
    },
    {
      "step": 15,
      "total": 3.2363332719802855,
      "emo": 3.2347402572631836,
      "asr": 15.930147171020508,
      "per": 0.05236322805285454,
      "lambda_emo": 1.0,
      "lambda_asr": 0.0001,
      "lambda_per": 0.0
    },
    {
      "step": 16,
      "total": 2.628088785743713,
      "emo": 2.6266305446624756,
      "asr": 14.58241081237793,
      "per": 0.0559362918138504,
      "lambda_emo": 1.0,
      "lambda_asr": 0.0001,
      "lambda_per": 0.0
    },
    {
      "step": 17,
      "total": 2.3399841709136964,
      "emo": 2.338364601135254,
      "asr": 16.195697784423828,
      "per": 0.048450879752635956,
      "lambda_emo": 1.0,
      "lambda_asr": 0.0001,
      "lambda_per": 0.0
    },
    {
      "step": 18,
      "total": 2.3515922380447387,
      "emo": 2.3499245643615723,
      "asr": 16.67673683166504,
      "per": 0.04945863410830498,
      "lambda_emo": 1.0,
      "lambda_asr": 0.0001,
      "lambda_per": 0.0
    },
    {
      "step": 19,
      "total": 2.008802304649353,
      "emo": 2.0071771144866943,
      "asr": 16.251901626586914,
      "per": 0.0574115514755249,
      "lambda_emo": 1.0,
      "lambda_asr": 0.0001,
      "lambda_per": 0.0
    },
    {
      "step": 20,
      "total": 1.952799835345596,
      "emo": 1.8006242513656616,
      "asr": 15.21749496459961,
      "per": 0.06343339383602142,
      "lambda_emo": 1.0,
      "lambda_asr": 0.01,
      "lambda_per": 1e-05
    },
    {
      "step": 21,
      "total": 2.1915216942066698,
      "emo": 2.0146846771240234,
      "asr": 17.68364715576172,
      "per": 0.05455250293016434,
      "lambda_emo": 1.0,
      "lambda_asr": 0.01,
      "lambda_per": 1e-05
    },
    {
      "step": 22,
      "total": 2.367202088034861,
      "emo": 2.2176554203033447,
      "asr": 14.95461654663086,
      "per": 0.050226520746946335,
      "lambda_emo": 1.0,
      "lambda_asr": 0.01,
      "lambda_per": 1e-05
    },
    {
      "step": 23,
      "total": 2.2106921188013997,
      "emo": 2.071674346923828,
      "asr": 13.901719093322754,
      "per": 0.058094434440135956,
      "lambda_emo": 1.0,
      "lambda_asr": 0.01,