{
  "sample_id": "01026_0003_sad_0003_001065",
  "path": "/data1/lixiang/OpenS2S_dataset/ESD/CN/0003/Sad/0003_001065.wav",
  "speaker_id": "0003",
  "ground_truth_emotion": "sad",
  "target_emotion": "happy",
  "emo_text_clean": [
    "Sad",
    "Neutral",
    "\u542c\u8d77\u6765"
  ],
  "emo_text_adv": [
    "happy",
    "happy",
    "happy"
  ],
  "emo_pred_clean": [
    "sad",
    "neutral",
    ""
  ],
  "emo_pred_adv": [
    "happy",
    "happy",
    "happy"
  ],
  "asr_text_clean": "\u6211\u7279\u522b\u559c\u6b22\u7f51\u7403",
  "asr_text_adv": "\u6211\u7279\u522b\u559c\u6b22\u7ea2\u7403\u548c\u4e1c\u5c71\u3002",
  "success_emo": true,
  "wer": 1.0,
  "semantic_sim": 0.49594882130622864,
  "semantic_preserved": false,
  "delta_linf": 0.008000001311302185,
  "delta_l2": 1.173567533493042,
  "snr_db": 13.655323280679339,
  "grad_norm_trace": [
    754.1815185546875,
    323.4761047363281,
    87.28976440429688,
    92.17399597167969,
    67.9793930053711,
    57.718814849853516,
    104.86990356445312,
    54.35985565185547,
    68.89307403564453,
    87.478515625,
    133.77294921875,
    89.15093994140625,
    70.69217681884766,
    38.129974365234375,
    97.5671615600586,
    60.41594696044922,
    41.63753128051758,
    65.84281158447266,
    27.211971282958984,
    23.701251983642578,
    49.0597038269043,
    52.37533950805664,
    77.40413665771484,
    137.23663330078125,
    37.956172943115234,
    57.1981201171875,
    113.97817993164062,
    58.82811737060547,
    53.528656005859375,
    60.85981750488281,
    32.331703186035156,
    30.721513748168945,
    25.39707374572754,
    20.77546501159668,
    25.037973403930664,
    23.411518096923828,
    46.059139251708984,
    21.430110931396484,
    35.37535095214844,
    21.34535026550293,
    20.246692657470703,
    17.216474533081055,
    13.121702194213867,
    22.083642959594727,
    17.35538673400879,
    15.761726379394531,
    14.651296615600586,
    12.246222496032715,
    22.25597381591797,
    30.52128791809082,
    20.867115020751953,
    17.697877883911133,
    18.11246681213379,
    28.192197799682617,
    23.003541946411133,
    10.277144432067871,
    11.195452690124512,
    17.130889892578125,
    12.691372871398926,
    15.101884841918945
  ],
  "loss_trace": [
    {
      "step": 0,
      "total": 8.877368403754383,
      "emo": 8.877359390258789,
      "asr": 0.09013495594263077,
      "per": 0.0,
      "lambda_emo": 1.0,
      "lambda_asr": 0.0001,
      "lambda_per": 0.0
    },
    {
      "step": 1,
      "total": 4.83491033629179,
      "emo": 4.8347978591918945,
      "asr": 1.124770998954773,
      "per": 0.0347161740064621,
      "lambda_emo": 1.0,
      "lambda_asr": 0.0001,
      "lambda_per": 0.0
    },
    {
      "step": 2,
      "total": 3.2708824058532713,
      "emo": 3.2706332206726074,
      "asr": 2.491851806640625,
      "per": 0.04148125275969505,
      "lambda_emo": 1.0,
      "lambda_asr": 0.0001,
      "lambda_per": 0.0
    },
    {
      "step": 3,
      "total": 2.514892783141136,
      "emo": 2.5146265029907227,
      "asr": 2.662801504135132,
      "per": 0.04683826491236687,
      "lambda_emo": 1.0,
      "lambda_asr": 0.0001,
      "lambda_per": 0.0
    },
    {
      "step": 4,
      "total": 2.8234790658712385,
      "emo": 2.823204755783081,
      "asr": 2.743100881576538,
      "per": 0.05063957720994949,
      "lambda_emo": 1.0,
      "lambda_asr": 0.0001,
      "lambda_per": 0.0
    },
    {
      "step": 5,
      "total": 2.363875654411316,
      "emo": 2.3634536266326904,
      "asr": 4.220277786254883,
      "per": 0.037065062671899796,
      "lambda_emo": 1.0,
      "lambda_asr": 0.0001,
      "lambda_per": 0.0
    },
    {
      "step": 6,
      "total": 2.25880269241333,
      "emo": 2.258396863937378,
      "asr": 4.058284759521484,
      "per": 0.05186314508318901,
      "lambda_emo": 1.0,
      "lambda_asr": 0.0001,
      "lambda_per": 0.0
    },
    {
      "step": 7,
      "total": 1.5019042325496674,
      "emo": 1.5016019344329834,
      "asr": 3.0229811668395996,
      "per": 0.04874538630247116,
      "lambda_emo": 1.0,
      "lambda_asr": 0.0001,
      "lambda_per": 0.0
    },
    {
      "step": 8,
      "total": 1.9185225638151169,
      "emo": 1.9181790351867676,
      "asr": 3.435286283493042,
      "per": 0.040910832583904266,
      "lambda_emo": 1.0,
      "lambda_asr": 0.0001,
      "lambda_per": 0.0
    },
    {
      "step": 9,
      "total": 2.030459418439865,
      "emo": 2.03004789352417,
      "asr": 4.115249156951904,
      "per": 0.038225531578063965,
      "lambda_emo": 1.0,
      "lambda_asr": 0.0001,
      "lambda_per": 0.0
    },
    {
      "step": 10,
      "total": 1.7648628924369811,
      "emo": 1.7644145488739014,
      "asr": 4.48343563079834,
      "per": 0.0498829260468483,
      "lambda_emo": 1.0,
      "lambda_asr": 0.0001,
      "lambda_per": 0.0
    },
    {
      "step": 11,
      "total": 1.868539026737213,
      "emo": 1.8682384490966797,
      "asr": 3.0057764053344727,
      "per": 0.04591941460967064,
      "lambda_emo": 1.0,
      "lambda_asr": 0.0001,
      "lambda_per": 0.0
    },
    {
      "step": 12,
      "total": 2.0517785350084305,
      "emo": 2.051496982574463,
      "asr": 2.8155243396759033,
      "per": 0.03988046944141388,
      "lambda_emo": 1.0,
      "lambda_asr": 0.0001,
      "lambda_per": 0.0
    },
    {
      "step": 13,
      "total": 1.6598661270141601,
      "emo": 1.6595165729522705,
      "asr": 3.4955406188964844,
      "per": 0.05256999284029007,
      "lambda_emo": 1.0,
      "lambda_asr": 0.0001,
      "lambda_per": 0.0
    },
    {
      "step": 14,
      "total": 1.9832223451137543,
      "emo": 1.9828413724899292,
      "asr": 3.8097262382507324,
      "per": 0.048721857368946075,
      "lambda_emo": 1.0,
      "lambda_asr": 0.0001,
      "lambda_per": 0.0
    },
    {
      "step": 15,
      "total": 1.854275820994377,
      "emo": 1.8538873195648193,
      "asr": 3.885014295578003,
      "per": 0.037934310734272,
      "lambda_emo": 1.0,
      "lambda_asr": 0.0001,
      "lambda_per": 0.0
    },
    {
      "step": 16,
      "total": 1.5007464617729187,
      "emo": 1.5003271102905273,
      "asr": 4.193514823913574,
      "per": 0.03948652371764183,
      "lambda_emo": 1.0,
      "lambda_asr": 0.0001,
      "lambda_per": 0.0
    },
    {
      "step": 17,
      "total": 1.42234958088398,
      "emo": 1.4220058917999268,
      "asr": 3.4368908405303955,
      "per": 0.05274348706007004,
      "lambda_emo": 1.0,
      "lambda_asr": 0.0001,
      "lambda_per": 0.0
    },
    {
      "step": 18,
      "total": 1.5972462859153747,
      "emo": 1.5967986583709717,
      "asr": 4.476275444030762,
      "per": 0.05075258016586304,
      "lambda_emo": 1.0,
      "lambda_asr": 0.0001,
      "lambda_per": 0.0
    },
    {
      "step": 19,
      "total": 1.298482098054886,
      "emo": 1.2980660200119019,
      "asr": 4.160780429840088,
      "per": 0.04417242109775543,
      "lambda_emo": 1.0,
      "lambda_asr": 0.0001,
      "lambda_per": 0.0
    },
    {
      "step": 20,
      "total": 1.3449566567996143,
      "emo": 1.3034582138061523,
      "asr": 4.149789810180664,
      "per": 0.05448916554450989,
      "lambda_emo": 1.0,
      "lambda_asr": 0.01,
      "lambda_per": 1e-05
    },
    {
      "step": 21,
      "total": 1.4271492261717469,
      "emo": 1.3855280876159668,
      "asr": 4.162069797515869,
      "per": 0.04405806213617325,
      "lambda_emo": 1.0,
      "lambda_asr": 0.01,
      "lambda_per": 1e-05
    },
    {
      "step": 22,
      "total": 1.3154225952025502,
      "emo": 1.2841870784759521,
      "asr": 3.1235063076019287,
      "per": 0.04536505788564682,
      "lambda_emo": 1.0,
      "lambda_asr": 0.01,
      "lambda_per": 1e-05
    },
    {
      "step": 23,
      "total": 1.8353346481311321,
      "emo": 1.814141035079956,
      "asr": 2.1193196773529053,
      "per": 0.04162776470184326,
      "lambda_emo": 1.0,