{
  "sample_id": "01064_0003_surprise_0003_001612",
  "path": "/data1/lixiang/OpenS2S_dataset/ESD/CN/0003/Surprise/0003_001612.wav",
  "speaker_id": "0003",
  "ground_truth_emotion": "surprise",
  "target_emotion": "happy",
  "emo_text_clean": [
    "Surprise.",
    "Surprise.",
    "\u54c7\uff0c\u771f\u7684\u5417\uff1f"
  ],
  "emo_text_adv": [
    "happy",
    "happy",
    "happy"
  ],
  "emo_pred_clean": [
    "surprise",
    "surprise",
    ""
  ],
  "emo_pred_adv": [
    "happy",
    "happy",
    "happy"
  ],
  "asr_text_clean": "\u6211\u8fd8\u4f1a\u966a\u4f60",
  "asr_text_adv": "\u6211\u8fd8\u4f1a\u966a\u4f60",
  "success_emo": true,
  "wer": 0.0,
  "semantic_sim": 0.9999999403953552,
  "semantic_preserved": true,
  "delta_linf": 0.008000001311302185,
  "delta_l2": 1.1420178413391113,
  "snr_db": 17.626590353519532,
  "grad_norm_trace": [
    1228.6402587890625,
    226.33743286132812,
    93.164794921875,
    46.00473403930664,
    65.9715576171875,
    69.23111724853516,
    27.54986572265625,
    38.09198760986328,
    56.54024124145508,
    45.665042877197266,
    38.44181823730469,
    58.028114318847656,
    30.22247886657715,
    19.08102798461914,
    28.872037887573242,
    20.459142684936523,
    20.493274688720703,
    22.31851577758789,
    24.342548370361328,
    34.42028045654297,
    57.68391036987305,
    18.912389755249023,
    34.82062530517578,
    29.702930450439453,
    34.01695251464844,
    25.10146713256836,
    31.806249618530273,
    63.82878494262695,
    34.51943588256836,
    17.79059600830078,
    20.306400299072266,
    19.86345100402832,
    10.851966857910156,
    19.516767501831055,
    61.29365921020508,
    23.283571243286133,
    20.33513641357422,
    26.927532196044922,
    24.509546279907227,
    132.04446411132812,
    37.51066970825195,
    39.17964172363281,
    12.829545974731445,
    33.72454833984375,
    83.14564514160156,
    25.58208656311035,
    48.60242462158203,
    30.873424530029297,
    23.17919921875,
    151.36878967285156,
    47.755245208740234,
    135.371337890625,
    34.95695495605469,
    22.470809936523438,
    19.449539184570312,
    24.174692153930664,
    30.979110717773438,
    13.077570915222168,
    11.988205909729004,
    15.450955390930176
  ],
  "loss_trace": [
    {
      "step": 0,
      "total": 10.101473724658787,
      "emo": 10.10145092010498,
      "asr": 0.2280455380678177,
      "per": 0.0,
      "lambda_emo": 1.0,
      "lambda_asr": 0.0001,
      "lambda_per": 0.0
    },
    {
      "step": 1,
      "total": 5.325534806904197,
      "emo": 5.325506687164307,
      "asr": 0.2811973989009857,
      "per": 0.04146101698279381,
      "lambda_emo": 1.0,
      "lambda_asr": 0.0001,
      "lambda_per": 0.0
    },
    {
      "step": 2,
      "total": 3.228985667258501,
      "emo": 3.22895884513855,
      "asr": 0.2682211995124817,
      "per": 0.05031172186136246,
      "lambda_emo": 1.0,
      "lambda_asr": 0.0001,
      "lambda_per": 0.0
    },
    {
      "step": 3,
      "total": 3.0487469752281906,
      "emo": 3.0487163066864014,
      "asr": 0.3066854178905487,
      "per": 0.04453778266906738,
      "lambda_emo": 1.0,
      "lambda_asr": 0.0001,
      "lambda_per": 0.0
    },
    {
      "step": 4,
      "total": 2.276143789964914,
      "emo": 2.276124954223633,
      "asr": 0.188357412815094,
      "per": 0.051159389317035675,
      "lambda_emo": 1.0,
      "lambda_asr": 0.0001,
      "lambda_per": 0.0
    },
    {
      "step": 5,
      "total": 2.1818275085195897,
      "emo": 2.181802749633789,
      "asr": 0.2475888580083847,
      "per": 0.043870583176612854,
      "lambda_emo": 1.0,
      "lambda_asr": 0.0001,
      "lambda_per": 0.0
    },
    {
      "step": 6,
      "total": 1.5801953053772448,
      "emo": 1.5801770687103271,
      "asr": 0.18236666917800903,
      "per": 0.05272715911269188,
      "lambda_emo": 1.0,
      "lambda_asr": 0.0001,
      "lambda_per": 0.0
    },
    {
      "step": 7,
      "total": 1.5471066523000598,
      "emo": 1.5470881462097168,
      "asr": 0.18506090342998505,
      "per": 0.03604617342352867,
      "lambda_emo": 1.0,
      "lambda_asr": 0.0001,
      "lambda_per": 0.0
    },
    {
      "step": 8,
      "total": 1.2284679490670563,
      "emo": 1.2284519672393799,
      "asr": 0.15981827676296234,
      "per": 0.04719063639640808,
      "lambda_emo": 1.0,
      "lambda_asr": 0.0001,
      "lambda_per": 0.0
    },
    {
      "step": 9,
      "total": 1.6920911358013748,
      "emo": 1.692070484161377,
      "asr": 0.20651639997959137,
      "per": 0.0490458719432354,
      "lambda_emo": 1.0,
      "lambda_asr": 0.0001,
      "lambda_per": 0.0
    },
    {
      "step": 10,
      "total": 1.3735016457870604,
      "emo": 1.373486876487732,
      "asr": 0.1476929932832718,
      "per": 0.040164120495319366,
      "lambda_emo": 1.0,
      "lambda_asr": 0.0001,
      "lambda_per": 0.0
    },
    {
      "step": 11,
      "total": 1.3587714727163316,
      "emo": 1.3587560653686523,
      "asr": 0.15407347679138184,
      "per": 0.04717143997550011,
      "lambda_emo": 1.0,
      "lambda_asr": 0.0001,
      "lambda_per": 0.0
    },
    {
      "step": 12,
      "total": 1.1918864389687776,
      "emo": 1.1918609142303467,
      "asr": 0.2552473843097687,
      "per": 0.047260697931051254,
      "lambda_emo": 1.0,
      "lambda_asr": 0.0001,
      "lambda_per": 0.0
    },
    {
      "step": 13,
      "total": 0.9399845572531224,
      "emo": 0.9399675726890564,
      "asr": 0.16984564065933228,
      "per": 0.04950147122144699,
      "lambda_emo": 1.0,
      "lambda_asr": 0.0001,
      "lambda_per": 0.0
    },
    {
      "step": 14,
      "total": 1.1362036664292217,
      "emo": 1.1361844539642334,
      "asr": 0.1921246498823166,
      "per": 0.045553337782621384,
      "lambda_emo": 1.0,
      "lambda_asr": 0.0001,
      "lambda_per": 0.0
    },
    {
      "step": 15,
      "total": 0.8726260354101658,
      "emo": 0.872606635093689,
      "asr": 0.194003164768219,
      "per": 0.03928807005286217,
      "lambda_emo": 1.0,
      "lambda_asr": 0.0001,
      "lambda_per": 0.0
    },
    {
      "step": 16,
      "total": 0.8864710448801517,
      "emo": 0.8864524364471436,
      "asr": 0.1860843300819397,
      "per": 0.041161756962537766,
      "lambda_emo": 1.0,
      "lambda_asr": 0.0001,
      "lambda_per": 0.0
    },
    {
      "step": 17,
      "total": 1.0150989736035467,
      "emo": 1.0150806903839111,
      "asr": 0.18283219635486603,
      "per": 0.04516533017158508,
      "lambda_emo": 1.0,
      "lambda_asr": 0.0001,
      "lambda_per": 0.0
    },
    {
      "step": 18,
      "total": 0.9907963831216097,
      "emo": 0.9907816648483276,
      "asr": 0.14718273282051086,
      "per": 0.03935350477695465,
      "lambda_emo": 1.0,
      "lambda_asr": 0.0001,
      "lambda_per": 0.0
    },
    {
      "step": 19,
      "total": 0.9905361025258899,
      "emo": 0.9905211329460144,
      "asr": 0.14969579875469208,
      "per": 0.04436558485031128,
      "lambda_emo": 1.0,
      "lambda_asr": 0.0001,
      "lambda_per": 0.0
    },
    {
      "step": 20,
      "total": 1.3943436452368647,
      "emo": 1.3925246000289917,
      "asr": 0.1818670630455017,
      "per": 0.03745774179697037,
      "lambda_emo": 1.0,
      "lambda_asr": 0.01,
      "lambda_per": 1e-05
    },
    {
      "step": 21,
      "total": 1.0764646835185587,
      "emo": 1.07478928565979,
      "asr": 0.1675042361021042,
      "per": 0.03554977476596832,
      "lambda_emo": 1.0,
      "lambda_asr": 0.01,
      "lambda_per": 1e-05
    },
    {
      "step": 22,
      "total": 1.0479585944685714,
      "emo": 1.0466969013214111,
      "asr": 0.12613408267498016,
      "per": 0.03523204103112221,
      "lambda_emo": 1.0,
      "lambda_asr": 0.01,
      "lambda_per": 1e-05
    },
    {
      "step": 23,
      "total": 0.7573492801406234,
      "emo": 0.7556815147399902,
      "asr": 0.16673016548156738,