{
  "sample_id": "01110_0003_surprise_0003_001743",
  "path": "/data1/lixiang/OpenS2S_dataset/ESD/CN/0003/Surprise/0003_001743.wav",
  "speaker_id": "0003",
  "ground_truth_emotion": "surprise",
  "target_emotion": "happy",
  "emo_text_clean": [
    "Surprise.",
    "Surprise.",
    "\u54c7\uff0c\u5f88\u591a\u767d\u9886"
  ],
  "emo_text_adv": [
    "happy",
    "happy",
    "happy"
  ],
  "emo_pred_clean": [
    "surprise",
    "surprise",
    ""
  ],
  "emo_pred_adv": [
    "happy",
    "happy",
    "happy"
  ],
  "asr_text_clean": "\u8bb8\u591a\u767d\u9886",
  "asr_text_adv": "\u8bb8\u591a\u767d\u9886",
  "success_emo": true,
  "wer": 0.0,
  "semantic_sim": 1.0,
  "semantic_preserved": true,
  "delta_linf": 0.008000001311302185,
  "delta_l2": 0.9081485271453857,
  "snr_db": 25.669593125942015,
  "grad_norm_trace": [
    290.8816223144531,
    420.3931579589844,
    116.01704406738281,
    125.00662231445312,
    295.59381103515625,
    133.9271240234375,
    45.94184112548828,
    66.75848388671875,
    62.403282165527344,
    47.78703308105469,
    27.919645309448242,
    66.70352935791016,
    64.47586822509766,
    94.1908187866211,
    44.83513641357422,
    40.42798614501953,
    18.41886329650879,
    27.533079147338867,
    35.677589416503906,
    17.765085220336914,
    26.678972244262695,
    21.02799415588379,
    27.4532470703125,
    20.80345344543457,
    11.002638816833496,
    8.345290184020996,
    9.375290870666504,
    8.690624237060547,
    8.44830322265625,
    15.886663436889648,
    12.67239761352539,
    10.951191902160645,
    7.142353057861328,
    9.430416107177734,
    18.794673919677734,
    16.159875869750977,
    9.920063018798828,
    10.5388765335083,
    8.077065467834473,
    9.180359840393066,
    8.411019325256348,
    11.781576156616211,
    16.243627548217773,
    34.70886993408203,
    9.750540733337402,
    13.930289268493652,
    14.134687423706055,
    21.463899612426758,
    8.065829277038574,
    12.002613067626953,
    13.945954322814941,
    11.546815872192383,
    10.357244491577148,
    28.585771560668945,
    7.350860595703125,
    6.860589504241943,
    11.978170394897461,
    9.667476654052734,
    15.669931411743164,
    8.145930290222168
  ],
  "loss_trace": [
    {
      "step": 0,
      "total": 13.9085649969697,
      "emo": 13.908506393432617,
      "asr": 0.5860353708267212,
      "per": 0.0,
      "lambda_emo": 1.0,
      "lambda_asr": 0.0001,
      "lambda_per": 0.0
    },
    {
      "step": 1,
      "total": 6.053137537585199,
      "emo": 6.0531134605407715,
      "asr": 0.24077044427394867,
      "per": 0.013254273682832718,
      "lambda_emo": 1.0,
      "lambda_asr": 0.0001,
      "lambda_per": 0.0
    },
    {
      "step": 2,
      "total": 4.3507089817851785,
      "emo": 4.350675106048584,
      "asr": 0.33875736594200134,
      "per": 0.01650504395365715,
      "lambda_emo": 1.0,
      "lambda_asr": 0.0001,
      "lambda_per": 0.0
    },
    {
      "step": 3,
      "total": 3.575750491642952,
      "emo": 3.5757217407226562,
      "asr": 0.2875092029571533,
      "per": 0.01701844111084938,
      "lambda_emo": 1.0,
      "lambda_asr": 0.0001,
      "lambda_per": 0.0
    },
    {
      "step": 4,
      "total": 3.360978035669029,
      "emo": 3.3609607219696045,
      "asr": 0.17313699424266815,
      "per": 0.020838335156440735,
      "lambda_emo": 1.0,
      "lambda_asr": 0.0001,
      "lambda_per": 0.0
    },
    {
      "step": 5,
      "total": 3.5373620501086114,
      "emo": 3.537343740463257,
      "asr": 0.18309645354747772,
      "per": 0.02825785055756569,
      "lambda_emo": 1.0,
      "lambda_asr": 0.0001,
      "lambda_per": 0.0
    },
    {
      "step": 6,
      "total": 3.8555060209840537,
      "emo": 3.8554892539978027,
      "asr": 0.1676698625087738,
      "per": 0.02309752069413662,
      "lambda_emo": 1.0,
      "lambda_asr": 0.0001,
      "lambda_per": 0.0
    },
    {
      "step": 7,
      "total": 3.465444590857625,
      "emo": 3.4654290676116943,
      "asr": 0.15523245930671692,
      "per": 0.0303721334785223,
      "lambda_emo": 1.0,
      "lambda_asr": 0.0001,
      "lambda_per": 0.0
    },
    {
      "step": 8,
      "total": 3.447755462141335,
      "emo": 3.447740316390991,
      "asr": 0.1514575034379959,
      "per": 0.024902334436774254,
      "lambda_emo": 1.0,
      "lambda_asr": 0.0001,
      "lambda_per": 0.0
    },
    {
      "step": 9,
      "total": 3.0499692474707962,
      "emo": 3.049952268600464,
      "asr": 0.16978870332241058,
      "per": 0.028175029903650284,
      "lambda_emo": 1.0,
      "lambda_asr": 0.0001,
      "lambda_per": 0.0
    },
    {
      "step": 10,
      "total": 2.6029334182977677,
      "emo": 2.6029183864593506,
      "asr": 0.15031838417053223,
      "per": 0.02336716465651989,
      "lambda_emo": 1.0,
      "lambda_asr": 0.0001,
      "lambda_per": 0.0
    },
    {
      "step": 11,
      "total": 2.2583521550238133,
      "emo": 2.258333683013916,
      "asr": 0.18472009897232056,
      "per": 0.031954169273376465,
      "lambda_emo": 1.0,
      "lambda_asr": 0.0001,
      "lambda_per": 0.0
    },
    {
      "step": 12,
      "total": 2.2582539621904494,
      "emo": 2.25823974609375,
      "asr": 0.14216096699237823,
      "per": 0.027045806869864464,
      "lambda_emo": 1.0,
      "lambda_asr": 0.0001,
      "lambda_per": 0.0
    },
    {
      "step": 13,
      "total": 2.1908818020820617,
      "emo": 2.19085693359375,
      "asr": 0.24868488311767578,
      "per": 0.024648528546094894,
      "lambda_emo": 1.0,
      "lambda_asr": 0.0001,
      "lambda_per": 0.0
    },
    {
      "step": 14,
      "total": 2.2500265597477553,
      "emo": 2.250004768371582,
      "asr": 0.21791376173496246,
      "per": 0.031320493668317795,
      "lambda_emo": 1.0,
      "lambda_asr": 0.0001,
      "lambda_per": 0.0
    },
    {
      "step": 15,
      "total": 1.9089015828967095,
      "emo": 1.9088867902755737,
      "asr": 0.1479262113571167,
      "per": 0.028966840356588364,
      "lambda_emo": 1.0,
      "lambda_asr": 0.0001,
      "lambda_per": 0.0
    },
    {
      "step": 16,
      "total": 1.2790327401965857,
      "emo": 1.2790160179138184,
      "asr": 0.16722282767295837,
      "per": 0.025282401591539383,
      "lambda_emo": 1.0,
      "lambda_asr": 0.0001,
      "lambda_per": 0.0
    },
    {
      "step": 17,
      "total": 1.2177039510384202,
      "emo": 1.2176880836486816,
      "asr": 0.15867389738559723,
      "per": 0.030511654913425446,
      "lambda_emo": 1.0,
      "lambda_asr": 0.0001,
      "lambda_per": 0.0
    },
    {
      "step": 18,
      "total": 1.2149713809654117,
      "emo": 1.2149555683135986,
      "asr": 0.15812651813030243,
      "per": 0.023473378270864487,
      "lambda_emo": 1.0,
      "lambda_asr": 0.0001,
      "lambda_per": 0.0
    },
    {
      "step": 19,
      "total": 0.9580530032753944,
      "emo": 0.958035945892334,
      "asr": 0.17057383060455322,
      "per": 0.026245012879371643,
      "lambda_emo": 1.0,
      "lambda_asr": 0.0001,
      "lambda_per": 0.0
    },
    {
      "step": 20,
      "total": 1.089180342575498,
      "emo": 1.087583065032959,
      "asr": 0.15969958901405334,
      "per": 0.028165239840745926,
      "lambda_emo": 1.0,
      "lambda_asr": 0.01,
      "lambda_per": 1e-05
    },
    {
      "step": 21,
      "total": 0.9234608009368925,
      "emo": 0.9217040538787842,
      "asr": 0.1756497472524643,
      "per": 0.02495855838060379,
      "lambda_emo": 1.0,
      "lambda_asr": 0.01,
      "lambda_per": 1e-05
    },
    {
      "step": 22,
      "total": 1.0373701453980058,
      "emo": 1.035705327987671,
      "asr": 0.16644853353500366,
      "per": 0.033207498490810394,
      "lambda_emo": 1.0,
      "lambda_asr": 0.01,
      "lambda_per": 1e-05
    },
    {
      "step": 23,
      "total": 0.8240030084849149,
      "emo": 0.8224300146102905,
      "asr": 0.15726470947265625,
      "per": 0.03467798978090286,