{
  "sample_id": "01167_0003_surprise_0003_001467",
  "path": "/data1/lixiang/OpenS2S_dataset/ESD/CN/0003/Surprise/0003_001467.wav",
  "speaker_id": "0003",
  "ground_truth_emotion": "surprise",
  "target_emotion": "happy",
  "emo_text_clean": [
    "Surprise.",
    "Surprise.",
    "\u54c7\uff0c\u771f\u7684\u5417\uff1f"
  ],
  "emo_text_adv": [
    "Happy",
    "happy",
    "happy"
  ],
  "emo_pred_clean": [
    "surprise",
    "surprise",
    ""
  ],
  "emo_pred_adv": [
    "happy",
    "happy",
    "happy"
  ],
  "asr_text_clean": "\u4f60\u6df1\u6df1\u5730",
  "asr_text_adv": "\u4f60\u6df1\u6df1\u5730",
  "success_emo": true,
  "wer": 0.0,
  "semantic_sim": 0.9999999403953552,
  "semantic_preserved": true,
  "delta_linf": 0.008000001311302185,
  "delta_l2": 1.0855308771133423,
  "snr_db": 19.43583382776294,
  "grad_norm_trace": [
    1038.60791015625,
    2686.835693359375,
    115.49298095703125,
    71.5942611694336,
    122.61627197265625,
    135.67941284179688,
    98.556396484375,
    67.86079406738281,
    118.32847595214844,
    33.852718353271484,
    60.472755432128906,
    127.05272674560547,
    66.55338287353516,
    43.776763916015625,
    51.9260139465332,
    14.703420639038086,
    15.910967826843262,
    29.080902099609375,
    36.12446212768555,
    17.702842712402344,
    21.393449783325195,
    13.866106986999512,
    32.51359176635742,
    60.39063262939453,
    19.719757080078125,
    22.503557205200195,
    18.145061492919922,
    28.569656372070312,
    35.94328308105469,
    23.870996475219727,
    14.28295612335205,
    32.474910736083984,
    17.160615921020508,
    11.004133224487305,
    17.2178897857666,
    10.948874473571777,
    11.242276191711426,
    30.188753128051758,
    15.243369102478027,
    28.164873123168945,
    28.00006675720215,
    12.471185684204102,
    18.093399047851562,
    22.764999389648438,
    22.472984313964844,
    20.681724548339844,
    11.649397850036621,
    20.97579574584961,
    19.59465789794922,
    20.217668533325195,
    23.338394165039062,
    29.036094665527344,
    18.711645126342773,
    19.68376350402832,
    25.75181007385254,
    18.47051239013672,
    17.663915634155273,
    18.555011749267578,
    13.265732765197754,
    34.18217468261719
  ],
  "loss_trace": [
    {
      "step": 0,
      "total": 12.852755443286895,
      "emo": 12.852721214294434,
      "asr": 0.34228992462158203,
      "per": 0.0,
      "lambda_emo": 1.0,
      "lambda_asr": 0.0001,
      "lambda_per": 0.0
    },
    {
      "step": 1,
      "total": 9.615918682661652,
      "emo": 9.615877151489258,
      "asr": 0.415311723947525,
      "per": 0.04291073605418205,
      "lambda_emo": 1.0,
      "lambda_asr": 0.0001,
      "lambda_per": 0.0
    },
    {
      "step": 2,
      "total": 6.049269677138328,
      "emo": 6.0492143630981445,
      "asr": 0.55314040184021,
      "per": 0.06107967346906662,
      "lambda_emo": 1.0,
      "lambda_asr": 0.0001,
      "lambda_per": 0.0
    },
    {
      "step": 3,
      "total": 5.085325327044726,
      "emo": 5.085283279418945,
      "asr": 0.4204762578010559,
      "per": 0.043688561767339706,
      "lambda_emo": 1.0,
      "lambda_asr": 0.0001,
      "lambda_per": 0.0
    },
    {
      "step": 4,
      "total": 4.969053500685096,
      "emo": 4.969021320343018,
      "asr": 0.32180342078208923,
      "per": 0.04321972280740738,
      "lambda_emo": 1.0,
      "lambda_asr": 0.0001,
      "lambda_per": 0.0
    },
    {
      "step": 5,
      "total": 3.640341849786043,
      "emo": 3.6402881145477295,
      "asr": 0.5373523831367493,
      "per": 0.0507536455988884,
      "lambda_emo": 1.0,
      "lambda_asr": 0.0001,
      "lambda_per": 0.0
    },
    {
      "step": 6,
      "total": 3.693299338465929,
      "emo": 3.693256139755249,
      "asr": 0.43198710680007935,
      "per": 0.04266300052404404,
      "lambda_emo": 1.0,
      "lambda_asr": 0.0001,
      "lambda_per": 0.0
    },
    {
      "step": 7,
      "total": 3.064776899635792,
      "emo": 3.064742088317871,
      "asr": 0.34811317920684814,
      "per": 0.050414156168699265,
      "lambda_emo": 1.0,
      "lambda_asr": 0.0001,
      "lambda_per": 0.0
    },
    {
      "step": 8,
      "total": 3.055439930295944,
      "emo": 3.0553910732269287,
      "asr": 0.4885706901550293,
      "per": 0.055235885083675385,
      "lambda_emo": 1.0,
      "lambda_asr": 0.0001,
      "lambda_per": 0.0
    },
    {
      "step": 9,
      "total": 2.571426422420144,
      "emo": 2.5713841915130615,
      "asr": 0.4223090708255768,
      "per": 0.05609383434057236,
      "lambda_emo": 1.0,
      "lambda_asr": 0.0001,
      "lambda_per": 0.0
    },
    {
      "step": 10,
      "total": 2.5220433550953865,
      "emo": 2.522005319595337,
      "asr": 0.38035500049591064,
      "per": 0.05826729163527489,
      "lambda_emo": 1.0,
      "lambda_asr": 0.0001,
      "lambda_per": 0.0
    },
    {
      "step": 11,
      "total": 3.1974722064435483,
      "emo": 3.1974387168884277,
      "asr": 0.3348955512046814,
      "per": 0.05489545688033104,
      "lambda_emo": 1.0,
      "lambda_asr": 0.0001,
      "lambda_per": 0.0
    },
    {
      "step": 12,
      "total": 2.97285159483552,
      "emo": 2.972808361053467,
      "asr": 0.43233782052993774,
      "per": 0.04699674993753433,
      "lambda_emo": 1.0,
      "lambda_asr": 0.0001,
      "lambda_per": 0.0
    },
    {
      "step": 13,
      "total": 2.4861395724356172,
      "emo": 2.4861083030700684,
      "asr": 0.31269365549087524,
      "per": 0.0573233924806118,
      "lambda_emo": 1.0,
      "lambda_asr": 0.0001,
      "lambda_per": 0.0
    },
    {
      "step": 14,
      "total": 2.143205975779891,
      "emo": 2.1431643962860107,
      "asr": 0.4157949388027191,
      "per": 0.04497271403670311,
      "lambda_emo": 1.0,
      "lambda_asr": 0.0001,
      "lambda_per": 0.0
    },
    {
      "step": 15,
      "total": 1.8413712723642588,
      "emo": 1.841330885887146,
      "asr": 0.4038647711277008,
      "per": 0.045484017580747604,
      "lambda_emo": 1.0,
      "lambda_asr": 0.0001,
      "lambda_per": 0.0
    },
    {
      "step": 16,
      "total": 1.7673049990057945,
      "emo": 1.7672747373580933,
      "asr": 0.3026164770126343,
      "per": 0.053712233901023865,
      "lambda_emo": 1.0,
      "lambda_asr": 0.0001,
      "lambda_per": 0.0
    },
    {
      "step": 17,
      "total": 1.8024786729305982,
      "emo": 1.802443504333496,
      "asr": 0.3516859710216522,
      "per": 0.048148807138204575,
      "lambda_emo": 1.0,
      "lambda_asr": 0.0001,
      "lambda_per": 0.0
    },
    {
      "step": 18,
      "total": 1.6171154715985059,
      "emo": 1.6170825958251953,
      "asr": 0.32875773310661316,
      "per": 0.043241944164037704,
      "lambda_emo": 1.0,
      "lambda_asr": 0.0001,
      "lambda_per": 0.0
    },
    {
      "step": 19,
      "total": 1.600155863454938,
      "emo": 1.600124716758728,
      "asr": 0.3114669620990753,
      "per": 0.05498461052775383,
      "lambda_emo": 1.0,
      "lambda_asr": 0.0001,
      "lambda_per": 0.0
    },
    {
      "step": 20,
      "total": 1.7077752007975429,
      "emo": 1.704129695892334,
      "asr": 0.36450931429862976,
      "per": 0.04117622226476669,
      "lambda_emo": 1.0,
      "lambda_asr": 0.01,
      "lambda_per": 1e-05
    },
    {
      "step": 21,
      "total": 1.442878712808192,
      "emo": 1.440346598625183,
      "asr": 0.25317099690437317,
      "per": 0.04042139649391174,
      "lambda_emo": 1.0,
      "lambda_asr": 0.01,
      "lambda_per": 1e-05
    },
    {
      "step": 22,
      "total": 1.6783138145451246,
      "emo": 1.6754469871520996,
      "asr": 0.28663069009780884,
      "per": 0.05204920470714569,
      "lambda_emo": 1.0,
      "lambda_asr": 0.01,
      "lambda_per": 1e-05
    },
    {
      "step": 23,
      "total": 1.9972991391476989,
      "emo": 1.993098258972168,
      "asr": 0.420030415058136,
      "per": 0.057602494955062866,