{
  "sample_id": "01316_0003_surprise_0003_001431",
  "path": "/data1/lixiang/OpenS2S_dataset/ESD/CN/0003/Surprise/0003_001431.wav",
  "speaker_id": "0003",
  "ground_truth_emotion": "surprise",
  "target_emotion": "happy",
  "emo_text_clean": [
    "Surprise.",
    "Surprise!",
    "\u62b1\u6b49"
  ],
  "emo_text_adv": [
    "Happy",
    "happy",
    "happy"
  ],
  "emo_pred_clean": [
    "surprise",
    "surprise",
    ""
  ],
  "emo_pred_adv": [
    "happy",
    "happy",
    "happy"
  ],
  "asr_text_clean": "\u62b1\u6b49",
  "asr_text_adv": "\u597d\u7684\uff0c\u6211\u6765\u542c\u542c",
  "success_emo": true,
  "wer": 1.0,
  "semantic_sim": 0.5617772340774536,
  "semantic_preserved": false,
  "delta_linf": 0.008000001311302185,
  "delta_l2": 1.2362544536590576,
  "snr_db": 16.419183176804196,
  "grad_norm_trace": [
    1957.77880859375,
    360.3526611328125,
    57.303245544433594,
    39.670597076416016,
    43.81234359741211,
    29.7978572845459,
    151.1816864013672,
    69.7981948852539,
    68.20246887207031,
    46.070316314697266,
    34.32855224609375,
    29.61768341064453,
    25.834373474121094,
    90.3996810913086,
    42.97822189331055,
    55.0730094909668,
    21.577388763427734,
    22.68282699584961,
    45.37043762207031,
    20.49473762512207,
    28.199954986572266,
    25.819637298583984,
    24.96095848083496,
    35.17731857299805,
    28.403892517089844,
    41.33176040649414,
    20.052642822265625,
    29.9501953125,
    33.05951690673828,
    46.51335144042969,
    25.990428924560547,
    21.998456954956055,
    53.98204040527344,
    30.96228790283203,
    36.644073486328125,
    23.93260955810547,
    31.934982299804688,
    22.472137451171875,
    18.45816993713379,
    27.18893051147461,
    65.1207504272461,
    70.17561340332031,
    56.22745895385742,
    201.42019653320312,
    70.97708129882812,
    37.55060577392578,
    54.42713165283203,
    29.83637046813965,
    25.190288543701172,
    31.69355583190918,
    20.70464515686035,
    37.54484176635742,
    18.69202995300293,
    24.41799545288086,
    23.803058624267578,
    33.28535461425781,
    34.561180114746094,
    30.630109786987305,
    28.191516876220703,
    17.35597038269043
  ],
  "loss_trace": [
    {
      "step": 0,
      "total": 10.640116684818269,
      "emo": 10.640002250671387,
      "asr": 1.1443414688110352,
      "per": 0.0,
      "lambda_emo": 1.0,
      "lambda_asr": 0.0001,
      "lambda_per": 0.0
    },
    {
      "step": 1,
      "total": 6.952620517587662,
      "emo": 6.952171325683594,
      "asr": 4.491919040679932,
      "per": 0.051814403384923935,
      "lambda_emo": 1.0,
      "lambda_asr": 0.0001,
      "lambda_per": 0.0
    },
    {
      "step": 2,
      "total": 5.766386665821075,
      "emo": 5.7659220695495605,
      "asr": 4.645962715148926,
      "per": 0.04632219299674034,
      "lambda_emo": 1.0,
      "lambda_asr": 0.0001,
      "lambda_per": 0.0
    },
    {
      "step": 3,
      "total": 5.205741506958008,
      "emo": 5.205307960510254,
      "asr": 4.3354644775390625,
      "per": 0.04377354308962822,
      "lambda_emo": 1.0,
      "lambda_asr": 0.0001,
      "lambda_per": 0.0
    },
    {
      "step": 4,
      "total": 4.932304570674896,
      "emo": 4.931809425354004,
      "asr": 4.95145320892334,
      "per": 0.04362001270055771,
      "lambda_emo": 1.0,
      "lambda_asr": 0.0001,
      "lambda_per": 0.0
    },
    {
      "step": 5,
      "total": 4.487679910182953,
      "emo": 4.4871134757995605,
      "asr": 5.66434383392334,
      "per": 0.05683658644556999,
      "lambda_emo": 1.0,
      "lambda_asr": 0.0001,
      "lambda_per": 0.0
    },
    {
      "step": 6,
      "total": 4.377356775999069,
      "emo": 4.376773834228516,
      "asr": 5.829417705535889,
      "per": 0.0564495250582695,
      "lambda_emo": 1.0,
      "lambda_asr": 0.0001,
      "lambda_per": 0.0
    },
    {
      "step": 7,
      "total": 4.845691265296936,
      "emo": 4.845043182373047,
      "asr": 6.480829238891602,
      "per": 0.041190605610609055,
      "lambda_emo": 1.0,
      "lambda_asr": 0.0001,
      "lambda_per": 0.0
    },
    {
      "step": 8,
      "total": 4.282313111352921,
      "emo": 4.281708717346191,
      "asr": 6.04394006729126,
      "per": 0.053597088903188705,
      "lambda_emo": 1.0,
      "lambda_asr": 0.0001,
      "lambda_per": 0.0
    },
    {
      "step": 9,
      "total": 4.091429915523529,
      "emo": 4.090815544128418,
      "asr": 6.14371395111084,
      "per": 0.04069536179304123,
      "lambda_emo": 1.0,
      "lambda_asr": 0.0001,
      "lambda_per": 0.0
    },
    {
      "step": 10,
      "total": 3.5952852224349976,
      "emo": 3.5945892333984375,
      "asr": 6.959890365600586,
      "per": 0.0402582511305809,
      "lambda_emo": 1.0,
      "lambda_asr": 0.0001,
      "lambda_per": 0.0
    },
    {
      "step": 11,
      "total": 3.6507471300125123,
      "emo": 3.650135040283203,
      "asr": 6.12089729309082,
      "per": 0.04390634223818779,
      "lambda_emo": 1.0,
      "lambda_asr": 0.0001,
      "lambda_per": 0.0
    },
    {
      "step": 12,
      "total": 3.5800163011550903,
      "emo": 3.579342842102051,
      "asr": 6.734590530395508,
      "per": 0.053170934319496155,
      "lambda_emo": 1.0,
      "lambda_asr": 0.0001,
      "lambda_per": 0.0
    },
    {
      "step": 13,
      "total": 3.38055139541626,
      "emo": 3.379922866821289,
      "asr": 6.285285949707031,
      "per": 0.05337724834680557,
      "lambda_emo": 1.0,
      "lambda_asr": 0.0001,
      "lambda_per": 0.0
    },
    {
      "step": 14,
      "total": 3.399075090122223,
      "emo": 3.3983778953552246,
      "asr": 6.97194766998291,
      "per": 0.05538671836256981,
      "lambda_emo": 1.0,
      "lambda_asr": 0.0001,
      "lambda_per": 0.0
    },
    {
      "step": 15,
      "total": 3.1195413281440736,
      "emo": 3.118863582611084,
      "asr": 6.7774553298950195,
      "per": 0.05595386028289795,
      "lambda_emo": 1.0,
      "lambda_asr": 0.0001,
      "lambda_per": 0.0
    },
    {
      "step": 16,
      "total": 2.9726250109672545,
      "emo": 2.9719111919403076,
      "asr": 7.138190269470215,
      "per": 0.05556609481573105,
      "lambda_emo": 1.0,
      "lambda_asr": 0.0001,
      "lambda_per": 0.0
    },
    {
      "step": 17,
      "total": 2.7803412535667418,
      "emo": 2.779632091522217,
      "asr": 7.091620445251465,
      "per": 0.04052801430225372,
      "lambda_emo": 1.0,
      "lambda_asr": 0.0001,
      "lambda_per": 0.0
    },
    {
      "step": 18,
      "total": 3.000569492530823,
      "emo": 2.999948263168335,
      "asr": 6.21229362487793,
      "per": 0.05421893298625946,
      "lambda_emo": 1.0,
      "lambda_asr": 0.0001,
      "lambda_per": 0.0
    },
    {
      "step": 19,
      "total": 2.870755223464966,
      "emo": 2.870081901550293,
      "asr": 6.733219146728516,
      "per": 0.040843285620212555,
      "lambda_emo": 1.0,
      "lambda_asr": 0.0001,
      "lambda_per": 0.0
    },
    {
      "step": 20,
      "total": 2.8648467163179814,
      "emo": 2.8028154373168945,
      "asr": 6.203088760375977,
      "per": 0.03913973271846771,
      "lambda_emo": 1.0,
      "lambda_asr": 0.01,
      "lambda_per": 1e-05
    },
    {
      "step": 21,
      "total": 3.3339683131483198,
      "emo": 3.2663838863372803,
      "asr": 6.758395195007324,
      "per": 0.04748609662055969,
      "lambda_emo": 1.0,
      "lambda_asr": 0.01,
      "lambda_per": 1e-05
    },
    {
      "step": 22,
      "total": 2.933020468676649,
      "emo": 2.868403196334839,
      "asr": 6.461673736572266,
      "per": 0.05349760875105858,
      "lambda_emo": 1.0,
      "lambda_asr": 0.01,
      "lambda_per": 1e-05
    },
    {
      "step": 23,
      "total": 3.001351016673669,
      "emo": 2.9320240020751953,
      "asr": 6.932647705078125,
      "per": 0.0537547692656517,
      "lambda_emo": 1.0,
      "lambda_asr": 0.01,