{
  "sample_id": "05699_0008_angry_0008_000656",
  "path": "/data1/lixiang/OpenS2S_dataset/ESD/CN/0008/Angry/0008_000656.wav",
  "speaker_id": "0008",
  "ground_truth_emotion": "angry",
  "target_emotion": "happy",
  "emo_text_clean": [
    "\u6124\u6012",
    "Angry",
    "\u4f60\u542c\u8d77\u6765"
  ],
  "emo_text_adv": [
    "Happy",
    "happy",
    "happy"
  ],
  "emo_pred_clean": [
    "",
    "angry",
    ""
  ],
  "emo_pred_adv": [
    "happy",
    "happy",
    "happy"
  ],
  "asr_text_clean": "\u4f60\u542c\u8d77\u6765",
  "asr_text_adv": "\u6211\u5728\u4e00\u4e2a\u673a\u68b0\u5316",
  "success_emo": true,
  "wer": 1.0,
  "semantic_sim": 0.30548155307769775,
  "semantic_preserved": false,
  "delta_linf": 0.008000016212463379,
  "delta_l2": 0.8425372838973999,
  "snr_db": 24.737091935491883,
  "grad_norm_trace": [
    139.25827026367188,
    252.45703125,
    74.61157989501953,
    27.654300689697266,
    46.829402923583984,
    44.94731521606445,
    32.7618293762207,
    33.26661682128906,
    60.5365104675293,
    213.47462463378906,
    56.842281341552734,
    53.9683837890625,
    156.25718688964844,
    49.16179656982422,
    75.79241180419922,
    269.44573974609375,
    101.6635971069336,
    36.70438003540039,
    52.0731086730957,
    31.826982498168945,
    36.73747253417969,
    22.29623794555664,
    30.277692794799805,
    23.67660903930664,
    14.831130027770996,
    13.579970359802246,
    23.74944496154785,
    18.38714027404785,
    26.943389892578125,
    15.366156578063965,
    59.47265625,
    139.088623046875,
    85.514404296875,
    31.27571678161621,
    56.1240348815918,
    19.295738220214844,
    15.548130989074707,
    16.93454933166504,
    15.02953815460205,
    18.06596565246582,
    17.392765045166016,
    17.046844482421875,
    28.395233154296875,
    14.727602005004883,
    13.838948249816895,
    15.583276748657227,
    12.962298393249512,
    29.678016662597656,
    10.46152114868164,
    9.556069374084473,
    14.729584693908691,
    30.316293716430664,
    54.68465042114258,
    10.980530738830566,
    8.427922248840332,
    11.387672424316406,
    9.214302062988281,
    24.74139404296875,
    24.64347267150879,
    22.162063598632812
  ],
  "loss_trace": [
    {
      "step": 0,
      "total": 10.727064432156086,
      "emo": 10.726919174194336,
      "asr": 1.4525796175003052,
      "per": 0.0,
      "lambda_emo": 1.0,
      "lambda_asr": 0.0001,
      "lambda_per": 0.0
    },
    {
      "step": 1,
      "total": 9.265162414860725,
      "emo": 9.264945983886719,
      "asr": 2.1643097400665283,
      "per": 0.0070757558569312096,
      "lambda_emo": 1.0,
      "lambda_asr": 0.0001,
      "lambda_per": 0.0
    },
    {
      "step": 2,
      "total": 5.922130641555786,
      "emo": 5.921638488769531,
      "asr": 4.921527862548828,
      "per": 0.015842383727431297,
      "lambda_emo": 1.0,
      "lambda_asr": 0.0001,
      "lambda_per": 0.0
    },
    {
      "step": 3,
      "total": 5.229073628520966,
      "emo": 5.228594779968262,
      "asr": 4.788485527038574,
      "per": 0.020596010610461235,
      "lambda_emo": 1.0,
      "lambda_asr": 0.0001,
      "lambda_per": 0.0
    },
    {
      "step": 4,
      "total": 5.099480320072174,
      "emo": 5.098986625671387,
      "asr": 4.936944007873535,
      "per": 0.02558024786412716,
      "lambda_emo": 1.0,
      "lambda_asr": 0.0001,
      "lambda_per": 0.0
    },
    {
      "step": 5,
      "total": 4.755280766534805,
      "emo": 4.75482177734375,
      "asr": 4.5898919105529785,
      "per": 0.02020348608493805,
      "lambda_emo": 1.0,
      "lambda_asr": 0.0001,
      "lambda_per": 0.0
    },
    {
      "step": 6,
      "total": 4.1040900568008425,
      "emo": 4.1036295890808105,
      "asr": 4.604677200317383,
      "per": 0.022803843021392822,
      "lambda_emo": 1.0,
      "lambda_asr": 0.0001,
      "lambda_per": 0.0
    },
    {
      "step": 7,
      "total": 4.317162646341324,
      "emo": 4.316694259643555,
      "asr": 4.68386697769165,
      "per": 0.020638205111026764,
      "lambda_emo": 1.0,
      "lambda_asr": 0.0001,
      "lambda_per": 0.0
    },
    {
      "step": 8,
      "total": 4.211384663009643,
      "emo": 4.210954189300537,
      "asr": 4.304737091064453,
      "per": 0.025366485118865967,
      "lambda_emo": 1.0,
      "lambda_asr": 0.0001,
      "lambda_per": 0.0
    },
    {
      "step": 9,
      "total": 3.4411432681560514,
      "emo": 3.4407384395599365,
      "asr": 4.048285961151123,
      "per": 0.027785446494817734,
      "lambda_emo": 1.0,
      "lambda_asr": 0.0001,
      "lambda_per": 0.0
    },
    {
      "step": 10,
      "total": 3.8089180007219317,
      "emo": 3.80853533744812,
      "asr": 3.8266327381134033,
      "per": 0.025369569659233093,
      "lambda_emo": 1.0,
      "lambda_asr": 0.0001,
      "lambda_per": 0.0
    },
    {
      "step": 11,
      "total": 3.0934078848361968,
      "emo": 3.0930287837982178,
      "asr": 3.7910103797912598,
      "per": 0.03034219704568386,
      "lambda_emo": 1.0,
      "lambda_asr": 0.0001,
      "lambda_per": 0.0
    },
    {
      "step": 12,
      "total": 3.315995645880699,
      "emo": 3.3156661987304688,
      "asr": 3.294471502304077,
      "per": 0.03366386890411377,
      "lambda_emo": 1.0,
      "lambda_asr": 0.0001,
      "lambda_per": 0.0
    },
    {
      "step": 13,
      "total": 2.7641256709098814,
      "emo": 2.7637906074523926,
      "asr": 3.3506345748901367,
      "per": 0.03220682963728905,
      "lambda_emo": 1.0,
      "lambda_asr": 0.0001,
      "lambda_per": 0.0
    },
    {
      "step": 14,
      "total": 2.5876016960620882,
      "emo": 2.587264060974121,
      "asr": 3.3763508796691895,
      "per": 0.02812403440475464,
      "lambda_emo": 1.0,
      "lambda_asr": 0.0001,
      "lambda_per": 0.0
    },
    {
      "step": 15,
      "total": 3.2434349377155303,
      "emo": 3.2431037425994873,
      "asr": 3.311951160430908,
      "per": 0.0336780808866024,
      "lambda_emo": 1.0,
      "lambda_asr": 0.0001,
      "lambda_per": 0.0
    },
    {
      "step": 16,
      "total": 3.8511807129383087,
      "emo": 3.85078763961792,
      "asr": 3.9307332038879395,
      "per": 0.03021201118826866,
      "lambda_emo": 1.0,
      "lambda_asr": 0.0001,
      "lambda_per": 0.0
    },
    {
      "step": 17,
      "total": 3.1265545934200287,
      "emo": 3.126152753829956,
      "asr": 4.018395900726318,
      "per": 0.043221987783908844,
      "lambda_emo": 1.0,
      "lambda_asr": 0.0001,
      "lambda_per": 0.0
    },
    {
      "step": 18,
      "total": 2.705645419025421,
      "emo": 2.705263137817383,
      "asr": 3.822812080383301,
      "per": 0.03439270704984665,
      "lambda_emo": 1.0,
      "lambda_asr": 0.0001,
      "lambda_per": 0.0
    },
    {
      "step": 19,
      "total": 2.5473938660621642,
      "emo": 2.5469887256622314,
      "asr": 4.051403999328613,
      "per": 0.03558281064033508,
      "lambda_emo": 1.0,
      "lambda_asr": 0.0001,
      "lambda_per": 0.0
    },
    {
      "step": 20,
      "total": 2.170444444824159,
      "emo": 2.13667631149292,
      "asr": 3.376770496368408,
      "per": 0.0428367555141449,
      "lambda_emo": 1.0,
      "lambda_asr": 0.01,
      "lambda_per": 1e-05
    },
    {
      "step": 21,
      "total": 2.0169276365675595,
      "emo": 1.9801276922225952,
      "asr": 3.679964065551758,
      "per": 0.030368944630026817,
      "lambda_emo": 1.0,
      "lambda_asr": 0.01,
      "lambda_per": 1e-05
    },
    {
      "step": 22,
      "total": 1.7496334201979638,
      "emo": 1.7130084037780762,
      "asr": 3.6624579429626465,
      "per": 0.043699026107788086,
      "lambda_emo": 1.0,
      "lambda_asr": 0.01,
      "lambda_per": 1e-05
    },
    {
      "step": 23,
      "total": 1.6701946966835857,
      "emo": 1.6364116668701172,
      "asr": 3.378265380859375,
      "per": 0.03760048747062683,
      "lambda_emo": 1.0,
      "lambda_asr": 0.01,