{
  "sample_id": "05710_0008_angry_0008_000580",
  "path": "/data1/lixiang/OpenS2S_dataset/ESD/CN/0008/Angry/0008_000580.wav",
  "speaker_id": "0008",
  "ground_truth_emotion": "angry",
  "target_emotion": "happy",
  "emo_text_clean": [
    "Angry",
    "Angry",
    "\u54ce\u5440\uff0c\u90a3\u6211\u5c31\u4e0d\u6253\u6270"
  ],
  "emo_text_adv": [
    "Happy",
    "Happy",
    "Happy"
  ],
  "emo_pred_clean": [
    "angry",
    "angry",
    ""
  ],
  "emo_pred_adv": [
    "happy",
    "happy",
    "happy"
  ],
  "asr_text_clean": "\u90a3\u4e0d\u6253\u6270",
  "asr_text_adv": "\u5979\u5c31\u4e0d\u6253\u6270",
  "success_emo": true,
  "wer": 1.0,
  "semantic_sim": 0.6859421730041504,
  "semantic_preserved": false,
  "delta_linf": 0.008000001311302185,
  "delta_l2": 0.9581780433654785,
  "snr_db": 22.17250699660945,
  "grad_norm_trace": [
    284.03973388671875,
    203.8123779296875,
    206.30078125,
    78.2010726928711,
    174.82489013671875,
    113.64936065673828,
    93.20149230957031,
    46.66032028198242,
    95.27984619140625,
    55.026702880859375,
    44.06870651245117,
    52.54349899291992,
    69.74266815185547,
    45.309513092041016,
    55.96028518676758,
    51.928924560546875,
    30.83648109436035,
    27.615055084228516,
    100.66255950927734,
    42.394290924072266,
    35.25835418701172,
    28.9941463470459,
    29.476842880249023,
    74.53845977783203,
    32.10420608520508,
    44.97620391845703,
    49.04143524169922,
    35.03736877441406,
    59.42961883544922,
    47.24644088745117,
    43.64404296875,
    42.831851959228516,
    31.29761505126953,
    31.38752555847168,
    45.03718185424805,
    77.63859558105469,
    42.58576965332031,
    29.14580726623535,
    32.05474090576172,
    29.724973678588867,
    27.541017532348633,
    39.233299255371094,
    29.213176727294922,
    32.4664192199707,
    39.31171417236328,
    38.606502532958984,
    24.355274200439453,
    68.6169204711914,
    47.31832504272461,
    43.71397018432617,
    35.55521774291992,
    39.753387451171875,
    47.68607711791992,
    111.71348571777344,
    65.0048599243164,
    31.240169525146484,
    52.59624099731445,
    33.914432525634766,
    41.19211196899414,
    110.72061920166016
  ],
  "loss_trace": [
    {
      "step": 0,
      "total": 14.270950300988554,
      "emo": 14.270903587341309,
      "asr": 0.4671364724636078,
      "per": 0.0,
      "lambda_emo": 1.0,
      "lambda_asr": 0.0001,
      "lambda_per": 0.0
    },
    {
      "step": 1,
      "total": 11.717002893038094,
      "emo": 11.71697998046875,
      "asr": 0.22912569344043732,
      "per": 0.013281671330332756,
      "lambda_emo": 1.0,
      "lambda_asr": 0.0001,
      "lambda_per": 0.0
    },
    {
      "step": 2,
      "total": 10.152240233895183,
      "emo": 10.152194023132324,
      "asr": 0.4621076285839081,
      "per": 0.020120006054639816,
      "lambda_emo": 1.0,
      "lambda_asr": 0.0001,
      "lambda_per": 0.0
    },
    {
      "step": 3,
      "total": 9.312747475641967,
      "emo": 9.312721252441406,
      "asr": 0.2622320055961609,
      "per": 0.02636488527059555,
      "lambda_emo": 1.0,
      "lambda_asr": 0.0001,
      "lambda_per": 0.0
    },
    {
      "step": 4,
      "total": 7.247411783142388,
      "emo": 7.247389793395996,
      "asr": 0.21989746391773224,
      "per": 0.023561036214232445,
      "lambda_emo": 1.0,
      "lambda_asr": 0.0001,
      "lambda_per": 0.0
    },
    {
      "step": 5,
      "total": 5.740110015010834,
      "emo": 5.740018844604492,
      "asr": 0.9117040634155273,
      "per": 0.028646161779761314,
      "lambda_emo": 1.0,
      "lambda_asr": 0.0001,
      "lambda_per": 0.0
    },
    {
      "step": 6,
      "total": 4.466329030954838,
      "emo": 4.466205596923828,
      "asr": 1.2343403100967407,
      "per": 0.03529153764247894,
      "lambda_emo": 1.0,
      "lambda_asr": 0.0001,
      "lambda_per": 0.0
    },
    {
      "step": 7,
      "total": 4.637723539805412,
      "emo": 4.637495994567871,
      "asr": 2.2754523754119873,
      "per": 0.039711982011795044,
      "lambda_emo": 1.0,
      "lambda_asr": 0.0001,
      "lambda_per": 0.0
    },
    {
      "step": 8,
      "total": 4.354969548773766,
      "emo": 4.354727745056152,
      "asr": 2.418037176132202,
      "per": 0.03972865268588066,
      "lambda_emo": 1.0,
      "lambda_asr": 0.0001,
      "lambda_per": 0.0
    },
    {
      "step": 9,
      "total": 3.7956154517412184,
      "emo": 3.795358419418335,
      "asr": 2.5703232288360596,
      "per": 0.031086793169379234,
      "lambda_emo": 1.0,
      "lambda_asr": 0.0001,
      "lambda_per": 0.0
    },
    {
      "step": 10,
      "total": 3.5085138342857363,
      "emo": 3.5082406997680664,
      "asr": 2.7313451766967773,
      "per": 0.0436798632144928,
      "lambda_emo": 1.0,
      "lambda_asr": 0.0001,
      "lambda_per": 0.0
    },
    {
      "step": 11,
      "total": 3.1840131860017777,
      "emo": 3.1837317943573,
      "asr": 2.8139164447784424,
      "per": 0.0353398323059082,
      "lambda_emo": 1.0,
      "lambda_asr": 0.0001,
      "lambda_per": 0.0
    },
    {
      "step": 12,
      "total": 3.1069713528871534,
      "emo": 3.106710433959961,
      "asr": 2.60918927192688,
      "per": 0.03305847942829132,
      "lambda_emo": 1.0,
      "lambda_asr": 0.0001,
      "lambda_per": 0.0
    },
    {
      "step": 13,
      "total": 3.3084259147644044,
      "emo": 3.308138370513916,
      "asr": 2.8754425048828125,
      "per": 0.035461872816085815,
      "lambda_emo": 1.0,
      "lambda_asr": 0.0001,
      "lambda_per": 0.0
    },
    {
      "step": 14,
      "total": 3.0815805498361586,
      "emo": 3.0813186168670654,
      "asr": 2.6193296909332275,
      "per": 0.03243110701441765,
      "lambda_emo": 1.0,
      "lambda_asr": 0.0001,
      "lambda_per": 0.0
    },
    {
      "step": 15,
      "total": 2.816753295493126,
      "emo": 2.816429853439331,
      "asr": 3.2344205379486084,
      "per": 0.041229911148548126,
      "lambda_emo": 1.0,
      "lambda_asr": 0.0001,
      "lambda_per": 0.0
    },
    {
      "step": 16,
      "total": 2.6880966574668883,
      "emo": 2.6877992153167725,
      "asr": 2.974421501159668,
      "per": 0.045179154723882675,
      "lambda_emo": 1.0,
      "lambda_asr": 0.0001,
      "lambda_per": 0.0
    },
    {
      "step": 17,
      "total": 2.677552439713478,
      "emo": 2.6772665977478027,
      "asr": 2.85841965675354,
      "per": 0.03317301720380783,
      "lambda_emo": 1.0,
      "lambda_asr": 0.0001,
      "lambda_per": 0.0
    },
    {
      "step": 18,
      "total": 2.8011419553518295,
      "emo": 2.800830364227295,
      "asr": 3.1159112453460693,
      "per": 0.040404751896858215,
      "lambda_emo": 1.0,
      "lambda_asr": 0.0001,
      "lambda_per": 0.0
    },
    {
      "step": 19,
      "total": 3.184929977297783,
      "emo": 3.1846671104431152,
      "asr": 2.6286685466766357,
      "per": 0.03637013956904411,
      "lambda_emo": 1.0,
      "lambda_asr": 0.0001,
      "lambda_per": 0.0
    },
    {
      "step": 20,
      "total": 2.8553555567323046,
      "emo": 2.824295997619629,
      "asr": 3.1059186458587646,
      "per": 0.03726540878415108,
      "lambda_emo": 1.0,
      "lambda_asr": 0.01,
      "lambda_per": 1e-05
    },
    {
      "step": 21,
      "total": 2.620297568780407,
      "emo": 2.5927186012268066,
      "asr": 2.7578542232513428,
      "per": 0.04253210872411728,
      "lambda_emo": 1.0,
      "lambda_asr": 0.01,
      "lambda_per": 1e-05
    },
    {
      "step": 22,
      "total": 2.333922325839214,
      "emo": 2.3011693954467773,
      "asr": 3.2752525806427,
      "per": 0.04045860096812248,
      "lambda_emo": 1.0,
      "lambda_asr": 0.01,
      "lambda_per": 1e-05
    },
    {
      "step": 23,
      "total": 2.4237947403870526,
      "emo": 2.395453453063965,
      "asr": 2.8340911865234375,
      "per": 0.037545785307884216,
      "lambda_emo": 1.0,