{
  "sample_id": "05752_0008_angry_0008_000647",
  "path": "/data1/lixiang/OpenS2S_dataset/ESD/CN/0008/Angry/0008_000647.wav",
  "speaker_id": "0008",
  "ground_truth_emotion": "angry",
  "target_emotion": "happy",
  "emo_text_clean": [
    "Angry",
    "Angry",
    "Angry."
  ],
  "emo_text_adv": [
    "Happy",
    "Happy",
    "Happy"
  ],
  "emo_pred_clean": [
    "angry",
    "angry",
    "angry"
  ],
  "emo_pred_adv": [
    "happy",
    "happy",
    "happy"
  ],
  "asr_text_clean": "\u4e09\u4e2a\u513f\u5b50\u4e00\u4e2a\u5973\u513f",
  "asr_text_adv": "\u4e09\u4e2a\u513f\u5b50\u4e00\u4e2a\u5973\u513f",
  "success_emo": true,
  "wer": 0.0,
  "semantic_sim": 0.9999999403953552,
  "semantic_preserved": true,
  "delta_linf": 0.008000001311302185,
  "delta_l2": 0.9983511567115784,
  "snr_db": 23.019004488699487,
  "grad_norm_trace": [
    151.2322235107422,
    152.1224822998047,
    36.94473648071289,
    91.29882049560547,
    420.99395751953125,
    60.68593215942383,
    76.35342407226562,
    65.59729766845703,
    104.57197570800781,
    155.39329528808594,
    75.28739929199219,
    46.26255798339844,
    88.46875,
    22.20691680908203,
    39.03411865234375,
    16.85502052307129,
    27.097488403320312,
    71.95915222167969,
    69.45299530029297,
    104.55428314208984,
    33.47049331665039,
    34.495243072509766,
    47.817657470703125,
    85.85758209228516,
    81.49951171875,
    88.6342544555664,
    36.21086120605469,
    22.036558151245117,
    47.68378829956055,
    75.56139373779297,
    32.420860290527344,
    37.29513931274414,
    186.3658447265625,
    19.30178451538086,
    58.18721008300781,
    27.033220291137695,
    51.963531494140625,
    22.67182731628418,
    22.44277572631836,
    27.080211639404297,
    65.60774993896484,
    19.859302520751953,
    39.181541442871094,
    22.517654418945312,
    18.85727310180664,
    14.655322074890137,
    41.01757049560547,
    32.41057205200195,
    16.97777557373047,
    74.85900115966797,
    28.696914672851562,
    29.094268798828125,
    20.191701889038086,
    43.0010986328125,
    51.22816467285156,
    83.8589096069336,
    30.78164291381836,
    26.018531799316406,
    18.735851287841797,
    39.34844207763672
  ],
  "loss_trace": [
    {
      "step": 0,
      "total": 8.207035239213704,
      "emo": 8.206947326660156,
      "asr": 0.8791255354881287,
      "per": 0.0,
      "lambda_emo": 1.0,
      "lambda_asr": 0.0001,
      "lambda_per": 0.0
    },
    {
      "step": 1,
      "total": 5.51102728793621,
      "emo": 5.510943412780762,
      "asr": 0.8387515544891357,
      "per": 0.006159880664199591,
      "lambda_emo": 1.0,
      "lambda_asr": 0.0001,
      "lambda_per": 0.0
    },
    {
      "step": 2,
      "total": 5.366601451766491,
      "emo": 5.366523742675781,
      "asr": 0.7770909070968628,
      "per": 0.013709388673305511,
      "lambda_emo": 1.0,
      "lambda_asr": 0.0001,
      "lambda_per": 0.0
    },
    {
      "step": 3,
      "total": 4.938794521766901,
      "emo": 4.938723564147949,
      "asr": 0.7095761895179749,
      "per": 0.013952820561826229,
      "lambda_emo": 1.0,
      "lambda_asr": 0.0001,
      "lambda_per": 0.0
    },
    {
      "step": 4,
      "total": 5.07998840200901,
      "emo": 5.0798563957214355,
      "asr": 1.3200628757476807,
      "per": 0.014430164359509945,
      "lambda_emo": 1.0,
      "lambda_asr": 0.0001,
      "lambda_per": 0.0
    },
    {
      "step": 5,
      "total": 5.669527305656672,
      "emo": 5.66943359375,
      "asr": 0.9371190667152405,
      "per": 0.027491658926010132,
      "lambda_emo": 1.0,
      "lambda_asr": 0.0001,
      "lambda_per": 0.0
    },
    {
      "step": 6,
      "total": 6.04577244720459,
      "emo": 6.045684337615967,
      "asr": 0.8810958862304688,
      "per": 0.03196222335100174,
      "lambda_emo": 1.0,
      "lambda_asr": 0.0001,
      "lambda_per": 0.0
    },
    {
      "step": 7,
      "total": 5.142239774924517,
      "emo": 5.142154216766357,
      "asr": 0.8555815815925598,
      "per": 0.04215818643569946,
      "lambda_emo": 1.0,
      "lambda_asr": 0.0001,
      "lambda_per": 0.0
    },
    {
      "step": 8,
      "total": 4.728774510747194,
      "emo": 4.728686332702637,
      "asr": 0.8817804455757141,
      "per": 0.04356770217418671,
      "lambda_emo": 1.0,
      "lambda_asr": 0.0001,
      "lambda_per": 0.0
    },
    {
      "step": 9,
      "total": 5.1984985455870625,
      "emo": 5.198404312133789,
      "asr": 0.9423345327377319,
      "per": 0.03801087290048599,
      "lambda_emo": 1.0,
      "lambda_asr": 0.0001,
      "lambda_per": 0.0
    },
    {
      "step": 10,
      "total": 4.52743416314125,
      "emo": 4.527338027954102,
      "asr": 0.9613518714904785,
      "per": 0.04078778624534607,
      "lambda_emo": 1.0,
      "lambda_asr": 0.0001,
      "lambda_per": 0.0
    },
    {
      "step": 11,
      "total": 4.221218650209904,
      "emo": 4.221131324768066,
      "asr": 0.8732544183731079,
      "per": 0.04853331297636032,
      "lambda_emo": 1.0,
      "lambda_asr": 0.0001,
      "lambda_per": 0.0
    },
    {
      "step": 12,
      "total": 4.309081763541698,
      "emo": 4.308993816375732,
      "asr": 0.8794716596603394,
      "per": 0.04327327758073807,
      "lambda_emo": 1.0,
      "lambda_asr": 0.0001,
      "lambda_per": 0.0
    },
    {
      "step": 13,
      "total": 3.80657580768466,
      "emo": 3.806481122970581,
      "asr": 0.946847140789032,
      "per": 0.04133645445108414,
      "lambda_emo": 1.0,
      "lambda_asr": 0.0001,
      "lambda_per": 0.0
    },
    {
      "step": 14,
      "total": 3.729329111891985,
      "emo": 3.7292399406433105,
      "asr": 0.891712486743927,
      "per": 0.049394141882658005,
      "lambda_emo": 1.0,
      "lambda_asr": 0.0001,
      "lambda_per": 0.0
    },
    {
      "step": 15,
      "total": 3.366382736003399,
      "emo": 3.3662984371185303,
      "asr": 0.8429888486862183,
      "per": 0.041246842592954636,
      "lambda_emo": 1.0,
      "lambda_asr": 0.0001,
      "lambda_per": 0.0
    },
    {
      "step": 16,
      "total": 3.6409821802198885,
      "emo": 3.6408843994140625,
      "asr": 0.9778080582618713,
      "per": 0.045295797288417816,
      "lambda_emo": 1.0,
      "lambda_asr": 0.0001,
      "lambda_per": 0.0
    },
    {
      "step": 17,
      "total": 3.572129874050617,
      "emo": 3.572047710418701,
      "asr": 0.8216363191604614,
      "per": 0.03603659197688103,
      "lambda_emo": 1.0,
      "lambda_asr": 0.0001,
      "lambda_per": 0.0
    },
    {
      "step": 18,
      "total": 3.7461985798478126,
      "emo": 3.7461161613464355,
      "asr": 0.8241850137710571,
      "per": 0.038419611752033234,
      "lambda_emo": 1.0,
      "lambda_asr": 0.0001,
      "lambda_per": 0.0
    },
    {
      "step": 19,
      "total": 3.5924838009774684,
      "emo": 3.5924086570739746,
      "asr": 0.7514390349388123,
      "per": 0.04878750070929527,
      "lambda_emo": 1.0,
      "lambda_asr": 0.0001,
      "lambda_per": 0.0
    },
    {
      "step": 20,
      "total": 3.673942137880102,
      "emo": 3.665203094482422,
      "asr": 0.8738609552383423,
      "per": 0.043384529650211334,
      "lambda_emo": 1.0,
      "lambda_asr": 0.01,
      "lambda_per": 1e-05
    },
    {
      "step": 21,
      "total": 3.256635146909058,
      "emo": 3.2486743927001953,
      "asr": 0.7960334420204163,
      "per": 0.0419788658618927,
      "lambda_emo": 1.0,
      "lambda_asr": 0.01,
      "lambda_per": 1e-05
    },
    {
      "step": 22,
      "total": 3.6120906567150355,
      "emo": 3.604712963104248,
      "asr": 0.7377258539199829,
      "per": 0.043507158756256104,
      "lambda_emo": 1.0,
      "lambda_asr": 0.01,
      "lambda_per": 1e-05
    },
    {
      "step": 23,
      "total": 3.4104400617539885,
      "emo": 3.402261734008789,
      "asr": 0.8177908062934875,
      "per": 0.04196822643280029,
      "lambda_emo": 1.0,
      "lambda_asr": 0.01,