{
  "sample_id": "05792_0008_angry_0008_000499",
  "path": "/data1/lixiang/OpenS2S_dataset/ESD/CN/0008/Angry/0008_000499.wav",
  "speaker_id": "0008",
  "ground_truth_emotion": "angry",
  "target_emotion": "happy",
  "emo_text_clean": [
    "Angry.",
    "Angry",
    "\u563f\uff0c\u5e03\u83b1"
  ],
  "emo_text_adv": [
    "Happy",
    "Happy",
    "Happy."
  ],
  "emo_pred_clean": [
    "angry",
    "angry",
    ""
  ],
  "emo_pred_adv": [
    "happy",
    "happy",
    "happy"
  ],
  "asr_text_clean": "\u4f60\u597d\u5e03\u83b1",
  "asr_text_adv": "\u5e03\u83b1",
  "success_emo": true,
  "wer": 1.0,
  "semantic_sim": 0.8049649000167847,
  "semantic_preserved": true,
  "delta_linf": 0.008000001311302185,
  "delta_l2": 0.9143955707550049,
  "snr_db": 24.12265557715392,
  "grad_norm_trace": [
    105.8908462524414,
    95.11946105957031,
    122.94495391845703,
    66.71949768066406,
    58.33027648925781,
    104.92720794677734,
    48.40412139892578,
    115.72168731689453,
    29.703659057617188,
    69.09556579589844,
    40.57162094116211,
    42.1245002746582,
    29.07180404663086,
    41.22175979614258,
    79.2713623046875,
    29.993919372558594,
    135.33843994140625,
    50.16810989379883,
    48.996334075927734,
    131.08689880371094,
    43.53599548339844,
    40.864742279052734,
    26.02155303955078,
    41.087120056152344,
    31.965511322021484,
    38.812042236328125,
    37.75585174560547,
    47.21529769897461,
    52.76626968383789,
    30.719078063964844,
    35.23779296875,
    30.321592330932617,
    25.80205535888672,
    28.705848693847656,
    26.01338005065918,
    23.62154769897461,
    31.77777671813965,
    353.9598693847656,
    53.650386810302734,
    47.941165924072266,
    47.9590950012207,
    32.362403869628906,
    30.108407974243164,
    23.402151107788086,
    32.55302810668945,
    31.335647583007812,
    33.6705436706543,
    16.516815185546875,
    49.49845504760742,
    23.576406478881836,
    29.506742477416992,
    19.087135314941406,
    32.11440658569336,
    36.680809020996094,
    52.671592712402344,
    48.95028305053711,
    59.87831497192383,
    37.79114532470703,
    49.66426467895508,
    46.90476989746094
  ],
  "loss_trace": [
    {
      "step": 0,
      "total": 12.612035721850395,
      "emo": 12.611976623535156,
      "asr": 0.5909831523895264,
      "per": 0.0,
      "lambda_emo": 1.0,
      "lambda_asr": 0.0001,
      "lambda_per": 0.0
    },
    {
      "step": 1,
      "total": 11.67403733304739,
      "emo": 11.673986434936523,
      "asr": 0.5089811086654663,
      "per": 0.004378589801490307,
      "lambda_emo": 1.0,
      "lambda_asr": 0.0001,
      "lambda_per": 0.0
    },
    {
      "step": 2,
      "total": 10.877769487810134,
      "emo": 10.877716064453125,
      "asr": 0.534233570098877,
      "per": 0.006913117598742247,
      "lambda_emo": 1.0,
      "lambda_asr": 0.0001,
      "lambda_per": 0.0
    },
    {
      "step": 3,
      "total": 7.471431017732621,
      "emo": 7.471366882324219,
      "asr": 0.6413540840148926,
      "per": 0.01316377054899931,
      "lambda_emo": 1.0,
      "lambda_asr": 0.0001,
      "lambda_per": 0.0
    },
    {
      "step": 4,
      "total": 6.440923931956291,
      "emo": 6.440860748291016,
      "asr": 0.6318366527557373,
      "per": 0.0106315603479743,
      "lambda_emo": 1.0,
      "lambda_asr": 0.0001,
      "lambda_per": 0.0
    },
    {
      "step": 5,
      "total": 6.182812731599808,
      "emo": 6.1827239990234375,
      "asr": 0.8873257637023926,
      "per": 0.016008468344807625,
      "lambda_emo": 1.0,
      "lambda_asr": 0.0001,
      "lambda_per": 0.0
    },
    {
      "step": 6,
      "total": 5.957810295724869,
      "emo": 5.957708358764648,
      "asr": 1.0193696022033691,
      "per": 0.015776101499795914,
      "lambda_emo": 1.0,
      "lambda_asr": 0.0001,
      "lambda_per": 0.0
    },
    {
      "step": 7,
      "total": 5.124952700912952,
      "emo": 5.124847412109375,
      "asr": 1.052888035774231,
      "per": 0.020420685410499573,
      "lambda_emo": 1.0,
      "lambda_asr": 0.0001,
      "lambda_per": 0.0
    },
    {
      "step": 8,
      "total": 5.185318399858475,
      "emo": 5.185027599334717,
      "asr": 2.9080052375793457,
      "per": 0.020943691954016685,
      "lambda_emo": 1.0,
      "lambda_asr": 0.0001,
      "lambda_per": 0.0
    },
    {
      "step": 9,
      "total": 4.521723632872105,
      "emo": 4.521560192108154,
      "asr": 1.634407639503479,
      "per": 0.01992245391011238,
      "lambda_emo": 1.0,
      "lambda_asr": 0.0001,
      "lambda_per": 0.0
    },
    {
      "step": 10,
      "total": 4.467615807056427,
      "emo": 4.467255115509033,
      "asr": 3.6069154739379883,
      "per": 0.022895237430930138,
      "lambda_emo": 1.0,
      "lambda_asr": 0.0001,
      "lambda_per": 0.0
    },
    {
      "step": 11,
      "total": 4.325629115986824,
      "emo": 4.325281620025635,
      "asr": 3.4749596118927,
      "per": 0.025354161858558655,
      "lambda_emo": 1.0,
      "lambda_asr": 0.0001,
      "lambda_per": 0.0
    },
    {
      "step": 12,
      "total": 4.026732299804688,
      "emo": 4.0263872146606445,
      "asr": 3.4508514404296875,
      "per": 0.024597983807325363,
      "lambda_emo": 1.0,
      "lambda_asr": 0.0001,
      "lambda_per": 0.0
    },
    {
      "step": 13,
      "total": 4.0372442254066465,
      "emo": 4.036928653717041,
      "asr": 3.155716896057129,
      "per": 0.024403400719165802,
      "lambda_emo": 1.0,
      "lambda_asr": 0.0001,
      "lambda_per": 0.0
    },
    {
      "step": 14,
      "total": 3.964980008125305,
      "emo": 3.9646594524383545,
      "asr": 3.205556869506836,
      "per": 0.02403908595442772,
      "lambda_emo": 1.0,
      "lambda_asr": 0.0001,
      "lambda_per": 0.0
    },
    {
      "step": 15,
      "total": 3.8619057866096496,
      "emo": 3.8615479469299316,
      "asr": 3.578396797180176,
      "per": 0.028774676844477654,
      "lambda_emo": 1.0,
      "lambda_asr": 0.0001,
      "lambda_per": 0.0
    },
    {
      "step": 16,
      "total": 5.1666302944898606,
      "emo": 5.166243553161621,
      "asr": 3.867413282394409,
      "per": 0.02841757796704769,
      "lambda_emo": 1.0,
      "lambda_asr": 0.0001,
      "lambda_per": 0.0
    },
    {
      "step": 17,
      "total": 4.600034043359757,
      "emo": 4.599701881408691,
      "asr": 3.3216195106506348,
      "per": 0.02933972328901291,
      "lambda_emo": 1.0,
      "lambda_asr": 0.0001,
      "lambda_per": 0.0
    },
    {
      "step": 18,
      "total": 4.56983046810627,
      "emo": 4.569472789764404,
      "asr": 3.5767834186553955,
      "per": 0.026265840977430344,
      "lambda_emo": 1.0,
      "lambda_asr": 0.0001,
      "lambda_per": 0.0
    },
    {
      "step": 19,
      "total": 4.6026549587488175,
      "emo": 4.602586269378662,
      "asr": 0.6868937015533447,
      "per": 0.032962504774332047,
      "lambda_emo": 1.0,
      "lambda_asr": 0.0001,
      "lambda_per": 0.0
    },
    {
      "step": 20,
      "total": 4.015583082455397,
      "emo": 3.9843976497650146,
      "asr": 3.1185078620910645,
      "per": 0.03540694713592529,
      "lambda_emo": 1.0,
      "lambda_asr": 0.01,
      "lambda_per": 1e-05
    },
    {
      "step": 21,
      "total": 3.9553172912631,
      "emo": 3.914189100265503,
      "asr": 4.112792491912842,
      "per": 0.026607846841216087,
      "lambda_emo": 1.0,
      "lambda_asr": 0.01,
      "lambda_per": 1e-05
    },
    {
      "step": 22,
      "total": 3.839149166391045,
      "emo": 3.7996973991394043,
      "asr": 3.945143222808838,
      "per": 0.033502355217933655,
      "lambda_emo": 1.0,
      "lambda_asr": 0.01,
      "lambda_per": 1e-05
    },
    {
      "step": 23,
      "total": 3.484709182636887,
      "emo": 3.4508609771728516,
      "asr": 3.3847830295562744,
      "per": 0.037516847252845764,
      "lambda_emo": 1.0,
      "lambda_asr": 0.01,