{
  "sample_id": "05790_0008_angry_0008_000376",
  "path": "/data1/lixiang/OpenS2S_dataset/ESD/CN/0008/Angry/0008_000376.wav",
  "speaker_id": "0008",
  "ground_truth_emotion": "angry",
  "target_emotion": "happy",
  "emo_text_clean": [
    "Angry",
    "Angry",
    "\u4ed6\u786e\u5b9e\u72e1"
  ],
  "emo_text_adv": [
    "Happy",
    "Happy",
    "Happy"
  ],
  "emo_pred_clean": [
    "angry",
    "angry",
    ""
  ],
  "emo_pred_adv": [
    "happy",
    "happy",
    "happy"
  ],
  "asr_text_clean": "\u4ed6\u786e\u5b9e\u72e1",
  "asr_text_adv": "\u597d\u7684\uff0c\u6211\u6765\u5e2e\u4f60\u8f6c\u5f55\u4e00\u4e0b\u3002",
  "success_emo": true,
  "wer": 1.0,
  "semantic_sim": 0.3609820306301117,
  "semantic_preserved": false,
  "delta_linf": 0.008000016212463379,
  "delta_l2": 1.0183368921279907,
  "snr_db": 21.090240102802102,
  "grad_norm_trace": [
    201.18838500976562,
    199.26229858398438,
    80.42469024658203,
    126.21662902832031,
    48.669647216796875,
    43.116153717041016,
    62.76383972167969,
    158.91787719726562,
    110.39654541015625,
    135.96023559570312,
    95.3192367553711,
    80.0324935913086,
    209.33815002441406,
    50.76729202270508,
    102.89224243164062,
    50.89295959472656,
    54.79352951049805,
    59.88481521606445,
    160.5450439453125,
    68.62004852294922,
    260.40789794921875,
    76.1568374633789,
    47.77924728393555,
    43.3350944519043,
    62.79587173461914,
    59.856971740722656,
    39.43275833129883,
    92.05780792236328,
    69.00077056884766,
    27.707096099853516,
    34.061588287353516,
    52.75998306274414,
    21.48210906982422,
    39.85755157470703,
    32.3546028137207,
    77.68025970458984,
    33.63528823852539,
    19.905899047851562,
    38.23308563232422,
    72.66908264160156,
    67.07779693603516,
    23.377405166625977,
    26.568870544433594,
    22.27735137939453,
    28.57360076904297,
    45.556358337402344,
    20.908493041992188,
    50.18333435058594,
    50.717681884765625,
    24.702173233032227,
    25.56111717224121,
    29.74347686767578,
    38.53860092163086,
    23.81633758544922,
    33.302799224853516,
    35.87199401855469,
    95.01580047607422,
    54.58991622924805,
    43.8372917175293,
    29.803897857666016
  ],
  "loss_trace": [
    {
      "step": 0,
      "total": 13.041531939145923,
      "emo": 13.041488647460938,
      "asr": 0.4329168498516083,
      "per": 0.0,
      "lambda_emo": 1.0,
      "lambda_asr": 0.0001,
      "lambda_per": 0.0
    },
    {
      "step": 1,
      "total": 11.88843983772397,
      "emo": 11.888354301452637,
      "asr": 0.8553627133369446,
      "per": 0.009166781790554523,
      "lambda_emo": 1.0,
      "lambda_asr": 0.0001,
      "lambda_per": 0.0
    },
    {
      "step": 2,
      "total": 10.207508772331476,
      "emo": 10.207412719726562,
      "asr": 0.9605260491371155,
      "per": 0.019997142255306244,
      "lambda_emo": 1.0,
      "lambda_asr": 0.0001,
      "lambda_per": 0.0
    },
    {
      "step": 3,
      "total": 9.567134483587742,
      "emo": 9.567030906677246,
      "asr": 1.0357691049575806,
      "per": 0.019639205187559128,
      "lambda_emo": 1.0,
      "lambda_asr": 0.0001,
      "lambda_per": 0.0
    },
    {
      "step": 4,
      "total": 9.242768090379238,
      "emo": 9.242667198181152,
      "asr": 1.0089219808578491,
      "per": 0.018360961228609085,
      "lambda_emo": 1.0,
      "lambda_asr": 0.0001,
      "lambda_per": 0.0
    },
    {
      "step": 5,
      "total": 8.8780320099473,
      "emo": 8.87790298461914,
      "asr": 1.2902532815933228,
      "per": 0.025583826005458832,
      "lambda_emo": 1.0,
      "lambda_asr": 0.0001,
      "lambda_per": 0.0
    },
    {
      "step": 6,
      "total": 8.068032122194767,
      "emo": 8.067861557006836,
      "asr": 1.705651879310608,
      "per": 0.02871844172477722,
      "lambda_emo": 1.0,
      "lambda_asr": 0.0001,
      "lambda_per": 0.0
    },
    {
      "step": 7,
      "total": 7.8341594086647035,
      "emo": 7.833945274353027,
      "asr": 2.141343116760254,
      "per": 0.02622115984559059,
      "lambda_emo": 1.0,
      "lambda_asr": 0.0001,
      "lambda_per": 0.0
    },
    {
      "step": 8,
      "total": 7.4566551831007,
      "emo": 7.456454277038574,
      "asr": 2.0090606212615967,
      "per": 0.02428174577653408,
      "lambda_emo": 1.0,
      "lambda_asr": 0.0001,
      "lambda_per": 0.0
    },
    {
      "step": 9,
      "total": 6.1714226320266725,
      "emo": 6.171070098876953,
      "asr": 3.525331497192383,
      "per": 0.03269880264997482,
      "lambda_emo": 1.0,
      "lambda_asr": 0.0001,
      "lambda_per": 0.0
    },
    {
      "step": 10,
      "total": 5.58019242143631,
      "emo": 5.579919338226318,
      "asr": 2.730832099914551,
      "per": 0.039196133613586426,
      "lambda_emo": 1.0,
      "lambda_asr": 0.0001,
      "lambda_per": 0.0
    },
    {
      "step": 11,
      "total": 5.3708029453992845,
      "emo": 5.370439052581787,
      "asr": 3.638928174972534,
      "per": 0.038966815918684006,
      "lambda_emo": 1.0,
      "lambda_asr": 0.0001,
      "lambda_per": 0.0
    },
    {
      "step": 12,
      "total": 4.298865751552582,
      "emo": 4.29852819442749,
      "asr": 3.3755712509155273,
      "per": 0.03594544529914856,
      "lambda_emo": 1.0,
      "lambda_asr": 0.0001,
      "lambda_per": 0.0
    },
    {
      "step": 13,
      "total": 3.797007976961136,
      "emo": 3.796577215194702,
      "asr": 4.307617664337158,
      "per": 0.042623370885849,
      "lambda_emo": 1.0,
      "lambda_asr": 0.0001,
      "lambda_per": 0.0
    },
    {
      "step": 14,
      "total": 3.6314938608169554,
      "emo": 3.6310975551605225,
      "asr": 3.9630565643310547,
      "per": 0.035120874643325806,
      "lambda_emo": 1.0,
      "lambda_asr": 0.0001,
      "lambda_per": 0.0
    },
    {
      "step": 15,
      "total": 3.212551362800598,
      "emo": 3.212005615234375,
      "asr": 5.457475662231445,
      "per": 0.04465470835566521,
      "lambda_emo": 1.0,
      "lambda_asr": 0.0001,
      "lambda_per": 0.0
    },
    {
      "step": 16,
      "total": 2.8597570037841797,
      "emo": 2.8592581748962402,
      "asr": 4.988288879394531,
      "per": 0.03373708575963974,
      "lambda_emo": 1.0,
      "lambda_asr": 0.0001,
      "lambda_per": 0.0
    },
    {
      "step": 17,
      "total": 3.330810959815979,
      "emo": 3.330284833908081,
      "asr": 5.261259078979492,
      "per": 0.03790365532040596,
      "lambda_emo": 1.0,
      "lambda_asr": 0.0001,
      "lambda_per": 0.0
    },
    {
      "step": 18,
      "total": 3.7710089376449587,
      "emo": 3.770634412765503,
      "asr": 3.745248794555664,
      "per": 0.03787703812122345,
      "lambda_emo": 1.0,
      "lambda_asr": 0.0001,
      "lambda_per": 0.0
    },
    {
      "step": 19,
      "total": 3.464502481722832,
      "emo": 3.464138984680176,
      "asr": 3.6349704265594482,
      "per": 0.03597695380449295,
      "lambda_emo": 1.0,
      "lambda_asr": 0.0001,
      "lambda_per": 0.0
    },
    {
      "step": 20,
      "total": 3.8508598421747235,
      "emo": 3.7962121963500977,
      "asr": 5.464723110198975,
      "per": 0.041472263634204865,
      "lambda_emo": 1.0,
      "lambda_asr": 0.01,
      "lambda_per": 1e-05
    },
    {
      "step": 21,
      "total": 4.160182278874367,
      "emo": 4.122485637664795,
      "asr": 3.769622564315796,
      "per": 0.04155664145946503,
      "lambda_emo": 1.0,
      "lambda_asr": 0.01,
      "lambda_per": 1e-05
    },
    {
      "step": 22,
      "total": 3.7490993547946214,
      "emo": 3.7083001136779785,
      "asr": 4.07987642288208,
      "per": 0.04768878221511841,
      "lambda_emo": 1.0,
      "lambda_asr": 0.01,
      "lambda_per": 1e-05
    },
    {
      "step": 23,
      "total": 3.0340249548079075,
      "emo": 2.9875845909118652,
      "asr": 4.6439995765686035,
      "per": 0.03681303560733795,
      "lambda_emo": 1.0,