{
  "sample_id": "05857_0008_angry_0008_000401",
  "path": "/data1/lixiang/OpenS2S_dataset/ESD/CN/0008/Angry/0008_000401.wav",
  "speaker_id": "0008",
  "ground_truth_emotion": "angry",
  "target_emotion": "happy",
  "emo_text_clean": [
    "Angry",
    "Angry",
    "\u54ce\u5440\uff0c\u8fd9\u4e8b\u513f\u53ef\u771f\u591f\u545b"
  ],
  "emo_text_adv": [
    "Neutral",
    "Happy",
    "Surprise!"
  ],
  "emo_pred_clean": [
    "angry",
    "angry",
    ""
  ],
  "emo_pred_adv": [
    "neutral",
    "happy",
    "surprise"
  ],
  "asr_text_clean": "\"\u6ca1\u5173\u7cfb",
  "asr_text_adv": "\u6ca1\u5173\u7cfb",
  "success_emo": false,
  "wer": 1.0,
  "semantic_sim": 0.9766196012496948,
  "semantic_preserved": true,
  "delta_linf": 0.008000001311302185,
  "delta_l2": 1.1377904415130615,
  "snr_db": 21.676091921646005,
  "grad_norm_trace": [
    321.0158386230469,
    118.90201568603516,
    802.74609375,
    473.5315246582031,
    57.9151496887207,
    74.49962615966797,
    76.66314697265625,
    52.47175598144531,
    78.5978775024414,
    52.96580505371094,
    55.780311584472656,
    44.46337127685547,
    38.09333801269531,
    113.7432861328125,
    47.151668548583984,
    33.175392150878906,
    108.19884490966797,
    97.49762725830078,
    80.26689147949219,
    214.27200317382812,
    595.3472900390625,
    59.1556510925293,
    74.32737731933594,
    63.92851257324219,
    90.98348236083984,
    173.18089294433594,
    195.78036499023438,
    226.8228759765625,
    36.19872283935547,
    100.66134643554688,
    71.79132843017578,
    308.31341552734375,
    103.6201400756836,
    62.7241325378418,
    307.4826354980469,
    88.47028350830078,
    125.81195068359375,
    97.25272369384766,
    158.81100463867188,
    96.43681335449219,
    51.09249496459961,
    141.2049560546875,
    202.83407592773438,
    190.1065673828125,
    65.8594741821289,
    81.26193237304688,
    679.7001342773438,
    174.48802185058594,
    121.42620086669922,
    76.4308090209961,
    66.39910888671875,
    93.095703125,
    69.72854614257812,
    67.0265121459961,
    49.25519561767578,
    86.79267883300781,
    66.58885192871094,
    255.4665069580078,
    88.35064697265625,
    162.27755737304688
  ],
  "loss_trace": [
    {
      "step": 0,
      "total": 12.850102019786835,
      "emo": 12.849970817565918,
      "asr": 1.3120222091674805,
      "per": 0.0,
      "lambda_emo": 1.0,
      "lambda_asr": 0.0001,
      "lambda_per": 0.0
    },
    {
      "step": 1,
      "total": 12.482473743414879,
      "emo": 12.48231029510498,
      "asr": 1.6344830989837646,
      "per": 0.016380414366722107,
      "lambda_emo": 1.0,
      "lambda_asr": 0.0001,
      "lambda_per": 0.0
    },
    {
      "step": 2,
      "total": 12.83566823605299,
      "emo": 12.835527420043945,
      "asr": 1.4081600904464722,
      "per": 0.016233045607805252,
      "lambda_emo": 1.0,
      "lambda_asr": 0.0001,
      "lambda_per": 0.0
    },
    {
      "step": 3,
      "total": 10.651685002017022,
      "emo": 10.65156364440918,
      "asr": 1.213576078414917,
      "per": 0.02568827196955681,
      "lambda_emo": 1.0,
      "lambda_asr": 0.0001,
      "lambda_per": 0.0
    },
    {
      "step": 4,
      "total": 9.147048351144791,
      "emo": 9.146888732910156,
      "asr": 1.5961823463439941,
      "per": 0.0363931879401207,
      "lambda_emo": 1.0,
      "lambda_asr": 0.0001,
      "lambda_per": 0.0
    },
    {
      "step": 5,
      "total": 8.59182879344225,
      "emo": 8.591669082641602,
      "asr": 1.597108006477356,
      "per": 0.03920336812734604,
      "lambda_emo": 1.0,
      "lambda_asr": 0.0001,
      "lambda_per": 0.0
    },
    {
      "step": 6,
      "total": 8.493763513278962,
      "emo": 8.493621826171875,
      "asr": 1.4168710708618164,
      "per": 0.03407743573188782,
      "lambda_emo": 1.0,
      "lambda_asr": 0.0001,
      "lambda_per": 0.0
    },
    {
      "step": 7,
      "total": 7.714951043593883,
      "emo": 7.714798927307129,
      "asr": 1.5211628675460815,
      "per": 0.03526570647954941,
      "lambda_emo": 1.0,
      "lambda_asr": 0.0001,
      "lambda_per": 0.0
    },
    {
      "step": 8,
      "total": 8.052420799481869,
      "emo": 8.052248001098633,
      "asr": 1.727983832359314,
      "per": 0.04173500835895538,
      "lambda_emo": 1.0,
      "lambda_asr": 0.0001,
      "lambda_per": 0.0
    },
    {
      "step": 9,
      "total": 7.32467447000742,
      "emo": 7.32452917098999,
      "asr": 1.452990174293518,
      "per": 0.039651013910770416,
      "lambda_emo": 1.0,
      "lambda_asr": 0.0001,
      "lambda_per": 0.0
    },
    {
      "step": 10,
      "total": 6.533180549049377,
      "emo": 6.533029079437256,
      "asr": 1.5146961212158203,
      "per": 0.03473928943276405,
      "lambda_emo": 1.0,
      "lambda_asr": 0.0001,
      "lambda_per": 0.0
    },
    {
      "step": 11,
      "total": 6.549220190322399,
      "emo": 6.549069881439209,
      "asr": 1.5030888319015503,
      "per": 0.04487137123942375,
      "lambda_emo": 1.0,
      "lambda_asr": 0.0001,
      "lambda_per": 0.0
    },
    {
      "step": 12,
      "total": 6.680684664750099,
      "emo": 6.680540084838867,
      "asr": 1.4457991123199463,
      "per": 0.04700145870447159,
      "lambda_emo": 1.0,
      "lambda_asr": 0.0001,
      "lambda_per": 0.0
    },
    {
      "step": 13,
      "total": 6.442363579404354,
      "emo": 6.442221641540527,
      "asr": 1.419378638267517,
      "per": 0.04158866032958031,
      "lambda_emo": 1.0,
      "lambda_asr": 0.0001,
      "lambda_per": 0.0
    },
    {
      "step": 14,
      "total": 6.780397076010704,
      "emo": 6.780221462249756,
      "asr": 1.7561376094818115,
      "per": 0.032524384558200836,
      "lambda_emo": 1.0,
      "lambda_asr": 0.0001,
      "lambda_per": 0.0
    },
    {
      "step": 15,
      "total": 5.897869756650925,
      "emo": 5.8977203369140625,
      "asr": 1.4941973686218262,
      "per": 0.045965537428855896,
      "lambda_emo": 1.0,
      "lambda_asr": 0.0001,
      "lambda_per": 0.0
    },
    {
      "step": 16,
      "total": 6.324491265583038,
      "emo": 6.324355125427246,
      "asr": 1.3614015579223633,
      "per": 0.047860682010650635,
      "lambda_emo": 1.0,
      "lambda_asr": 0.0001,
      "lambda_per": 0.0
    },
    {
      "step": 17,
      "total": 6.70123555495739,
      "emo": 6.701081275939941,
      "asr": 1.542790174484253,
      "per": 0.04495489224791527,
      "lambda_emo": 1.0,
      "lambda_asr": 0.0001,
      "lambda_per": 0.0
    },
    {
      "step": 18,
      "total": 7.041309189081192,
      "emo": 7.041152000427246,
      "asr": 1.5718865394592285,
      "per": 0.04637735337018967,
      "lambda_emo": 1.0,
      "lambda_asr": 0.0001,
      "lambda_per": 0.0
    },
    {
      "step": 19,
      "total": 7.237867941129208,
      "emo": 7.237691402435303,
      "asr": 1.765386939048767,
      "per": 0.04864679276943207,
      "lambda_emo": 1.0,
      "lambda_asr": 0.0001,
      "lambda_per": 0.0
    },
    {
      "step": 20,
      "total": 6.9334354671661185,
      "emo": 6.919792175292969,
      "asr": 1.3642796277999878,
      "per": 0.049559514969587326,
      "lambda_emo": 1.0,
      "lambda_asr": 0.01,
      "lambda_per": 1e-05
    },
    {
      "step": 21,
      "total": 6.335021087513416,
      "emo": 6.320810317993164,
      "asr": 1.421033263206482,
      "per": 0.0436888188123703,
      "lambda_emo": 1.0,
      "lambda_asr": 0.01,
      "lambda_per": 1e-05
    },
    {
      "step": 22,
      "total": 6.129751050156653,
      "emo": 6.116321563720703,
      "asr": 1.3428962230682373,
      "per": 0.05242052674293518,
      "lambda_emo": 1.0,
      "lambda_asr": 0.01,
      "lambda_per": 1e-05
    },
    {
      "step": 23,
      "total": 5.650969405347779,
      "emo": 5.636586666107178,
      "asr": 1.4382262229919434,
      "per": 0.047701068222522736,
      "lambda_emo": 1.0,
      "lambda_asr": 0.01,