{
  "sample_id": "05862_0008_angry_0008_000524",
  "path": "/data1/lixiang/OpenS2S_dataset/ESD/CN/0008/Angry/0008_000524.wav",
  "speaker_id": "0008",
  "ground_truth_emotion": "angry",
  "target_emotion": "happy",
  "emo_text_clean": [
    "Angry",
    "\u6124\u6012",
    "\u4ed6\u5728\u8fd9\u6b21\u7ade\u9009"
  ],
  "emo_text_adv": [
    "happy",
    "happy",
    "\u4ed6\u5728\u8fd9\u6b21\u7ade\u9009"
  ],
  "emo_pred_clean": [
    "angry",
    "",
    ""
  ],
  "emo_pred_adv": [
    "happy",
    "happy",
    ""
  ],
  "asr_text_clean": "\u4ed6\u5728\u8fd9\u6b21\u7ade\u9009",
  "asr_text_adv": "\u4ed6\u5728\u8fd9\u6b21\u7ade\u9009",
  "success_emo": false,
  "wer": 0.0,
  "semantic_sim": 1.0,
  "semantic_preserved": true,
  "delta_linf": 0.008000016212463379,
  "delta_l2": 0.9766880869865417,
  "snr_db": 24.972135334234594,
  "grad_norm_trace": [
    297.61627197265625,
    52.78730773925781,
    134.320068359375,
    236.61065673828125,
    130.0313262939453,
    93.52155303955078,
    146.57240295410156,
    69.82513427734375,
    110.88985443115234,
    75.73311614990234,
    139.07037353515625,
    188.99850463867188,
    205.29103088378906,
    189.85763549804688,
    130.6172332763672,
    98.76961517333984,
    62.02642822265625,
    90.84809112548828,
    101.47555541992188,
    180.18994140625,
    73.10441589355469,
    333.9830322265625,
    232.54063415527344,
    115.77965545654297,
    231.71463012695312,
    59.63312530517578,
    48.57211685180664,
    45.47731399536133,
    39.74681091308594,
    32.01021957397461,
    23.137327194213867,
    25.901216506958008,
    60.79978561401367,
    27.372272491455078,
    112.4309310913086,
    75.59130859375,
    289.96380615234375,
    96.6703872680664,
    67.18757629394531,
    35.1817741394043,
    133.07081604003906,
    130.1593475341797,
    44.25351333618164,
    90.4041519165039,
    53.761898040771484,
    37.54352951049805,
    24.525178909301758,
    63.618255615234375,
    41.417381286621094,
    22.867755889892578,
    64.1569595336914,
    36.513519287109375,
    19.270849227905273,
    18.890731811523438,
    38.982669830322266,
    27.952917098999023,
    17.832767486572266,
    22.38842010498047,
    66.572021484375,
    53.43315887451172
  ],
  "loss_trace": [
    {
      "step": 0,
      "total": 11.585915176852048,
      "emo": 11.585897445678711,
      "asr": 0.1773117333650589,
      "per": 0.0,
      "lambda_emo": 1.0,
      "lambda_asr": 0.0001,
      "lambda_per": 0.0
    },
    {
      "step": 1,
      "total": 11.451618405465782,
      "emo": 11.451602935791016,
      "asr": 0.1546967476606369,
      "per": 0.011261627078056335,
      "lambda_emo": 1.0,
      "lambda_asr": 0.0001,
      "lambda_per": 0.0
    },
    {
      "step": 2,
      "total": 11.06675270949006,
      "emo": 11.066726684570312,
      "asr": 0.26024919748306274,
      "per": 0.009643846191465855,
      "lambda_emo": 1.0,
      "lambda_asr": 0.0001,
      "lambda_per": 0.0
    },
    {
      "step": 3,
      "total": 12.221298860040307,
      "emo": 12.221259117126465,
      "asr": 0.39742913842201233,
      "per": 0.015667354688048363,
      "lambda_emo": 1.0,
      "lambda_asr": 0.0001,
      "lambda_per": 0.0
    },
    {
      "step": 4,
      "total": 8.027336448332667,
      "emo": 8.02730941772461,
      "asr": 0.2703060805797577,
      "per": 0.021291371434926987,
      "lambda_emo": 1.0,
      "lambda_asr": 0.0001,
      "lambda_per": 0.0
    },
    {
      "step": 5,
      "total": 8.679601743921637,
      "emo": 8.679574966430664,
      "asr": 0.26777490973472595,
      "per": 0.02567410282790661,
      "lambda_emo": 1.0,
      "lambda_asr": 0.0001,
      "lambda_per": 0.0
    },
    {
      "step": 6,
      "total": 7.910404310703278,
      "emo": 7.910368919372559,
      "asr": 0.3539133071899414,
      "per": 0.022376935929059982,
      "lambda_emo": 1.0,
      "lambda_asr": 0.0001,
      "lambda_per": 0.0
    },
    {
      "step": 7,
      "total": 7.891205486564338,
      "emo": 7.891181945800781,
      "asr": 0.23540763556957245,
      "per": 0.0304290559142828,
      "lambda_emo": 1.0,
      "lambda_asr": 0.0001,
      "lambda_per": 0.0
    },
    {
      "step": 8,
      "total": 6.99645976715982,
      "emo": 6.996430397033691,
      "asr": 0.29370126128196716,
      "per": 0.032172515988349915,
      "lambda_emo": 1.0,
      "lambda_asr": 0.0001,
      "lambda_per": 0.0
    },
    {
      "step": 9,
      "total": 6.9856308081299066,
      "emo": 6.9856061935424805,
      "asr": 0.24614587426185608,
      "per": 0.028979560360312462,
      "lambda_emo": 1.0,
      "lambda_asr": 0.0001,
      "lambda_per": 0.0
    },
    {
      "step": 10,
      "total": 5.551477645835281,
      "emo": 5.551445960998535,
      "asr": 0.31684836745262146,
      "per": 0.033231522887945175,
      "lambda_emo": 1.0,
      "lambda_asr": 0.0001,
      "lambda_per": 0.0
    },
    {
      "step": 11,
      "total": 6.959474168944359,
      "emo": 6.9594526290893555,
      "asr": 0.21539855003356934,
      "per": 0.037878453731536865,
      "lambda_emo": 1.0,
      "lambda_asr": 0.0001,
      "lambda_per": 0.0
    },
    {
      "step": 12,
      "total": 4.429524451309443,
      "emo": 4.429494380950928,
      "asr": 0.30070358514785767,
      "per": 0.037585191428661346,
      "lambda_emo": 1.0,
      "lambda_asr": 0.0001,
      "lambda_per": 0.0
    },
    {
      "step": 13,
      "total": 5.285513056123257,
      "emo": 5.285484313964844,
      "asr": 0.2874215841293335,
      "per": 0.03178701177239418,
      "lambda_emo": 1.0,
      "lambda_asr": 0.0001,
      "lambda_per": 0.0
    },
    {
      "step": 14,
      "total": 5.099475064280629,
      "emo": 5.099443435668945,
      "asr": 0.3162861168384552,
      "per": 0.04013810306787491,
      "lambda_emo": 1.0,
      "lambda_asr": 0.0001,
      "lambda_per": 0.0
    },
    {
      "step": 15,
      "total": 3.402914370840788,
      "emo": 3.402878761291504,
      "asr": 0.35609549283981323,
      "per": 0.030315082520246506,
      "lambda_emo": 1.0,
      "lambda_asr": 0.0001,
      "lambda_per": 0.0
    },
    {
      "step": 16,
      "total": 2.618514621859789,
      "emo": 2.6184887886047363,
      "asr": 0.2583325505256653,
      "per": 0.03175412118434906,
      "lambda_emo": 1.0,
      "lambda_asr": 0.0001,
      "lambda_per": 0.0
    },
    {
      "step": 17,
      "total": 3.6682950308442117,
      "emo": 3.6682662963867188,
      "asr": 0.2873445749282837,
      "per": 0.034518495202064514,
      "lambda_emo": 1.0,
      "lambda_asr": 0.0001,
      "lambda_per": 0.0
    },
    {
      "step": 18,
      "total": 2.666775672531128,
      "emo": 2.6666483879089355,
      "asr": 1.2728462219238281,
      "per": 0.04106473550200462,
      "lambda_emo": 1.0,
      "lambda_asr": 0.0001,
      "lambda_per": 0.0
    },
    {
      "step": 19,
      "total": 3.6863706952929496,
      "emo": 3.686253309249878,
      "asr": 1.1738604307174683,
      "per": 0.03900925815105438,
      "lambda_emo": 1.0,
      "lambda_asr": 0.0001,
      "lambda_per": 0.0
    },
    {
      "step": 20,
      "total": 3.699884999577701,
      "emo": 3.688533306121826,
      "asr": 1.1351304054260254,
      "per": 0.03894016146659851,
      "lambda_emo": 1.0,
      "lambda_asr": 0.01,
      "lambda_per": 1e-05
    },
    {
      "step": 21,
      "total": 4.843075748085231,
      "emo": 4.834325790405273,
      "asr": 0.8749589920043945,
      "per": 0.036775991320610046,
      "lambda_emo": 1.0,
      "lambda_asr": 0.01,
      "lambda_per": 1e-05
    },
    {
      "step": 22,
      "total": 5.278798156787082,
      "emo": 5.275644302368164,
      "asr": 0.3153388500213623,
      "per": 0.0465918704867363,
      "lambda_emo": 1.0,
      "lambda_asr": 0.01,
      "lambda_per": 1e-05
    },
    {
      "step": 23,
      "total": 3.917551679271385,
      "emo": 3.9102563858032227,
      "asr": 0.7294846773147583,
      "per": 0.0446695014834404,