{
  "sample_id": "05874_0008_angry_0008_000359",
  "path": "/data1/lixiang/OpenS2S_dataset/ESD/CN/0008/Angry/0008_000359.wav",
  "speaker_id": "0008",
  "ground_truth_emotion": "angry",
  "target_emotion": "happy",
  "emo_text_clean": [
    "Angry",
    "Angry",
    "\u54c8\u54c8\uff0c\u8c22\u8c22\u5938\u5956\uff01"
  ],
  "emo_text_adv": [
    "Happy",
    "Happy",
    "Happy"
  ],
  "emo_pred_clean": [
    "angry",
    "angry",
    ""
  ],
  "emo_pred_adv": [
    "happy",
    "happy",
    "happy"
  ],
  "asr_text_clean": "\u4f60\u53c8\u806a\u660e\u53c8\u597d\u770b",
  "asr_text_adv": "\u4f60\u53c8\u806a\u660e\u53c8\u597d\u770b",
  "success_emo": true,
  "wer": 0.0,
  "semantic_sim": 0.9999999403953552,
  "semantic_preserved": true,
  "delta_linf": 0.008000001311302185,
  "delta_l2": 1.0122168064117432,
  "snr_db": 21.735291017003703,
  "grad_norm_trace": [
    266.89031982421875,
    521.1229858398438,
    80.9120101928711,
    31.488771438598633,
    46.96123123168945,
    46.5676155090332,
    57.29081726074219,
    31.873987197875977,
    75.0020523071289,
    55.56356430053711,
    49.962894439697266,
    45.68971633911133,
    46.14261245727539,
    57.34833526611328,
    56.45977783203125,
    51.96349334716797,
    85.06290435791016,
    87.64395904541016,
    70.18438720703125,
    65.06869506835938,
    141.19235229492188,
    80.27325439453125,
    54.86284255981445,
    80.17903900146484,
    111.54683685302734,
    51.95755386352539,
    113.38108825683594,
    86.73912811279297,
    49.90019607543945,
    57.87299346923828,
    80.94477081298828,
    44.7347526550293,
    69.19352722167969,
    39.9559326171875,
    57.29985809326172,
    55.62764358520508,
    35.657352447509766,
    142.11483764648438,
    67.51818084716797,
    64.11784362792969,
    34.217926025390625,
    64.47111511230469,
    55.77988815307617,
    28.049692153930664,
    25.609718322753906,
    50.33959197998047,
    26.03814697265625,
    14.448899269104004,
    30.380033493041992,
    21.325176239013672,
    60.10523986816406,
    46.42262268066406,
    19.564287185668945,
    36.07457733154297,
    88.85797119140625,
    70.80891418457031,
    63.19785690307617,
    80.5823974609375,
    28.246511459350586,
    90.71632385253906
  ],
  "loss_trace": [
    {
      "step": 0,
      "total": 9.746657540623843,
      "emo": 9.746636390686035,
      "asr": 0.2114993780851364,
      "per": 0.0,
      "lambda_emo": 1.0,
      "lambda_asr": 0.0001,
      "lambda_per": 0.0
    },
    {
      "step": 1,
      "total": 8.983470030829311,
      "emo": 8.98344612121582,
      "asr": 0.23909613490104675,
      "per": 0.008577615953981876,
      "lambda_emo": 1.0,
      "lambda_asr": 0.0001,
      "lambda_per": 0.0
    },
    {
      "step": 2,
      "total": 6.28295121935904,
      "emo": 6.282907009124756,
      "asr": 0.4421023428440094,
      "per": 0.02557871863245964,
      "lambda_emo": 1.0,
      "lambda_asr": 0.0001,
      "lambda_per": 0.0
    },
    {
      "step": 3,
      "total": 4.8397632016062735,
      "emo": 4.839694023132324,
      "asr": 0.6917847394943237,
      "per": 0.03185105323791504,
      "lambda_emo": 1.0,
      "lambda_asr": 0.0001,
      "lambda_per": 0.0
    },
    {
      "step": 4,
      "total": 4.577842018187046,
      "emo": 4.577780723571777,
      "asr": 0.6129461526870728,
      "per": 0.025544827803969383,
      "lambda_emo": 1.0,
      "lambda_asr": 0.0001,
      "lambda_per": 0.0
    },
    {
      "step": 5,
      "total": 4.9649070833444595,
      "emo": 4.964779853820801,
      "asr": 1.2722952365875244,
      "per": 0.032134972512722015,
      "lambda_emo": 1.0,
      "lambda_asr": 0.0001,
      "lambda_per": 0.0
    },
    {
      "step": 6,
      "total": 4.620887694883346,
      "emo": 4.6208343505859375,
      "asr": 0.5334429740905762,
      "per": 0.029936794191598892,
      "lambda_emo": 1.0,
      "lambda_asr": 0.0001,
      "lambda_per": 0.0
    },
    {
      "step": 7,
      "total": 4.384571125477552,
      "emo": 4.38449764251709,
      "asr": 0.7348296046257019,
      "per": 0.034241363406181335,
      "lambda_emo": 1.0,
      "lambda_asr": 0.0001,
      "lambda_per": 0.0
    },
    {
      "step": 8,
      "total": 4.369100233620405,
      "emo": 4.369054317474365,
      "asr": 0.4591614603996277,
      "per": 0.03133153170347214,
      "lambda_emo": 1.0,
      "lambda_asr": 0.0001,
      "lambda_per": 0.0
    },
    {
      "step": 9,
      "total": 4.687384708428383,
      "emo": 4.687261581420898,
      "asr": 1.2312700748443604,
      "per": 0.02591516636312008,
      "lambda_emo": 1.0,
      "lambda_asr": 0.0001,
      "lambda_per": 0.0
    },
    {
      "step": 10,
      "total": 4.243512755417823,
      "emo": 4.243405342102051,
      "asr": 1.0741331577301025,
      "per": 0.03220442682504654,
      "lambda_emo": 1.0,
      "lambda_asr": 0.0001,
      "lambda_per": 0.0
    },
    {
      "step": 11,
      "total": 3.736710240018368,
      "emo": 3.7366409301757812,
      "asr": 0.6930984258651733,
      "per": 0.033885110169649124,
      "lambda_emo": 1.0,
      "lambda_asr": 0.0001,
      "lambda_per": 0.0
    },
    {
      "step": 12,
      "total": 3.699342105305195,
      "emo": 3.6992850303649902,
      "asr": 0.5707494020462036,
      "per": 0.03905279561877251,
      "lambda_emo": 1.0,
      "lambda_asr": 0.0001,
      "lambda_per": 0.0
    },
    {
      "step": 13,
      "total": 3.2850322824239733,
      "emo": 3.2849197387695312,
      "asr": 1.125436544418335,
      "per": 0.03428179770708084,
      "lambda_emo": 1.0,
      "lambda_asr": 0.0001,
      "lambda_per": 0.0
    },
    {
      "step": 14,
      "total": 3.58830293122232,
      "emo": 3.5882763862609863,
      "asr": 0.2654496133327484,
      "per": 0.04068611562252045,
      "lambda_emo": 1.0,
      "lambda_asr": 0.0001,
      "lambda_per": 0.0
    },
    {
      "step": 15,
      "total": 3.4413887903690337,
      "emo": 3.4413318634033203,
      "asr": 0.5692696571350098,
      "per": 0.03961358964443207,
      "lambda_emo": 1.0,
      "lambda_asr": 0.0001,
      "lambda_per": 0.0
    },
    {
      "step": 16,
      "total": 3.6896536860108378,
      "emo": 3.6895415782928467,
      "asr": 1.1210771799087524,
      "per": 0.03043173998594284,
      "lambda_emo": 1.0,
      "lambda_asr": 0.0001,
      "lambda_per": 0.0
    },
    {
      "step": 17,
      "total": 3.865854778331518,
      "emo": 3.8658015727996826,
      "asr": 0.5320553183555603,
      "per": 0.041972868144512177,
      "lambda_emo": 1.0,
      "lambda_asr": 0.0001,
      "lambda_per": 0.0
    },
    {
      "step": 18,
      "total": 3.47355395591259,
      "emo": 3.473426342010498,
      "asr": 1.2761390209197998,
      "per": 0.04037726670503616,
      "lambda_emo": 1.0,
      "lambda_asr": 0.0001,
      "lambda_per": 0.0
    },
    {
      "step": 19,
      "total": 3.624199323153496,
      "emo": 3.6240978240966797,
      "asr": 1.0149905681610107,
      "per": 0.03422131761908531,
      "lambda_emo": 1.0,
      "lambda_asr": 0.0001,
      "lambda_per": 0.0
    },
    {
      "step": 20,
      "total": 3.4018854651406034,
      "emo": 3.3925857543945312,
      "asr": 0.9299378395080566,
      "per": 0.0332350991666317,
      "lambda_emo": 1.0,
      "lambda_asr": 0.01,
      "lambda_per": 1e-05
    },
    {
      "step": 21,
      "total": 3.0447527435537425,
      "emo": 3.0410356521606445,
      "asr": 0.3716742694377899,
      "per": 0.03486987203359604,
      "lambda_emo": 1.0,
      "lambda_asr": 0.01,
      "lambda_per": 1e-05
    },
    {
      "step": 22,
      "total": 3.1336672868870945,
      "emo": 3.1214003562927246,
      "asr": 1.2266488075256348,
      "per": 0.04425191134214401,
      "lambda_emo": 1.0,
      "lambda_asr": 0.01,
      "lambda_per": 1e-05
    },
    {
      "step": 23,
      "total": 3.1023044830340147,
      "emo": 3.0907816886901855,
      "asr": 1.1522445678710938,
      "per": 0.034866511821746826,