{
  "sample_id": "05969_0008_neutral_0008_000132",
  "path": "/data1/lixiang/OpenS2S_dataset/ESD/CN/0008/Neutral/0008_000132.wav",
  "speaker_id": "0008",
  "ground_truth_emotion": "neutral",
  "target_emotion": "happy",
  "emo_text_clean": [
    "Neutral",
    "Neutral",
    "\u5979\u662f\u6211\u6700\u7275\u6302"
  ],
  "emo_text_adv": [
    "Happy",
    "Happy",
    "Happy"
  ],
  "emo_pred_clean": [
    "neutral",
    "neutral",
    ""
  ],
  "emo_pred_adv": [
    "happy",
    "happy",
    "happy"
  ],
  "asr_text_clean": "\u5979\u662f\u6211\u6700\u7275\u6302",
  "asr_text_adv": "\u201c\u662f\u6211\u6700\u7275\u6302",
  "success_emo": true,
  "wer": 1.0,
  "semantic_sim": 0.6935214996337891,
  "semantic_preserved": false,
  "delta_linf": 0.008000001311302185,
  "delta_l2": 1.016733169555664,
  "snr_db": 7.92110131328135,
  "grad_norm_trace": [
    1320.9842529296875,
    154.9243621826172,
    145.3936309814453,
    122.3280258178711,
    128.3236846923828,
    51.149600982666016,
    76.61920928955078,
    86.9787368774414,
    129.98068237304688,
    68.79525756835938,
    212.59991455078125,
    99.87630462646484,
    67.34944915771484,
    64.33869171142578,
    232.2213592529297,
    131.47198486328125,
    140.98802185058594,
    134.61541748046875,
    92.15225982666016,
    186.4592742919922,
    199.05738830566406,
    76.66571807861328,
    122.7451171875,
    75.67034912109375,
    204.7294158935547,
    112.13565063476562,
    126.17217254638672,
    86.22406005859375,
    84.81892395019531,
    216.21775817871094,
    87.21141052246094,
    133.41055297851562,
    226.17506408691406,
    106.66596221923828,
    206.06382751464844,
    49.15214157104492,
    115.04890441894531,
    43.058502197265625,
    123.3863296508789,
    729.7555541992188,
    132.68759155273438,
    123.5550308227539,
    89.52523040771484,
    115.63265228271484,
    116.71156311035156,
    56.181053161621094,
    48.44553756713867,
    78.67220306396484,
    69.43096923828125,
    60.86289978027344,
    101.14771270751953,
    86.47846221923828,
    81.68596649169922,
    49.288909912109375,
    123.4200439453125,
    172.6612091064453,
    55.304359436035156,
    42.038211822509766,
    48.563636779785156,
    35.65357971191406
  ],
  "loss_trace": [
    {
      "step": 0,
      "total": 7.068883073055744,
      "emo": 7.068830490112305,
      "asr": 0.5258294343948364,
      "per": 0.0,
      "lambda_emo": 1.0,
      "lambda_asr": 0.0001,
      "lambda_per": 0.0
    },
    {
      "step": 1,
      "total": 5.9878138375222685,
      "emo": 5.987771987915039,
      "asr": 0.4184960722923279,
      "per": 0.05955413728952408,
      "lambda_emo": 1.0,
      "lambda_asr": 0.0001,
      "lambda_per": 0.0
    },
    {
      "step": 2,
      "total": 4.505900755077601,
      "emo": 4.505833625793457,
      "asr": 0.6712928414344788,
      "per": 0.056569453328847885,
      "lambda_emo": 1.0,
      "lambda_asr": 0.0001,
      "lambda_per": 0.0
    },
    {
      "step": 3,
      "total": 4.272543747353554,
      "emo": 4.2724738121032715,
      "asr": 0.699352502822876,
      "per": 0.043585460633039474,
      "lambda_emo": 1.0,
      "lambda_asr": 0.0001,
      "lambda_per": 0.0
    },
    {
      "step": 4,
      "total": 4.506390906757116,
      "emo": 4.506300926208496,
      "asr": 0.89980548620224,
      "per": 0.044768624007701874,
      "lambda_emo": 1.0,
      "lambda_asr": 0.0001,
      "lambda_per": 0.0
    },
    {
      "step": 5,
      "total": 3.635826443618536,
      "emo": 3.6357457637786865,
      "asr": 0.8067983984947205,
      "per": 0.042786650359630585,
      "lambda_emo": 1.0,
      "lambda_asr": 0.0001,
      "lambda_per": 0.0
    },
    {
      "step": 6,
      "total": 3.0310112810492518,
      "emo": 3.0309596061706543,
      "asr": 0.5167487859725952,
      "per": 0.05279812961816788,
      "lambda_emo": 1.0,
      "lambda_asr": 0.0001,
      "lambda_per": 0.0
    },
    {
      "step": 7,
      "total": 3.7369254516005515,
      "emo": 3.736807346343994,
      "asr": 1.181052565574646,
      "per": 0.06008332967758179,
      "lambda_emo": 1.0,
      "lambda_asr": 0.0001,
      "lambda_per": 0.0
    },
    {
      "step": 8,
      "total": 3.740942268437147,
      "emo": 3.740894317626953,
      "asr": 0.47950810194015503,
      "per": 0.05774499475955963,
      "lambda_emo": 1.0,
      "lambda_asr": 0.0001,
      "lambda_per": 0.0
    },
    {
      "step": 9,
      "total": 3.6923796545386316,
      "emo": 3.692289352416992,
      "asr": 0.9030212163925171,
      "per": 0.05077500641345978,
      "lambda_emo": 1.0,
      "lambda_asr": 0.0001,
      "lambda_per": 0.0
    },
    {
      "step": 10,
      "total": 3.4338927114248277,
      "emo": 3.433774948120117,
      "asr": 1.1776330471038818,
      "per": 0.04352118819952011,
      "lambda_emo": 1.0,
      "lambda_asr": 0.0001,
      "lambda_per": 0.0
    },
    {
      "step": 11,
      "total": 3.6736420774698257,
      "emo": 3.6735024452209473,
      "asr": 1.39632248878479,
      "per": 0.04780900478363037,
      "lambda_emo": 1.0,
      "lambda_asr": 0.0001,
      "lambda_per": 0.0
    },
    {
      "step": 12,
      "total": 3.4842838621020316,
      "emo": 3.484163761138916,
      "asr": 1.2010096311569214,
      "per": 0.05033846199512482,
      "lambda_emo": 1.0,
      "lambda_asr": 0.0001,
      "lambda_per": 0.0
    },
    {
      "step": 13,
      "total": 2.841218845921755,
      "emo": 2.841160297393799,
      "asr": 0.5854852795600891,
      "per": 0.047993432730436325,
      "lambda_emo": 1.0,
      "lambda_asr": 0.0001,
      "lambda_per": 0.0
    },
    {
      "step": 14,
      "total": 3.265973936420679,
      "emo": 3.265927791595459,
      "asr": 0.4614482522010803,
      "per": 0.04771105572581291,
      "lambda_emo": 1.0,
      "lambda_asr": 0.0001,
      "lambda_per": 0.0
    },
    {
      "step": 15,
      "total": 4.035927317604423,
      "emo": 4.035885810852051,
      "asr": 0.41506752371788025,
      "per": 0.050418686121702194,
      "lambda_emo": 1.0,
      "lambda_asr": 0.0001,
      "lambda_per": 0.0
    },
    {
      "step": 16,
      "total": 4.053888296318054,
      "emo": 4.053641319274902,
      "asr": 2.4697704315185547,
      "per": 0.05748199671506882,
      "lambda_emo": 1.0,
      "lambda_asr": 0.0001,
      "lambda_per": 0.0
    },
    {
      "step": 17,
      "total": 4.537274667668343,
      "emo": 4.537022590637207,
      "asr": 2.520770311355591,
      "per": 0.06317878514528275,
      "lambda_emo": 1.0,
      "lambda_asr": 0.0001,
      "lambda_per": 0.0
    },
    {
      "step": 18,
      "total": 3.6674306795835494,
      "emo": 3.66729736328125,
      "asr": 1.3331630229949951,
      "per": 0.048934631049633026,
      "lambda_emo": 1.0,
      "lambda_asr": 0.0001,
      "lambda_per": 0.0
    },
    {
      "step": 19,
      "total": 3.7320238107919694,
      "emo": 3.731776714324951,
      "asr": 2.4709646701812744,
      "per": 0.05715130269527435,
      "lambda_emo": 1.0,
      "lambda_asr": 0.0001,
      "lambda_per": 0.0
    },
    {
      "step": 20,
      "total": 3.0363292858381197,
      "emo": 3.0195059776306152,
      "asr": 1.6822694540023804,
      "per": 0.06136674806475639,
      "lambda_emo": 1.0,
      "lambda_asr": 0.01,
      "lambda_per": 1e-05
    },
    {
      "step": 21,
      "total": 3.1842606752069296,
      "emo": 3.1698710918426514,
      "asr": 1.4388980865478516,
      "per": 0.06024987995624542,
      "lambda_emo": 1.0,
      "lambda_asr": 0.01,
      "lambda_per": 1e-05
    },
    {
      "step": 22,
      "total": 3.757949451942556,
      "emo": 3.7356467247009277,
      "asr": 2.2302229404449463,
      "per": 0.04978371784090996,
      "lambda_emo": 1.0,
      "lambda_asr": 0.01,
      "lambda_per": 1e-05
    },
    {
      "step": 23,
      "total": 2.8197455597802996,
      "emo": 2.7929694652557373,
      "asr": 2.677550792694092,
      "per": 0.058659762144088745,