{
  "sample_id": "05980_0008_neutral_0008_000319",
  "path": "/data1/lixiang/OpenS2S_dataset/ESD/CN/0008/Neutral/0008_000319.wav",
  "speaker_id": "0008",
  "ground_truth_emotion": "neutral",
  "target_emotion": "happy",
  "emo_text_clean": [
    "Neutral",
    "Neutral",
    "\u5bb6\u91cc\u6709\u5168\u81ea\u52a8"
  ],
  "emo_text_adv": [
    "Happy",
    "happy",
    "happy"
  ],
  "emo_pred_clean": [
    "neutral",
    "neutral",
    ""
  ],
  "emo_pred_adv": [
    "happy",
    "happy",
    "happy"
  ],
  "asr_text_clean": "\u5bb6\u91cc\u6709\u5168\u81ea\u52a8",
  "asr_text_adv": "\u5bb6\u91cc\u6709\u5168\u81ea\u52a8",
  "success_emo": true,
  "wer": 0.0,
  "semantic_sim": 1.0,
  "semantic_preserved": true,
  "delta_linf": 0.008000001311302185,
  "delta_l2": 1.0629816055297852,
  "snr_db": 9.757699946542996,
  "grad_norm_trace": [
    2877.35986328125,
    485.03582763671875,
    93.54405212402344,
    95.35399627685547,
    103.92582702636719,
    48.66952896118164,
    152.14976501464844,
    161.41647338867188,
    120.69139862060547,
    51.273014068603516,
    53.72572708129883,
    83.04720306396484,
    40.658233642578125,
    52.27079391479492,
    44.14069366455078,
    38.21685028076172,
    32.91065216064453,
    49.522029876708984,
    45.3754997253418,
    62.55690383911133,
    48.89310073852539,
    28.223896026611328,
    23.88138771057129,
    23.66796875,
    94.8476791381836,
    51.627647399902344,
    104.36676788330078,
    52.55799865722656,
    26.397579193115234,
    23.948997497558594,
    29.800220489501953,
    23.732933044433594,
    21.993545532226562,
    27.165006637573242,
    62.992069244384766,
    63.441307067871094,
    50.43537139892578,
    25.06745719909668,
    19.92667007446289,
    34.04795837402344,
    29.387483596801758,
    29.612539291381836,
    20.922954559326172,
    28.429752349853516,
    17.812551498413086,
    37.085147857666016,
    36.55436706542969,
    18.30791473388672,
    23.839996337890625,
    55.07328796386719,
    44.6753044128418,
    22.65874671936035,
    55.326377868652344,
    54.49050521850586,
    31.1787052154541,
    28.013874053955078,
    34.950355529785156,
    36.416046142578125,
    30.488420486450195,
    23.320886611938477
  ],
  "loss_trace": [
    {
      "step": 0,
      "total": 6.610768123309314,
      "emo": 6.610746383666992,
      "asr": 0.21739642322063446,
      "per": 0.0,
      "lambda_emo": 1.0,
      "lambda_asr": 0.0001,
      "lambda_per": 0.0
    },
    {
      "step": 1,
      "total": 5.691065086498856,
      "emo": 5.691039562225342,
      "asr": 0.2552427351474762,
      "per": 0.04630402475595474,
      "lambda_emo": 1.0,
      "lambda_asr": 0.0001,
      "lambda_per": 0.0
    },
    {
      "step": 2,
      "total": 4.617593324078619,
      "emo": 4.617571830749512,
      "asr": 0.21493329107761383,
      "per": 0.05616842955350876,
      "lambda_emo": 1.0,
      "lambda_asr": 0.0001,
      "lambda_per": 0.0
    },
    {
      "step": 3,
      "total": 4.701282310628891,
      "emo": 4.701221466064453,
      "asr": 0.6084456443786621,
      "per": 0.05071309208869934,
      "lambda_emo": 1.0,
      "lambda_asr": 0.0001,
      "lambda_per": 0.0
    },
    {
      "step": 4,
      "total": 4.17223247923255,
      "emo": 4.172211647033691,
      "asr": 0.20832198858261108,
      "per": 0.05803432688117027,
      "lambda_emo": 1.0,
      "lambda_asr": 0.0001,
      "lambda_per": 0.0
    },
    {
      "step": 5,
      "total": 4.217242987641693,
      "emo": 4.217217445373535,
      "asr": 0.2554226815700531,
      "per": 0.046165239065885544,
      "lambda_emo": 1.0,
      "lambda_asr": 0.0001,
      "lambda_per": 0.0
    },
    {
      "step": 6,
      "total": 3.8130451839149,
      "emo": 3.8129725456237793,
      "asr": 0.7263829112052917,
      "per": 0.06420426070690155,
      "lambda_emo": 1.0,
      "lambda_asr": 0.0001,
      "lambda_per": 0.0
    },
    {
      "step": 7,
      "total": 4.416671664522588,
      "emo": 4.416647434234619,
      "asr": 0.24230287969112396,
      "per": 0.06385932862758636,
      "lambda_emo": 1.0,
      "lambda_asr": 0.0001,
      "lambda_per": 0.0
    },
    {
      "step": 8,
      "total": 4.258592993564903,
      "emo": 4.258569717407227,
      "asr": 0.23276157677173615,
      "per": 0.06392063200473785,
      "lambda_emo": 1.0,
      "lambda_asr": 0.0001,
      "lambda_per": 0.0
    },
    {
      "step": 9,
      "total": 3.4852667532682418,
      "emo": 3.4852333068847656,
      "asr": 0.33446383476257324,
      "per": 0.06170133873820305,
      "lambda_emo": 1.0,
      "lambda_asr": 0.0001,
      "lambda_per": 0.0
    },
    {
      "step": 10,
      "total": 2.8009637813717125,
      "emo": 2.800933361053467,
      "asr": 0.30420318245887756,
      "per": 0.04596663638949394,
      "lambda_emo": 1.0,
      "lambda_asr": 0.0001,
      "lambda_per": 0.0
    },
    {
      "step": 11,
      "total": 3.7257729747653006,
      "emo": 3.7256276607513428,
      "asr": 1.453140139579773,
      "per": 0.06291218847036362,
      "lambda_emo": 1.0,
      "lambda_asr": 0.0001,
      "lambda_per": 0.0
    },
    {
      "step": 12,
      "total": 2.5681035860300065,
      "emo": 2.567897319793701,
      "asr": 2.062662363052368,
      "per": 0.058492254465818405,
      "lambda_emo": 1.0,
      "lambda_asr": 0.0001,
      "lambda_per": 0.0
    },
    {
      "step": 13,
      "total": 2.4209963809132575,
      "emo": 2.420949935913086,
      "asr": 0.46445000171661377,
      "per": 0.05743029713630676,
      "lambda_emo": 1.0,
      "lambda_asr": 0.0001,
      "lambda_per": 0.0
    },
    {
      "step": 14,
      "total": 2.716697621554136,
      "emo": 2.7166755199432373,
      "asr": 0.22101610898971558,
      "per": 0.06165425106883049,
      "lambda_emo": 1.0,
      "lambda_asr": 0.0001,
      "lambda_per": 0.0
    },
    {
      "step": 15,
      "total": 1.9656410815238952,
      "emo": 1.9656099081039429,
      "asr": 0.3117341995239258,
      "per": 0.06354205310344696,
      "lambda_emo": 1.0,
      "lambda_asr": 0.0001,
      "lambda_per": 0.0
    },
    {
      "step": 16,
      "total": 1.7890707722336054,
      "emo": 1.7890409231185913,
      "asr": 0.29849115014076233,
      "per": 0.046240612864494324,
      "lambda_emo": 1.0,
      "lambda_asr": 0.0001,
      "lambda_per": 0.0
    },
    {
      "step": 17,
      "total": 1.8449758734703063,
      "emo": 1.8448779582977295,
      "asr": 0.979151725769043,
      "per": 0.05773637443780899,
      "lambda_emo": 1.0,
      "lambda_asr": 0.0001,
      "lambda_per": 0.0
    },
    {
      "step": 18,
      "total": 2.0635401098489763,
      "emo": 2.063513994216919,
      "asr": 0.2611563205718994,
      "per": 0.061314310878515244,
      "lambda_emo": 1.0,
      "lambda_asr": 0.0001,
      "lambda_per": 0.0
    },
    {
      "step": 19,
      "total": 1.7212250207453965,
      "emo": 1.721192717552185,
      "asr": 0.3230319321155548,
      "per": 0.052503686398267746,
      "lambda_emo": 1.0,
      "lambda_asr": 0.0001,
      "lambda_per": 0.0
    },
    {
      "step": 20,
      "total": 1.8012572275552898,
      "emo": 1.7976405620574951,
      "asr": 0.36160337924957275,
      "per": 0.06317052990198135,
      "lambda_emo": 1.0,
      "lambda_asr": 0.01,
      "lambda_per": 1e-05
    },
    {
      "step": 21,
      "total": 1.7237194116324932,
      "emo": 1.7194740772247314,
      "asr": 0.4244793653488159,
      "per": 0.05407542735338211,
      "lambda_emo": 1.0,
      "lambda_asr": 0.01,
      "lambda_per": 1e-05
    },
    {
      "step": 22,
      "total": 1.4909948739693315,
      "emo": 1.4864654541015625,
      "asr": 0.45288002490997314,
      "per": 0.06196186691522598,
      "lambda_emo": 1.0,
      "lambda_asr": 0.01,
      "lambda_per": 1e-05
    },
    {
      "step": 23,
      "total": 1.4022948516529798,
      "emo": 1.3966007232666016,
      "asr": 0.5693698525428772,
      "per": 0.04298609495162964,