{
  "sample_id": "05992_0008_neutral_0008_000149",
  "path": "/data1/lixiang/OpenS2S_dataset/ESD/CN/0008/Neutral/0008_000149.wav",
  "speaker_id": "0008",
  "ground_truth_emotion": "neutral",
  "target_emotion": "happy",
  "emo_text_clean": [
    "Neutral",
    "Neutral",
    "\u4f60\u597d\uff0c\u5e03\u83b1"
  ],
  "emo_text_adv": [
    "Happy",
    "Happy",
    "Happy!"
  ],
  "emo_pred_clean": [
    "neutral",
    "neutral",
    ""
  ],
  "emo_pred_adv": [
    "happy",
    "happy",
    "happy"
  ],
  "asr_text_clean": "\u4f60\u597d\uff0c\u5e03\u83b1",
  "asr_text_adv": "\u4f60\u597d\uff0c\u5e03\u83b1",
  "success_emo": true,
  "wer": 0.0,
  "semantic_sim": 1.0,
  "semantic_preserved": true,
  "delta_linf": 0.008000001311302185,
  "delta_l2": 1.0910546779632568,
  "snr_db": 7.023521423652806,
  "grad_norm_trace": [
    1171.363525390625,
    228.8318328857422,
    115.15856170654297,
    164.48635864257812,
    79.78500366210938,
    76.42701721191406,
    212.7406768798828,
    173.87994384765625,
    88.94317626953125,
    36.12001037597656,
    95.83001708984375,
    57.225494384765625,
    148.3456573486328,
    86.4526596069336,
    113.93144226074219,
    79.38532257080078,
    92.94474029541016,
    97.2406005859375,
    105.72119140625,
    84.15534210205078,
    106.47174835205078,
    32.88439178466797,
    33.75676345825195,
    25.91117286682129,
    45.645076751708984,
    41.41377258300781,
    37.40032196044922,
    35.505863189697266,
    47.22180938720703,
    46.910789489746094,
    90.65773010253906,
    30.78397560119629,
    53.04421615600586,
    42.166587829589844,
    40.97175216674805,
    43.589717864990234,
    28.470172882080078,
    43.63587188720703,
    58.77474594116211,
    85.97488403320312,
    70.05977630615234,
    113.69251251220703,
    443.7434387207031,
    124.54396057128906,
    170.8533172607422,
    60.34073257446289,
    100.04591369628906,
    49.25428771972656,
    45.97699737548828,
    42.00049591064453,
    40.487586975097656,
    85.17825317382812,
    55.47389602661133,
    210.9306640625,
    67.0002212524414,
    366.7346496582031,
    299.7902526855469,
    117.45443725585938,
    78.02336883544922,
    64.39559936523438
  ],
  "loss_trace": [
    {
      "step": 0,
      "total": 7.7926221157729625,
      "emo": 7.792611598968506,
      "asr": 0.10516804456710815,
      "per": 0.0,
      "lambda_emo": 1.0,
      "lambda_asr": 0.0001,
      "lambda_per": 0.0
    },
    {
      "step": 1,
      "total": 6.915370360922814,
      "emo": 6.915355682373047,
      "asr": 0.14678549766540527,
      "per": 0.04292033612728119,
      "lambda_emo": 1.0,
      "lambda_asr": 0.0001,
      "lambda_per": 0.0
    },
    {
      "step": 2,
      "total": 6.971898947544396,
      "emo": 6.971879482269287,
      "asr": 0.1946527510881424,
      "per": 0.043181162327528,
      "lambda_emo": 1.0,
      "lambda_asr": 0.0001,
      "lambda_per": 0.0
    },
    {
      "step": 3,
      "total": 5.79671321696639,
      "emo": 5.79669713973999,
      "asr": 0.16077226400375366,
      "per": 0.050940170884132385,
      "lambda_emo": 1.0,
      "lambda_asr": 0.0001,
      "lambda_per": 0.0
    },
    {
      "step": 4,
      "total": 6.291615090294182,
      "emo": 6.291598320007324,
      "asr": 0.16770286858081818,
      "per": 0.046936120837926865,
      "lambda_emo": 1.0,
      "lambda_asr": 0.0001,
      "lambda_per": 0.0
    },
    {
      "step": 5,
      "total": 5.409889799661935,
      "emo": 5.4098734855651855,
      "asr": 0.16314096748828888,
      "per": 0.044662050902843475,
      "lambda_emo": 1.0,
      "lambda_asr": 0.0001,
      "lambda_per": 0.0
    },
    {
      "step": 6,
      "total": 4.669236413551867,
      "emo": 4.669221878051758,
      "asr": 0.1453550010919571,
      "per": 0.05314488336443901,
      "lambda_emo": 1.0,
      "lambda_asr": 0.0001,
      "lambda_per": 0.0
    },
    {
      "step": 7,
      "total": 5.322460616748035,
      "emo": 5.322446346282959,
      "asr": 0.14270465075969696,
      "per": 0.04804925248026848,
      "lambda_emo": 1.0,
      "lambda_asr": 0.0001,
      "lambda_per": 0.0
    },
    {
      "step": 8,
      "total": 5.373203887873143,
      "emo": 5.37319278717041,
      "asr": 0.11100702732801437,
      "per": 0.04934627562761307,
      "lambda_emo": 1.0,
      "lambda_asr": 0.0001,
      "lambda_per": 0.0
    },
    {
      "step": 9,
      "total": 4.259186301845312,
      "emo": 4.259177207946777,
      "asr": 0.0909389853477478,
      "per": 0.047326795756816864,
      "lambda_emo": 1.0,
      "lambda_asr": 0.0001,
      "lambda_per": 0.0
    },
    {
      "step": 10,
      "total": 4.110903433699906,
      "emo": 4.1108903884887695,
      "asr": 0.13045211136341095,
      "per": 0.0491422563791275,
      "lambda_emo": 1.0,
      "lambda_asr": 0.0001,
      "lambda_per": 0.0
    },
    {
      "step": 11,
      "total": 4.351674326126277,
      "emo": 4.351661682128906,
      "asr": 0.12643997371196747,
      "per": 0.041206907480955124,
      "lambda_emo": 1.0,
      "lambda_asr": 0.0001,
      "lambda_per": 0.0
    },
    {
      "step": 12,
      "total": 4.5882110427774485,
      "emo": 4.588203430175781,
      "asr": 0.07612601667642593,
      "per": 0.046783991158008575,
      "lambda_emo": 1.0,
      "lambda_asr": 0.0001,
      "lambda_per": 0.0
    },
    {
      "step": 13,
      "total": 4.213028989715129,
      "emo": 4.21301794052124,
      "asr": 0.11049193888902664,
      "per": 0.04937240481376648,
      "lambda_emo": 1.0,
      "lambda_asr": 0.0001,
      "lambda_per": 0.0
    },
    {
      "step": 14,
      "total": 4.453133958280832,
      "emo": 4.453123092651367,
      "asr": 0.10865629464387894,
      "per": 0.05909761041402817,
      "lambda_emo": 1.0,
      "lambda_asr": 0.0001,
      "lambda_per": 0.0
    },
    {
      "step": 15,
      "total": 3.531686142320931,
      "emo": 3.5316691398620605,
      "asr": 0.1700245887041092,
      "per": 0.052128344774246216,
      "lambda_emo": 1.0,
      "lambda_asr": 0.0001,
      "lambda_per": 0.0
    },
    {
      "step": 16,
      "total": 3.276549875150621,
      "emo": 3.2765355110168457,
      "asr": 0.14364133775234222,
      "per": 0.04058334231376648,
      "lambda_emo": 1.0,
      "lambda_asr": 0.0001,
      "lambda_per": 0.0
    },
    {
      "step": 17,
      "total": 3.5406846295155585,
      "emo": 3.5406723022460938,
      "asr": 0.12327269464731216,
      "per": 0.053207941353321075,
      "lambda_emo": 1.0,
      "lambda_asr": 0.0001,
      "lambda_per": 0.0
    },
    {
      "step": 18,
      "total": 2.7112038053050638,
      "emo": 2.711189031600952,
      "asr": 0.1477370411157608,
      "per": 0.05997138470411301,
      "lambda_emo": 1.0,
      "lambda_asr": 0.0001,
      "lambda_per": 0.0
    },
    {
      "step": 19,
      "total": 2.731751761095226,
      "emo": 2.7317302227020264,
      "asr": 0.21538393199443817,
      "per": 0.050818853080272675,
      "lambda_emo": 1.0,
      "lambda_asr": 0.0001,
      "lambda_per": 0.0
    },
    {
      "step": 20,
      "total": 3.298696127873212,
      "emo": 3.2973990440368652,
      "asr": 0.12964941561222076,
      "per": 0.05896802246570587,
      "lambda_emo": 1.0,
      "lambda_asr": 0.01,
      "lambda_per": 1e-05
    },
    {
      "step": 21,
      "total": 2.465027210976742,
      "emo": 2.4625813961029053,
      "asr": 0.24454016983509064,
      "per": 0.04131754860281944,
      "lambda_emo": 1.0,
      "lambda_asr": 0.01,
      "lambda_per": 1e-05
    },
    {
      "step": 22,
      "total": 2.4550772536117957,
      "emo": 2.453461170196533,
      "asr": 0.16155122220516205,
      "per": 0.05711932107806206,
      "lambda_emo": 1.0,
      "lambda_asr": 0.01,
      "lambda_per": 1e-05
    },
    {
      "step": 23,
      "total": 2.31662849956315,
      "emo": 2.314919948577881,
      "asr": 0.17080163955688477,
      "per": 0.05345897004008293,
      "lambda_emo": 1.0,
      "lambda_asr": 0.01,