{
  "sample_id": "06027_0008_neutral_0008_000012",
  "path": "/data1/lixiang/OpenS2S_dataset/ESD/CN/0008/Neutral/0008_000012.wav",
  "speaker_id": "0008",
  "ground_truth_emotion": "neutral",
  "target_emotion": "happy",
  "emo_text_clean": [
    "Sad",
    "Sad",
    "\u6bcf\u6b21\u90fd"
  ],
  "emo_text_adv": [
    "Happy",
    "Happy",
    "Happy"
  ],
  "emo_pred_clean": [
    "sad",
    "sad",
    ""
  ],
  "emo_pred_adv": [
    "happy",
    "happy",
    "happy"
  ],
  "asr_text_clean": "\u4f60\u6bcf\u6b21\u8c08\u604b\u7231",
  "asr_text_adv": "\u597d\u7684\uff0c\u6211\u6765\u5e2e\u4f60\u8f6c\u5f55\u8fd9\u6bb5\u8bed\u97f3\u3002",
  "success_emo": true,
  "wer": 1.0,
  "semantic_sim": 0.35464921593666077,
  "semantic_preserved": false,
  "delta_linf": 0.008000001311302185,
  "delta_l2": 1.153632640838623,
  "snr_db": 5.929651855435979,
  "grad_norm_trace": [
    35531.57421875,
    239.1697998046875,
    217.7576904296875,
    65.00010681152344,
    264.7927551269531,
    195.7639617919922,
    239.49644470214844,
    159.94273376464844,
    109.04735565185547,
    37.12691879272461,
    119.92385864257812,
    101.60981750488281,
    82.8263168334961,
    100.19213104248047,
    38.58343505859375,
    81.50581359863281,
    62.71971130371094,
    188.79612731933594,
    51.179080963134766,
    34.424678802490234,
    26.373884201049805,
    19.090932846069336,
    32.83795928955078,
    34.4974365234375,
    22.77098846435547,
    20.710519790649414,
    32.1506462097168,
    82.9869155883789,
    65.30195617675781,
    38.44675827026367,
    33.073814392089844,
    26.13161277770996,
    20.65839385986328,
    58.3291130065918,
    81.06289672851562,
    22.939889907836914,
    50.634029388427734,
    38.47833251953125,
    164.3330078125,
    67.0302505493164,
    16.680805206298828,
    69.0604476928711,
    60.24346923828125,
    33.43539810180664,
    22.43134880065918,
    72.3778305053711,
    126.83184051513672,
    41.07038497924805,
    58.13584899902344,
    94.36334228515625,
    74.01841735839844,
    76.56454467773438,
    59.74985122680664,
    83.69132995605469,
    45.78219985961914,
    49.488914489746094,
    49.345069885253906,
    39.721946716308594,
    72.36214447021484,
    32.7659797668457
  ],
  "loss_trace": [
    {
      "step": 0,
      "total": 4.415713435541093,
      "emo": 4.415688991546631,
      "asr": 0.24443994462490082,
      "per": 0.0,
      "lambda_emo": 1.0,
      "lambda_asr": 0.0001,
      "lambda_per": 0.0
    },
    {
      "step": 1,
      "total": 3.9202432331144808,
      "emo": 3.9201858043670654,
      "asr": 0.574287474155426,
      "per": 0.06415543705224991,
      "lambda_emo": 1.0,
      "lambda_asr": 0.0001,
      "lambda_per": 0.0
    },
    {
      "step": 2,
      "total": 3.085495766732097,
      "emo": 3.085465431213379,
      "asr": 0.3033551871776581,
      "per": 0.07399767637252808,
      "lambda_emo": 1.0,
      "lambda_asr": 0.0001,
      "lambda_per": 0.0
    },
    {
      "step": 3,
      "total": 2.645360265827179,
      "emo": 2.6452865600585938,
      "asr": 0.7370576858520508,
      "per": 0.06886392831802368,
      "lambda_emo": 1.0,
      "lambda_asr": 0.0001,
      "lambda_per": 0.0
    },
    {
      "step": 4,
      "total": 2.654329194545746,
      "emo": 2.654245376586914,
      "asr": 0.8381795883178711,
      "per": 0.056627415120601654,
      "lambda_emo": 1.0,
      "lambda_asr": 0.0001,
      "lambda_per": 0.0
    },
    {
      "step": 5,
      "total": 3.3172329604923725,
      "emo": 3.317169189453125,
      "asr": 0.6377103924751282,
      "per": 0.06783170998096466,
      "lambda_emo": 1.0,
      "lambda_asr": 0.0001,
      "lambda_per": 0.0
    },
    {
      "step": 6,
      "total": 3.8813420105576517,
      "emo": 3.8812005519866943,
      "asr": 1.4145857095718384,
      "per": 0.062290579080581665,
      "lambda_emo": 1.0,
      "lambda_asr": 0.0001,
      "lambda_per": 0.0
    },
    {
      "step": 7,
      "total": 3.3129817381739617,
      "emo": 3.3128678798675537,
      "asr": 1.1385830640792847,
      "per": 0.05731828138232231,
      "lambda_emo": 1.0,
      "lambda_asr": 0.0001,
      "lambda_per": 0.0
    },
    {
      "step": 8,
      "total": 2.9911223874866963,
      "emo": 2.991037130355835,
      "asr": 0.8525713086128235,
      "per": 0.06893597543239594,
      "lambda_emo": 1.0,
      "lambda_asr": 0.0001,
      "lambda_per": 0.0
    },
    {
      "step": 9,
      "total": 2.5242731983661653,
      "emo": 2.524171829223633,
      "asr": 1.0136914253234863,
      "per": 0.050220124423503876,
      "lambda_emo": 1.0,
      "lambda_asr": 0.0001,
      "lambda_per": 0.0
    },
    {
      "step": 10,
      "total": 2.4898706516087055,
      "emo": 2.489807605743408,
      "asr": 0.630458652973175,
      "per": 0.07039518654346466,
      "lambda_emo": 1.0,
      "lambda_asr": 0.0001,
      "lambda_per": 0.0
    },
    {
      "step": 11,
      "total": 3.016200964140892,
      "emo": 3.0159270763397217,
      "asr": 2.738878011703491,
      "per": 0.057023048400878906,
      "lambda_emo": 1.0,
      "lambda_asr": 0.0001,
      "lambda_per": 0.0
    },
    {
      "step": 12,
      "total": 2.468333721327782,
      "emo": 2.468233823776245,
      "asr": 0.9989755153656006,
      "per": 0.07011391967535019,
      "lambda_emo": 1.0,
      "lambda_asr": 0.0001,
      "lambda_per": 0.0
    },
    {
      "step": 13,
      "total": 2.501808745229244,
      "emo": 2.5016372203826904,
      "asr": 1.715248465538025,
      "per": 0.05959566682577133,
      "lambda_emo": 1.0,
      "lambda_asr": 0.0001,
      "lambda_per": 0.0
    },
    {
      "step": 14,
      "total": 2.213315550935268,
      "emo": 2.213115692138672,
      "asr": 1.998587965965271,
      "per": 0.05351729691028595,
      "lambda_emo": 1.0,
      "lambda_asr": 0.0001,
      "lambda_per": 0.0
    },
    {
      "step": 15,
      "total": 2.291941109919548,
      "emo": 2.2917401790618896,
      "asr": 2.0093085765838623,
      "per": 0.05412616580724716,
      "lambda_emo": 1.0,
      "lambda_asr": 0.0001,
      "lambda_per": 0.0
    },
    {
      "step": 16,
      "total": 1.8954985726714135,
      "emo": 1.8953044414520264,
      "asr": 1.9413121938705444,
      "per": 0.04666053503751755,
      "lambda_emo": 1.0,
      "lambda_asr": 0.0001,
      "lambda_per": 0.0
    },
    {
      "step": 17,
      "total": 2.0918724349975584,
      "emo": 2.0916941165924072,
      "asr": 1.7831840515136719,
      "per": 0.06396180391311646,
      "lambda_emo": 1.0,
      "lambda_asr": 0.0001,
      "lambda_per": 0.0
    },
    {
      "step": 18,
      "total": 1.9288704868912696,
      "emo": 1.9286799430847168,
      "asr": 1.9054380655288696,
      "per": 0.04819820821285248,
      "lambda_emo": 1.0,
      "lambda_asr": 0.0001,
      "lambda_per": 0.0
    },
    {
      "step": 19,
      "total": 2.1422648562550544,
      "emo": 2.142082929611206,
      "asr": 1.819266438484192,
      "per": 0.06125892698764801,
      "lambda_emo": 1.0,
      "lambda_asr": 0.0001,
      "lambda_per": 0.0
    },
    {
      "step": 20,
      "total": 1.7772261928557975,
      "emo": 1.7611898183822632,
      "asr": 1.6035798788070679,
      "per": 0.05756854638457298,
      "lambda_emo": 1.0,
      "lambda_asr": 0.01,
      "lambda_per": 1e-05
    },
    {
      "step": 21,
      "total": 1.665540015875101,
      "emo": 1.6503868103027344,
      "asr": 1.5152626037597656,
      "per": 0.057953476905822754,
      "lambda_emo": 1.0,
      "lambda_asr": 0.01,
      "lambda_per": 1e-05
    },
    {
      "step": 22,
      "total": 1.8475104965663702,
      "emo": 1.8303945064544678,
      "asr": 1.7115520238876343,
      "per": 0.04698730260133743,
      "lambda_emo": 1.0,
      "lambda_asr": 0.01,
      "lambda_per": 1e-05
    },
    {
      "step": 23,
      "total": 1.6188293132705986,
      "emo": 1.6013845205307007,
      "asr": 1.7444114685058594,
      "per": 0.06780548393726349,