{
  "sample_id": "06115_0008_neutral_0008_000207",
  "path": "/data1/lixiang/OpenS2S_dataset/ESD/CN/0008/Neutral/0008_000207.wav",
  "speaker_id": "0008",
  "ground_truth_emotion": "neutral",
  "target_emotion": "happy",
  "emo_text_clean": [
    "Neutral",
    "Neutral",
    "\u54c8\u54c8\uff0c\u6211\u662f\u5446\u5446\u54d2"
  ],
  "emo_text_adv": [
    "Happy",
    "Happy",
    "Happy"
  ],
  "emo_pred_clean": [
    "neutral",
    "neutral",
    ""
  ],
  "emo_pred_adv": [
    "happy",
    "happy",
    "happy"
  ],
  "asr_text_clean": "\u6211\u662f\u840c\u840c\u54d2",
  "asr_text_adv": "\u6211\u662f\u840c\u54d2",
  "success_emo": true,
  "wer": 1.0,
  "semantic_sim": 0.9846219420433044,
  "semantic_preserved": true,
  "delta_linf": 0.008000001311302185,
  "delta_l2": 1.0688588619232178,
  "snr_db": 11.355483274039411,
  "grad_norm_trace": [
    1441.2486572265625,
    203.29832458496094,
    265.79656982421875,
    75.0885009765625,
    52.07722473144531,
    39.028648376464844,
    55.88087844848633,
    143.49417114257812,
    55.36418151855469,
    68.59785461425781,
    50.91209030151367,
    52.135154724121094,
    26.444196701049805,
    69.20323181152344,
    72.01435852050781,
    33.205787658691406,
    28.914318084716797,
    26.373188018798828,
    33.98251724243164,
    107.43608093261719,
    58.80821228027344,
    55.78976058959961,
    38.59721374511719,
    57.78375244140625,
    41.850311279296875,
    42.84663009643555,
    46.78135681152344,
    204.28196716308594,
    230.63900756835938,
    72.28206634521484,
    37.4087028503418,
    38.895503997802734,
    45.994422912597656,
    39.57774353027344,
    75.39705657958984,
    31.42830467224121,
    134.52024841308594,
    27.32846450805664,
    73.8366470336914,
    54.90993118286133,
    610.099365234375,
    107.52830505371094,
    59.453121185302734,
    41.44744110107422,
    82.53904724121094,
    31.205142974853516,
    37.04862976074219,
    34.545101165771484,
    47.954917907714844,
    191.1968231201172,
    116.1998519897461,
    238.43533325195312,
    139.0342559814453,
    132.47789001464844,
    78.24303436279297,
    29.54086685180664,
    21.323501586914062,
    39.885169982910156,
    26.504131317138672,
    51.031333923339844
  ],
  "loss_trace": [
    {
      "step": 0,
      "total": 8.467548229488731,
      "emo": 8.467529296875,
      "asr": 0.18932613730430603,
      "per": 0.0,
      "lambda_emo": 1.0,
      "lambda_asr": 0.0001,
      "lambda_per": 0.0
    },
    {
      "step": 1,
      "total": 6.944813231852651,
      "emo": 6.944802284240723,
      "asr": 0.10947611927986145,
      "per": 0.04786267131567001,
      "lambda_emo": 1.0,
      "lambda_asr": 0.0001,
      "lambda_per": 0.0
    },
    {
      "step": 2,
      "total": 5.300785854203999,
      "emo": 5.30076789855957,
      "asr": 0.1795564442873001,
      "per": 0.04287642240524292,
      "lambda_emo": 1.0,
      "lambda_asr": 0.0001,
      "lambda_per": 0.0
    },
    {
      "step": 3,
      "total": 4.359960007303953,
      "emo": 4.359932899475098,
      "asr": 0.27107828855514526,
      "per": 0.04814960062503815,
      "lambda_emo": 1.0,
      "lambda_asr": 0.0001,
      "lambda_per": 0.0
    },
    {
      "step": 4,
      "total": 3.575795230257511,
      "emo": 3.575779914855957,
      "asr": 0.15315401554107666,
      "per": 0.055885784327983856,
      "lambda_emo": 1.0,
      "lambda_asr": 0.0001,
      "lambda_per": 0.0
    },
    {
      "step": 5,
      "total": 2.8434636392518877,
      "emo": 2.84344744682312,
      "asr": 0.16192428767681122,
      "per": 0.05351217836141586,
      "lambda_emo": 1.0,
      "lambda_asr": 0.0001,
      "lambda_per": 0.0
    },
    {
      "step": 6,
      "total": 2.9030114764899015,
      "emo": 2.902991771697998,
      "asr": 0.19704791903495789,
      "per": 0.04284202679991722,
      "lambda_emo": 1.0,
      "lambda_asr": 0.0001,
      "lambda_per": 0.0
    },
    {
      "step": 7,
      "total": 3.2312422134876253,
      "emo": 3.2312121391296387,
      "asr": 0.30074357986450195,
      "per": 0.05528027564287186,
      "lambda_emo": 1.0,
      "lambda_asr": 0.0001,
      "lambda_per": 0.0
    },
    {
      "step": 8,
      "total": 3.1871485610768198,
      "emo": 3.187124252319336,
      "asr": 0.24308757483959198,
      "per": 0.04122431203722954,
      "lambda_emo": 1.0,
      "lambda_asr": 0.0001,
      "lambda_per": 0.0
    },
    {
      "step": 9,
      "total": 2.6509306724518535,
      "emo": 2.6509087085723877,
      "asr": 0.21963879466056824,
      "per": 0.04008583724498749,
      "lambda_emo": 1.0,
      "lambda_asr": 0.0001,
      "lambda_per": 0.0
    },
    {
      "step": 10,
      "total": 2.4933041454821825,
      "emo": 2.4932773113250732,
      "asr": 0.2683415710926056,
      "per": 0.05478142946958542,
      "lambda_emo": 1.0,
      "lambda_asr": 0.0001,
      "lambda_per": 0.0
    },
    {
      "step": 11,
      "total": 2.6436629818886517,
      "emo": 2.64363431930542,
      "asr": 0.28662583231925964,
      "per": 0.04606460779905319,
      "lambda_emo": 1.0,
      "lambda_asr": 0.0001,
      "lambda_per": 0.0
    },
    {
      "step": 12,
      "total": 2.3714812962830067,
      "emo": 2.371447801589966,
      "asr": 0.3349469304084778,
      "per": 0.04812760651111603,
      "lambda_emo": 1.0,
      "lambda_asr": 0.0001,
      "lambda_per": 0.0
    },
    {
      "step": 13,
      "total": 2.8274568723112345,
      "emo": 2.8274295330047607,
      "asr": 0.27339306473731995,
      "per": 0.038993217051029205,
      "lambda_emo": 1.0,
      "lambda_asr": 0.0001,
      "lambda_per": 0.0
    },
    {
      "step": 14,
      "total": 2.534621485951543,
      "emo": 2.534593105316162,
      "asr": 0.28380635380744934,
      "per": 0.045198868960142136,
      "lambda_emo": 1.0,
      "lambda_asr": 0.0001,
      "lambda_per": 0.0
    },
    {
      "step": 15,
      "total": 2.1396066131323574,
      "emo": 2.1395699977874756,
      "asr": 0.36615344882011414,
      "per": 0.04525715112686157,
      "lambda_emo": 1.0,
      "lambda_asr": 0.0001,
      "lambda_per": 0.0
    },
    {
      "step": 16,
      "total": 2.1591519256189464,
      "emo": 2.159127712249756,
      "asr": 0.24213369190692902,
      "per": 0.04517058655619621,
      "lambda_emo": 1.0,
      "lambda_asr": 0.0001,
      "lambda_per": 0.0
    },
    {
      "step": 17,
      "total": 1.8248082736998796,
      "emo": 1.8247849941253662,
      "asr": 0.23279574513435364,
      "per": 0.05560270696878433,
      "lambda_emo": 1.0,
      "lambda_asr": 0.0001,
      "lambda_per": 0.0
    },
    {
      "step": 18,
      "total": 2.0239972494095566,
      "emo": 2.0239739418029785,
      "asr": 0.2330760657787323,
      "per": 0.040101416409015656,
      "lambda_emo": 1.0,
      "lambda_asr": 0.0001,
      "lambda_per": 0.0
    },
    {
      "step": 19,
      "total": 2.986322683542967,
      "emo": 2.9862804412841797,
      "asr": 0.4224225878715515,
      "per": 0.046960026025772095,
      "lambda_emo": 1.0,
      "lambda_asr": 0.0001,
      "lambda_per": 0.0
    },
    {
      "step": 20,
      "total": 2.1092567646602918,
      "emo": 2.106746196746826,
      "asr": 0.2510090172290802,
      "per": 0.047774117439985275,
      "lambda_emo": 1.0,
      "lambda_asr": 0.01,
      "lambda_per": 1e-05
    },
    {
      "step": 21,
      "total": 2.203843221950047,
      "emo": 2.197570323944092,
      "asr": 0.6272472739219666,
      "per": 0.04252667352557182,
      "lambda_emo": 1.0,
      "lambda_asr": 0.01,
      "lambda_per": 1e-05
    },
    {
      "step": 22,
      "total": 2.0935365576922895,
      "emo": 2.0887904167175293,
      "asr": 0.47457411885261536,
      "per": 0.039978623390197754,
      "lambda_emo": 1.0,
      "lambda_asr": 0.01,
      "lambda_per": 1e-05
    },
    {
      "step": 23,
      "total": 2.136338687716834,
      "emo": 2.134155035018921,
      "asr": 0.21831412613391876,
      "per": 0.05114365741610527,