{
  "sample_id": "06145_0008_neutral_0008_000141",
  "path": "/data1/lixiang/OpenS2S_dataset/ESD/CN/0008/Neutral/0008_000141.wav",
  "speaker_id": "0008",
  "ground_truth_emotion": "neutral",
  "target_emotion": "happy",
  "emo_text_clean": [
    "Neutral",
    "Surprise.",
    "\u597d\u5440\uff0c\u6211\u8fd9\u5c31\u53bb\u95ee\u9e66"
  ],
  "emo_text_adv": [
    "happy",
    "happy",
    "happy"
  ],
  "emo_pred_clean": [
    "neutral",
    "surprise",
    ""
  ],
  "emo_pred_adv": [
    "happy",
    "happy",
    "happy"
  ],
  "asr_text_clean": "\u597d\u7684\uff0c\u6211\u8fd9\u5c31\u53bb\u95ee\u9e70\u3002",
  "asr_text_adv": "\u9e66",
  "success_emo": true,
  "wer": 1.0,
  "semantic_sim": 0.6823874711990356,
  "semantic_preserved": false,
  "delta_linf": 0.008000001311302185,
  "delta_l2": 1.1585325002670288,
  "snr_db": 9.365129581977383,
  "grad_norm_trace": [
    1135.855712890625,
    531.3954467773438,
    84.00113677978516,
    478.80108642578125,
    146.681640625,
    134.48289489746094,
    75.3831787109375,
    146.1190185546875,
    70.52171325683594,
    146.60984802246094,
    143.1294403076172,
    111.1957015991211,
    92.53660583496094,
    65.32502746582031,
    153.97433471679688,
    133.59451293945312,
    68.6258316040039,
    125.5037612915039,
    69.02274322509766,
    124.5853500366211,
    125.69351196289062,
    88.30157470703125,
    375.4094543457031,
    78.0564193725586,
    149.07412719726562,
    53.339664459228516,
    137.40968322753906,
    51.67510986328125,
    84.97747039794922,
    132.9388885498047,
    66.80517578125,
    139.02210998535156,
    204.4000701904297,
    48.433048248291016,
    96.18928527832031,
    88.23279571533203,
    25.87047004699707,
    45.01714324951172,
    30.02845573425293,
    22.617698669433594,
    42.183319091796875,
    47.13063049316406,
    36.5496711730957,
    42.26350021362305,
    75.74071502685547,
    35.42148971557617,
    69.58815002441406,
    36.74593734741211,
    107.84349822998047,
    68.6172103881836,
    83.35501861572266,
    30.57489776611328,
    25.88570213317871,
    14.202945709228516,
    16.77042007446289,
    14.767769813537598,
    22.29189682006836,
    56.27135467529297,
    44.90946960449219,
    44.039764404296875
  ],
  "loss_trace": [
    {
      "step": 0,
      "total": 9.50165959006846,
      "emo": 9.501616477966309,
      "asr": 0.43112102150917053,
      "per": 0.0,
      "lambda_emo": 1.0,
      "lambda_asr": 0.0001,
      "lambda_per": 0.0
    },
    {
      "step": 1,
      "total": 9.983591354072093,
      "emo": 9.983482360839844,
      "asr": 1.0899323225021362,
      "per": 0.04295329377055168,
      "lambda_emo": 1.0,
      "lambda_asr": 0.0001,
      "lambda_per": 0.0
    },
    {
      "step": 2,
      "total": 7.968103385651111,
      "emo": 7.967966079711914,
      "asr": 1.3730593919754028,
      "per": 0.04003869742155075,
      "lambda_emo": 1.0,
      "lambda_asr": 0.0001,
      "lambda_per": 0.0
    },
    {
      "step": 3,
      "total": 7.709487332034111,
      "emo": 7.709380626678467,
      "asr": 1.0670535564422607,
      "per": 0.05280383676290512,
      "lambda_emo": 1.0,
      "lambda_asr": 0.0001,
      "lambda_per": 0.0
    },
    {
      "step": 4,
      "total": 7.774396322786808,
      "emo": 7.774306297302246,
      "asr": 0.9002548456192017,
      "per": 0.04835202544927597,
      "lambda_emo": 1.0,
      "lambda_asr": 0.0001,
      "lambda_per": 0.0
    },
    {
      "step": 5,
      "total": 7.043209287452698,
      "emo": 7.043101787567139,
      "asr": 1.0749988555908203,
      "per": 0.05636857450008392,
      "lambda_emo": 1.0,
      "lambda_asr": 0.0001,
      "lambda_per": 0.0
    },
    {
      "step": 6,
      "total": 7.1524981450557705,
      "emo": 7.1523590087890625,
      "asr": 1.3913626670837402,
      "per": 0.0477675162255764,
      "lambda_emo": 1.0,
      "lambda_asr": 0.0001,
      "lambda_per": 0.0
    },
    {
      "step": 7,
      "total": 5.454722461271286,
      "emo": 5.454573631286621,
      "asr": 1.48829984664917,
      "per": 0.041950762271881104,
      "lambda_emo": 1.0,
      "lambda_asr": 0.0001,
      "lambda_per": 0.0
    },
    {
      "step": 8,
      "total": 4.792055386424065,
      "emo": 4.791788101196289,
      "asr": 2.6728522777557373,
      "per": 0.048098184168338776,
      "lambda_emo": 1.0,
      "lambda_asr": 0.0001,
      "lambda_per": 0.0
    },
    {
      "step": 9,
      "total": 4.5534657950162885,
      "emo": 4.553232192993164,
      "asr": 2.3360202312469482,
      "per": 0.056965421885252,
      "lambda_emo": 1.0,
      "lambda_asr": 0.0001,
      "lambda_per": 0.0
    },
    {
      "step": 10,
      "total": 5.093401048898697,
      "emo": 5.093137264251709,
      "asr": 2.6378464698791504,
      "per": 0.04150683805346489,
      "lambda_emo": 1.0,
      "lambda_asr": 0.0001,
      "lambda_per": 0.0
    },
    {
      "step": 11,
      "total": 4.12720124695301,
      "emo": 4.126981258392334,
      "asr": 2.199885606765747,
      "per": 0.049909718334674835,
      "lambda_emo": 1.0,
      "lambda_asr": 0.0001,
      "lambda_per": 0.0
    },
    {
      "step": 12,
      "total": 3.1965138521194456,
      "emo": 3.196223735809326,
      "asr": 2.901163101196289,
      "per": 0.05070760101079941,
      "lambda_emo": 1.0,
      "lambda_asr": 0.0001,
      "lambda_per": 0.0
    },
    {
      "step": 13,
      "total": 3.3173964767456057,
      "emo": 3.317172050476074,
      "asr": 2.2442626953125,
      "per": 0.05279894918203354,
      "lambda_emo": 1.0,
      "lambda_asr": 0.0001,
      "lambda_per": 0.0
    },
    {
      "step": 14,
      "total": 2.652085662031174,
      "emo": 2.651797294616699,
      "asr": 2.883674144744873,
      "per": 0.0408344566822052,
      "lambda_emo": 1.0,
      "lambda_asr": 0.0001,
      "lambda_per": 0.0
    },
    {
      "step": 15,
      "total": 3.7368543763160704,
      "emo": 3.736567974090576,
      "asr": 2.8640222549438477,
      "per": 0.04477991163730621,
      "lambda_emo": 1.0,
      "lambda_asr": 0.0001,
      "lambda_per": 0.0
    },
    {
      "step": 16,
      "total": 2.933254978322983,
      "emo": 2.933022975921631,
      "asr": 2.320024013519287,
      "per": 0.0467480830848217,
      "lambda_emo": 1.0,
      "lambda_asr": 0.0001,
      "lambda_per": 0.0
    },
    {
      "step": 17,
      "total": 3.936637141561508,
      "emo": 3.936328649520874,
      "asr": 3.0849204063415527,
      "per": 0.04332999512553215,
      "lambda_emo": 1.0,
      "lambda_asr": 0.0001,
      "lambda_per": 0.0
    },
    {
      "step": 18,
      "total": 2.8936736664295197,
      "emo": 2.8933706283569336,
      "asr": 3.0303807258605957,
      "per": 0.059848107397556305,
      "lambda_emo": 1.0,
      "lambda_asr": 0.0001,
      "lambda_per": 0.0
    },
    {
      "step": 19,
      "total": 4.0299201684236525,
      "emo": 4.029597282409668,
      "asr": 3.2288601398468018,
      "per": 0.050603657960891724,
      "lambda_emo": 1.0,
      "lambda_asr": 0.0001,
      "lambda_per": 0.0
    },
    {
      "step": 20,
      "total": 3.6615361861432345,
      "emo": 3.639967918395996,
      "asr": 2.1567676067352295,
      "per": 0.05916798859834671,
      "lambda_emo": 1.0,
      "lambda_asr": 0.01,
      "lambda_per": 1e-05
    },
    {
      "step": 21,
      "total": 2.7603812963632866,
      "emo": 2.7324323654174805,
      "asr": 2.7948474884033203,
      "per": 0.04560617730021477,
      "lambda_emo": 1.0,
      "lambda_asr": 0.01,
      "lambda_per": 1e-05
    },
    {
      "step": 22,
      "total": 2.8610707911065965,
      "emo": 2.8325490951538086,
      "asr": 2.852128028869629,
      "per": 0.041566409170627594,
      "lambda_emo": 1.0,
      "lambda_asr": 0.01,
      "lambda_per": 1e-05
    },
    {
      "step": 23,
      "total": 2.788019338689856,
      "emo": 2.7631137371063232,
      "asr": 2.4904990196228027,
      "per": 0.06113873049616814,
      "lambda_emo": 1.0,