{
  "sample_id": "06164_0008_neutral_0008_000051",
  "path": "/data1/lixiang/OpenS2S_dataset/ESD/CN/0008/Neutral/0008_000051.wav",
  "speaker_id": "0008",
  "ground_truth_emotion": "neutral",
  "target_emotion": "happy",
  "emo_text_clean": [
    "Neutral",
    "Neutral",
    "Neutral."
  ],
  "emo_text_adv": [
    "happy",
    "happy",
    "happy"
  ],
  "emo_pred_clean": [
    "neutral",
    "neutral",
    "neutral"
  ],
  "emo_pred_adv": [
    "happy",
    "happy",
    "happy"
  ],
  "asr_text_clean": "\u6ca1\u5173\u7cfb",
  "asr_text_adv": "\u6ca1\u5173\u7cfb",
  "success_emo": true,
  "wer": 0.0,
  "semantic_sim": 1.0,
  "semantic_preserved": true,
  "delta_linf": 0.008000001311302185,
  "delta_l2": 1.2057733535766602,
  "snr_db": 6.260046796418384,
  "grad_norm_trace": [
    2770.226318359375,
    188.66221618652344,
    344.5085144042969,
    273.3971862792969,
    101.3680191040039,
    178.4727325439453,
    139.4945526123047,
    92.37202453613281,
    85.96806335449219,
    139.18463134765625,
    75.0397720336914,
    118.64047241210938,
    81.95830535888672,
    28.765270233154297,
    61.96149826049805,
    45.824214935302734,
    31.81686019897461,
    139.5194091796875,
    37.962406158447266,
    43.54936981201172,
    138.42234802246094,
    90.01136779785156,
    49.135555267333984,
    30.32280731201172,
    65.12261962890625,
    49.67678451538086,
    83.9951400756836,
    52.92321014404297,
    108.26858520507812,
    83.58045959472656,
    74.94548034667969,
    80.79763793945312,
    36.907752990722656,
    36.22236633300781,
    30.560346603393555,
    45.94491958618164,
    39.62080001831055,
    61.36689758300781,
    50.231239318847656,
    48.19166564941406,
    53.703643798828125,
    40.123531341552734,
    62.56018829345703,
    73.6305923461914,
    101.16864776611328,
    42.29209518432617,
    31.64166831970215,
    55.04009246826172,
    213.21737670898438,
    23.434825897216797,
    22.641576766967773,
    20.18165397644043,
    42.640907287597656,
    60.4617805480957,
    47.609745025634766,
    38.97442626953125,
    61.028480529785156,
    48.495147705078125,
    47.368011474609375,
    25.086456298828125
  ],
  "loss_trace": [
    {
      "step": 0,
      "total": 9.705150291275977,
      "emo": 9.70506477355957,
      "asr": 0.8551771640777588,
      "per": 0.0,
      "lambda_emo": 1.0,
      "lambda_asr": 0.0001,
      "lambda_per": 0.0
    },
    {
      "step": 1,
      "total": 8.668729681617021,
      "emo": 8.66867733001709,
      "asr": 0.5235159993171692,
      "per": 0.05291680619120598,
      "lambda_emo": 1.0,
      "lambda_asr": 0.0001,
      "lambda_per": 0.0
    },
    {
      "step": 2,
      "total": 7.251371777331829,
      "emo": 7.251302719116211,
      "asr": 0.6905821561813354,
      "per": 0.049269359558820724,
      "lambda_emo": 1.0,
      "lambda_asr": 0.0001,
      "lambda_per": 0.0
    },
    {
      "step": 3,
      "total": 6.688506450819969,
      "emo": 6.688416957855225,
      "asr": 0.8949296474456787,
      "per": 0.06007254123687744,
      "lambda_emo": 1.0,
      "lambda_asr": 0.0001,
      "lambda_per": 0.0
    },
    {
      "step": 4,
      "total": 4.231390478956699,
      "emo": 4.23124885559082,
      "asr": 1.4162336587905884,
      "per": 0.07066089659929276,
      "lambda_emo": 1.0,
      "lambda_asr": 0.0001,
      "lambda_per": 0.0
    },
    {
      "step": 5,
      "total": 4.343696711325645,
      "emo": 4.343510627746582,
      "asr": 1.8608357906341553,
      "per": 0.058201782405376434,
      "lambda_emo": 1.0,
      "lambda_asr": 0.0001,
      "lambda_per": 0.0
    },
    {
      "step": 6,
      "total": 3.3548401623249053,
      "emo": 3.3546016216278076,
      "asr": 2.385406970977783,
      "per": 0.05298090726137161,
      "lambda_emo": 1.0,
      "lambda_asr": 0.0001,
      "lambda_per": 0.0
    },
    {
      "step": 7,
      "total": 3.8562648388147354,
      "emo": 3.8559718132019043,
      "asr": 2.9302561283111572,
      "per": 0.054209958761930466,
      "lambda_emo": 1.0,
      "lambda_asr": 0.0001,
      "lambda_per": 0.0
    },
    {
      "step": 8,
      "total": 2.8962945852279662,
      "emo": 2.8961730003356934,
      "asr": 1.2158489227294922,
      "per": 0.06090342253446579,
      "lambda_emo": 1.0,
      "lambda_asr": 0.0001,
      "lambda_per": 0.0
    },
    {
      "step": 9,
      "total": 2.654235739719868,
      "emo": 2.6541056632995605,
      "asr": 1.3007642030715942,
      "per": 0.0644436627626419,
      "lambda_emo": 1.0,
      "lambda_asr": 0.0001,
      "lambda_per": 0.0
    },
    {
      "step": 10,
      "total": 2.467291436469555,
      "emo": 2.467219591140747,
      "asr": 0.7184532880783081,
      "per": 0.06132324039936066,
      "lambda_emo": 1.0,
      "lambda_asr": 0.0001,
      "lambda_per": 0.0
    },
    {
      "step": 11,
      "total": 2.9131760257959365,
      "emo": 2.9128127098083496,
      "asr": 3.633159875869751,
      "per": 0.058024268597364426,
      "lambda_emo": 1.0,
      "lambda_asr": 0.0001,
      "lambda_per": 0.0
    },
    {
      "step": 12,
      "total": 3.2305496671676637,
      "emo": 3.2299983501434326,
      "asr": 5.51317024230957,
      "per": 0.052823662757873535,
      "lambda_emo": 1.0,
      "lambda_asr": 0.0001,
      "lambda_per": 0.0
    },
    {
      "step": 13,
      "total": 2.452457922172546,
      "emo": 2.4515066146850586,
      "asr": 9.51307487487793,
      "per": 0.05235125124454498,
      "lambda_emo": 1.0,
      "lambda_asr": 0.0001,
      "lambda_per": 0.0
    },
    {
      "step": 14,
      "total": 2.3567026392936707,
      "emo": 2.355795383453369,
      "asr": 9.072558403015137,
      "per": 0.06587337702512741,
      "lambda_emo": 1.0,
      "lambda_asr": 0.0001,
      "lambda_per": 0.0
    },
    {
      "step": 15,
      "total": 2.139589304256439,
      "emo": 2.138552188873291,
      "asr": 10.371153831481934,
      "per": 0.05245022103190422,
      "lambda_emo": 1.0,
      "lambda_asr": 0.0001,
      "lambda_per": 0.0
    },
    {
      "step": 16,
      "total": 2.0963543241500853,
      "emo": 2.0954036712646484,
      "asr": 9.506528854370117,
      "per": 0.06391625106334686,
      "lambda_emo": 1.0,
      "lambda_asr": 0.0001,
      "lambda_per": 0.0
    },
    {
      "step": 17,
      "total": 1.6687680709838868,
      "emo": 1.6677970886230469,
      "asr": 9.709823608398438,
      "per": 0.0594121590256691,
      "lambda_emo": 1.0,
      "lambda_asr": 0.0001,
      "lambda_per": 0.0
    },
    {
      "step": 18,
      "total": 1.9585927571296693,
      "emo": 1.9575738906860352,
      "asr": 10.188664436340332,
      "per": 0.05666179955005646,
      "lambda_emo": 1.0,
      "lambda_asr": 0.0001,
      "lambda_per": 0.0
    },
    {
      "step": 19,
      "total": 1.5707905769348145,
      "emo": 1.5696742534637451,
      "asr": 11.16323471069336,
      "per": 0.060923218727111816,
      "lambda_emo": 1.0,
      "lambda_asr": 0.0001,
      "lambda_per": 0.0
    },
    {
      "step": 20,
      "total": 3.2174995070165022,
      "emo": 3.115358352661133,
      "asr": 10.214064598083496,
      "per": 0.050837453454732895,
      "lambda_emo": 1.0,
      "lambda_asr": 0.01,
      "lambda_per": 1e-05
    },
    {
      "step": 21,
      "total": 2.333657992598787,
      "emo": 2.2362165451049805,
      "asr": 9.744093894958496,
      "per": 0.05085442215204239,
      "lambda_emo": 1.0,
      "lambda_asr": 0.01,
      "lambda_per": 1e-05
    },
    {
      "step": 22,
      "total": 2.310660928767733,
      "emo": 2.2174317836761475,
      "asr": 9.32286262512207,
      "per": 0.051884036511182785,
      "lambda_emo": 1.0,
      "lambda_asr": 0.01,
      "lambda_per": 1e-05
    },
    {
      "step": 23,
      "total": 2.165689605151638,
      "emo": 2.0713672637939453,
      "asr": 9.432175636291504,
      "per": 0.05849947780370712,
      "lambda_emo": 1.0,
      "lambda_asr": 0.01,