{
  "sample_id": "06173_0008_neutral_0008_000131",
  "path": "/data1/lixiang/OpenS2S_dataset/ESD/CN/0008/Neutral/0008_000131.wav",
  "speaker_id": "0008",
  "ground_truth_emotion": "neutral",
  "target_emotion": "happy",
  "emo_text_clean": [
    "Neutral",
    "Neutral",
    "\u541d"
  ],
  "emo_text_adv": [
    "happy",
    "happy",
    "happy"
  ],
  "emo_pred_clean": [
    "neutral",
    "neutral",
    ""
  ],
  "emo_pred_adv": [
    "happy",
    "happy",
    "happy"
  ],
  "asr_text_clean": "\u541d",
  "asr_text_adv": "\u541d",
  "success_emo": true,
  "wer": 0.0,
  "semantic_sim": 1.0,
  "semantic_preserved": true,
  "delta_linf": 0.008000001311302185,
  "delta_l2": 1.2232791185379028,
  "snr_db": 7.821503169350028,
  "grad_norm_trace": [
    2439.996826171875,
    265.6136169433594,
    150.31863403320312,
    77.35026550292969,
    124.43499755859375,
    106.37487030029297,
    113.22180938720703,
    140.8323516845703,
    91.78805541992188,
    91.42586517333984,
    57.02033233642578,
    97.08865356445312,
    43.480716705322266,
    46.56275177001953,
    33.80358123779297,
    23.260326385498047,
    47.16361618041992,
    57.893699645996094,
    54.2705078125,
    31.7296142578125,
    47.955562591552734,
    46.384578704833984,
    18.540285110473633,
    34.886417388916016,
    50.015525817871094,
    72.08623504638672,
    26.41659927368164,
    33.05186080932617,
    29.758926391601562,
    24.644041061401367,
    39.2259407043457,
    27.64702796936035,
    23.745399475097656,
    35.180511474609375,
    84.30426788330078,
    28.019983291625977,
    23.58559799194336,
    30.863191604614258,
    13.127142906188965,
    16.80231285095215,
    34.09713363647461,
    42.71376037597656,
    20.10650062561035,
    22.822364807128906,
    24.529359817504883,
    11.881587028503418,
    8.957276344299316,
    19.385555267333984,
    19.536846160888672,
    22.82211685180664,
    16.069896697998047,
    14.287559509277344,
    29.446720123291016,
    24.35974884033203,
    22.985280990600586,
    11.812200546264648,
    15.158626556396484,
    6.455926895141602,
    7.958782196044922,
    8.095033645629883
  ],
  "loss_trace": [
    {
      "step": 0,
      "total": 5.7586661550760265,
      "emo": 5.758662223815918,
      "asr": 0.03931260108947754,
      "per": 0.0,
      "lambda_emo": 1.0,
      "lambda_asr": 0.0001,
      "lambda_per": 0.0
    },
    {
      "step": 1,
      "total": 4.508492581929266,
      "emo": 4.508480072021484,
      "asr": 0.1250990778207779,
      "per": 0.053565844893455505,
      "lambda_emo": 1.0,
      "lambda_asr": 0.0001,
      "lambda_per": 0.0
    },
    {
      "step": 2,
      "total": 3.672185082307458,
      "emo": 3.672149658203125,
      "asr": 0.3542410433292389,
      "per": 0.05229952931404114,
      "lambda_emo": 1.0,
      "lambda_asr": 0.0001,
      "lambda_per": 0.0
    },
    {
      "step": 3,
      "total": 2.7845410582482817,
      "emo": 2.784487724304199,
      "asr": 0.5333394408226013,
      "per": 0.05470798909664154,
      "lambda_emo": 1.0,
      "lambda_asr": 0.0001,
      "lambda_per": 0.0
    },
    {
      "step": 4,
      "total": 2.5877151564374565,
      "emo": 2.5877013206481934,
      "asr": 0.13835789263248444,
      "per": 0.04497282952070236,
      "lambda_emo": 1.0,
      "lambda_asr": 0.0001,
      "lambda_per": 0.0
    },
    {
      "step": 5,
      "total": 2.732659123802185,
      "emo": 2.732137680053711,
      "asr": 5.214437484741211,
      "per": 0.047454625368118286,
      "lambda_emo": 1.0,
      "lambda_asr": 0.0001,
      "lambda_per": 0.0
    },
    {
      "step": 6,
      "total": 2.880725380039215,
      "emo": 2.8797521591186523,
      "asr": 9.732209205627441,
      "per": 0.061216652393341064,
      "lambda_emo": 1.0,
      "lambda_asr": 0.0001,
      "lambda_per": 0.0
    },
    {
      "step": 7,
      "total": 4.134750038719178,
      "emo": 4.133523941040039,
      "asr": 12.260976791381836,
      "per": 0.060710322111845016,
      "lambda_emo": 1.0,
      "lambda_asr": 0.0001,
      "lambda_per": 0.0
    },
    {
      "step": 8,
      "total": 2.6670799995422363,
      "emo": 2.666466236114502,
      "asr": 6.13763427734375,
      "per": 0.04603798687458038,
      "lambda_emo": 1.0,
      "lambda_asr": 0.0001,
      "lambda_per": 0.0
    },
    {
      "step": 9,
      "total": 2.3765476593732835,
      "emo": 2.3764405250549316,
      "asr": 1.071343183517456,
      "per": 0.047167014330625534,
      "lambda_emo": 1.0,
      "lambda_asr": 0.0001,
      "lambda_per": 0.0
    },
    {
      "step": 10,
      "total": 2.12258686132431,
      "emo": 2.1220405101776123,
      "asr": 5.4635114669799805,
      "per": 0.05298958718776703,
      "lambda_emo": 1.0,
      "lambda_asr": 0.0001,
      "lambda_per": 0.0
    },
    {
      "step": 11,
      "total": 2.2015653882980346,
      "emo": 2.2011756896972656,
      "asr": 3.8969860076904297,
      "per": 0.05169473588466644,
      "lambda_emo": 1.0,
      "lambda_asr": 0.0001,
      "lambda_per": 0.0
    },
    {
      "step": 12,
      "total": 2.231527521497011,
      "emo": 2.231508731842041,
      "asr": 0.18789654970169067,
      "per": 0.058617305010557175,
      "lambda_emo": 1.0,
      "lambda_asr": 0.0001,
      "lambda_per": 0.0
    },
    {
      "step": 13,
      "total": 2.268764658731222,
      "emo": 2.2686922550201416,
      "asr": 0.7240371108055115,
      "per": 0.06115865707397461,
      "lambda_emo": 1.0,
      "lambda_asr": 0.0001,
      "lambda_per": 0.0
    },
    {
      "step": 14,
      "total": 1.6564102746069431,
      "emo": 1.6563762426376343,
      "asr": 0.3403196930885315,
      "per": 0.05063869059085846,
      "lambda_emo": 1.0,
      "lambda_asr": 0.0001,
      "lambda_per": 0.0
    },
    {
      "step": 15,
      "total": 1.4620595423430205,
      "emo": 1.4620311260223389,
      "asr": 0.2841632068157196,
      "per": 0.05549447238445282,
      "lambda_emo": 1.0,
      "lambda_asr": 0.0001,
      "lambda_per": 0.0
    },
    {
      "step": 16,
      "total": 1.4904346950411798,
      "emo": 1.4903720617294312,
      "asr": 0.6263331174850464,
      "per": 0.053301405161619186,
      "lambda_emo": 1.0,
      "lambda_asr": 0.0001,
      "lambda_per": 0.0
    },
    {
      "step": 17,
      "total": 1.5631752511024475,
      "emo": 1.562901496887207,
      "asr": 2.737542152404785,
      "per": 0.0593293234705925,
      "lambda_emo": 1.0,
      "lambda_asr": 0.0001,
      "lambda_per": 0.0
    },
    {
      "step": 18,
      "total": 1.425638542047143,
      "emo": 1.425614356994629,
      "asr": 0.24185052514076233,
      "per": 0.05028374493122101,
      "lambda_emo": 1.0,
      "lambda_asr": 0.0001,
      "lambda_per": 0.0
    },
    {
      "step": 19,
      "total": 1.097380583423376,
      "emo": 1.097357988357544,
      "asr": 0.22595065832138062,
      "per": 0.04641491174697876,
      "lambda_emo": 1.0,
      "lambda_asr": 0.0001,
      "lambda_per": 0.0
    },
    {
      "step": 20,
      "total": 1.3442508746642992,
      "emo": 1.334813117980957,
      "asr": 0.9437309503555298,
      "per": 0.044717978686094284,
      "lambda_emo": 1.0,
      "lambda_asr": 0.01,
      "lambda_per": 1e-05
    },
    {
      "step": 21,
      "total": 1.1663679617388545,
      "emo": 1.1632773876190186,
      "asr": 0.3089998960494995,
      "per": 0.057515934109687805,
      "lambda_emo": 1.0,
      "lambda_asr": 0.01,
      "lambda_per": 1e-05
    },
    {
      "step": 22,
      "total": 1.0279471972616017,
      "emo": 1.0247951745986938,
      "asr": 0.315155953168869,
      "per": 0.046313121914863586,
      "lambda_emo": 1.0,
      "lambda_asr": 0.01,
      "lambda_per": 1e-05
    },
    {
      "step": 23,
      "total": 1.020988385964632,
      "emo": 1.0143771171569824,
      "asr": 0.6610769033432007,
      "per": 0.04997742176055908,
      "lambda_emo": 1.0,
      "lambda_asr": 0.01,
      "lambda_per": 1e-05
    },
    {
      "step": 24,