{
  "sample_id": "06247_0008_neutral_0008_000299",
  "path": "/data1/lixiang/OpenS2S_dataset/ESD/CN/0008/Neutral/0008_000299.wav",
  "speaker_id": "0008",
  "ground_truth_emotion": "neutral",
  "target_emotion": "happy",
  "emo_text_clean": [
    "Neutral",
    "\u606d\u559c",
    "\u606d\u559c"
  ],
  "emo_text_adv": [
    "Happy",
    "happy",
    "happy"
  ],
  "emo_pred_clean": [
    "neutral",
    "",
    ""
  ],
  "emo_pred_adv": [
    "happy",
    "happy",
    "happy"
  ],
  "asr_text_clean": "\u606d\u559c",
  "asr_text_adv": "\"Last night we went out to Tacos as a couple.\"",
  "success_emo": true,
  "wer": 10.0,
  "semantic_sim": 0.24585893750190735,
  "semantic_preserved": false,
  "delta_linf": 0.008000001311302185,
  "delta_l2": 1.0562928915023804,
  "snr_db": 9.759852228440822,
  "grad_norm_trace": [
    1819.742431640625,
    1950.28564453125,
    146.40963745117188,
    279.0432434082031,
    201.56878662109375,
    57.42690658569336,
    35.690635681152344,
    143.42616271972656,
    50.29835891723633,
    46.8280143737793,
    37.505958557128906,
    36.31825637817383,
    34.004634857177734,
    41.37407684326172,
    43.937896728515625,
    58.61863327026367,
    80.01538848876953,
    43.0650749206543,
    85.79544830322266,
    54.399131774902344,
    94.13243865966797,
    93.38365936279297,
    53.528221130371094,
    93.24052429199219,
    94.73466491699219,
    249.0754852294922,
    82.61773681640625,
    138.06842041015625,
    54.94599914550781,
    86.95610809326172,
    119.94718933105469,
    95.84120178222656,
    41.91150665283203,
    73.87691497802734,
    60.72260284423828,
    45.358638763427734,
    77.11282348632812,
    75.04833984375,
    41.97675323486328,
    60.912376403808594,
    66.78558349609375,
    30.634458541870117,
    27.660741806030273,
    43.21586227416992,
    30.123960494995117,
    46.865638732910156,
    43.559959411621094,
    39.582618713378906,
    48.49558639526367,
    53.27029037475586,
    31.855995178222656,
    19.341388702392578,
    36.63383483886719,
    30.08740234375,
    40.46656799316406,
    21.712528228759766,
    25.818557739257812,
    40.426517486572266,
    38.37583923339844,
    42.26676559448242
  ],
  "loss_trace": [
    {
      "step": 0,
      "total": 7.859358360594511,
      "emo": 7.859305381774902,
      "asr": 0.5297881960868835,
      "per": 0.0,
      "lambda_emo": 1.0,
      "lambda_asr": 0.0001,
      "lambda_per": 0.0
    },
    {
      "step": 1,
      "total": 10.38304181714058,
      "emo": 10.382475852966309,
      "asr": 5.659641742706299,
      "per": 0.05144098401069641,
      "lambda_emo": 1.0,
      "lambda_asr": 0.0001,
      "lambda_per": 0.0
    },
    {
      "step": 2,
      "total": 6.0960588621467355,
      "emo": 6.096027374267578,
      "asr": 0.31487879157066345,
      "per": 0.04546928405761719,
      "lambda_emo": 1.0,
      "lambda_asr": 0.0001,
      "lambda_per": 0.0
    },
    {
      "step": 3,
      "total": 6.6287209207057955,
      "emo": 6.628040313720703,
      "asr": 6.806069850921631,
      "per": 0.06524822115898132,
      "lambda_emo": 1.0,
      "lambda_asr": 0.0001,
      "lambda_per": 0.0
    },
    {
      "step": 4,
      "total": 5.705822590088844,
      "emo": 5.70575475692749,
      "asr": 0.6783316135406494,
      "per": 0.06648369878530502,
      "lambda_emo": 1.0,
      "lambda_asr": 0.0001,
      "lambda_per": 0.0
    },
    {
      "step": 5,
      "total": 4.795706655216217,
      "emo": 4.794512748718262,
      "asr": 11.939064979553223,
      "per": 0.06413576006889343,
      "lambda_emo": 1.0,
      "lambda_asr": 0.0001,
      "lambda_per": 0.0
    },
    {
      "step": 6,
      "total": 4.284671859836578,
      "emo": 4.283272743225098,
      "asr": 13.991166114807129,
      "per": 0.06481523811817169,
      "lambda_emo": 1.0,
      "lambda_asr": 0.0001,
      "lambda_per": 0.0
    },
    {
      "step": 7,
      "total": 4.396312950611114,
      "emo": 4.394996166229248,
      "asr": 13.16784381866455,
      "per": 0.06413997709751129,
      "lambda_emo": 1.0,
      "lambda_asr": 0.0001,
      "lambda_per": 0.0
    },
    {
      "step": 8,
      "total": 4.328521328735351,
      "emo": 4.327187538146973,
      "asr": 13.337905883789062,
      "per": 0.06520967185497284,
      "lambda_emo": 1.0,
      "lambda_asr": 0.0001,
      "lambda_per": 0.0
    },
    {
      "step": 9,
      "total": 4.3852149044036866,
      "emo": 4.38375997543335,
      "asr": 14.54928970336914,
      "per": 0.048963870853185654,
      "lambda_emo": 1.0,
      "lambda_asr": 0.0001,
      "lambda_per": 0.0
    },
    {
      "step": 10,
      "total": 4.046464107894898,
      "emo": 4.0449910163879395,
      "asr": 14.730915069580078,
      "per": 0.049744538962841034,
      "lambda_emo": 1.0,
      "lambda_asr": 0.0001,
      "lambda_per": 0.0
    },
    {
      "step": 11,
      "total": 3.944262540245056,
      "emo": 3.942889928817749,
      "asr": 13.726114273071289,
      "per": 0.04536501318216324,
      "lambda_emo": 1.0,
      "lambda_asr": 0.0001,
      "lambda_per": 0.0
    },
    {
      "step": 12,
      "total": 3.944178800010681,
      "emo": 3.942718505859375,
      "asr": 14.602941513061523,
      "per": 0.06340485066175461,
      "lambda_emo": 1.0,
      "lambda_asr": 0.0001,
      "lambda_per": 0.0
    },
    {
      "step": 13,
      "total": 3.66074594039917,
      "emo": 3.6594531536102295,
      "asr": 12.927867889404297,
      "per": 0.0556894987821579,
      "lambda_emo": 1.0,
      "lambda_asr": 0.0001,
      "lambda_per": 0.0
    },
    {
      "step": 14,
      "total": 3.468841307258606,
      "emo": 3.467522382736206,
      "asr": 13.189245223999023,
      "per": 0.0639318972826004,
      "lambda_emo": 1.0,
      "lambda_asr": 0.0001,
      "lambda_per": 0.0
    },
    {
      "step": 15,
      "total": 3.38010600194931,
      "emo": 3.3788938522338867,
      "asr": 12.12149715423584,
      "per": 0.0488939993083477,
      "lambda_emo": 1.0,
      "lambda_asr": 0.0001,
      "lambda_per": 0.0
    },
    {
      "step": 16,
      "total": 3.774119802570343,
      "emo": 3.7728309631347656,
      "asr": 12.888394355773926,
      "per": 0.045568935573101044,
      "lambda_emo": 1.0,
      "lambda_asr": 0.0001,
      "lambda_per": 0.0
    },
    {
      "step": 17,
      "total": 3.4910385447502135,
      "emo": 3.489678382873535,
      "asr": 13.601618766784668,
      "per": 0.05067834258079529,
      "lambda_emo": 1.0,
      "lambda_asr": 0.0001,
      "lambda_per": 0.0
    },
    {
      "step": 18,
      "total": 3.1592015535354614,
      "emo": 3.1579208374023438,
      "asr": 12.807161331176758,
      "per": 0.05697418376803398,
      "lambda_emo": 1.0,
      "lambda_asr": 0.0001,
      "lambda_per": 0.0
    },
    {
      "step": 19,
      "total": 2.8642660289764406,
      "emo": 2.862888813018799,
      "asr": 13.772159576416016,
      "per": 0.04503025859594345,
      "lambda_emo": 1.0,
      "lambda_asr": 0.0001,
      "lambda_per": 0.0
    },
    {
      "step": 20,
      "total": 3.102890733259544,
      "emo": 2.965909957885742,
      "asr": 13.69802474975586,
      "per": 0.052787624299526215,
      "lambda_emo": 1.0,
      "lambda_asr": 0.01,
      "lambda_per": 1e-05
    },
    {
      "step": 21,
      "total": 3.498258332137242,
      "emo": 3.3619213104248047,
      "asr": 13.63364028930664,
      "per": 0.061881937086582184,
      "lambda_emo": 1.0,
      "lambda_asr": 0.01,
      "lambda_per": 1e-05
    },
    {
      "step": 22,
      "total": 2.8695021311406417,
      "emo": 2.7630062103271484,
      "asr": 10.649538040161133,
      "per": 0.05404118821024895,
      "lambda_emo": 1.0,
      "lambda_asr": 0.01,
      "lambda_per": 1e-05
    },
    {
      "step": 23,
      "total": 3.3035425406306236,
      "emo": 3.167184829711914,
      "asr": 13.635719299316406,
      "per": 0.051792554557323456,
      "lambda_emo": 1.0,
      "lambda_asr": 0.01,