{
  "sample_id": "06345_0008_sad_0008_001098",
  "path": "/data1/lixiang/OpenS2S_dataset/ESD/CN/0008/Sad/0008_001098.wav",
  "speaker_id": "0008",
  "ground_truth_emotion": "sad",
  "target_emotion": "happy",
  "emo_text_clean": [
    "Sad.",
    "\u62b1\u6b49",
    "\u62b1\u6b49"
  ],
  "emo_text_adv": [
    "happy",
    "happy",
    "happy"
  ],
  "emo_pred_clean": [
    "sad",
    "",
    ""
  ],
  "emo_pred_adv": [
    "happy",
    "happy",
    "happy"
  ],
  "asr_text_clean": "\u62b1\u6b49",
  "asr_text_adv": "\u6211\u8fdf\u5230\u4e86\uff0c\u5bf9\u4e0d\u8d77\uff0c\u6211\u6765\u4e86\u3002",
  "success_emo": true,
  "wer": 1.0,
  "semantic_sim": 0.6838778257369995,
  "semantic_preserved": false,
  "delta_linf": 0.008000001311302185,
  "delta_l2": 1.2799185514450073,
  "snr_db": 13.39096918367841,
  "grad_norm_trace": [
    899.03515625,
    357.6194763183594,
    344.3962707519531,
    77.77562713623047,
    69.07968139648438,
    81.17514038085938,
    96.00374603271484,
    140.54074096679688,
    101.0813980102539,
    92.65943145751953,
    63.474449157714844,
    64.80663299560547,
    41.31370162963867,
    70.5704574584961,
    55.048274993896484,
    98.47594451904297,
    74.97528839111328,
    69.4502944946289,
    52.60078811645508,
    61.85190963745117,
    71.24117279052734,
    92.2352294921875,
    59.966033935546875,
    56.950103759765625,
    140.86688232421875,
    71.47105407714844,
    290.8392639160156,
    37.14058303833008,
    182.49488830566406,
    58.8856201171875,
    34.21843338012695,
    63.58747863769531,
    106.51995849609375,
    52.6381950378418,
    55.61041259765625,
    105.9913330078125,
    149.80384826660156,
    74.77265930175781,
    57.05937957763672,
    36.36160659790039,
    26.836408615112305,
    23.291183471679688,
    21.373464584350586,
    22.684036254882812,
    35.4913330078125,
    35.82568359375,
    21.877479553222656,
    16.160221099853516,
    31.69671058654785,
    35.88612747192383,
    35.65302276611328,
    19.57170295715332,
    15.372986793518066,
    19.686765670776367,
    15.656001091003418,
    20.810527801513672,
    12.499423027038574,
    12.280211448669434,
    9.424392700195312,
    11.537147521972656
  ],
  "loss_trace": [
    {
      "step": 0,
      "total": 14.397986640632153,
      "emo": 14.397913932800293,
      "asr": 0.7270783185958862,
      "per": 0.0,
      "lambda_emo": 1.0,
      "lambda_asr": 0.0001,
      "lambda_per": 0.0
    },
    {
      "step": 1,
      "total": 7.842436091315746,
      "emo": 7.842294216156006,
      "asr": 1.41875159740448,
      "per": 0.0265823807567358,
      "lambda_emo": 1.0,
      "lambda_asr": 0.0001,
      "lambda_per": 0.0
    },
    {
      "step": 2,
      "total": 7.10539139046669,
      "emo": 7.10520076751709,
      "asr": 1.9062294960021973,
      "per": 0.03786960989236832,
      "lambda_emo": 1.0,
      "lambda_asr": 0.0001,
      "lambda_per": 0.0
    },
    {
      "step": 3,
      "total": 6.043412063169479,
      "emo": 6.042844772338867,
      "asr": 5.672908306121826,
      "per": 0.03411903232336044,
      "lambda_emo": 1.0,
      "lambda_asr": 0.0001,
      "lambda_per": 0.0
    },
    {
      "step": 4,
      "total": 4.664906306695938,
      "emo": 4.664608955383301,
      "asr": 2.973513126373291,
      "per": 0.04011233523488045,
      "lambda_emo": 1.0,
      "lambda_asr": 0.0001,
      "lambda_per": 0.0
    },
    {
      "step": 5,
      "total": 3.9678981781959535,
      "emo": 3.9676101207733154,
      "asr": 2.8805742263793945,
      "per": 0.03652209788560867,
      "lambda_emo": 1.0,
      "lambda_asr": 0.0001,
      "lambda_per": 0.0
    },
    {
      "step": 6,
      "total": 4.874218682622909,
      "emo": 4.873724937438965,
      "asr": 4.9374518394470215,
      "per": 0.04632533714175224,
      "lambda_emo": 1.0,
      "lambda_asr": 0.0001,
      "lambda_per": 0.0
    },
    {
      "step": 7,
      "total": 5.303575181341171,
      "emo": 5.303251266479492,
      "asr": 3.2391486167907715,
      "per": 0.041138701140880585,
      "lambda_emo": 1.0,
      "lambda_asr": 0.0001,
      "lambda_per": 0.0
    },
    {
      "step": 8,
      "total": 5.028288739585877,
      "emo": 5.027667045593262,
      "asr": 6.216939926147461,
      "per": 0.04052239656448364,
      "lambda_emo": 1.0,
      "lambda_asr": 0.0001,
      "lambda_per": 0.0
    },
    {
      "step": 9,
      "total": 4.790251445746422,
      "emo": 4.789976119995117,
      "asr": 2.7532575130462646,
      "per": 0.0456472784280777,
      "lambda_emo": 1.0,
      "lambda_asr": 0.0001,
      "lambda_per": 0.0
    },
    {
      "step": 10,
      "total": 3.397458953332901,
      "emo": 3.397155523300171,
      "asr": 3.0343003273010254,
      "per": 0.046634167432785034,
      "lambda_emo": 1.0,
      "lambda_asr": 0.0001,
      "lambda_per": 0.0
    },
    {
      "step": 11,
      "total": 4.289495300245285,
      "emo": 4.289040565490723,
      "asr": 4.547347545623779,
      "per": 0.044279009103775024,
      "lambda_emo": 1.0,
      "lambda_asr": 0.0001,
      "lambda_per": 0.0
    },
    {
      "step": 12,
      "total": 3.2504044516563417,
      "emo": 3.2498996257781982,
      "asr": 5.0482587814331055,
      "per": 0.04886014014482498,
      "lambda_emo": 1.0,
      "lambda_asr": 0.0001,
      "lambda_per": 0.0
    },
    {
      "step": 13,
      "total": 3.6258097764253616,
      "emo": 3.625471591949463,
      "asr": 3.3818447589874268,
      "per": 0.04905235022306442,
      "lambda_emo": 1.0,
      "lambda_asr": 0.0001,
      "lambda_per": 0.0
    },
    {
      "step": 14,
      "total": 3.2329802518844604,
      "emo": 3.2322940826416016,
      "asr": 6.861692428588867,
      "per": 0.044680528342723846,
      "lambda_emo": 1.0,
      "lambda_asr": 0.0001,
      "lambda_per": 0.0
    },
    {
      "step": 15,
      "total": 2.5930782299995423,
      "emo": 2.5924603939056396,
      "asr": 6.178360939025879,
      "per": 0.03990998491644859,
      "lambda_emo": 1.0,
      "lambda_asr": 0.0001,
      "lambda_per": 0.0
    },
    {
      "step": 16,
      "total": 3.094853599643707,
      "emo": 3.0944201946258545,
      "asr": 4.334050178527832,
      "per": 0.03462835028767586,
      "lambda_emo": 1.0,
      "lambda_asr": 0.0001,
      "lambda_per": 0.0
    },
    {
      "step": 17,
      "total": 2.8187271607398987,
      "emo": 2.8182177543640137,
      "asr": 5.094063758850098,
      "per": 0.03814123570919037,
      "lambda_emo": 1.0,
      "lambda_asr": 0.0001,
      "lambda_per": 0.0
    },
    {
      "step": 18,
      "total": 2.899351312971115,
      "emo": 2.8987984657287598,
      "asr": 5.528472423553467,
      "per": 0.034158702939748764,
      "lambda_emo": 1.0,
      "lambda_asr": 0.0001,
      "lambda_per": 0.0
    },
    {
      "step": 19,
      "total": 2.7925352545261384,
      "emo": 2.7920022010803223,
      "asr": 5.3305344581604,
      "per": 0.03407702594995499,
      "lambda_emo": 1.0,
      "lambda_asr": 0.0001,
      "lambda_per": 0.0
    },
    {
      "step": 20,
      "total": 2.3356606359443814,
      "emo": 2.2824525833129883,
      "asr": 5.320756912231445,
      "per": 0.04835090786218643,
      "lambda_emo": 1.0,
      "lambda_asr": 0.01,
      "lambda_per": 1e-05
    },
    {
      "step": 21,
      "total": 2.6166184790356084,
      "emo": 2.5796639919281006,
      "asr": 3.695404529571533,
      "per": 0.044181179255247116,
      "lambda_emo": 1.0,
      "lambda_asr": 0.01,
      "lambda_per": 1e-05
    },
    {
      "step": 22,
      "total": 2.176096715546511,
      "emo": 2.11276912689209,
      "asr": 6.332719802856445,
      "per": 0.039062585681676865,
      "lambda_emo": 1.0,
      "lambda_asr": 0.01,
      "lambda_per": 1e-05
    },
    {
      "step": 23,
      "total": 2.158252349372059,
      "emo": 2.1251819133758545,
      "asr": 3.307007074356079,
      "per": 0.036525264382362366,
      "lambda_emo": 1.0,
      "lambda_asr": 0.01,