{
  "sample_id": "06357_0008_sad_0008_001081",
  "path": "/data1/lixiang/OpenS2S_dataset/ESD/CN/0008/Sad/0008_001081.wav",
  "speaker_id": "0008",
  "ground_truth_emotion": "sad",
  "target_emotion": "happy",
  "emo_text_clean": [
    "Sad",
    "Sad",
    "\u62b1\u6b49"
  ],
  "emo_text_adv": [
    "happy",
    "happy",
    "happy"
  ],
  "emo_pred_clean": [
    "sad",
    "sad",
    ""
  ],
  "emo_pred_adv": [
    "happy",
    "happy",
    "happy"
  ],
  "asr_text_clean": "\u62b1\u6b49",
  "asr_text_adv": "I was seven years old when I first went to the marina.",
  "success_emo": true,
  "wer": 12.0,
  "semantic_sim": 0.043189775198698044,
  "semantic_preserved": false,
  "delta_linf": 0.008000001311302185,
  "delta_l2": 1.2178791761398315,
  "snr_db": 9.867805846940046,
  "grad_norm_trace": [
    887.4864501953125,
    132.306396484375,
    256.6810607910156,
    125.4520034790039,
    124.52088928222656,
    59.74223327636719,
    62.219730377197266,
    42.435997009277344,
    75.6932373046875,
    93.94939422607422,
    118.67928314208984,
    82.80841064453125,
    65.3777847290039,
    109.98783874511719,
    60.380252838134766,
    53.39839172363281,
    65.85133361816406,
    58.36799240112305,
    74.05087280273438,
    68.5281753540039,
    45.77684020996094,
    49.22766876220703,
    72.24900817871094,
    46.63083267211914,
    36.978912353515625,
    69.63712310791016,
    70.69053649902344,
    35.51347351074219,
    34.3614616394043,
    28.80123519897461,
    33.98228454589844,
    38.35770797729492,
    54.37441635131836,
    29.347537994384766,
    21.2779598236084,
    33.46977615356445,
    36.50469970703125,
    47.12693786621094,
    31.08858299255371,
    38.33171463012695,
    26.292009353637695,
    37.09682083129883,
    27.115671157836914,
    15.73232650756836,
    14.399801254272461,
    22.308671951293945,
    25.79631805419922,
    11.863181114196777,
    24.14655113220215,
    25.220714569091797,
    22.608734130859375,
    47.37517166137695,
    23.55013084411621,
    58.35395050048828,
    51.523799896240234,
    24.65311622619629,
    20.824390411376953,
    13.655732154846191,
    18.94171905517578,
    23.009523391723633
  ],
  "loss_trace": [
    {
      "step": 0,
      "total": 11.036570640462637,
      "emo": 11.036481857299805,
      "asr": 0.8878316283226013,
      "per": 0.0,
      "lambda_emo": 1.0,
      "lambda_asr": 0.0001,
      "lambda_per": 0.0
    },
    {
      "step": 1,
      "total": 6.160552363681793,
      "emo": 6.159990310668945,
      "asr": 5.620530128479004,
      "per": 0.0376926027238369,
      "lambda_emo": 1.0,
      "lambda_asr": 0.0001,
      "lambda_per": 0.0
    },
    {
      "step": 2,
      "total": 6.5012104350090025,
      "emo": 6.500395774841309,
      "asr": 8.146601676940918,
      "per": 0.03400557115674019,
      "lambda_emo": 1.0,
      "lambda_asr": 0.0001,
      "lambda_per": 0.0
    },
    {
      "step": 3,
      "total": 5.7780363146305085,
      "emo": 5.777290344238281,
      "asr": 7.4597039222717285,
      "per": 0.04261026903986931,
      "lambda_emo": 1.0,
      "lambda_asr": 0.0001,
      "lambda_per": 0.0
    },
    {
      "step": 4,
      "total": 5.028800426864624,
      "emo": 5.027459144592285,
      "asr": 13.412822723388672,
      "per": 0.03804925084114075,
      "lambda_emo": 1.0,
      "lambda_asr": 0.0001,
      "lambda_per": 0.0
    },
    {
      "step": 5,
      "total": 4.16621755065918,
      "emo": 4.165024757385254,
      "asr": 11.927932739257812,
      "per": 0.04231998324394226,
      "lambda_emo": 1.0,
      "lambda_asr": 0.0001,
      "lambda_per": 0.0
    },
    {
      "step": 6,
      "total": 3.861901853942871,
      "emo": 3.8606135845184326,
      "asr": 12.882694244384766,
      "per": 0.039515841752290726,
      "lambda_emo": 1.0,
      "lambda_asr": 0.0001,
      "lambda_per": 0.0
    },
    {
      "step": 7,
      "total": 3.5573114728927613,
      "emo": 3.5560414791107178,
      "asr": 12.69993782043457,
      "per": 0.04285687953233719,
      "lambda_emo": 1.0,
      "lambda_asr": 0.0001,
      "lambda_per": 0.0
    },
    {
      "step": 8,
      "total": 3.3576290022850035,
      "emo": 3.3562722206115723,
      "asr": 13.567816734313965,
      "per": 0.037424277514219284,
      "lambda_emo": 1.0,
      "lambda_asr": 0.0001,
      "lambda_per": 0.0
    },
    {
      "step": 9,
      "total": 3.1834043741226195,
      "emo": 3.182140350341797,
      "asr": 12.640237808227539,
      "per": 0.039863184094429016,
      "lambda_emo": 1.0,
      "lambda_asr": 0.0001,
      "lambda_per": 0.0
    },
    {
      "step": 10,
      "total": 2.6431541419029236,
      "emo": 2.6418142318725586,
      "asr": 13.399100303649902,
      "per": 0.036146506667137146,
      "lambda_emo": 1.0,
      "lambda_asr": 0.0001,
      "lambda_per": 0.0
    },
    {
      "step": 11,
      "total": 3.067228217124939,
      "emo": 3.0659232139587402,
      "asr": 13.050031661987305,
      "per": 0.04103287309408188,
      "lambda_emo": 1.0,
      "lambda_asr": 0.0001,
      "lambda_per": 0.0
    },
    {
      "step": 12,
      "total": 3.3182389572143554,
      "emo": 3.3168745040893555,
      "asr": 13.64453125,
      "per": 0.045636992901563644,
      "lambda_emo": 1.0,
      "lambda_asr": 0.0001,
      "lambda_per": 0.0
    },
    {
      "step": 13,
      "total": 3.38555400724411,
      "emo": 3.384256362915039,
      "asr": 12.97644329071045,
      "per": 0.038561999797821045,
      "lambda_emo": 1.0,
      "lambda_asr": 0.0001,
      "lambda_per": 0.0
    },
    {
      "step": 14,
      "total": 2.703053569316864,
      "emo": 2.7016894817352295,
      "asr": 13.640875816345215,
      "per": 0.03986116498708725,
      "lambda_emo": 1.0,
      "lambda_asr": 0.0001,
      "lambda_per": 0.0
    },
    {
      "step": 15,
      "total": 3.2883274905204773,
      "emo": 3.287078380584717,
      "asr": 12.49109935760498,
      "per": 0.04461692273616791,
      "lambda_emo": 1.0,
      "lambda_asr": 0.0001,
      "lambda_per": 0.0
    },
    {
      "step": 16,
      "total": 2.9810798742294313,
      "emo": 2.9797325134277344,
      "asr": 13.473608016967773,
      "per": 0.04656144976615906,
      "lambda_emo": 1.0,
      "lambda_asr": 0.0001,
      "lambda_per": 0.0
    },
    {
      "step": 17,
      "total": 2.4700697344779967,
      "emo": 2.4687142372131348,
      "asr": 13.554972648620605,
      "per": 0.046725720167160034,
      "lambda_emo": 1.0,
      "lambda_asr": 0.0001,
      "lambda_per": 0.0
    },
    {
      "step": 18,
      "total": 2.531343530368805,
      "emo": 2.530043363571167,
      "asr": 13.001667976379395,
      "per": 0.0393221490085125,
      "lambda_emo": 1.0,
      "lambda_asr": 0.0001,
      "lambda_per": 0.0
    },
    {
      "step": 19,
      "total": 2.6424554777145386,
      "emo": 2.6409053802490234,
      "asr": 15.500974655151367,
      "per": 0.04928265139460564,
      "lambda_emo": 1.0,
      "lambda_asr": 0.0001,
      "lambda_per": 0.0
    },
    {
      "step": 20,
      "total": 2.0612748462630437,
      "emo": 1.9126251935958862,
      "asr": 14.864912033081055,
      "per": 0.05323363468050957,
      "lambda_emo": 1.0,
      "lambda_asr": 0.01,
      "lambda_per": 1e-05
    },
    {
      "step": 21,
      "total": 2.123843464519009,
      "emo": 1.979528784751892,
      "asr": 14.431425094604492,
      "per": 0.04288210719823837,
      "lambda_emo": 1.0,
      "lambda_asr": 0.01,
      "lambda_per": 1e-05
    },
    {
      "step": 22,
      "total": 2.0451213769039143,
      "emo": 1.9016942977905273,
      "asr": 14.342660903930664,
      "per": 0.04700740799307823,
      "lambda_emo": 1.0,
      "lambda_asr": 0.01,
      "lambda_per": 1e-05
    },
    {
      "step": 23,
      "total": 2.1080295390190926,
      "emo": 1.963321566581726,
      "asr": 14.47075080871582,
      "per": 0.04643502086400986,
      "lambda_emo": 1.0,
      "lambda_asr": 0.01,