{
  "sample_id": "06368_0008_sad_0008_001290",
  "path": "/data1/lixiang/OpenS2S_dataset/ESD/CN/0008/Sad/0008_001290.wav",
  "speaker_id": "0008",
  "ground_truth_emotion": "sad",
  "target_emotion": "happy",
  "emo_text_clean": [
    "Sad",
    "Sad",
    "\u5927\u7ea6\u4e00\u4e2a\u5c0f\u65f6"
  ],
  "emo_text_adv": [
    "Happy",
    "Happy",
    "happy"
  ],
  "emo_pred_clean": [
    "sad",
    "sad",
    ""
  ],
  "emo_pred_adv": [
    "happy",
    "happy",
    "happy"
  ],
  "asr_text_clean": "\u5927\u7ea6\u4e00\u4e2a\u5c0f\u65f6",
  "asr_text_adv": "\u5927\u7ea6\u4e00\u4e2a\u5c0f\u65f6",
  "success_emo": true,
  "wer": 0.0,
  "semantic_sim": 1.000000238418579,
  "semantic_preserved": true,
  "delta_linf": 0.008000001311302185,
  "delta_l2": 1.1123192310333252,
  "snr_db": 18.42105318020654,
  "grad_norm_trace": [
    392.6564025878906,
    228.59085083007812,
    126.87843322753906,
    101.232177734375,
    34.433815002441406,
    33.80598831176758,
    40.75359344482422,
    581.697021484375,
    94.51837158203125,
    33.34139633178711,
    63.11546325683594,
    108.90132904052734,
    34.18450164794922,
    28.490095138549805,
    52.322471618652344,
    48.09429931640625,
    43.36459732055664,
    36.02815628051758,
    46.53322982788086,
    37.36557388305664,
    69.30242919921875,
    135.20753479003906,
    34.576107025146484,
    38.93686294555664,
    54.922088623046875,
    46.251976013183594,
    24.16160774230957,
    51.03797912597656,
    35.60906982421875,
    29.843730926513672,
    29.281152725219727,
    17.564363479614258,
    39.99009704589844,
    53.78297424316406,
    210.08506774902344,
    78.3925552368164,
    34.32099914550781,
    40.683650970458984,
    99.95903015136719,
    61.63694763183594,
    39.01819610595703,
    31.078874588012695,
    33.81596374511719,
    27.655912399291992,
    43.44598388671875,
    15.40592098236084,
    18.127206802368164,
    22.263025283813477,
    17.196998596191406,
    17.583433151245117,
    21.987131118774414,
    21.860294342041016,
    34.04616928100586,
    22.619054794311523,
    105.04896545410156,
    28.24392318725586,
    14.82945728302002,
    24.408823013305664,
    18.629777908325195,
    33.9317741394043
  ],
  "loss_trace": [
    {
      "step": 0,
      "total": 9.15246874858439,
      "emo": 9.152453422546387,
      "asr": 0.15326038002967834,
      "per": 0.0,
      "lambda_emo": 1.0,
      "lambda_asr": 0.0001,
      "lambda_per": 0.0
    },
    {
      "step": 1,
      "total": 8.191405209190398,
      "emo": 8.19139575958252,
      "asr": 0.09449607878923416,
      "per": 0.012845022603869438,
      "lambda_emo": 1.0,
      "lambda_asr": 0.0001,
      "lambda_per": 0.0
    },
    {
      "step": 2,
      "total": 6.263518489865959,
      "emo": 6.263509273529053,
      "asr": 0.09216336905956268,
      "per": 0.01757035218179226,
      "lambda_emo": 1.0,
      "lambda_asr": 0.0001,
      "lambda_per": 0.0
    },
    {
      "step": 3,
      "total": 5.553228522956371,
      "emo": 5.553201675415039,
      "asr": 0.26847541332244873,
      "per": 0.024268776178359985,
      "lambda_emo": 1.0,
      "lambda_asr": 0.0001,
      "lambda_per": 0.0
    },
    {
      "step": 4,
      "total": 4.541187346801162,
      "emo": 4.5411696434021,
      "asr": 0.17703399062156677,
      "per": 0.02860797755420208,
      "lambda_emo": 1.0,
      "lambda_asr": 0.0001,
      "lambda_per": 0.0
    },
    {
      "step": 5,
      "total": 4.35264643996507,
      "emo": 4.352627754211426,
      "asr": 0.18685753643512726,
      "per": 0.023776620626449585,
      "lambda_emo": 1.0,
      "lambda_asr": 0.0001,
      "lambda_per": 0.0
    },
    {
      "step": 6,
      "total": 3.833973663699627,
      "emo": 3.8339548110961914,
      "asr": 0.18852603435516357,
      "per": 0.025121381506323814,
      "lambda_emo": 1.0,
      "lambda_asr": 0.0001,
      "lambda_per": 0.0
    },
    {
      "step": 7,
      "total": 4.9327655405133966,
      "emo": 4.93274450302124,
      "asr": 0.21037492156028748,
      "per": 0.023636575788259506,
      "lambda_emo": 1.0,
      "lambda_asr": 0.0001,
      "lambda_per": 0.0
    },
    {
      "step": 8,
      "total": 5.787928464171291,
      "emo": 5.787879943847656,
      "asr": 0.48520323634147644,
      "per": 0.03494594246149063,
      "lambda_emo": 1.0,
      "lambda_asr": 0.0001,
      "lambda_per": 0.0
    },
    {
      "step": 9,
      "total": 4.699012745937705,
      "emo": 4.698987007141113,
      "asr": 0.2573879659175873,
      "per": 0.03490975499153137,
      "lambda_emo": 1.0,
      "lambda_asr": 0.0001,
      "lambda_per": 0.0
    },
    {
      "step": 10,
      "total": 4.34969522664845,
      "emo": 4.349668025970459,
      "asr": 0.2720067799091339,
      "per": 0.03177430480718613,
      "lambda_emo": 1.0,
      "lambda_asr": 0.0001,
      "lambda_per": 0.0
    },
    {
      "step": 11,
      "total": 4.534757724362612,
      "emo": 4.534736156463623,
      "asr": 0.21567898988723755,
      "per": 0.03140566498041153,
      "lambda_emo": 1.0,
      "lambda_asr": 0.0001,
      "lambda_per": 0.0
    },
    {
      "step": 12,
      "total": 4.116614244636893,
      "emo": 4.116588115692139,
      "asr": 0.26128944754600525,
      "per": 0.041659098118543625,
      "lambda_emo": 1.0,
      "lambda_asr": 0.0001,
      "lambda_per": 0.0
    },
    {
      "step": 13,
      "total": 3.888099602138996,
      "emo": 3.8880717754364014,
      "asr": 0.2782670259475708,
      "per": 0.04635143280029297,
      "lambda_emo": 1.0,
      "lambda_asr": 0.0001,
      "lambda_per": 0.0
    },
    {
      "step": 14,
      "total": 3.6549435142189264,
      "emo": 3.654926061630249,
      "asr": 0.1745258867740631,
      "per": 0.04543064162135124,
      "lambda_emo": 1.0,
      "lambda_asr": 0.0001,
      "lambda_per": 0.0
    },
    {
      "step": 15,
      "total": 4.106436481741071,
      "emo": 4.106406211853027,
      "asr": 0.30269888043403625,
      "per": 0.03690170869231224,
      "lambda_emo": 1.0,
      "lambda_asr": 0.0001,
      "lambda_per": 0.0
    },
    {
      "step": 16,
      "total": 3.7132814311653375,
      "emo": 3.7132623195648193,
      "asr": 0.19111600518226624,
      "per": 0.03631891682744026,
      "lambda_emo": 1.0,
      "lambda_asr": 0.0001,
      "lambda_per": 0.0
    },
    {
      "step": 17,
      "total": 3.8206224695160986,
      "emo": 3.820604085922241,
      "asr": 0.1838359385728836,
      "per": 0.045455243438482285,
      "lambda_emo": 1.0,
      "lambda_asr": 0.0001,
      "lambda_per": 0.0
    },
    {
      "step": 18,
      "total": 3.5890883338630197,
      "emo": 3.5890746116638184,
      "asr": 0.13722199201583862,
      "per": 0.04054669663310051,
      "lambda_emo": 1.0,
      "lambda_asr": 0.0001,
      "lambda_per": 0.0
    },
    {
      "step": 19,
      "total": 3.4187955279409885,
      "emo": 3.4187800884246826,
      "asr": 0.15439516305923462,
      "per": 0.044029682874679565,
      "lambda_emo": 1.0,
      "lambda_asr": 0.0001,
      "lambda_per": 0.0
    },
    {
      "step": 20,
      "total": 3.106395581430011,
      "emo": 3.104201316833496,
      "asr": 0.21939346194267273,
      "per": 0.03299770876765251,
      "lambda_emo": 1.0,
      "lambda_asr": 0.01,
      "lambda_per": 1e-05
    },
    {
      "step": 21,
      "total": 3.5198139534499497,
      "emo": 3.5178515911102295,
      "asr": 0.1961984485387802,
      "per": 0.03778543323278427,
      "lambda_emo": 1.0,
      "lambda_asr": 0.01,
      "lambda_per": 1e-05
    },
    {
      "step": 22,
      "total": 3.4316088190449032,
      "emo": 3.429793119430542,
      "asr": 0.18152834475040436,
      "per": 0.041616685688495636,
      "lambda_emo": 1.0,
      "lambda_asr": 0.01,
      "lambda_per": 1e-05
    },
    {
      "step": 23,
      "total": 3.0143680765792356,
      "emo": 3.012308120727539,
      "asr": 0.2059631049633026,
      "per": 0.032480206340551376,
      "lambda_emo": 1.0,