{
  "sample_id": "06378_0008_sad_0008_001140",
  "path": "/data1/lixiang/OpenS2S_dataset/ESD/CN/0008/Sad/0008_001140.wav",
  "speaker_id": "0008",
  "ground_truth_emotion": "sad",
  "target_emotion": "happy",
  "emo_text_clean": [
    "Sad",
    "Sad",
    "\u542c\u8d77\u6765"
  ],
  "emo_text_adv": [
    "happy",
    "happy",
    "happy"
  ],
  "emo_pred_clean": [
    "sad",
    "sad",
    ""
  ],
  "emo_pred_adv": [
    "happy",
    "happy",
    "happy"
  ],
  "asr_text_clean": "\u542c\u8d77\u6765",
  "asr_text_adv": "I saw a girl at the store and we did crafts for a shop.",
  "success_emo": true,
  "wer": 14.0,
  "semantic_sim": 0.10687153786420822,
  "semantic_preserved": false,
  "delta_linf": 0.008000001311302185,
  "delta_l2": 1.5192078351974487,
  "snr_db": 11.111503773328437,
  "grad_norm_trace": [
    1348.2554931640625,
    598.2852172851562,
    314.9697265625,
    2339.1142578125,
    135.74095153808594,
    52.25401306152344,
    67.47344970703125,
    67.80087280273438,
    63.18992614746094,
    53.832908630371094,
    56.06269073486328,
    70.15457916259766,
    53.94435501098633,
    33.64121627807617,
    47.141807556152344,
    67.23423767089844,
    36.706886291503906,
    39.16086959838867,
    55.539794921875,
    86.33145904541016,
    35.136268615722656,
    37.47840118408203,
    43.25968933105469,
    23.6151065826416,
    52.15291213989258,
    42.589454650878906,
    21.076486587524414,
    26.799230575561523,
    49.59174346923828,
    27.19721221923828,
    39.28517532348633,
    30.374961853027344,
    26.47488021850586,
    17.502084732055664,
    46.97613525390625,
    19.823625564575195,
    13.93250560760498,
    16.88023567199707,
    20.13386344909668,
    20.906269073486328,
    26.486265182495117,
    25.36121368408203,
    22.47294044494629,
    16.415983200073242,
    9.96144962310791,
    12.599699974060059,
    11.32062816619873,
    20.36856460571289,
    26.10701560974121,
    12.52613353729248,
    12.248860359191895,
    12.440202713012695,
    17.029930114746094,
    9.589032173156738,
    25.822284698486328,
    37.82921600341797,
    6.874072551727295,
    10.419490814208984,
    7.102889060974121,
    7.150365352630615
  ],
  "loss_trace": [
    {
      "step": 0,
      "total": 12.849098338413238,
      "emo": 12.848974227905273,
      "asr": 1.241105079650879,
      "per": 0.0,
      "lambda_emo": 1.0,
      "lambda_asr": 0.0001,
      "lambda_per": 0.0
    },
    {
      "step": 1,
      "total": 11.614061520528793,
      "emo": 11.613749504089355,
      "asr": 3.120164394378662,
      "per": 0.021138174459338188,
      "lambda_emo": 1.0,
      "lambda_asr": 0.0001,
      "lambda_per": 0.0
    },
    {
      "step": 2,
      "total": 10.611907210350036,
      "emo": 10.611659049987793,
      "asr": 2.4816036224365234,
      "per": 0.040837038308382034,
      "lambda_emo": 1.0,
      "lambda_asr": 0.0001,
      "lambda_per": 0.0
    },
    {
      "step": 3,
      "total": 8.304139101362228,
      "emo": 8.303664207458496,
      "asr": 4.748939037322998,
      "per": 0.040761981159448624,
      "lambda_emo": 1.0,
      "lambda_asr": 0.0001,
      "lambda_per": 0.0
    },
    {
      "step": 4,
      "total": 4.350977470588684,
      "emo": 4.3497161865234375,
      "asr": 12.61284065246582,
      "per": 0.07385852932929993,
      "lambda_emo": 1.0,
      "lambda_asr": 0.0001,
      "lambda_per": 0.0
    },
    {
      "step": 5,
      "total": 3.1028329402923585,
      "emo": 3.101489543914795,
      "asr": 13.433963775634766,
      "per": 0.06324651092290878,
      "lambda_emo": 1.0,
      "lambda_asr": 0.0001,
      "lambda_per": 0.0
    },
    {
      "step": 6,
      "total": 2.83093985080719,
      "emo": 2.8296008110046387,
      "asr": 13.390398025512695,
      "per": 0.05525756999850273,
      "lambda_emo": 1.0,
      "lambda_asr": 0.0001,
      "lambda_per": 0.0
    },
    {
      "step": 7,
      "total": 2.8836977407455446,
      "emo": 2.882389545440674,
      "asr": 13.081953048706055,
      "per": 0.057486873120069504,
      "lambda_emo": 1.0,
      "lambda_asr": 0.0001,
      "lambda_per": 0.0
    },
    {
      "step": 8,
      "total": 2.5003796192169188,
      "emo": 2.499028444290161,
      "asr": 13.511749267578125,
      "per": 0.06376710534095764,
      "lambda_emo": 1.0,
      "lambda_asr": 0.0001,
      "lambda_per": 0.0
    },
    {
      "step": 9,
      "total": 2.370430942821503,
      "emo": 2.369147777557373,
      "asr": 12.831652641296387,
      "per": 0.07324812561273575,
      "lambda_emo": 1.0,
      "lambda_asr": 0.0001,
      "lambda_per": 0.0
    },
    {
      "step": 10,
      "total": 2.502179852771759,
      "emo": 2.5010008811950684,
      "asr": 11.789715766906738,
      "per": 0.05598173663020134,
      "lambda_emo": 1.0,
      "lambda_asr": 0.0001,
      "lambda_per": 0.0
    },
    {
      "step": 11,
      "total": 2.676800801849365,
      "emo": 2.6755294799804688,
      "asr": 12.713218688964844,
      "per": 0.05186648666858673,
      "lambda_emo": 1.0,
      "lambda_asr": 0.0001,
      "lambda_per": 0.0
    },
    {
      "step": 12,
      "total": 2.3639002252578734,
      "emo": 2.3625783920288086,
      "asr": 13.218332290649414,
      "per": 0.05286267399787903,
      "lambda_emo": 1.0,
      "lambda_asr": 0.0001,
      "lambda_per": 0.0
    },
    {
      "step": 13,
      "total": 2.1985692744255068,
      "emo": 2.1973495483398438,
      "asr": 12.197260856628418,
      "per": 0.059167973697185516,
      "lambda_emo": 1.0,
      "lambda_asr": 0.0001,
      "lambda_per": 0.0
    },
    {
      "step": 14,
      "total": 2.074999367237091,
      "emo": 2.073636770248413,
      "asr": 13.625969886779785,
      "per": 0.058001693338155746,
      "lambda_emo": 1.0,
      "lambda_asr": 0.0001,
      "lambda_per": 0.0
    },
    {
      "step": 15,
      "total": 2.279023145675659,
      "emo": 2.277561902999878,
      "asr": 14.6124267578125,
      "per": 0.05981525778770447,
      "lambda_emo": 1.0,
      "lambda_asr": 0.0001,
      "lambda_per": 0.0
    },
    {
      "step": 16,
      "total": 1.6950161477088928,
      "emo": 1.6937240362167358,
      "asr": 12.921114921569824,
      "per": 0.049522362649440765,
      "lambda_emo": 1.0,
      "lambda_asr": 0.0001,
      "lambda_per": 0.0
    },
    {
      "step": 17,
      "total": 1.5352272965431213,
      "emo": 1.5339878797531128,
      "asr": 12.39416790008545,
      "per": 0.061625801026821136,
      "lambda_emo": 1.0,
      "lambda_asr": 0.0001,
      "lambda_per": 0.0
    },
    {
      "step": 18,
      "total": 2.1868353717803957,
      "emo": 2.1855130195617676,
      "asr": 13.223522186279297,
      "per": 0.05989222973585129,
      "lambda_emo": 1.0,
      "lambda_asr": 0.0001,
      "lambda_per": 0.0
    },
    {
      "step": 19,
      "total": 1.8224031050682068,
      "emo": 1.8208706378936768,
      "asr": 15.324671745300293,
      "per": 0.07067477703094482,
      "lambda_emo": 1.0,
      "lambda_asr": 0.0001,
      "lambda_per": 0.0
    },
    {
      "step": 20,
      "total": 2.209811286401562,
      "emo": 2.0693612098693848,
      "asr": 14.044955253601074,
      "per": 0.052399616688489914,
      "lambda_emo": 1.0,
      "lambda_asr": 0.01,
      "lambda_per": 1e-05
    },
    {
      "step": 21,
      "total": 1.8657735204726085,
      "emo": 1.7354285717010498,
      "asr": 13.034441947937012,
      "per": 0.052929218858480453,
      "lambda_emo": 1.0,
      "lambda_asr": 0.01,
      "lambda_per": 1e-05
    },
    {
      "step": 22,
      "total": 1.7829915452983232,
      "emo": 1.6271140575408936,
      "asr": 15.587692260742188,
      "per": 0.05651500076055527,
      "lambda_emo": 1.0,
      "lambda_asr": 0.01,
      "lambda_per": 1e-05
    },
    {
      "step": 23,
      "total": 1.3409246521107108,
      "emo": 1.192993402481079,
      "asr": 14.793078422546387,
      "per": 0.04654041677713394,
      "lambda_emo": 1.0,
      "lambda_asr": 0.01,