{
  "sample_id": "06400_0008_sad_0008_001371",
  "path": "/data1/lixiang/OpenS2S_dataset/ESD/CN/0008/Sad/0008_001371.wav",
  "speaker_id": "0008",
  "ground_truth_emotion": "sad",
  "target_emotion": "happy",
  "emo_text_clean": [
    "Sad",
    "Sad",
    "\u542c\u8d77\u6765"
  ],
  "emo_text_adv": [
    "happy",
    "happy",
    "happy"
  ],
  "emo_pred_clean": [
    "sad",
    "sad",
    ""
  ],
  "emo_pred_adv": [
    "happy",
    "happy",
    "happy"
  ],
  "asr_text_clean": "\u4f60\u628a\u6211\u7ed5\u6655\u4e86",
  "asr_text_adv": "\u4f60\u88ab\u6211\u7ed5\u6655\u4e86",
  "success_emo": true,
  "wer": 1.0,
  "semantic_sim": 0.9823857545852661,
  "semantic_preserved": true,
  "delta_linf": 0.008000001311302185,
  "delta_l2": 1.3442308902740479,
  "snr_db": 17.408050188465822,
  "grad_norm_trace": [
    1041.2677001953125,
    828.1585083007812,
    83.04792785644531,
    81.76092529296875,
    75.9354248046875,
    34.41488265991211,
    206.91561889648438,
    277.7956848144531,
    67.74678039550781,
    38.833805084228516,
    45.34212112426758,
    35.995025634765625,
    34.603328704833984,
    56.94886016845703,
    29.407541275024414,
    41.65302658081055,
    171.9584503173828,
    118.12334442138672,
    88.02567291259766,
    100.35298919677734,
    52.52397537231445,
    126.20794677734375,
    86.69757080078125,
    39.837303161621094,
    104.84919738769531,
    41.353172302246094,
    88.6501693725586,
    61.352352142333984,
    116.90193176269531,
    136.57164001464844,
    59.37324905395508,
    124.42576599121094,
    52.67750930786133,
    73.90867614746094,
    55.17059326171875,
    46.01926803588867,
    52.74467086791992,
    41.37152862548828,
    68.93824768066406,
    44.355499267578125,
    60.04057693481445,
    81.93965148925781,
    41.34025192260742,
    103.89915466308594,
    162.23133850097656,
    73.63028717041016,
    41.705020904541016,
    50.11621856689453,
    54.50399398803711,
    40.350162506103516,
    67.09852600097656,
    96.54413604736328,
    39.06525802612305,
    239.66024780273438,
    58.0484619140625,
    44.66747283935547,
    77.72634887695312,
    78.28203582763672,
    220.1550750732422,
    48.182273864746094
  ],
  "loss_trace": [
    {
      "step": 0,
      "total": 8.776983483189344,
      "emo": 8.776951789855957,
      "asr": 0.3169333338737488,
      "per": 0.0,
      "lambda_emo": 1.0,
      "lambda_asr": 0.0001,
      "lambda_per": 0.0
    },
    {
      "step": 1,
      "total": 6.866072169852257,
      "emo": 6.866015911102295,
      "asr": 0.5625874996185303,
      "per": 0.037395887076854706,
      "lambda_emo": 1.0,
      "lambda_asr": 0.0001,
      "lambda_per": 0.0
    },
    {
      "step": 2,
      "total": 5.253706153506041,
      "emo": 5.253650665283203,
      "asr": 0.5548822283744812,
      "per": 0.03548060357570648,
      "lambda_emo": 1.0,
      "lambda_asr": 0.0001,
      "lambda_per": 0.0
    },
    {
      "step": 3,
      "total": 3.9315645128309726,
      "emo": 3.9315240383148193,
      "asr": 0.4047451615333557,
      "per": 0.03969258442521095,
      "lambda_emo": 1.0,
      "lambda_asr": 0.0001,
      "lambda_per": 0.0
    },
    {
      "step": 4,
      "total": 3.8013879405319693,
      "emo": 3.801299810409546,
      "asr": 0.88130122423172,
      "per": 0.04259389638900757,
      "lambda_emo": 1.0,
      "lambda_asr": 0.0001,
      "lambda_per": 0.0
    },
    {
      "step": 5,
      "total": 3.1815497333824636,
      "emo": 3.1814799308776855,
      "asr": 0.6980250477790833,
      "per": 0.047689031809568405,
      "lambda_emo": 1.0,
      "lambda_asr": 0.0001,
      "lambda_per": 0.0
    },
    {
      "step": 6,
      "total": 3.227258948266506,
      "emo": 3.2271456718444824,
      "asr": 1.132764220237732,
      "per": 0.04205593466758728,
      "lambda_emo": 1.0,
      "lambda_asr": 0.0001,
      "lambda_per": 0.0
    },
    {
      "step": 7,
      "total": 3.8390888276696207,
      "emo": 3.839012861251831,
      "asr": 0.7596641778945923,
      "per": 0.03409605473279953,
      "lambda_emo": 1.0,
      "lambda_asr": 0.0001,
      "lambda_per": 0.0
    },
    {
      "step": 8,
      "total": 3.3672125179111956,
      "emo": 3.3671138286590576,
      "asr": 0.9868925213813782,
      "per": 0.05150961875915527,
      "lambda_emo": 1.0,
      "lambda_asr": 0.0001,
      "lambda_per": 0.0
    },
    {
      "step": 9,
      "total": 2.7258362483978273,
      "emo": 2.7257027626037598,
      "asr": 1.3348579406738281,
      "per": 0.05210578441619873,
      "lambda_emo": 1.0,
      "lambda_asr": 0.0001,
      "lambda_per": 0.0
    },
    {
      "step": 10,
      "total": 2.615580709397793,
      "emo": 2.615489959716797,
      "asr": 0.9074968099594116,
      "per": 0.0409543551504612,
      "lambda_emo": 1.0,
      "lambda_asr": 0.0001,
      "lambda_per": 0.0
    },
    {
      "step": 11,
      "total": 2.4079429583966734,
      "emo": 2.407867431640625,
      "asr": 0.7552675604820251,
      "per": 0.04143934324383736,
      "lambda_emo": 1.0,
      "lambda_asr": 0.0001,
      "lambda_per": 0.0
    },
    {
      "step": 12,
      "total": 2.297259660321474,
      "emo": 2.2971603870391846,
      "asr": 0.99273282289505,
      "per": 0.03927797079086304,
      "lambda_emo": 1.0,
      "lambda_asr": 0.0001,
      "lambda_per": 0.0
    },
    {
      "step": 13,
      "total": 2.5650292585015295,
      "emo": 2.564924955368042,
      "asr": 1.0430313348770142,
      "per": 0.04895990341901779,
      "lambda_emo": 1.0,
      "lambda_asr": 0.0001,
      "lambda_per": 0.0
    },
    {
      "step": 14,
      "total": 1.9324170800864697,
      "emo": 1.932326316833496,
      "asr": 0.9076325297355652,
      "per": 0.03507572039961815,
      "lambda_emo": 1.0,
      "lambda_asr": 0.0001,
      "lambda_per": 0.0
    },
    {
      "step": 15,
      "total": 2.3564418458759784,
      "emo": 2.3563523292541504,
      "asr": 0.8951662182807922,
      "per": 0.03653531149029732,
      "lambda_emo": 1.0,
      "lambda_asr": 0.0001,
      "lambda_per": 0.0
    },
    {
      "step": 16,
      "total": 2.700972140622139,
      "emo": 2.7008512020111084,
      "asr": 1.2093861103057861,
      "per": 0.05201856419444084,
      "lambda_emo": 1.0,
      "lambda_asr": 0.0001,
      "lambda_per": 0.0
    },
    {
      "step": 17,
      "total": 4.864659754109383,
      "emo": 4.864580154418945,
      "asr": 0.795996904373169,
      "per": 0.050198763608932495,
      "lambda_emo": 1.0,
      "lambda_asr": 0.0001,
      "lambda_per": 0.0
    },
    {
      "step": 18,
      "total": 4.392247151124478,
      "emo": 4.392180442810059,
      "asr": 0.6670831441879272,
      "per": 0.041257552802562714,
      "lambda_emo": 1.0,
      "lambda_asr": 0.0001,
      "lambda_per": 0.0
    },
    {
      "step": 19,
      "total": 3.966722411799431,
      "emo": 3.966648817062378,
      "asr": 0.7359473705291748,
      "per": 0.04380244016647339,
      "lambda_emo": 1.0,
      "lambda_asr": 0.0001,
      "lambda_per": 0.0
    },
    {
      "step": 20,
      "total": 2.9226947698817773,
      "emo": 2.914999008178711,
      "asr": 0.7695315480232239,
      "per": 0.044622283428907394,
      "lambda_emo": 1.0,
      "lambda_asr": 0.01,
      "lambda_per": 1e-05
    },
    {
      "step": 21,
      "total": 3.129172604340464,
      "emo": 3.114145278930664,
      "asr": 1.5026919841766357,
      "per": 0.04055680334568024,
      "lambda_emo": 1.0,
      "lambda_asr": 0.01,
      "lambda_per": 1e-05
    },
    {
      "step": 22,
      "total": 3.98983199066028,
      "emo": 3.980333089828491,
      "asr": 0.9498357772827148,
      "per": 0.054305896162986755,
      "lambda_emo": 1.0,
      "lambda_asr": 0.01,
      "lambda_per": 1e-05
    },
    {
      "step": 23,
      "total": 2.46295275283467,
      "emo": 2.4553511142730713,
      "asr": 0.7601206302642822,
      "per": 0.04322589561343193,
      "lambda_emo": 1.0,
      "lambda_asr": 0.01,