{
  "sample_id": "06403_0008_sad_0008_001065",
  "path": "/data1/lixiang/OpenS2S_dataset/ESD/CN/0008/Sad/0008_001065.wav",
  "speaker_id": "0008",
  "ground_truth_emotion": "sad",
  "target_emotion": "happy",
  "emo_text_clean": [
    "Sad",
    "Sad",
    "\u55ef\uff0c\u542c\u4e0a\u53bb\u4f60\u633a\u5f00\u5fc3\u7684\u561b\u3002"
  ],
  "emo_text_adv": [
    "Happy",
    "happy",
    "happy"
  ],
  "emo_pred_clean": [
    "sad",
    "sad",
    ""
  ],
  "emo_pred_adv": [
    "happy",
    "happy",
    "happy"
  ],
  "asr_text_clean": "\u6211\u7279\u522b\u559c\u6b22\u7f51\u7403",
  "asr_text_adv": "\u6211\u7279\u522b\u559c\u6b22\u7f51\u7403",
  "success_emo": true,
  "wer": 0.0,
  "semantic_sim": 1.0,
  "semantic_preserved": true,
  "delta_linf": 0.008000001311302185,
  "delta_l2": 1.021507978439331,
  "snr_db": 22.971499148625483,
  "grad_norm_trace": [
    534.8267822265625,
    148.32559204101562,
    151.5465850830078,
    186.828125,
    65.37875366210938,
    84.22567749023438,
    46.11434555053711,
    37.348384857177734,
    26.4868221282959,
    18.59093475341797,
    42.273860931396484,
    31.321077346801758,
    46.72215270996094,
    63.179847717285156,
    31.14057159423828,
    29.438777923583984,
    30.400815963745117,
    21.01366424560547,
    30.6250057220459,
    41.48538589477539,
    43.71258544921875,
    46.920528411865234,
    30.59397315979004,
    61.127891540527344,
    27.61394691467285,
    31.670631408691406,
    29.970359802246094,
    23.652902603149414,
    21.04280662536621,
    36.065673828125,
    31.8861026763916,
    27.128408432006836,
    38.45590591430664,
    19.152301788330078,
    72.69451904296875,
    69.87862396240234,
    25.257349014282227,
    20.076221466064453,
    16.6004638671875,
    21.908565521240234,
    14.766827583312988,
    20.626535415649414,
    32.008907318115234,
    33.32350158691406,
    63.34299850463867,
    223.26634216308594,
    57.192867279052734,
    26.797754287719727,
    50.67575454711914,
    27.598772048950195,
    35.480281829833984,
    21.064414978027344,
    51.666263580322266,
    27.959260940551758,
    19.610244750976562,
    15.313081741333008,
    70.3125991821289,
    15.763772010803223,
    15.459678649902344,
    20.6700496673584
  ],
  "loss_trace": [
    {
      "step": 0,
      "total": 7.883754949325323,
      "emo": 7.8837480545043945,
      "asr": 0.06894820928573608,
      "per": 0.0,
      "lambda_emo": 1.0,
      "lambda_asr": 0.0001,
      "lambda_per": 0.0
    },
    {
      "step": 1,
      "total": 7.814907124845684,
      "emo": 7.8148956298828125,
      "asr": 0.11494962871074677,
      "per": 0.017702985554933548,
      "lambda_emo": 1.0,
      "lambda_asr": 0.0001,
      "lambda_per": 0.0
    },
    {
      "step": 2,
      "total": 7.360486054554582,
      "emo": 7.360470771789551,
      "asr": 0.152827650308609,
      "per": 0.029040690511465073,
      "lambda_emo": 1.0,
      "lambda_asr": 0.0001,
      "lambda_per": 0.0
    },
    {
      "step": 3,
      "total": 4.0008326925180855,
      "emo": 4.000823020935059,
      "asr": 0.09671583026647568,
      "per": 0.022596169263124466,
      "lambda_emo": 1.0,
      "lambda_asr": 0.0001,
      "lambda_per": 0.0
    },
    {
      "step": 4,
      "total": 3.2353425356306134,
      "emo": 3.235335111618042,
      "asr": 0.07424012571573257,
      "per": 0.03126893192529678,
      "lambda_emo": 1.0,
      "lambda_asr": 0.0001,
      "lambda_per": 0.0
    },
    {
      "step": 5,
      "total": 2.8702078209161757,
      "emo": 2.8702006340026855,
      "asr": 0.0718691349029541,
      "per": 0.03557257354259491,
      "lambda_emo": 1.0,
      "lambda_asr": 0.0001,
      "lambda_per": 0.0
    },
    {
      "step": 6,
      "total": 2.769616953227669,
      "emo": 2.7696101665496826,
      "asr": 0.06786677986383438,
      "per": 0.029468959197402,
      "lambda_emo": 1.0,
      "lambda_asr": 0.0001,
      "lambda_per": 0.0
    },
    {
      "step": 7,
      "total": 2.631652125300467,
      "emo": 2.6316449642181396,
      "asr": 0.07161082327365875,
      "per": 0.02814149484038353,
      "lambda_emo": 1.0,
      "lambda_asr": 0.0001,
      "lambda_per": 0.0
    },
    {
      "step": 8,
      "total": 2.5462604612618684,
      "emo": 2.546255588531494,
      "asr": 0.04872730374336243,
      "per": 0.03825516253709793,
      "lambda_emo": 1.0,
      "lambda_asr": 0.0001,
      "lambda_per": 0.0
    },
    {
      "step": 9,
      "total": 2.114055888223648,
      "emo": 2.1140518188476562,
      "asr": 0.04069375991821289,
      "per": 0.029457582160830498,
      "lambda_emo": 1.0,
      "lambda_asr": 0.0001,
      "lambda_per": 0.0
    },
    {
      "step": 10,
      "total": 2.4224078791618346,
      "emo": 2.4224023818969727,
      "asr": 0.05497264862060547,
      "per": 0.0335267037153244,
      "lambda_emo": 1.0,
      "lambda_asr": 0.0001,
      "lambda_per": 0.0
    },
    {
      "step": 11,
      "total": 2.135060423635319,
      "emo": 2.135056972503662,
      "asr": 0.03451131656765938,
      "per": 0.029267050325870514,
      "lambda_emo": 1.0,
      "lambda_asr": 0.0001,
      "lambda_per": 0.0
    },
    {
      "step": 12,
      "total": 2.0194340337470176,
      "emo": 2.0194284915924072,
      "asr": 0.05542154610157013,
      "per": 0.0354020819067955,
      "lambda_emo": 1.0,
      "lambda_asr": 0.0001,
      "lambda_per": 0.0
    },
    {
      "step": 13,
      "total": 2.3443430096529423,
      "emo": 2.3443384170532227,
      "asr": 0.04592599719762802,
      "per": 0.02860153466463089,
      "lambda_emo": 1.0,
      "lambda_asr": 0.0001,
      "lambda_per": 0.0
    },
    {
      "step": 14,
      "total": 2.135896219457686,
      "emo": 2.135892868041992,
      "asr": 0.03351415693759918,
      "per": 0.03688706085085869,
      "lambda_emo": 1.0,
      "lambda_asr": 0.0001,
      "lambda_per": 0.0
    },
    {
      "step": 15,
      "total": 2.1097157218698412,
      "emo": 2.109710693359375,
      "asr": 0.05028510466217995,
      "per": 0.04189535230398178,
      "lambda_emo": 1.0,
      "lambda_asr": 0.0001,
      "lambda_per": 0.0
    },
    {
      "step": 16,
      "total": 1.8147614409692585,
      "emo": 1.8147563934326172,
      "asr": 0.05047536641359329,
      "per": 0.04122202843427658,
      "lambda_emo": 1.0,
      "lambda_asr": 0.0001,
      "lambda_per": 0.0
    },
    {
      "step": 17,
      "total": 1.7496083700608462,
      "emo": 1.749603271484375,
      "asr": 0.05098576471209526,
      "per": 0.03239570930600166,
      "lambda_emo": 1.0,
      "lambda_asr": 0.0001,
      "lambda_per": 0.0
    },
    {
      "step": 18,
      "total": 1.9383638605155051,
      "emo": 1.9383583068847656,
      "asr": 0.05553630739450455,
      "per": 0.03916279599070549,
      "lambda_emo": 1.0,
      "lambda_asr": 0.0001,
      "lambda_per": 0.0
    },
    {
      "step": 19,
      "total": 1.9945527353785932,
      "emo": 1.9945483207702637,
      "asr": 0.044146083295345306,
      "per": 0.03072400391101837,
      "lambda_emo": 1.0,
      "lambda_asr": 0.0001,
      "lambda_per": 0.0
    },
    {
      "step": 20,
      "total": 1.8717578215257078,
      "emo": 1.870988368988037,
      "asr": 0.0769130140542984,
      "per": 0.03223971277475357,
      "lambda_emo": 1.0,
      "lambda_asr": 0.01,
      "lambda_per": 1e-05
    },
    {
      "step": 21,
      "total": 2.3568401671130768,
      "emo": 2.356287717819214,
      "asr": 0.05521383136510849,
      "per": 0.0310980211943388,
      "lambda_emo": 1.0,
      "lambda_asr": 0.01,
      "lambda_per": 1e-05
    },
    {
      "step": 22,
      "total": 2.0949018261026593,
      "emo": 2.0943400859832764,
      "asr": 0.05613568425178528,
      "per": 0.03832768648862839,
      "lambda_emo": 1.0,
      "lambda_asr": 0.01,
      "lambda_per": 1e-05
    },
    {
      "step": 23,
      "total": 2.2522638809295743,
      "emo": 2.2515006065368652,
      "asr": 0.07629284262657166,