{
  "sample_id": "06438_0008_sad_0008_001101",
  "path": "/data1/lixiang/OpenS2S_dataset/ESD/CN/0008/Sad/0008_001101.wav",
  "speaker_id": "0008",
  "ground_truth_emotion": "sad",
  "target_emotion": "happy",
  "emo_text_clean": [
    "Sad",
    "Sad",
    "\u55ef\uff0c\u542c\u8d77\u6765"
  ],
  "emo_text_adv": [
    "Happy",
    "happy",
    "happy"
  ],
  "emo_pred_clean": [
    "sad",
    "sad",
    ""
  ],
  "emo_pred_adv": [
    "happy",
    "happy",
    "happy"
  ],
  "asr_text_clean": "\u6ca1\u5173\u7cfb",
  "asr_text_adv": "\u6ca1\u5173\u7cfb",
  "success_emo": true,
  "wer": 0.0,
  "semantic_sim": 1.0,
  "semantic_preserved": true,
  "delta_linf": 0.008000001311302185,
  "delta_l2": 1.2641358375549316,
  "snr_db": 16.07195323661735,
  "grad_norm_trace": [
    340.841796875,
    1630.87646484375,
    242.1302947998047,
    77.20037078857422,
    85.57199096679688,
    89.76078033447266,
    58.868621826171875,
    67.54827117919922,
    75.76240539550781,
    66.632568359375,
    62.24403762817383,
    91.97612762451172,
    74.7522964477539,
    100.3180160522461,
    54.55304718017578,
    65.3543701171875,
    115.21479034423828,
    74.25294494628906,
    51.627708435058594,
    54.62068557739258,
    41.94987869262695,
    43.70918655395508,
    50.73670196533203,
    58.429405212402344,
    125.6200180053711,
    61.0280647277832,
    40.04941177368164,
    29.69641876220703,
    61.02775955200195,
    40.425453186035156,
    67.26700592041016,
    40.2744140625,
    42.96571350097656,
    35.424285888671875,
    36.481754302978516,
    23.604270935058594,
    30.992984771728516,
    28.340852737426758,
    22.441791534423828,
    19.287996292114258,
    18.9279842376709,
    31.43280601501465,
    69.19650268554688,
    22.089588165283203,
    39.41578674316406,
    21.673809051513672,
    14.446208953857422,
    17.319250106811523,
    17.352109909057617,
    21.240039825439453,
    24.76633644104004,
    17.478755950927734,
    17.504175186157227,
    25.506122589111328,
    51.41486740112305,
    51.23447799682617,
    31.949201583862305,
    38.96521759033203,
    33.87923812866211,
    41.60608673095703
  ],
  "loss_trace": [
    {
      "step": 0,
      "total": 10.847925389695167,
      "emo": 10.847793579101562,
      "asr": 1.318105936050415,
      "per": 0.0,
      "lambda_emo": 1.0,
      "lambda_asr": 0.0001,
      "lambda_per": 0.0
    },
    {
      "step": 1,
      "total": 9.102705630260706,
      "emo": 9.102621078491211,
      "asr": 0.8455176949501038,
      "per": 0.013309436850249767,
      "lambda_emo": 1.0,
      "lambda_asr": 0.0001,
      "lambda_per": 0.0
    },
    {
      "step": 2,
      "total": 6.273929572749138,
      "emo": 6.2738752365112305,
      "asr": 0.5433623790740967,
      "per": 0.04071839526295662,
      "lambda_emo": 1.0,
      "lambda_asr": 0.0001,
      "lambda_per": 0.0
    },
    {
      "step": 3,
      "total": 6.18433550131023,
      "emo": 6.184301376342773,
      "asr": 0.3412496745586395,
      "per": 0.039790745824575424,
      "lambda_emo": 1.0,
      "lambda_asr": 0.0001,
      "lambda_per": 0.0
    },
    {
      "step": 4,
      "total": 4.475189879049361,
      "emo": 4.475165843963623,
      "asr": 0.2403508573770523,
      "per": 0.04043325036764145,
      "lambda_emo": 1.0,
      "lambda_asr": 0.0001,
      "lambda_per": 0.0
    },
    {
      "step": 5,
      "total": 4.794690141624212,
      "emo": 4.794628143310547,
      "asr": 0.6199831366539001,
      "per": 0.03464822843670845,
      "lambda_emo": 1.0,
      "lambda_asr": 0.0001,
      "lambda_per": 0.0
    },
    {
      "step": 6,
      "total": 3.8800065577834846,
      "emo": 3.879973888397217,
      "asr": 0.3266938626766205,
      "per": 0.03897450119256973,
      "lambda_emo": 1.0,
      "lambda_asr": 0.0001,
      "lambda_per": 0.0
    },
    {
      "step": 7,
      "total": 4.00774613789618,
      "emo": 4.007716178894043,
      "asr": 0.29959002137184143,
      "per": 0.03544076532125473,
      "lambda_emo": 1.0,
      "lambda_asr": 0.0001,
      "lambda_per": 0.0
    },
    {
      "step": 8,
      "total": 3.502265094742179,
      "emo": 3.5022246837615967,
      "asr": 0.40410980582237244,
      "per": 0.046190764755010605,
      "lambda_emo": 1.0,
      "lambda_asr": 0.0001,
      "lambda_per": 0.0
    },
    {
      "step": 9,
      "total": 4.396008454149961,
      "emo": 4.395955562591553,
      "asr": 0.5289155840873718,
      "per": 0.042624443769454956,
      "lambda_emo": 1.0,
      "lambda_asr": 0.0001,
      "lambda_per": 0.0
    },
    {
      "step": 10,
      "total": 4.298325154364109,
      "emo": 4.29824161529541,
      "asr": 0.8353906869888306,
      "per": 0.04081050679087639,
      "lambda_emo": 1.0,
      "lambda_asr": 0.0001,
      "lambda_per": 0.0
    },
    {
      "step": 11,
      "total": 4.023956696355343,
      "emo": 4.023826599121094,
      "asr": 1.30097234249115,
      "per": 0.041717153042554855,
      "lambda_emo": 1.0,
      "lambda_asr": 0.0001,
      "lambda_per": 0.0
    },
    {
      "step": 12,
      "total": 3.122153159826994,
      "emo": 3.1221065521240234,
      "asr": 0.4660770297050476,
      "per": 0.03966633230447769,
      "lambda_emo": 1.0,
      "lambda_asr": 0.0001,
      "lambda_per": 0.0
    },
    {
      "step": 13,
      "total": 3.3411643087744713,
      "emo": 3.3411014080047607,
      "asr": 0.6290076971054077,
      "per": 0.03916920721530914,
      "lambda_emo": 1.0,
      "lambda_asr": 0.0001,
      "lambda_per": 0.0
    },
    {
      "step": 14,
      "total": 3.051114120644331,
      "emo": 3.051072835922241,
      "asr": 0.41284722089767456,
      "per": 0.048446353524923325,
      "lambda_emo": 1.0,
      "lambda_asr": 0.0001,
      "lambda_per": 0.0
    },
    {
      "step": 15,
      "total": 2.828770904558897,
      "emo": 2.828714370727539,
      "asr": 0.5653383135795593,
      "per": 0.04120846092700958,
      "lambda_emo": 1.0,
      "lambda_asr": 0.0001,
      "lambda_per": 0.0
    },
    {
      "step": 16,
      "total": 3.1674638743758203,
      "emo": 3.1673617362976074,
      "asr": 1.0213807821273804,
      "per": 0.03767884522676468,
      "lambda_emo": 1.0,
      "lambda_asr": 0.0001,
      "lambda_per": 0.0
    },
    {
      "step": 17,
      "total": 3.172541312840581,
      "emo": 3.172501564025879,
      "asr": 0.39748814702033997,
      "per": 0.04287656769156456,
      "lambda_emo": 1.0,
      "lambda_asr": 0.0001,
      "lambda_per": 0.0
    },
    {
      "step": 18,
      "total": 2.666403417149186,
      "emo": 2.6663708686828613,
      "asr": 0.32548466324806213,
      "per": 0.04569385573267937,
      "lambda_emo": 1.0,
      "lambda_asr": 0.0001,
      "lambda_per": 0.0
    },
    {
      "step": 19,
      "total": 3.0614576603472234,
      "emo": 3.0614089965820312,
      "asr": 0.4866376519203186,
      "per": 0.05008658021688461,
      "lambda_emo": 1.0,
      "lambda_asr": 0.0001,
      "lambda_per": 0.0
    },
    {
      "step": 20,
      "total": 2.5972072840341554,
      "emo": 2.5919928550720215,
      "asr": 0.5213935971260071,
      "per": 0.04929908737540245,
      "lambda_emo": 1.0,
      "lambda_asr": 0.01,
      "lambda_per": 1e-05
    },
    {
      "step": 21,
      "total": 2.0024315315231305,
      "emo": 1.9960832595825195,
      "asr": 0.6347755193710327,
      "per": 0.05167469009757042,
      "lambda_emo": 1.0,
      "lambda_asr": 0.01,
      "lambda_per": 1e-05
    },
    {
      "step": 22,
      "total": 2.067406005350202,
      "emo": 2.0577850341796875,
      "asr": 0.9620457887649536,
      "per": 0.05132828652858734,
      "lambda_emo": 1.0,
      "lambda_asr": 0.01,
      "lambda_per": 1e-05
    },
    {
      "step": 23,
      "total": 2.274189670502171,
      "emo": 2.266896963119507,
      "asr": 0.7292189002037048,
      "per": 0.05183806270360947,
      "lambda_emo": 1.0,
      "lambda_asr": 0.01,
      "lambda_per": 1e-05
    },
    {
      "step": 24,