{
  "sample_id": "06472_0008_sad_0008_001380",
  "path": "/data1/lixiang/OpenS2S_dataset/ESD/CN/0008/Sad/0008_001380.wav",
  "speaker_id": "0008",
  "ground_truth_emotion": "sad",
  "target_emotion": "happy",
  "emo_text_clean": [
    "Sad",
    "Sad",
    "\u6211\u4eec\u76f8\u5904\u5f97\u5f88\u597d"
  ],
  "emo_text_adv": [
    "happy",
    "happy",
    "happy"
  ],
  "emo_pred_clean": [
    "sad",
    "sad",
    ""
  ],
  "emo_pred_adv": [
    "happy",
    "happy",
    "happy"
  ],
  "asr_text_clean": "\u6211\u4eec\u76f8\u5904\u5f97\u5f88\u597d",
  "asr_text_adv": "\u6211\u4eec\u76f8\u5904\u5f97\u5f88\u597d",
  "success_emo": true,
  "wer": 0.0,
  "semantic_sim": 1.0,
  "semantic_preserved": true,
  "delta_linf": 0.008000001311302185,
  "delta_l2": 1.0949113368988037,
  "snr_db": 20.26021963270786,
  "grad_norm_trace": [
    525.302978515625,
    268.5882568359375,
    114.71554565429688,
    128.31719970703125,
    454.01043701171875,
    83.72919464111328,
    47.84831237792969,
    40.5683708190918,
    68.65160369873047,
    158.21237182617188,
    43.345542907714844,
    64.77813720703125,
    24.47718048095703,
    21.427730560302734,
    16.275358200073242,
    23.414081573486328,
    36.5244255065918,
    39.951358795166016,
    22.686025619506836,
    16.21746826171875,
    13.785778999328613,
    21.1896915435791,
    17.72458839416504,
    20.902149200439453,
    46.84748840332031,
    33.52080535888672,
    22.21587562561035,
    18.000232696533203,
    25.766857147216797,
    12.725900650024414,
    13.424823760986328,
    19.296384811401367,
    16.054025650024414,
    18.751380920410156,
    13.712109565734863,
    21.617130279541016,
    10.778223991394043,
    19.316619873046875,
    7.925896644592285,
    26.65583610534668,
    51.925506591796875,
    16.781291961669922,
    21.533565521240234,
    13.45943546295166,
    7.100040435791016,
    35.99324035644531,
    14.727352142333984,
    18.9835205078125,
    11.862173080444336,
    11.416592597961426,
    11.558185577392578,
    18.4550838470459,
    11.779358863830566,
    14.260818481445312,
    15.046611785888672,
    17.33823013305664,
    9.392264366149902,
    24.003250122070312,
    22.86835479736328,
    25.895801544189453
  ],
  "loss_trace": [
    {
      "step": 0,
      "total": 8.35293633788228,
      "emo": 8.35292911529541,
      "asr": 0.07222586870193481,
      "per": 0.0,
      "lambda_emo": 1.0,
      "lambda_asr": 0.0001,
      "lambda_per": 0.0
    },
    {
      "step": 1,
      "total": 6.372674272987991,
      "emo": 6.372666358947754,
      "asr": 0.07914040237665176,
      "per": 0.013291813433170319,
      "lambda_emo": 1.0,
      "lambda_asr": 0.0001,
      "lambda_per": 0.0
    },
    {
      "step": 2,
      "total": 4.276269398882985,
      "emo": 4.27625846862793,
      "asr": 0.10930255055427551,
      "per": 0.01839541271328926,
      "lambda_emo": 1.0,
      "lambda_asr": 0.0001,
      "lambda_per": 0.0
    },
    {
      "step": 3,
      "total": 3.214356333759427,
      "emo": 3.2143447399139404,
      "asr": 0.1159384548664093,
      "per": 0.01992448791861534,
      "lambda_emo": 1.0,
      "lambda_asr": 0.0001,
      "lambda_per": 0.0
    },
    {
      "step": 4,
      "total": 4.500150601956993,
      "emo": 4.500143051147461,
      "asr": 0.07550809532403946,
      "per": 0.02138008549809456,
      "lambda_emo": 1.0,
      "lambda_asr": 0.0001,
      "lambda_per": 0.0
    },
    {
      "step": 5,
      "total": 3.1186119385331867,
      "emo": 3.1185977458953857,
      "asr": 0.1419263780117035,
      "per": 0.02743632346391678,
      "lambda_emo": 1.0,
      "lambda_asr": 0.0001,
      "lambda_per": 0.0
    },
    {
      "step": 6,
      "total": 2.1386388252928854,
      "emo": 2.138625144958496,
      "asr": 0.13680334389209747,
      "per": 0.03145260363817215,
      "lambda_emo": 1.0,
      "lambda_asr": 0.0001,
      "lambda_per": 0.0
    },
    {
      "step": 7,
      "total": 1.867300885527581,
      "emo": 1.8672890663146973,
      "asr": 0.11819212883710861,
      "per": 0.03564716875553131,
      "lambda_emo": 1.0,
      "lambda_asr": 0.0001,
      "lambda_per": 0.0
    },
    {
      "step": 8,
      "total": 1.9964512996412813,
      "emo": 1.9964418411254883,
      "asr": 0.09458515793085098,
      "per": 0.02786368876695633,
      "lambda_emo": 1.0,
      "lambda_asr": 0.0001,
      "lambda_per": 0.0
    },
    {
      "step": 9,
      "total": 2.5892876532390714,
      "emo": 2.58927321434021,
      "asr": 0.14438898861408234,
      "per": 0.03230256587266922,
      "lambda_emo": 1.0,
      "lambda_asr": 0.0001,
      "lambda_per": 0.0
    },
    {
      "step": 10,
      "total": 1.8106131377138197,
      "emo": 1.810602068901062,
      "asr": 0.11068812757730484,
      "per": 0.02985311858355999,
      "lambda_emo": 1.0,
      "lambda_asr": 0.0001,
      "lambda_per": 0.0
    },
    {
      "step": 11,
      "total": 2.4741190761469305,
      "emo": 2.4741082191467285,
      "asr": 0.10857000201940536,
      "per": 0.03666391596198082,
      "lambda_emo": 1.0,
      "lambda_asr": 0.0001,
      "lambda_per": 0.0
    },
    {
      "step": 12,
      "total": 1.8573656543049961,
      "emo": 1.857359766960144,
      "asr": 0.05887344852089882,
      "per": 0.03155267983675003,
      "lambda_emo": 1.0,
      "lambda_asr": 0.0001,
      "lambda_per": 0.0
    },
    {
      "step": 13,
      "total": 1.7112824465572833,
      "emo": 1.7112724781036377,
      "asr": 0.09968453645706177,
      "per": 0.029738083481788635,
      "lambda_emo": 1.0,
      "lambda_asr": 0.0001,
      "lambda_per": 0.0
    },
    {
      "step": 14,
      "total": 1.4765335945814848,
      "emo": 1.476525068283081,
      "asr": 0.08526298403739929,
      "per": 0.03056909516453743,
      "lambda_emo": 1.0,
      "lambda_asr": 0.0001,
      "lambda_per": 0.0
    },
    {
      "step": 15,
      "total": 1.3870722337700427,
      "emo": 1.3870654106140137,
      "asr": 0.06823156028985977,
      "per": 0.03363469988107681,
      "lambda_emo": 1.0,
      "lambda_asr": 0.0001,
      "lambda_per": 0.0
    },
    {
      "step": 16,
      "total": 1.5550249784953891,
      "emo": 1.5550159215927124,
      "asr": 0.09056902676820755,
      "per": 0.028387755155563354,
      "lambda_emo": 1.0,
      "lambda_asr": 0.0001,
      "lambda_per": 0.0
    },
    {
      "step": 17,
      "total": 1.3480770867943763,
      "emo": 1.348067283630371,
      "asr": 0.09803164005279541,
      "per": 0.03599921986460686,
      "lambda_emo": 1.0,
      "lambda_asr": 0.0001,
      "lambda_per": 0.0
    },
    {
      "step": 18,
      "total": 1.203180617236346,
      "emo": 1.203171730041504,
      "asr": 0.08887194842100143,
      "per": 0.03310719132423401,
      "lambda_emo": 1.0,
      "lambda_asr": 0.0001,
      "lambda_per": 0.0
    },
    {
      "step": 19,
      "total": 1.1954043388910591,
      "emo": 1.1953961849212646,
      "asr": 0.08153969794511795,
      "per": 0.03126433491706848,
      "lambda_emo": 1.0,
      "lambda_asr": 0.0001,
      "lambda_per": 0.0
    },
    {
      "step": 20,
      "total": 1.239067522759773,
      "emo": 1.2381463050842285,
      "asr": 0.09208191186189651,
      "per": 0.03985569253563881,
      "lambda_emo": 1.0,
      "lambda_asr": 0.01,
      "lambda_per": 1e-05
    },
    {
      "step": 21,
      "total": 1.13960966813948,
      "emo": 1.13878333568573,
      "asr": 0.0825962945818901,
      "per": 0.036950793117284775,
      "lambda_emo": 1.0,
      "lambda_asr": 0.01,
      "lambda_per": 1e-05
    },
    {
      "step": 22,
      "total": 1.0763693677042052,
      "emo": 1.0755360126495361,
      "asr": 0.0833071768283844,
      "per": 0.028328638523817062,
      "lambda_emo": 1.0,
      "lambda_asr": 0.01,
      "lambda_per": 1e-05
    },
    {
      "step": 23,
      "total": 1.0561424300516398,
      "emo": 1.0553817749023438,
      "asr": 0.07602772861719131,
      "per": 0.03778631240129471,