{
  "sample_id": "06495_0008_sad_0008_001085",
  "path": "/data1/lixiang/OpenS2S_dataset/ESD/CN/0008/Sad/0008_001085.wav",
  "speaker_id": "0008",
  "ground_truth_emotion": "sad",
  "target_emotion": "happy",
  "emo_text_clean": [
    "Sad",
    "Neutral",
    "\u8fd9\u6837\u65e0\u8f9c"
  ],
  "emo_text_adv": [
    "Happy",
    "happy",
    "happy"
  ],
  "emo_pred_clean": [
    "sad",
    "neutral",
    ""
  ],
  "emo_pred_adv": [
    "happy",
    "happy",
    "happy"
  ],
  "asr_text_clean": "\u8fd9\u6837\u65e0\u8f9c",
  "asr_text_adv": "\u8fd9\u836f\u6c34\u8ba9\u970d\u5947\u7684\u5bb6\u4eba\u4e0d\u518d\u6cea\u773c\u6c6a\u6c6a\u3002",
  "success_emo": true,
  "wer": 1.0,
  "semantic_sim": 0.20368677377700806,
  "semantic_preserved": false,
  "delta_linf": 0.008000001311302185,
  "delta_l2": 1.1681159734725952,
  "snr_db": 12.951976724835374,
  "grad_norm_trace": [
    737.1436157226562,
    236.83316040039062,
    150.54730224609375,
    470.386962890625,
    137.78115844726562,
    514.6929321289062,
    176.58432006835938,
    371.88677978515625,
    170.0177764892578,
    545.824462890625,
    91.1557388305664,
    183.365234375,
    60.45750427246094,
    88.87317657470703,
    105.77606964111328,
    83.01956939697266,
    73.21914672851562,
    66.00992584228516,
    59.493831634521484,
    75.20572662353516,
    83.28412628173828,
    63.84912872314453,
    37.28249740600586,
    58.57149887084961,
    61.19871520996094,
    78.2315902709961,
    62.117061614990234,
    70.70890808105469,
    56.27622604370117,
    55.47732925415039,
    54.197689056396484,
    41.46845626831055,
    69.73442840576172,
    55.088592529296875,
    44.49020004272461,
    28.297014236450195,
    44.95957565307617,
    77.73006439208984,
    127.72241973876953,
    93.77919006347656,
    41.28968048095703,
    117.90103149414062,
    57.17523193359375,
    77.02619171142578,
    46.66724395751953,
    42.25848388671875,
    77.27037811279297,
    53.47534942626953,
    38.652767181396484,
    22.867460250854492,
    38.88153076171875,
    65.81651306152344,
    24.835790634155273,
    37.4142951965332,
    69.8811264038086,
    71.0853271484375,
    52.21397399902344,
    27.196840286254883,
    25.304588317871094,
    98.7508773803711
  ],
  "loss_trace": [
    {
      "step": 0,
      "total": 8.008972374486923,
      "emo": 8.00891399383545,
      "asr": 0.5838065147399902,
      "per": 0.0,
      "lambda_emo": 1.0,
      "lambda_asr": 0.0001,
      "lambda_per": 0.0
    },
    {
      "step": 1,
      "total": 7.0627276319980625,
      "emo": 7.06268310546875,
      "asr": 0.4452652931213379,
      "per": 0.028902433812618256,
      "lambda_emo": 1.0,
      "lambda_asr": 0.0001,
      "lambda_per": 0.0
    },
    {
      "step": 2,
      "total": 5.569127846634388,
      "emo": 5.569064617156982,
      "asr": 0.632294774055481,
      "per": 0.03461698815226555,
      "lambda_emo": 1.0,
      "lambda_asr": 0.0001,
      "lambda_per": 0.0
    },
    {
      "step": 3,
      "total": 5.506092225241661,
      "emo": 5.505748748779297,
      "asr": 3.4347646236419678,
      "per": 0.03137796372175217,
      "lambda_emo": 1.0,
      "lambda_asr": 0.0001,
      "lambda_per": 0.0
    },
    {
      "step": 4,
      "total": 4.154474622011184,
      "emo": 4.154105186462402,
      "asr": 3.6943554878234863,
      "per": 0.03497099131345749,
      "lambda_emo": 1.0,
      "lambda_asr": 0.0001,
      "lambda_per": 0.0
    },
    {
      "step": 5,
      "total": 5.64199804251194,
      "emo": 5.641726493835449,
      "asr": 2.715486764907837,
      "per": 0.04705965518951416,
      "lambda_emo": 1.0,
      "lambda_asr": 0.0001,
      "lambda_per": 0.0
    },
    {
      "step": 6,
      "total": 5.885866068935394,
      "emo": 5.885618209838867,
      "asr": 2.478590965270996,
      "per": 0.04496840387582779,
      "lambda_emo": 1.0,
      "lambda_asr": 0.0001,
      "lambda_per": 0.0
    },
    {
      "step": 7,
      "total": 6.365792480105162,
      "emo": 6.365694999694824,
      "asr": 0.9748041033744812,
      "per": 0.05451607704162598,
      "lambda_emo": 1.0,
      "lambda_asr": 0.0001,
      "lambda_per": 0.0
    },
    {
      "step": 8,
      "total": 5.237988334345817,
      "emo": 5.2378315925598145,
      "asr": 1.567417860031128,
      "per": 0.059418581426143646,
      "lambda_emo": 1.0,
      "lambda_asr": 0.0001,
      "lambda_per": 0.0
    },
    {
      "step": 9,
      "total": 4.46915425286293,
      "emo": 4.468952178955078,
      "asr": 2.0207390785217285,
      "per": 0.04692552611231804,
      "lambda_emo": 1.0,
      "lambda_asr": 0.0001,
      "lambda_per": 0.0
    },
    {
      "step": 10,
      "total": 4.667581055140495,
      "emo": 4.667430877685547,
      "asr": 1.501774549484253,
      "per": 0.046961426734924316,
      "lambda_emo": 1.0,
      "lambda_asr": 0.0001,
      "lambda_per": 0.0
    },
    {
      "step": 11,
      "total": 5.029506668567658,
      "emo": 5.029019355773926,
      "asr": 4.8731279373168945,
      "per": 0.0556645393371582,
      "lambda_emo": 1.0,
      "lambda_asr": 0.0001,
      "lambda_per": 0.0
    },
    {
      "step": 12,
      "total": 4.342774957275391,
      "emo": 4.341950416564941,
      "asr": 8.245407104492188,
      "per": 0.056458599865436554,
      "lambda_emo": 1.0,
      "lambda_asr": 0.0001,
      "lambda_per": 0.0
    },
    {
      "step": 13,
      "total": 3.7479086092948912,
      "emo": 3.747382879257202,
      "asr": 5.25730037689209,
      "per": 0.05605585500597954,
      "lambda_emo": 1.0,
      "lambda_asr": 0.0001,
      "lambda_per": 0.0
    },
    {
      "step": 14,
      "total": 4.028474364614486,
      "emo": 4.028023719787598,
      "asr": 4.506448268890381,
      "per": 0.0524526946246624,
      "lambda_emo": 1.0,
      "lambda_asr": 0.0001,
      "lambda_per": 0.0
    },
    {
      "step": 15,
      "total": 3.0522720282554627,
      "emo": 3.0517451763153076,
      "asr": 5.268519401550293,
      "per": 0.05598022788763046,
      "lambda_emo": 1.0,
      "lambda_asr": 0.0001,
      "lambda_per": 0.0
    },
    {
      "step": 16,
      "total": 3.300326455974579,
      "emo": 3.2994933128356934,
      "asr": 8.33143138885498,
      "per": 0.05172037333250046,
      "lambda_emo": 1.0,
      "lambda_asr": 0.0001,
      "lambda_per": 0.0
    },
    {
      "step": 17,
      "total": 4.875466668224335,
      "emo": 4.874662399291992,
      "asr": 8.042689323425293,
      "per": 0.057661108672618866,
      "lambda_emo": 1.0,
      "lambda_asr": 0.0001,
      "lambda_per": 0.0
    },
    {
      "step": 18,
      "total": 4.0482464339256286,
      "emo": 4.047456741333008,
      "asr": 7.896925926208496,
      "per": 0.052325692027807236,
      "lambda_emo": 1.0,
      "lambda_asr": 0.0001,
      "lambda_per": 0.0
    },
    {
      "step": 19,
      "total": 3.8876108374595644,
      "emo": 3.8868179321289062,
      "asr": 7.92905330657959,
      "per": 0.041493289172649384,
      "lambda_emo": 1.0,
      "lambda_asr": 0.0001,
      "lambda_per": 0.0
    },
    {
      "step": 20,
      "total": 3.459875930731036,
      "emo": 3.4112746715545654,
      "asr": 4.860086917877197,
      "per": 0.0389997698366642,
      "lambda_emo": 1.0,
      "lambda_asr": 0.01,
      "lambda_per": 1e-05
    },
    {
      "step": 21,
      "total": 3.2318414933956787,
      "emo": 3.1246659755706787,
      "asr": 10.717508316040039,
      "per": 0.04346645995974541,
      "lambda_emo": 1.0,
      "lambda_asr": 0.01,
      "lambda_per": 1e-05
    },
    {
      "step": 22,
      "total": 3.087704382092059,
      "emo": 2.9796054363250732,
      "asr": 10.809854507446289,
      "per": 0.040069252252578735,
      "lambda_emo": 1.0,
      "lambda_asr": 0.01,
      "lambda_per": 1e-05
    },
    {
      "step": 23,
      "total": 2.51458921772521,
      "emo": 2.4084997177124023,
      "asr": 10.608894348144531,
      "per": 0.05565313622355461,
      "lambda_emo": 1.0,