{
  "sample_id": "06510_0008_sad_0008_001393",
  "path": "/data1/lixiang/OpenS2S_dataset/ESD/CN/0008/Sad/0008_001393.wav",
  "speaker_id": "0008",
  "ground_truth_emotion": "sad",
  "target_emotion": "happy",
  "emo_text_clean": [
    "Sad",
    "Sad",
    "\u542c\u8d77\u6765"
  ],
  "emo_text_adv": [
    "happy",
    "happy",
    "happy"
  ],
  "emo_pred_clean": [
    "sad",
    "sad",
    ""
  ],
  "emo_pred_adv": [
    "happy",
    "happy",
    "happy"
  ],
  "asr_text_clean": "\u8bb8\u591a\u767d\u9886",
  "asr_text_adv": "\u8bb8\u591a\u767d\u9886",
  "success_emo": true,
  "wer": 0.0,
  "semantic_sim": 1.0,
  "semantic_preserved": true,
  "delta_linf": 0.008000001311302185,
  "delta_l2": 0.8730675578117371,
  "snr_db": 24.386318882792487,
  "grad_norm_trace": [
    507.1241760253906,
    214.3567657470703,
    88.85818481445312,
    182.1238250732422,
    131.26918029785156,
    123.60749816894531,
    128.1421661376953,
    77.77791595458984,
    57.30487823486328,
    33.09975051879883,
    16.073257446289062,
    17.941144943237305,
    14.334534645080566,
    8.890191078186035,
    10.714612007141113,
    12.518165588378906,
    19.995723724365234,
    14.331439018249512,
    11.90113639831543,
    10.01524829864502,
    10.34616756439209,
    8.191965103149414,
    10.522991180419922,
    8.25093936920166,
    6.7099785804748535,
    14.743200302124023,
    8.33153247833252,
    6.670445919036865,
    5.98099946975708,
    4.7869062423706055,
    4.95478630065918,
    7.443755149841309,
    9.658432960510254,
    7.218068599700928,
    5.002593517303467,
    6.275185585021973,
    4.236666202545166,
    7.571065425872803,
    5.50938606262207,
    5.5826005935668945,
    12.071466445922852,
    4.531680583953857,
    4.659167289733887,
    5.465932846069336,
    6.813368797302246,
    7.915977478027344,
    11.895122528076172,
    9.637419700622559,
    8.523025512695312,
    7.129177570343018,
    6.5911030769348145,
    8.919259071350098,
    5.703614234924316,
    6.70013952255249,
    7.2530927658081055,
    6.997627258300781,
    8.422234535217285,
    7.309730052947998,
    17.347902297973633,
    13.349287033081055
  ],
  "loss_trace": [
    {
      "step": 0,
      "total": 8.721101518531144,
      "emo": 8.721081733703613,
      "asr": 0.19784827530384064,
      "per": 0.0,
      "lambda_emo": 1.0,
      "lambda_asr": 0.0001,
      "lambda_per": 0.0
    },
    {
      "step": 1,
      "total": 8.724886602543295,
      "emo": 8.724871635437012,
      "asr": 0.1496710628271103,
      "per": 0.014276827685534954,
      "lambda_emo": 1.0,
      "lambda_asr": 0.0001,
      "lambda_per": 0.0
    },
    {
      "step": 2,
      "total": 6.461240845167637,
      "emo": 6.461225509643555,
      "asr": 0.15335524082183838,
      "per": 0.01565195620059967,
      "lambda_emo": 1.0,
      "lambda_asr": 0.0001,
      "lambda_per": 0.0
    },
    {
      "step": 3,
      "total": 6.248946696907282,
      "emo": 6.2489118576049805,
      "asr": 0.3483930230140686,
      "per": 0.014817021787166595,
      "lambda_emo": 1.0,
      "lambda_asr": 0.0001,
      "lambda_per": 0.0
    },
    {
      "step": 4,
      "total": 6.376506923365593,
      "emo": 6.376471996307373,
      "asr": 0.3492705821990967,
      "per": 0.017435578629374504,
      "lambda_emo": 1.0,
      "lambda_asr": 0.0001,
      "lambda_per": 0.0
    },
    {
      "step": 5,
      "total": 3.8838181241214276,
      "emo": 3.8837480545043945,
      "asr": 0.7006961703300476,
      "per": 0.0205165334045887,
      "lambda_emo": 1.0,
      "lambda_asr": 0.0001,
      "lambda_per": 0.0
    },
    {
      "step": 6,
      "total": 2.205952225261927,
      "emo": 2.205932140350342,
      "asr": 0.20084911584854126,
      "per": 0.021734995767474174,
      "lambda_emo": 1.0,
      "lambda_asr": 0.0001,
      "lambda_per": 0.0
    },
    {
      "step": 7,
      "total": 1.700013321968913,
      "emo": 1.6999852657318115,
      "asr": 0.2805623710155487,
      "per": 0.020935729146003723,
      "lambda_emo": 1.0,
      "lambda_asr": 0.0001,
      "lambda_per": 0.0
    },
    {
      "step": 8,
      "total": 1.74897907435596,
      "emo": 1.7489560842514038,
      "asr": 0.2299010455608368,
      "per": 0.023033862933516502,
      "lambda_emo": 1.0,
      "lambda_asr": 0.0001,
      "lambda_per": 0.0
    },
    {
      "step": 9,
      "total": 1.1161826091796159,
      "emo": 1.116157054901123,
      "asr": 0.2555427849292755,
      "per": 0.02802855335175991,
      "lambda_emo": 1.0,
      "lambda_asr": 0.0001,
      "lambda_per": 0.0
    },
    {
      "step": 10,
      "total": 0.9542443662464619,
      "emo": 0.9542187452316284,
      "asr": 0.2562101483345032,
      "per": 0.022057469934225082,
      "lambda_emo": 1.0,
      "lambda_asr": 0.0001,
      "lambda_per": 0.0
    },
    {
      "step": 11,
      "total": 0.7740725962877274,
      "emo": 0.7740352153778076,
      "asr": 0.3738090991973877,
      "per": 0.028507066890597343,
      "lambda_emo": 1.0,
      "lambda_asr": 0.0001,
      "lambda_per": 0.0
    },
    {
      "step": 12,
      "total": 0.7719424268171191,
      "emo": 0.771923303604126,
      "asr": 0.1912321299314499,
      "per": 0.02680322341620922,
      "lambda_emo": 1.0,
      "lambda_asr": 0.0001,
      "lambda_per": 0.0
    },
    {
      "step": 13,
      "total": 0.7424670371904969,
      "emo": 0.7424496412277222,
      "asr": 0.1739596277475357,
      "per": 0.02616657316684723,
      "lambda_emo": 1.0,
      "lambda_asr": 0.0001,
      "lambda_per": 0.0
    },
    {
      "step": 14,
      "total": 0.8000341492131352,
      "emo": 0.8000154495239258,
      "asr": 0.18699689209461212,
      "per": 0.02190769836306572,
      "lambda_emo": 1.0,
      "lambda_asr": 0.0001,
      "lambda_per": 0.0
    },
    {
      "step": 15,
      "total": 0.6033767624795436,
      "emo": 0.6033594608306885,
      "asr": 0.1730164885520935,
      "per": 0.03109182044863701,
      "lambda_emo": 1.0,
      "lambda_asr": 0.0001,
      "lambda_per": 0.0
    },
    {
      "step": 16,
      "total": 0.8398777449056506,
      "emo": 0.8398590087890625,
      "asr": 0.18736116588115692,
      "per": 0.02893739566206932,
      "lambda_emo": 1.0,
      "lambda_asr": 0.0001,
      "lambda_per": 0.0
    },
    {
      "step": 17,
      "total": 0.6382990428447723,
      "emo": 0.6382796764373779,
      "asr": 0.1936640739440918,
      "per": 0.025553731247782707,
      "lambda_emo": 1.0,
      "lambda_asr": 0.0001,
      "lambda_per": 0.0
    },
    {
      "step": 18,
      "total": 0.7308011655271053,
      "emo": 0.7307837009429932,
      "asr": 0.17464584112167358,
      "per": 0.026039838790893555,
      "lambda_emo": 1.0,
      "lambda_asr": 0.0001,
      "lambda_per": 0.0
    },
    {
      "step": 19,
      "total": 0.6524716643124818,
      "emo": 0.6524523496627808,
      "asr": 0.1931464970111847,
      "per": 0.02991223707795143,
      "lambda_emo": 1.0,
      "lambda_asr": 0.0001,
      "lambda_per": 0.0
    },
    {
      "step": 20,
      "total": 0.5551616703461111,
      "emo": 0.5530110597610474,
      "asr": 0.21503323316574097,
      "per": 0.027825340628623962,
      "lambda_emo": 1.0,
      "lambda_asr": 0.01,
      "lambda_per": 1e-05
    },
    {
      "step": 21,
      "total": 0.5374241100111231,
      "emo": 0.5354992151260376,
      "asr": 0.19246728718280792,
      "per": 0.022201325744390488,
      "lambda_emo": 1.0,
      "lambda_asr": 0.01,
      "lambda_per": 1e-05
    },
    {
      "step": 22,
      "total": 0.5957853200446814,
      "emo": 0.5932024717330933,
      "asr": 0.25825729966163635,
      "per": 0.027531497180461884,
      "lambda_emo": 1.0,
      "lambda_asr": 0.01,
      "lambda_per": 1e-05
    },
    {
      "step": 23,
      "total": 0.5925502622408233,
      "emo": 0.5904713869094849,
      "asr": 0.20785972476005554,
      "per": 0.027808373793959618,
      "lambda_emo": 1.0,
      "lambda_asr": 0.01,