{
  "sample_id": "06530_0008_sad_0008_001274",
  "path": "/data1/lixiang/OpenS2S_dataset/ESD/CN/0008/Sad/0008_001274.wav",
  "speaker_id": "0008",
  "ground_truth_emotion": "sad",
  "target_emotion": "happy",
  "emo_text_clean": [
    "Sad",
    "Sad",
    "\u542c\u8d77\u6765"
  ],
  "emo_text_adv": [
    "Happy",
    "happy",
    "happy"
  ],
  "emo_pred_clean": [
    "sad",
    "sad",
    ""
  ],
  "emo_pred_adv": [
    "happy",
    "happy",
    "happy"
  ],
  "asr_text_clean": "\u8fd9\u4e2a\u5bf9\u6211\u6765\u8bf4",
  "asr_text_adv": "\u8fd9\u72d7\u5bf9\u6211\u6765\u8bf4",
  "success_emo": true,
  "wer": 1.0,
  "semantic_sim": 0.5905560851097107,
  "semantic_preserved": false,
  "delta_linf": 0.008000001311302185,
  "delta_l2": 1.1764264106750488,
  "snr_db": 20.7715068186959,
  "grad_norm_trace": [
    245.9152069091797,
    139.80813598632812,
    134.21731567382812,
    107.79994201660156,
    132.61886596679688,
    58.20719909667969,
    79.91637420654297,
    80.46626281738281,
    146.4058074951172,
    138.64404296875,
    88.52196502685547,
    45.275787353515625,
    93.43037414550781,
    89.29206085205078,
    277.47308349609375,
    132.6149139404297,
    217.75222778320312,
    127.35826873779297,
    193.4208221435547,
    172.4561309814453,
    171.00515747070312,
    66.49454498291016,
    59.24305725097656,
    192.18601989746094,
    158.09481811523438,
    182.97828674316406,
    105.13703918457031,
    124.51435089111328,
    58.92782211303711,
    40.88465118408203,
    347.43743896484375,
    74.0352783203125,
    48.36943435668945,
    51.28826141357422,
    26.361316680908203,
    27.66331672668457,
    36.19573974609375,
    38.650394439697266,
    100.76524353027344,
    51.28721618652344,
    55.32536315917969,
    39.82090377807617,
    24.582721710205078,
    23.407608032226562,
    58.123863220214844,
    16.249269485473633,
    27.51225471496582,
    20.222116470336914,
    59.09941864013672,
    22.90829086303711,
    41.03634262084961,
    118.94120025634766,
    23.924030303955078,
    23.547069549560547,
    34.08406066894531,
    36.321903228759766,
    20.26026725769043,
    20.364946365356445,
    19.838239669799805,
    20.873891830444336
  ],
  "loss_trace": [
    {
      "step": 0,
      "total": 12.655377466511727,
      "emo": 12.65534782409668,
      "asr": 0.29642415046691895,
      "per": 0.0,
      "lambda_emo": 1.0,
      "lambda_asr": 0.0001,
      "lambda_per": 0.0
    },
    {
      "step": 1,
      "total": 12.539681646937131,
      "emo": 12.539645195007324,
      "asr": 0.36451929807662964,
      "per": 0.009868115186691284,
      "lambda_emo": 1.0,
      "lambda_asr": 0.0001,
      "lambda_per": 0.0
    },
    {
      "step": 2,
      "total": 12.08966793434024,
      "emo": 12.08963680267334,
      "asr": 0.31131666898727417,
      "per": 0.01125337090343237,
      "lambda_emo": 1.0,
      "lambda_asr": 0.0001,
      "lambda_per": 0.0
    },
    {
      "step": 3,
      "total": 10.323946844732761,
      "emo": 10.323909759521484,
      "asr": 0.37085211277008057,
      "per": 0.016195861622691154,
      "lambda_emo": 1.0,
      "lambda_asr": 0.0001,
      "lambda_per": 0.0
    },
    {
      "step": 4,
      "total": 9.918233107337356,
      "emo": 9.918187141418457,
      "asr": 0.4596591889858246,
      "per": 0.01607459783554077,
      "lambda_emo": 1.0,
      "lambda_asr": 0.0001,
      "lambda_per": 0.0
    },
    {
      "step": 5,
      "total": 9.59130792210102,
      "emo": 9.591268539428711,
      "asr": 0.3938267230987549,
      "per": 0.02670159935951233,
      "lambda_emo": 1.0,
      "lambda_asr": 0.0001,
      "lambda_per": 0.0
    },
    {
      "step": 6,
      "total": 9.091637090608478,
      "emo": 9.091594696044922,
      "asr": 0.4239456355571747,
      "per": 0.025037705898284912,
      "lambda_emo": 1.0,
      "lambda_asr": 0.0001,
      "lambda_per": 0.0
    },
    {
      "step": 7,
      "total": 8.273917348724604,
      "emo": 8.273880004882812,
      "asr": 0.37343841791152954,
      "per": 0.025967631489038467,
      "lambda_emo": 1.0,
      "lambda_asr": 0.0001,
      "lambda_per": 0.0
    },
    {
      "step": 8,
      "total": 8.209380789916217,
      "emo": 8.209358215332031,
      "asr": 0.22574584186077118,
      "per": 0.020667381584644318,
      "lambda_emo": 1.0,
      "lambda_asr": 0.0001,
      "lambda_per": 0.0
    },
    {
      "step": 9,
      "total": 7.077368139511347,
      "emo": 7.077321529388428,
      "asr": 0.4661012291908264,
      "per": 0.028983011841773987,
      "lambda_emo": 1.0,
      "lambda_asr": 0.0001,
      "lambda_per": 0.0
    },
    {
      "step": 10,
      "total": 7.084734397828579,
      "emo": 7.084563255310059,
      "asr": 1.7114251852035522,
      "per": 0.03413533419370651,
      "lambda_emo": 1.0,
      "lambda_asr": 0.0001,
      "lambda_per": 0.0
    },
    {
      "step": 11,
      "total": 6.543953259861469,
      "emo": 6.54390287399292,
      "asr": 0.5038586854934692,
      "per": 0.03060372918844223,
      "lambda_emo": 1.0,
      "lambda_asr": 0.0001,
      "lambda_per": 0.0
    },
    {
      "step": 12,
      "total": 6.085492152786255,
      "emo": 6.085427761077881,
      "asr": 0.6439170837402344,
      "per": 0.026247844099998474,
      "lambda_emo": 1.0,
      "lambda_asr": 0.0001,
      "lambda_per": 0.0
    },
    {
      "step": 13,
      "total": 6.232918452644348,
      "emo": 6.232583999633789,
      "asr": 3.3445301055908203,
      "per": 0.029647868126630783,
      "lambda_emo": 1.0,
      "lambda_asr": 0.0001,
      "lambda_per": 0.0
    },
    {
      "step": 14,
      "total": 8.56964244761318,
      "emo": 8.569618225097656,
      "asr": 0.24222515523433685,
      "per": 0.025639843195676804,
      "lambda_emo": 1.0,
      "lambda_asr": 0.0001,
      "lambda_per": 0.0
    },
    {
      "step": 15,
      "total": 7.713375474187732,
      "emo": 7.713326454162598,
      "asr": 0.4902002513408661,
      "per": 0.033092670142650604,
      "lambda_emo": 1.0,
      "lambda_asr": 0.0001,
      "lambda_per": 0.0
    },
    {
      "step": 16,
      "total": 7.300654021859169,
      "emo": 7.300506591796875,
      "asr": 1.4743006229400635,
      "per": 0.029458215460181236,
      "lambda_emo": 1.0,
      "lambda_asr": 0.0001,
      "lambda_per": 0.0
    },
    {
      "step": 17,
      "total": 6.191142532730103,
      "emo": 6.190720558166504,
      "asr": 4.219745635986328,
      "per": 0.034075431525707245,
      "lambda_emo": 1.0,
      "lambda_asr": 0.0001,
      "lambda_per": 0.0
    },
    {
      "step": 18,
      "total": 6.858985358142853,
      "emo": 6.858508110046387,
      "asr": 4.7724809646606445,
      "per": 0.031406961381435394,
      "lambda_emo": 1.0,
      "lambda_asr": 0.0001,
      "lambda_per": 0.0
    },
    {
      "step": 19,
      "total": 7.32188681114316,
      "emo": 7.321856498718262,
      "asr": 0.30312424898147583,
      "per": 0.045537497848272324,
      "lambda_emo": 1.0,
      "lambda_asr": 0.0001,
      "lambda_per": 0.0
    },
    {
      "step": 20,
      "total": 8.13312272989802,
      "emo": 8.127565383911133,
      "asr": 0.5557023882865906,
      "per": 0.03221040219068527,
      "lambda_emo": 1.0,
      "lambda_asr": 0.01,
      "lambda_per": 1e-05
    },
    {
      "step": 21,
      "total": 6.486282145224921,
      "emo": 6.428853988647461,
      "asr": 5.742768287658691,
      "per": 0.04737008735537529,
      "lambda_emo": 1.0,
      "lambda_asr": 0.01,
      "lambda_per": 1e-05
    },
    {
      "step": 22,
      "total": 5.897655318390205,
      "emo": 5.81910514831543,
      "asr": 7.854978084564209,
      "per": 0.03892291337251663,
      "lambda_emo": 1.0,
      "lambda_asr": 0.01,
      "lambda_per": 1e-05
    },
    {
      "step": 23,
      "total": 5.559738793419078,
      "emo": 5.4972147941589355,
      "asr": 6.252364158630371,
      "per": 0.03576738387346268,
      "lambda_emo": 1.0,
      "lambda_asr": 0.01,