{
  "sample_id": "06603_0008_sad_0008_001263",
  "path": "/data1/lixiang/OpenS2S_dataset/ESD/CN/0008/Sad/0008_001263.wav",
  "speaker_id": "0008",
  "ground_truth_emotion": "sad",
  "target_emotion": "happy",
  "emo_text_clean": [
    "Sad",
    "Sad",
    "\u88c1\u5224\u5168\u7ed9\u4e86\u6ee1\u5206"
  ],
  "emo_text_adv": [
    "happy",
    "happy",
    "happy"
  ],
  "emo_pred_clean": [
    "sad",
    "sad",
    ""
  ],
  "emo_pred_adv": [
    "happy",
    "happy",
    "happy"
  ],
  "asr_text_clean": "\u88c1\u5224\u5168\u7ed9\u4e86\u6ee1\u5206",
  "asr_text_adv": "\u88c1\u5224\u5168\u7ed9\u4e86\u6ee1\u5206",
  "success_emo": true,
  "wer": 0.0,
  "semantic_sim": 1.0,
  "semantic_preserved": true,
  "delta_linf": 0.008000001311302185,
  "delta_l2": 1.1037623882293701,
  "snr_db": 20.22495413213874,
  "grad_norm_trace": [
    637.8045654296875,
    408.8810119628906,
    86.05863952636719,
    73.95474243164062,
    59.22969436645508,
    88.60381317138672,
    64.79519653320312,
    140.37490844726562,
    87.12775421142578,
    115.10142517089844,
    38.66901397705078,
    57.07416534423828,
    160.85488891601562,
    122.98831939697266,
    51.62440490722656,
    164.27894592285156,
    56.66785430908203,
    56.612327575683594,
    100.82681274414062,
    144.5447998046875,
    27.162885665893555,
    27.855266571044922,
    116.44060516357422,
    36.158023834228516,
    50.55984115600586,
    21.022109985351562,
    31.339323043823242,
    14.047749519348145,
    63.30219650268555,
    28.841217041015625,
    23.80605697631836,
    14.008833885192871,
    12.240277290344238,
    28.915908813476562,
    28.76513671875,
    18.141714096069336,
    15.034481048583984,
    20.330612182617188,
    11.398967742919922,
    6.8675384521484375,
    14.811676025390625,
    12.997900009155273,
    14.034367561340332,
    47.742698669433594,
    24.34832763671875,
    8.525772094726562,
    5.454180717468262,
    17.52379608154297,
    13.551032066345215,
    7.1281352043151855,
    8.59801197052002,
    5.691673755645752,
    6.052648544311523,
    7.938016414642334,
    9.706259727478027,
    6.8528151512146,
    5.480098247528076,
    5.3368988037109375,
    8.363051414489746,
    6.6053080558776855
  ],
  "loss_trace": [
    {
      "step": 0,
      "total": 8.378507034451514,
      "emo": 8.378500938415527,
      "asr": 0.06096035987138748,
      "per": 0.0,
      "lambda_emo": 1.0,
      "lambda_asr": 0.0001,
      "lambda_per": 0.0
    },
    {
      "step": 1,
      "total": 7.384547855965048,
      "emo": 7.384542465209961,
      "asr": 0.05390755087137222,
      "per": 0.019785499200224876,
      "lambda_emo": 1.0,
      "lambda_asr": 0.0001,
      "lambda_per": 0.0
    },
    {
      "step": 2,
      "total": 5.123707059972361,
      "emo": 5.123701095581055,
      "asr": 0.05964391306042671,
      "per": 0.03143956884741783,
      "lambda_emo": 1.0,
      "lambda_asr": 0.0001,
      "lambda_per": 0.0
    },
    {
      "step": 3,
      "total": 4.372385104292631,
      "emo": 4.372378826141357,
      "asr": 0.06278151273727417,
      "per": 0.027351975440979004,
      "lambda_emo": 1.0,
      "lambda_asr": 0.0001,
      "lambda_per": 0.0
    },
    {
      "step": 4,
      "total": 3.3413807556562127,
      "emo": 3.34137225151062,
      "asr": 0.08504145592451096,
      "per": 0.02808244153857231,
      "lambda_emo": 1.0,
      "lambda_asr": 0.0001,
      "lambda_per": 0.0
    },
    {
      "step": 5,
      "total": 4.813818440297991,
      "emo": 4.813808441162109,
      "asr": 0.09999135881662369,
      "per": 0.03882617503404617,
      "lambda_emo": 1.0,
      "lambda_asr": 0.0001,
      "lambda_per": 0.0
    },
    {
      "step": 6,
      "total": 3.5016083171211183,
      "emo": 3.5016019344329834,
      "asr": 0.06382688134908676,
      "per": 0.031307004392147064,
      "lambda_emo": 1.0,
      "lambda_asr": 0.0001,
      "lambda_per": 0.0
    },
    {
      "step": 7,
      "total": 3.645217933536321,
      "emo": 3.6452102661132812,
      "asr": 0.07667423039674759,
      "per": 0.04182281345129013,
      "lambda_emo": 1.0,
      "lambda_asr": 0.0001,
      "lambda_per": 0.0
    },
    {
      "step": 8,
      "total": 2.7755388571858406,
      "emo": 2.775526523590088,
      "asr": 0.12333595752716064,
      "per": 0.034088194370269775,
      "lambda_emo": 1.0,
      "lambda_asr": 0.0001,
      "lambda_per": 0.0
    },
    {
      "step": 9,
      "total": 4.6055780987359585,
      "emo": 4.605567932128906,
      "asr": 0.10166607052087784,
      "per": 0.034089408814907074,
      "lambda_emo": 1.0,
      "lambda_asr": 0.0001,
      "lambda_per": 0.0
    },
    {
      "step": 10,
      "total": 2.4010047946602104,
      "emo": 2.400998115539551,
      "asr": 0.06679120659828186,
      "per": 0.04020937532186508,
      "lambda_emo": 1.0,
      "lambda_asr": 0.0001,
      "lambda_per": 0.0
    },
    {
      "step": 11,
      "total": 2.234820399916172,
      "emo": 2.234811544418335,
      "asr": 0.0885549783706665,
      "per": 0.03899421915411949,
      "lambda_emo": 1.0,
      "lambda_asr": 0.0001,
      "lambda_per": 0.0
    },
    {
      "step": 12,
      "total": 2.5753917854696513,
      "emo": 2.5753822326660156,
      "asr": 0.09552803635597229,
      "per": 0.04295117408037186,
      "lambda_emo": 1.0,
      "lambda_asr": 0.0001,
      "lambda_per": 0.0
    },
    {
      "step": 13,
      "total": 4.024358640170098,
      "emo": 4.024070739746094,
      "asr": 2.8790042400360107,
      "per": 0.03711451217532158,
      "lambda_emo": 1.0,
      "lambda_asr": 0.0001,
      "lambda_per": 0.0
    },
    {
      "step": 14,
      "total": 2.7598330607004464,
      "emo": 2.7598257064819336,
      "asr": 0.07354218512773514,
      "per": 0.04145001992583275,
      "lambda_emo": 1.0,
      "lambda_asr": 0.0001,
      "lambda_per": 0.0
    },
    {
      "step": 15,
      "total": 2.1872726658552883,
      "emo": 2.187264919281006,
      "asr": 0.07746574282646179,
      "per": 0.04212294518947601,
      "lambda_emo": 1.0,
      "lambda_asr": 0.0001,
      "lambda_per": 0.0
    },
    {
      "step": 16,
      "total": 2.5168866819497198,
      "emo": 2.516881227493286,
      "asr": 0.054544564336538315,
      "per": 0.03592754900455475,
      "lambda_emo": 1.0,
      "lambda_asr": 0.0001,
      "lambda_per": 0.0
    },
    {
      "step": 17,
      "total": 2.3764589611522853,
      "emo": 2.376451015472412,
      "asr": 0.07945679873228073,
      "per": 0.03368183225393295,
      "lambda_emo": 1.0,
      "lambda_asr": 0.0001,
      "lambda_per": 0.0
    },
    {
      "step": 18,
      "total": 2.672718560183048,
      "emo": 2.6726627349853516,
      "asr": 0.5582519769668579,
      "per": 0.03650183230638504,
      "lambda_emo": 1.0,
      "lambda_asr": 0.0001,
      "lambda_per": 0.0
    },
    {
      "step": 19,
      "total": 2.7205372595760973,
      "emo": 2.720531940460205,
      "asr": 0.053191158920526505,
      "per": 0.0441485196352005,
      "lambda_emo": 1.0,
      "lambda_asr": 0.0001,
      "lambda_per": 0.0
    },
    {
      "step": 20,
      "total": 1.9581078984989226,
      "emo": 1.9576117992401123,
      "asr": 0.04957422986626625,
      "per": 0.035696014761924744,
      "lambda_emo": 1.0,
      "lambda_asr": 0.01,
      "lambda_per": 1e-05
    },
    {
      "step": 21,
      "total": 1.70314084098313,
      "emo": 1.7025730609893799,
      "asr": 0.056737273931503296,
      "per": 0.04072544351220131,
      "lambda_emo": 1.0,
      "lambda_asr": 0.01,
      "lambda_per": 1e-05
    },
    {
      "step": 22,
      "total": 1.762043445739895,
      "emo": 1.7616008520126343,
      "asr": 0.04421280324459076,
      "per": 0.04656948149204254,
      "lambda_emo": 1.0,
      "lambda_asr": 0.01,
      "lambda_per": 1e-05
    },
    {
      "step": 23,
      "total": 1.4149871593169494,
      "emo": 1.4145057201385498,
      "asr": 0.048098113387823105,
      "per": 0.045804452151060104,