{
  "sample_id": "06610_0008_sad_0008_001356",
  "path": "/data1/lixiang/OpenS2S_dataset/ESD/CN/0008/Sad/0008_001356.wav",
  "speaker_id": "0008",
  "ground_truth_emotion": "sad",
  "target_emotion": "happy",
  "emo_text_clean": [
    "Sad",
    "Sad",
    "\u542c\u8d77\u6765"
  ],
  "emo_text_adv": [
    "happy",
    "happy",
    "happy"
  ],
  "emo_pred_clean": [
    "sad",
    "sad",
    ""
  ],
  "emo_pred_adv": [
    "happy",
    "happy",
    "happy"
  ],
  "asr_text_clean": "\u6211\u5728\u4e00\u4e2a\u673a\u68b0\u5316",
  "asr_text_adv": "\u6211\u5728\u4e00\u4e2a\u673a\u68b0\u5316",
  "success_emo": true,
  "wer": 0.0,
  "semantic_sim": 1.0,
  "semantic_preserved": true,
  "delta_linf": 0.008000001311302185,
  "delta_l2": 1.13505220413208,
  "snr_db": 23.921630341567965,
  "grad_norm_trace": [
    179.17237854003906,
    591.2284545898438,
    57.120811462402344,
    90.8847427368164,
    76.33308410644531,
    68.92188262939453,
    81.91546630859375,
    33.060943603515625,
    28.726421356201172,
    42.590797424316406,
    85.69788360595703,
    65.11023712158203,
    82.7370376586914,
    124.05603790283203,
    65.84786224365234,
    51.746490478515625,
    48.24482345581055,
    33.20658493041992,
    31.86114501953125,
    63.264427185058594,
    56.01386260986328,
    49.539939880371094,
    35.17502975463867,
    55.16413879394531,
    32.03466033935547,
    32.083656311035156,
    48.46104431152344,
    26.383193969726562,
    24.774259567260742,
    41.194671630859375,
    25.213499069213867,
    69.60015869140625,
    39.23645782470703,
    29.93796157836914,
    18.347841262817383,
    61.27131652832031,
    19.023998260498047,
    28.247329711914062,
    20.2762508392334,
    18.413972854614258,
    59.2806282043457,
    71.34723663330078,
    21.367652893066406,
    19.946029663085938,
    13.43785285949707,
    11.835372924804688,
    16.407344818115234,
    12.499009132385254,
    22.50995635986328,
    15.045906066894531,
    25.465925216674805,
    20.246742248535156,
    22.811080932617188,
    14.272236824035645,
    15.034357070922852,
    15.393413543701172,
    25.707975387573242,
    22.27505111694336,
    23.822433471679688,
    13.556353569030762
  ],
  "loss_trace": [
    {
      "step": 0,
      "total": 11.235425063177944,
      "emo": 11.235392570495605,
      "asr": 0.32492682337760925,
      "per": 0.0,
      "lambda_emo": 1.0,
      "lambda_asr": 0.0001,
      "lambda_per": 0.0
    },
    {
      "step": 1,
      "total": 8.073167178833485,
      "emo": 8.073141098022461,
      "asr": 0.2608081102371216,
      "per": 0.0053668152540922165,
      "lambda_emo": 1.0,
      "lambda_asr": 0.0001,
      "lambda_per": 0.0
    },
    {
      "step": 2,
      "total": 6.454213046172261,
      "emo": 6.454184532165527,
      "asr": 0.2851400673389435,
      "per": 0.026989003643393517,
      "lambda_emo": 1.0,
      "lambda_asr": 0.0001,
      "lambda_per": 0.0
    },
    {
      "step": 3,
      "total": 5.544069737383723,
      "emo": 5.544042587280273,
      "asr": 0.2715010344982147,
      "per": 0.022800318896770477,
      "lambda_emo": 1.0,
      "lambda_asr": 0.0001,
      "lambda_per": 0.0
    },
    {
      "step": 4,
      "total": 5.470123926410079,
      "emo": 5.470094203948975,
      "asr": 0.29722461104393005,
      "per": 0.031943678855895996,
      "lambda_emo": 1.0,
      "lambda_asr": 0.0001,
      "lambda_per": 0.0
    },
    {
      "step": 5,
      "total": 5.237405465805531,
      "emo": 5.2373738288879395,
      "asr": 0.3163691759109497,
      "per": 0.02739556133747101,
      "lambda_emo": 1.0,
      "lambda_asr": 0.0001,
      "lambda_per": 0.0
    },
    {
      "step": 6,
      "total": 4.918646372029185,
      "emo": 4.918618679046631,
      "asr": 0.2769298255443573,
      "per": 0.031519822776317596,
      "lambda_emo": 1.0,
      "lambda_asr": 0.0001,
      "lambda_per": 0.0
    },
    {
      "step": 7,
      "total": 4.372293004587292,
      "emo": 4.372259616851807,
      "asr": 0.3338773548603058,
      "per": 0.02753617614507675,
      "lambda_emo": 1.0,
      "lambda_asr": 0.0001,
      "lambda_per": 0.0
    },
    {
      "step": 8,
      "total": 4.009336627396941,
      "emo": 4.009302139282227,
      "asr": 0.344881147146225,
      "per": 0.026560872793197632,
      "lambda_emo": 1.0,
      "lambda_asr": 0.0001,
      "lambda_per": 0.0
    },
    {
      "step": 9,
      "total": 3.5890285254627465,
      "emo": 3.5889945030212402,
      "asr": 0.34022441506385803,
      "per": 0.02667977288365364,
      "lambda_emo": 1.0,
      "lambda_asr": 0.0001,
      "lambda_per": 0.0
    },
    {
      "step": 10,
      "total": 3.7171005341559646,
      "emo": 3.7170748710632324,
      "asr": 0.25663092732429504,
      "per": 0.032866787165403366,
      "lambda_emo": 1.0,
      "lambda_asr": 0.0001,
      "lambda_per": 0.0
    },
    {
      "step": 11,
      "total": 3.413065055608749,
      "emo": 3.413020610809326,
      "asr": 0.44444799423217773,
      "per": 0.025116538628935814,
      "lambda_emo": 1.0,
      "lambda_asr": 0.0001,
      "lambda_per": 0.0
    },
    {
      "step": 12,
      "total": 3.982652449114621,
      "emo": 3.9826278686523438,
      "asr": 0.24580462276935577,
      "per": 0.025748226791620255,
      "lambda_emo": 1.0,
      "lambda_asr": 0.0001,
      "lambda_per": 0.0
    },
    {
      "step": 13,
      "total": 3.562556084239483,
      "emo": 3.5625197887420654,
      "asr": 0.3629549741744995,
      "per": 0.033231452107429504,
      "lambda_emo": 1.0,
      "lambda_asr": 0.0001,
      "lambda_per": 0.0
    },
    {
      "step": 14,
      "total": 4.232497270980478,
      "emo": 4.232452392578125,
      "asr": 0.4487840235233307,
      "per": 0.02416670136153698,
      "lambda_emo": 1.0,
      "lambda_asr": 0.0001,
      "lambda_per": 0.0
    },
    {
      "step": 15,
      "total": 3.337898173069954,
      "emo": 3.3378570079803467,
      "asr": 0.4116508960723877,
      "per": 0.03095174953341484,
      "lambda_emo": 1.0,
      "lambda_asr": 0.0001,
      "lambda_per": 0.0
    },
    {
      "step": 16,
      "total": 2.999302234831452,
      "emo": 2.999265193939209,
      "asr": 0.37040892243385315,
      "per": 0.030299216508865356,
      "lambda_emo": 1.0,
      "lambda_asr": 0.0001,
      "lambda_per": 0.0
    },
    {
      "step": 17,
      "total": 2.894405885824561,
      "emo": 2.8943777084350586,
      "asr": 0.2817738950252533,
      "per": 0.02703137695789337,
      "lambda_emo": 1.0,
      "lambda_asr": 0.0001,
      "lambda_per": 0.0
    },
    {
      "step": 18,
      "total": 2.5805150480121375,
      "emo": 2.580482244491577,
      "asr": 0.3280352056026459,
      "per": 0.025322619825601578,
      "lambda_emo": 1.0,
      "lambda_asr": 0.0001,
      "lambda_per": 0.0
    },
    {
      "step": 19,
      "total": 2.821315545001626,
      "emo": 2.8212764263153076,
      "asr": 0.3911868631839752,
      "per": 0.02939504012465477,
      "lambda_emo": 1.0,
      "lambda_asr": 0.0001,
      "lambda_per": 0.0
    },
    {
      "step": 20,
      "total": 2.8989689177628604,
      "emo": 2.8960177898406982,
      "asr": 0.295078307390213,
      "per": 0.034484826028347015,
      "lambda_emo": 1.0,
      "lambda_asr": 0.01,
      "lambda_per": 1e-05
    },
    {
      "step": 21,
      "total": 2.7583021770718323,
      "emo": 2.7537789344787598,
      "asr": 0.45229312777519226,
      "per": 0.031131532043218613,
      "lambda_emo": 1.0,
      "lambda_asr": 0.01,
      "lambda_per": 1e-05
    },
    {
      "step": 22,
      "total": 2.2543684790727494,
      "emo": 2.250610828399658,
      "asr": 0.375731498003006,
      "per": 0.03356930613517761,
      "lambda_emo": 1.0,
      "lambda_asr": 0.01,
      "lambda_per": 1e-05
    },
    {
      "step": 23,
      "total": 2.568259079956785,
      "emo": 2.566082000732422,
      "asr": 0.2176731824874878,
      "per": 0.03473994880914688,
      "lambda_emo": 1.0,