{
  "sample_id": "06618_0008_sad_0008_001163",
  "path": "/data1/lixiang/OpenS2S_dataset/ESD/CN/0008/Sad/0008_001163.wav",
  "speaker_id": "0008",
  "ground_truth_emotion": "sad",
  "target_emotion": "happy",
  "emo_text_clean": [
    "Sad",
    "\u542c\u8d77\u6765",
    "\u4f60\u542c\u8d77\u6765"
  ],
  "emo_text_adv": [
    "happy",
    "happy",
    "happy"
  ],
  "emo_pred_clean": [
    "sad",
    "",
    ""
  ],
  "emo_pred_adv": [
    "happy",
    "happy",
    "happy"
  ],
  "asr_text_clean": "\u4f60\u542c\u8d77\u6765",
  "asr_text_adv": "\u739b\u4e3d",
  "success_emo": true,
  "wer": 1.0,
  "semantic_sim": 0.35507774353027344,
  "semantic_preserved": false,
  "delta_linf": 0.008000001311302185,
  "delta_l2": 1.1699038743972778,
  "snr_db": 16.997316744843367,
  "grad_norm_trace": [
    529.1845703125,
    105.88661193847656,
    204.64906311035156,
    336.4326477050781,
    129.27896118164062,
    70.69645690917969,
    69.70172882080078,
    55.71942901611328,
    31.59001922607422,
    41.047672271728516,
    36.03162384033203,
    28.974246978759766,
    32.90059280395508,
    35.430564880371094,
    34.36211395263672,
    20.67351531982422,
    31.004192352294922,
    29.13412094116211,
    24.74254608154297,
    28.20583152770996,
    35.63966751098633,
    29.057313919067383,
    24.846588134765625,
    16.915977478027344,
    26.886825561523438,
    25.564193725585938,
    41.64128875732422,
    19.53932762145996,
    28.05333137512207,
    31.02882957458496,
    31.450668334960938,
    17.152952194213867,
    16.343122482299805,
    25.51032066345215,
    34.661041259765625,
    28.040283203125,
    29.754594802856445,
    11.232159614562988,
    10.446314811706543,
    17.520736694335938,
    17.55927276611328,
    16.643810272216797,
    11.828773498535156,
    13.588603973388672,
    16.114988327026367,
    26.516149520874023,
    44.798065185546875,
    59.40974044799805,
    16.26961898803711,
    41.571170806884766,
    12.798588752746582,
    11.224308013916016,
    10.319040298461914,
    11.536386489868164,
    8.710408210754395,
    9.126232147216797,
    13.151854515075684,
    27.425315856933594,
    15.102198600769043,
    7.421248912811279
  ],
  "loss_trace": [
    {
      "step": 0,
      "total": 10.223955024188758,
      "emo": 10.223897933959961,
      "asr": 0.5709022879600525,
      "per": 0.0,
      "lambda_emo": 1.0,
      "lambda_asr": 0.0001,
      "lambda_per": 0.0
    },
    {
      "step": 1,
      "total": 7.8768984873533245,
      "emo": 7.876582145690918,
      "asr": 3.163416624069214,
      "per": 0.012708138674497604,
      "lambda_emo": 1.0,
      "lambda_asr": 0.0001,
      "lambda_per": 0.0
    },
    {
      "step": 2,
      "total": 7.232137207937241,
      "emo": 7.231853485107422,
      "asr": 2.837228298187256,
      "per": 0.013697314076125622,
      "lambda_emo": 1.0,
      "lambda_asr": 0.0001,
      "lambda_per": 0.0
    },
    {
      "step": 3,
      "total": 6.577041857290268,
      "emo": 6.57691764831543,
      "asr": 1.2420897483825684,
      "per": 0.02761232480406761,
      "lambda_emo": 1.0,
      "lambda_asr": 0.0001,
      "lambda_per": 0.0
    },
    {
      "step": 4,
      "total": 4.572777065467834,
      "emo": 4.572370529174805,
      "asr": 4.065362930297852,
      "per": 0.042466919869184494,
      "lambda_emo": 1.0,
      "lambda_asr": 0.0001,
      "lambda_per": 0.0
    },
    {
      "step": 5,
      "total": 2.761354310297966,
      "emo": 2.760974884033203,
      "asr": 3.794262647628784,
      "per": 0.03173677623271942,
      "lambda_emo": 1.0,
      "lambda_asr": 0.0001,
      "lambda_per": 0.0
    },
    {
      "step": 6,
      "total": 2.371507721328735,
      "emo": 2.371077537536621,
      "asr": 4.301837921142578,
      "per": 0.044124405831098557,
      "lambda_emo": 1.0,
      "lambda_asr": 0.0001,
      "lambda_per": 0.0
    },
    {
      "step": 7,
      "total": 2.4294426706314085,
      "emo": 2.4290051460266113,
      "asr": 4.375246047973633,
      "per": 0.035337772220373154,
      "lambda_emo": 1.0,
      "lambda_asr": 0.0001,
      "lambda_per": 0.0
    },
    {
      "step": 8,
      "total": 1.8777744557380676,
      "emo": 1.8772850036621094,
      "asr": 4.8945207595825195,
      "per": 0.04074139520525932,
      "lambda_emo": 1.0,
      "lambda_asr": 0.0001,
      "lambda_per": 0.0
    },
    {
      "step": 9,
      "total": 1.7785706717014313,
      "emo": 1.7780970335006714,
      "asr": 4.736382007598877,
      "per": 0.03332248330116272,
      "lambda_emo": 1.0,
      "lambda_asr": 0.0001,
      "lambda_per": 0.0
    },
    {
      "step": 10,
      "total": 1.5890346514225007,
      "emo": 1.5885562896728516,
      "asr": 4.7836174964904785,
      "per": 0.03879109025001526,
      "lambda_emo": 1.0,
      "lambda_asr": 0.0001,
      "lambda_per": 0.0
    },
    {
      "step": 11,
      "total": 1.7119619229316712,
      "emo": 1.7114739418029785,
      "asr": 4.8798112869262695,
      "per": 0.03533753380179405,
      "lambda_emo": 1.0,
      "lambda_asr": 0.0001,
      "lambda_per": 0.0
    },
    {
      "step": 12,
      "total": 1.6285006623268128,
      "emo": 1.6279945373535156,
      "asr": 5.061249732971191,
      "per": 0.043115463107824326,
      "lambda_emo": 1.0,
      "lambda_asr": 0.0001,
      "lambda_per": 0.0
    },
    {
      "step": 13,
      "total": 1.4923532519340514,
      "emo": 1.4918386936187744,
      "asr": 5.145583152770996,
      "per": 0.045029088854789734,
      "lambda_emo": 1.0,
      "lambda_asr": 0.0001,
      "lambda_per": 0.0
    },
    {
      "step": 14,
      "total": 1.4591211208820343,
      "emo": 1.458648920059204,
      "asr": 4.722008228302002,
      "per": 0.04361922666430473,
      "lambda_emo": 1.0,
      "lambda_asr": 0.0001,
      "lambda_per": 0.0
    },
    {
      "step": 15,
      "total": 1.5697211901664734,
      "emo": 1.5692390203475952,
      "asr": 4.821698188781738,
      "per": 0.0461139902472496,
      "lambda_emo": 1.0,
      "lambda_asr": 0.0001,
      "lambda_per": 0.0
    },
    {
      "step": 16,
      "total": 1.461840849018097,
      "emo": 1.461369276046753,
      "asr": 4.715729713439941,
      "per": 0.044457316398620605,
      "lambda_emo": 1.0,
      "lambda_asr": 0.0001,
      "lambda_per": 0.0
    },
    {
      "step": 17,
      "total": 1.3647448307037353,
      "emo": 1.364260196685791,
      "asr": 4.846340179443359,
      "per": 0.033942811191082,
      "lambda_emo": 1.0,
      "lambda_asr": 0.0001,
      "lambda_per": 0.0
    },
    {
      "step": 18,
      "total": 1.2451557864665985,
      "emo": 1.2446602582931519,
      "asr": 4.955281734466553,
      "per": 0.03992123156785965,
      "lambda_emo": 1.0,
      "lambda_asr": 0.0001,
      "lambda_per": 0.0
    },
    {
      "step": 19,
      "total": 1.1947255390167237,
      "emo": 1.1942481994628906,
      "asr": 4.773395538330078,
      "per": 0.038018107414245605,
      "lambda_emo": 1.0,
      "lambda_asr": 0.0001,
      "lambda_per": 0.0
    },
    {
      "step": 20,
      "total": 1.1936939926656336,
      "emo": 1.1434392929077148,
      "asr": 5.0254316329956055,
      "per": 0.03834279626607895,
      "lambda_emo": 1.0,
      "lambda_asr": 0.01,
      "lambda_per": 1e-05
    },
    {
      "step": 21,
      "total": 1.242761362017952,
      "emo": 1.1987545490264893,
      "asr": 4.400642395019531,
      "per": 0.03890412673354149,
      "lambda_emo": 1.0,
      "lambda_asr": 0.01,
      "lambda_per": 1e-05
    },
    {
      "step": 22,
      "total": 0.9791598196784779,
      "emo": 0.9344274401664734,
      "asr": 4.473204135894775,
      "per": 0.033815305680036545,
      "lambda_emo": 1.0,
      "lambda_asr": 0.01,
      "lambda_per": 1e-05
    },
    {
      "step": 23,
      "total": 1.0976594478908182,
      "emo": 1.0550148487091064,
      "asr": 4.26442813873291,
      "per": 0.03177943825721741,
      "lambda_emo": 1.0,
      "lambda_asr": 0.01,