{
  "sample_id": "06628_0008_sad_0008_001314",
  "path": "/data1/lixiang/OpenS2S_dataset/ESD/CN/0008/Sad/0008_001314.wav",
  "speaker_id": "0008",
  "ground_truth_emotion": "sad",
  "target_emotion": "happy",
  "emo_text_clean": [
    "Sad",
    "Sad",
    "\u542c\u8d77\u6765"
  ],
  "emo_text_adv": [
    "happy",
    "happy",
    "happy"
  ],
  "emo_pred_clean": [
    "sad",
    "sad",
    ""
  ],
  "emo_pred_adv": [
    "happy",
    "happy",
    "happy"
  ],
  "asr_text_clean": "\u542c\u8d77\u6765",
  "asr_text_adv": "\u542c\u8d77\u6765",
  "success_emo": true,
  "wer": 0.0,
  "semantic_sim": 1.0,
  "semantic_preserved": true,
  "delta_linf": 0.008000001311302185,
  "delta_l2": 1.0911706686019897,
  "snr_db": 19.332984600846203,
  "grad_norm_trace": [
    537.24755859375,
    432.3852233886719,
    166.18328857421875,
    61.046234130859375,
    63.246524810791016,
    37.30223083496094,
    161.145751953125,
    72.0415267944336,
    210.1905975341797,
    32.20854187011719,
    39.55165100097656,
    44.409454345703125,
    108.86639404296875,
    48.60810852050781,
    30.451610565185547,
    31.8767147064209,
    20.103593826293945,
    18.877233505249023,
    17.614547729492188,
    28.787017822265625,
    46.0883903503418,
    51.97153091430664,
    33.17462158203125,
    32.21795654296875,
    154.4803924560547,
    65.7285385131836,
    55.82814025878906,
    52.11251449584961,
    58.71624755859375,
    57.028106689453125,
    19.17160987854004,
    25.082597732543945,
    112.04375457763672,
    46.80278396606445,
    18.98430061340332,
    23.846126556396484,
    23.381710052490234,
    23.24551773071289,
    16.14703941345215,
    23.752952575683594,
    20.66748809814453,
    34.27458953857422,
    14.375975608825684,
    14.386497497558594,
    11.731328010559082,
    12.484944343566895,
    16.644821166992188,
    19.06796646118164,
    13.378819465637207,
    29.190322875976562,
    18.99165916442871,
    13.475385665893555,
    30.6935977935791,
    10.464913368225098,
    25.375768661499023,
    15.123198509216309,
    20.215944290161133,
    12.638914108276367,
    33.18525314331055,
    11.13049030303955
  ],
  "loss_trace": [
    {
      "step": 0,
      "total": 9.570335880774259,
      "emo": 9.570322036743164,
      "asr": 0.1384403109550476,
      "per": 0.0,
      "lambda_emo": 1.0,
      "lambda_asr": 0.0001,
      "lambda_per": 0.0
    },
    {
      "step": 1,
      "total": 9.205633620474488,
      "emo": 9.205621719360352,
      "asr": 0.11901114135980606,
      "per": 0.0221644826233387,
      "lambda_emo": 1.0,
      "lambda_asr": 0.0001,
      "lambda_per": 0.0
    },
    {
      "step": 2,
      "total": 6.975490557342768,
      "emo": 6.97546911239624,
      "asr": 0.2144494652748108,
      "per": 0.03440684825181961,
      "lambda_emo": 1.0,
      "lambda_asr": 0.0001,
      "lambda_per": 0.0
    },
    {
      "step": 3,
      "total": 3.9984862962991,
      "emo": 3.998471975326538,
      "asr": 0.14320972561836243,
      "per": 0.027002712711691856,
      "lambda_emo": 1.0,
      "lambda_asr": 0.0001,
      "lambda_per": 0.0
    },
    {
      "step": 4,
      "total": 3.649888372784853,
      "emo": 3.649855375289917,
      "asr": 0.3299749493598938,
      "per": 0.033336520195007324,
      "lambda_emo": 1.0,
      "lambda_asr": 0.0001,
      "lambda_per": 0.0
    },
    {
      "step": 5,
      "total": 2.7645946284428238,
      "emo": 2.7645740509033203,
      "asr": 0.2057753950357437,
      "per": 0.038233641535043716,
      "lambda_emo": 1.0,
      "lambda_asr": 0.0001,
      "lambda_per": 0.0
    },
    {
      "step": 6,
      "total": 3.1019678786575793,
      "emo": 3.101933479309082,
      "asr": 0.34399348497390747,
      "per": 0.02913704141974449,
      "lambda_emo": 1.0,
      "lambda_asr": 0.0001,
      "lambda_per": 0.0
    },
    {
      "step": 7,
      "total": 3.738405253225565,
      "emo": 3.738373279571533,
      "asr": 0.3197365403175354,
      "per": 0.033601775765419006,
      "lambda_emo": 1.0,
      "lambda_asr": 0.0001,
      "lambda_per": 0.0
    },
    {
      "step": 8,
      "total": 3.1925604966670273,
      "emo": 3.1925313472747803,
      "asr": 0.2914939224720001,
      "per": 0.037223272025585175,
      "lambda_emo": 1.0,
      "lambda_asr": 0.0001,
      "lambda_per": 0.0
    },
    {
      "step": 9,
      "total": 2.6634507890641688,
      "emo": 2.663424491882324,
      "asr": 0.26297181844711304,
      "per": 0.03660168498754501,
      "lambda_emo": 1.0,
      "lambda_asr": 0.0001,
      "lambda_per": 0.0
    },
    {
      "step": 10,
      "total": 2.5424945016503333,
      "emo": 2.5424575805664062,
      "asr": 0.3692108392715454,
      "per": 0.04173474758863449,
      "lambda_emo": 1.0,
      "lambda_asr": 0.0001,
      "lambda_per": 0.0
    },
    {
      "step": 11,
      "total": 2.721920954057574,
      "emo": 2.721892833709717,
      "asr": 0.2812034785747528,
      "per": 0.03284299746155739,
      "lambda_emo": 1.0,
      "lambda_asr": 0.0001,
      "lambda_per": 0.0
    },
    {
      "step": 12,
      "total": 2.719356017810106,
      "emo": 2.719329595565796,
      "asr": 0.2642224431037903,
      "per": 0.04199884831905365,
      "lambda_emo": 1.0,
      "lambda_asr": 0.0001,
      "lambda_per": 0.0
    },
    {
      "step": 13,
      "total": 2.5106348005525767,
      "emo": 2.5106253623962402,
      "asr": 0.09438156336545944,
      "per": 0.03006894886493683,
      "lambda_emo": 1.0,
      "lambda_asr": 0.0001,
      "lambda_per": 0.0
    },
    {
      "step": 14,
      "total": 2.1536218768805266,
      "emo": 2.1535940170288086,
      "asr": 0.27859851717948914,
      "per": 0.032332077622413635,
      "lambda_emo": 1.0,
      "lambda_asr": 0.0001,
      "lambda_per": 0.0
    },
    {
      "step": 15,
      "total": 2.2596626074165105,
      "emo": 2.259641647338867,
      "asr": 0.2096007764339447,
      "per": 0.040730416774749756,
      "lambda_emo": 1.0,
      "lambda_asr": 0.0001,
      "lambda_per": 0.0
    },
    {
      "step": 16,
      "total": 1.8632091000109912,
      "emo": 1.863194227218628,
      "asr": 0.1487279236316681,
      "per": 0.0354338213801384,
      "lambda_emo": 1.0,
      "lambda_asr": 0.0001,
      "lambda_per": 0.0
    },
    {
      "step": 17,
      "total": 1.7640276362597942,
      "emo": 1.7639915943145752,
      "asr": 0.36041945219039917,
      "per": 0.031116783618927002,
      "lambda_emo": 1.0,
      "lambda_asr": 0.0001,
      "lambda_per": 0.0
    },
    {
      "step": 18,
      "total": 1.8055947558358312,
      "emo": 1.8055810928344727,
      "asr": 0.13663001358509064,
      "per": 0.032059043645858765,
      "lambda_emo": 1.0,
      "lambda_asr": 0.0001,
      "lambda_per": 0.0
    },
    {
      "step": 19,
      "total": 2.1904957510903476,
      "emo": 2.190483570098877,
      "asr": 0.12180991470813751,
      "per": 0.031314507126808167,
      "lambda_emo": 1.0,
      "lambda_asr": 0.0001,
      "lambda_per": 0.0
    },
    {
      "step": 20,
      "total": 1.6955016036307813,
      "emo": 1.69232976436615,
      "asr": 0.31714513897895813,
      "per": 0.03878748416900635,
      "lambda_emo": 1.0,
      "lambda_asr": 0.01,
      "lambda_per": 1e-05
    },
    {
      "step": 21,
      "total": 1.4666655610196107,
      "emo": 1.4583864212036133,
      "asr": 0.827884316444397,
      "per": 0.029665155336260796,
      "lambda_emo": 1.0,
      "lambda_asr": 0.01,
      "lambda_per": 1e-05
    },
    {
      "step": 22,
      "total": 2.052710785418041,
      "emo": 2.051135778427124,
      "asr": 0.157464861869812,
      "per": 0.03583722189068794,
      "lambda_emo": 1.0,
      "lambda_asr": 0.01,
      "lambda_per": 1e-05
    },
    {
      "step": 23,
      "total": 1.86312579338219,
      "emo": 1.8607648611068726,
      "asr": 0.23605790734291077,
      "per": 0.03532018885016441,
      "lambda_emo": 1.0,
      "lambda_asr": 0.01,