{
  "sample_id": "06645_0008_sad_0008_001069",
  "path": "/data1/lixiang/OpenS2S_dataset/ESD/CN/0008/Sad/0008_001069.wav",
  "speaker_id": "0008",
  "ground_truth_emotion": "sad",
  "target_emotion": "happy",
  "emo_text_clean": [
    "Sad",
    "Sad",
    "\u6211\u5728\u8fd9\u91cc\u966a\u7740"
  ],
  "emo_text_adv": [
    "Happy",
    "happy",
    "happy"
  ],
  "emo_pred_clean": [
    "sad",
    "sad",
    ""
  ],
  "emo_pred_adv": [
    "happy",
    "happy",
    "happy"
  ],
  "asr_text_clean": "\u6211\u5728\u8fd9\u91cc\u5462\uff0c\u522b\u62c5\u5fc3\u3002",
  "asr_text_adv": "\u7136\u540e\u53c8\u5bfb\u89c5",
  "success_emo": true,
  "wer": 1.0,
  "semantic_sim": 0.30000677704811096,
  "semantic_preserved": false,
  "delta_linf": 0.008000001311302185,
  "delta_l2": 1.2706831693649292,
  "snr_db": 8.33682660028407,
  "grad_norm_trace": [
    1250.6031494140625,
    201.1710662841797,
    131.51425170898438,
    99.11949157714844,
    77.07759094238281,
    146.24452209472656,
    126.24484252929688,
    128.90708923339844,
    91.19275665283203,
    117.70885467529297,
    141.96841430664062,
    116.3490219116211,
    71.84384155273438,
    176.69667053222656,
    153.9898223876953,
    58.19680404663086,
    164.2913055419922,
    55.152809143066406,
    118.00846099853516,
    66.06647491455078,
    92.79727172851562,
    62.69206237792969,
    96.76729583740234,
    43.05537033081055,
    71.15132904052734,
    43.28263854980469,
    57.198246002197266,
    79.23112487792969,
    74.40625,
    58.24871063232422,
    179.7240753173828,
    83.38081359863281,
    96.0736312866211,
    349.0159606933594,
    167.86976623535156,
    68.4502944946289,
    75.2157211303711,
    80.86546325683594,
    94.94146728515625,
    91.28269958496094,
    80.5811538696289,
    75.6906509399414,
    405.9332275390625,
    179.81982421875,
    129.32510375976562,
    58.094669342041016,
    63.92888641357422,
    60.911109924316406,
    42.25786590576172,
    175.412109375,
    88.39037322998047,
    49.48947525024414,
    83.38720703125,
    42.427947998046875,
    90.6070785522461,
    46.313724517822266,
    27.082433700561523,
    39.81807327270508,
    39.46547317504883,
    19.258419036865234
  ],
  "loss_trace": [
    {
      "step": 0,
      "total": 10.120340434646607,
      "emo": 10.1202974319458,
      "asr": 0.4300270080566406,
      "per": 0.0,
      "lambda_emo": 1.0,
      "lambda_asr": 0.0001,
      "lambda_per": 0.0
    },
    {
      "step": 1,
      "total": 7.638017511242628,
      "emo": 7.637931823730469,
      "asr": 0.8568751215934753,
      "per": 0.044527895748615265,
      "lambda_emo": 1.0,
      "lambda_asr": 0.0001,
      "lambda_per": 0.0
    },
    {
      "step": 2,
      "total": 5.672564475405216,
      "emo": 5.672410488128662,
      "asr": 1.5398727655410767,
      "per": 0.051096707582473755,
      "lambda_emo": 1.0,
      "lambda_asr": 0.0001,
      "lambda_per": 0.0
    },
    {
      "step": 3,
      "total": 5.951055216801167,
      "emo": 5.950929164886475,
      "asr": 1.2605191469192505,
      "per": 0.04581202194094658,
      "lambda_emo": 1.0,
      "lambda_asr": 0.0001,
      "lambda_per": 0.0
    },
    {
      "step": 4,
      "total": 6.0577484105229376,
      "emo": 6.057639122009277,
      "asr": 1.092885136604309,
      "per": 0.045743465423583984,
      "lambda_emo": 1.0,
      "lambda_asr": 0.0001,
      "lambda_per": 0.0
    },
    {
      "step": 5,
      "total": 5.3457289214253425,
      "emo": 5.3455915451049805,
      "asr": 1.3737632036209106,
      "per": 0.03631668910384178,
      "lambda_emo": 1.0,
      "lambda_asr": 0.0001,
      "lambda_per": 0.0
    },
    {
      "step": 6,
      "total": 5.952431789815426,
      "emo": 5.9522809982299805,
      "asr": 1.5079158544540405,
      "per": 0.049233268946409225,
      "lambda_emo": 1.0,
      "lambda_asr": 0.0001,
      "lambda_per": 0.0
    },
    {
      "step": 7,
      "total": 5.557640221059322,
      "emo": 5.557464122772217,
      "asr": 1.760982871055603,
      "per": 0.042917992919683456,
      "lambda_emo": 1.0,
      "lambda_asr": 0.0001,
      "lambda_per": 0.0
    },
    {
      "step": 8,
      "total": 6.068748921811581,
      "emo": 6.068567276000977,
      "asr": 1.8164581060409546,
      "per": 0.05422862991690636,
      "lambda_emo": 1.0,
      "lambda_asr": 0.0001,
      "lambda_per": 0.0
    },
    {
      "step": 9,
      "total": 5.9669546320080755,
      "emo": 5.966773986816406,
      "asr": 1.8064519166946411,
      "per": 0.04542064666748047,
      "lambda_emo": 1.0,
      "lambda_asr": 0.0001,
      "lambda_per": 0.0
    },
    {
      "step": 10,
      "total": 6.022931541776657,
      "emo": 6.0227251052856445,
      "asr": 2.0643649101257324,
      "per": 0.040731266140937805,
      "lambda_emo": 1.0,
      "lambda_asr": 0.0001,
      "lambda_per": 0.0
    },
    {
      "step": 11,
      "total": 4.339619841122627,
      "emo": 4.339391708374023,
      "asr": 2.281327486038208,
      "per": 0.04595206677913666,
      "lambda_emo": 1.0,
      "lambda_asr": 0.0001,
      "lambda_per": 0.0
    },
    {
      "step": 12,
      "total": 4.815599559378624,
      "emo": 4.815398216247559,
      "asr": 2.0134313106536865,
      "per": 0.05255359411239624,
      "lambda_emo": 1.0,
      "lambda_asr": 0.0001,
      "lambda_per": 0.0
    },
    {
      "step": 13,
      "total": 4.299018720602989,
      "emo": 4.298831939697266,
      "asr": 1.8678090572357178,
      "per": 0.04117770865559578,
      "lambda_emo": 1.0,
      "lambda_asr": 0.0001,
      "lambda_per": 0.0
    },
    {
      "step": 14,
      "total": 5.422821036982536,
      "emo": 5.422548294067383,
      "asr": 2.727429151535034,
      "per": 0.04705081507563591,
      "lambda_emo": 1.0,
      "lambda_asr": 0.0001,
      "lambda_per": 0.0
    },
    {
      "step": 15,
      "total": 4.982587353515625,
      "emo": 4.982454299926758,
      "asr": 1.330535888671875,
      "per": 0.05512819439172745,
      "lambda_emo": 1.0,
      "lambda_asr": 0.0001,
      "lambda_per": 0.0
    },
    {
      "step": 16,
      "total": 4.871855707478523,
      "emo": 4.871720314025879,
      "asr": 1.3539345264434814,
      "per": 0.04427386447787285,
      "lambda_emo": 1.0,
      "lambda_asr": 0.0001,
      "lambda_per": 0.0
    },
    {
      "step": 17,
      "total": 4.232985386586189,
      "emo": 4.232794761657715,
      "asr": 1.9062492847442627,
      "per": 0.04983391985297203,
      "lambda_emo": 1.0,
      "lambda_asr": 0.0001,
      "lambda_per": 0.0
    },
    {
      "step": 18,
      "total": 3.6079191762208938,
      "emo": 3.6077077388763428,
      "asr": 2.1143734455108643,
      "per": 0.03935481980443001,
      "lambda_emo": 1.0,
      "lambda_asr": 0.0001,
      "lambda_per": 0.0
    },
    {
      "step": 19,
      "total": 3.737238365793228,
      "emo": 3.737027645111084,
      "asr": 2.1072068214416504,
      "per": 0.04375183582305908,
      "lambda_emo": 1.0,
      "lambda_asr": 0.0001,
      "lambda_per": 0.0
    },
    {
      "step": 20,
      "total": 3.5436326181842017,
      "emo": 3.525240659713745,
      "asr": 1.8391531705856323,
      "per": 0.04267645999789238,
      "lambda_emo": 1.0,
      "lambda_asr": 0.01,
      "lambda_per": 1e-05
    },
    {
      "step": 21,
      "total": 3.368299142248034,
      "emo": 3.347693920135498,
      "asr": 2.060471534729004,
      "per": 0.05067652463912964,
      "lambda_emo": 1.0,
      "lambda_asr": 0.01,
      "lambda_per": 1e-05
    },
    {
      "step": 22,
      "total": 3.381560975929163,
      "emo": 3.3629908561706543,
      "asr": 1.856972098350525,
      "per": 0.039877500385046005,
      "lambda_emo": 1.0,
      "lambda_asr": 0.01,
      "lambda_per": 1e-05
    },
    {
      "step": 23,
      "total": 2.6354027977128327,
      "emo": 2.615201473236084,
      "asr": 2.0200774669647217,
      "per": 0.05498071014881134,
      "lambda_emo": 1.0,
      "lambda_asr": 0.01,