{
  "sample_id": "06810_0008_surprise_0008_001743",
  "path": "/data1/lixiang/OpenS2S_dataset/ESD/CN/0008/Surprise/0008_001743.wav",
  "speaker_id": "0008",
  "ground_truth_emotion": "surprise",
  "target_emotion": "happy",
  "emo_text_clean": [
    "Surprise.",
    "Surprise.",
    "\u54c7\uff0c\u6ca1\u60f3\u5230\u8fd9\u4e48\u591a\u767d\u9886"
  ],
  "emo_text_adv": [
    "happy",
    "happy",
    "happy"
  ],
  "emo_pred_clean": [
    "surprise",
    "surprise",
    ""
  ],
  "emo_pred_adv": [
    "happy",
    "happy",
    "happy"
  ],
  "asr_text_clean": "\u8bb8\u591a\u767d\u9886",
  "asr_text_adv": "\u8bb8\u591a\u767d\u9886",
  "success_emo": true,
  "wer": 0.0,
  "semantic_sim": 1.0,
  "semantic_preserved": true,
  "delta_linf": 0.008000001311302185,
  "delta_l2": 0.865498423576355,
  "snr_db": 28.5255398785769,
  "grad_norm_trace": [
    103.13995361328125,
    248.97828674316406,
    526.6021118164062,
    183.38821411132812,
    60.504547119140625,
    38.29128646850586,
    97.57681274414062,
    31.39753532409668,
    26.3983097076416,
    19.247241973876953,
    40.32110595703125,
    21.023555755615234,
    19.253408432006836,
    14.87471866607666,
    13.907371520996094,
    13.560661315917969,
    13.586380958557129,
    9.470832824707031,
    39.64623260498047,
    27.004291534423828,
    16.943769454956055,
    12.50285530090332,
    9.884980201721191,
    11.704960823059082,
    10.132682800292969,
    7.284598350524902,
    7.75972318649292,
    8.045318603515625,
    11.893455505371094,
    12.686789512634277,
    10.241786003112793,
    11.919197082519531,
    9.312593460083008,
    13.338509559631348,
    8.231062889099121,
    10.765087127685547,
    10.651946067810059,
    7.641895294189453,
    8.927726745605469,
    8.302136421203613,
    13.464701652526855,
    7.482725143432617,
    8.258458137512207,
    11.440238952636719,
    12.305739402770996,
    7.8467912673950195,
    7.7229838371276855,
    8.81124210357666,
    8.16122055053711,
    7.985761642456055,
    8.082691192626953,
    15.783129692077637,
    13.757356643676758,
    17.48819351196289,
    11.183265686035156,
    12.922006607055664,
    9.375469207763672,
    7.1669440269470215,
    7.532777786254883,
    21.178438186645508
  ],
  "loss_trace": [
    {
      "step": 0,
      "total": 13.587344120171666,
      "emo": 13.587297439575195,
      "asr": 0.46680596470832825,
      "per": 0.0,
      "lambda_emo": 1.0,
      "lambda_asr": 0.0001,
      "lambda_per": 0.0
    },
    {
      "step": 1,
      "total": 11.488179620155693,
      "emo": 11.488143920898438,
      "asr": 0.35699257254600525,
      "per": 0.005327767692506313,
      "lambda_emo": 1.0,
      "lambda_asr": 0.0001,
      "lambda_per": 0.0
    },
    {
      "step": 2,
      "total": 11.19607619869709,
      "emo": 11.196054458618164,
      "asr": 0.21740078926086426,
      "per": 0.015364183112978935,
      "lambda_emo": 1.0,
      "lambda_asr": 0.0001,
      "lambda_per": 0.0
    },
    {
      "step": 3,
      "total": 5.397246780511737,
      "emo": 5.397231578826904,
      "asr": 0.15201684832572937,
      "per": 0.021827053278684616,
      "lambda_emo": 1.0,
      "lambda_asr": 0.0001,
      "lambda_per": 0.0
    },
    {
      "step": 4,
      "total": 4.216705140137672,
      "emo": 4.216684341430664,
      "asr": 0.20798707008361816,
      "per": 0.030897989869117737,
      "lambda_emo": 1.0,
      "lambda_asr": 0.0001,
      "lambda_per": 0.0
    },
    {
      "step": 5,
      "total": 2.553265109708905,
      "emo": 2.5532479286193848,
      "asr": 0.17181089520454407,
      "per": 0.029987787827849388,
      "lambda_emo": 1.0,
      "lambda_asr": 0.0001,
      "lambda_per": 0.0
    },
    {
      "step": 6,
      "total": 2.8899689744755626,
      "emo": 2.8899545669555664,
      "asr": 0.1440751999616623,
      "per": 0.024817872792482376,
      "lambda_emo": 1.0,
      "lambda_asr": 0.0001,
      "lambda_per": 0.0
    },
    {
      "step": 7,
      "total": 1.9256228522852064,
      "emo": 1.9256095886230469,
      "asr": 0.13263662159442902,
      "per": 0.030759012326598167,
      "lambda_emo": 1.0,
      "lambda_asr": 0.0001,
      "lambda_per": 0.0
    },
    {
      "step": 8,
      "total": 1.368983067315817,
      "emo": 1.3689731359481812,
      "asr": 0.09931367635726929,
      "per": 0.02317408099770546,
      "lambda_emo": 1.0,
      "lambda_asr": 0.0001,
      "lambda_per": 0.0
    },
    {
      "step": 9,
      "total": 1.2420694139033557,
      "emo": 1.2420567274093628,
      "asr": 0.1268649399280548,
      "per": 0.026357784867286682,
      "lambda_emo": 1.0,
      "lambda_asr": 0.0001,
      "lambda_per": 0.0
    },
    {
      "step": 10,
      "total": 1.6336601803153754,
      "emo": 1.6336396932601929,
      "asr": 0.2048705518245697,
      "per": 0.025278698652982712,
      "lambda_emo": 1.0,
      "lambda_asr": 0.0001,
      "lambda_per": 0.0
    },
    {
      "step": 11,
      "total": 1.1994695659697057,
      "emo": 1.1994569301605225,
      "asr": 0.12635809183120728,
      "per": 0.029319873079657555,
      "lambda_emo": 1.0,
      "lambda_asr": 0.0001,
      "lambda_per": 0.0
    },
    {
      "step": 12,
      "total": 1.208515434524417,
      "emo": 1.2084972858428955,
      "asr": 0.1814868152141571,
      "per": 0.027063492685556412,
      "lambda_emo": 1.0,
      "lambda_asr": 0.0001,
      "lambda_per": 0.0
    },
    {
      "step": 13,
      "total": 1.085542475092411,
      "emo": 1.0855345726013184,
      "asr": 0.07902491092681885,
      "per": 0.02608453296124935,
      "lambda_emo": 1.0,
      "lambda_asr": 0.0001,
      "lambda_per": 0.0
    },
    {
      "step": 14,
      "total": 0.9708441331088543,
      "emo": 0.9708330035209656,
      "asr": 0.11129587888717651,
      "per": 0.031062617897987366,
      "lambda_emo": 1.0,
      "lambda_asr": 0.0001,
      "lambda_per": 0.0
    },
    {
      "step": 15,
      "total": 0.9241253140211105,
      "emo": 0.9241183996200562,
      "asr": 0.06914401054382324,
      "per": 0.030070839449763298,
      "lambda_emo": 1.0,
      "lambda_asr": 0.0001,
      "lambda_per": 0.0
    },
    {
      "step": 16,
      "total": 0.8809643832460046,
      "emo": 0.8809522986412048,
      "asr": 0.12084604799747467,
      "per": 0.0248430073261261,
      "lambda_emo": 1.0,
      "lambda_asr": 0.0001,
      "lambda_per": 0.0
    },
    {
      "step": 17,
      "total": 0.8177466802962124,
      "emo": 0.8177363276481628,
      "asr": 0.10352648049592972,
      "per": 0.025039067491889,
      "lambda_emo": 1.0,
      "lambda_asr": 0.0001,
      "lambda_per": 0.0
    },
    {
      "step": 18,
      "total": 0.8788967528559267,
      "emo": 0.8788870573043823,
      "asr": 0.09695551544427872,
      "per": 0.03134330362081528,
      "lambda_emo": 1.0,
      "lambda_asr": 0.0001,
      "lambda_per": 0.0
    },
    {
      "step": 19,
      "total": 1.1408167330026626,
      "emo": 1.1408028602600098,
      "asr": 0.13872742652893066,
      "per": 0.02809828892350197,
      "lambda_emo": 1.0,
      "lambda_asr": 0.0001,
      "lambda_per": 0.0
    },
    {
      "step": 20,
      "total": 0.8834048736776039,
      "emo": 0.8821552991867065,
      "asr": 0.12493225932121277,
      "per": 0.02518976852297783,
      "lambda_emo": 1.0,
      "lambda_asr": 0.01,
      "lambda_per": 1e-05
    },
    {
      "step": 21,
      "total": 0.9199282959032059,
      "emo": 0.9188354015350342,
      "asr": 0.10926274210214615,
      "per": 0.02669471502304077,
      "lambda_emo": 1.0,
      "lambda_asr": 0.01,
      "lambda_per": 1e-05
    },
    {
      "step": 22,
      "total": 0.8802532355310023,
      "emo": 0.8793520927429199,
      "asr": 0.09008779376745224,
      "per": 0.02648504078388214,
      "lambda_emo": 1.0,
      "lambda_asr": 0.01,
      "lambda_per": 1e-05
    },
    {
      "step": 23,
      "total": 0.9043798237577454,
      "emo": 0.9033893346786499,
      "asr": 0.09902168065309525,