{
  "sample_id": "00007_0004_000352",
  "path": "/data1/lixiang/ESD/0004/Angry/0004_000352.wav",
  "emo_text_clean": [
    "Angry.",
    "Angry.",
    "\u201c\u6124\u6012\u7684\u82f1\u56fd\u54f2\u5b66\u5bb6\u8bf4\u8fc7\uff0c\u7406\u6027\u662f\u88ab\u538b\u6291\u7684\u706b\u7130\u3002\u201d"
  ],
  "emo_text_adv": [
    "Happy",
    "happy",
    "happy"
  ],
  "emo_pred_clean": [
    "angry",
    "angry",
    ""
  ],
  "emo_pred_adv": [
    "happy",
    "happy",
    "happy"
  ],
  "asr_text_clean": "\u82f1\u56fd\u7684\u54f2\u5b66\u5bb6\u66fe\u7ecf\u8bf4\u8fc7\uff0c\u6124\u6012\u662f\u5fc3\u7075\u7684\u706b\u7130\uff0c\u9700\u8981\u667a\u6167\u6765\u9a7e\u9a6d\u3002",
  "asr_text_adv": "\u82f1\u56fd\u7684\u827a\u672f\u5bb6\u4eec\u5e38\u5e38\u8bf4\u827a\u672f\u80fd\u8ba9\u4eba\u5feb\u4e50\u3002",
  "success_emo": true,
  "wer": 1.0,
  "delta_linf": 0.008000001311302185,
  "delta_l2": 1.2442430257797241,
  "snr_db": 19.95073927050502,
  "grad_norm_trace": [
    272.9376525878906,
    55.26432418823242,
    169.54832458496094,
    93.83155822753906,
    98.71065521240234,
    31.23444938659668,
    52.64461898803711,
    40.78314208984375,
    178.91189575195312,
    47.1745491027832,
    56.501094818115234,
    46.31148910522461,
    78.51791381835938,
    40.282867431640625,
    42.93952178955078,
    48.75389862060547,
    52.641883850097656,
    71.08000946044922,
    87.82097625732422,
    34.81488800048828,
    26.556644439697266,
    46.220767974853516,
    83.16912841796875,
    48.86378479003906,
    30.490957260131836,
    54.03854751586914,
    88.01216125488281,
    20.94743537902832,
    37.828617095947266,
    65.71825408935547,
    28.478525161743164,
    26.57464599609375,
    21.020450592041016,
    21.361284255981445,
    30.933109283447266,
    34.39542007446289,
    34.66837692260742,
    18.02176284790039,
    24.7747859954834,
    33.71274948120117,
    39.97895050048828,
    21.821147918701172,
    73.59597778320312,
    13.492288589477539,
    34.21722412109375,
    20.54813575744629,
    38.44893264770508,
    26.18367576599121,
    19.987234115600586,
    24.16285514831543,
    38.20390319824219,
    33.60218048095703,
    28.61066246032715,
    43.351463317871094,
    101.38826751708984,
    24.1717529296875,
    33.232872009277344,
    21.115659713745117,
    26.884977340698242,
    68.29488372802734
  ],
  "loss_trace": [
    {
      "step": 0,
      "total": 9.94742888032496,
      "emo": 9.947395324707031,
      "asr": 0.33555617928504944,
      "per": 0.0,
      "lambda_emo": 1.0,
      "lambda_asr": 0.0001,
      "lambda_per": 0.0
    },
    {
      "step": 1,
      "total": 7.330361951482296,
      "emo": 7.330276012420654,
      "asr": 0.8593906164169312,
      "per": 0.024339381605386734,
      "lambda_emo": 1.0,
      "lambda_asr": 0.0001,
      "lambda_per": 0.0
    },
    {
      "step": 2,
      "total": 6.389625787997246,
      "emo": 6.389528274536133,
      "asr": 0.9751346111297607,
      "per": 0.032444585114717484,
      "lambda_emo": 1.0,
      "lambda_asr": 0.0001,
      "lambda_per": 0.0
    },
    {
      "step": 3,
      "total": 5.674759069180489,
      "emo": 5.674651622772217,
      "asr": 1.0744640827178955,
      "per": 0.04722633957862854,
      "lambda_emo": 1.0,
      "lambda_asr": 0.0001,
      "lambda_per": 0.0
    },
    {
      "step": 4,
      "total": 5.68322163362503,
      "emo": 5.683116912841797,
      "asr": 1.0472078323364258,
      "per": 0.047414492815732956,
      "lambda_emo": 1.0,
      "lambda_asr": 0.0001,
      "lambda_per": 0.0
    },
    {
      "step": 5,
      "total": 5.468375240147114,
      "emo": 5.468257904052734,
      "asr": 1.1733609437942505,
      "per": 0.05798792839050293,
      "lambda_emo": 1.0,
      "lambda_asr": 0.0001,
      "lambda_per": 0.0
    },
    {
      "step": 6,
      "total": 5.213197836995125,
      "emo": 5.213074684143066,
      "asr": 1.2315285205841064,
      "per": 0.06841090321540833,
      "lambda_emo": 1.0,
      "lambda_asr": 0.0001,
      "lambda_per": 0.0
    },
    {
      "step": 7,
      "total": 5.455602709639073,
      "emo": 5.455501556396484,
      "asr": 1.0115324258804321,
      "per": 0.056287731975317,
      "lambda_emo": 1.0,
      "lambda_asr": 0.0001,
      "lambda_per": 0.0
    },
    {
      "step": 8,
      "total": 5.157704059362412,
      "emo": 5.157596588134766,
      "asr": 1.0747122764587402,
      "per": 0.0681389793753624,
      "lambda_emo": 1.0,
      "lambda_asr": 0.0001,
      "lambda_per": 0.0
    },
    {
      "step": 9,
      "total": 4.632614528882503,
      "emo": 4.632503509521484,
      "asr": 1.1101936101913452,
      "per": 0.0674380213022232,
      "lambda_emo": 1.0,
      "lambda_asr": 0.0001,
      "lambda_per": 0.0
    },
    {
      "step": 10,
      "total": 4.961639004850388,
      "emo": 4.9615068435668945,
      "asr": 1.32161283493042,
      "per": 0.05341191589832306,
      "lambda_emo": 1.0,
      "lambda_asr": 0.0001,
      "lambda_per": 0.0
    },
    {
      "step": 11,
      "total": 4.251800389099121,
      "emo": 4.251677513122559,
      "asr": 1.228759765625,
      "per": 0.07288095355033875,
      "lambda_emo": 1.0,
      "lambda_asr": 0.0001,
      "lambda_per": 0.0
    },
    {
      "step": 12,
      "total": 4.505554280138016,
      "emo": 4.505427360534668,
      "asr": 1.2691960334777832,
      "per": 0.05741138756275177,
      "lambda_emo": 1.0,
      "lambda_asr": 0.0001,
      "lambda_per": 0.0
    },
    {
      "step": 13,
      "total": 4.367133089697361,
      "emo": 4.367002964019775,
      "asr": 1.301256775856018,
      "per": 0.06660954654216766,
      "lambda_emo": 1.0,
      "lambda_asr": 0.0001,
      "lambda_per": 0.0
    },
    {
      "step": 14,
      "total": 4.3040771422863005,
      "emo": 4.303953170776367,
      "asr": 1.2397150993347168,
      "per": 0.05654574930667877,
      "lambda_emo": 1.0,
      "lambda_asr": 0.0001,
      "lambda_per": 0.0
    },
    {
      "step": 15,
      "total": 3.7860609617590906,
      "emo": 3.7859342098236084,
      "asr": 1.2675193548202515,
      "per": 0.0690407082438469,
      "lambda_emo": 1.0,
      "lambda_asr": 0.0001,
      "lambda_per": 0.0
    },
    {
      "step": 16,
      "total": 3.7544050104141236,
      "emo": 3.7542781829833984,
      "asr": 1.2682743072509766,
      "per": 0.051742568612098694,
      "lambda_emo": 1.0,
      "lambda_asr": 0.0001,
      "lambda_per": 0.0
    },
    {
      "step": 17,
      "total": 3.847000978934765,
      "emo": 3.846864700317383,
      "asr": 1.3627861738204956,
      "per": 0.05950218066573143,
      "lambda_emo": 1.0,
      "lambda_asr": 0.0001,
      "lambda_per": 0.0
    },
    {
      "step": 18,
      "total": 4.2474530114531515,
      "emo": 4.247315406799316,
      "asr": 1.3760465383529663,
      "per": 0.0749778300523758,
      "lambda_emo": 1.0,
      "lambda_asr": 0.0001,
      "lambda_per": 0.0
    },
    {
      "step": 19,
      "total": 3.1133793590545653,
      "emo": 3.11323881149292,
      "asr": 1.4054756164550781,
      "per": 0.07103627920150757,
      "lambda_emo": 1.0,
      "lambda_asr": 0.0001,
      "lambda_per": 0.0
    },
    {
      "step": 20,
      "total": 3.0438198348975183,
      "emo": 3.0288429260253906,
      "asr": 1.497639536857605,
      "per": 0.05135035514831543,
      "lambda_emo": 1.0,
      "lambda_asr": 0.01,
      "lambda_per": 1e-05
    },
    {
      "step": 21,
      "total": 2.6711598359834405,
      "emo": 2.656691074371338,
      "asr": 1.4468128681182861,
      "per": 0.06329309195280075,
      "lambda_emo": 1.0,
      "lambda_asr": 0.01,
      "lambda_per": 1e-05
    },
    {
      "step": 22,
      "total": 3.1145457198065523,
      "emo": 3.101483106613159,
      "asr": 1.3061974048614502,
      "per": 0.0639144778251648,
      "lambda_emo": 1.0,
      "lambda_asr": 0.01,
      "lambda_per": 1e-05
    },
    {
      "step": 23,
      "total": 2.948867125570998,
      "emo": 2.9350688457489014,