{
  "sample_id": "00004_0003_000351",
  "path": "/data1/lixiang/ESD/0003/Angry/0003_000351.wav",
  "emo_text_clean": [
    "Angry",
    "Angry",
    "\u54c7\uff0c\u771f\u7684\u5417\uff1f\u5b83\u4eec\u786e\u5b9e\u5f88\u7f8e\uff01"
  ],
  "emo_text_adv": [
    "happy",
    "happy",
    "happy"
  ],
  "emo_pred_clean": [
    "angry",
    "angry",
    ""
  ],
  "emo_pred_adv": [
    "happy",
    "happy",
    "happy"
  ],
  "asr_text_clean": "\u54c7\uff0c\u5b83\u4eec\u786e\u5b9e\u5f88\u7f8e\u4e3d\u5462\u3002",
  "asr_text_adv": "\u54c7\uff0c\u5b83\u4eec\u771f\u7684\u5f88\u6f02\u4eae\uff01",
  "success_emo": true,
  "wer": 1.0,
  "delta_linf": 0.008000016212463379,
  "delta_l2": 1.4961496591567993,
  "snr_db": 21.994682682791186,
  "grad_norm_trace": [
    377.4926452636719,
    503.8531188964844,
    152.03553771972656,
    50.13841247558594,
    47.70238494873047,
    30.629756927490234,
    55.34844970703125,
    38.56624984741211,
    38.416046142578125,
    19.242708206176758,
    33.52434158325195,
    27.397916793823242,
    14.510276794433594,
    13.022136688232422,
    15.670699119567871,
    22.38258934020996,
    26.389381408691406,
    17.24628448486328,
    13.126336097717285,
    12.502710342407227,
    13.432022094726562,
    14.343941688537598,
    9.382802963256836,
    9.47159481048584,
    12.82285213470459,
    12.481863975524902,
    15.800139427185059,
    13.957409858703613,
    8.519912719726562,
    9.838369369506836,
    12.744787216186523,
    38.199928283691406,
    30.986648559570312,
    14.319580078125,
    11.229701042175293,
    7.918493270874023,
    14.654131889343262,
    11.922220230102539,
    16.787761688232422,
    10.768547058105469,
    8.44002628326416,
    13.573264122009277,
    12.703075408935547,
    20.046695709228516,
    25.030427932739258,
    23.189777374267578,
    14.268001556396484,
    10.686004638671875,
    14.177836418151855,
    17.64204216003418,
    33.821380615234375,
    9.942052841186523,
    28.7320499420166,
    50.130699157714844,
    20.89191246032715,
    14.446515083312988,
    15.532477378845215,
    12.016054153442383,
    14.420618057250977,
    11.029380798339844
  ],
  "loss_trace": [
    {
      "step": 0,
      "total": 9.402949460303784,
      "emo": 9.4028902053833,
      "asr": 0.592549204826355,
      "per": 0.0,
      "lambda_emo": 1.0,
      "lambda_asr": 0.0001,
      "lambda_per": 0.0
    },
    {
      "step": 1,
      "total": 5.52750192989111,
      "emo": 5.527431488037109,
      "asr": 0.7044185400009155,
      "per": 0.022474175319075584,
      "lambda_emo": 1.0,
      "lambda_asr": 0.0001,
      "lambda_per": 0.0
    },
    {
      "step": 2,
      "total": 2.8668296272397042,
      "emo": 2.8667218685150146,
      "asr": 1.0775872468948364,
      "per": 0.03989964351058006,
      "lambda_emo": 1.0,
      "lambda_asr": 0.0001,
      "lambda_per": 0.0
    },
    {
      "step": 3,
      "total": 3.047063375878334,
      "emo": 3.0469627380371094,
      "asr": 1.006378412246704,
      "per": 0.050537582486867905,
      "lambda_emo": 1.0,
      "lambda_asr": 0.0001,
      "lambda_per": 0.0
    },
    {
      "step": 4,
      "total": 2.4616554278731346,
      "emo": 2.461554527282715,
      "asr": 1.0090059041976929,
      "per": 0.06034050136804581,
      "lambda_emo": 1.0,
      "lambda_asr": 0.0001,
      "lambda_per": 0.0
    },
    {
      "step": 5,
      "total": 1.9799931965827942,
      "emo": 1.9798859357833862,
      "asr": 1.0726079940795898,
      "per": 0.04842440411448479,
      "lambda_emo": 1.0,
      "lambda_asr": 0.0001,
      "lambda_per": 0.0
    },
    {
      "step": 6,
      "total": 2.3744794619679452,
      "emo": 2.3743767738342285,
      "asr": 1.0268813371658325,
      "per": 0.046054475009441376,
      "lambda_emo": 1.0,
      "lambda_asr": 0.0001,
      "lambda_per": 0.0
    },
    {
      "step": 7,
      "total": 1.7602925067424775,
      "emo": 1.7601830959320068,
      "asr": 1.0941081047058105,
      "per": 0.05230908840894699,
      "lambda_emo": 1.0,
      "lambda_asr": 0.0001,
      "lambda_per": 0.0
    },
    {
      "step": 8,
      "total": 2.262021302032471,
      "emo": 2.2619357109069824,
      "asr": 0.8559112548828125,
      "per": 0.06583664566278458,
      "lambda_emo": 1.0,
      "lambda_asr": 0.0001,
      "lambda_per": 0.0
    },
    {
      "step": 9,
      "total": 1.7626448124051095,
      "emo": 1.7625603675842285,
      "asr": 0.8444482088088989,
      "per": 0.063738152384758,
      "lambda_emo": 1.0,
      "lambda_asr": 0.0001,
      "lambda_per": 0.0
    },
    {
      "step": 10,
      "total": 1.5687524736344813,
      "emo": 1.5686534643173218,
      "asr": 0.9900931715965271,
      "per": 0.05689820647239685,
      "lambda_emo": 1.0,
      "lambda_asr": 0.0001,
      "lambda_per": 0.0
    },
    {
      "step": 11,
      "total": 1.7792065088331699,
      "emo": 1.7791122198104858,
      "asr": 0.9428902268409729,
      "per": 0.050469882786273956,
      "lambda_emo": 1.0,
      "lambda_asr": 0.0001,
      "lambda_per": 0.0
    },
    {
      "step": 12,
      "total": 1.6587646208763123,
      "emo": 1.6586698293685913,
      "asr": 0.9479150772094727,
      "per": 0.07025425136089325,
      "lambda_emo": 1.0,
      "lambda_asr": 0.0001,
      "lambda_per": 0.0
    },
    {
      "step": 13,
      "total": 1.4945630111157895,
      "emo": 1.4944634437561035,
      "asr": 0.9956735968589783,
      "per": 0.06516724079847336,
      "lambda_emo": 1.0,
      "lambda_asr": 0.0001,
      "lambda_per": 0.0
    },
    {
      "step": 14,
      "total": 1.2611154720306397,
      "emo": 1.2610108852386475,
      "asr": 1.045867919921875,
      "per": 0.05365223437547684,
      "lambda_emo": 1.0,
      "lambda_asr": 0.0001,
      "lambda_per": 0.0
    },
    {
      "step": 15,
      "total": 1.4637325258314609,
      "emo": 1.463637351989746,
      "asr": 0.9517384171485901,
      "per": 0.06668898463249207,
      "lambda_emo": 1.0,
      "lambda_asr": 0.0001,
      "lambda_per": 0.0
    },
    {
      "step": 16,
      "total": 1.2617024927139282,
      "emo": 1.2615913152694702,
      "asr": 1.1117744445800781,
      "per": 0.06852439045906067,
      "lambda_emo": 1.0,
      "lambda_asr": 0.0001,
      "lambda_per": 0.0
    },
    {
      "step": 17,
      "total": 1.3294662927150727,
      "emo": 1.3293750286102295,
      "asr": 0.9126410484313965,
      "per": 0.06438598781824112,
      "lambda_emo": 1.0,
      "lambda_asr": 0.0001,
      "lambda_per": 0.0
    },
    {
      "step": 18,
      "total": 1.2522852646827698,
      "emo": 1.2521827220916748,
      "asr": 1.025425910949707,
      "per": 0.06677114218473434,
      "lambda_emo": 1.0,
      "lambda_asr": 0.0001,
      "lambda_per": 0.0
    },
    {
      "step": 19,
      "total": 1.136458416110277,
      "emo": 1.1363587379455566,
      "asr": 0.9967816472053528,
      "per": 0.05941527709364891,
      "lambda_emo": 1.0,
      "lambda_asr": 0.0001,
      "lambda_per": 0.0
    },
    {
      "step": 20,
      "total": 1.153835644838661,
      "emo": 1.1434787511825562,
      "asr": 1.0356194972991943,
      "per": 0.0698683112859726,
      "lambda_emo": 1.0,
      "lambda_asr": 0.01,
      "lambda_per": 1e-05
    },
    {
      "step": 21,
      "total": 1.2256058787713946,
      "emo": 1.2152093648910522,
      "asr": 1.0395833253860474,
      "per": 0.06806264817714691,
      "lambda_emo": 1.0,
      "lambda_asr": 0.01,
      "lambda_per": 1e-05
    },
    {
      "step": 22,
      "total": 1.090901915491745,
      "emo": 1.080897331237793,
      "asr": 1.0003913640975952,
      "per": 0.06706129759550095,
      "lambda_emo": 1.0,
      "lambda_asr": 0.01,
      "lambda_per": 1e-05
    },
    {
      "step": 23,
      "total": 0.9480310302134977,
      "emo": 0.9381114840507507,
      "asr": 0.9918926358222961,
      "per": 0.06198045238852501,
      "lambda_emo": 1.0,
      "lambda_asr": 0.01,