{
  "sample_id": "00009_0005_000352",
  "path": "/data1/lixiang/ESD/0005/Angry/0005_000352.wav",
  "emo_text_clean": [
    "Angry.",
    "Angry.",
    "\u201c\u6124\u6012\u7684\u54f2\u5b66\u5bb6\u8bf4\u8fc7\uff0c\u60c5\u7eea\u662f\u5185\u5fc3\u98ce\u66b4\u7684\u56de\u58f0\u3002\u201d"
  ],
  "emo_text_adv": [
    "happy",
    "happy",
    "happy"
  ],
  "emo_pred_clean": [
    "angry",
    "angry",
    ""
  ],
  "emo_pred_adv": [
    "happy",
    "happy",
    "happy"
  ],
  "asr_text_clean": "\u201c\u6124\u6012\u662f\u5149\u660e\u7684\u71c3\u6599\uff0c\u800c\u975e\u706b\u7130\u672c\u8eab\u3002\u201d\u2014\u2014\u5341\u4e03\u4e16\u7eaa\u82f1\u56fd\u54f2\u5b66\u5bb6\u5f17\u6717\u897f\u65af\u00b7\u57f9\u6839\u3002",
  "asr_text_adv": "\u82f1\u56fd\u7684\u65c5\u6e38\u8005\u90fd\u8bf4\u8fc7\u3002",
  "success_emo": true,
  "wer": 1.0,
  "delta_linf": 0.008000016212463379,
  "delta_l2": 1.1889636516571045,
  "snr_db": 17.935832191794262,
  "grad_norm_trace": [
    128.37783813476562,
    87.15160369873047,
    59.0386848449707,
    128.7311248779297,
    174.38966369628906,
    73.08961486816406,
    95.00057220458984,
    56.787235260009766,
    100.99888610839844,
    24.68041229248047,
    29.70433807373047,
    60.69886016845703,
    69.81893157958984,
    49.03894805908203,
    37.87148666381836,
    40.195892333984375,
    25.485698699951172,
    38.49370574951172,
    47.02549743652344,
    47.76903533935547,
    49.212459564208984,
    43.77035903930664,
    21.03243637084961,
    29.584007263183594,
    27.519550323486328,
    49.0108757019043,
    32.548744201660156,
    60.54021072387695,
    67.27909851074219,
    39.870391845703125,
    51.88050079345703,
    54.48966598510742,
    23.64832305908203,
    37.32820129394531,
    36.67697525024414,
    22.648597717285156,
    44.326908111572266,
    15.817195892333984,
    16.104019165039062,
    20.67063331604004,
    33.22763442993164,
    36.90626907348633,
    24.01784324645996,
    15.536458015441895,
    15.05180835723877,
    36.003273010253906,
    38.23302459716797,
    21.28635597229004,
    20.891191482543945,
    17.55238914489746,
    19.412160873413086,
    21.557445526123047,
    21.594728469848633,
    37.112388610839844,
    22.014291763305664,
    21.47490692138672,
    19.46369171142578,
    35.03934097290039,
    27.433141708374023,
    33.658836364746094
  ],
  "loss_trace": [
    {
      "step": 0,
      "total": 9.943295035073161,
      "emo": 9.943257331848145,
      "asr": 0.37703225016593933,
      "per": 0.0,
      "lambda_emo": 1.0,
      "lambda_asr": 0.0001,
      "lambda_per": 0.0
    },
    {
      "step": 1,
      "total": 9.900019749614597,
      "emo": 9.899970054626465,
      "asr": 0.4969498813152313,
      "per": 0.022675102576613426,
      "lambda_emo": 1.0,
      "lambda_asr": 0.0001,
      "lambda_per": 0.0
    },
    {
      "step": 2,
      "total": 6.194683943629265,
      "emo": 6.194572448730469,
      "asr": 1.1149489879608154,
      "per": 0.042509861290454865,
      "lambda_emo": 1.0,
      "lambda_asr": 0.0001,
      "lambda_per": 0.0
    },
    {
      "step": 3,
      "total": 6.145519968700409,
      "emo": 6.145415306091309,
      "asr": 1.046626091003418,
      "per": 0.05938311666250229,
      "lambda_emo": 1.0,
      "lambda_asr": 0.0001,
      "lambda_per": 0.0
    },
    {
      "step": 4,
      "total": 5.3307295493721965,
      "emo": 5.330597877502441,
      "asr": 1.3167186975479126,
      "per": 0.05341219902038574,
      "lambda_emo": 1.0,
      "lambda_asr": 0.0001,
      "lambda_per": 0.0
    },
    {
      "step": 5,
      "total": 5.376001533329487,
      "emo": 5.375880241394043,
      "asr": 1.2129193544387817,
      "per": 0.05072107911109924,
      "lambda_emo": 1.0,
      "lambda_asr": 0.0001,
      "lambda_per": 0.0
    },
    {
      "step": 6,
      "total": 4.625767855596543,
      "emo": 4.625617980957031,
      "asr": 1.498746395111084,
      "per": 0.054642464965581894,
      "lambda_emo": 1.0,
      "lambda_asr": 0.0001,
      "lambda_per": 0.0
    },
    {
      "step": 7,
      "total": 4.776973757374287,
      "emo": 4.776820182800293,
      "asr": 1.5357457399368286,
      "per": 0.05339468643069267,
      "lambda_emo": 1.0,
      "lambda_asr": 0.0001,
      "lambda_per": 0.0
    },
    {
      "step": 8,
      "total": 4.6003920603752135,
      "emo": 4.600228309631348,
      "asr": 1.637507438659668,
      "per": 0.06764345616102219,
      "lambda_emo": 1.0,
      "lambda_asr": 0.0001,
      "lambda_per": 0.0
    },
    {
      "step": 9,
      "total": 3.923504058802128,
      "emo": 3.923339366912842,
      "asr": 1.6469188928604126,
      "per": 0.07107865065336227,
      "lambda_emo": 1.0,
      "lambda_asr": 0.0001,
      "lambda_per": 0.0
    },
    {
      "step": 10,
      "total": 3.5878393189907074,
      "emo": 3.587665557861328,
      "asr": 1.7376112937927246,
      "per": 0.06736497581005096,
      "lambda_emo": 1.0,
      "lambda_asr": 0.0001,
      "lambda_per": 0.0
    },
    {
      "step": 11,
      "total": 3.5562603581428527,
      "emo": 3.556087017059326,
      "asr": 1.7334108352661133,
      "per": 0.05264798924326897,
      "lambda_emo": 1.0,
      "lambda_asr": 0.0001,
      "lambda_per": 0.0
    },
    {
      "step": 12,
      "total": 3.9460012627124788,
      "emo": 3.9458413124084473,
      "asr": 1.5995030403137207,
      "per": 0.06816509366035461,
      "lambda_emo": 1.0,
      "lambda_asr": 0.0001,
      "lambda_per": 0.0
    },
    {
      "step": 13,
      "total": 3.603112569665909,
      "emo": 3.602938413619995,
      "asr": 1.741560459136963,
      "per": 0.06878924369812012,
      "lambda_emo": 1.0,
      "lambda_asr": 0.0001,
      "lambda_per": 0.0
    },
    {
      "step": 14,
      "total": 3.1290020879268647,
      "emo": 3.1288275718688965,
      "asr": 1.7451605796813965,
      "per": 0.057928942143917084,
      "lambda_emo": 1.0,
      "lambda_asr": 0.0001,
      "lambda_per": 0.0
    },
    {
      "step": 15,
      "total": 3.5302263960123064,
      "emo": 3.5300443172454834,
      "asr": 1.8207876682281494,
      "per": 0.06214594095945358,
      "lambda_emo": 1.0,
      "lambda_asr": 0.0001,
      "lambda_per": 0.0
    },
    {
      "step": 16,
      "total": 3.132993453013897,
      "emo": 3.1328072547912598,
      "asr": 1.8619822263717651,
      "per": 0.06134083867073059,
      "lambda_emo": 1.0,
      "lambda_asr": 0.0001,
      "lambda_per": 0.0
    },
    {
      "step": 17,
      "total": 3.094006230020523,
      "emo": 3.093810796737671,
      "asr": 1.9543328285217285,
      "per": 0.05886942148208618,
      "lambda_emo": 1.0,
      "lambda_asr": 0.0001,
      "lambda_per": 0.0
    },
    {
      "step": 18,
      "total": 2.6550671323895454,
      "emo": 2.6548774242401123,
      "asr": 1.8970814943313599,
      "per": 0.05982886999845505,
      "lambda_emo": 1.0,
      "lambda_asr": 0.0001,
      "lambda_per": 0.0
    },
    {
      "step": 19,
      "total": 2.5820414165854455,
      "emo": 2.581852912902832,
      "asr": 1.885036826133728,
      "per": 0.06464830040931702,
      "lambda_emo": 1.0,
      "lambda_asr": 0.0001,
      "lambda_per": 0.0
    },
    {
      "step": 20,
      "total": 2.9885086451406035,
      "emo": 2.9701690673828125,
      "asr": 1.8338830471038818,
      "per": 0.07472867518663406,
      "lambda_emo": 1.0,
      "lambda_asr": 0.01,
      "lambda_per": 1e-05
    },
    {
      "step": 21,
      "total": 2.8080111630140987,
      "emo": 2.787994384765625,
      "asr": 2.0016143321990967,
      "per": 0.06349264830350876,
      "lambda_emo": 1.0,
      "lambda_asr": 0.01,
      "lambda_per": 1e-05
    },
    {
      "step": 22,
      "total": 2.534820208130777,
      "emo": 2.5151898860931396,
      "asr": 1.9629662036895752,
      "per": 0.0660000741481781,
      "lambda_emo": 1.0,
      "lambda_asr": 0.01,
      "lambda_per": 1e-05
    },
    {
      "step": 23,
      "total": 2.7179307341896743,