{
  "sample_id": "07213_0010_angry_0010_000670",
  "path": "/data1/lixiang/OpenS2S_dataset/ESD/CN/0010/Angry/0010_000670.wav",
  "speaker_id": "0010",
  "ground_truth_emotion": "angry",
  "target_emotion": "happy",
  "emo_text_clean": [
    "Angry.",
    "Angry.",
    "\u62b1\u6b49"
  ],
  "emo_text_adv": [
    "Happy",
    "Happy",
    "Happy"
  ],
  "emo_pred_clean": [
    "angry",
    "angry",
    ""
  ],
  "emo_pred_adv": [
    "happy",
    "happy",
    "happy"
  ],
  "asr_text_clean": "\u62b1\u6b49",
  "asr_text_adv": "\u8c22\u8c22\u4f60",
  "success_emo": true,
  "wer": 1.0,
  "semantic_sim": 0.5406717658042908,
  "semantic_preserved": false,
  "delta_linf": 0.008000001311302185,
  "delta_l2": 0.957118809223175,
  "snr_db": 20.829958932805233,
  "grad_norm_trace": [
    184.75473022460938,
    1033.788330078125,
    171.82760620117188,
    111.12843322753906,
    92.20946502685547,
    53.935218811035156,
    279.1083984375,
    62.40338897705078,
    76.4605712890625,
    55.336360931396484,
    71.27485656738281,
    35.29120635986328,
    30.359174728393555,
    40.363285064697266,
    65.67031860351562,
    93.79492950439453,
    49.10502624511719,
    89.12097930908203,
    58.19232177734375,
    31.33176040649414,
    97.34636688232422,
    99.23020935058594,
    30.246034622192383,
    25.80086326599121,
    24.863224029541016,
    43.89921951293945,
    90.55450439453125,
    83.5481185913086,
    105.43153381347656,
    40.405372619628906,
    27.062885284423828,
    38.600032806396484,
    34.305362701416016,
    22.409488677978516,
    50.33638000488281,
    36.25205612182617,
    54.163429260253906,
    23.23525619506836,
    18.905380249023438,
    42.166175842285156,
    26.679800033569336,
    37.9202995300293,
    17.914409637451172,
    57.585086822509766,
    58.25211715698242,
    30.995849609375,
    31.171833038330078,
    60.79619216918945,
    35.109779357910156,
    60.163856506347656,
    24.133338928222656,
    40.77571487426758,
    27.90521240234375,
    34.03524398803711,
    29.172048568725586,
    73.42711639404297,
    37.22352981567383,
    56.98530197143555,
    48.505489349365234,
    32.510528564453125
  ],
  "loss_trace": [
    {
      "step": 0,
      "total": 14.211499223041534,
      "emo": 14.211382865905762,
      "asr": 1.1635713577270508,
      "per": 0.0,
      "lambda_emo": 1.0,
      "lambda_asr": 0.0001,
      "lambda_per": 0.0
    },
    {
      "step": 1,
      "total": 10.049423968005181,
      "emo": 10.04922103881836,
      "asr": 2.029291868209839,
      "per": 0.012009057216346264,
      "lambda_emo": 1.0,
      "lambda_asr": 0.0001,
      "lambda_per": 0.0
    },
    {
      "step": 2,
      "total": 7.618048068714142,
      "emo": 7.6176252365112305,
      "asr": 4.2283220291137695,
      "per": 0.03479161858558655,
      "lambda_emo": 1.0,
      "lambda_asr": 0.0001,
      "lambda_per": 0.0
    },
    {
      "step": 3,
      "total": 6.88528404006958,
      "emo": 6.884905815124512,
      "asr": 3.7822494506835938,
      "per": 0.03024783730506897,
      "lambda_emo": 1.0,
      "lambda_asr": 0.0001,
      "lambda_per": 0.0
    },
    {
      "step": 4,
      "total": 6.794361217832566,
      "emo": 6.793909072875977,
      "asr": 4.521449565887451,
      "per": 0.03645749390125275,
      "lambda_emo": 1.0,
      "lambda_asr": 0.0001,
      "lambda_per": 0.0
    },
    {
      "step": 5,
      "total": 5.735270590209961,
      "emo": 5.7347412109375,
      "asr": 5.293792724609375,
      "per": 0.0460338294506073,
      "lambda_emo": 1.0,
      "lambda_asr": 0.0001,
      "lambda_per": 0.0
    },
    {
      "step": 6,
      "total": 5.471391075134277,
      "emo": 5.470920562744141,
      "asr": 4.7051239013671875,
      "per": 0.037456072866916656,
      "lambda_emo": 1.0,
      "lambda_asr": 0.0001,
      "lambda_per": 0.0
    },
    {
      "step": 7,
      "total": 5.446746018314362,
      "emo": 5.446214199066162,
      "asr": 5.318192481994629,
      "per": 0.0335392951965332,
      "lambda_emo": 1.0,
      "lambda_asr": 0.0001,
      "lambda_per": 0.0
    },
    {
      "step": 8,
      "total": 4.911290565776825,
      "emo": 4.910759925842285,
      "asr": 5.306399345397949,
      "per": 0.04344063252210617,
      "lambda_emo": 1.0,
      "lambda_asr": 0.0001,
      "lambda_per": 0.0
    },
    {
      "step": 9,
      "total": 4.954968230915069,
      "emo": 4.954396724700928,
      "asr": 5.715062141418457,
      "per": 0.04566475376486778,
      "lambda_emo": 1.0,
      "lambda_asr": 0.0001,
      "lambda_per": 0.0
    },
    {
      "step": 10,
      "total": 4.337530573177338,
      "emo": 4.3368730545043945,
      "asr": 6.575186729431152,
      "per": 0.0438285693526268,
      "lambda_emo": 1.0,
      "lambda_asr": 0.0001,
      "lambda_per": 0.0
    },
    {
      "step": 11,
      "total": 4.179081969642639,
      "emo": 4.1785149574279785,
      "asr": 5.670122146606445,
      "per": 0.04788096249103546,
      "lambda_emo": 1.0,
      "lambda_asr": 0.0001,
      "lambda_per": 0.0
    },
    {
      "step": 12,
      "total": 3.899121663045883,
      "emo": 3.8984808921813965,
      "asr": 6.407708644866943,
      "per": 0.03588857501745224,
      "lambda_emo": 1.0,
      "lambda_asr": 0.0001,
      "lambda_per": 0.0
    },
    {
      "step": 13,
      "total": 3.8372689056396485,
      "emo": 3.8366732597351074,
      "asr": 5.956459045410156,
      "per": 0.033432453870773315,
      "lambda_emo": 1.0,
      "lambda_asr": 0.0001,
      "lambda_per": 0.0
    },
    {
      "step": 14,
      "total": 4.1541581690311435,
      "emo": 4.153543472290039,
      "asr": 6.14696741104126,
      "per": 0.0350944809615612,
      "lambda_emo": 1.0,
      "lambda_asr": 0.0001,
      "lambda_per": 0.0
    },
    {
      "step": 15,
      "total": 3.853762778711319,
      "emo": 3.853118419647217,
      "asr": 6.4435906410217285,
      "per": 0.03735450655221939,
      "lambda_emo": 1.0,
      "lambda_asr": 0.0001,
      "lambda_per": 0.0
    },
    {
      "step": 16,
      "total": 3.822022079563141,
      "emo": 3.8214223384857178,
      "asr": 5.997410774230957,
      "per": 0.03437446802854538,
      "lambda_emo": 1.0,
      "lambda_asr": 0.0001,
      "lambda_per": 0.0
    },
    {
      "step": 17,
      "total": 4.434696264839173,
      "emo": 4.434090614318848,
      "asr": 6.05650520324707,
      "per": 0.047208305448293686,
      "lambda_emo": 1.0,
      "lambda_asr": 0.0001,
      "lambda_per": 0.0
    },
    {
      "step": 18,
      "total": 4.228663540840149,
      "emo": 4.228045463562012,
      "asr": 6.18077278137207,
      "per": 0.0398750901222229,
      "lambda_emo": 1.0,
      "lambda_asr": 0.0001,
      "lambda_per": 0.0
    },
    {
      "step": 19,
      "total": 3.741267951250076,
      "emo": 3.7406508922576904,
      "asr": 6.170589923858643,
      "per": 0.040447160601615906,
      "lambda_emo": 1.0,
      "lambda_asr": 0.0001,
      "lambda_per": 0.0
    },
    {
      "step": 20,
      "total": 3.8732771645300836,
      "emo": 3.802987575531006,
      "asr": 7.028912544250488,
      "per": 0.046355657279491425,
      "lambda_emo": 1.0,
      "lambda_asr": 0.01,
      "lambda_per": 1e-05
    },
    {
      "step": 21,
      "total": 3.9867160573544353,
      "emo": 3.9236178398132324,
      "asr": 6.309782028198242,
      "per": 0.03972592204809189,
      "lambda_emo": 1.0,
      "lambda_asr": 0.01,
      "lambda_per": 1e-05
    },
    {
      "step": 22,
      "total": 3.392030304831378,
      "emo": 3.3232486248016357,
      "asr": 6.878121376037598,
      "per": 0.04662693664431572,
      "lambda_emo": 1.0,
      "lambda_asr": 0.01,
      "lambda_per": 1e-05
    },
    {
      "step": 23,
      "total": 3.518374635621421,
      "emo": 3.4440219402313232,
      "asr": 7.435222625732422,
      "per": 0.046913277357816696,
      "lambda_emo": 1.0,
      "lambda_asr": 0.01,
      "lambda_per": 1e-05
    },
    {
      "step": 24,