{
  "sample_id": "07444_0010_neutral_0010_000212",
  "path": "/data1/lixiang/OpenS2S_dataset/ESD/CN/0010/Neutral/0010_000212.wav",
  "speaker_id": "0010",
  "ground_truth_emotion": "neutral",
  "target_emotion": "happy",
  "emo_text_clean": [
    "neutral",
    "neutral",
    "\u597d\u7684\uff0c\u6211\u7ee7\u7eed\u966a\u4f60"
  ],
  "emo_text_adv": [
    "happy",
    "happy",
    "happy"
  ],
  "emo_pred_clean": [
    "neutral",
    "neutral",
    ""
  ],
  "emo_pred_adv": [
    "happy",
    "happy",
    "happy"
  ],
  "asr_text_clean": "\u6211\u8fd8\u4f1a\u966a\u4f60",
  "asr_text_adv": "\u6211\u8fd8\u4f1a\u966a\u4f60",
  "success_emo": true,
  "wer": 0.0,
  "semantic_sim": 0.9999999403953552,
  "semantic_preserved": true,
  "delta_linf": 0.008000001311302185,
  "delta_l2": 0.9892057180404663,
  "snr_db": 12.133377179811278,
  "grad_norm_trace": [
    534.580810546875,
    588.8262329101562,
    347.85467529296875,
    510.6610412597656,
    204.8790740966797,
    175.75656127929688,
    163.8116912841797,
    66.9473648071289,
    56.589046478271484,
    87.76238250732422,
    70.52794647216797,
    78.77287292480469,
    134.67877197265625,
    82.7862548828125,
    57.67121505737305,
    124.72209930419922,
    82.88799285888672,
    81.621337890625,
    93.74398040771484,
    61.43947982788086,
    71.84402465820312,
    68.5135269165039,
    70.8881607055664,
    234.0191650390625,
    101.51839447021484,
    153.7313690185547,
    80.93973541259766,
    143.01393127441406,
    133.35939025878906,
    465.336181640625,
    89.20230102539062,
    117.50289154052734,
    135.8963165283203,
    154.34237670898438,
    120.01844787597656,
    132.69155883789062,
    100.90829467773438,
    109.68096923828125,
    67.16297149658203,
    86.49603271484375,
    222.02232360839844,
    75.7452163696289,
    126.05441284179688,
    67.34900665283203,
    60.12733840942383,
    109.9557113647461,
    183.2780303955078,
    54.98006057739258,
    32.482940673828125,
    31.921772003173828,
    29.918453216552734,
    54.76802444458008,
    38.9116096496582,
    30.90554428100586,
    30.497648239135742,
    28.768360137939453,
    23.047639846801758,
    24.310617446899414,
    19.78968048095703,
    64.20201873779297
  ],
  "loss_trace": [
    {
      "step": 0,
      "total": 8.237820043738186,
      "emo": 8.237798690795898,
      "asr": 0.21352942287921906,
      "per": 0.0,
      "lambda_emo": 1.0,
      "lambda_asr": 0.0001,
      "lambda_per": 0.0
    },
    {
      "step": 1,
      "total": 6.080727595585585,
      "emo": 6.08065128326416,
      "asr": 0.7631232142448425,
      "per": 0.03500248119235039,
      "lambda_emo": 1.0,
      "lambda_asr": 0.0001,
      "lambda_per": 0.0
    },
    {
      "step": 2,
      "total": 3.7814093661278485,
      "emo": 3.781378746032715,
      "asr": 0.30620095133781433,
      "per": 0.042709872126579285,
      "lambda_emo": 1.0,
      "lambda_asr": 0.0001,
      "lambda_per": 0.0
    },
    {
      "step": 3,
      "total": 7.116259549430013,
      "emo": 7.116209983825684,
      "asr": 0.4956560432910919,
      "per": 0.054504409432411194,
      "lambda_emo": 1.0,
      "lambda_asr": 0.0001,
      "lambda_per": 0.0
    },
    {
      "step": 4,
      "total": 5.658629737591744,
      "emo": 5.658544540405273,
      "asr": 0.8519718647003174,
      "per": 0.04831473529338837,
      "lambda_emo": 1.0,
      "lambda_asr": 0.0001,
      "lambda_per": 0.0
    },
    {
      "step": 5,
      "total": 4.69932548879385,
      "emo": 4.699287414550781,
      "asr": 0.3807424306869507,
      "per": 0.04503447562456131,
      "lambda_emo": 1.0,
      "lambda_asr": 0.0001,
      "lambda_per": 0.0
    },
    {
      "step": 6,
      "total": 3.664763337379694,
      "emo": 3.664742946624756,
      "asr": 0.2039075493812561,
      "per": 0.04597915709018707,
      "lambda_emo": 1.0,
      "lambda_asr": 0.0001,
      "lambda_per": 0.0
    },
    {
      "step": 7,
      "total": 3.8742998832419513,
      "emo": 3.874281644821167,
      "asr": 0.1823842078447342,
      "per": 0.04952548071742058,
      "lambda_emo": 1.0,
      "lambda_asr": 0.0001,
      "lambda_per": 0.0
    },
    {
      "step": 8,
      "total": 3.638289809051156,
      "emo": 3.63826060295105,
      "asr": 0.2920610010623932,
      "per": 0.06217644736170769,
      "lambda_emo": 1.0,
      "lambda_asr": 0.0001,
      "lambda_per": 0.0
    },
    {
      "step": 9,
      "total": 3.6464232106789947,
      "emo": 3.6464052200317383,
      "asr": 0.1799064725637436,
      "per": 0.048402704298496246,
      "lambda_emo": 1.0,
      "lambda_asr": 0.0001,
      "lambda_per": 0.0
    },
    {
      "step": 10,
      "total": 3.5965288866877554,
      "emo": 3.5965027809143066,
      "asr": 0.2610577344894409,
      "per": 0.058411456644535065,
      "lambda_emo": 1.0,
      "lambda_asr": 0.0001,
      "lambda_per": 0.0
    },
    {
      "step": 11,
      "total": 4.437224717366695,
      "emo": 4.437098026275635,
      "asr": 1.2669109106063843,
      "per": 0.053120970726013184,
      "lambda_emo": 1.0,
      "lambda_asr": 0.0001,
      "lambda_per": 0.0
    },
    {
      "step": 12,
      "total": 2.573862525794655,
      "emo": 2.5738515853881836,
      "asr": 0.1094040647149086,
      "per": 0.06114795058965683,
      "lambda_emo": 1.0,
      "lambda_asr": 0.0001,
      "lambda_per": 0.0
    },
    {
      "step": 13,
      "total": 3.233044839385152,
      "emo": 3.233031988143921,
      "asr": 0.1285124123096466,
      "per": 0.0536046028137207,
      "lambda_emo": 1.0,
      "lambda_asr": 0.0001,
      "lambda_per": 0.0
    },
    {
      "step": 14,
      "total": 3.2572936527222396,
      "emo": 3.2572667598724365,
      "asr": 0.26892849802970886,
      "per": 0.057675447314977646,
      "lambda_emo": 1.0,
      "lambda_asr": 0.0001,
      "lambda_per": 0.0
    },
    {
      "step": 15,
      "total": 3.296899155694246,
      "emo": 3.296875476837158,
      "asr": 0.2367885708808899,
      "per": 0.0631692111492157,
      "lambda_emo": 1.0,
      "lambda_asr": 0.0001,
      "lambda_per": 0.0
    },
    {
      "step": 16,
      "total": 2.7800691280096768,
      "emo": 2.7800421714782715,
      "asr": 0.26956531405448914,
      "per": 0.057335227727890015,
      "lambda_emo": 1.0,
      "lambda_asr": 0.0001,
      "lambda_per": 0.0
    },
    {
      "step": 17,
      "total": 2.6921231614232064,
      "emo": 2.69210147857666,
      "asr": 0.21682846546173096,
      "per": 0.05093766376376152,
      "lambda_emo": 1.0,
      "lambda_asr": 0.0001,
      "lambda_per": 0.0
    },
    {
      "step": 18,
      "total": 2.3360864735707643,
      "emo": 2.3360650539398193,
      "asr": 0.2141963094472885,
      "per": 0.04807352274656296,
      "lambda_emo": 1.0,
      "lambda_asr": 0.0001,
      "lambda_per": 0.0
    },
    {
      "step": 19,
      "total": 2.7533419393226506,
      "emo": 2.7533252239227295,
      "asr": 0.167153999209404,
      "per": 0.054126810282468796,
      "lambda_emo": 1.0,
      "lambda_asr": 0.0001,
      "lambda_per": 0.0
    },
    {
      "step": 20,
      "total": 2.675144338281676,
      "emo": 2.6728427410125732,
      "asr": 0.23011068999767303,
      "per": 0.049036912620067596,
      "lambda_emo": 1.0,
      "lambda_asr": 0.01,
      "lambda_per": 1e-05
    },
    {
      "step": 21,
      "total": 2.461425385240726,
      "emo": 2.459240436553955,
      "asr": 0.2184378057718277,
      "per": 0.05706290528178215,
      "lambda_emo": 1.0,
      "lambda_asr": 0.01,
      "lambda_per": 1e-05
    },
    {
      "step": 22,
      "total": 2.36693670539096,
      "emo": 2.364980697631836,
      "asr": 0.19554591178894043,
      "per": 0.054864123463630676,
      "lambda_emo": 1.0,
      "lambda_asr": 0.01,
      "lambda_per": 1e-05
    },
    {
      "step": 23,
      "total": 3.7480893659256025,
      "emo": 3.7457327842712402,
      "asr": 0.2356068342924118,
      "per": 0.05133114382624626,