{
  "sample_id": "07518_0010_neutral_0010_000260",
  "path": "/data1/lixiang/OpenS2S_dataset/ESD/CN/0010/Neutral/0010_000260.wav",
  "speaker_id": "0010",
  "ground_truth_emotion": "neutral",
  "target_emotion": "happy",
  "emo_text_clean": [
    "Sad",
    "Sad",
    "\u4f60\u542c\u8d77\u6765"
  ],
  "emo_text_adv": [
    "happy",
    "happy",
    "happy"
  ],
  "emo_pred_clean": [
    "sad",
    "sad",
    ""
  ],
  "emo_pred_adv": [
    "happy",
    "happy",
    "happy"
  ],
  "asr_text_clean": "\u6211\u51c6\u5907\u53bb\u7f51\u5427",
  "asr_text_adv": "Wool and coat teams worked on lichens' well-being.",
  "success_emo": true,
  "wer": 8.0,
  "semantic_sim": 0.027427971363067627,
  "semantic_preserved": false,
  "delta_linf": 0.008000001311302185,
  "delta_l2": 1.103498935699463,
  "snr_db": 16.770932283044427,
  "grad_norm_trace": [
    216.26683044433594,
    684.130126953125,
    2187.858642578125,
    199.7397918701172,
    80.50714874267578,
    83.8963394165039,
    74.83690643310547,
    38.67119216918945,
    109.3384017944336,
    35.888427734375,
    25.611459732055664,
    36.712188720703125,
    45.9232292175293,
    64.51933288574219,
    23.67417335510254,
    45.171024322509766,
    46.3894157409668,
    22.396686553955078,
    57.86095428466797,
    42.308746337890625,
    76.29092407226562,
    18.764562606811523,
    27.065916061401367,
    21.13673210144043,
    24.884645462036133,
    49.13161849975586,
    33.04704666137695,
    129.38388061523438,
    105.00225830078125,
    81.95201873779297,
    28.628829956054688,
    465.1455383300781,
    60.550025939941406,
    54.31903076171875,
    40.5716552734375,
    222.1616668701172,
    171.00088500976562,
    31.279598236083984,
    30.377216339111328,
    25.439186096191406,
    17.248952865600586,
    14.806286811828613,
    24.673593521118164,
    22.803184509277344,
    19.33514976501465,
    15.621696472167969,
    41.699623107910156,
    13.777913093566895,
    32.661460876464844,
    27.78593635559082,
    15.259154319763184,
    22.49905014038086,
    15.033637046813965,
    10.927181243896484,
    24.28755760192871,
    17.513572692871094,
    15.178815841674805,
    18.590604782104492,
    20.970916748046875,
    15.34477710723877
  ],
  "loss_trace": [
    {
      "step": 0,
      "total": 12.166675493961572,
      "emo": 12.166644096374512,
      "asr": 0.31397587060928345,
      "per": 0.0,
      "lambda_emo": 1.0,
      "lambda_asr": 0.0001,
      "lambda_per": 0.0
    },
    {
      "step": 1,
      "total": 11.329274637627602,
      "emo": 11.329229354858398,
      "asr": 0.45282769203186035,
      "per": 0.011983087286353111,
      "lambda_emo": 1.0,
      "lambda_asr": 0.0001,
      "lambda_per": 0.0
    },
    {
      "step": 2,
      "total": 6.381814338028431,
      "emo": 6.38177490234375,
      "asr": 0.3943568468093872,
      "per": 0.03837018832564354,
      "lambda_emo": 1.0,
      "lambda_asr": 0.0001,
      "lambda_per": 0.0
    },
    {
      "step": 3,
      "total": 3.5588350257873533,
      "emo": 3.5584943294525146,
      "asr": 3.406963348388672,
      "per": 0.0646694004535675,
      "lambda_emo": 1.0,
      "lambda_asr": 0.0001,
      "lambda_per": 0.0
    },
    {
      "step": 4,
      "total": 5.630744360637665,
      "emo": 5.629903316497803,
      "asr": 8.410441398620605,
      "per": 0.053661417216062546,
      "lambda_emo": 1.0,
      "lambda_asr": 0.0001,
      "lambda_per": 0.0
    },
    {
      "step": 5,
      "total": 4.634063263225555,
      "emo": 4.633213996887207,
      "asr": 8.492663383483887,
      "per": 0.061922889202833176,
      "lambda_emo": 1.0,
      "lambda_asr": 0.0001,
      "lambda_per": 0.0
    },
    {
      "step": 6,
      "total": 3.8846002574920653,
      "emo": 3.8837239742279053,
      "asr": 8.762832641601562,
      "per": 0.06955792754888535,
      "lambda_emo": 1.0,
      "lambda_asr": 0.0001,
      "lambda_per": 0.0
    },
    {
      "step": 7,
      "total": 3.0016241897583007,
      "emo": 3.000703811645508,
      "asr": 9.203781127929688,
      "per": 0.06541943550109863,
      "lambda_emo": 1.0,
      "lambda_asr": 0.0001,
      "lambda_per": 0.0
    },
    {
      "step": 8,
      "total": 3.5270372271060944,
      "emo": 3.526294708251953,
      "asr": 7.4251885414123535,
      "per": 0.05056252330541611,
      "lambda_emo": 1.0,
      "lambda_asr": 0.0001,
      "lambda_per": 0.0
    },
    {
      "step": 9,
      "total": 3.2897652448654173,
      "emo": 3.288896083831787,
      "asr": 8.691610336303711,
      "per": 0.06809265911579132,
      "lambda_emo": 1.0,
      "lambda_asr": 0.0001,
      "lambda_per": 0.0
    },
    {
      "step": 10,
      "total": 2.8424840955734254,
      "emo": 2.841576099395752,
      "asr": 9.079961776733398,
      "per": 0.06796125322580338,
      "lambda_emo": 1.0,
      "lambda_asr": 0.0001,
      "lambda_per": 0.0
    },
    {
      "step": 11,
      "total": 2.580868370628357,
      "emo": 2.579977512359619,
      "asr": 8.90858268737793,
      "per": 0.06758122891187668,
      "lambda_emo": 1.0,
      "lambda_asr": 0.0001,
      "lambda_per": 0.0
    },
    {
      "step": 12,
      "total": 2.662821241378784,
      "emo": 2.6619062423706055,
      "asr": 9.14999008178711,
      "per": 0.058987654745578766,
      "lambda_emo": 1.0,
      "lambda_asr": 0.0001,
      "lambda_per": 0.0
    },
    {
      "step": 13,
      "total": 2.8085758253097532,
      "emo": 2.8076910972595215,
      "asr": 8.847280502319336,
      "per": 0.06498786807060242,
      "lambda_emo": 1.0,
      "lambda_asr": 0.0001,
      "lambda_per": 0.0
    },
    {
      "step": 14,
      "total": 2.080623797416687,
      "emo": 2.079585075378418,
      "asr": 10.38722038269043,
      "per": 0.06127365678548813,
      "lambda_emo": 1.0,
      "lambda_asr": 0.0001,
      "lambda_per": 0.0
    },
    {
      "step": 15,
      "total": 2.4125589867591857,
      "emo": 2.4116201400756836,
      "asr": 9.388466835021973,
      "per": 0.05810491368174553,
      "lambda_emo": 1.0,
      "lambda_asr": 0.0001,
      "lambda_per": 0.0
    },
    {
      "step": 16,
      "total": 2.0677122575759888,
      "emo": 2.0667083263397217,
      "asr": 10.039312362670898,
      "per": 0.067058265209198,
      "lambda_emo": 1.0,
      "lambda_asr": 0.0001,
      "lambda_per": 0.0
    },
    {
      "step": 17,
      "total": 1.9894396808624268,
      "emo": 1.9883780479431152,
      "asr": 10.616329193115234,
      "per": 0.05492846295237541,
      "lambda_emo": 1.0,
      "lambda_asr": 0.0001,
      "lambda_per": 0.0
    },
    {
      "step": 18,
      "total": 2.169913973236084,
      "emo": 2.168989896774292,
      "asr": 9.240764617919922,
      "per": 0.05642939358949661,
      "lambda_emo": 1.0,
      "lambda_asr": 0.0001,
      "lambda_per": 0.0
    },
    {
      "step": 19,
      "total": 2.0123590578079225,
      "emo": 2.011258840560913,
      "asr": 11.002172470092773,
      "per": 0.04869852960109711,
      "lambda_emo": 1.0,
      "lambda_asr": 0.0001,
      "lambda_per": 0.0
    },
    {
      "step": 20,
      "total": 2.952358625660762,
      "emo": 2.861604690551758,
      "asr": 9.075342178344727,
      "per": 0.05133255571126938,
      "lambda_emo": 1.0,
      "lambda_asr": 0.01,
      "lambda_per": 1e-05
    },
    {
      "step": 21,
      "total": 2.221457016831748,
      "emo": 2.1219420433044434,
      "asr": 9.951452255249023,
      "per": 0.045097481459379196,
      "lambda_emo": 1.0,
      "lambda_asr": 0.01,
      "lambda_per": 1e-05
    },
    {
      "step": 22,
      "total": 2.038427078902796,
      "emo": 1.9434177875518799,
      "asr": 9.500877380371094,
      "per": 0.05175472050905228,
      "lambda_emo": 1.0,
      "lambda_asr": 0.01,
      "lambda_per": 1e-05
    },
    {
      "step": 23,
      "total": 1.9713804987805337,
      "emo": 1.8696646690368652,
      "asr": 10.171534538269043,
      "per": 0.04843609780073166,
      "lambda_emo": 1.0,