{
  "sample_id": "07534_0010_neutral_0010_000256",
  "path": "/data1/lixiang/OpenS2S_dataset/ESD/CN/0010/Neutral/0010_000256.wav",
  "speaker_id": "0010",
  "ground_truth_emotion": "neutral",
  "target_emotion": "happy",
  "emo_text_clean": [
    "Neutral",
    "Neutral",
    "\u5f53\u7136\u53ef\u4ee5\uff0c\u6f2b\u957f\u9ed1\u591c"
  ],
  "emo_text_adv": [
    "Happy",
    "happy",
    "Happy!"
  ],
  "emo_pred_clean": [
    "neutral",
    "neutral",
    ""
  ],
  "emo_pred_adv": [
    "happy",
    "happy",
    "happy"
  ],
  "asr_text_clean": "\u966a\u4f60",
  "asr_text_adv": "\u966a\u4f60",
  "success_emo": true,
  "wer": 0.0,
  "semantic_sim": 0.9999999403953552,
  "semantic_preserved": true,
  "delta_linf": 0.008000001311302185,
  "delta_l2": 1.078598976135254,
  "snr_db": 14.940431364976853,
  "grad_norm_trace": [
    393.7000732421875,
    406.0567932128906,
    209.7680206298828,
    149.76556396484375,
    239.82737731933594,
    71.47492218017578,
    73.92294311523438,
    95.19737243652344,
    73.44336700439453,
    78.61331176757812,
    119.96324920654297,
    46.863094329833984,
    91.80753326416016,
    69.32752227783203,
    60.830894470214844,
    69.63623046875,
    98.8624496459961,
    71.46424865722656,
    34.76978302001953,
    37.13426971435547,
    152.41673278808594,
    93.60169219970703,
    50.44902420043945,
    213.36412048339844,
    124.23857879638672,
    173.424560546875,
    130.34127807617188,
    348.0454406738281,
    86.63004302978516,
    138.6151123046875,
    58.880496978759766,
    70.08194732666016,
    158.3192138671875,
    78.74004364013672,
    39.50574493408203,
    95.26241302490234,
    629.5237426757812,
    95.77999114990234,
    260.22491455078125,
    67.39198303222656,
    133.07655334472656,
    181.2976837158203,
    120.20844268798828,
    141.61331176757812,
    85.97618103027344,
    279.8626708984375,
    43.71562957763672,
    66.62071990966797,
    78.97594451904297,
    50.47327423095703,
    44.75571823120117,
    104.33265686035156,
    136.463623046875,
    53.614253997802734,
    71.28192138671875,
    125.28690338134766,
    42.911556243896484,
    27.039396286010742,
    24.819547653198242,
    93.88145446777344
  ],
  "loss_trace": [
    {
      "step": 0,
      "total": 6.992566732776165,
      "emo": 6.992466926574707,
      "asr": 0.998062014579773,
      "per": 0.0,
      "lambda_emo": 1.0,
      "lambda_asr": 0.0001,
      "lambda_per": 0.0
    },
    {
      "step": 1,
      "total": 4.869163949871063,
      "emo": 4.86897087097168,
      "asr": 1.9307889938354492,
      "per": 0.029281405732035637,
      "lambda_emo": 1.0,
      "lambda_asr": 0.0001,
      "lambda_per": 0.0
    },
    {
      "step": 2,
      "total": 4.404198614287377,
      "emo": 4.404052734375,
      "asr": 1.458799123764038,
      "per": 0.04236136004328728,
      "lambda_emo": 1.0,
      "lambda_asr": 0.0001,
      "lambda_per": 0.0
    },
    {
      "step": 3,
      "total": 3.228851181960106,
      "emo": 3.2287545204162598,
      "asr": 0.9666154384613037,
      "per": 0.04164993017911911,
      "lambda_emo": 1.0,
      "lambda_asr": 0.0001,
      "lambda_per": 0.0
    },
    {
      "step": 4,
      "total": 2.968732585668564,
      "emo": 2.9686381816864014,
      "asr": 0.9440398216247559,
      "per": 0.039374418556690216,
      "lambda_emo": 1.0,
      "lambda_asr": 0.0001,
      "lambda_per": 0.0
    },
    {
      "step": 5,
      "total": 3.1350439020872116,
      "emo": 3.1349430084228516,
      "asr": 1.0089366436004639,
      "per": 0.03541506826877594,
      "lambda_emo": 1.0,
      "lambda_asr": 0.0001,
      "lambda_per": 0.0
    },
    {
      "step": 6,
      "total": 2.708879394257069,
      "emo": 2.708799123764038,
      "asr": 0.802704930305481,
      "per": 0.038215190172195435,
      "lambda_emo": 1.0,
      "lambda_asr": 0.0001,
      "lambda_per": 0.0
    },
    {
      "step": 7,
      "total": 2.290547097861767,
      "emo": 2.290430784225464,
      "asr": 1.16313636302948,
      "per": 0.04934818670153618,
      "lambda_emo": 1.0,
      "lambda_asr": 0.0001,
      "lambda_per": 0.0
    },
    {
      "step": 8,
      "total": 2.9441823439002035,
      "emo": 2.9440784454345703,
      "asr": 1.0389846563339233,
      "per": 0.046930160373449326,
      "lambda_emo": 1.0,
      "lambda_asr": 0.0001,
      "lambda_per": 0.0
    },
    {
      "step": 9,
      "total": 2.1526184643507005,
      "emo": 2.1523289680480957,
      "asr": 2.894963026046753,
      "per": 0.04496898502111435,
      "lambda_emo": 1.0,
      "lambda_asr": 0.0001,
      "lambda_per": 0.0
    },
    {
      "step": 10,
      "total": 2.644363772529364,
      "emo": 2.644266128540039,
      "asr": 0.976439893245697,
      "per": 0.043291181325912476,
      "lambda_emo": 1.0,
      "lambda_asr": 0.0001,
      "lambda_per": 0.0
    },
    {
      "step": 11,
      "total": 1.8787197300076484,
      "emo": 1.8786290884017944,
      "asr": 0.9064160585403442,
      "per": 0.04359254986047745,
      "lambda_emo": 1.0,
      "lambda_asr": 0.0001,
      "lambda_per": 0.0
    },
    {
      "step": 12,
      "total": 2.251315932285786,
      "emo": 2.2511978149414062,
      "asr": 1.1811734437942505,
      "per": 0.04530903697013855,
      "lambda_emo": 1.0,
      "lambda_asr": 0.0001,
      "lambda_per": 0.0
    },
    {
      "step": 13,
      "total": 2.377127444601059,
      "emo": 2.376728057861328,
      "asr": 3.9938673973083496,
      "per": 0.047769054770469666,
      "lambda_emo": 1.0,
      "lambda_asr": 0.0001,
      "lambda_per": 0.0
    },
    {
      "step": 14,
      "total": 1.6982490569591522,
      "emo": 1.6981334686279297,
      "asr": 1.1558833122253418,
      "per": 0.04634842276573181,
      "lambda_emo": 1.0,
      "lambda_asr": 0.0001,
      "lambda_per": 0.0
    },
    {
      "step": 15,
      "total": 1.9319942156314849,
      "emo": 1.931860327720642,
      "asr": 1.338879108428955,
      "per": 0.051681943237781525,
      "lambda_emo": 1.0,
      "lambda_asr": 0.0001,
      "lambda_per": 0.0
    },
    {
      "step": 16,
      "total": 2.1542413631796835,
      "emo": 2.154073715209961,
      "asr": 1.676479697227478,
      "per": 0.04071690887212753,
      "lambda_emo": 1.0,
      "lambda_asr": 0.0001,
      "lambda_per": 0.0
    },
    {
      "step": 17,
      "total": 2.5667032609939575,
      "emo": 2.5661087036132812,
      "asr": 5.945573806762695,
      "per": 0.04172251746058464,
      "lambda_emo": 1.0,
      "lambda_asr": 0.0001,
      "lambda_per": 0.0
    },
    {
      "step": 18,
      "total": 1.7884458439588546,
      "emo": 1.7883880138397217,
      "asr": 0.578301191329956,
      "per": 0.04594818502664566,
      "lambda_emo": 1.0,
      "lambda_asr": 0.0001,
      "lambda_per": 0.0
    },
    {
      "step": 19,
      "total": 1.426626777803898,
      "emo": 1.4265164136886597,
      "asr": 1.103641152381897,
      "per": 0.040705397725105286,
      "lambda_emo": 1.0,
      "lambda_asr": 0.0001,
      "lambda_per": 0.0
    },
    {
      "step": 20,
      "total": 1.8084398451446742,
      "emo": 1.7859301567077637,
      "asr": 2.2509219646453857,
      "per": 0.04687904566526413,
      "lambda_emo": 1.0,
      "lambda_asr": 0.01,
      "lambda_per": 1e-05
    },
    {
      "step": 21,
      "total": 2.5295923546243833,
      "emo": 2.514596700668335,
      "asr": 1.499510645866394,
      "per": 0.0547497384250164,
      "lambda_emo": 1.0,
      "lambda_asr": 0.01,
      "lambda_per": 1e-05
    },
    {
      "step": 22,
      "total": 1.8740875442297757,
      "emo": 1.861629843711853,
      "asr": 1.2457308769226074,
      "per": 0.039174869656562805,
      "lambda_emo": 1.0,
      "lambda_asr": 0.01,
      "lambda_per": 1e-05
    },
    {
      "step": 23,
      "total": 2.3869917316069826,
      "emo": 2.3694567680358887,
      "asr": 1.7534475326538086,
      "per": 0.048824455589056015,
      "lambda_emo": 1.0,
      "lambda_asr": 0.01,