{
  "sample_id": "07544_0010_neutral_0010_000033",
  "path": "/data1/lixiang/OpenS2S_dataset/ESD/CN/0010/Neutral/0010_000033.wav",
  "speaker_id": "0010",
  "ground_truth_emotion": "neutral",
  "target_emotion": "happy",
  "emo_text_clean": [
    "Neutral",
    "Neutral",
    "\u54e6\uff0c\u60a8\u662f\u9752\u86d9"
  ],
  "emo_text_adv": [
    "Happy",
    "happy",
    "happy"
  ],
  "emo_pred_clean": [
    "neutral",
    "neutral",
    ""
  ],
  "emo_pred_adv": [
    "happy",
    "happy",
    "happy"
  ],
  "asr_text_clean": "\u6211\u662f\u9752\u86d9",
  "asr_text_adv": "\u6211\u53bb\u94c5\u74e6\u4e0d\u96cd",
  "success_emo": true,
  "wer": 1.0,
  "semantic_sim": 0.42094314098358154,
  "semantic_preserved": false,
  "delta_linf": 0.008000001311302185,
  "delta_l2": 0.9901852011680603,
  "snr_db": 11.13078465135328,
  "grad_norm_trace": [
    741.9434204101562,
    422.6316833496094,
    174.63656616210938,
    147.57144165039062,
    272.0675354003906,
    229.68540954589844,
    186.886474609375,
    153.66357421875,
    121.4072494506836,
    111.95426940917969,
    85.1468276977539,
    95.50334930419922,
    63.21316909790039,
    117.12136840820312,
    121.11155700683594,
    73.50830078125,
    117.68102264404297,
    41.44456100463867,
    43.08792495727539,
    31.691923141479492,
    27.46636390686035,
    23.558088302612305,
    26.72599983215332,
    23.309354782104492,
    34.1763801574707,
    52.12571716308594,
    24.928640365600586,
    26.24384307861328,
    34.97516632080078,
    16.244230270385742,
    83.96428680419922,
    32.877159118652344,
    152.38381958007812,
    24.57223892211914,
    23.727113723754883,
    17.475990295410156,
    36.2230339050293,
    24.720060348510742,
    27.604738235473633,
    32.342098236083984,
    33.83734130859375,
    54.91987991333008,
    28.509191513061523,
    54.460113525390625,
    20.938461303710938,
    31.935710906982422,
    33.08213424682617,
    16.971729278564453,
    17.766775131225586,
    10.539393424987793,
    21.536386489868164,
    19.951902389526367,
    16.25369644165039,
    20.152294158935547,
    14.851879119873047,
    14.83385944366455,
    22.604476928710938,
    28.104948043823242,
    27.102903366088867,
    29.843769073486328
  ],
  "loss_trace": [
    {
      "step": 0,
      "total": 7.998807191661,
      "emo": 7.998769283294678,
      "asr": 0.37908366322517395,
      "per": 0.0,
      "lambda_emo": 1.0,
      "lambda_asr": 0.0001,
      "lambda_per": 0.0
    },
    {
      "step": 1,
      "total": 8.38603801649809,
      "emo": 8.38592529296875,
      "asr": 1.1272352933883667,
      "per": 0.038075558841228485,
      "lambda_emo": 1.0,
      "lambda_asr": 0.0001,
      "lambda_per": 0.0
    },
    {
      "step": 2,
      "total": 5.795062266138196,
      "emo": 5.795032024383545,
      "asr": 0.3024175465106964,
      "per": 0.05206175148487091,
      "lambda_emo": 1.0,
      "lambda_asr": 0.0001,
      "lambda_per": 0.0
    },
    {
      "step": 3,
      "total": 4.703777108028531,
      "emo": 4.703752517700195,
      "asr": 0.24590328335762024,
      "per": 0.046757735311985016,
      "lambda_emo": 1.0,
      "lambda_asr": 0.0001,
      "lambda_per": 0.0
    },
    {
      "step": 4,
      "total": 4.298063541048765,
      "emo": 4.298033714294434,
      "asr": 0.29826754331588745,
      "per": 0.04293394833803177,
      "lambda_emo": 1.0,
      "lambda_asr": 0.0001,
      "lambda_per": 0.0
    },
    {
      "step": 5,
      "total": 5.23544768076837,
      "emo": 5.235414505004883,
      "asr": 0.33175763487815857,
      "per": 0.046796899288892746,
      "lambda_emo": 1.0,
      "lambda_asr": 0.0001,
      "lambda_per": 0.0
    },
    {
      "step": 6,
      "total": 4.5933274368315935,
      "emo": 4.593297481536865,
      "asr": 0.29955294728279114,
      "per": 0.04533016309142113,
      "lambda_emo": 1.0,
      "lambda_asr": 0.0001,
      "lambda_per": 0.0
    },
    {
      "step": 7,
      "total": 5.843817008018494,
      "emo": 5.843531608581543,
      "asr": 2.853994369506836,
      "per": 0.04990536719560623,
      "lambda_emo": 1.0,
      "lambda_asr": 0.0001,
      "lambda_per": 0.0
    },
    {
      "step": 8,
      "total": 4.134199880552292,
      "emo": 4.133767127990723,
      "asr": 4.327525615692139,
      "per": 0.04291265457868576,
      "lambda_emo": 1.0,
      "lambda_asr": 0.0001,
      "lambda_per": 0.0
    },
    {
      "step": 9,
      "total": 3.7771928778648376,
      "emo": 3.77683162689209,
      "asr": 3.6125097274780273,
      "per": 0.050309404730796814,
      "lambda_emo": 1.0,
      "lambda_asr": 0.0001,
      "lambda_per": 0.0
    },
    {
      "step": 10,
      "total": 3.2279170221328735,
      "emo": 3.2274653911590576,
      "asr": 4.51630973815918,
      "per": 0.06077703461050987,
      "lambda_emo": 1.0,
      "lambda_asr": 0.0001,
      "lambda_per": 0.0
    },
    {
      "step": 11,
      "total": 2.6231566146850587,
      "emo": 2.6226916313171387,
      "asr": 4.649833679199219,
      "per": 0.04250963777303696,
      "lambda_emo": 1.0,
      "lambda_asr": 0.0001,
      "lambda_per": 0.0
    },
    {
      "step": 12,
      "total": 2.735306694316864,
      "emo": 2.73480486869812,
      "asr": 5.018256187438965,
      "per": 0.0584900826215744,
      "lambda_emo": 1.0,
      "lambda_asr": 0.0001,
      "lambda_per": 0.0
    },
    {
      "step": 13,
      "total": 2.7903725268363955,
      "emo": 2.789839267730713,
      "asr": 5.3325910568237305,
      "per": 0.044352464377880096,
      "lambda_emo": 1.0,
      "lambda_asr": 0.0001,
      "lambda_per": 0.0
    },
    {
      "step": 14,
      "total": 3.762341477060318,
      "emo": 3.7617697715759277,
      "asr": 5.717054843902588,
      "per": 0.05940935015678406,
      "lambda_emo": 1.0,
      "lambda_asr": 0.0001,
      "lambda_per": 0.0
    },
    {
      "step": 15,
      "total": 3.77129522562027,
      "emo": 3.7708582878112793,
      "asr": 4.369378089904785,
      "per": 0.04629462584853172,
      "lambda_emo": 1.0,
      "lambda_asr": 0.0001,
      "lambda_per": 0.0
    },
    {
      "step": 16,
      "total": 3.4232125163078306,
      "emo": 3.4227123260498047,
      "asr": 5.0019025802612305,
      "per": 0.053546153008937836,
      "lambda_emo": 1.0,
      "lambda_asr": 0.0001,
      "lambda_per": 0.0
    },
    {
      "step": 17,
      "total": 2.914958543920517,
      "emo": 2.9145476818084717,
      "asr": 4.108621120452881,
      "per": 0.05065981298685074,
      "lambda_emo": 1.0,
      "lambda_asr": 0.0001,
      "lambda_per": 0.0
    },
    {
      "step": 18,
      "total": 2.4870280925750734,
      "emo": 2.4864277839660645,
      "asr": 6.003086090087891,
      "per": 0.05475505441427231,
      "lambda_emo": 1.0,
      "lambda_asr": 0.0001,
      "lambda_per": 0.0
    },
    {
      "step": 19,
      "total": 2.1100305275917055,
      "emo": 2.109407901763916,
      "asr": 6.226258277893066,
      "per": 0.05290479585528374,
      "lambda_emo": 1.0,
      "lambda_asr": 0.0001,
      "lambda_per": 0.0
    },
    {
      "step": 20,
      "total": 2.34184218053855,
      "emo": 2.269529104232788,
      "asr": 7.2312517166137695,
      "per": 0.05591396242380142,
      "lambda_emo": 1.0,
      "lambda_asr": 0.01,
      "lambda_per": 1e-05
    },
    {
      "step": 21,
      "total": 2.066104622387439,
      "emo": 1.993962287902832,
      "asr": 7.2141876220703125,
      "per": 0.04582639038562775,
      "lambda_emo": 1.0,
      "lambda_asr": 0.01,
      "lambda_per": 1e-05
    },
    {
      "step": 22,
      "total": 1.9233470472436398,
      "emo": 1.8561720848083496,
      "asr": 6.717446804046631,
      "per": 0.049439482390880585,
      "lambda_emo": 1.0,
      "lambda_asr": 0.01,
      "lambda_per": 1e-05
    },
    {
      "step": 23,
      "total": 1.7147488329156488,
      "emo": 1.6519958972930908,
      "asr": 6.275239944458008,
      "per": 0.053617797791957855,
      "lambda_emo": 1.0,