{
  "sample_id": "07649_0010_neutral_0010_000252",
  "path": "/data1/lixiang/OpenS2S_dataset/ESD/CN/0010/Neutral/0010_000252.wav",
  "speaker_id": "0010",
  "ground_truth_emotion": "neutral",
  "target_emotion": "happy",
  "emo_text_clean": [
    "Neutral",
    "Neutral",
    "\u542c\u8d77\u6765"
  ],
  "emo_text_adv": [
    "Happy",
    "Happy",
    "Happy!"
  ],
  "emo_pred_clean": [
    "neutral",
    "neutral",
    ""
  ],
  "emo_pred_adv": [
    "happy",
    "happy",
    "happy"
  ],
  "asr_text_clean": "\u6211\u662f\u4e2a\u6e38\u620f\u8ff7\u3002",
  "asr_text_adv": "\u6211\u662f\u4e2a\u6e38\u620f\u4eba\u3002",
  "success_emo": true,
  "wer": 1.0,
  "semantic_sim": 0.8816264271736145,
  "semantic_preserved": true,
  "delta_linf": 0.008000001311302185,
  "delta_l2": 0.8750466108322144,
  "snr_db": 15.085817791607997,
  "grad_norm_trace": [
    406.205810546875,
    293.9739685058594,
    283.8045654296875,
    297.9986267089844,
    119.2425765991211,
    40.63542556762695,
    46.19245910644531,
    22.971830368041992,
    43.51555633544922,
    56.28876876831055,
    40.520721435546875,
    32.43840408325195,
    49.145904541015625,
    34.39175033569336,
    39.40827178955078,
    48.4011344909668,
    43.65311813354492,
    49.137935638427734,
    77.05728149414062,
    25.935901641845703,
    72.87065124511719,
    84.28433990478516,
    52.76849365234375,
    87.3201904296875,
    48.047122955322266,
    58.7026252746582,
    43.1453971862793,
    35.87557601928711,
    34.4030876159668,
    28.223880767822266,
    22.769180297851562,
    56.968910217285156,
    42.14570999145508,
    36.9835090637207,
    49.26422882080078,
    69.5044174194336,
    35.198097229003906,
    48.1063232421875,
    27.772092819213867,
    79.96073150634766,
    54.0547981262207,
    52.5886344909668,
    37.32449722290039,
    33.51470184326172,
    37.74930191040039,
    31.97509002685547,
    24.607059478759766,
    25.60855484008789,
    75.71194458007812,
    46.1376838684082,
    38.884605407714844,
    43.38726043701172,
    19.346473693847656,
    37.47935104370117,
    26.766490936279297,
    44.654937744140625,
    23.108434677124023,
    17.760639190673828,
    22.96338653564453,
    61.255916595458984
  ],
  "loss_trace": [
    {
      "step": 0,
      "total": 8.353039264670015,
      "emo": 8.353023529052734,
      "asr": 0.1573561728000641,
      "per": 0.0,
      "lambda_emo": 1.0,
      "lambda_asr": 0.0001,
      "lambda_per": 0.0
    },
    {
      "step": 1,
      "total": 5.767779671144486,
      "emo": 5.767760276794434,
      "asr": 0.19394350051879883,
      "per": 0.03041904792189598,
      "lambda_emo": 1.0,
      "lambda_asr": 0.0001,
      "lambda_per": 0.0
    },
    {
      "step": 2,
      "total": 5.604213355687261,
      "emo": 5.604188919067383,
      "asr": 0.24436619877815247,
      "per": 0.035515159368515015,
      "lambda_emo": 1.0,
      "lambda_asr": 0.0001,
      "lambda_per": 0.0
    },
    {
      "step": 3,
      "total": 5.1419337354660035,
      "emo": 5.141910552978516,
      "asr": 0.2318248748779297,
      "per": 0.05221601575613022,
      "lambda_emo": 1.0,
      "lambda_asr": 0.0001,
      "lambda_per": 0.0
    },
    {
      "step": 4,
      "total": 4.061943064895273,
      "emo": 4.061914443969727,
      "asr": 0.28620925545692444,
      "per": 0.05048682540655136,
      "lambda_emo": 1.0,
      "lambda_asr": 0.0001,
      "lambda_per": 0.0
    },
    {
      "step": 5,
      "total": 3.5242466743856666,
      "emo": 3.524226665496826,
      "asr": 0.20008888840675354,
      "per": 0.05570124834775925,
      "lambda_emo": 1.0,
      "lambda_asr": 0.0001,
      "lambda_per": 0.0
    },
    {
      "step": 6,
      "total": 3.6231505932092665,
      "emo": 3.6231260299682617,
      "asr": 0.24563241004943848,
      "per": 0.05224687606096268,
      "lambda_emo": 1.0,
      "lambda_asr": 0.0001,
      "lambda_per": 0.0
    },
    {
      "step": 7,
      "total": 3.5220733792722223,
      "emo": 3.5220465660095215,
      "asr": 0.26813262701034546,
      "per": 0.04151375591754913,
      "lambda_emo": 1.0,
      "lambda_asr": 0.0001,
      "lambda_per": 0.0
    },
    {
      "step": 8,
      "total": 3.324680048123002,
      "emo": 3.3246564865112305,
      "asr": 0.23561611771583557,
      "per": 0.054882295429706573,
      "lambda_emo": 1.0,
      "lambda_asr": 0.0001,
      "lambda_per": 0.0
    },
    {
      "step": 9,
      "total": 3.3064741721779107,
      "emo": 3.3064379692077637,
      "asr": 0.36202970147132874,
      "per": 0.04999687895178795,
      "lambda_emo": 1.0,
      "lambda_asr": 0.0001,
      "lambda_per": 0.0
    },
    {
      "step": 10,
      "total": 3.2443427386686206,
      "emo": 3.244320869445801,
      "asr": 0.21869222819805145,
      "per": 0.05026046559214592,
      "lambda_emo": 1.0,
      "lambda_asr": 0.0001,
      "lambda_per": 0.0
    },
    {
      "step": 11,
      "total": 3.379898356175423,
      "emo": 3.37986159324646,
      "asr": 0.3676292896270752,
      "per": 0.05561741441488266,
      "lambda_emo": 1.0,
      "lambda_asr": 0.0001,
      "lambda_per": 0.0
    },
    {
      "step": 12,
      "total": 2.868137319594622,
      "emo": 2.868101119995117,
      "asr": 0.36199599504470825,
      "per": 0.0551781952381134,
      "lambda_emo": 1.0,
      "lambda_asr": 0.0001,
      "lambda_per": 0.0
    },
    {
      "step": 13,
      "total": 3.152731657204032,
      "emo": 3.1527042388916016,
      "asr": 0.27418312430381775,
      "per": 0.039907049387693405,
      "lambda_emo": 1.0,
      "lambda_asr": 0.0001,
      "lambda_per": 0.0
    },
    {
      "step": 14,
      "total": 2.826117646971345,
      "emo": 2.8260889053344727,
      "asr": 0.28741636872291565,
      "per": 0.04998254030942917,
      "lambda_emo": 1.0,
      "lambda_asr": 0.0001,
      "lambda_per": 0.0
    },
    {
      "step": 15,
      "total": 2.5553721175909043,
      "emo": 2.555335521697998,
      "asr": 0.36595892906188965,
      "per": 0.039618831127882004,
      "lambda_emo": 1.0,
      "lambda_asr": 0.0001,
      "lambda_per": 0.0
    },
    {
      "step": 16,
      "total": 2.490053343197703,
      "emo": 2.490025520324707,
      "asr": 0.2782287299633026,
      "per": 0.055679045617580414,
      "lambda_emo": 1.0,
      "lambda_asr": 0.0001,
      "lambda_per": 0.0
    },
    {
      "step": 17,
      "total": 2.5210505094707014,
      "emo": 2.5210158824920654,
      "asr": 0.34626978635787964,
      "per": 0.03979334235191345,
      "lambda_emo": 1.0,
      "lambda_asr": 0.0001,
      "lambda_per": 0.0
    },
    {
      "step": 18,
      "total": 2.4288915136635305,
      "emo": 2.428847074508667,
      "asr": 0.44439154863357544,
      "per": 0.0578775480389595,
      "lambda_emo": 1.0,
      "lambda_asr": 0.0001,
      "lambda_per": 0.0
    },
    {
      "step": 19,
      "total": 2.5394408040702343,
      "emo": 2.539407968521118,
      "asr": 0.32835549116134644,
      "per": 0.04294221103191376,
      "lambda_emo": 1.0,
      "lambda_asr": 0.0001,
      "lambda_per": 0.0
    },
    {
      "step": 20,
      "total": 2.3660379783285412,
      "emo": 2.362671375274658,
      "asr": 0.33660244941711426,
      "per": 0.05785597115755081,
      "lambda_emo": 1.0,
      "lambda_asr": 0.01,
      "lambda_per": 1e-05
    },
    {
      "step": 21,
      "total": 4.486110956452489,
      "emo": 4.427483558654785,
      "asr": 5.862689018249512,
      "per": 0.050761520862579346,
      "lambda_emo": 1.0,
      "lambda_asr": 0.01,
      "lambda_per": 1e-05
    },
    {
      "step": 22,
      "total": 2.6069264514292403,
      "emo": 2.6034791469573975,
      "asr": 0.3446844816207886,
      "per": 0.045965563505887985,
      "lambda_emo": 1.0,
      "lambda_asr": 0.01,
      "lambda_per": 1e-05
    },
    {
      "step": 23,
      "total": 2.9058213713634014,
      "emo": 2.903329610824585,
      "asr": 0.24912607669830322,
      "per": 0.04997718334197998,