{
  "sample_id": "07679_0010_neutral_0010_000131",
  "path": "/data1/lixiang/OpenS2S_dataset/ESD/CN/0010/Neutral/0010_000131.wav",
  "speaker_id": "0010",
  "ground_truth_emotion": "neutral",
  "target_emotion": "happy",
  "emo_text_clean": [
    "Neutral",
    "Neutral",
    "Neutral"
  ],
  "emo_text_adv": [
    "Happy",
    "Happy",
    "Happy"
  ],
  "emo_pred_clean": [
    "neutral",
    "neutral",
    "neutral"
  ],
  "emo_pred_adv": [
    "happy",
    "happy",
    "happy"
  ],
  "asr_text_clean": "\u541d",
  "asr_text_adv": "\u541d",
  "success_emo": true,
  "wer": 0.0,
  "semantic_sim": 1.0,
  "semantic_preserved": true,
  "delta_linf": 0.008000001311302185,
  "delta_l2": 1.1606031656265259,
  "snr_db": 16.214798059398653,
  "grad_norm_trace": [
    567.4844970703125,
    189.9253692626953,
    216.17962646484375,
    99.09973907470703,
    76.00467681884766,
    106.0294189453125,
    93.71509552001953,
    66.39903259277344,
    38.170169830322266,
    57.94400405883789,
    90.3855972290039,
    828.1856079101562,
    83.79940032958984,
    110.13580322265625,
    148.4580841064453,
    137.4408416748047,
    192.21115112304688,
    85.31787109375,
    65.21015167236328,
    187.1515350341797,
    126.97301483154297,
    79.69766998291016,
    70.20687103271484,
    112.93919372558594,
    121.76498413085938,
    128.70681762695312,
    50.30585861206055,
    42.90510559082031,
    89.00300598144531,
    50.05238342285156,
    75.71451568603516,
    36.59425354003906,
    33.874046325683594,
    40.43240737915039,
    103.30793762207031,
    96.12162017822266,
    33.162620544433594,
    44.10185623168945,
    41.00074005126953,
    66.73464965820312,
    38.733802795410156,
    27.689008712768555,
    46.392189025878906,
    21.42228889465332,
    40.794837951660156,
    24.71426010131836,
    65.790771484375,
    35.67957305908203,
    139.18359375,
    21.94023323059082,
    33.44102478027344,
    33.802452087402344,
    54.913330078125,
    96.25557708740234,
    22.935457229614258,
    277.3027038574219,
    107.19032287597656,
    63.03754425048828,
    55.13119888305664,
    40.00299072265625
  ],
  "loss_trace": [
    {
      "step": 0,
      "total": 6.796918137532472,
      "emo": 6.796908855438232,
      "asr": 0.09282094240188599,
      "per": 0.0,
      "lambda_emo": 1.0,
      "lambda_asr": 0.0001,
      "lambda_per": 0.0
    },
    {
      "step": 1,
      "total": 6.591623205019534,
      "emo": 6.591602325439453,
      "asr": 0.20879580080509186,
      "per": 0.018982838839292526,
      "lambda_emo": 1.0,
      "lambda_asr": 0.0001,
      "lambda_per": 0.0
    },
    {
      "step": 2,
      "total": 5.542262684774399,
      "emo": 5.541684150695801,
      "asr": 5.785340785980225,
      "per": 0.0326043926179409,
      "lambda_emo": 1.0,
      "lambda_asr": 0.0001,
      "lambda_per": 0.0
    },
    {
      "step": 3,
      "total": 4.81954089140892,
      "emo": 4.819243907928467,
      "asr": 2.969834804534912,
      "per": 0.029353996738791466,
      "lambda_emo": 1.0,
      "lambda_asr": 0.0001,
      "lambda_per": 0.0
    },
    {
      "step": 4,
      "total": 3.550014259624481,
      "emo": 3.5494327545166016,
      "asr": 5.815051078796387,
      "per": 0.03299951180815697,
      "lambda_emo": 1.0,
      "lambda_asr": 0.0001,
      "lambda_per": 0.0
    },
    {
      "step": 5,
      "total": 3.640986818861961,
      "emo": 3.6408634185791016,
      "asr": 1.2340028285980225,
      "per": 0.03648920729756355,
      "lambda_emo": 1.0,
      "lambda_asr": 0.0001,
      "lambda_per": 0.0
    },
    {
      "step": 6,
      "total": 3.4706577545166017,
      "emo": 3.4700560569763184,
      "asr": 6.016975402832031,
      "per": 0.03859550878405571,
      "lambda_emo": 1.0,
      "lambda_asr": 0.0001,
      "lambda_per": 0.0
    },
    {
      "step": 7,
      "total": 3.17367952041626,
      "emo": 3.1729133129119873,
      "asr": 7.662075042724609,
      "per": 0.03479842469096184,
      "lambda_emo": 1.0,
      "lambda_asr": 0.0001,
      "lambda_per": 0.0
    },
    {
      "step": 8,
      "total": 3.169115631103516,
      "emo": 3.16879940032959,
      "asr": 3.1623077392578125,
      "per": 0.031925737857818604,
      "lambda_emo": 1.0,
      "lambda_asr": 0.0001,
      "lambda_per": 0.0
    },
    {
      "step": 9,
      "total": 2.501563748407364,
      "emo": 2.500950574874878,
      "asr": 6.131735324859619,
      "per": 0.03734438121318817,
      "lambda_emo": 1.0,
      "lambda_asr": 0.0001,
      "lambda_per": 0.0
    },
    {
      "step": 10,
      "total": 2.8326432803153994,
      "emo": 2.8320116996765137,
      "asr": 6.3158063888549805,
      "per": 0.04180244728922844,
      "lambda_emo": 1.0,
      "lambda_asr": 0.0001,
      "lambda_per": 0.0
    },
    {
      "step": 11,
      "total": 2.917799739217758,
      "emo": 2.9175596237182617,
      "asr": 2.4011549949645996,
      "per": 0.03312555328011513,
      "lambda_emo": 1.0,
      "lambda_asr": 0.0001,
      "lambda_per": 0.0
    },
    {
      "step": 12,
      "total": 3.1708349075317384,
      "emo": 3.1701316833496094,
      "asr": 7.0322418212890625,
      "per": 0.03587503731250763,
      "lambda_emo": 1.0,
      "lambda_asr": 0.0001,
      "lambda_per": 0.0
    },
    {
      "step": 13,
      "total": 5.371499548757076,
      "emo": 5.371380805969238,
      "asr": 1.1874278783798218,
      "per": 0.03838749974966049,
      "lambda_emo": 1.0,
      "lambda_asr": 0.0001,
      "lambda_per": 0.0
    },
    {
      "step": 14,
      "total": 3.5541473523139953,
      "emo": 3.5531537532806396,
      "asr": 9.935990333557129,
      "per": 0.040053337812423706,
      "lambda_emo": 1.0,
      "lambda_asr": 0.0001,
      "lambda_per": 0.0
    },
    {
      "step": 15,
      "total": 3.598315236759186,
      "emo": 3.597355365753174,
      "asr": 9.598710060119629,
      "per": 0.042052313685417175,
      "lambda_emo": 1.0,
      "lambda_asr": 0.0001,
      "lambda_per": 0.0
    },
    {
      "step": 16,
      "total": 3.9695001514434813,
      "emo": 3.9685561656951904,
      "asr": 9.439857482910156,
      "per": 0.04048408567905426,
      "lambda_emo": 1.0,
      "lambda_asr": 0.0001,
      "lambda_per": 0.0
    },
    {
      "step": 17,
      "total": 3.592729168510437,
      "emo": 3.591952085494995,
      "asr": 7.770830154418945,
      "per": 0.04847973585128784,
      "lambda_emo": 1.0,
      "lambda_asr": 0.0001,
      "lambda_per": 0.0
    },
    {
      "step": 18,
      "total": 3.186291100883484,
      "emo": 3.1854283809661865,
      "asr": 8.627199172973633,
      "per": 0.03519882634282112,
      "lambda_emo": 1.0,
      "lambda_asr": 0.0001,
      "lambda_per": 0.0
    },
    {
      "step": 19,
      "total": 3.0410871535301207,
      "emo": 3.040281295776367,
      "asr": 8.058577537536621,
      "per": 0.03694408759474754,
      "lambda_emo": 1.0,
      "lambda_asr": 0.0001,
      "lambda_per": 0.0
    },
    {
      "step": 20,
      "total": 3.3021927350276705,
      "emo": 3.2094273567199707,
      "asr": 9.276488304138184,
      "per": 0.0495266318321228,
      "lambda_emo": 1.0,
      "lambda_asr": 0.01,
      "lambda_per": 1e-05
    },
    {
      "step": 21,
      "total": 3.2976101525117456,
      "emo": 3.231228828430176,
      "asr": 6.638083457946777,
      "per": 0.048950210213661194,
      "lambda_emo": 1.0,
      "lambda_asr": 0.01,
      "lambda_per": 1e-05
    },
    {
      "step": 22,
      "total": 3.5170504763388633,
      "emo": 3.4273123741149902,
      "asr": 8.97376823425293,
      "per": 0.04198813438415527,
      "lambda_emo": 1.0,
      "lambda_asr": 0.01,
      "lambda_per": 1e-05
    },
    {
      "step": 23,
      "total": 3.2140455438583717,
      "emo": 3.1342456340789795,
      "asr": 7.979946136474609,
      "per": 0.0448414646089077,
      "lambda_emo": 1.0,
      "lambda_asr": 0.01,
      "lambda_per": 1e-05
    },
    {
      "step": 24,
      "total": 4.583486094161123,