{
  "sample_id": "07722_0010_sad_0010_001168",
  "path": "/data1/lixiang/OpenS2S_dataset/ESD/CN/0010/Sad/0010_001168.wav",
  "speaker_id": "0010",
  "ground_truth_emotion": "sad",
  "target_emotion": "happy",
  "emo_text_clean": [
    "Sad",
    "Sad",
    "\u542c\u8d77\u6765"
  ],
  "emo_text_adv": [
    "Happy",
    "Happy",
    "\"Happy\""
  ],
  "emo_pred_clean": [
    "sad",
    "sad",
    ""
  ],
  "emo_pred_adv": [
    "happy",
    "happy",
    "happy"
  ],
  "asr_text_clean": "\u542c\u8d77\u6765",
  "asr_text_adv": "\"Let's go out for dinner tonight!\"",
  "success_emo": true,
  "wer": 6.0,
  "semantic_sim": 0.43499457836151123,
  "semantic_preserved": false,
  "delta_linf": 0.008000001311302185,
  "delta_l2": 1.2048901319503784,
  "snr_db": 5.173450212152707,
  "grad_norm_trace": [
    2244.277099609375,
    1185.3450927734375,
    92.45014190673828,
    87.95428466796875,
    86.63146209716797,
    114.68323516845703,
    165.88168334960938,
    201.0832977294922,
    135.7554168701172,
    165.9175262451172,
    215.49981689453125,
    168.48104858398438,
    115.74664306640625,
    481.95648193359375,
    629.2933349609375,
    56.029449462890625,
    214.9122314453125,
    113.76082611083984,
    107.2639389038086,
    102.94015502929688,
    59.17282485961914,
    105.02565002441406,
    531.8237915039062,
    238.83810424804688,
    129.61598205566406,
    100.35153198242188,
    234.9389190673828,
    95.36439514160156,
    82.18793487548828,
    55.29337692260742,
    93.04728698730469,
    50.2711067199707,
    43.46923065185547,
    89.58229064941406,
    79.04994201660156,
    63.17286682128906,
    65.01358032226562,
    95.40067291259766,
    51.33277130126953,
    61.14824676513672,
    47.521270751953125,
    51.12723922729492,
    48.91419219970703,
    80.36144256591797,
    75.14625549316406,
    60.55982971191406,
    146.7796630859375,
    52.932579040527344,
    124.57176208496094,
    58.65256881713867,
    65.03064727783203,
    52.43490219116211,
    75.93914794921875,
    26.431400299072266,
    53.21564865112305,
    74.01609802246094,
    57.28426742553711,
    59.431034088134766,
    33.04484176635742,
    121.3656234741211
  ],
  "loss_trace": [
    {
      "step": 0,
      "total": 12.43662336947322,
      "emo": 12.436537742614746,
      "asr": 0.856268584728241,
      "per": 0.0,
      "lambda_emo": 1.0,
      "lambda_asr": 0.0001,
      "lambda_per": 0.0
    },
    {
      "step": 1,
      "total": 6.88786763343811,
      "emo": 6.887057304382324,
      "asr": 8.103290557861328,
      "per": 0.05409197136759758,
      "lambda_emo": 1.0,
      "lambda_asr": 0.0001,
      "lambda_per": 0.0
    },
    {
      "step": 2,
      "total": 5.7950133678436275,
      "emo": 5.794198036193848,
      "asr": 8.153316497802734,
      "per": 0.06624805182218552,
      "lambda_emo": 1.0,
      "lambda_asr": 0.0001,
      "lambda_per": 0.0
    },
    {
      "step": 3,
      "total": 4.85512260723114,
      "emo": 4.854156017303467,
      "asr": 9.665899276733398,
      "per": 0.0631803572177887,
      "lambda_emo": 1.0,
      "lambda_asr": 0.0001,
      "lambda_per": 0.0
    },
    {
      "step": 4,
      "total": 4.222827483558655,
      "emo": 4.221968650817871,
      "asr": 8.588327407836914,
      "per": 0.05116508528590202,
      "lambda_emo": 1.0,
      "lambda_asr": 0.0001,
      "lambda_per": 0.0
    },
    {
      "step": 5,
      "total": 4.556594359397888,
      "emo": 4.555783271789551,
      "asr": 8.110876083374023,
      "per": 0.06488364934921265,
      "lambda_emo": 1.0,
      "lambda_asr": 0.0001,
      "lambda_per": 0.0
    },
    {
      "step": 6,
      "total": 4.090158112049103,
      "emo": 4.089206218719482,
      "asr": 9.518933296203613,
      "per": 0.05194494128227234,
      "lambda_emo": 1.0,
      "lambda_asr": 0.0001,
      "lambda_per": 0.0
    },
    {
      "step": 7,
      "total": 4.500975148677826,
      "emo": 4.499909400939941,
      "asr": 10.657477378845215,
      "per": 0.059748150408267975,
      "lambda_emo": 1.0,
      "lambda_asr": 0.0001,
      "lambda_per": 0.0
    },
    {
      "step": 8,
      "total": 4.370676321792603,
      "emo": 4.369873046875,
      "asr": 8.03274917602539,
      "per": 0.05752909183502197,
      "lambda_emo": 1.0,
      "lambda_asr": 0.0001,
      "lambda_per": 0.0
    },
    {
      "step": 9,
      "total": 4.277673679161071,
      "emo": 4.276492118835449,
      "asr": 11.815603256225586,
      "per": 0.05503993481397629,
      "lambda_emo": 1.0,
      "lambda_asr": 0.0001,
      "lambda_per": 0.0
    },
    {
      "step": 10,
      "total": 4.719204459667206,
      "emo": 4.717954635620117,
      "asr": 12.49824047088623,
      "per": 0.05527875944972038,
      "lambda_emo": 1.0,
      "lambda_asr": 0.0001,
      "lambda_per": 0.0
    },
    {
      "step": 11,
      "total": 3.971883595657349,
      "emo": 3.970639705657959,
      "asr": 12.438899993896484,
      "per": 0.053403183817863464,
      "lambda_emo": 1.0,
      "lambda_asr": 0.0001,
      "lambda_per": 0.0
    },
    {
      "step": 12,
      "total": 2.7812846883773803,
      "emo": 2.7798476219177246,
      "asr": 14.370664596557617,
      "per": 0.05553338676691055,
      "lambda_emo": 1.0,
      "lambda_asr": 0.0001,
      "lambda_per": 0.0
    },
    {
      "step": 13,
      "total": 3.5570559613227846,
      "emo": 3.5558135509490967,
      "asr": 12.424103736877441,
      "per": 0.058729954063892365,
      "lambda_emo": 1.0,
      "lambda_asr": 0.0001,
      "lambda_per": 0.0
    },
    {
      "step": 14,
      "total": 4.353099506187439,
      "emo": 4.351902008056641,
      "asr": 11.974981307983398,
      "per": 0.06814995408058167,
      "lambda_emo": 1.0,
      "lambda_asr": 0.0001,
      "lambda_per": 0.0
    },
    {
      "step": 15,
      "total": 5.260475336647033,
      "emo": 5.259076118469238,
      "asr": 13.992181777954102,
      "per": 0.06059718132019043,
      "lambda_emo": 1.0,
      "lambda_asr": 0.0001,
      "lambda_per": 0.0
    },
    {
      "step": 16,
      "total": 4.391313146018982,
      "emo": 4.38991117477417,
      "asr": 14.019712448120117,
      "per": 0.0680774450302124,
      "lambda_emo": 1.0,
      "lambda_asr": 0.0001,
      "lambda_per": 0.0
    },
    {
      "step": 17,
      "total": 3.8650652756690977,
      "emo": 3.8636527061462402,
      "asr": 14.12569522857666,
      "per": 0.05860872566699982,
      "lambda_emo": 1.0,
      "lambda_asr": 0.0001,
      "lambda_per": 0.0
    },
    {
      "step": 18,
      "total": 3.7449776277542113,
      "emo": 3.743490695953369,
      "asr": 14.869318008422852,
      "per": 0.059194259345531464,
      "lambda_emo": 1.0,
      "lambda_asr": 0.0001,
      "lambda_per": 0.0
    },
    {
      "step": 19,
      "total": 3.8835115010261534,
      "emo": 3.882051944732666,
      "asr": 14.595562934875488,
      "per": 0.05713363736867905,
      "lambda_emo": 1.0,
      "lambda_asr": 0.0001,
      "lambda_per": 0.0
    },
    {
      "step": 20,
      "total": 3.521313668849766,
      "emo": 3.3672072887420654,
      "asr": 15.410574913024902,
      "per": 0.06309774518013,
      "lambda_emo": 1.0,
      "lambda_asr": 0.01,
      "lambda_per": 1e-05
    },
    {
      "step": 21,
      "total": 3.094724571900889,
      "emo": 2.9458415508270264,
      "asr": 14.888236999511719,
      "per": 0.06510787457227707,
      "lambda_emo": 1.0,
      "lambda_asr": 0.01,
      "lambda_per": 1e-05
    },
    {
      "step": 22,
      "total": 3.8981565393421054,
      "emo": 3.7519984245300293,
      "asr": 14.61574649810791,
      "per": 0.06498309969902039,
      "lambda_emo": 1.0,
      "lambda_asr": 0.01,
      "lambda_per": 1e-05
    },
    {
      "step": 23,
      "total": 4.156852791008055,
      "emo": 4.01811408996582,
      "asr": 13.873820304870605,
      "per": 0.0497993528842926,
      "lambda_emo": 1.0,
      "lambda_asr": 0.01,
      "lambda_per": 1e-05
    },
    {
      "step": 24,