{
  "sample_id": "07739_0010_sad_0010_001085",
  "path": "/data1/lixiang/OpenS2S_dataset/ESD/CN/0010/Sad/0010_001085.wav",
  "speaker_id": "0010",
  "ground_truth_emotion": "sad",
  "target_emotion": "happy",
  "emo_text_clean": [
    "Sad",
    "Sad",
    "\u8fd9\u6837\u554a\uff0c\u90a3\u4e9b\u65e0\u52a9"
  ],
  "emo_text_adv": [
    "happy",
    "happy",
    "happy"
  ],
  "emo_pred_clean": [
    "sad",
    "sad",
    ""
  ],
  "emo_pred_adv": [
    "happy",
    "happy",
    "happy"
  ],
  "asr_text_clean": "\u8fd9\u6837\uff0c\u65e0\u8f9c",
  "asr_text_adv": "\u8fd9\u6837\u65e0\u8f9c",
  "success_emo": true,
  "wer": 1.0,
  "semantic_sim": 0.9849980473518372,
  "semantic_preserved": true,
  "delta_linf": 0.008000001311302185,
  "delta_l2": 1.004156470298767,
  "snr_db": 17.777114024750098,
  "grad_norm_trace": [
    293.9691162109375,
    117.39469909667969,
    120.63432312011719,
    100.85340118408203,
    147.9155731201172,
    64.17256164550781,
    99.46147918701172,
    166.47528076171875,
    268.1811218261719,
    89.67789459228516,
    102.1863784790039,
    79.8916015625,
    98.79962921142578,
    73.10613250732422,
    104.58736419677734,
    70.37382507324219,
    125.23846435546875,
    60.36284637451172,
    64.75814056396484,
    66.34307098388672,
    28.2747859954834,
    25.301671981811523,
    36.91021728515625,
    20.816373825073242,
    28.735816955566406,
    13.046483993530273,
    14.65919303894043,
    14.382658004760742,
    29.339069366455078,
    49.913902282714844,
    84.47949981689453,
    24.074020385742188,
    24.753164291381836,
    15.894381523132324,
    11.182640075683594,
    10.089301109313965,
    11.656599044799805,
    12.810193061828613,
    9.33299446105957,
    8.862170219421387,
    7.725340366363525,
    11.978385925292969,
    13.429122924804688,
    9.735052108764648,
    13.068203926086426,
    9.657499313354492,
    12.460015296936035,
    30.333969116210938,
    26.32716941833496,
    11.778556823730469,
    21.034517288208008,
    10.331903457641602,
    9.870665550231934,
    21.041784286499023,
    9.249706268310547,
    15.100399017333984,
    16.684804916381836,
    17.207889556884766,
    7.566071510314941,
    13.410820960998535
  ],
  "loss_trace": [
    {
      "step": 0,
      "total": 7.982372004526853,
      "emo": 7.982291221618652,
      "asr": 0.8078290820121765,
      "per": 0.0,
      "lambda_emo": 1.0,
      "lambda_asr": 0.0001,
      "lambda_per": 0.0
    },
    {
      "step": 1,
      "total": 7.6777351930975914,
      "emo": 7.677628517150879,
      "asr": 1.066759467124939,
      "per": 0.01100955717265606,
      "lambda_emo": 1.0,
      "lambda_asr": 0.0001,
      "lambda_per": 0.0
    },
    {
      "step": 2,
      "total": 6.637416857218742,
      "emo": 6.637195587158203,
      "asr": 2.212700605392456,
      "per": 0.020906899124383926,
      "lambda_emo": 1.0,
      "lambda_asr": 0.0001,
      "lambda_per": 0.0
    },
    {
      "step": 3,
      "total": 5.62141642948389,
      "emo": 5.621257781982422,
      "asr": 1.5864750146865845,
      "per": 0.021339213475584984,
      "lambda_emo": 1.0,
      "lambda_asr": 0.0001,
      "lambda_per": 0.0
    },
    {
      "step": 4,
      "total": 4.880546525335312,
      "emo": 4.880383491516113,
      "asr": 1.630338191986084,
      "per": 0.020510030910372734,
      "lambda_emo": 1.0,
      "lambda_asr": 0.0001,
      "lambda_per": 0.0
    },
    {
      "step": 5,
      "total": 5.123603692603111,
      "emo": 5.1234941482543945,
      "asr": 1.0954434871673584,
      "per": 0.02864645980298519,
      "lambda_emo": 1.0,
      "lambda_asr": 0.0001,
      "lambda_per": 0.0
    },
    {
      "step": 6,
      "total": 4.543708156096935,
      "emo": 4.543596267700195,
      "asr": 1.1188839673995972,
      "per": 0.02646297588944435,
      "lambda_emo": 1.0,
      "lambda_asr": 0.0001,
      "lambda_per": 0.0
    },
    {
      "step": 7,
      "total": 3.530721372592449,
      "emo": 3.5305895805358887,
      "asr": 1.3179205656051636,
      "per": 0.027237867936491966,
      "lambda_emo": 1.0,
      "lambda_asr": 0.0001,
      "lambda_per": 0.0
    },
    {
      "step": 8,
      "total": 4.154757842159271,
      "emo": 4.154559135437012,
      "asr": 1.9870672225952148,
      "per": 0.02725987881422043,
      "lambda_emo": 1.0,
      "lambda_asr": 0.0001,
      "lambda_per": 0.0
    },
    {
      "step": 9,
      "total": 4.219509404206276,
      "emo": 4.219256401062012,
      "asr": 2.530031442642212,
      "per": 0.03571902588009834,
      "lambda_emo": 1.0,
      "lambda_asr": 0.0001,
      "lambda_per": 0.0
    },
    {
      "step": 10,
      "total": 3.3716326440274718,
      "emo": 3.3715474605560303,
      "asr": 0.8518347144126892,
      "per": 0.03274969011545181,
      "lambda_emo": 1.0,
      "lambda_asr": 0.0001,
      "lambda_per": 0.0
    },
    {
      "step": 11,
      "total": 2.9398050560593605,
      "emo": 2.939621925354004,
      "asr": 1.831307053565979,
      "per": 0.036529771983623505,
      "lambda_emo": 1.0,
      "lambda_asr": 0.0001,
      "lambda_per": 0.0
    },
    {
      "step": 12,
      "total": 2.4702308784782887,
      "emo": 2.470146656036377,
      "asr": 0.8422244191169739,
      "per": 0.03561200946569443,
      "lambda_emo": 1.0,
      "lambda_asr": 0.0001,
      "lambda_per": 0.0
    },
    {
      "step": 13,
      "total": 2.647778700733185,
      "emo": 2.647642135620117,
      "asr": 1.3656511306762695,
      "per": 0.02871190570294857,
      "lambda_emo": 1.0,
      "lambda_asr": 0.0001,
      "lambda_per": 0.0
    },
    {
      "step": 14,
      "total": 2.4522184933423996,
      "emo": 2.4521262645721436,
      "asr": 0.9222877025604248,
      "per": 0.02923484519124031,
      "lambda_emo": 1.0,
      "lambda_asr": 0.0001,
      "lambda_per": 0.0
    },
    {
      "step": 15,
      "total": 2.0950364235520365,
      "emo": 2.094879150390625,
      "asr": 1.572731614112854,
      "per": 0.0298271756619215,
      "lambda_emo": 1.0,
      "lambda_asr": 0.0001,
      "lambda_per": 0.0
    },
    {
      "step": 16,
      "total": 2.869299268889427,
      "emo": 2.8690898418426514,
      "asr": 2.0942704677581787,
      "per": 0.033337369561195374,
      "lambda_emo": 1.0,
      "lambda_asr": 0.0001,
      "lambda_per": 0.0
    },
    {
      "step": 17,
      "total": 2.3598833015084266,
      "emo": 2.359778881072998,
      "asr": 1.0442043542861938,
      "per": 0.03590640053153038,
      "lambda_emo": 1.0,
      "lambda_asr": 0.0001,
      "lambda_per": 0.0
    },
    {
      "step": 18,
      "total": 1.7162503249764443,
      "emo": 1.7161215543746948,
      "asr": 1.2877060174942017,
      "per": 0.038029175251722336,
      "lambda_emo": 1.0,
      "lambda_asr": 0.0001,
      "lambda_per": 0.0
    },
    {
      "step": 19,
      "total": 1.66190691177845,
      "emo": 1.6617892980575562,
      "asr": 1.1761372089385986,
      "per": 0.04330267012119293,
      "lambda_emo": 1.0,
      "lambda_asr": 0.0001,
      "lambda_per": 0.0
    },
    {
      "step": 20,
      "total": 1.717573425053209,
      "emo": 1.7057886123657227,
      "asr": 1.178449034690857,
      "per": 0.032234057784080505,
      "lambda_emo": 1.0,
      "lambda_asr": 0.01,
      "lambda_per": 1e-05
    },
    {
      "step": 21,
      "total": 1.4038348794550448,
      "emo": 1.392857551574707,
      "asr": 1.097690224647522,
      "per": 0.042563386261463165,
      "lambda_emo": 1.0,
      "lambda_asr": 0.01,
      "lambda_per": 1e-05
    },
    {
      "step": 22,
      "total": 1.4193191774892435,
      "emo": 1.4005212783813477,
      "asr": 1.879757285118103,
      "per": 0.03262567147612572,
      "lambda_emo": 1.0,
      "lambda_asr": 0.01,
      "lambda_per": 1e-05
    },
    {
      "step": 23,
      "total": 1.3169791080220044,
      "emo": 1.2987397909164429,
      "asr": 1.823897361755371,
      "per": 0.03434880077838898,
      "lambda_emo": 1.0,
      "lambda_asr": 0.01,