{
  "sample_id": "07743_0010_sad_0010_001199",
  "path": "/data1/lixiang/OpenS2S_dataset/ESD/CN/0010/Sad/0010_001199.wav",
  "speaker_id": "0010",
  "ground_truth_emotion": "sad",
  "target_emotion": "happy",
  "emo_text_clean": [
    "Sad",
    "Sad",
    "\u4f60\u597d\uff0c\u5e03\u83b1"
  ],
  "emo_text_adv": [
    "happy",
    "happy",
    "happy"
  ],
  "emo_pred_clean": [
    "sad",
    "sad",
    ""
  ],
  "emo_pred_adv": [
    "happy",
    "happy",
    "happy"
  ],
  "asr_text_clean": "\u4f60\u597d\uff0c\u5e03\u83b1",
  "asr_text_adv": "\"Vacances, plage, terrasse, super bien.\"",
  "success_emo": true,
  "wer": 5.0,
  "semantic_sim": 0.3936229944229126,
  "semantic_preserved": false,
  "delta_linf": 0.008000001311302185,
  "delta_l2": 1.2856969833374023,
  "snr_db": 2.0387253557095035,
  "grad_norm_trace": [
    2104.640380859375,
    366.7807312011719,
    173.44923400878906,
    105.0270004272461,
    1381.654296875,
    112.3993911743164,
    140.34689331054688,
    143.75265502929688,
    167.96279907226562,
    161.88070678710938,
    165.2779083251953,
    191.26339721679688,
    91.71265411376953,
    60.51975631713867,
    93.11685180664062,
    43.00794982910156,
    83.6995849609375,
    64.36758422851562,
    42.755550384521484,
    21.857006072998047,
    75.37362670898438,
    45.68544387817383,
    26.870254516601562,
    26.833187103271484,
    22.72304344177246,
    14.884203910827637,
    24.057270050048828,
    29.603912353515625,
    17.998445510864258,
    17.575241088867188,
    16.915912628173828,
    29.94447898864746,
    19.894622802734375,
    97.18826293945312,
    16.061532974243164,
    15.957985877990723,
    18.16645050048828,
    15.412588119506836,
    29.887619018554688,
    24.07225799560547,
    19.33951759338379,
    12.097898483276367,
    17.49510383605957,
    15.67679500579834,
    17.04821014404297,
    12.426909446716309,
    12.999184608459473,
    58.67681884765625,
    24.382421493530273,
    61.958152770996094,
    152.22171020507812,
    49.42598342895508,
    52.604087829589844,
    28.66144371032715,
    46.61737823486328,
    26.68938636779785,
    11.986076354980469,
    21.12492561340332,
    22.934463500976562,
    17.640127182006836
  ],
  "loss_trace": [
    {
      "step": 0,
      "total": 10.23597043773234,
      "emo": 10.235920906066895,
      "asr": 0.49531665444374084,
      "per": 0.0,
      "lambda_emo": 1.0,
      "lambda_asr": 0.0001,
      "lambda_per": 0.0
    },
    {
      "step": 1,
      "total": 6.131933776831627,
      "emo": 6.131650924682617,
      "asr": 2.828521490097046,
      "per": 0.05222473293542862,
      "lambda_emo": 1.0,
      "lambda_asr": 0.0001,
      "lambda_per": 0.0
    },
    {
      "step": 2,
      "total": 4.4240080249786375,
      "emo": 4.4237189292907715,
      "asr": 2.8909568786621094,
      "per": 0.05391029641032219,
      "lambda_emo": 1.0,
      "lambda_asr": 0.0001,
      "lambda_per": 0.0
    },
    {
      "step": 3,
      "total": 4.270539658737182,
      "emo": 4.270175457000732,
      "asr": 3.642017364501953,
      "per": 0.0652976706624031,
      "lambda_emo": 1.0,
      "lambda_asr": 0.0001,
      "lambda_per": 0.0
    },
    {
      "step": 4,
      "total": 4.199296240615845,
      "emo": 4.198748588562012,
      "asr": 5.476520538330078,
      "per": 0.06544863432645798,
      "lambda_emo": 1.0,
      "lambda_asr": 0.0001,
      "lambda_per": 0.0
    },
    {
      "step": 5,
      "total": 3.0753640340328214,
      "emo": 3.0747275352478027,
      "asr": 6.364987850189209,
      "per": 0.050888143479824066,
      "lambda_emo": 1.0,
      "lambda_asr": 0.0001,
      "lambda_per": 0.0
    },
    {
      "step": 6,
      "total": 3.275701921129227,
      "emo": 3.27512264251709,
      "asr": 5.792786121368408,
      "per": 0.07167946547269821,
      "lambda_emo": 1.0,
      "lambda_asr": 0.0001,
      "lambda_per": 0.0
    },
    {
      "step": 7,
      "total": 4.31441830368042,
      "emo": 4.314013957977295,
      "asr": 4.04345703125,
      "per": 0.06997812539339066,
      "lambda_emo": 1.0,
      "lambda_asr": 0.0001,
      "lambda_per": 0.0
    },
    {
      "step": 8,
      "total": 4.8782747643470765,
      "emo": 4.877467155456543,
      "asr": 8.076088905334473,
      "per": 0.05748949572443962,
      "lambda_emo": 1.0,
      "lambda_asr": 0.0001,
      "lambda_per": 0.0
    },
    {
      "step": 9,
      "total": 4.3563691345214846,
      "emo": 4.355562210083008,
      "asr": 8.069244384765625,
      "per": 0.0522480309009552,
      "lambda_emo": 1.0,
      "lambda_asr": 0.0001,
      "lambda_per": 0.0
    },
    {
      "step": 10,
      "total": 4.109479740810395,
      "emo": 4.108623027801514,
      "asr": 8.567130088806152,
      "per": 0.056841686367988586,
      "lambda_emo": 1.0,
      "lambda_asr": 0.0001,
      "lambda_per": 0.0
    },
    {
      "step": 11,
      "total": 3.818470751667023,
      "emo": 3.817598819732666,
      "asr": 8.719319343566895,
      "per": 0.06420077383518219,
      "lambda_emo": 1.0,
      "lambda_asr": 0.0001,
      "lambda_per": 0.0
    },
    {
      "step": 12,
      "total": 3.997600862646103,
      "emo": 3.9968252182006836,
      "asr": 7.756444454193115,
      "per": 0.06346608698368073,
      "lambda_emo": 1.0,
      "lambda_asr": 0.0001,
      "lambda_per": 0.0
    },
    {
      "step": 13,
      "total": 2.8617727231025696,
      "emo": 2.8609142303466797,
      "asr": 8.584927558898926,
      "per": 0.061436500400304794,
      "lambda_emo": 1.0,
      "lambda_asr": 0.0001,
      "lambda_per": 0.0
    },
    {
      "step": 14,
      "total": 2.4641377652168273,
      "emo": 2.463250160217285,
      "asr": 8.876049995422363,
      "per": 0.04975496977567673,
      "lambda_emo": 1.0,
      "lambda_asr": 0.0001,
      "lambda_per": 0.0
    },
    {
      "step": 15,
      "total": 1.9585781027793885,
      "emo": 1.9577211141586304,
      "asr": 8.569886207580566,
      "per": 0.06770353764295578,
      "lambda_emo": 1.0,
      "lambda_asr": 0.0001,
      "lambda_per": 0.0
    },
    {
      "step": 16,
      "total": 2.287217437362671,
      "emo": 2.2864434719085693,
      "asr": 7.739654541015625,
      "per": 0.062150221318006516,
      "lambda_emo": 1.0,
      "lambda_asr": 0.0001,
      "lambda_per": 0.0
    },
    {
      "step": 17,
      "total": 1.807586567401886,
      "emo": 1.806677222251892,
      "asr": 9.093451499938965,
      "per": 0.05871747061610222,
      "lambda_emo": 1.0,
      "lambda_asr": 0.0001,
      "lambda_per": 0.0
    },
    {
      "step": 18,
      "total": 1.7208396412849427,
      "emo": 1.7199314832687378,
      "asr": 9.08158016204834,
      "per": 0.05759461224079132,
      "lambda_emo": 1.0,
      "lambda_asr": 0.0001,
      "lambda_per": 0.0
    },
    {
      "step": 19,
      "total": 1.5230008549690246,
      "emo": 1.5220353603363037,
      "asr": 9.654946327209473,
      "per": 0.049080587923526764,
      "lambda_emo": 1.0,
      "lambda_asr": 0.0001,
      "lambda_per": 0.0
    },
    {
      "step": 20,
      "total": 1.3923954346392304,
      "emo": 1.2928507328033447,
      "asr": 9.954415321350098,
      "per": 0.054862238466739655,
      "lambda_emo": 1.0,
      "lambda_asr": 0.01,
      "lambda_per": 1e-05
    },
    {
      "step": 21,
      "total": 1.8019683362010122,
      "emo": 1.7055413722991943,
      "asr": 9.642632484436035,
      "per": 0.0639057457447052,
      "lambda_emo": 1.0,
      "lambda_asr": 0.01,
      "lambda_per": 1e-05
    },
    {
      "step": 22,
      "total": 1.1873846247915552,
      "emo": 1.0858864784240723,
      "asr": 10.149768829345703,
      "per": 0.045807402580976486,
      "lambda_emo": 1.0,
      "lambda_asr": 0.01,
      "lambda_per": 1e-05
    },
    {
      "step": 23,
      "total": 1.262028878596872,
      "emo": 1.1631286144256592,
      "asr": 9.88998031616211,
      "per": 0.046100959181785583,
      "lambda_emo": 1.0,
      "lambda_asr": 0.01,