{
  "sample_id": "07752_0010_sad_0010_001101",
  "path": "/data1/lixiang/OpenS2S_dataset/ESD/CN/0010/Sad/0010_001101.wav",
  "speaker_id": "0010",
  "ground_truth_emotion": "sad",
  "target_emotion": "happy",
  "emo_text_clean": [
    "Sad",
    "Sad",
    "\u55ef\uff0c\u542c\u8d77\u6765"
  ],
  "emo_text_adv": [
    "Happy",
    "happy",
    "happy"
  ],
  "emo_pred_clean": [
    "sad",
    "sad",
    ""
  ],
  "emo_pred_adv": [
    "happy",
    "happy",
    "happy"
  ],
  "asr_text_clean": "\u6ca1\u5173\u7cfb",
  "asr_text_adv": "\u6ca1\u5173\u7cfb",
  "success_emo": true,
  "wer": 0.0,
  "semantic_sim": 1.0,
  "semantic_preserved": true,
  "delta_linf": 0.008000001311302185,
  "delta_l2": 1.3873000144958496,
  "snr_db": 15.20817701117084,
  "grad_norm_trace": [
    326.28436279296875,
    288.6754150390625,
    166.1897735595703,
    303.576416015625,
    139.0015106201172,
    429.8853454589844,
    157.8626708984375,
    149.08612060546875,
    77.45118713378906,
    232.63070678710938,
    203.0732879638672,
    185.78176879882812,
    511.74053955078125,
    186.38638305664062,
    96.5049819946289,
    87.64469146728516,
    64.63036346435547,
    134.7227325439453,
    107.12197875976562,
    88.08580780029297,
    497.9130554199219,
    116.11835479736328,
    82.00984191894531,
    103.22648620605469,
    69.60169982910156,
    67.85993957519531,
    146.18502807617188,
    52.025264739990234,
    58.27329635620117,
    92.02615356445312,
    64.31988525390625,
    67.22924041748047,
    43.35113525390625,
    74.13462829589844,
    40.245113372802734,
    50.188629150390625,
    35.25851821899414,
    21.700307846069336,
    61.10783386230469,
    59.458045959472656,
    32.37557601928711,
    59.60127258300781,
    23.45382308959961,
    52.962303161621094,
    60.97117233276367,
    62.4881706237793,
    91.6817626953125,
    89.837646484375,
    219.29298400878906,
    54.45078659057617,
    71.89237976074219,
    39.06808090209961,
    26.363954544067383,
    39.13627243041992,
    47.10204315185547,
    44.784732818603516,
    30.84930992126465,
    81.84732055664062,
    140.28643798828125,
    46.10389709472656
  ],
  "loss_trace": [
    {
      "step": 0,
      "total": 9.91780455892086,
      "emo": 9.91769790649414,
      "asr": 1.0665242671966553,
      "per": 0.0,
      "lambda_emo": 1.0,
      "lambda_asr": 0.0001,
      "lambda_per": 0.0
    },
    {
      "step": 1,
      "total": 9.129396597218513,
      "emo": 9.129289627075195,
      "asr": 1.0697014331817627,
      "per": 0.008748246356844902,
      "lambda_emo": 1.0,
      "lambda_asr": 0.0001,
      "lambda_per": 0.0
    },
    {
      "step": 2,
      "total": 7.61492168315053,
      "emo": 7.6148810386657715,
      "asr": 0.40644484758377075,
      "per": 0.018204465508461,
      "lambda_emo": 1.0,
      "lambda_asr": 0.0001,
      "lambda_per": 0.0
    },
    {
      "step": 3,
      "total": 6.192668718481064,
      "emo": 6.192557334899902,
      "asr": 1.1138358116149902,
      "per": 0.0221024788916111,
      "lambda_emo": 1.0,
      "lambda_asr": 0.0001,
      "lambda_per": 0.0
    },
    {
      "step": 4,
      "total": 5.246903512662649,
      "emo": 5.246828556060791,
      "asr": 0.7495660185813904,
      "per": 0.027500784024596214,
      "lambda_emo": 1.0,
      "lambda_asr": 0.0001,
      "lambda_per": 0.0
    },
    {
      "step": 5,
      "total": 6.667742273521423,
      "emo": 6.667510032653809,
      "asr": 2.322408676147461,
      "per": 0.03177991509437561,
      "lambda_emo": 1.0,
      "lambda_asr": 0.0001,
      "lambda_per": 0.0
    },
    {
      "step": 6,
      "total": 7.541527726840973,
      "emo": 7.541425704956055,
      "asr": 1.020218849182129,
      "per": 0.040903061628341675,
      "lambda_emo": 1.0,
      "lambda_asr": 0.0001,
      "lambda_per": 0.0
    },
    {
      "step": 7,
      "total": 5.687256368780136,
      "emo": 5.6871747970581055,
      "asr": 0.8157172203063965,
      "per": 0.04162700101733208,
      "lambda_emo": 1.0,
      "lambda_asr": 0.0001,
      "lambda_per": 0.0
    },
    {
      "step": 8,
      "total": 4.377177679908276,
      "emo": 4.377079010009766,
      "asr": 0.9866989850997925,
      "per": 0.037173978984355927,
      "lambda_emo": 1.0,
      "lambda_asr": 0.0001,
      "lambda_per": 0.0
    },
    {
      "step": 9,
      "total": 4.959253864371776,
      "emo": 4.959104061126709,
      "asr": 1.4980324506759644,
      "per": 0.045161813497543335,
      "lambda_emo": 1.0,
      "lambda_asr": 0.0001,
      "lambda_per": 0.0
    },
    {
      "step": 10,
      "total": 4.661921152830124,
      "emo": 4.6617350578308105,
      "asr": 1.860949993133545,
      "per": 0.03567362576723099,
      "lambda_emo": 1.0,
      "lambda_asr": 0.0001,
      "lambda_per": 0.0
    },
    {
      "step": 11,
      "total": 4.5934448047876355,
      "emo": 4.593308448791504,
      "asr": 1.3635599613189697,
      "per": 0.03707791119813919,
      "lambda_emo": 1.0,
      "lambda_asr": 0.0001,
      "lambda_per": 0.0
    },
    {
      "step": 12,
      "total": 4.6187245034098625,
      "emo": 4.618625164031982,
      "asr": 0.9933937788009644,
      "per": 0.041179776191711426,
      "lambda_emo": 1.0,
      "lambda_asr": 0.0001,
      "lambda_per": 0.0
    },
    {
      "step": 13,
      "total": 4.255608154654503,
      "emo": 4.255490303039551,
      "asr": 1.178516149520874,
      "per": 0.040098637342453,
      "lambda_emo": 1.0,
      "lambda_asr": 0.0001,
      "lambda_per": 0.0
    },
    {
      "step": 14,
      "total": 5.675665119814873,
      "emo": 5.675600051879883,
      "asr": 0.650679349899292,
      "per": 0.040085237473249435,
      "lambda_emo": 1.0,
      "lambda_asr": 0.0001,
      "lambda_per": 0.0
    },
    {
      "step": 15,
      "total": 4.225124889564515,
      "emo": 4.2250542640686035,
      "asr": 0.7062549591064453,
      "per": 0.04402976855635643,
      "lambda_emo": 1.0,
      "lambda_asr": 0.0001,
      "lambda_per": 0.0
    },
    {
      "step": 16,
      "total": 3.8486053484678266,
      "emo": 3.8484809398651123,
      "asr": 1.2440860271453857,
      "per": 0.040195953100919724,
      "lambda_emo": 1.0,
      "lambda_asr": 0.0001,
      "lambda_per": 0.0
    },
    {
      "step": 17,
      "total": 4.457501973509789,
      "emo": 4.457393646240234,
      "asr": 1.0832726955413818,
      "per": 0.039913199841976166,
      "lambda_emo": 1.0,
      "lambda_asr": 0.0001,
      "lambda_per": 0.0
    },
    {
      "step": 18,
      "total": 4.160856866359711,
      "emo": 4.160759925842285,
      "asr": 0.9694051742553711,
      "per": 0.05001705884933472,
      "lambda_emo": 1.0,
      "lambda_asr": 0.0001,
      "lambda_per": 0.0
    },
    {
      "step": 19,
      "total": 3.5801396704733373,
      "emo": 3.580092191696167,
      "asr": 0.47478777170181274,
      "per": 0.04647761583328247,
      "lambda_emo": 1.0,
      "lambda_asr": 0.0001,
      "lambda_per": 0.0
    },
    {
      "step": 20,
      "total": 4.994045236287489,
      "emo": 4.982188701629639,
      "asr": 1.1856012344360352,
      "per": 0.05223134905099869,
      "lambda_emo": 1.0,
      "lambda_asr": 0.01,
      "lambda_per": 1e-05
    },
    {
      "step": 21,
      "total": 3.857782922671698,
      "emo": 3.8399693965911865,
      "asr": 1.7812986373901367,
      "per": 0.053970661014318466,
      "lambda_emo": 1.0,
      "lambda_asr": 0.01,
      "lambda_per": 1e-05
    },
    {
      "step": 22,
      "total": 4.184049560305104,
      "emo": 4.171736717224121,
      "asr": 1.2312376499176025,
      "per": 0.04665818065404892,
      "lambda_emo": 1.0,
      "lambda_asr": 0.01,
      "lambda_per": 1e-05
    },
    {
      "step": 23,
      "total": 4.122342832249813,
      "emo": 4.098141670227051,
      "asr": 2.420069456100464,
      "per": 0.04674617573618889,
      "lambda_emo": 1.0,
      "lambda_asr": 0.01,
      "lambda_per": 1e-05
    },
    {
      "step": 24,