{
  "sample_id": "07769_0010_sad_0010_001177",
  "path": "/data1/lixiang/OpenS2S_dataset/ESD/CN/0010/Sad/0010_001177.wav",
  "speaker_id": "0010",
  "ground_truth_emotion": "sad",
  "target_emotion": "happy",
  "emo_text_clean": [
    "Sad",
    "Sad",
    "\u542c\u8d77\u6765"
  ],
  "emo_text_adv": [
    "Happy",
    "happy",
    "Happy!"
  ],
  "emo_pred_clean": [
    "sad",
    "sad",
    ""
  ],
  "emo_pred_adv": [
    "happy",
    "happy",
    "happy"
  ],
  "asr_text_clean": "\u6211\u4eec\u5f85\u4e09\u5929\u4e86\uff0c\u5bf9\u5427\uff1f",
  "asr_text_adv": "\u6211\u4eec\u5f97\u5728\u5979\u5bb6\u8fc7\u4e09\u767e\u5e74\u3002",
  "success_emo": true,
  "wer": 1.0,
  "semantic_sim": 0.36264270544052124,
  "semantic_preserved": false,
  "delta_linf": 0.008000001311302185,
  "delta_l2": 1.2793272733688354,
  "snr_db": 8.918371531924048,
  "grad_norm_trace": [
    860.0025024414062,
    612.741943359375,
    180.5601043701172,
    159.63246154785156,
    201.62867736816406,
    193.39732360839844,
    178.7462921142578,
    167.77626037597656,
    116.07766723632812,
    218.88497924804688,
    169.5587158203125,
    105.9937515258789,
    192.0447998046875,
    96.06891632080078,
    272.419921875,
    139.75601196289062,
    113.61187744140625,
    80.42106628417969,
    131.0753936767578,
    161.69297790527344,
    173.0399627685547,
    80.37090301513672,
    65.88301849365234,
    56.8381462097168,
    45.637054443359375,
    37.72685623168945,
    41.41920852661133,
    65.4849853515625,
    236.28646850585938,
    83.6633529663086,
    33.093894958496094,
    28.434494018554688,
    46.38627624511719,
    39.78229904174805,
    36.17723846435547,
    90.55089569091797,
    85.65814208984375,
    46.07375717163086,
    32.22563934326172,
    57.35737609863281,
    60.26215744018555,
    197.09426879882812,
    62.83087921142578,
    88.1966323852539,
    75.19352722167969,
    92.9177017211914,
    71.088623046875,
    100.21782684326172,
    45.51942443847656,
    42.73763656616211,
    54.9493408203125,
    82.61558532714844,
    79.94611358642578,
    60.293792724609375,
    36.37662124633789,
    25.216651916503906,
    64.37947082519531,
    90.27761840820312,
    50.50498962402344,
    58.23754119873047
  ],
  "loss_trace": [
    {
      "step": 0,
      "total": 9.997170892047881,
      "emo": 9.997091293334961,
      "asr": 0.7959871292114258,
      "per": 0.0,
      "lambda_emo": 1.0,
      "lambda_asr": 0.0001,
      "lambda_per": 0.0
    },
    {
      "step": 1,
      "total": 6.091237550193071,
      "emo": 6.091142177581787,
      "asr": 0.9537261128425598,
      "per": 0.02662608027458191,
      "lambda_emo": 1.0,
      "lambda_asr": 0.0001,
      "lambda_per": 0.0
    },
    {
      "step": 2,
      "total": 4.6845360611140725,
      "emo": 4.684443473815918,
      "asr": 0.9258729815483093,
      "per": 0.0329037681221962,
      "lambda_emo": 1.0,
      "lambda_asr": 0.0001,
      "lambda_per": 0.0
    },
    {
      "step": 3,
      "total": 4.933868965387345,
      "emo": 4.933775424957275,
      "asr": 0.9354043006896973,
      "per": 0.04989777132868767,
      "lambda_emo": 1.0,
      "lambda_asr": 0.0001,
      "lambda_per": 0.0
    },
    {
      "step": 4,
      "total": 5.668064113652706,
      "emo": 5.667942047119141,
      "asr": 1.2206653356552124,
      "per": 0.03477996587753296,
      "lambda_emo": 1.0,
      "lambda_asr": 0.0001,
      "lambda_per": 0.0
    },
    {
      "step": 5,
      "total": 4.166429589533806,
      "emo": 4.166208267211914,
      "asr": 2.2132232189178467,
      "per": 0.039689742028713226,
      "lambda_emo": 1.0,
      "lambda_asr": 0.0001,
      "lambda_per": 0.0
    },
    {
      "step": 6,
      "total": 4.231561751866341,
      "emo": 4.231406211853027,
      "asr": 1.5554001331329346,
      "per": 0.05289074406027794,
      "lambda_emo": 1.0,
      "lambda_asr": 0.0001,
      "lambda_per": 0.0
    },
    {
      "step": 7,
      "total": 3.4719618881225585,
      "emo": 3.471597194671631,
      "asr": 3.6469345092773438,
      "per": 0.05386044830083847,
      "lambda_emo": 1.0,
      "lambda_asr": 0.0001,
      "lambda_per": 0.0
    },
    {
      "step": 8,
      "total": 3.6441017080783844,
      "emo": 3.6437900066375732,
      "asr": 3.1170144081115723,
      "per": 0.05192034691572189,
      "lambda_emo": 1.0,
      "lambda_asr": 0.0001,
      "lambda_per": 0.0
    },
    {
      "step": 9,
      "total": 3.649650920152664,
      "emo": 3.6493334770202637,
      "asr": 3.174431324005127,
      "per": 0.05547788739204407,
      "lambda_emo": 1.0,
      "lambda_asr": 0.0001,
      "lambda_per": 0.0
    },
    {
      "step": 10,
      "total": 2.895603836417198,
      "emo": 2.8953094482421875,
      "asr": 2.9438817501068115,
      "per": 0.05043449252843857,
      "lambda_emo": 1.0,
      "lambda_asr": 0.0001,
      "lambda_per": 0.0
    },
    {
      "step": 11,
      "total": 2.847245359754562,
      "emo": 2.846982479095459,
      "asr": 2.6288065910339355,
      "per": 0.05730877444148064,
      "lambda_emo": 1.0,
      "lambda_asr": 0.0001,
      "lambda_per": 0.0
    },
    {
      "step": 12,
      "total": 3.2639518996715546,
      "emo": 3.2636115550994873,
      "asr": 3.4034457206726074,
      "per": 0.040138695389032364,
      "lambda_emo": 1.0,
      "lambda_asr": 0.0001,
      "lambda_per": 0.0
    },
    {
      "step": 13,
      "total": 2.8448982726097105,
      "emo": 2.8445887565612793,
      "asr": 3.095160484313965,
      "per": 0.05062244459986687,
      "lambda_emo": 1.0,
      "lambda_asr": 0.0001,
      "lambda_per": 0.0
    },
    {
      "step": 14,
      "total": 4.189791702103615,
      "emo": 4.189510345458984,
      "asr": 2.8135664463043213,
      "per": 0.051885321736335754,
      "lambda_emo": 1.0,
      "lambda_asr": 0.0001,
      "lambda_per": 0.0
    },
    {
      "step": 15,
      "total": 3.865536681866646,
      "emo": 3.865274429321289,
      "asr": 2.622525453567505,
      "per": 0.044682394713163376,
      "lambda_emo": 1.0,
      "lambda_asr": 0.0001,
      "lambda_per": 0.0
    },
    {
      "step": 16,
      "total": 3.6664974675655366,
      "emo": 3.6662254333496094,
      "asr": 2.7203421592712402,
      "per": 0.04677208513021469,
      "lambda_emo": 1.0,
      "lambda_asr": 0.0001,
      "lambda_per": 0.0
    },
    {
      "step": 17,
      "total": 2.879360573172569,
      "emo": 2.87900972366333,
      "asr": 3.5084950923919678,
      "per": 0.053827255964279175,
      "lambda_emo": 1.0,
      "lambda_asr": 0.0001,
      "lambda_per": 0.0
    },
    {
      "step": 18,
      "total": 3.6244976120710373,
      "emo": 3.624173641204834,
      "asr": 3.239708662033081,
      "per": 0.059664543718099594,
      "lambda_emo": 1.0,
      "lambda_asr": 0.0001,
      "lambda_per": 0.0
    },
    {
      "step": 19,
      "total": 3.8445562709093095,
      "emo": 3.8441646099090576,
      "asr": 3.9166100025177,
      "per": 0.05660131201148033,
      "lambda_emo": 1.0,
      "lambda_asr": 0.0001,
      "lambda_per": 0.0
    },
    {
      "step": 20,
      "total": 3.4467994769300145,
      "emo": 3.406635284423828,
      "asr": 4.0163702964782715,
      "per": 0.04895414039492607,
      "lambda_emo": 1.0,
      "lambda_asr": 0.01,
      "lambda_per": 1e-05
    },
    {
      "step": 21,
      "total": 4.008588399305307,
      "emo": 3.966844081878662,
      "asr": 4.17439079284668,
      "per": 0.04094981774687767,
      "lambda_emo": 1.0,
      "lambda_asr": 0.01,
      "lambda_per": 1e-05
    },
    {
      "step": 22,
      "total": 2.962551171804294,
      "emo": 2.926999568939209,
      "asr": 3.555119276046753,
      "per": 0.04101046174764633,
      "lambda_emo": 1.0,
      "lambda_asr": 0.01,
      "lambda_per": 1e-05
    },
    {
      "step": 23,
      "total": 3.450997319893353,
      "emo": 3.421171188354492,
      "asr": 2.9825539588928223,
      "per": 0.05919499322772026,
      "lambda_emo": 1.0,