{
  "sample_id": "07797_0010_sad_0010_001140",
  "path": "/data1/lixiang/OpenS2S_dataset/ESD/CN/0010/Sad/0010_001140.wav",
  "speaker_id": "0010",
  "ground_truth_emotion": "sad",
  "target_emotion": "happy",
  "emo_text_clean": [
    "Sad",
    "Sad",
    "\u542c\u8d77\u6765"
  ],
  "emo_text_adv": [
    "happy",
    "happy",
    "happy"
  ],
  "emo_pred_clean": [
    "sad",
    "sad",
    ""
  ],
  "emo_pred_adv": [
    "happy",
    "happy",
    "happy"
  ],
  "asr_text_clean": "\u8fd8\u4e0d\u592a\u7cdf\u7cd5\uff0c\u4f46\u5f97\u8eba\u5728\u5e8a\u4e0a",
  "asr_text_adv": "\u6d77\u8c79\u5728\u81ea\u7136\u5c9b\u4e0a",
  "success_emo": true,
  "wer": 1.0,
  "semantic_sim": 0.09006060659885406,
  "semantic_preserved": false,
  "delta_linf": 0.008000001311302185,
  "delta_l2": 1.4754433631896973,
  "snr_db": 4.6037691522835456,
  "grad_norm_trace": [
    3374.135009765625,
    254.39364624023438,
    199.55381774902344,
    373.46087646484375,
    216.335205078125,
    158.53024291992188,
    206.90846252441406,
    176.2728271484375,
    154.86256408691406,
    274.7923278808594,
    588.2205810546875,
    207.98809814453125,
    159.2936553955078,
    150.870849609375,
    255.16209411621094,
    164.1237335205078,
    105.63835144042969,
    66.85171508789062,
    90.23271942138672,
    68.06035614013672,
    102.51097869873047,
    66.96141052246094,
    63.16571044921875,
    26.15471076965332,
    71.89967346191406,
    146.1525115966797,
    40.900428771972656,
    65.93629455566406,
    124.14444732666016,
    136.8408203125,
    90.08724975585938,
    58.29226303100586,
    86.94544982910156,
    78.10411834716797,
    30.360998153686523,
    126.02132415771484,
    69.91050720214844,
    55.53507995605469,
    84.15657806396484,
    24.41409683227539,
    125.00650024414062,
    129.5052490234375,
    69.58040618896484,
    133.71514892578125,
    78.48175048828125,
    89.32112121582031,
    73.17182922363281,
    53.50670623779297,
    43.60516357421875,
    81.23046875,
    90.6004867553711,
    64.58525848388672,
    26.43686294555664,
    48.6215705871582,
    243.2910614013672,
    60.32359313964844,
    25.905075073242188,
    23.93562889099121,
    24.222679138183594,
    30.61259651184082
  ],
  "loss_trace": [
    {
      "step": 0,
      "total": 10.53643953281045,
      "emo": 10.53641414642334,
      "asr": 0.2538638710975647,
      "per": 0.0,
      "lambda_emo": 1.0,
      "lambda_asr": 0.0001,
      "lambda_per": 0.0
    },
    {
      "step": 1,
      "total": 8.25984690027237,
      "emo": 8.259756088256836,
      "asr": 0.9081201553344727,
      "per": 0.04399683699011803,
      "lambda_emo": 1.0,
      "lambda_asr": 0.0001,
      "lambda_per": 0.0
    },
    {
      "step": 2,
      "total": 6.555480092656612,
      "emo": 6.555339336395264,
      "asr": 1.4075626134872437,
      "per": 0.04448751360177994,
      "lambda_emo": 1.0,
      "lambda_asr": 0.0001,
      "lambda_per": 0.0
    },
    {
      "step": 3,
      "total": 6.38741212490201,
      "emo": 6.387338161468506,
      "asr": 0.7396343350410461,
      "per": 0.04198447987437248,
      "lambda_emo": 1.0,
      "lambda_asr": 0.0001,
      "lambda_per": 0.0
    },
    {
      "step": 4,
      "total": 4.95201037415266,
      "emo": 4.951825141906738,
      "asr": 1.8523224592208862,
      "per": 0.04661085456609726,
      "lambda_emo": 1.0,
      "lambda_asr": 0.0001,
      "lambda_per": 0.0
    },
    {
      "step": 5,
      "total": 4.0421480376720424,
      "emo": 4.041864395141602,
      "asr": 2.836425304412842,
      "per": 0.04290759563446045,
      "lambda_emo": 1.0,
      "lambda_asr": 0.0001,
      "lambda_per": 0.0
    },
    {
      "step": 6,
      "total": 3.914981129479408,
      "emo": 3.914628028869629,
      "asr": 3.531006097793579,
      "per": 0.04551008343696594,
      "lambda_emo": 1.0,
      "lambda_asr": 0.0001,
      "lambda_per": 0.0
    },
    {
      "step": 7,
      "total": 4.929135947656632,
      "emo": 4.928705215454102,
      "asr": 4.307322025299072,
      "per": 0.05652666091918945,
      "lambda_emo": 1.0,
      "lambda_asr": 0.0001,
      "lambda_per": 0.0
    },
    {
      "step": 8,
      "total": 4.117342714071274,
      "emo": 4.116912364959717,
      "asr": 4.303491115570068,
      "per": 0.05037080496549606,
      "lambda_emo": 1.0,
      "lambda_asr": 0.0001,
      "lambda_per": 0.0
    },
    {
      "step": 9,
      "total": 6.24660844039917,
      "emo": 6.2462921142578125,
      "asr": 3.1632614135742188,
      "per": 0.041512832045555115,
      "lambda_emo": 1.0,
      "lambda_asr": 0.0001,
      "lambda_per": 0.0
    },
    {
      "step": 10,
      "total": 4.19038953909874,
      "emo": 4.1899237632751465,
      "asr": 4.6577582359313965,
      "per": 0.04670868068933487,
      "lambda_emo": 1.0,
      "lambda_asr": 0.0001,
      "lambda_per": 0.0
    },
    {
      "step": 11,
      "total": 4.531008533740043,
      "emo": 4.5306243896484375,
      "asr": 3.8414409160614014,
      "per": 0.05121111124753952,
      "lambda_emo": 1.0,
      "lambda_asr": 0.0001,
      "lambda_per": 0.0
    },
    {
      "step": 12,
      "total": 3.503884616923332,
      "emo": 3.503533124923706,
      "asr": 3.5149199962615967,
      "per": 0.06089828908443451,
      "lambda_emo": 1.0,
      "lambda_asr": 0.0001,
      "lambda_per": 0.0
    },
    {
      "step": 13,
      "total": 3.0478927313804625,
      "emo": 3.0473556518554688,
      "asr": 5.370795249938965,
      "per": 0.0438922755420208,
      "lambda_emo": 1.0,
      "lambda_asr": 0.0001,
      "lambda_per": 0.0
    },
    {
      "step": 14,
      "total": 4.055412469863891,
      "emo": 4.054749488830566,
      "asr": 6.629810333251953,
      "per": 0.05133243650197983,
      "lambda_emo": 1.0,
      "lambda_asr": 0.0001,
      "lambda_per": 0.0
    },
    {
      "step": 15,
      "total": 3.844063659572601,
      "emo": 3.8434228897094727,
      "asr": 6.407698631286621,
      "per": 0.059346526861190796,
      "lambda_emo": 1.0,
      "lambda_asr": 0.0001,
      "lambda_per": 0.0
    },
    {
      "step": 16,
      "total": 3.2012566012859343,
      "emo": 3.200664520263672,
      "asr": 5.920810222625732,
      "per": 0.05675400793552399,
      "lambda_emo": 1.0,
      "lambda_asr": 0.0001,
      "lambda_per": 0.0
    },
    {
      "step": 17,
      "total": 3.0446424458503722,
      "emo": 3.043977737426758,
      "asr": 6.6470842361450195,
      "per": 0.05225483700633049,
      "lambda_emo": 1.0,
      "lambda_asr": 0.0001,
      "lambda_per": 0.0
    },
    {
      "step": 18,
      "total": 3.1344019032001493,
      "emo": 3.1337404251098633,
      "asr": 6.614780902862549,
      "per": 0.050756823271512985,
      "lambda_emo": 1.0,
      "lambda_asr": 0.0001,
      "lambda_per": 0.0
    },
    {
      "step": 19,
      "total": 2.54016125497818,
      "emo": 2.5394959449768066,
      "asr": 6.65310001373291,
      "per": 0.05026252195239067,
      "lambda_emo": 1.0,
      "lambda_asr": 0.0001,
      "lambda_per": 0.0
    },
    {
      "step": 20,
      "total": 2.72761525805898,
      "emo": 2.6649956703186035,
      "asr": 6.261905670166016,
      "per": 0.05310387164354324,
      "lambda_emo": 1.0,
      "lambda_asr": 0.01,
      "lambda_per": 1e-05
    },
    {
      "step": 21,
      "total": 1.669677203452103,
      "emo": 1.606633186340332,
      "asr": 6.304356098175049,
      "per": 0.04561300203204155,
      "lambda_emo": 1.0,
      "lambda_asr": 0.01,
      "lambda_per": 1e-05
    },
    {
      "step": 22,
      "total": 1.6952085462341457,
      "emo": 1.6361351013183594,
      "asr": 5.907297611236572,
      "per": 0.046880342066287994,
      "lambda_emo": 1.0,
      "lambda_asr": 0.01,
      "lambda_per": 1e-05
    },
    {
      "step": 23,
      "total": 1.635982191139236,
      "emo": 1.5721049308776855,
      "asr": 6.387669086456299,
      "per": 0.05693969875574112,
      "lambda_emo": 1.0,
      "lambda_asr": 0.01,