{
  "sample_id": "07808_0010_sad_0010_001205",
  "path": "/data1/lixiang/OpenS2S_dataset/ESD/CN/0010/Sad/0010_001205.wav",
  "speaker_id": "0010",
  "ground_truth_emotion": "sad",
  "target_emotion": "happy",
  "emo_text_clean": [
    "Sad",
    "Neutral",
    "\u542c\u8d77\u6765"
  ],
  "emo_text_adv": [
    "happy",
    "happy",
    "happy"
  ],
  "emo_pred_clean": [
    "sad",
    "neutral",
    ""
  ],
  "emo_pred_adv": [
    "happy",
    "happy",
    "happy"
  ],
  "asr_text_clean": "\u6211\u53ea\u6253\u7b97\u653e\u677e\u4e00\u4e0b\u81ea\u5df1\u3002",
  "asr_text_adv": "The review was really fun and I felt happy.",
  "success_emo": true,
  "wer": 9.0,
  "semantic_sim": 0.2516636848449707,
  "semantic_preserved": false,
  "delta_linf": 0.008000001311302185,
  "delta_l2": 1.0687333345413208,
  "snr_db": 7.4294576633087335,
  "grad_norm_trace": [
    681.6931762695312,
    931.9751586914062,
    109.19058227539062,
    124.55769348144531,
    147.5518341064453,
    226.81134033203125,
    113.22998046875,
    212.78335571289062,
    141.9381103515625,
    212.94090270996094,
    148.37890625,
    105.87646484375,
    56.68531036376953,
    49.27375411987305,
    88.06098175048828,
    51.91291427612305,
    48.3121223449707,
    124.22566223144531,
    76.30352020263672,
    40.15613555908203,
    27.183320999145508,
    34.599693298339844,
    45.59782409667969,
    48.5952262878418,
    51.668357849121094,
    39.795021057128906,
    29.66928482055664,
    23.463943481445312,
    35.22877502441406,
    22.35818862915039,
    29.527273178100586,
    26.048978805541992,
    33.43669128417969,
    85.91134643554688,
    59.5428466796875,
    206.61508178710938,
    45.56618118286133,
    90.20460510253906,
    60.80377197265625,
    31.994680404663086,
    67.43408966064453,
    121.0378646850586,
    52.362266540527344,
    27.505062103271484,
    17.186594009399414,
    67.90681457519531,
    24.824771881103516,
    24.691329956054688,
    18.89704132080078,
    28.7647705078125,
    65.37773895263672,
    18.726993560791016,
    29.590124130249023,
    22.05841064453125,
    30.862112045288086,
    40.336483001708984,
    105.98849487304688,
    43.84620666503906,
    22.566665649414062,
    14.68340015411377
  ],
  "loss_trace": [
    {
      "step": 0,
      "total": 11.46564557929188,
      "emo": 11.465620994567871,
      "asr": 0.24584724009037018,
      "per": 0.0,
      "lambda_emo": 1.0,
      "lambda_asr": 0.0001,
      "lambda_per": 0.0
    },
    {
      "step": 1,
      "total": 6.886845369100571,
      "emo": 6.886813640594482,
      "asr": 0.31728506088256836,
      "per": 0.044528570026159286,
      "lambda_emo": 1.0,
      "lambda_asr": 0.0001,
      "lambda_per": 0.0
    },
    {
      "step": 2,
      "total": 5.975932638704776,
      "emo": 5.975823402404785,
      "asr": 1.0923629999160767,
      "per": 0.0479532852768898,
      "lambda_emo": 1.0,
      "lambda_asr": 0.0001,
      "lambda_per": 0.0
    },
    {
      "step": 3,
      "total": 5.0633821116924285,
      "emo": 5.062917709350586,
      "asr": 4.644023418426514,
      "per": 0.040989361703395844,
      "lambda_emo": 1.0,
      "lambda_asr": 0.0001,
      "lambda_per": 0.0
    },
    {
      "step": 4,
      "total": 5.274206823682785,
      "emo": 5.273658275604248,
      "asr": 5.485480785369873,
      "per": 0.052855513989925385,
      "lambda_emo": 1.0,
      "lambda_asr": 0.0001,
      "lambda_per": 0.0
    },
    {
      "step": 5,
      "total": 4.183530499267578,
      "emo": 4.182984828948975,
      "asr": 5.456703186035156,
      "per": 0.05326896160840988,
      "lambda_emo": 1.0,
      "lambda_asr": 0.0001,
      "lambda_per": 0.0
    },
    {
      "step": 6,
      "total": 4.407010508680344,
      "emo": 4.406430244445801,
      "asr": 5.802642345428467,
      "per": 0.059543903917074203,
      "lambda_emo": 1.0,
      "lambda_asr": 0.0001,
      "lambda_per": 0.0
    },
    {
      "step": 7,
      "total": 4.341804927110672,
      "emo": 4.341222286224365,
      "asr": 5.826408863067627,
      "per": 0.06113290786743164,
      "lambda_emo": 1.0,
      "lambda_asr": 0.0001,
      "lambda_per": 0.0
    },
    {
      "step": 8,
      "total": 3.8831957939624786,
      "emo": 3.8826186656951904,
      "asr": 5.77128267288208,
      "per": 0.05400925129652023,
      "lambda_emo": 1.0,
      "lambda_asr": 0.0001,
      "lambda_per": 0.0
    },
    {
      "step": 9,
      "total": 3.362703940439224,
      "emo": 3.362100601196289,
      "asr": 6.033392429351807,
      "per": 0.05266901105642319,
      "lambda_emo": 1.0,
      "lambda_asr": 0.0001,
      "lambda_per": 0.0
    },
    {
      "step": 10,
      "total": 4.094498167848587,
      "emo": 4.093911647796631,
      "asr": 5.865200519561768,
      "per": 0.0507485494017601,
      "lambda_emo": 1.0,
      "lambda_asr": 0.0001,
      "lambda_per": 0.0
    },
    {
      "step": 11,
      "total": 2.8693641590595247,
      "emo": 2.8687846660614014,
      "asr": 5.7949299812316895,
      "per": 0.049166616052389145,
      "lambda_emo": 1.0,
      "lambda_asr": 0.0001,
      "lambda_per": 0.0
    },
    {
      "step": 12,
      "total": 2.49983501830101,
      "emo": 2.4992568492889404,
      "asr": 5.7816901206970215,
      "per": 0.056541912257671356,
      "lambda_emo": 1.0,
      "lambda_asr": 0.0001,
      "lambda_per": 0.0
    },
    {
      "step": 13,
      "total": 2.1650548536777494,
      "emo": 2.164422035217285,
      "asr": 6.328184604644775,
      "per": 0.041428714990615845,
      "lambda_emo": 1.0,
      "lambda_asr": 0.0001,
      "lambda_per": 0.0
    },
    {
      "step": 14,
      "total": 2.1609052855014803,
      "emo": 2.1602957248687744,
      "asr": 6.095606327056885,
      "per": 0.050822269171476364,
      "lambda_emo": 1.0,
      "lambda_asr": 0.0001,
      "lambda_per": 0.0
    },
    {
      "step": 15,
      "total": 2.0627855584144594,
      "emo": 2.062206268310547,
      "asr": 5.792901039123535,
      "per": 0.04876997321844101,
      "lambda_emo": 1.0,
      "lambda_asr": 0.0001,
      "lambda_per": 0.0
    },
    {
      "step": 16,
      "total": 1.5693203974723815,
      "emo": 1.5687501430511475,
      "asr": 5.702544212341309,
      "per": 0.04975759983062744,
      "lambda_emo": 1.0,
      "lambda_asr": 0.0001,
      "lambda_per": 0.0
    },
    {
      "step": 17,
      "total": 1.713636609172821,
      "emo": 1.7130556106567383,
      "asr": 5.809985160827637,
      "per": 0.04871328920125961,
      "lambda_emo": 1.0,
      "lambda_asr": 0.0001,
      "lambda_per": 0.0
    },
    {
      "step": 18,
      "total": 1.5455863658428193,
      "emo": 1.5449814796447754,
      "asr": 6.048861980438232,
      "per": 0.05293679237365723,
      "lambda_emo": 1.0,
      "lambda_asr": 0.0001,
      "lambda_per": 0.0
    },
    {
      "step": 19,
      "total": 1.41897391705513,
      "emo": 1.4183629751205444,
      "asr": 6.109419345855713,
      "per": 0.05123136565089226,
      "lambda_emo": 1.0,
      "lambda_asr": 0.0001,
      "lambda_per": 0.0
    },
    {
      "step": 20,
      "total": 1.3098575198227167,
      "emo": 1.2469964027404785,
      "asr": 6.286059856414795,
      "per": 0.05185180902481079,
      "lambda_emo": 1.0,
      "lambda_asr": 0.01,
      "lambda_per": 1e-05
    },
    {
      "step": 21,
      "total": 0.9862219167664646,
      "emo": 0.923019289970398,
      "asr": 6.3202104568481445,
      "per": 0.052222758531570435,
      "lambda_emo": 1.0,
      "lambda_asr": 0.01,
      "lambda_per": 1e-05
    },
    {
      "step": 22,
      "total": 1.2784238136839867,
      "emo": 1.2153565883636475,
      "asr": 6.306671142578125,
      "per": 0.051389455795288086,
      "lambda_emo": 1.0,
      "lambda_asr": 0.01,
      "lambda_per": 1e-05
    },
    {
      "step": 23,
      "total": 1.0103819994774461,
      "emo": 0.9464560747146606,
      "asr": 6.392538547515869,
      "per": 0.053928762674331665,
      "lambda_emo": 1.0,