{
  "sample_id": "07834_0010_sad_0010_001318",
  "path": "/data1/lixiang/OpenS2S_dataset/ESD/CN/0010/Sad/0010_001318.wav",
  "speaker_id": "0010",
  "ground_truth_emotion": "sad",
  "target_emotion": "happy",
  "emo_text_clean": [
    "Sad",
    "Sad",
    "\u8c01\u90fd\u6709\u70e6\u7684\u65f6\u5019\uff0c\u542c\u8d77\u6765"
  ],
  "emo_text_adv": [
    "Happy",
    "Happy",
    "Happy"
  ],
  "emo_pred_clean": [
    "sad",
    "sad",
    ""
  ],
  "emo_pred_adv": [
    "happy",
    "happy",
    "happy"
  ],
  "asr_text_clean": "\u8c01\u90fd\u6709\u70e6\u5fc3\u7684\u65f6\u5019",
  "asr_text_adv": "\"Let's go on an adventure!\"",
  "success_emo": true,
  "wer": 5.0,
  "semantic_sim": 0.2962411940097809,
  "semantic_preserved": false,
  "delta_linf": 0.008000001311302185,
  "delta_l2": 0.9289700984954834,
  "snr_db": 10.454507181988685,
  "grad_norm_trace": [
    1118.87646484375,
    213.8294677734375,
    567.8118896484375,
    101.51165008544922,
    64.64061737060547,
    41.309452056884766,
    158.1326141357422,
    39.857757568359375,
    57.288330078125,
    96.85875701904297,
    46.07173156738281,
    98.732421875,
    102.94485473632812,
    48.99909973144531,
    140.27325439453125,
    65.4678955078125,
    60.02388000488281,
    54.47409439086914,
    165.93202209472656,
    112.26737213134766,
    45.54472351074219,
    151.6065216064453,
    476.27313232421875,
    50.919036865234375,
    57.91358947753906,
    104.8083724975586,
    42.692237854003906,
    87.50791931152344,
    108.93603515625,
    47.01630401611328,
    81.52704620361328,
    66.6506576538086,
    67.62025451660156,
    184.24807739257812,
    130.89218139648438,
    70.8177490234375,
    38.18011474609375,
    60.26407241821289,
    59.905662536621094,
    37.11310958862305,
    104.34232330322266,
    38.67100524902344,
    51.69225311279297,
    49.148067474365234,
    28.15939712524414,
    71.54462432861328,
    50.58162307739258,
    63.31069564819336,
    65.855712890625,
    62.727787017822266,
    64.81007385253906,
    75.95584869384766,
    83.60701751708984,
    27.794265747070312,
    58.250244140625,
    38.974266052246094,
    46.79164123535156,
    98.49873352050781,
    37.42969512939453,
    40.17136001586914
  ],
  "loss_trace": [
    {
      "step": 0,
      "total": 9.845515068598091,
      "emo": 9.845495223999023,
      "asr": 0.19844599068164825,
      "per": 0.0,
      "lambda_emo": 1.0,
      "lambda_asr": 0.0001,
      "lambda_per": 0.0
    },
    {
      "step": 1,
      "total": 6.543968687474727,
      "emo": 6.543768882751465,
      "asr": 1.9980472326278687,
      "per": 0.03391559422016144,
      "lambda_emo": 1.0,
      "lambda_asr": 0.0001,
      "lambda_per": 0.0
    },
    {
      "step": 2,
      "total": 4.908986264610291,
      "emo": 4.90869140625,
      "asr": 2.9485836029052734,
      "per": 0.04634290188550949,
      "lambda_emo": 1.0,
      "lambda_asr": 0.0001,
      "lambda_per": 0.0
    },
    {
      "step": 3,
      "total": 4.8241570618629455,
      "emo": 4.8235321044921875,
      "asr": 6.249573707580566,
      "per": 0.046647410839796066,
      "lambda_emo": 1.0,
      "lambda_asr": 0.0001,
      "lambda_per": 0.0
    },
    {
      "step": 4,
      "total": 4.579920663738251,
      "emo": 4.579256057739258,
      "asr": 6.646059989929199,
      "per": 0.06753668189048767,
      "lambda_emo": 1.0,
      "lambda_asr": 0.0001,
      "lambda_per": 0.0
    },
    {
      "step": 5,
      "total": 3.9645883080482482,
      "emo": 3.9639058113098145,
      "asr": 6.824967384338379,
      "per": 0.05691935867071152,
      "lambda_emo": 1.0,
      "lambda_asr": 0.0001,
      "lambda_per": 0.0
    },
    {
      "step": 6,
      "total": 4.033666906261444,
      "emo": 4.033061504364014,
      "asr": 6.054018974304199,
      "per": 0.06032595783472061,
      "lambda_emo": 1.0,
      "lambda_asr": 0.0001,
      "lambda_per": 0.0
    },
    {
      "step": 7,
      "total": 4.685531296634674,
      "emo": 4.684848308563232,
      "asr": 6.829880714416504,
      "per": 0.046999357640743256,
      "lambda_emo": 1.0,
      "lambda_asr": 0.0001,
      "lambda_per": 0.0
    },
    {
      "step": 8,
      "total": 3.976849360179901,
      "emo": 3.9761962890625,
      "asr": 6.5307111740112305,
      "per": 0.06554266810417175,
      "lambda_emo": 1.0,
      "lambda_asr": 0.0001,
      "lambda_per": 0.0
    },
    {
      "step": 9,
      "total": 4.542750293970108,
      "emo": 4.542087078094482,
      "asr": 6.6321587562561035,
      "per": 0.05441896244883537,
      "lambda_emo": 1.0,
      "lambda_asr": 0.0001,
      "lambda_per": 0.0
    },
    {
      "step": 10,
      "total": 3.7766839631557465,
      "emo": 3.7760181427001953,
      "asr": 6.658204555511475,
      "per": 0.05295000597834587,
      "lambda_emo": 1.0,
      "lambda_asr": 0.0001,
      "lambda_per": 0.0
    },
    {
      "step": 11,
      "total": 3.4944663281440733,
      "emo": 3.493804931640625,
      "asr": 6.613965034484863,
      "per": 0.05042683333158493,
      "lambda_emo": 1.0,
      "lambda_asr": 0.0001,
      "lambda_per": 0.0
    },
    {
      "step": 12,
      "total": 4.4753471434116365,
      "emo": 4.474697113037109,
      "asr": 6.500303745269775,
      "per": 0.06369388848543167,
      "lambda_emo": 1.0,
      "lambda_asr": 0.0001,
      "lambda_per": 0.0
    },
    {
      "step": 13,
      "total": 3.8400015853881837,
      "emo": 3.839325428009033,
      "asr": 6.761573791503906,
      "per": 0.04810292646288872,
      "lambda_emo": 1.0,
      "lambda_asr": 0.0001,
      "lambda_per": 0.0
    },
    {
      "step": 14,
      "total": 3.3598462708473207,
      "emo": 3.359142780303955,
      "asr": 7.034905433654785,
      "per": 0.04522848129272461,
      "lambda_emo": 1.0,
      "lambda_asr": 0.0001,
      "lambda_per": 0.0
    },
    {
      "step": 15,
      "total": 4.087317956638336,
      "emo": 4.08663272857666,
      "asr": 6.852280616760254,
      "per": 0.05502919480204582,
      "lambda_emo": 1.0,
      "lambda_asr": 0.0001,
      "lambda_per": 0.0
    },
    {
      "step": 16,
      "total": 3.5608274703979492,
      "emo": 3.5601139068603516,
      "asr": 7.1356353759765625,
      "per": 0.06007330119609833,
      "lambda_emo": 1.0,
      "lambda_asr": 0.0001,
      "lambda_per": 0.0
    },
    {
      "step": 17,
      "total": 2.90290330991745,
      "emo": 2.9021899700164795,
      "asr": 7.13339900970459,
      "per": 0.04578181356191635,
      "lambda_emo": 1.0,
      "lambda_asr": 0.0001,
      "lambda_per": 0.0
    },
    {
      "step": 18,
      "total": 3.2363667966365814,
      "emo": 3.235670566558838,
      "asr": 6.962300777435303,
      "per": 0.05700650066137314,
      "lambda_emo": 1.0,
      "lambda_asr": 0.0001,
      "lambda_per": 0.0
    },
    {
      "step": 19,
      "total": 3.531951135253906,
      "emo": 3.531233549118042,
      "asr": 7.175861358642578,
      "per": 0.0627966970205307,
      "lambda_emo": 1.0,
      "lambda_asr": 0.0001,
      "lambda_per": 0.0
    },
    {
      "step": 20,
      "total": 3.4652794715217503,
      "emo": 3.39565372467041,
      "asr": 6.962523460388184,
      "per": 0.05122474581003189,
      "lambda_emo": 1.0,
      "lambda_asr": 0.01,
      "lambda_per": 1e-05
    },
    {
      "step": 21,
      "total": 5.398181726879925,
      "emo": 5.370734691619873,
      "asr": 2.7446532249450684,
      "per": 0.05030106008052826,
      "lambda_emo": 1.0,
      "lambda_asr": 0.01,
      "lambda_per": 1e-05
    },
    {
      "step": 22,
      "total": 5.096844356133156,
      "emo": 5.0538716316223145,
      "asr": 4.2972283363342285,
      "per": 0.04411474987864494,
      "lambda_emo": 1.0,
      "lambda_asr": 0.01,
      "lambda_per": 1e-05
    },
    {
      "step": 23,
      "total": 4.014878969919011,
      "emo": 3.942838668823242,
      "asr": 7.203967094421387,
      "per": 0.0630151554942131,
      "lambda_emo": 1.0,
      "lambda_asr": 0.01,