{
  "sample_id": "07848_0010_sad_0010_001154",
  "path": "/data1/lixiang/OpenS2S_dataset/ESD/CN/0010/Sad/0010_001154.wav",
  "speaker_id": "0010",
  "ground_truth_emotion": "sad",
  "target_emotion": "happy",
  "emo_text_clean": [
    "Sad",
    "Sad",
    "\u542c\u8d77\u6765"
  ],
  "emo_text_adv": [
    "happy",
    "happy",
    "happy"
  ],
  "emo_pred_clean": [
    "sad",
    "sad",
    ""
  ],
  "emo_pred_adv": [
    "happy",
    "happy",
    "happy"
  ],
  "asr_text_clean": "\u6ca1\u6709\u627e\u5230\u6b63\u5b87\u7684\u7ee7\u65f6\u3002",
  "asr_text_adv": "\"Keep it up, buddy! You're doing great!\"",
  "success_emo": true,
  "wer": 7.0,
  "semantic_sim": 0.04597630351781845,
  "semantic_preserved": false,
  "delta_linf": 0.008000001311302185,
  "delta_l2": 1.039392352104187,
  "snr_db": 4.540834819431015,
  "grad_norm_trace": [
    1068.0057373046875,
    222.95265197753906,
    172.62478637695312,
    432.2344055175781,
    208.05215454101562,
    149.80184936523438,
    348.3440246582031,
    124.45808410644531,
    65.47809600830078,
    110.83394622802734,
    134.946533203125,
    125.07119750976562,
    66.11856842041016,
    68.66670227050781,
    85.09786224365234,
    143.30165100097656,
    55.559364318847656,
    234.7645263671875,
    84.463134765625,
    76.2251968383789,
    57.85489273071289,
    83.510498046875,
    185.67391967773438,
    59.091163635253906,
    50.88579177856445,
    53.84531021118164,
    40.54500961303711,
    84.17499542236328,
    46.985599517822266,
    22.176057815551758,
    22.701210021972656,
    20.971803665161133,
    27.320642471313477,
    30.95804214477539,
    23.550058364868164,
    27.8882999420166,
    21.657787322998047,
    38.93057632446289,
    27.892763137817383,
    14.869318962097168,
    68.41388702392578,
    15.118037223815918,
    37.64667892456055,
    37.36457824707031,
    55.23042678833008,
    35.823570251464844,
    19.076086044311523,
    17.354734420776367,
    18.72946548461914,
    14.993110656738281,
    36.11404800415039,
    17.340503692626953,
    23.749990463256836,
    36.509403228759766,
    25.4007568359375,
    60.11513137817383,
    40.645992279052734,
    23.791221618652344,
    36.41889953613281,
    27.432344436645508
  ],
  "loss_trace": [
    {
      "step": 0,
      "total": 11.178158321374655,
      "emo": 11.178092002868652,
      "asr": 0.6631850600242615,
      "per": 0.0,
      "lambda_emo": 1.0,
      "lambda_asr": 0.0001,
      "lambda_per": 0.0
    },
    {
      "step": 1,
      "total": 7.827503498935699,
      "emo": 7.827024459838867,
      "asr": 4.790390968322754,
      "per": 0.04402539134025574,
      "lambda_emo": 1.0,
      "lambda_asr": 0.0001,
      "lambda_per": 0.0
    },
    {
      "step": 2,
      "total": 7.016775157213211,
      "emo": 7.016090393066406,
      "asr": 6.847641468048096,
      "per": 0.039946049451828,
      "lambda_emo": 1.0,
      "lambda_asr": 0.0001,
      "lambda_per": 0.0
    },
    {
      "step": 3,
      "total": 4.733214787626267,
      "emo": 4.732527256011963,
      "asr": 6.875316143035889,
      "per": 0.05805499851703644,
      "lambda_emo": 1.0,
      "lambda_asr": 0.0001,
      "lambda_per": 0.0
    },
    {
      "step": 4,
      "total": 4.716154661893845,
      "emo": 4.715466499328613,
      "asr": 6.881625652313232,
      "per": 0.04916617274284363,
      "lambda_emo": 1.0,
      "lambda_asr": 0.0001,
      "lambda_per": 0.0
    },
    {
      "step": 5,
      "total": 4.192561405324936,
      "emo": 4.191849708557129,
      "asr": 7.116967678070068,
      "per": 0.06309941411018372,
      "lambda_emo": 1.0,
      "lambda_asr": 0.0001,
      "lambda_per": 0.0
    },
    {
      "step": 6,
      "total": 5.219126434612274,
      "emo": 5.218365669250488,
      "asr": 7.607653617858887,
      "per": 0.050942253321409225,
      "lambda_emo": 1.0,
      "lambda_asr": 0.0001,
      "lambda_per": 0.0
    },
    {
      "step": 7,
      "total": 5.161974758529663,
      "emo": 5.161083221435547,
      "asr": 8.91537094116211,
      "per": 0.04663222283124924,
      "lambda_emo": 1.0,
      "lambda_asr": 0.0001,
      "lambda_per": 0.0
    },
    {
      "step": 8,
      "total": 3.6646338826179505,
      "emo": 3.6637351512908936,
      "asr": 8.987313270568848,
      "per": 0.05179784446954727,
      "lambda_emo": 1.0,
      "lambda_asr": 0.0001,
      "lambda_per": 0.0
    },
    {
      "step": 9,
      "total": 3.895819891166687,
      "emo": 3.894948959350586,
      "asr": 8.709318161010742,
      "per": 0.05533494055271149,
      "lambda_emo": 1.0,
      "lambda_asr": 0.0001,
      "lambda_per": 0.0
    },
    {
      "step": 10,
      "total": 2.780381463909149,
      "emo": 2.7794368267059326,
      "asr": 9.446372032165527,
      "per": 0.05140179023146629,
      "lambda_emo": 1.0,
      "lambda_asr": 0.0001,
      "lambda_per": 0.0
    },
    {
      "step": 11,
      "total": 2.5548268672943117,
      "emo": 2.553891181945801,
      "asr": 9.356853485107422,
      "per": 0.05293285846710205,
      "lambda_emo": 1.0,
      "lambda_asr": 0.0001,
      "lambda_per": 0.0
    },
    {
      "step": 12,
      "total": 3.0322281413078307,
      "emo": 3.0313072204589844,
      "asr": 9.209208488464355,
      "per": 0.04887547343969345,
      "lambda_emo": 1.0,
      "lambda_asr": 0.0001,
      "lambda_per": 0.0
    },
    {
      "step": 13,
      "total": 2.7640059309959413,
      "emo": 2.763080358505249,
      "asr": 9.255724906921387,
      "per": 0.044885050505399704,
      "lambda_emo": 1.0,
      "lambda_asr": 0.0001,
      "lambda_per": 0.0
    },
    {
      "step": 14,
      "total": 3.1636720054626464,
      "emo": 3.162769317626953,
      "asr": 9.026878356933594,
      "per": 0.05637367069721222,
      "lambda_emo": 1.0,
      "lambda_asr": 0.0001,
      "lambda_per": 0.0
    },
    {
      "step": 15,
      "total": 2.348438064289093,
      "emo": 2.347529172897339,
      "asr": 9.088913917541504,
      "per": 0.05658438056707382,
      "lambda_emo": 1.0,
      "lambda_asr": 0.0001,
      "lambda_per": 0.0
    },
    {
      "step": 16,
      "total": 2.1962618372917175,
      "emo": 2.1952896118164062,
      "asr": 9.722254753112793,
      "per": 0.050366342067718506,
      "lambda_emo": 1.0,
      "lambda_asr": 0.0001,
      "lambda_per": 0.0
    },
    {
      "step": 17,
      "total": 2.951909749031067,
      "emo": 2.951018810272217,
      "asr": 8.909387588500977,
      "per": 0.053223904222249985,
      "lambda_emo": 1.0,
      "lambda_asr": 0.0001,
      "lambda_per": 0.0
    },
    {
      "step": 18,
      "total": 2.5945612696647644,
      "emo": 2.5935964584350586,
      "asr": 9.648112297058105,
      "per": 0.06213657557964325,
      "lambda_emo": 1.0,
      "lambda_asr": 0.0001,
      "lambda_per": 0.0
    },
    {
      "step": 19,
      "total": 3.2231898469924927,
      "emo": 3.2222821712493896,
      "asr": 9.076757431030273,
      "per": 0.061775773763656616,
      "lambda_emo": 1.0,
      "lambda_asr": 0.0001,
      "lambda_per": 0.0
    },
    {
      "step": 20,
      "total": 2.592103888546452,
      "emo": 2.4994821548461914,
      "asr": 9.262116432189941,
      "per": 0.05693783611059189,
      "lambda_emo": 1.0,
      "lambda_asr": 0.01,
      "lambda_per": 1e-05
    },
    {
      "step": 21,
      "total": 2.9530534903190286,
      "emo": 2.8604323863983154,
      "asr": 9.262063026428223,
      "per": 0.047365643084049225,
      "lambda_emo": 1.0,
      "lambda_asr": 0.01,
      "lambda_per": 1e-05
    },
    {
      "step": 22,
      "total": 3.2415845023027066,
      "emo": 3.149477481842041,
      "asr": 9.21064567565918,
      "per": 0.05637040734291077,
      "lambda_emo": 1.0,
      "lambda_asr": 0.01,
      "lambda_per": 1e-05
    },
    {
      "step": 23,
      "total": 2.319624930308461,
      "emo": 2.228771686553955,
      "asr": 9.085269927978516,
      "per": 0.0544474720954895,
      "lambda_emo": 1.0,
      "lambda_asr": 0.01,