{
  "sample_id": "07852_0010_sad_0010_001198",
  "path": "/data1/lixiang/OpenS2S_dataset/ESD/CN/0010/Sad/0010_001198.wav",
  "speaker_id": "0010",
  "ground_truth_emotion": "sad",
  "target_emotion": "happy",
  "emo_text_clean": [
    "Sad",
    "Sad",
    "\u597d\u7684\uff0c\u6211\u8bb0\u4f4f\u4e86\u3002"
  ],
  "emo_text_adv": [
    "happy",
    "happy",
    "happy"
  ],
  "emo_pred_clean": [
    "sad",
    "sad",
    ""
  ],
  "emo_pred_adv": [
    "happy",
    "happy",
    "happy"
  ],
  "asr_text_clean": "\u6709\u4e8b\u8bb0\u5f97\u558a\u6211",
  "asr_text_adv": "\u5c0f\u6eaa\u6ce1\u6ce1",
  "success_emo": true,
  "wer": 1.0,
  "semantic_sim": 0.28000563383102417,
  "semantic_preserved": false,
  "delta_linf": 0.008000001311302185,
  "delta_l2": 1.0052160024642944,
  "snr_db": 3.2166774845049346,
  "grad_norm_trace": [
    5221.00634765625,
    157.96109008789062,
    161.82579040527344,
    273.85125732421875,
    181.4414520263672,
    136.77432250976562,
    259.9640808105469,
    80.48387908935547,
    208.58522033691406,
    174.57766723632812,
    101.46979522705078,
    253.82810974121094,
    72.4118881225586,
    165.673583984375,
    150.23704528808594,
    138.7374267578125,
    128.51602172851562,
    146.67727661132812,
    47.78416061401367,
    83.3329849243164,
    103.15929412841797,
    63.80199432373047,
    98.62703704833984,
    55.80671310424805,
    82.89393615722656,
    139.47018432617188,
    37.56985855102539,
    47.745887756347656,
    56.80897521972656,
    54.90219497680664,
    187.27664184570312,
    135.30043029785156,
    185.9886016845703,
    65.05253601074219,
    65.2251205444336,
    46.95680618286133,
    81.45111846923828,
    54.99159622192383,
    33.62674331665039,
    82.97003173828125,
    62.497528076171875,
    78.04898071289062,
    41.35432815551758,
    182.2495574951172,
    45.37232971191406,
    27.8641414642334,
    74.1031265258789,
    63.21302795410156,
    20.450166702270508,
    31.1114501953125,
    42.463478088378906,
    40.09966278076172,
    25.415225982666016,
    38.40953063964844,
    56.14530944824219,
    53.02833938598633,
    36.857967376708984,
    22.51376724243164,
    28.68405532836914,
    21.293380737304688
  ],
  "loss_trace": [
    {
      "step": 0,
      "total": 11.69312904483378,
      "emo": 11.69308853149414,
      "asr": 0.4051333963871002,
      "per": 0.0,
      "lambda_emo": 1.0,
      "lambda_asr": 0.0001,
      "lambda_per": 0.0
    },
    {
      "step": 1,
      "total": 5.967019262516499,
      "emo": 5.966865539550781,
      "asr": 1.5372296571731567,
      "per": 0.07461689412593842,
      "lambda_emo": 1.0,
      "lambda_asr": 0.0001,
      "lambda_per": 0.0
    },
    {
      "step": 2,
      "total": 6.13478970451355,
      "emo": 6.1344313621521,
      "asr": 3.583423614501953,
      "per": 0.05178253352642059,
      "lambda_emo": 1.0,
      "lambda_asr": 0.0001,
      "lambda_per": 0.0
    },
    {
      "step": 3,
      "total": 5.339575055980682,
      "emo": 5.33911657333374,
      "asr": 4.584826469421387,
      "per": 0.07323580980300903,
      "lambda_emo": 1.0,
      "lambda_asr": 0.0001,
      "lambda_per": 0.0
    },
    {
      "step": 4,
      "total": 4.864383471632004,
      "emo": 4.863865852355957,
      "asr": 5.176192760467529,
      "per": 0.0488743893802166,
      "lambda_emo": 1.0,
      "lambda_asr": 0.0001,
      "lambda_per": 0.0
    },
    {
      "step": 5,
      "total": 4.872282592344284,
      "emo": 4.871819972991943,
      "asr": 4.626193523406982,
      "per": 0.0690498799085617,
      "lambda_emo": 1.0,
      "lambda_asr": 0.0001,
      "lambda_per": 0.0
    },
    {
      "step": 6,
      "total": 4.634294106721878,
      "emo": 4.633810520172119,
      "asr": 4.835865497589111,
      "per": 0.05694931373000145,
      "lambda_emo": 1.0,
      "lambda_asr": 0.0001,
      "lambda_per": 0.0
    },
    {
      "step": 7,
      "total": 3.4072448187351227,
      "emo": 3.406719207763672,
      "asr": 5.256109714508057,
      "per": 0.06548000872135162,
      "lambda_emo": 1.0,
      "lambda_asr": 0.0001,
      "lambda_per": 0.0
    },
    {
      "step": 8,
      "total": 4.551809710168839,
      "emo": 4.551292896270752,
      "asr": 5.1681389808654785,
      "per": 0.05435418710112572,
      "lambda_emo": 1.0,
      "lambda_asr": 0.0001,
      "lambda_per": 0.0
    },
    {
      "step": 9,
      "total": 3.9147136807918548,
      "emo": 3.914069652557373,
      "asr": 6.440282344818115,
      "per": 0.06850029528141022,
      "lambda_emo": 1.0,
      "lambda_asr": 0.0001,
      "lambda_per": 0.0
    },
    {
      "step": 10,
      "total": 4.807725756645203,
      "emo": 4.807136058807373,
      "asr": 5.896978378295898,
      "per": 0.0472564622759819,
      "lambda_emo": 1.0,
      "lambda_asr": 0.0001,
      "lambda_per": 0.0
    },
    {
      "step": 11,
      "total": 3.4272181862831115,
      "emo": 3.4266562461853027,
      "asr": 5.619400978088379,
      "per": 0.04658298194408417,
      "lambda_emo": 1.0,
      "lambda_asr": 0.0001,
      "lambda_per": 0.0
    },
    {
      "step": 12,
      "total": 5.058060441923142,
      "emo": 5.0574469566345215,
      "asr": 6.134852886199951,
      "per": 0.06179088354110718,
      "lambda_emo": 1.0,
      "lambda_asr": 0.0001,
      "lambda_per": 0.0
    },
    {
      "step": 13,
      "total": 4.7237180690288545,
      "emo": 4.723119735717773,
      "asr": 5.983333110809326,
      "per": 0.0507269911468029,
      "lambda_emo": 1.0,
      "lambda_asr": 0.0001,
      "lambda_per": 0.0
    },
    {
      "step": 14,
      "total": 3.7033052847385406,
      "emo": 3.7027206420898438,
      "asr": 5.846426486968994,
      "per": 0.05395467206835747,
      "lambda_emo": 1.0,
      "lambda_asr": 0.0001,
      "lambda_per": 0.0
    },
    {
      "step": 15,
      "total": 3.600894554424286,
      "emo": 3.600402593612671,
      "asr": 4.919608116149902,
      "per": 0.054230354726314545,
      "lambda_emo": 1.0,
      "lambda_asr": 0.0001,
      "lambda_per": 0.0
    },
    {
      "step": 16,
      "total": 2.7057334904193877,
      "emo": 2.705174446105957,
      "asr": 5.590443134307861,
      "per": 0.06182947754859924,
      "lambda_emo": 1.0,
      "lambda_asr": 0.0001,
      "lambda_per": 0.0
    },
    {
      "step": 17,
      "total": 2.6363844504356386,
      "emo": 2.635803699493408,
      "asr": 5.807509422302246,
      "per": 0.06006358191370964,
      "lambda_emo": 1.0,
      "lambda_asr": 0.0001,
      "lambda_per": 0.0
    },
    {
      "step": 18,
      "total": 1.9584904292106629,
      "emo": 1.9578425884246826,
      "asr": 6.478407859802246,
      "per": 0.04431784152984619,
      "lambda_emo": 1.0,
      "lambda_asr": 0.0001,
      "lambda_per": 0.0
    },
    {
      "step": 19,
      "total": 1.8773051032066346,
      "emo": 1.8766506910324097,
      "asr": 6.544121742248535,
      "per": 0.04895946383476257,
      "lambda_emo": 1.0,
      "lambda_asr": 0.0001,
      "lambda_per": 0.0
    },
    {
      "step": 20,
      "total": 2.462888503118828,
      "emo": 2.4065074920654297,
      "asr": 5.638044834136963,
      "per": 0.056271202862262726,
      "lambda_emo": 1.0,
      "lambda_asr": 0.01,
      "lambda_per": 1e-05
    },
    {
      "step": 21,
      "total": 2.1783243210704253,
      "emo": 2.125998020172119,
      "asr": 5.232571125030518,
      "per": 0.0589648000895977,
      "lambda_emo": 1.0,
      "lambda_asr": 0.01,
      "lambda_per": 1e-05
    },
    {
      "step": 22,
      "total": 2.697953739533238,
      "emo": 2.6420955657958984,
      "asr": 5.585766792297363,
      "per": 0.0505814366042614,
      "lambda_emo": 1.0,
      "lambda_asr": 0.01,
      "lambda_per": 1e-05
    },
    {
      "step": 23,
      "total": 2.4564355205744506,
      "emo": 2.395080327987671,
      "asr": 6.135461330413818,
      "per": 0.057928264141082764,
      "lambda_emo": 1.0,
      "lambda_asr": 0.01,