{
  "sample_id": "07878_0010_sad_0010_001329",
  "path": "/data1/lixiang/OpenS2S_dataset/ESD/CN/0010/Sad/0010_001329.wav",
  "speaker_id": "0010",
  "ground_truth_emotion": "sad",
  "target_emotion": "happy",
  "emo_text_clean": [
    "Sad",
    "Sad",
    "\u55ef\uff0c\u6211\u660e\u767d\u4f60\u7684\u610f\u601d\u3002"
  ],
  "emo_text_adv": [
    "Happy",
    "happy",
    "Happy"
  ],
  "emo_pred_clean": [
    "sad",
    "sad",
    ""
  ],
  "emo_pred_adv": [
    "happy",
    "happy",
    "happy"
  ],
  "asr_text_clean": "\u6211\u4e5f\u6709\u8fd9\u6837\u7684\u611f\u89c9\u3002",
  "asr_text_adv": "\u6211\u4e5f\u4e0d\u60f3",
  "success_emo": true,
  "wer": 1.0,
  "semantic_sim": 0.2919728755950928,
  "semantic_preserved": false,
  "delta_linf": 0.008000001311302185,
  "delta_l2": 1.2290233373641968,
  "snr_db": 12.840560970648042,
  "grad_norm_trace": [
    778.9575805664062,
    486.39190673828125,
    352.00634765625,
    253.6979522705078,
    324.5651550292969,
    75.87353515625,
    75.00955963134766,
    387.7143859863281,
    300.0326843261719,
    360.6229553222656,
    97.22040557861328,
    61.146724700927734,
    250.5486297607422,
    547.0944213867188,
    121.83919525146484,
    83.50152587890625,
    115.9561996459961,
    137.72097778320312,
    76.57333374023438,
    145.60000610351562,
    41.25107192993164,
    50.156192779541016,
    85.38095092773438,
    227.90225219726562,
    130.57064819335938,
    146.11663818359375,
    150.68345642089844,
    217.4044189453125,
    147.16656494140625,
    79.83321380615234,
    68.2834701538086,
    79.4948501586914,
    61.481719970703125,
    51.03953552246094,
    96.31969451904297,
    95.62434387207031,
    127.580810546875,
    81.23444366455078,
    92.48200988769531,
    63.41523361206055,
    59.71840286254883,
    97.86772155761719,
    87.76918029785156,
    96.19013214111328,
    94.05735778808594,
    158.03794860839844,
    134.51011657714844,
    105.49163818359375,
    278.06195068359375,
    73.16181945800781,
    365.4454650878906,
    103.56974029541016,
    84.97398376464844,
    33.66688919067383,
    39.31300735473633,
    93.94119262695312,
    144.05711364746094,
    117.88667297363281,
    80.84234619140625,
    40.59486389160156
  ],
  "loss_trace": [
    {
      "step": 0,
      "total": 12.14713597240448,
      "emo": 12.147077560424805,
      "asr": 0.5841197967529297,
      "per": 0.0,
      "lambda_emo": 1.0,
      "lambda_asr": 0.0001,
      "lambda_per": 0.0
    },
    {
      "step": 1,
      "total": 11.511391882777215,
      "emo": 11.51125717163086,
      "asr": 1.347111463546753,
      "per": 0.03336590155959129,
      "lambda_emo": 1.0,
      "lambda_asr": 0.0001,
      "lambda_per": 0.0
    },
    {
      "step": 2,
      "total": 6.4814002440333365,
      "emo": 6.481308937072754,
      "asr": 0.9130696058273315,
      "per": 0.03903433308005333,
      "lambda_emo": 1.0,
      "lambda_asr": 0.0001,
      "lambda_per": 0.0
    },
    {
      "step": 3,
      "total": 5.291925988942385,
      "emo": 5.291842937469482,
      "asr": 0.8305147290229797,
      "per": 0.044862400740385056,
      "lambda_emo": 1.0,
      "lambda_asr": 0.0001,
      "lambda_per": 0.0
    },
    {
      "step": 4,
      "total": 6.499345155441761,
      "emo": 6.499202251434326,
      "asr": 1.4290400743484497,
      "per": 0.05031305551528931,
      "lambda_emo": 1.0,
      "lambda_asr": 0.0001,
      "lambda_per": 0.0
    },
    {
      "step": 5,
      "total": 8.3420794603467,
      "emo": 8.341981887817383,
      "asr": 0.9757252931594849,
      "per": 0.0589485689997673,
      "lambda_emo": 1.0,
      "lambda_asr": 0.0001,
      "lambda_per": 0.0
    },
    {
      "step": 6,
      "total": 4.820450275957584,
      "emo": 4.820313930511475,
      "asr": 1.3634544610977173,
      "per": 0.05114277824759483,
      "lambda_emo": 1.0,
      "lambda_asr": 0.0001,
      "lambda_per": 0.0
    },
    {
      "step": 7,
      "total": 4.7564060063958165,
      "emo": 4.75629997253418,
      "asr": 1.0603386163711548,
      "per": 0.0501033179461956,
      "lambda_emo": 1.0,
      "lambda_asr": 0.0001,
      "lambda_per": 0.0
    },
    {
      "step": 8,
      "total": 5.541575769436359,
      "emo": 5.541451930999756,
      "asr": 1.2383843660354614,
      "per": 0.05309448391199112,
      "lambda_emo": 1.0,
      "lambda_asr": 0.0001,
      "lambda_per": 0.0
    },
    {
      "step": 9,
      "total": 5.926728500080109,
      "emo": 5.926555633544922,
      "asr": 1.7286653518676758,
      "per": 0.05099201947450638,
      "lambda_emo": 1.0,
      "lambda_asr": 0.0001,
      "lambda_per": 0.0
    },
    {
      "step": 10,
      "total": 5.7347506609916685,
      "emo": 5.734549522399902,
      "asr": 2.011385917663574,
      "per": 0.05786023288965225,
      "lambda_emo": 1.0,
      "lambda_asr": 0.0001,
      "lambda_per": 0.0
    },
    {
      "step": 11,
      "total": 4.342187805461884,
      "emo": 4.341983318328857,
      "asr": 2.0448713302612305,
      "per": 0.04609200358390808,
      "lambda_emo": 1.0,
      "lambda_asr": 0.0001,
      "lambda_per": 0.0
    },
    {
      "step": 12,
      "total": 3.608873361515999,
      "emo": 3.6086642742156982,
      "asr": 2.0908730030059814,
      "per": 0.062422238290309906,
      "lambda_emo": 1.0,
      "lambda_asr": 0.0001,
      "lambda_per": 0.0
    },
    {
      "step": 13,
      "total": 6.1357494511604305,
      "emo": 6.135568141937256,
      "asr": 1.8130922317504883,
      "per": 0.04424738883972168,
      "lambda_emo": 1.0,
      "lambda_asr": 0.0001,
      "lambda_per": 0.0
    },
    {
      "step": 14,
      "total": 4.1377554499387745,
      "emo": 4.137544631958008,
      "asr": 2.108179807662964,
      "per": 0.06347043067216873,
      "lambda_emo": 1.0,
      "lambda_asr": 0.0001,
      "lambda_per": 0.0
    },
    {
      "step": 15,
      "total": 3.9212865683197977,
      "emo": 3.9211225509643555,
      "asr": 1.6401735544204712,
      "per": 0.05888364836573601,
      "lambda_emo": 1.0,
      "lambda_asr": 0.0001,
      "lambda_per": 0.0
    },
    {
      "step": 16,
      "total": 3.02443250644207,
      "emo": 3.02420711517334,
      "asr": 2.2539126873016357,
      "per": 0.048888083547353745,
      "lambda_emo": 1.0,
      "lambda_asr": 0.0001,
      "lambda_per": 0.0
    },
    {
      "step": 17,
      "total": 5.556634679365158,
      "emo": 5.556417465209961,
      "asr": 2.1721415519714355,
      "per": 0.04226825386285782,
      "lambda_emo": 1.0,
      "lambda_asr": 0.0001,
      "lambda_per": 0.0
    },
    {
      "step": 18,
      "total": 2.665227365589142,
      "emo": 2.665081739425659,
      "asr": 1.4562616348266602,
      "per": 0.05698789283633232,
      "lambda_emo": 1.0,
      "lambda_asr": 0.0001,
      "lambda_per": 0.0
    },
    {
      "step": 19,
      "total": 2.6840613735556604,
      "emo": 2.6838998794555664,
      "asr": 1.6149410009384155,
      "per": 0.06165411323308945,
      "lambda_emo": 1.0,
      "lambda_asr": 0.0001,
      "lambda_per": 0.0
    },
    {
      "step": 20,
      "total": 1.9558221118850632,
      "emo": 1.9353969097137451,
      "asr": 2.0424728393554688,
      "per": 0.047377776354551315,
      "lambda_emo": 1.0,
      "lambda_asr": 0.01,
      "lambda_per": 1e-05
    },
    {
      "step": 21,
      "total": 1.8954619085464628,
      "emo": 1.8739359378814697,
      "asr": 2.1525368690490723,
      "per": 0.06019745022058487,
      "lambda_emo": 1.0,
      "lambda_asr": 0.01,
      "lambda_per": 1e-05
    },
    {
      "step": 22,
      "total": 2.0408082821065934,
      "emo": 2.0200412273406982,
      "asr": 2.07666277885437,
      "per": 0.042697735130786896,
      "lambda_emo": 1.0,
      "lambda_asr": 0.01,
      "lambda_per": 1e-05
    },
    {
      "step": 23,
      "total": 3.429007319880426,
      "emo": 3.4084362983703613,
      "asr": 2.057055711746216,
      "per": 0.04643926024436951,
      "lambda_emo": 1.0,