{
  "sample_id": "07884_0010_sad_0010_001224",
  "path": "/data1/lixiang/OpenS2S_dataset/ESD/CN/0010/Sad/0010_001224.wav",
  "speaker_id": "0010",
  "ground_truth_emotion": "sad",
  "target_emotion": "happy",
  "emo_text_clean": [
    "Sad",
    "Sad",
    "\u8fd9\u786e\u5b9e\u662f\u4e2a\u5927\u6570\u76ee"
  ],
  "emo_text_adv": [
    "happy",
    "happy",
    "happy"
  ],
  "emo_pred_clean": [
    "sad",
    "sad",
    ""
  ],
  "emo_pred_adv": [
    "happy",
    "happy",
    "happy"
  ],
  "asr_text_clean": "\u4ed6\u5728\u8fd9\u6b21\u7ade\u9009",
  "asr_text_adv": "I have a site on the riverbank where I paint boats.",
  "success_emo": true,
  "wer": 11.0,
  "semantic_sim": 0.051701150834560394,
  "semantic_preserved": false,
  "delta_linf": 0.008000001311302185,
  "delta_l2": 1.3150895833969116,
  "snr_db": 3.2323564207729287,
  "grad_norm_trace": [
    2087.5126953125,
    516.6748657226562,
    694.8789672851562,
    304.5931396484375,
    214.9470977783203,
    86.34706115722656,
    169.97218322753906,
    564.0078125,
    243.43251037597656,
    252.64462280273438,
    310.2431945800781,
    123.60298156738281,
    56.888877868652344,
    52.579124450683594,
    71.50360870361328,
    79.83989715576172,
    136.357666015625,
    50.91010284423828,
    94.59480285644531,
    64.83557891845703,
    119.06523132324219,
    55.457275390625,
    105.01166534423828,
    60.903839111328125,
    103.2394790649414,
    117.40445709228516,
    109.56227111816406,
    54.62541198730469,
    119.766357421875,
    177.04861450195312,
    47.93209457397461,
    55.50868225097656,
    51.339847564697266,
    150.33583068847656,
    117.24473571777344,
    92.79638671875,
    118.0394515991211,
    46.017696380615234,
    162.82733154296875,
    105.15961456298828,
    171.40054321289062,
    86.34069061279297,
    46.83793258666992,
    51.33597946166992,
    61.645957946777344,
    119.25559997558594,
    45.5877685546875,
    43.408348083496094,
    48.97517395019531,
    68.97667694091797,
    93.42174530029297,
    97.6978530883789,
    85.44300842285156,
    44.177093505859375,
    45.3926887512207,
    97.0882797241211,
    69.15525817871094,
    62.24217224121094,
    38.42802429199219,
    95.60282135009766
  ],
  "loss_trace": [
    {
      "step": 0,
      "total": 11.259723246064782,
      "emo": 11.259703636169434,
      "asr": 0.1960989534854889,
      "per": 0.0,
      "lambda_emo": 1.0,
      "lambda_asr": 0.0001,
      "lambda_per": 0.0
    },
    {
      "step": 1,
      "total": 5.413697161260247,
      "emo": 5.413654327392578,
      "asr": 0.4283386766910553,
      "per": 0.06029641255736351,
      "lambda_emo": 1.0,
      "lambda_asr": 0.0001,
      "lambda_per": 0.0
    },
    {
      "step": 2,
      "total": 5.165049438071251,
      "emo": 5.164681434631348,
      "asr": 3.6800343990325928,
      "per": 0.04922718554735184,
      "lambda_emo": 1.0,
      "lambda_asr": 0.0001,
      "lambda_per": 0.0
    },
    {
      "step": 3,
      "total": 4.534726971054077,
      "emo": 4.534656047821045,
      "asr": 0.7092323303222656,
      "per": 0.056350093334913254,
      "lambda_emo": 1.0,
      "lambda_asr": 0.0001,
      "lambda_per": 0.0
    },
    {
      "step": 4,
      "total": 5.462827487570047,
      "emo": 5.462779998779297,
      "asr": 0.4748879075050354,
      "per": 0.05717439949512482,
      "lambda_emo": 1.0,
      "lambda_asr": 0.0001,
      "lambda_per": 0.0
    },
    {
      "step": 5,
      "total": 2.3808947727680208,
      "emo": 2.3805832862854004,
      "asr": 3.1148648262023926,
      "per": 0.0657888650894165,
      "lambda_emo": 1.0,
      "lambda_asr": 0.0001,
      "lambda_per": 0.0
    },
    {
      "step": 6,
      "total": 2.663694091820717,
      "emo": 2.6634230613708496,
      "asr": 2.7103044986724854,
      "per": 0.06161418557167053,
      "lambda_emo": 1.0,
      "lambda_asr": 0.0001,
      "lambda_per": 0.0
    },
    {
      "step": 7,
      "total": 3.91442472448349,
      "emo": 3.914296865463257,
      "asr": 1.278590202331543,
      "per": 0.05223625898361206,
      "lambda_emo": 1.0,
      "lambda_asr": 0.0001,
      "lambda_per": 0.0
    },
    {
      "step": 8,
      "total": 5.263161794120073,
      "emo": 5.263064384460449,
      "asr": 0.9740965962409973,
      "per": 0.06479448080062866,
      "lambda_emo": 1.0,
      "lambda_asr": 0.0001,
      "lambda_per": 0.0
    },
    {
      "step": 9,
      "total": 4.422996743631363,
      "emo": 4.422635078430176,
      "asr": 3.616652011871338,
      "per": 0.056891947984695435,
      "lambda_emo": 1.0,
      "lambda_asr": 0.0001,
      "lambda_per": 0.0
    },
    {
      "step": 10,
      "total": 2.485831230163574,
      "emo": 2.485322952270508,
      "asr": 5.0827789306640625,
      "per": 0.0629563182592392,
      "lambda_emo": 1.0,
      "lambda_asr": 0.0001,
      "lambda_per": 0.0
    },
    {
      "step": 11,
      "total": 4.811003068876267,
      "emo": 4.8102569580078125,
      "asr": 7.461108684539795,
      "per": 0.06305679678916931,
      "lambda_emo": 1.0,
      "lambda_asr": 0.0001,
      "lambda_per": 0.0
    },
    {
      "step": 12,
      "total": 3.9245061817646025,
      "emo": 3.9238040447235107,
      "asr": 7.0213704109191895,
      "per": 0.0460815355181694,
      "lambda_emo": 1.0,
      "lambda_asr": 0.0001,
      "lambda_per": 0.0
    },
    {
      "step": 13,
      "total": 3.2890471151828766,
      "emo": 3.288292407989502,
      "asr": 7.547071933746338,
      "per": 0.054018519818782806,
      "lambda_emo": 1.0,
      "lambda_asr": 0.0001,
      "lambda_per": 0.0
    },
    {
      "step": 14,
      "total": 3.0416136243343352,
      "emo": 3.040849447250366,
      "asr": 7.641770839691162,
      "per": 0.06215045973658562,
      "lambda_emo": 1.0,
      "lambda_asr": 0.0001,
      "lambda_per": 0.0
    },
    {
      "step": 15,
      "total": 3.4653404609680174,
      "emo": 3.464609146118164,
      "asr": 7.313148498535156,
      "per": 0.061409011483192444,
      "lambda_emo": 1.0,
      "lambda_asr": 0.0001,
      "lambda_per": 0.0
    },
    {
      "step": 16,
      "total": 3.3425187625408173,
      "emo": 3.3418586254119873,
      "asr": 6.6013712882995605,
      "per": 0.061620891094207764,
      "lambda_emo": 1.0,
      "lambda_asr": 0.0001,
      "lambda_per": 0.0
    },
    {
      "step": 17,
      "total": 3.361991004419327,
      "emo": 3.3613173961639404,
      "asr": 6.736082553863525,
      "per": 0.047110747545957565,
      "lambda_emo": 1.0,
      "lambda_asr": 0.0001,
      "lambda_per": 0.0
    },
    {
      "step": 18,
      "total": 2.9468020678043367,
      "emo": 2.9461445808410645,
      "asr": 6.574869632720947,
      "per": 0.04750588536262512,
      "lambda_emo": 1.0,
      "lambda_asr": 0.0001,
      "lambda_per": 0.0
    },
    {
      "step": 19,
      "total": 3.6685007506370546,
      "emo": 3.6677918434143066,
      "asr": 7.089072227478027,
      "per": 0.042770083993673325,
      "lambda_emo": 1.0,
      "lambda_asr": 0.0001,
      "lambda_per": 0.0
    },
    {
      "step": 20,
      "total": 3.295016314116344,
      "emo": 3.2287118434906006,
      "asr": 6.630396366119385,
      "per": 0.05069645494222641,
      "lambda_emo": 1.0,
      "lambda_asr": 0.01,
      "lambda_per": 1e-05
    },
    {
      "step": 21,
      "total": 3.120989898565188,
      "emo": 3.055527448654175,
      "asr": 6.546201705932617,
      "per": 0.04328516870737076,
      "lambda_emo": 1.0,
      "lambda_asr": 0.01,
      "lambda_per": 1e-05
    },
    {
      "step": 22,
      "total": 3.211160722214691,
      "emo": 3.147115707397461,
      "asr": 6.404449462890625,
      "per": 0.05201883241534233,
      "lambda_emo": 1.0,
      "lambda_asr": 0.01,
      "lambda_per": 1e-05
    },
    {
      "step": 23,
      "total": 2.881638454100788,
      "emo": 2.813786506652832,
      "asr": 6.785134315490723,
      "per": 0.06042930483818054,
      "lambda_emo": 1.0,