{
  "sample_id": "08179_0010_surprise_0010_001435",
  "path": "/data1/lixiang/OpenS2S_dataset/ESD/CN/0010/Surprise/0010_001435.wav",
  "speaker_id": "0010",
  "ground_truth_emotion": "surprise",
  "target_emotion": "happy",
  "emo_text_clean": [
    "Surprise.",
    "Surprise.",
    "\u54c7\uff0c\u8fd9\u771f\u662f\u4e2a\u597d\u6d88\u606f\uff01"
  ],
  "emo_text_adv": [
    "happy",
    "happy",
    "happy"
  ],
  "emo_pred_clean": [
    "surprise",
    "surprise",
    ""
  ],
  "emo_pred_adv": [
    "happy",
    "happy",
    "happy"
  ],
  "asr_text_clean": "\u8fd9\u6837\u65e0\u8f9c",
  "asr_text_adv": "\u8fd9\u6837\u65e0\u8f9c",
  "success_emo": true,
  "wer": 0.0,
  "semantic_sim": 1.0,
  "semantic_preserved": true,
  "delta_linf": 0.008000001311302185,
  "delta_l2": 1.1779277324676514,
  "snr_db": 20.23426573560307,
  "grad_norm_trace": [
    4530.49609375,
    65.44232177734375,
    94.45211791992188,
    110.9718017578125,
    123.28562927246094,
    114.48587799072266,
    87.9433822631836,
    75.5270004272461,
    77.5949935913086,
    150.11033630371094,
    123.12162017822266,
    68.25956726074219,
    56.44089889526367,
    25.3963680267334,
    38.59727096557617,
    30.684444427490234,
    23.361717224121094,
    40.72038269042969,
    29.1015682220459,
    60.407840728759766,
    37.62263107299805,
    30.305795669555664,
    41.91844177246094,
    34.82518005371094,
    27.264299392700195,
    31.64652442932129,
    34.36867141723633,
    61.11256408691406,
    22.6364803314209,
    32.27263259887695,
    35.70636749267578,
    23.914928436279297,
    41.475677490234375,
    39.80471420288086,
    33.27109909057617,
    34.50222396850586,
    133.91534423828125,
    21.649065017700195,
    26.86255645751953,
    34.95170211791992,
    18.885852813720703,
    15.099525451660156,
    132.21469116210938,
    22.787694931030273,
    32.363651275634766,
    32.0717887878418,
    23.885032653808594,
    21.921409606933594,
    16.55400276184082,
    12.314204216003418,
    14.463768005371094,
    10.734716415405273,
    13.730461120605469,
    27.0430850982666,
    20.617359161376953,
    16.319622039794922,
    20.909704208374023,
    11.43690299987793,
    13.609498023986816,
    22.827617645263672
  ],
  "loss_trace": [
    {
      "step": 0,
      "total": 10.001192673498393,
      "emo": 10.001115798950195,
      "asr": 0.768745481967926,
      "per": 0.0,
      "lambda_emo": 1.0,
      "lambda_asr": 0.0001,
      "lambda_per": 0.0
    },
    {
      "step": 1,
      "total": 6.866482162368298,
      "emo": 6.866358757019043,
      "asr": 1.2340534925460815,
      "per": 0.05078982561826706,
      "lambda_emo": 1.0,
      "lambda_asr": 0.0001,
      "lambda_per": 0.0
    },
    {
      "step": 2,
      "total": 7.338699285459518,
      "emo": 7.338561058044434,
      "asr": 1.3822741508483887,
      "per": 0.04751358553767204,
      "lambda_emo": 1.0,
      "lambda_asr": 0.0001,
      "lambda_per": 0.0
    },
    {
      "step": 3,
      "total": 6.814136214548349,
      "emo": 6.814076900482178,
      "asr": 0.5931406617164612,
      "per": 0.043519776314496994,
      "lambda_emo": 1.0,
      "lambda_asr": 0.0001,
      "lambda_per": 0.0
    },
    {
      "step": 4,
      "total": 7.252570132982731,
      "emo": 7.252473831176758,
      "asr": 0.9630180597305298,
      "per": 0.04301304742693901,
      "lambda_emo": 1.0,
      "lambda_asr": 0.0001,
      "lambda_per": 0.0
    },
    {
      "step": 5,
      "total": 5.632659759932756,
      "emo": 5.632582664489746,
      "asr": 0.770954430103302,
      "per": 0.03982190787792206,
      "lambda_emo": 1.0,
      "lambda_asr": 0.0001,
      "lambda_per": 0.0
    },
    {
      "step": 6,
      "total": 5.773793064087629,
      "emo": 5.773726463317871,
      "asr": 0.6660076975822449,
      "per": 0.050167154520750046,
      "lambda_emo": 1.0,
      "lambda_asr": 0.0001,
      "lambda_per": 0.0
    },
    {
      "step": 7,
      "total": 4.620780525642633,
      "emo": 4.620718002319336,
      "asr": 0.6252332329750061,
      "per": 0.038513846695423126,
      "lambda_emo": 1.0,
      "lambda_asr": 0.0001,
      "lambda_per": 0.0
    },
    {
      "step": 8,
      "total": 4.194914902853966,
      "emo": 4.194857120513916,
      "asr": 0.5778234004974365,
      "per": 0.0481715202331543,
      "lambda_emo": 1.0,
      "lambda_asr": 0.0001,
      "lambda_per": 0.0
    },
    {
      "step": 9,
      "total": 3.7713927332639696,
      "emo": 3.77133846282959,
      "asr": 0.5427043437957764,
      "per": 0.05045132339000702,
      "lambda_emo": 1.0,
      "lambda_asr": 0.0001,
      "lambda_per": 0.0
    },
    {
      "step": 10,
      "total": 4.968657600772381,
      "emo": 4.968602657318115,
      "asr": 0.5494345426559448,
      "per": 0.052640609443187714,
      "lambda_emo": 1.0,
      "lambda_asr": 0.0001,
      "lambda_per": 0.0
    },
    {
      "step": 11,
      "total": 4.14255570538044,
      "emo": 4.14249324798584,
      "asr": 0.6245739459991455,
      "per": 0.05336032807826996,
      "lambda_emo": 1.0,
      "lambda_asr": 0.0001,
      "lambda_per": 0.0
    },
    {
      "step": 12,
      "total": 2.7334648693859576,
      "emo": 2.7333908081054688,
      "asr": 0.740612804889679,
      "per": 0.051326122134923935,
      "lambda_emo": 1.0,
      "lambda_asr": 0.0001,
      "lambda_per": 0.0
    },
    {
      "step": 13,
      "total": 1.9842896632790565,
      "emo": 1.9842370748519897,
      "asr": 0.5258842706680298,
      "per": 0.04055763781070709,
      "lambda_emo": 1.0,
      "lambda_asr": 0.0001,
      "lambda_per": 0.0
    },
    {
      "step": 14,
      "total": 1.8743461147725582,
      "emo": 1.8742955923080444,
      "asr": 0.5052246451377869,
      "per": 0.03690154105424881,
      "lambda_emo": 1.0,
      "lambda_asr": 0.0001,
      "lambda_per": 0.0
    },
    {
      "step": 15,
      "total": 2.156694201654196,
      "emo": 2.1566109657287598,
      "asr": 0.832359254360199,
      "per": 0.05081374570727348,
      "lambda_emo": 1.0,
      "lambda_asr": 0.0001,
      "lambda_per": 0.0
    },
    {
      "step": 16,
      "total": 1.7393724974870681,
      "emo": 1.7393131256103516,
      "asr": 0.5937187671661377,
      "per": 0.04964179918169975,
      "lambda_emo": 1.0,
      "lambda_asr": 0.0001,
      "lambda_per": 0.0
    },
    {
      "step": 17,
      "total": 2.0904784522473814,
      "emo": 2.0904219150543213,
      "asr": 0.5653719305992126,
      "per": 0.052090734243392944,
      "lambda_emo": 1.0,
      "lambda_asr": 0.0001,
      "lambda_per": 0.0
    },
    {
      "step": 18,
      "total": 1.9778955987632274,
      "emo": 1.977827787399292,
      "asr": 0.6781136393547058,
      "per": 0.05317506194114685,
      "lambda_emo": 1.0,
      "lambda_asr": 0.0001,
      "lambda_per": 0.0
    },
    {
      "step": 19,
      "total": 1.5956252264380455,
      "emo": 1.595576524734497,
      "asr": 0.48701703548431396,
      "per": 0.05265341326594353,
      "lambda_emo": 1.0,
      "lambda_asr": 0.0001,
      "lambda_per": 0.0
    },
    {
      "step": 20,
      "total": 1.5512579055739568,
      "emo": 1.545480728149414,
      "asr": 0.5776671171188354,
      "per": 0.050625335425138474,
      "lambda_emo": 1.0,
      "lambda_asr": 0.01,
      "lambda_per": 1e-05
    },
    {
      "step": 21,
      "total": 1.9479142720625549,
      "emo": 1.9421294927597046,
      "asr": 0.5784314870834351,
      "per": 0.04644320160150528,
      "lambda_emo": 1.0,
      "lambda_asr": 0.01,
      "lambda_per": 1e-05
    },
    {
      "step": 22,
      "total": 1.6906118830516934,
      "emo": 1.6859476566314697,
      "asr": 0.4663865864276886,
      "per": 0.03605559468269348,
      "lambda_emo": 1.0,
      "lambda_asr": 0.01,
      "lambda_per": 1e-05
    },
    {
      "step": 23,
      "total": 1.6514899718740583,
      "emo": 1.6462218761444092,
      "asr": 0.5267680287361145,
      "per": 0.04154422879219055,
      "lambda_emo": 1.0,