{
  "sample_id": "08257_0010_surprise_0010_001433",
  "path": "/data1/lixiang/OpenS2S_dataset/ESD/CN/0010/Surprise/0010_001433.wav",
  "speaker_id": "0010",
  "ground_truth_emotion": "surprise",
  "target_emotion": "happy",
  "emo_text_clean": [
    "Surprise!",
    "Surprise!",
    "\u54e6\uff0c\u60a8\u662f\u9752\u86d9"
  ],
  "emo_text_adv": [
    "Happy",
    "Happy",
    "happy"
  ],
  "emo_pred_clean": [
    "surprise",
    "surprise",
    ""
  ],
  "emo_pred_adv": [
    "happy",
    "happy",
    "happy"
  ],
  "asr_text_clean": "\u54e6\uff0c\u4f60\u662f\u9752\u86d9",
  "asr_text_adv": "\u6211\u662f\u9752\u86d9",
  "success_emo": true,
  "wer": 1.0,
  "semantic_sim": 0.884531557559967,
  "semantic_preserved": true,
  "delta_linf": 0.008000001311302185,
  "delta_l2": 1.0316851139068604,
  "snr_db": 20.203886091629993,
  "grad_norm_trace": [
    411.9420471191406,
    97.28556060791016,
    103.38261413574219,
    85.74535369873047,
    101.43216705322266,
    282.64154052734375,
    166.60110473632812,
    122.20973205566406,
    161.9750518798828,
    49.12783432006836,
    85.9269790649414,
    93.98342895507812,
    50.49717712402344,
    84.16648864746094,
    79.73860168457031,
    78.31755065917969,
    165.40853881835938,
    175.0382537841797,
    126.83922576904297,
    106.04888916015625,
    110.30327606201172,
    62.850948333740234,
    80.68941497802734,
    84.53730010986328,
    73.08204650878906,
    64.7197494506836,
    71.59931182861328,
    49.007930755615234,
    43.59162521362305,
    33.88166046142578,
    33.00190353393555,
    47.55784606933594,
    67.28175354003906,
    50.000144958496094,
    31.63597297668457,
    33.29570388793945,
    26.68722152709961,
    27.6093692779541,
    18.763885498046875,
    18.543500900268555,
    15.34556770324707,
    56.44102478027344,
    17.745759963989258,
    20.161264419555664,
    69.44165802001953,
    35.538291931152344,
    27.55283546447754,
    61.09199905395508,
    34.901058197021484,
    29.088563919067383,
    49.906044006347656,
    21.02193832397461,
    20.192853927612305,
    27.74671745300293,
    12.887918472290039,
    45.12672424316406,
    16.54918098449707,
    13.0519380569458,
    47.22385025024414,
    16.174535751342773
  ],
  "loss_trace": [
    {
      "step": 0,
      "total": 12.343292072683573,
      "emo": 12.343233108520508,
      "asr": 0.5896416306495667,
      "per": 0.0,
      "lambda_emo": 1.0,
      "lambda_asr": 0.0001,
      "lambda_per": 0.0
    },
    {
      "step": 1,
      "total": 7.401118109321594,
      "emo": 7.401009559631348,
      "asr": 1.0854969024658203,
      "per": 0.020638786256313324,
      "lambda_emo": 1.0,
      "lambda_asr": 0.0001,
      "lambda_per": 0.0
    },
    {
      "step": 2,
      "total": 7.330828763270378,
      "emo": 7.330711364746094,
      "asr": 1.173985242843628,
      "per": 0.02749967947602272,
      "lambda_emo": 1.0,
      "lambda_asr": 0.0001,
      "lambda_per": 0.0
    },
    {
      "step": 3,
      "total": 6.606059417390823,
      "emo": 6.605896949768066,
      "asr": 1.62467622756958,
      "per": 0.030978158116340637,
      "lambda_emo": 1.0,
      "lambda_asr": 0.0001,
      "lambda_per": 0.0
    },
    {
      "step": 4,
      "total": 6.865231422126294,
      "emo": 6.865087032318115,
      "asr": 1.44389808177948,
      "per": 0.028958534821867943,
      "lambda_emo": 1.0,
      "lambda_asr": 0.0001,
      "lambda_per": 0.0
    },
    {
      "step": 5,
      "total": 5.641223507654667,
      "emo": 5.641100883483887,
      "asr": 1.2262417078018188,
      "per": 0.028734177350997925,
      "lambda_emo": 1.0,
      "lambda_asr": 0.0001,
      "lambda_per": 0.0
    },
    {
      "step": 6,
      "total": 5.784530796289444,
      "emo": 5.784355163574219,
      "asr": 1.7563271522521973,
      "per": 0.03828867897391319,
      "lambda_emo": 1.0,
      "lambda_asr": 0.0001,
      "lambda_per": 0.0
    },
    {
      "step": 7,
      "total": 5.884876252198219,
      "emo": 5.884681224822998,
      "asr": 1.9502737522125244,
      "per": 0.03401133045554161,
      "lambda_emo": 1.0,
      "lambda_asr": 0.0001,
      "lambda_per": 0.0
    },
    {
      "step": 8,
      "total": 5.8271456000447275,
      "emo": 5.8270368576049805,
      "asr": 1.087424397468567,
      "per": 0.03813325613737106,
      "lambda_emo": 1.0,
      "lambda_asr": 0.0001,
      "lambda_per": 0.0
    },
    {
      "step": 9,
      "total": 5.126465765118599,
      "emo": 5.126290798187256,
      "asr": 1.7496693134307861,
      "per": 0.0472102165222168,
      "lambda_emo": 1.0,
      "lambda_asr": 0.0001,
      "lambda_per": 0.0
    },
    {
      "step": 10,
      "total": 4.25264252140522,
      "emo": 4.252458095550537,
      "asr": 1.8442585468292236,
      "per": 0.037637289613485336,
      "lambda_emo": 1.0,
      "lambda_asr": 0.0001,
      "lambda_per": 0.0
    },
    {
      "step": 11,
      "total": 4.248205727696419,
      "emo": 4.2480010986328125,
      "asr": 2.046290636062622,
      "per": 0.04544677585363388,
      "lambda_emo": 1.0,
      "lambda_asr": 0.0001,
      "lambda_per": 0.0
    },
    {
      "step": 12,
      "total": 4.794803214073181,
      "emo": 4.794634819030762,
      "asr": 1.683950424194336,
      "per": 0.0478164479136467,
      "lambda_emo": 1.0,
      "lambda_asr": 0.0001,
      "lambda_per": 0.0
    },
    {
      "step": 13,
      "total": 3.4948322153806686,
      "emo": 3.494626998901367,
      "asr": 2.0521647930145264,
      "per": 0.03691491484642029,
      "lambda_emo": 1.0,
      "lambda_asr": 0.0001,
      "lambda_per": 0.0
    },
    {
      "step": 14,
      "total": 4.74341440666914,
      "emo": 4.7432684898376465,
      "asr": 1.4591683149337769,
      "per": 0.03730534389615059,
      "lambda_emo": 1.0,
      "lambda_asr": 0.0001,
      "lambda_per": 0.0
    },
    {
      "step": 15,
      "total": 5.60663087130785,
      "emo": 5.606522560119629,
      "asr": 1.0831118822097778,
      "per": 0.04513639211654663,
      "lambda_emo": 1.0,
      "lambda_asr": 0.0001,
      "lambda_per": 0.0
    },
    {
      "step": 16,
      "total": 4.120344425821305,
      "emo": 4.12022590637207,
      "asr": 1.185194492340088,
      "per": 0.04715092107653618,
      "lambda_emo": 1.0,
      "lambda_asr": 0.0001,
      "lambda_per": 0.0
    },
    {
      "step": 17,
      "total": 3.5754903592586516,
      "emo": 3.575359344482422,
      "asr": 1.310147762298584,
      "per": 0.03721301630139351,
      "lambda_emo": 1.0,
      "lambda_asr": 0.0001,
      "lambda_per": 0.0
    },
    {
      "step": 18,
      "total": 4.8710465114831925,
      "emo": 4.870902061462402,
      "asr": 1.444500207901001,
      "per": 0.047730933874845505,
      "lambda_emo": 1.0,
      "lambda_asr": 0.0001,
      "lambda_per": 0.0
    },
    {
      "step": 19,
      "total": 4.374070479905606,
      "emo": 4.373948574066162,
      "asr": 1.2190583944320679,
      "per": 0.05067562311887741,
      "lambda_emo": 1.0,
      "lambda_asr": 0.0001,
      "lambda_per": 0.0
    },
    {
      "step": 20,
      "total": 5.344808680740819,
      "emo": 5.327816963195801,
      "asr": 1.6991264820098877,
      "per": 0.04527249187231064,
      "lambda_emo": 1.0,
      "lambda_asr": 0.01,
      "lambda_per": 1e-05
    },
    {
      "step": 21,
      "total": 3.9528695601446553,
      "emo": 3.9325969219207764,
      "asr": 2.0272257328033447,
      "per": 0.038089584559202194,
      "lambda_emo": 1.0,
      "lambda_asr": 0.01,
      "lambda_per": 1e-05
    },
    {
      "step": 22,
      "total": 4.091206729723513,
      "emo": 4.0746612548828125,
      "asr": 1.6544959545135498,
      "per": 0.05152955651283264,
      "lambda_emo": 1.0,
      "lambda_asr": 0.01,
      "lambda_per": 1e-05
    },
    {
      "step": 23,
      "total": 3.999560148679241,
      "emo": 3.980381727218628,
      "asr": 1.9177931547164917,
      "per": 0.04899134486913681,
      "lambda_emo": 1.0,