{
  "sample_id": "09808_0009_angry_0009_000656",
  "path": "/data1/lixiang/OpenS2S_dataset/ESD/CN/0009/Angry/0009_000656.wav",
  "speaker_id": "0009",
  "ground_truth_emotion": "angry",
  "target_emotion": "happy",
  "emo_text_clean": [
    "Angry",
    "Angry",
    "\u4f60\u542c\u8d77\u6765"
  ],
  "emo_text_adv": [
    "happy",
    "happy",
    "happy"
  ],
  "emo_pred_clean": [
    "angry",
    "angry",
    ""
  ],
  "emo_pred_adv": [
    "happy",
    "happy",
    "happy"
  ],
  "asr_text_clean": "\u4f60\u542c\u8d77\u6765",
  "asr_text_adv": "\u6211\u5728\u4e00\u4e2a\u673a\u68b0\u82b1\u5de5\u5382\u5f53\u5b66\u5f92\u3002",
  "success_emo": true,
  "wer": 1.0,
  "semantic_sim": 0.11912111937999725,
  "semantic_preserved": false,
  "delta_linf": 0.008000001311302185,
  "delta_l2": 1.023294448852539,
  "snr_db": 13.870444037069348,
  "grad_norm_trace": [
    1218.769287109375,
    483.514404296875,
    153.14926147460938,
    115.75667572021484,
    60.121917724609375,
    69.94187927246094,
    141.13291931152344,
    59.891258239746094,
    44.055240631103516,
    81.0711669921875,
    141.55018615722656,
    103.80777740478516,
    56.05607223510742,
    53.3279914855957,
    84.5849838256836,
    74.68301391601562,
    95.49604034423828,
    77.93464660644531,
    83.3161849975586,
    88.05165100097656,
    54.27836608886719,
    76.20304107666016,
    62.15903854370117,
    66.4566421508789,
    66.9424819946289,
    28.049518585205078,
    44.47598648071289,
    35.15190505981445,
    22.383235931396484,
    60.25874328613281,
    143.00473022460938,
    56.541839599609375,
    45.917015075683594,
    41.121463775634766,
    47.81517028808594,
    32.44866943359375,
    35.28116226196289,
    31.544198989868164,
    74.98487854003906,
    90.33143615722656,
    58.78473663330078,
    80.49632263183594,
    26.785680770874023,
    30.23566436767578,
    38.21287155151367,
    32.76300811767578,
    24.60638999938965,
    29.065433502197266,
    22.651201248168945,
    14.43506145477295,
    13.14643669128418,
    21.69325065612793,
    21.741165161132812,
    37.9141845703125,
    16.01140022277832,
    18.645610809326172,
    15.68106460571289,
    21.177703857421875,
    18.66754913330078,
    28.821636199951172
  ],
  "loss_trace": [
    {
      "step": 0,
      "total": 10.288416387432815,
      "emo": 10.288326263427734,
      "asr": 0.9012400507926941,
      "per": 0.0,
      "lambda_emo": 1.0,
      "lambda_asr": 0.0001,
      "lambda_per": 0.0
    },
    {
      "step": 1,
      "total": 5.097117163038254,
      "emo": 5.096790313720703,
      "asr": 3.268493175506592,
      "per": 0.038726598024368286,
      "lambda_emo": 1.0,
      "lambda_asr": 0.0001,
      "lambda_per": 0.0
    },
    {
      "step": 2,
      "total": 4.768278033065796,
      "emo": 4.767837047576904,
      "asr": 4.409854888916016,
      "per": 0.06281117349863052,
      "lambda_emo": 1.0,
      "lambda_asr": 0.0001,
      "lambda_per": 0.0
    },
    {
      "step": 3,
      "total": 3.8147554983615874,
      "emo": 3.8144032955169678,
      "asr": 3.5220284461975098,
      "per": 0.061187729239463806,
      "lambda_emo": 1.0,
      "lambda_asr": 0.0001,
      "lambda_per": 0.0
    },
    {
      "step": 4,
      "total": 2.8869714893102647,
      "emo": 2.886584997177124,
      "asr": 3.8649213314056396,
      "per": 0.056975241750478745,
      "lambda_emo": 1.0,
      "lambda_asr": 0.0001,
      "lambda_per": 0.0
    },
    {
      "step": 5,
      "total": 3.106156057214737,
      "emo": 3.1057028770446777,
      "asr": 4.531801700592041,
      "per": 0.0550781711935997,
      "lambda_emo": 1.0,
      "lambda_asr": 0.0001,
      "lambda_per": 0.0
    },
    {
      "step": 6,
      "total": 2.9791637694358823,
      "emo": 2.9788146018981934,
      "asr": 3.49167537689209,
      "per": 0.05056978389620781,
      "lambda_emo": 1.0,
      "lambda_asr": 0.0001,
      "lambda_per": 0.0
    },
    {
      "step": 7,
      "total": 2.176005728673935,
      "emo": 2.175651788711548,
      "asr": 3.5393996238708496,
      "per": 0.05621432512998581,
      "lambda_emo": 1.0,
      "lambda_asr": 0.0001,
      "lambda_per": 0.0
    },
    {
      "step": 8,
      "total": 1.9934129341125488,
      "emo": 1.99301278591156,
      "asr": 4.001482009887695,
      "per": 0.055244721472263336,
      "lambda_emo": 1.0,
      "lambda_asr": 0.0001,
      "lambda_per": 0.0
    },
    {
      "step": 9,
      "total": 2.078768855571747,
      "emo": 2.078293561935425,
      "asr": 4.752936363220215,
      "per": 0.044931329786777496,
      "lambda_emo": 1.0,
      "lambda_asr": 0.0001,
      "lambda_per": 0.0
    },
    {
      "step": 10,
      "total": 3.5150178211688994,
      "emo": 3.514573574066162,
      "asr": 4.442471027374268,
      "per": 0.05431639403104782,
      "lambda_emo": 1.0,
      "lambda_asr": 0.0001,
      "lambda_per": 0.0
    },
    {
      "step": 11,
      "total": 3.241683250141144,
      "emo": 3.2412145137786865,
      "asr": 4.687363624572754,
      "per": 0.05644321069121361,
      "lambda_emo": 1.0,
      "lambda_asr": 0.0001,
      "lambda_per": 0.0
    },
    {
      "step": 12,
      "total": 2.3799991751670837,
      "emo": 2.3796300888061523,
      "asr": 3.690863609313965,
      "per": 0.049399327486753464,
      "lambda_emo": 1.0,
      "lambda_asr": 0.0001,
      "lambda_per": 0.0
    },
    {
      "step": 13,
      "total": 2.103267628240585,
      "emo": 2.102804183959961,
      "asr": 4.6344428062438965,
      "per": 0.055349864065647125,
      "lambda_emo": 1.0,
      "lambda_asr": 0.0001,
      "lambda_per": 0.0
    },
    {
      "step": 14,
      "total": 2.393654719734192,
      "emo": 2.393264055252075,
      "asr": 3.906644821166992,
      "per": 0.05518147349357605,
      "lambda_emo": 1.0,
      "lambda_asr": 0.0001,
      "lambda_per": 0.0
    },
    {
      "step": 15,
      "total": 2.7661972388744354,
      "emo": 2.765833854675293,
      "asr": 3.6338419914245605,
      "per": 0.052325885742902756,
      "lambda_emo": 1.0,
      "lambda_asr": 0.0001,
      "lambda_per": 0.0
    },
    {
      "step": 16,
      "total": 2.5657578748703003,
      "emo": 2.565337896347046,
      "asr": 4.199785232543945,
      "per": 0.05896788462996483,
      "lambda_emo": 1.0,
      "lambda_asr": 0.0001,
      "lambda_per": 0.0
    },
    {
      "step": 17,
      "total": 3.9694575005054475,
      "emo": 3.969111204147339,
      "asr": 3.462963581085205,
      "per": 0.05996151268482208,
      "lambda_emo": 1.0,
      "lambda_asr": 0.0001,
      "lambda_per": 0.0
    },
    {
      "step": 18,
      "total": 2.2678255188941954,
      "emo": 2.2674636840820312,
      "asr": 3.6183481216430664,
      "per": 0.04352244734764099,
      "lambda_emo": 1.0,
      "lambda_asr": 0.0001,
      "lambda_per": 0.0
    },
    {
      "step": 19,
      "total": 1.7044522780418396,
      "emo": 1.7041200399398804,
      "asr": 3.322381019592285,
      "per": 0.0460360124707222,
      "lambda_emo": 1.0,
      "lambda_asr": 0.0001,
      "lambda_per": 0.0
    },
    {
      "step": 20,
      "total": 1.7812086008792372,
      "emo": 1.7499974966049194,
      "asr": 3.1210646629333496,
      "per": 0.0457644984126091,
      "lambda_emo": 1.0,
      "lambda_asr": 0.01,
      "lambda_per": 1e-05
    },
    {
      "step": 21,
      "total": 1.7344870893306286,
      "emo": 1.7079970836639404,
      "asr": 2.648956298828125,
      "per": 0.044267840683460236,
      "lambda_emo": 1.0,
      "lambda_asr": 0.01,
      "lambda_per": 1e-05
    },
    {
      "step": 22,
      "total": 1.2813266811462491,
      "emo": 1.2392557859420776,
      "asr": 4.207038879394531,
      "per": 0.0506410226225853,
      "lambda_emo": 1.0,
      "lambda_asr": 0.01,
      "lambda_per": 1e-05
    },
    {
      "step": 23,
      "total": 1.3704214644221215,
      "emo": 1.3354634046554565,
      "asr": 3.4957571029663086,
      "per": 0.04887370020151138,
      "lambda_emo": 1.0,