{
  "sample_id": "10014_0009_angry_0009_000550",
  "path": "/data1/lixiang/OpenS2S_dataset/ESD/CN/0009/Angry/0009_000550.wav",
  "speaker_id": "0009",
  "ground_truth_emotion": "angry",
  "target_emotion": "happy",
  "emo_text_clean": [
    "Angry",
    "Angry",
    "\u4f60\u542c\u8d77\u6765"
  ],
  "emo_text_adv": [
    "happy",
    "happy",
    "happy"
  ],
  "emo_pred_clean": [
    "angry",
    "angry",
    ""
  ],
  "emo_pred_adv": [
    "happy",
    "happy",
    "happy"
  ],
  "asr_text_clean": "\u6211\u5df2\u7ecf\u4e60\u60ef\u4e86",
  "asr_text_adv": "\u6211 \u5df2\u7ecf \u559c\u6b22 \u4e0a \u8fd9\u79cd \u6c14\u5019 \u4e86",
  "success_emo": true,
  "wer": 7.0,
  "semantic_sim": 0.5284361839294434,
  "semantic_preserved": false,
  "delta_linf": 0.008000001311302185,
  "delta_l2": 0.8795850872993469,
  "snr_db": 13.648526100063005,
  "grad_norm_trace": [
    549.547119140625,
    351.036376953125,
    154.72134399414062,
    221.16221618652344,
    172.17098999023438,
    86.29821014404297,
    75.23929595947266,
    263.1580505371094,
    102.5357437133789,
    399.8153991699219,
    223.3428192138672,
    96.03886413574219,
    312.5382080078125,
    118.18138122558594,
    167.99195861816406,
    134.30987548828125,
    170.79855346679688,
    81.16997528076172,
    159.85496520996094,
    121.50942993164062,
    115.20283508300781,
    94.23922729492188,
    119.52015686035156,
    123.82281494140625,
    194.0569610595703,
    138.88568115234375,
    78.34159088134766,
    150.64373779296875,
    67.29010009765625,
    71.34886932373047,
    53.07337951660156,
    88.11457061767578,
    68.08438873291016,
    81.27406311035156,
    285.52325439453125,
    236.3496856689453,
    146.3843231201172,
    146.7786102294922,
    113.0089111328125,
    104.46884155273438,
    43.4609375,
    53.47527313232422,
    33.979671478271484,
    83.40910339355469,
    63.02321243286133,
    46.0046272277832,
    29.287961959838867,
    25.79573631286621,
    42.32685852050781,
    63.48013687133789,
    38.18486785888672,
    41.63581085205078,
    22.28139877319336,
    41.58354187011719,
    37.1953239440918,
    38.45996856689453,
    30.50160026550293,
    33.80997848510742,
    24.70271110534668,
    29.16946792602539
  ],
  "loss_trace": [
    {
      "step": 0,
      "total": 12.919613311737775,
      "emo": 12.919580459594727,
      "asr": 0.3285214304924011,
      "per": 0.0,
      "lambda_emo": 1.0,
      "lambda_asr": 0.0001,
      "lambda_per": 0.0
    },
    {
      "step": 1,
      "total": 7.373788693350553,
      "emo": 7.3737077713012695,
      "asr": 0.8092204928398132,
      "per": 0.033383458852767944,
      "lambda_emo": 1.0,
      "lambda_asr": 0.0001,
      "lambda_per": 0.0
    },
    {
      "step": 2,
      "total": 6.088686389225721,
      "emo": 6.088604927062988,
      "asr": 0.81462162733078,
      "per": 0.05211591720581055,
      "lambda_emo": 1.0,
      "lambda_asr": 0.0001,
      "lambda_per": 0.0
    },
    {
      "step": 3,
      "total": 3.911707996618748,
      "emo": 3.911658763885498,
      "asr": 0.49232733249664307,
      "per": 0.04523056000471115,
      "lambda_emo": 1.0,
      "lambda_asr": 0.0001,
      "lambda_per": 0.0
    },
    {
      "step": 4,
      "total": 5.268665146583318,
      "emo": 5.268575668334961,
      "asr": 0.8947824835777283,
      "per": 0.06114637106657028,
      "lambda_emo": 1.0,
      "lambda_asr": 0.0001,
      "lambda_per": 0.0
    },
    {
      "step": 5,
      "total": 3.6544039181590082,
      "emo": 3.654346466064453,
      "asr": 0.5745209455490112,
      "per": 0.0533357709646225,
      "lambda_emo": 1.0,
      "lambda_asr": 0.0001,
      "lambda_per": 0.0
    },
    {
      "step": 6,
      "total": 2.5750671273469923,
      "emo": 2.57496976852417,
      "asr": 0.973588228225708,
      "per": 0.05138363689184189,
      "lambda_emo": 1.0,
      "lambda_asr": 0.0001,
      "lambda_per": 0.0
    },
    {
      "step": 7,
      "total": 4.407866373205185,
      "emo": 4.407692909240723,
      "asr": 1.7346396446228027,
      "per": 0.05394734442234039,
      "lambda_emo": 1.0,
      "lambda_asr": 0.0001,
      "lambda_per": 0.0
    },
    {
      "step": 8,
      "total": 2.582061357820034,
      "emo": 2.581984281539917,
      "asr": 0.7707628011703491,
      "per": 0.04299338907003403,
      "lambda_emo": 1.0,
      "lambda_asr": 0.0001,
      "lambda_per": 0.0
    },
    {
      "step": 9,
      "total": 5.253998253357411,
      "emo": 5.253885269165039,
      "asr": 1.129841923713684,
      "per": 0.05776747688651085,
      "lambda_emo": 1.0,
      "lambda_asr": 0.0001,
      "lambda_per": 0.0
    },
    {
      "step": 10,
      "total": 4.840608266037703,
      "emo": 4.840534210205078,
      "asr": 0.7405583262443542,
      "per": 0.046798087656497955,
      "lambda_emo": 1.0,
      "lambda_asr": 0.0001,
      "lambda_per": 0.0
    },
    {
      "step": 11,
      "total": 3.976575425648689,
      "emo": 3.9764697551727295,
      "asr": 1.0567047595977783,
      "per": 0.05169973894953728,
      "lambda_emo": 1.0,
      "lambda_asr": 0.0001,
      "lambda_per": 0.0
    },
    {
      "step": 12,
      "total": 4.322441851717234,
      "emo": 4.32235860824585,
      "asr": 0.8324347138404846,
      "per": 0.05673172324895859,
      "lambda_emo": 1.0,
      "lambda_asr": 0.0001,
      "lambda_per": 0.0
    },
    {
      "step": 13,
      "total": 3.3500588372170923,
      "emo": 3.349985122680664,
      "asr": 0.7371453642845154,
      "per": 0.04782518744468689,
      "lambda_emo": 1.0,
      "lambda_asr": 0.0001,
      "lambda_per": 0.0
    },
    {
      "step": 14,
      "total": 4.316800024265051,
      "emo": 4.316730499267578,
      "asr": 0.6952499747276306,
      "per": 0.04412218928337097,
      "lambda_emo": 1.0,
      "lambda_asr": 0.0001,
      "lambda_per": 0.0
    },
    {
      "step": 15,
      "total": 2.7556350801467895,
      "emo": 2.7553582191467285,
      "asr": 2.7686100006103516,
      "per": 0.06374769657850266,
      "lambda_emo": 1.0,
      "lambda_asr": 0.0001,
      "lambda_per": 0.0
    },
    {
      "step": 16,
      "total": 3.1594469482421874,
      "emo": 3.1590418815612793,
      "asr": 4.050666809082031,
      "per": 0.06245853006839752,
      "lambda_emo": 1.0,
      "lambda_asr": 0.0001,
      "lambda_per": 0.0
    },
    {
      "step": 17,
      "total": 3.0541573811233045,
      "emo": 3.054081439971924,
      "asr": 0.7594115138053894,
      "per": 0.05419209226965904,
      "lambda_emo": 1.0,
      "lambda_asr": 0.0001,
      "lambda_per": 0.0
    },
    {
      "step": 18,
      "total": 2.393735026693344,
      "emo": 2.3936142921447754,
      "asr": 1.2073454856872559,
      "per": 0.0540916882455349,
      "lambda_emo": 1.0,
      "lambda_asr": 0.0001,
      "lambda_per": 0.0
    },
    {
      "step": 19,
      "total": 2.3037739988088606,
      "emo": 2.3036515712738037,
      "asr": 1.2242753505706787,
      "per": 0.045675959438085556,
      "lambda_emo": 1.0,
      "lambda_asr": 0.0001,
      "lambda_per": 0.0
    },
    {
      "step": 20,
      "total": 2.092780589869246,
      "emo": 2.0881123542785645,
      "asr": 0.466779887676239,
      "per": 0.043671391904354095,
      "lambda_emo": 1.0,
      "lambda_asr": 0.01,
      "lambda_per": 1e-05
    },
    {
      "step": 21,
      "total": 2.02106794384636,
      "emo": 2.0126709938049316,
      "asr": 0.8396331071853638,
      "per": 0.06189695745706558,
      "lambda_emo": 1.0,
      "lambda_asr": 0.01,
      "lambda_per": 1e-05
    },
    {
      "step": 22,
      "total": 1.7107257912027836,
      "emo": 1.7047131061553955,
      "asr": 0.6012065410614014,
      "per": 0.061963677406311035,
      "lambda_emo": 1.0,
      "lambda_asr": 0.01,
      "lambda_per": 1e-05
    },
    {
      "step": 23,
      "total": 2.762141677443609,
      "emo": 2.7569797039031982,
      "asr": 0.5161390900611877,
      "per": 0.058263979852199554,
      "lambda_emo": 1.0,