{
  "sample_id": "10034_0009_angry_0009_000590",
  "path": "/data1/lixiang/OpenS2S_dataset/ESD/CN/0009/Angry/0009_000590.wav",
  "speaker_id": "0009",
  "ground_truth_emotion": "angry",
  "target_emotion": "happy",
  "emo_text_clean": [
    "Angry.",
    "Angry",
    "\u5927\u7ea6\u4e00\u4e2a\u5c0f\u65f6"
  ],
  "emo_text_adv": [
    "Neutral",
    "Neutral",
    "Surprise!"
  ],
  "emo_pred_clean": [
    "angry",
    "angry",
    ""
  ],
  "emo_pred_adv": [
    "neutral",
    "neutral",
    "surprise"
  ],
  "asr_text_clean": "\u5927\u7ea6\u4e00\u4e2a\u5c0f\u65f6",
  "asr_text_adv": "\u5927\u7ea6\u4e00\u4e2a\u5c0f\u65f6",
  "success_emo": false,
  "wer": 0.0,
  "semantic_sim": 1.000000238418579,
  "semantic_preserved": true,
  "delta_linf": 0.008000001311302185,
  "delta_l2": 0.8641825318336487,
  "snr_db": 13.988491245027838,
  "grad_norm_trace": [
    888.1881713867188,
    320.4066467285156,
    279.3922424316406,
    65.6951904296875,
    122.96006774902344,
    84.0138168334961,
    41.82251739501953,
    33.747161865234375,
    61.048622131347656,
    35.20944595336914,
    35.172637939453125,
    32.309364318847656,
    36.16042709350586,
    105.73245239257812,
    48.43498992919922,
    32.343719482421875,
    21.87154197692871,
    25.382526397705078,
    45.5160026550293,
    77.81492614746094,
    50.030799865722656,
    56.172264099121094,
    53.80780029296875,
    49.05861282348633,
    143.8331756591797,
    51.468570709228516,
    59.00859832763672,
    71.74319458007812,
    85.67951202392578,
    66.88953399658203,
    66.4930191040039,
    48.39055252075195,
    118.99178314208984,
    74.65116119384766,
    51.540924072265625,
    38.88009262084961,
    75.6341781616211,
    62.29362487792969,
    124.47288513183594,
    64.18179321289062,
    105.10281372070312,
    87.201171875,
    59.38288879394531,
    40.09235763549805,
    47.08296203613281,
    54.7446174621582,
    31.18214225769043,
    28.035415649414062,
    44.69395065307617,
    49.926841735839844,
    35.691566467285156,
    49.49765396118164,
    76.0281982421875,
    66.9696273803711,
    112.5645751953125,
    29.558115005493164,
    58.49518966674805,
    38.65693664550781,
    49.3231201171875,
    171.56092834472656
  ],
  "loss_trace": [
    {
      "step": 0,
      "total": 9.665441594004632,
      "emo": 9.665420532226562,
      "asr": 0.2106177806854248,
      "per": 0.0,
      "lambda_emo": 1.0,
      "lambda_asr": 0.0001,
      "lambda_per": 0.0
    },
    {
      "step": 1,
      "total": 5.488497872018814,
      "emo": 5.4884867668151855,
      "asr": 0.11105203628540039,
      "per": 0.03108772449195385,
      "lambda_emo": 1.0,
      "lambda_asr": 0.0001,
      "lambda_per": 0.0
    },
    {
      "step": 2,
      "total": 5.130181734945625,
      "emo": 5.1301727294921875,
      "asr": 0.09005453437566757,
      "per": 0.05217352509498596,
      "lambda_emo": 1.0,
      "lambda_asr": 0.0001,
      "lambda_per": 0.0
    },
    {
      "step": 3,
      "total": 5.4753462891280655,
      "emo": 5.475333213806152,
      "asr": 0.13075321912765503,
      "per": 0.06017140671610832,
      "lambda_emo": 1.0,
      "lambda_asr": 0.0001,
      "lambda_per": 0.0
    },
    {
      "step": 4,
      "total": 4.503446782857179,
      "emo": 4.5034332275390625,
      "asr": 0.13555318117141724,
      "per": 0.05940878018736839,
      "lambda_emo": 1.0,
      "lambda_asr": 0.0001,
      "lambda_per": 0.0
    },
    {
      "step": 5,
      "total": 4.4632648625984785,
      "emo": 4.463252067565918,
      "asr": 0.12795032560825348,
      "per": 0.0475345179438591,
      "lambda_emo": 1.0,
      "lambda_asr": 0.0001,
      "lambda_per": 0.0
    },
    {
      "step": 6,
      "total": 4.392337934221327,
      "emo": 4.392324447631836,
      "asr": 0.1348658949136734,
      "per": 0.044460441917181015,
      "lambda_emo": 1.0,
      "lambda_asr": 0.0001,
      "lambda_per": 0.0
    },
    {
      "step": 7,
      "total": 4.007432474847138,
      "emo": 4.007419586181641,
      "asr": 0.1288866549730301,
      "per": 0.050534963607788086,
      "lambda_emo": 1.0,
      "lambda_asr": 0.0001,
      "lambda_per": 0.0
    },
    {
      "step": 8,
      "total": 3.9386169759854672,
      "emo": 3.9385972023010254,
      "asr": 0.19773684442043304,
      "per": 0.05295868217945099,
      "lambda_emo": 1.0,
      "lambda_asr": 0.0001,
      "lambda_per": 0.0
    },
    {
      "step": 9,
      "total": 3.781966449594498,
      "emo": 3.7819442749023438,
      "asr": 0.22174692153930664,
      "per": 0.05918236821889877,
      "lambda_emo": 1.0,
      "lambda_asr": 0.0001,
      "lambda_per": 0.0
    },
    {
      "step": 10,
      "total": 3.7933671187892557,
      "emo": 3.793351650238037,
      "asr": 0.15468551218509674,
      "per": 0.056996479630470276,
      "lambda_emo": 1.0,
      "lambda_asr": 0.0001,
      "lambda_per": 0.0
    },
    {
      "step": 11,
      "total": 3.6466844405457377,
      "emo": 3.6466643810272217,
      "asr": 0.2005951851606369,
      "per": 0.05199837684631348,
      "lambda_emo": 1.0,
      "lambda_asr": 0.0001,
      "lambda_per": 0.0
    },
    {
      "step": 12,
      "total": 3.4056214456811547,
      "emo": 3.405597686767578,
      "asr": 0.23758913576602936,
      "per": 0.04837927222251892,
      "lambda_emo": 1.0,
      "lambda_asr": 0.0001,
      "lambda_per": 0.0
    },
    {
      "step": 13,
      "total": 3.689903000894189,
      "emo": 3.68988037109375,
      "asr": 0.2262980043888092,
      "per": 0.04224832355976105,
      "lambda_emo": 1.0,
      "lambda_asr": 0.0001,
      "lambda_per": 0.0
    },
    {
      "step": 14,
      "total": 4.0675778508991005,
      "emo": 4.067561626434326,
      "asr": 0.16224464774131775,
      "per": 0.04904039949178696,
      "lambda_emo": 1.0,
      "lambda_asr": 0.0001,
      "lambda_per": 0.0
    },
    {
      "step": 15,
      "total": 3.661030303066969,
      "emo": 3.6610066890716553,
      "asr": 0.2361399531364441,
      "per": 0.058216556906700134,
      "lambda_emo": 1.0,
      "lambda_asr": 0.0001,
      "lambda_per": 0.0
    },
    {
      "step": 16,
      "total": 3.380905103573203,
      "emo": 3.38087797164917,
      "asr": 0.2713192403316498,
      "per": 0.04794621467590332,
      "lambda_emo": 1.0,
      "lambda_asr": 0.0001,
      "lambda_per": 0.0
    },
    {
      "step": 17,
      "total": 3.24623048787266,
      "emo": 3.2462058067321777,
      "asr": 0.2468114048242569,
      "per": 0.05485023558139801,
      "lambda_emo": 1.0,
      "lambda_asr": 0.0001,
      "lambda_per": 0.0
    },
    {
      "step": 18,
      "total": 3.335498132549226,
      "emo": 3.335474967956543,
      "asr": 0.23164592683315277,
      "per": 0.04307939112186432,
      "lambda_emo": 1.0,
      "lambda_asr": 0.0001,
      "lambda_per": 0.0
    },
    {
      "step": 19,
      "total": 3.497980155685544,
      "emo": 3.497941017150879,
      "asr": 0.39138534665107727,
      "per": 0.05787557363510132,
      "lambda_emo": 1.0,
      "lambda_asr": 0.0001,
      "lambda_per": 0.0
    },
    {
      "step": 20,
      "total": 3.4506935112422705,
      "emo": 3.4477126598358154,
      "asr": 0.2980343699455261,
      "per": 0.050770699977874756,
      "lambda_emo": 1.0,
      "lambda_asr": 0.01,
      "lambda_per": 1e-05
    },
    {
      "step": 21,
      "total": 3.5046605007615685,
      "emo": 3.5024657249450684,
      "asr": 0.21942676603794098,
      "per": 0.05081561207771301,
      "lambda_emo": 1.0,
      "lambda_asr": 0.01,
      "lambda_per": 1e-05
    },
    {
      "step": 22,
      "total": 3.5168247457574306,
      "emo": 3.510883331298828,
      "asr": 0.5941006541252136,
      "per": 0.04079173505306244,
      "lambda_emo": 1.0,
      "lambda_asr": 0.01,
      "lambda_per": 1e-05
    },
    {
      "step": 23,
      "total": 3.444285938884616,
      "emo": 3.4422202110290527,
      "asr": 0.2065240740776062,
      "per": 0.04871147871017456,