{
  "sample_id": "10112_0009_angry_0009_000693",
  "path": "/data1/lixiang/OpenS2S_dataset/ESD/CN/0009/Angry/0009_000693.wav",
  "speaker_id": "0009",
  "ground_truth_emotion": "angry",
  "target_emotion": "happy",
  "emo_text_clean": [
    "Angry.",
    "Angry",
    "\u6124\u6012"
  ],
  "emo_text_adv": [
    "happy",
    "happy",
    "happy"
  ],
  "emo_pred_clean": [
    "angry",
    "angry",
    ""
  ],
  "emo_pred_adv": [
    "happy",
    "happy",
    "happy"
  ],
  "asr_text_clean": "\u8bb8\u591a\u767d\u9886",
  "asr_text_adv": "\u8bb8\u591a\u767d\u9886",
  "success_emo": true,
  "wer": 0.0,
  "semantic_sim": 1.0,
  "semantic_preserved": true,
  "delta_linf": 0.008000001311302185,
  "delta_l2": 1.031851887702942,
  "snr_db": 14.754209046411225,
  "grad_norm_trace": [
    789.8079223632812,
    246.18540954589844,
    431.3743591308594,
    177.7947540283203,
    383.4105224609375,
    124.12837219238281,
    67.201416015625,
    106.26847076416016,
    106.50121307373047,
    106.18512725830078,
    494.28131103515625,
    132.73944091796875,
    166.77345275878906,
    88.95779418945312,
    149.00489807128906,
    84.64347076416016,
    81.90886688232422,
    72.73313903808594,
    36.23199462890625,
    69.20214080810547,
    39.5111083984375,
    31.77408218383789,
    17.831518173217773,
    17.90833282470703,
    115.49855041503906,
    90.56471252441406,
    35.12477111816406,
    62.21083068847656,
    31.554067611694336,
    16.37624168395996,
    15.670543670654297,
    15.591592788696289,
    45.52729415893555,
    21.815723419189453,
    12.060934066772461,
    20.994218826293945,
    21.25568389892578,
    12.942400932312012,
    23.67433738708496,
    14.200608253479004,
    10.29676342010498,
    11.591550827026367,
    8.866477966308594,
    23.20781707763672,
    11.65015983581543,
    6.462698459625244,
    7.033131122589111,
    9.412089347839355,
    7.906607151031494,
    7.804464817047119,
    6.1255693435668945,
    8.427555084228516,
    5.356733798980713,
    5.115760803222656,
    7.520203590393066,
    13.880929946899414,
    9.653322219848633,
    10.485185623168945,
    7.3846259117126465,
    6.810809135437012
  ],
  "loss_trace": [
    {
      "step": 0,
      "total": 9.730642621059715,
      "emo": 9.730624198913574,
      "asr": 0.18422146141529083,
      "per": 0.0,
      "lambda_emo": 1.0,
      "lambda_asr": 0.0001,
      "lambda_per": 0.0
    },
    {
      "step": 1,
      "total": 3.6264509907633067,
      "emo": 3.6264147758483887,
      "asr": 0.3621491491794586,
      "per": 0.03700724616646767,
      "lambda_emo": 1.0,
      "lambda_asr": 0.0001,
      "lambda_per": 0.0
    },
    {
      "step": 2,
      "total": 3.1318583400666715,
      "emo": 3.131817579269409,
      "asr": 0.4076079726219177,
      "per": 0.04400147497653961,
      "lambda_emo": 1.0,
      "lambda_asr": 0.0001,
      "lambda_per": 0.0
    },
    {
      "step": 3,
      "total": 4.300931442427635,
      "emo": 4.300766944885254,
      "asr": 1.6449754238128662,
      "per": 0.05807984992861748,
      "lambda_emo": 1.0,
      "lambda_asr": 0.0001,
      "lambda_per": 0.0
    },
    {
      "step": 4,
      "total": 3.1031530223503707,
      "emo": 3.103137731552124,
      "asr": 0.15290798246860504,
      "per": 0.04138016328215599,
      "lambda_emo": 1.0,
      "lambda_asr": 0.0001,
      "lambda_per": 0.0
    },
    {
      "step": 5,
      "total": 3.136367560005188,
      "emo": 3.1363325119018555,
      "asr": 0.3504810333251953,
      "per": 0.06042185425758362,
      "lambda_emo": 1.0,
      "lambda_asr": 0.0001,
      "lambda_per": 0.0
    },
    {
      "step": 6,
      "total": 1.868922132793069,
      "emo": 1.868894100189209,
      "asr": 0.2803260385990143,
      "per": 0.05802687257528305,
      "lambda_emo": 1.0,
      "lambda_asr": 0.0001,
      "lambda_per": 0.0
    },
    {
      "step": 7,
      "total": 1.7212008128881455,
      "emo": 1.721181869506836,
      "asr": 0.18943381309509277,
      "per": 0.04361921548843384,
      "lambda_emo": 1.0,
      "lambda_asr": 0.0001,
      "lambda_per": 0.0
    },
    {
      "step": 8,
      "total": 1.8754664286002516,
      "emo": 1.8754433393478394,
      "asr": 0.23089252412319183,
      "per": 0.04314425587654114,
      "lambda_emo": 1.0,
      "lambda_asr": 0.0001,
      "lambda_per": 0.0
    },
    {
      "step": 9,
      "total": 2.6518928851246835,
      "emo": 2.6518731117248535,
      "asr": 0.19773399829864502,
      "per": 0.05473728105425835,
      "lambda_emo": 1.0,
      "lambda_asr": 0.0001,
      "lambda_per": 0.0
    },
    {
      "step": 10,
      "total": 2.3108351696193217,
      "emo": 2.3108174800872803,
      "asr": 0.17689532041549683,
      "per": 0.047714151442050934,
      "lambda_emo": 1.0,
      "lambda_asr": 0.0001,
      "lambda_per": 0.0
    },
    {
      "step": 11,
      "total": 2.75466196334213,
      "emo": 2.7546424865722656,
      "asr": 0.19476769864559174,
      "per": 0.05767151713371277,
      "lambda_emo": 1.0,
      "lambda_asr": 0.0001,
      "lambda_per": 0.0
    },
    {
      "step": 12,
      "total": 2.435612459772825,
      "emo": 2.435584783554077,
      "asr": 0.2767621874809265,
      "per": 0.0463561937212944,
      "lambda_emo": 1.0,
      "lambda_asr": 0.0001,
      "lambda_per": 0.0
    },
    {
      "step": 13,
      "total": 2.405025068166852,
      "emo": 2.404977321624756,
      "asr": 0.47746542096138,
      "per": 0.06256163120269775,
      "lambda_emo": 1.0,
      "lambda_asr": 0.0001,
      "lambda_per": 0.0
    },
    {
      "step": 14,
      "total": 1.6185705273523927,
      "emo": 1.6185483932495117,
      "asr": 0.22134102880954742,
      "per": 0.0542096346616745,
      "lambda_emo": 1.0,
      "lambda_asr": 0.0001,
      "lambda_per": 0.0
    },
    {
      "step": 15,
      "total": 1.5726337971821427,
      "emo": 1.5726163387298584,
      "asr": 0.1745845228433609,
      "per": 0.05428798124194145,
      "lambda_emo": 1.0,
      "lambda_asr": 0.0001,
      "lambda_per": 0.0
    },
    {
      "step": 16,
      "total": 0.9763138065695762,
      "emo": 0.9762875437736511,
      "asr": 0.2626279592514038,
      "per": 0.051305100321769714,
      "lambda_emo": 1.0,
      "lambda_asr": 0.0001,
      "lambda_per": 0.0
    },
    {
      "step": 17,
      "total": 1.6924169717565178,
      "emo": 1.6924006938934326,
      "asr": 0.16277863085269928,
      "per": 0.058724116533994675,
      "lambda_emo": 1.0,
      "lambda_asr": 0.0001,
      "lambda_per": 0.0
    },
    {
      "step": 18,
      "total": 1.0997229693591595,
      "emo": 1.0996910333633423,
      "asr": 0.3193599581718445,
      "per": 0.051686160266399384,
      "lambda_emo": 1.0,
      "lambda_asr": 0.0001,
      "lambda_per": 0.0
    },
    {
      "step": 19,
      "total": 1.198091036093235,
      "emo": 1.1980690956115723,
      "asr": 0.21940481662750244,
      "per": 0.059688761830329895,
      "lambda_emo": 1.0,
      "lambda_asr": 0.0001,
      "lambda_per": 0.0
    },
    {
      "step": 20,
      "total": 1.1544109414876997,
      "emo": 1.151444911956787,
      "asr": 0.2965494394302368,
      "per": 0.05351366102695465,
      "lambda_emo": 1.0,
      "lambda_asr": 0.01,
      "lambda_per": 1e-05
    },
    {
      "step": 21,
      "total": 0.8351898463047296,
      "emo": 0.8326468467712402,
      "asr": 0.25424641370773315,
      "per": 0.053539641201496124,
      "lambda_emo": 1.0,
      "lambda_asr": 0.01,
      "lambda_per": 1e-05
    },
    {
      "step": 22,
      "total": 0.48612711589884017,
      "emo": 0.48401564359664917,
      "asr": 0.21109561622142792,
      "per": 0.05161399766802788,
      "lambda_emo": 1.0,
      "lambda_asr": 0.01,
      "lambda_per": 1e-05
    },
    {
      "step": 23,
      "total": 0.5927123092791438,
      "emo": 0.5906164646148682,
      "asr": 0.20952630043029785,
      "per": 0.05816599726676941,
      "lambda_emo": 1.0,
      "lambda_asr": 0.01,