{
  "sample_id": "10272_0009_neutral_0009_000309",
  "path": "/data1/lixiang/OpenS2S_dataset/ESD/CN/0009/Neutral/0009_000309.wav",
  "speaker_id": "0009",
  "ground_truth_emotion": "neutral",
  "target_emotion": "happy",
  "emo_text_clean": [
    "Neutral",
    "Neutral",
    "\u606d\u559c"
  ],
  "emo_text_adv": [
    "Neutral",
    "Happy",
    "Happy"
  ],
  "emo_pred_clean": [
    "neutral",
    "neutral",
    ""
  ],
  "emo_pred_adv": [
    "neutral",
    "happy",
    "happy"
  ],
  "asr_text_clean": "\u5df2\u7ecf\u6000\u5b55\u56db\u4e2a\u534a\u6708",
  "asr_text_adv": "\u5df2\u7ecf\u6000\u5b55\u56db\u4e2a\u534a\u6708",
  "success_emo": false,
  "wer": 0.0,
  "semantic_sim": 0.9999998211860657,
  "semantic_preserved": true,
  "delta_linf": 0.008000001311302185,
  "delta_l2": 0.9555627703666687,
  "snr_db": 10.679146317987513,
  "grad_norm_trace": [
    3853.966796875,
    84.86904907226562,
    61.30878448486328,
    170.13961791992188,
    48.257568359375,
    52.95167922973633,
    36.96128845214844,
    59.19587326049805,
    95.03987884521484,
    63.22562026977539,
    103.10682678222656,
    88.06615447998047,
    181.89517211914062,
    89.27851867675781,
    43.165740966796875,
    183.84706115722656,
    90.36048889160156,
    90.52069091796875,
    126.74104309082031,
    64.53484344482422,
    135.44149780273438,
    72.19712829589844,
    40.83019256591797,
    147.5013427734375,
    37.460025787353516,
    53.654239654541016,
    61.036102294921875,
    21.894208908081055,
    75.80564880371094,
    38.76835632324219,
    41.78278350830078,
    43.703697204589844,
    44.241783142089844,
    53.064048767089844,
    76.99077606201172,
    51.41859436035156,
    54.048362731933594,
    68.209716796875,
    57.808109283447266,
    48.55718231201172,
    81.4286880493164,
    43.156394958496094,
    36.49639892578125,
    48.24898147583008,
    301.0205993652344,
    48.66913604736328,
    23.406774520874023,
    37.40904998779297,
    31.929607391357422,
    33.39309310913086,
    110.1169204711914,
    44.090675354003906,
    63.96593475341797,
    28.207727432250977,
    38.4886360168457,
    40.48346710205078,
    26.474700927734375,
    52.10525894165039,
    34.55570983886719,
    36.33144760131836
  ],
  "loss_trace": [
    {
      "step": 0,
      "total": 7.640602943210676,
      "emo": 7.640599250793457,
      "asr": 0.036924172192811966,
      "per": 0.0,
      "lambda_emo": 1.0,
      "lambda_asr": 0.0001,
      "lambda_per": 0.0
    },
    {
      "step": 1,
      "total": 4.416542027124763,
      "emo": 4.416533946990967,
      "asr": 0.0808013379573822,
      "per": 0.0640515387058258,
      "lambda_emo": 1.0,
      "lambda_asr": 0.0001,
      "lambda_per": 0.0
    },
    {
      "step": 2,
      "total": 3.8140003824956716,
      "emo": 3.8139941692352295,
      "asr": 0.06213260442018509,
      "per": 0.05351060628890991,
      "lambda_emo": 1.0,
      "lambda_asr": 0.0001,
      "lambda_per": 0.0
    },
    {
      "step": 3,
      "total": 4.3913293416690085,
      "emo": 4.391323566436768,
      "asr": 0.057752322405576706,
      "per": 0.0730171725153923,
      "lambda_emo": 1.0,
      "lambda_asr": 0.0001,
      "lambda_per": 0.0
    },
    {
      "step": 4,
      "total": 3.9511326102346183,
      "emo": 3.9511260986328125,
      "asr": 0.0651160180568695,
      "per": 0.0745742917060852,
      "lambda_emo": 1.0,
      "lambda_asr": 0.0001,
      "lambda_per": 0.0
    },
    {
      "step": 5,
      "total": 3.490705735126138,
      "emo": 3.4907004833221436,
      "asr": 0.05251803994178772,
      "per": 0.0644034743309021,
      "lambda_emo": 1.0,
      "lambda_asr": 0.0001,
      "lambda_per": 0.0
    },
    {
      "step": 6,
      "total": 3.11401444562152,
      "emo": 3.114008903503418,
      "asr": 0.05542118102312088,
      "per": 0.04981767386198044,
      "lambda_emo": 1.0,
      "lambda_asr": 0.0001,
      "lambda_per": 0.0
    },
    {
      "step": 7,
      "total": 3.282469691748172,
      "emo": 3.2824647426605225,
      "asr": 0.049490876495838165,
      "per": 0.05974636599421501,
      "lambda_emo": 1.0,
      "lambda_asr": 0.0001,
      "lambda_per": 0.0
    },
    {
      "step": 8,
      "total": 4.140988065797091,
      "emo": 4.140979766845703,
      "asr": 0.08298951387405396,
      "per": 0.06098883971571922,
      "lambda_emo": 1.0,
      "lambda_asr": 0.0001,
      "lambda_per": 0.0
    },
    {
      "step": 9,
      "total": 3.8711779935531316,
      "emo": 3.871173620223999,
      "asr": 0.04373329132795334,
      "per": 0.06255606561899185,
      "lambda_emo": 1.0,
      "lambda_asr": 0.0001,
      "lambda_per": 0.0
    },
    {
      "step": 10,
      "total": 3.3526001212477685,
      "emo": 3.3525285720825195,
      "asr": 0.7154916524887085,
      "per": 0.05756474286317825,
      "lambda_emo": 1.0,
      "lambda_asr": 0.0001,
      "lambda_per": 0.0
    },
    {
      "step": 11,
      "total": 3.4385194264803083,
      "emo": 3.4385132789611816,
      "asr": 0.06147519126534462,
      "per": 0.07013192772865295,
      "lambda_emo": 1.0,
      "lambda_asr": 0.0001,
      "lambda_per": 0.0
    },
    {
      "step": 12,
      "total": 3.5192086595613508,
      "emo": 3.5192039012908936,
      "asr": 0.047582704573869705,
      "per": 0.06389953196048737,
      "lambda_emo": 1.0,
      "lambda_asr": 0.0001,
      "lambda_per": 0.0
    },
    {
      "step": 13,
      "total": 5.218956550591439,
      "emo": 5.21895170211792,
      "asr": 0.04848473519086838,
      "per": 0.06883697956800461,
      "lambda_emo": 1.0,
      "lambda_asr": 0.0001,
      "lambda_per": 0.0
    },
    {
      "step": 14,
      "total": 3.7715394934672863,
      "emo": 3.771533966064453,
      "asr": 0.055274028331041336,
      "per": 0.04642713814973831,
      "lambda_emo": 1.0,
      "lambda_asr": 0.0001,
      "lambda_per": 0.0
    },
    {
      "step": 15,
      "total": 3.3055062932699917,
      "emo": 3.305500030517578,
      "asr": 0.06262752413749695,
      "per": 0.06901033222675323,
      "lambda_emo": 1.0,
      "lambda_asr": 0.0001,
      "lambda_per": 0.0
    },
    {
      "step": 16,
      "total": 4.060772762792185,
      "emo": 4.06076717376709,
      "asr": 0.05589025095105171,
      "per": 0.06298141181468964,
      "lambda_emo": 1.0,
      "lambda_asr": 0.0001,
      "lambda_per": 0.0
    },
    {
      "step": 17,
      "total": 3.746459928065911,
      "emo": 3.7464561462402344,
      "asr": 0.03781825676560402,
      "per": 0.05497075244784355,
      "lambda_emo": 1.0,
      "lambda_asr": 0.0001,
      "lambda_per": 0.0
    },
    {
      "step": 18,
      "total": 3.6496433737277987,
      "emo": 3.6496353149414062,
      "asr": 0.08058786392211914,
      "per": 0.0504714772105217,
      "lambda_emo": 1.0,
      "lambda_asr": 0.0001,
      "lambda_per": 0.0
    },
    {
      "step": 19,
      "total": 4.078746000975371,
      "emo": 4.078742504119873,
      "asr": 0.034968554973602295,
      "per": 0.05277317762374878,
      "lambda_emo": 1.0,
      "lambda_asr": 0.0001,
      "lambda_per": 0.0
    },
    {
      "step": 20,
      "total": 3.536617846408114,
      "emo": 3.5362584590911865,
      "asr": 0.0358726866543293,
      "per": 0.06604503840208054,
      "lambda_emo": 1.0,
      "lambda_asr": 0.01,
      "lambda_per": 1e-05
    },
    {
      "step": 21,
      "total": 3.3840541633663697,
      "emo": 3.383603572845459,
      "asr": 0.045002128928899765,
      "per": 0.05692316219210625,
      "lambda_emo": 1.0,
      "lambda_asr": 0.01,
      "lambda_per": 1e-05
    },
    {
      "step": 22,
      "total": 3.103995550612807,
      "emo": 3.1035141944885254,
      "asr": 0.048079028725624084,
      "per": 0.0565837025642395,
      "lambda_emo": 1.0,
      "lambda_asr": 0.01,
      "lambda_per": 1e-05
    },
    {
      "step": 23,
      "total": 3.0891050814099237,
      "emo": 3.0887017250061035,
      "asr": 0.04027713090181351,
      "per": 0.05850948020815849,