{
  "sample_id": "10463_0009_neutral_0009_000279",
  "path": "/data1/lixiang/OpenS2S_dataset/ESD/CN/0009/Neutral/0009_000279.wav",
  "speaker_id": "0009",
  "ground_truth_emotion": "neutral",
  "target_emotion": "happy",
  "emo_text_clean": [
    "Neutral",
    "Neutral",
    "\u6211\u4e5f\u6709\u540c\u611f\u5462\u3002"
  ],
  "emo_text_adv": [
    "Happy",
    "happy",
    "happy"
  ],
  "emo_pred_clean": [
    "neutral",
    "neutral",
    ""
  ],
  "emo_pred_adv": [
    "happy",
    "happy",
    "happy"
  ],
  "asr_text_clean": "\u6211\u4e5f\u6709\u540c\u611f\u3002",
  "asr_text_adv": "\u6211\u4e5f\u6709\u540c\u611f\u3002",
  "success_emo": true,
  "wer": 0.0,
  "semantic_sim": 1.0,
  "semantic_preserved": true,
  "delta_linf": 0.008000001311302185,
  "delta_l2": 1.0248332023620605,
  "snr_db": 9.307753191464245,
  "grad_norm_trace": [
    2923.52001953125,
    152.56063842773438,
    67.1400146484375,
    113.34960174560547,
    124.08111572265625,
    104.89362335205078,
    124.95379638671875,
    175.62701416015625,
    104.61475372314453,
    75.9857177734375,
    32.5480842590332,
    37.27873992919922,
    70.23442840576172,
    125.4533920288086,
    51.70029067993164,
    52.34560012817383,
    58.394874572753906,
    35.023292541503906,
    47.301658630371094,
    86.78276824951172,
    64.15129089355469,
    60.46074295043945,
    38.71867370605469,
    53.40802764892578,
    23.08770179748535,
    37.89362716674805,
    25.76665687561035,
    29.5501708984375,
    71.61968231201172,
    31.112550735473633,
    30.9396915435791,
    69.16085815429688,
    34.29649353027344,
    30.14286994934082,
    61.74958038330078,
    17.50642204284668,
    15.958608627319336,
    20.637935638427734,
    29.65093421936035,
    22.2430419921875,
    33.87702178955078,
    49.72731399536133,
    21.111495971679688,
    25.403654098510742,
    38.208526611328125,
    28.75670623779297,
    36.31046676635742,
    30.27710723876953,
    16.94171142578125,
    26.728347778320312,
    36.00678634643555,
    47.07172393798828,
    34.32463836669922,
    32.122947692871094,
    49.59040832519531,
    75.03036499023438,
    78.58224487304688,
    22.77767562866211,
    23.443693161010742,
    46.80064392089844
  ],
  "loss_trace": [
    {
      "step": 0,
      "total": 8.784822858834266,
      "emo": 8.7847900390625,
      "asr": 0.328197717666626,
      "per": 0.0,
      "lambda_emo": 1.0,
      "lambda_asr": 0.0001,
      "lambda_per": 0.0
    },
    {
      "step": 1,
      "total": 7.144670377576351,
      "emo": 7.144604682922363,
      "asr": 0.6569465398788452,
      "per": 0.061567407101392746,
      "lambda_emo": 1.0,
      "lambda_asr": 0.0001,
      "lambda_per": 0.0
    },
    {
      "step": 2,
      "total": 6.410967858713866,
      "emo": 6.410881042480469,
      "asr": 0.8681623339653015,
      "per": 0.05084989219903946,
      "lambda_emo": 1.0,
      "lambda_asr": 0.0001,
      "lambda_per": 0.0
    },
    {
      "step": 3,
      "total": 5.6831211943626405,
      "emo": 5.683055877685547,
      "asr": 0.6531667709350586,
      "per": 0.06202426180243492,
      "lambda_emo": 1.0,
      "lambda_asr": 0.0001,
      "lambda_per": 0.0
    },
    {
      "step": 4,
      "total": 4.01963116799593,
      "emo": 4.019546031951904,
      "asr": 0.8513604402542114,
      "per": 0.06606949865818024,
      "lambda_emo": 1.0,
      "lambda_asr": 0.0001,
      "lambda_per": 0.0
    },
    {
      "step": 5,
      "total": 4.045095872175693,
      "emo": 4.045011520385742,
      "asr": 0.8435178995132446,
      "per": 0.05597845837473869,
      "lambda_emo": 1.0,
      "lambda_asr": 0.0001,
      "lambda_per": 0.0
    },
    {
      "step": 6,
      "total": 4.957095322477818,
      "emo": 4.95701265335083,
      "asr": 0.8266912698745728,
      "per": 0.0510367825627327,
      "lambda_emo": 1.0,
      "lambda_asr": 0.0001,
      "lambda_per": 0.0
    },
    {
      "step": 7,
      "total": 4.402422083246708,
      "emo": 4.402321815490723,
      "asr": 1.0026775598526,
      "per": 0.06796138733625412,
      "lambda_emo": 1.0,
      "lambda_asr": 0.0001,
      "lambda_per": 0.0
    },
    {
      "step": 8,
      "total": 4.712762530452013,
      "emo": 4.712686061859131,
      "asr": 0.7646859288215637,
      "per": 0.04772765934467316,
      "lambda_emo": 1.0,
      "lambda_asr": 0.0001,
      "lambda_per": 0.0
    },
    {
      "step": 9,
      "total": 4.219536758673191,
      "emo": 4.219440937042236,
      "asr": 0.9582163095474243,
      "per": 0.05573037266731262,
      "lambda_emo": 1.0,
      "lambda_asr": 0.0001,
      "lambda_per": 0.0
    },
    {
      "step": 10,
      "total": 3.9216527495503426,
      "emo": 3.921555995941162,
      "asr": 0.9675360918045044,
      "per": 0.05824383348226547,
      "lambda_emo": 1.0,
      "lambda_asr": 0.0001,
      "lambda_per": 0.0
    },
    {
      "step": 11,
      "total": 3.3959482913017274,
      "emo": 3.3958468437194824,
      "asr": 1.0144758224487305,
      "per": 0.06622082740068436,
      "lambda_emo": 1.0,
      "lambda_asr": 0.0001,
      "lambda_per": 0.0
    },
    {
      "step": 12,
      "total": 3.312051812529564,
      "emo": 3.3119266033172607,
      "asr": 1.2520921230316162,
      "per": 0.04973612353205681,
      "lambda_emo": 1.0,
      "lambda_asr": 0.0001,
      "lambda_per": 0.0
    },
    {
      "step": 13,
      "total": 3.366636645412445,
      "emo": 3.366504430770874,
      "asr": 1.3221464157104492,
      "per": 0.06707292795181274,
      "lambda_emo": 1.0,
      "lambda_asr": 0.0001,
      "lambda_per": 0.0
    },
    {
      "step": 14,
      "total": 3.13322087123394,
      "emo": 3.133115768432617,
      "asr": 1.0510280132293701,
      "per": 0.04760448634624481,
      "lambda_emo": 1.0,
      "lambda_asr": 0.0001,
      "lambda_per": 0.0
    },
    {
      "step": 15,
      "total": 2.8344175543189047,
      "emo": 2.834303855895996,
      "asr": 1.1369842290878296,
      "per": 0.0667814090847969,
      "lambda_emo": 1.0,
      "lambda_asr": 0.0001,
      "lambda_per": 0.0
    },
    {
      "step": 16,
      "total": 2.7485777649641037,
      "emo": 2.748476982116699,
      "asr": 1.0078284740447998,
      "per": 0.048289891332387924,
      "lambda_emo": 1.0,
      "lambda_asr": 0.0001,
      "lambda_per": 0.0
    },
    {
      "step": 17,
      "total": 2.0751712628006933,
      "emo": 2.0750644207000732,
      "asr": 1.0684210062026978,
      "per": 0.04524197429418564,
      "lambda_emo": 1.0,
      "lambda_asr": 0.0001,
      "lambda_per": 0.0
    },
    {
      "step": 18,
      "total": 1.7306982652664185,
      "emo": 1.730607032775879,
      "asr": 0.9123249053955078,
      "per": 0.0596962533891201,
      "lambda_emo": 1.0,
      "lambda_asr": 0.0001,
      "lambda_per": 0.0
    },
    {
      "step": 19,
      "total": 2.3556287368059157,
      "emo": 2.3555221557617188,
      "asr": 1.0658104419708252,
      "per": 0.05562862008810043,
      "lambda_emo": 1.0,
      "lambda_asr": 0.0001,
      "lambda_per": 0.0
    },
    {
      "step": 20,
      "total": 2.06297058694236,
      "emo": 2.0514578819274902,
      "asr": 1.1512155532836914,
      "per": 0.05494820326566696,
      "lambda_emo": 1.0,
      "lambda_asr": 0.01,
      "lambda_per": 1e-05
    },
    {
      "step": 21,
      "total": 2.045045470023714,
      "emo": 2.03424072265625,
      "asr": 1.0804284811019897,
      "per": 0.04625564441084862,
      "lambda_emo": 1.0,
      "lambda_asr": 0.01,
      "lambda_per": 1e-05
    },
    {
      "step": 22,
      "total": 1.7437029074886068,
      "emo": 1.7354333400726318,
      "asr": 0.8269085884094238,
      "per": 0.048153188079595566,
      "lambda_emo": 1.0,
      "lambda_asr": 0.01,
      "lambda_per": 1e-05
    },
    {
      "step": 23,
      "total": 1.6181404156903922,
      "emo": 1.609623670578003,
      "asr": 0.8516188859939575,
      "per": 0.05562524497509003,
      "lambda_emo": 1.0,
      "lambda_asr": 0.01,