{
  "sample_id": "10512_0009_sad_0009_001197",
  "path": "/data1/lixiang/OpenS2S_dataset/ESD/CN/0009/Sad/0009_001197.wav",
  "speaker_id": "0009",
  "ground_truth_emotion": "sad",
  "target_emotion": "happy",
  "emo_text_clean": [
    "Sad",
    "Sad",
    "\"Maybe a cozy movie night with your favorite snacks?\""
  ],
  "emo_text_adv": [
    "happy",
    "happy",
    "happy"
  ],
  "emo_pred_clean": [
    "sad",
    "sad",
    "maybe"
  ],
  "emo_pred_adv": [
    "happy",
    "happy",
    "happy"
  ],
  "asr_text_clean": "\u6211\u9700\u8981\u4e00\u53cc\u65b0\u978b\u3002",
  "asr_text_adv": "\u6211\u81ea\u5236",
  "success_emo": true,
  "wer": 1.0,
  "semantic_sim": 0.2260320782661438,
  "semantic_preserved": false,
  "delta_linf": 0.008000001311302185,
  "delta_l2": 1.1229124069213867,
  "snr_db": 5.8369988503909305,
  "grad_norm_trace": [
    1165.187255859375,
    252.66455078125,
    109.61376953125,
    187.39480590820312,
    82.81340789794922,
    69.98777770996094,
    175.07521057128906,
    85.5281982421875,
    162.4899139404297,
    157.97996520996094,
    43.354087829589844,
    78.1484603881836,
    150.49607849121094,
    60.18437957763672,
    106.9039077758789,
    41.206417083740234,
    127.93303680419922,
    41.054779052734375,
    79.27999877929688,
    39.30253982543945,
    83.05735778808594,
    43.135372161865234,
    30.100852966308594,
    38.68522262573242,
    96.68513488769531,
    87.15601348876953,
    216.4321746826172,
    84.87567901611328,
    50.90946578979492,
    95.99515533447266,
    57.04802322387695,
    45.870235443115234,
    77.60796356201172,
    73.81387329101562,
    45.80997848510742,
    37.11878204345703,
    49.896522521972656,
    60.223140716552734,
    69.34197998046875,
    29.49876594543457,
    53.10612487792969,
    61.04855728149414,
    61.9971923828125,
    63.387699127197266,
    54.80104064941406,
    170.84014892578125,
    69.98131561279297,
    66.3617935180664,
    82.1879653930664,
    114.34600830078125,
    45.35549545288086,
    41.08188247680664,
    29.34038734436035,
    27.679018020629883,
    21.961851119995117,
    33.95058059692383,
    22.633556365966797,
    13.806510925292969,
    14.83287525177002,
    12.291722297668457
  ],
  "loss_trace": [
    {
      "step": 0,
      "total": 8.529222946733237,
      "emo": 8.52917194366455,
      "asr": 0.5100306868553162,
      "per": 0.0,
      "lambda_emo": 1.0,
      "lambda_asr": 0.0001,
      "lambda_per": 0.0
    },
    {
      "step": 1,
      "total": 6.418900004583597,
      "emo": 6.418842315673828,
      "asr": 0.5768890976905823,
      "per": 0.03843327984213829,
      "lambda_emo": 1.0,
      "lambda_asr": 0.0001,
      "lambda_per": 0.0
    },
    {
      "step": 2,
      "total": 4.605698453319072,
      "emo": 4.605588912963867,
      "asr": 1.0954035520553589,
      "per": 0.04377296194434166,
      "lambda_emo": 1.0,
      "lambda_asr": 0.0001,
      "lambda_per": 0.0
    },
    {
      "step": 3,
      "total": 3.6328249476909638,
      "emo": 3.632687568664551,
      "asr": 1.3737902641296387,
      "per": 0.04012362286448479,
      "lambda_emo": 1.0,
      "lambda_asr": 0.0001,
      "lambda_per": 0.0
    },
    {
      "step": 4,
      "total": 3.7459316494822503,
      "emo": 3.745776891708374,
      "asr": 1.5475777387619019,
      "per": 0.04143812879920006,
      "lambda_emo": 1.0,
      "lambda_asr": 0.0001,
      "lambda_per": 0.0
    },
    {
      "step": 5,
      "total": 2.6089876639246943,
      "emo": 2.608814001083374,
      "asr": 1.7366284132003784,
      "per": 0.04481355845928192,
      "lambda_emo": 1.0,
      "lambda_asr": 0.0001,
      "lambda_per": 0.0
    },
    {
      "step": 6,
      "total": 2.338041462147236,
      "emo": 2.3378775119781494,
      "asr": 1.639501690864563,
      "per": 0.047076813876628876,
      "lambda_emo": 1.0,
      "lambda_asr": 0.0001,
      "lambda_per": 0.0
    },
    {
      "step": 7,
      "total": 2.4143935348391534,
      "emo": 2.4142251014709473,
      "asr": 1.6843336820602417,
      "per": 0.059750981628894806,
      "lambda_emo": 1.0,
      "lambda_asr": 0.0001,
      "lambda_per": 0.0
    },
    {
      "step": 8,
      "total": 2.464203633081913,
      "emo": 2.4640517234802246,
      "asr": 1.51909601688385,
      "per": 0.05736391991376877,
      "lambda_emo": 1.0,
      "lambda_asr": 0.0001,
      "lambda_per": 0.0
    },
    {
      "step": 9,
      "total": 3.27254156165123,
      "emo": 3.2724461555480957,
      "asr": 0.9540610313415527,
      "per": 0.056564413011074066,
      "lambda_emo": 1.0,
      "lambda_asr": 0.0001,
      "lambda_per": 0.0
    },
    {
      "step": 10,
      "total": 2.6166060717105863,
      "emo": 2.6164321899414062,
      "asr": 1.7388176918029785,
      "per": 0.06278742849826813,
      "lambda_emo": 1.0,
      "lambda_asr": 0.0001,
      "lambda_per": 0.0
    },
    {
      "step": 11,
      "total": 2.8075881709098818,
      "emo": 2.807305335998535,
      "asr": 2.8283491134643555,
      "per": 0.05919903516769409,
      "lambda_emo": 1.0,
      "lambda_asr": 0.0001,
      "lambda_per": 0.0
    },
    {
      "step": 12,
      "total": 2.4412203201293945,
      "emo": 2.440965414047241,
      "asr": 2.549060821533203,
      "per": 0.046212293207645416,
      "lambda_emo": 1.0,
      "lambda_asr": 0.0001,
      "lambda_per": 0.0
    },
    {
      "step": 13,
      "total": 2.6220568116784095,
      "emo": 2.6218814849853516,
      "asr": 1.7532669305801392,
      "per": 0.04706592112779617,
      "lambda_emo": 1.0,
      "lambda_asr": 0.0001,
      "lambda_per": 0.0
    },
    {
      "step": 14,
      "total": 2.4313966982245447,
      "emo": 2.4312493801116943,
      "asr": 1.473181128501892,
      "per": 0.05986335873603821,
      "lambda_emo": 1.0,
      "lambda_asr": 0.0001,
      "lambda_per": 0.0
    },
    {
      "step": 15,
      "total": 1.8105912978172303,
      "emo": 1.8104102611541748,
      "asr": 1.8103666305541992,
      "per": 0.053138114511966705,
      "lambda_emo": 1.0,
      "lambda_asr": 0.0001,
      "lambda_per": 0.0
    },
    {
      "step": 16,
      "total": 2.0669401199936868,
      "emo": 2.066758632659912,
      "asr": 1.8148733377456665,
      "per": 0.05158299207687378,
      "lambda_emo": 1.0,
      "lambda_asr": 0.0001,
      "lambda_per": 0.0
    },
    {
      "step": 17,
      "total": 1.9671929327368736,
      "emo": 1.9670286178588867,
      "asr": 1.6431487798690796,
      "per": 0.045471929013729095,
      "lambda_emo": 1.0,
      "lambda_asr": 0.0001,
      "lambda_per": 0.0
    },
    {
      "step": 18,
      "total": 2.591763856995106,
      "emo": 2.591583013534546,
      "asr": 1.8084346055984497,
      "per": 0.06213487312197685,
      "lambda_emo": 1.0,
      "lambda_asr": 0.0001,
      "lambda_per": 0.0
    },
    {
      "step": 19,
      "total": 1.9853328447818757,
      "emo": 1.985141634941101,
      "asr": 1.9120984077453613,
      "per": 0.04623847454786301,
      "lambda_emo": 1.0,
      "lambda_asr": 0.0001,
      "lambda_per": 0.0
    },
    {
      "step": 20,
      "total": 2.2823725413930043,
      "emo": 2.265693187713623,
      "asr": 1.6678816080093384,
      "per": 0.05375992879271507,
      "lambda_emo": 1.0,
      "lambda_asr": 0.01,
      "lambda_per": 1e-05
    },
    {
      "step": 21,
      "total": 2.0731593688672034,
      "emo": 2.049304485321045,
      "asr": 2.385439395904541,
      "per": 0.048958711326122284,
      "lambda_emo": 1.0,
      "lambda_asr": 0.01,
      "lambda_per": 1e-05
    },
    {
      "step": 22,
      "total": 1.7042174987621233,
      "emo": 1.6841847896575928,
      "asr": 2.00321888923645,
      "per": 0.05202121660113335,
      "lambda_emo": 1.0,
      "lambda_asr": 0.01,
      "lambda_per": 1e-05
    },
    {
      "step": 23,
      "total": 1.3846230655301734,
      "emo": 1.3644875288009644,
      "asr": 2.013509511947632,
      "per": 0.04416097328066826,
      "lambda_emo": 1.0,