{
  "sample_id": "10542_0009_sad_0009_001314",
  "path": "/data1/lixiang/OpenS2S_dataset/ESD/CN/0009/Sad/0009_001314.wav",
  "speaker_id": "0009",
  "ground_truth_emotion": "sad",
  "target_emotion": "happy",
  "emo_text_clean": [
    "Sad",
    "Sad",
    "\u542c\u8d77\u6765"
  ],
  "emo_text_adv": [
    "Happy",
    "Happy",
    "Happy"
  ],
  "emo_pred_clean": [
    "sad",
    "sad",
    ""
  ],
  "emo_pred_adv": [
    "happy",
    "happy",
    "happy"
  ],
  "asr_text_clean": "\u542c\u8d77\u6765",
  "asr_text_adv": "\u6211\u4eca\u5929\u5728\u5a5a\u793c\u4e0a\u8df3\u4e86\u821e\uff0c\u611f\u89c9\u7279\u522b\u5f00\u5fc3\uff01",
  "success_emo": true,
  "wer": 1.0,
  "semantic_sim": 0.22300180792808533,
  "semantic_preserved": false,
  "delta_linf": 0.008000001311302185,
  "delta_l2": 1.0539579391479492,
  "snr_db": 7.6217402431225505,
  "grad_norm_trace": [
    4367.3515625,
    116.59344482421875,
    93.31005859375,
    118.18948364257812,
    132.52786254882812,
    117.44572448730469,
    40.009498596191406,
    60.23978805541992,
    160.97076416015625,
    282.283935546875,
    92.89238739013672,
    70.56494903564453,
    106.29182434082031,
    64.60023498535156,
    80.15502166748047,
    76.04573059082031,
    657.583740234375,
    254.1471405029297,
    90.2939453125,
    69.29244232177734,
    62.397098541259766,
    70.6145248413086,
    90.11080169677734,
    90.92980194091797,
    83.27186584472656,
    199.8846893310547,
    83.36109924316406,
    276.5454406738281,
    141.665771484375,
    145.13998413085938,
    153.84686279296875,
    133.239013671875,
    127.35874938964844,
    97.63078308105469,
    79.8172836303711,
    131.65232849121094,
    46.0203857421875,
    66.84558868408203,
    41.501033782958984,
    31.646333694458008,
    29.74247932434082,
    47.13638687133789,
    144.56597900390625,
    106.19044494628906,
    45.0410270690918,
    35.34066390991211,
    40.566307067871094,
    37.5804443359375,
    64.0539321899414,
    26.40945053100586,
    37.123291015625,
    94.60562896728516,
    48.30553436279297,
    34.15953826904297,
    31.537317276000977,
    27.484825134277344,
    77.9808120727539,
    26.894935607910156,
    117.97270202636719,
    50.72604751586914
  ],
  "loss_trace": [
    {
      "step": 0,
      "total": 9.188232745839656,
      "emo": 9.18822193145752,
      "asr": 0.10814382135868073,
      "per": 0.0,
      "lambda_emo": 1.0,
      "lambda_asr": 0.0001,
      "lambda_per": 0.0
    },
    {
      "step": 1,
      "total": 4.541630374860763,
      "emo": 4.541327476501465,
      "asr": 3.0289835929870605,
      "per": 0.06644728034734726,
      "lambda_emo": 1.0,
      "lambda_asr": 0.0001,
      "lambda_per": 0.0
    },
    {
      "step": 2,
      "total": 4.049208227300644,
      "emo": 4.0485334396362305,
      "asr": 6.7478766441345215,
      "per": 0.05097588151693344,
      "lambda_emo": 1.0,
      "lambda_asr": 0.0001,
      "lambda_per": 0.0
    },
    {
      "step": 3,
      "total": 4.438227063035965,
      "emo": 4.437857627868652,
      "asr": 3.6943516731262207,
      "per": 0.07444896548986435,
      "lambda_emo": 1.0,
      "lambda_asr": 0.0001,
      "lambda_per": 0.0
    },
    {
      "step": 4,
      "total": 3.9421253980636597,
      "emo": 3.9419336318969727,
      "asr": 1.9176616668701172,
      "per": 0.058680228888988495,
      "lambda_emo": 1.0,
      "lambda_asr": 0.0001,
      "lambda_per": 0.0
    },
    {
      "step": 5,
      "total": 3.541597423553467,
      "emo": 3.541151762008667,
      "asr": 4.456615447998047,
      "per": 0.05023480951786041,
      "lambda_emo": 1.0,
      "lambda_asr": 0.0001,
      "lambda_per": 0.0
    },
    {
      "step": 6,
      "total": 3.0819828689098356,
      "emo": 3.0815513134002686,
      "asr": 4.315555095672607,
      "per": 0.04969044029712677,
      "lambda_emo": 1.0,
      "lambda_asr": 0.0001,
      "lambda_per": 0.0
    },
    {
      "step": 7,
      "total": 3.185663455247879,
      "emo": 3.185182571411133,
      "asr": 4.808838367462158,
      "per": 0.05088156461715698,
      "lambda_emo": 1.0,
      "lambda_asr": 0.0001,
      "lambda_per": 0.0
    },
    {
      "step": 8,
      "total": 3.0623947730541228,
      "emo": 3.062161445617676,
      "asr": 2.3332743644714355,
      "per": 0.05633687973022461,
      "lambda_emo": 1.0,
      "lambda_asr": 0.0001,
      "lambda_per": 0.0
    },
    {
      "step": 9,
      "total": 5.230694981169701,
      "emo": 5.230640411376953,
      "asr": 0.5456979274749756,
      "per": 0.05655514821410179,
      "lambda_emo": 1.0,
      "lambda_asr": 0.0001,
      "lambda_per": 0.0
    },
    {
      "step": 10,
      "total": 3.2252727462530135,
      "emo": 3.225071907043457,
      "asr": 2.008392095565796,
      "per": 0.049054570496082306,
      "lambda_emo": 1.0,
      "lambda_asr": 0.0001,
      "lambda_per": 0.0
    },
    {
      "step": 11,
      "total": 3.0533160931229593,
      "emo": 3.0531177520751953,
      "asr": 1.9834104776382446,
      "per": 0.06196598708629608,
      "lambda_emo": 1.0,
      "lambda_asr": 0.0001,
      "lambda_per": 0.0
    },
    {
      "step": 12,
      "total": 2.880241789782047,
      "emo": 2.880047559738159,
      "asr": 1.9423004388809204,
      "per": 0.06477279961109161,
      "lambda_emo": 1.0,
      "lambda_asr": 0.0001,
      "lambda_per": 0.0
    },
    {
      "step": 13,
      "total": 3.0603131266593935,
      "emo": 3.059814214706421,
      "asr": 4.989119529724121,
      "per": 0.06421951949596405,
      "lambda_emo": 1.0,
      "lambda_asr": 0.0001,
      "lambda_per": 0.0
    },
    {
      "step": 14,
      "total": 3.075003248691559,
      "emo": 3.074563503265381,
      "asr": 4.397454261779785,
      "per": 0.049485236406326294,
      "lambda_emo": 1.0,
      "lambda_asr": 0.0001,
      "lambda_per": 0.0
    },
    {
      "step": 15,
      "total": 2.5533368659973146,
      "emo": 2.552762746810913,
      "asr": 5.741191864013672,
      "per": 0.05998559296131134,
      "lambda_emo": 1.0,
      "lambda_asr": 0.0001,
      "lambda_per": 0.0
    },
    {
      "step": 16,
      "total": 2.739019480037689,
      "emo": 2.7387137413024902,
      "asr": 3.057387351989746,
      "per": 0.04973534494638443,
      "lambda_emo": 1.0,
      "lambda_asr": 0.0001,
      "lambda_per": 0.0
    },
    {
      "step": 17,
      "total": 3.158878170657158,
      "emo": 3.158618927001953,
      "asr": 2.5924365520477295,
      "per": 0.05806861072778702,
      "lambda_emo": 1.0,
      "lambda_asr": 0.0001,
      "lambda_per": 0.0
    },
    {
      "step": 18,
      "total": 4.205204695963859,
      "emo": 4.204861164093018,
      "asr": 3.4353187084198,
      "per": 0.04732222482562065,
      "lambda_emo": 1.0,
      "lambda_asr": 0.0001,
      "lambda_per": 0.0
    },
    {
      "step": 19,
      "total": 3.2013958094120025,
      "emo": 3.2011735439300537,
      "asr": 2.2226548194885254,
      "per": 0.04886351525783539,
      "lambda_emo": 1.0,
      "lambda_asr": 0.0001,
      "lambda_per": 0.0
    },
    {
      "step": 20,
      "total": 2.9695000131427496,
      "emo": 2.9071621894836426,
      "asr": 6.2337141036987305,
      "per": 0.06826221197843552,
      "lambda_emo": 1.0,
      "lambda_asr": 0.01,
      "lambda_per": 1e-05
    },
    {
      "step": 21,
      "total": 3.905154463766739,
      "emo": 3.7821803092956543,
      "asr": 12.297350883483887,
      "per": 0.06456362456083298,
      "lambda_emo": 1.0,
      "lambda_asr": 0.01,
      "lambda_per": 1e-05
    },
    {
      "step": 22,
      "total": 3.649538881796114,
      "emo": 3.5263824462890625,
      "asr": 12.315594673156738,
      "per": 0.048877548426389694,
      "lambda_emo": 1.0,
      "lambda_asr": 0.01,
      "lambda_per": 1e-05
    },
    {
      "step": 23,
      "total": 4.8298855724878615,
      "emo": 4.751192092895508,
      "asr": 7.869289875030518,
      "per": 0.05808420479297638,
      "lambda_emo": 1.0,