{
  "sample_id": "10564_0009_sad_0009_001277",
  "path": "/data1/lixiang/OpenS2S_dataset/ESD/CN/0009/Sad/0009_001277.wav",
  "speaker_id": "0009",
  "ground_truth_emotion": "sad",
  "target_emotion": "happy",
  "emo_text_clean": [
    "Sad",
    "Sad",
    "\u542c\u8d77\u6765"
  ],
  "emo_text_adv": [
    "Happy",
    "Happy",
    "Happy!"
  ],
  "emo_pred_clean": [
    "sad",
    "sad",
    ""
  ],
  "emo_pred_adv": [
    "happy",
    "happy",
    "happy"
  ],
  "asr_text_clean": "\u6211\u771f\u53d7\u4e0d\u4e86",
  "asr_text_adv": "\u4e94\u5929\u53d7\u6cbb\u7597\uff0c\u6c89\u8ff7",
  "success_emo": true,
  "wer": 1.0,
  "semantic_sim": 0.18640446662902832,
  "semantic_preserved": false,
  "delta_linf": 0.008000001311302185,
  "delta_l2": 1.1846994161605835,
  "snr_db": 8.510271654994954,
  "grad_norm_trace": [
    421.677978515625,
    350.95355224609375,
    177.35716247558594,
    287.2784729003906,
    719.7125244140625,
    135.78782653808594,
    216.2138671875,
    194.0475616455078,
    101.78399658203125,
    137.81300354003906,
    628.2212524414062,
    196.56692504882812,
    351.1946716308594,
    313.58843994140625,
    188.85203552246094,
    1026.598388671875,
    144.67593383789062,
    81.36665344238281,
    214.6116180419922,
    146.624267578125,
    318.6607666015625,
    99.55999755859375,
    134.0758514404297,
    124.85102844238281,
    129.27783203125,
    131.4175262451172,
    75.97978210449219,
    147.8530731201172,
    108.27954864501953,
    120.4751205444336,
    89.26356506347656,
    82.19356536865234,
    112.14974212646484,
    49.96874237060547,
    158.7760009765625,
    134.5334930419922,
    74.63117980957031,
    81.3247299194336,
    106.87910461425781,
    96.76486206054688,
    144.73779296875,
    304.6102294921875,
    299.7224426269531,
    291.17730712890625,
    139.19261169433594,
    102.3101806640625,
    82.65459442138672,
    55.151466369628906,
    97.4105453491211,
    142.79148864746094,
    44.599449157714844,
    114.89990234375,
    68.8266372680664,
    88.86349487304688,
    21.591930389404297,
    45.964935302734375,
    31.923845291137695,
    70.17889404296875,
    56.57908630371094,
    71.40338134765625
  ],
  "loss_trace": [
    {
      "step": 0,
      "total": 14.369125667846204,
      "emo": 14.369112968444824,
      "asr": 0.12699401378631592,
      "per": 0.0,
      "lambda_emo": 1.0,
      "lambda_asr": 0.0001,
      "lambda_per": 0.0
    },
    {
      "step": 1,
      "total": 11.03591022869572,
      "emo": 11.035903930664062,
      "asr": 0.06298031657934189,
      "per": 0.026686055585741997,
      "lambda_emo": 1.0,
      "lambda_asr": 0.0001,
      "lambda_per": 0.0
    },
    {
      "step": 2,
      "total": 9.520910367119312,
      "emo": 9.520872116088867,
      "asr": 0.38251030445098877,
      "per": 0.03478436917066574,
      "lambda_emo": 1.0,
      "lambda_asr": 0.0001,
      "lambda_per": 0.0
    },
    {
      "step": 3,
      "total": 9.079701296776532,
      "emo": 9.079645156860352,
      "asr": 0.5613991618156433,
      "per": 0.04613494127988815,
      "lambda_emo": 1.0,
      "lambda_asr": 0.0001,
      "lambda_per": 0.0
    },
    {
      "step": 4,
      "total": 7.34280036431551,
      "emo": 7.342628002166748,
      "asr": 1.7236214876174927,
      "per": 0.048098813742399216,
      "lambda_emo": 1.0,
      "lambda_asr": 0.0001,
      "lambda_per": 0.0
    },
    {
      "step": 5,
      "total": 5.948476490139961,
      "emo": 5.948188781738281,
      "asr": 2.8770840167999268,
      "per": 0.05371633172035217,
      "lambda_emo": 1.0,
      "lambda_asr": 0.0001,
      "lambda_per": 0.0
    },
    {
      "step": 6,
      "total": 5.495642596030235,
      "emo": 5.495362758636475,
      "asr": 2.7983739376068115,
      "per": 0.05710360035300255,
      "lambda_emo": 1.0,
      "lambda_asr": 0.0001,
      "lambda_per": 0.0
    },
    {
      "step": 7,
      "total": 5.060488219809532,
      "emo": 5.0602126121521,
      "asr": 2.7560765743255615,
      "per": 0.04764547944068909,
      "lambda_emo": 1.0,
      "lambda_asr": 0.0001,
      "lambda_per": 0.0
    },
    {
      "step": 8,
      "total": 4.2635058901071545,
      "emo": 4.263215065002441,
      "asr": 2.9082510471343994,
      "per": 0.046885229647159576,
      "lambda_emo": 1.0,
      "lambda_asr": 0.0001,
      "lambda_per": 0.0
    },
    {
      "step": 9,
      "total": 4.307192263627052,
      "emo": 4.306897163391113,
      "asr": 2.951002359390259,
      "per": 0.04838135465979576,
      "lambda_emo": 1.0,
      "lambda_asr": 0.0001,
      "lambda_per": 0.0
    },
    {
      "step": 10,
      "total": 5.985106637191772,
      "emo": 5.984790802001953,
      "asr": 3.1583518981933594,
      "per": 0.05649980530142784,
      "lambda_emo": 1.0,
      "lambda_asr": 0.0001,
      "lambda_per": 0.0
    },
    {
      "step": 11,
      "total": 8.262115330338478,
      "emo": 8.261780738830566,
      "asr": 3.3459150791168213,
      "per": 0.06582361459732056,
      "lambda_emo": 1.0,
      "lambda_asr": 0.0001,
      "lambda_per": 0.0
    },
    {
      "step": 12,
      "total": 8.889851531219483,
      "emo": 8.88955307006836,
      "asr": 2.9846115112304688,
      "per": 0.04802060127258301,
      "lambda_emo": 1.0,
      "lambda_asr": 0.0001,
      "lambda_per": 0.0
    },
    {
      "step": 13,
      "total": 5.506767131543159,
      "emo": 5.506455898284912,
      "asr": 3.112332582473755,
      "per": 0.06451669335365295,
      "lambda_emo": 1.0,
      "lambda_asr": 0.0001,
      "lambda_per": 0.0
    },
    {
      "step": 14,
      "total": 5.728307979106903,
      "emo": 5.728084564208984,
      "asr": 2.2341489791870117,
      "per": 0.05992145463824272,
      "lambda_emo": 1.0,
      "lambda_asr": 0.0001,
      "lambda_per": 0.0
    },
    {
      "step": 15,
      "total": 5.944392956900597,
      "emo": 5.944142818450928,
      "asr": 2.5013844966888428,
      "per": 0.06229792535305023,
      "lambda_emo": 1.0,
      "lambda_asr": 0.0001,
      "lambda_per": 0.0
    },
    {
      "step": 16,
      "total": 6.0042780911445615,
      "emo": 6.003999710083008,
      "asr": 2.783810615539551,
      "per": 0.053197816014289856,
      "lambda_emo": 1.0,
      "lambda_asr": 0.0001,
      "lambda_per": 0.0
    },
    {
      "step": 17,
      "total": 4.474892646503449,
      "emo": 4.474624156951904,
      "asr": 2.6848955154418945,
      "per": 0.06041016802191734,
      "lambda_emo": 1.0,
      "lambda_asr": 0.0001,
      "lambda_per": 0.0
    },
    {
      "step": 18,
      "total": 4.518540842652321,
      "emo": 4.518244743347168,
      "asr": 2.9609930515289307,
      "per": 0.05980673432350159,
      "lambda_emo": 1.0,
      "lambda_asr": 0.0001,
      "lambda_per": 0.0
    },
    {
      "step": 19,
      "total": 5.7003379608392715,
      "emo": 5.70004415512085,
      "asr": 2.9380571842193604,
      "per": 0.06363122165203094,
      "lambda_emo": 1.0,
      "lambda_asr": 0.0001,
      "lambda_per": 0.0
    },
    {
      "step": 20,
      "total": 7.293575003892779,
      "emo": 7.266196250915527,
      "asr": 2.737823247909546,
      "per": 0.05204981565475464,
      "lambda_emo": 1.0,
      "lambda_asr": 0.01,
      "lambda_per": 1e-05
    },
    {
      "step": 21,
      "total": 5.110734639449939,
      "emo": 5.085280895233154,
      "asr": 2.5453169345855713,
      "per": 0.05748709291219711,
      "lambda_emo": 1.0,
      "lambda_asr": 0.01,
      "lambda_per": 1e-05
    },
    {
      "step": 22,
      "total": 4.680768953974955,
      "emo": 4.652695655822754,
      "asr": 2.8072850704193115,
      "per": 0.04474480077624321,
      "lambda_emo": 1.0,
      "lambda_asr": 0.01,
      "lambda_per": 1e-05
    },
    {
      "step": 23,
      "total": 4.733109831203781,
      "emo": 4.703572750091553,
      "asr": 2.9536468982696533,
      "per": 0.06121295318007469,
      "lambda_emo": 1.0,
      "lambda_asr": 0.01,