{
  "sample_id": "10562_0009_sad_0009_001290",
  "path": "/data1/lixiang/OpenS2S_dataset/ESD/CN/0009/Sad/0009_001290.wav",
  "speaker_id": "0009",
  "ground_truth_emotion": "sad",
  "target_emotion": "happy",
  "emo_text_clean": [
    "Sad",
    "Sad",
    "\u5927\u7ea6\u4e00\u4e2a\u5c0f\u65f6"
  ],
  "emo_text_adv": [
    "The emotion of the audio is happy.",
    "Happy",
    "Happy."
  ],
  "emo_pred_clean": [
    "sad",
    "sad",
    ""
  ],
  "emo_pred_adv": [
    "happy",
    "happy",
    "happy"
  ],
  "asr_text_clean": "\u5927\u7ea6\u4e00\u4e2a\u5c0f\u65f6",
  "asr_text_adv": "\u5927\u7ea6\u4e00\u4e2a\u5c0f\u65f6",
  "success_emo": true,
  "wer": 0.0,
  "semantic_sim": 1.000000238418579,
  "semantic_preserved": true,
  "delta_linf": 0.008000001311302185,
  "delta_l2": 1.0389509201049805,
  "snr_db": 10.255315508570117,
  "grad_norm_trace": [
    842.2601928710938,
    152.90008544921875,
    280.5472106933594,
    99.9905776977539,
    119.32566833496094,
    81.31378173828125,
    47.282562255859375,
    43.39872741699219,
    26.267486572265625,
    86.79290771484375,
    26.582521438598633,
    34.5191764831543,
    69.44436645507812,
    52.281436920166016,
    33.300048828125,
    45.30852508544922,
    65.75422668457031,
    75.5334701538086,
    38.279632568359375,
    92.79229736328125,
    73.94078826904297,
    40.31306457519531,
    85.1233901977539,
    56.992401123046875,
    147.6461944580078,
    127.11310577392578,
    109.9176025390625,
    72.70906829833984,
    53.74429702758789,
    49.1662483215332,
    48.23973083496094,
    35.82609939575195,
    42.459510803222656,
    30.37436294555664,
    196.21044921875,
    66.89353942871094,
    37.630001068115234,
    61.56516647338867,
    50.3745231628418,
    119.65454864501953,
    323.5320129394531,
    174.3037567138672,
    212.94711303710938,
    151.4144287109375,
    182.5667266845703,
    56.2385368347168,
    59.44667434692383,
    68.47588348388672,
    59.44511413574219,
    54.3299446105957,
    84.09847259521484,
    41.987003326416016,
    59.234249114990234,
    35.24205780029297,
    26.34612464904785,
    26.715864181518555,
    41.738670349121094,
    36.01730728149414,
    36.5286979675293,
    14.201634407043457
  ],
  "loss_trace": [
    {
      "step": 0,
      "total": 8.993962291386724,
      "emo": 8.993949890136719,
      "asr": 0.12401250004768372,
      "per": 0.0,
      "lambda_emo": 1.0,
      "lambda_asr": 0.0001,
      "lambda_per": 0.0
    },
    {
      "step": 1,
      "total": 5.751969299336523,
      "emo": 5.751961708068848,
      "asr": 0.07591267675161362,
      "per": 0.03749002143740654,
      "lambda_emo": 1.0,
      "lambda_asr": 0.0001,
      "lambda_per": 0.0
    },
    {
      "step": 2,
      "total": 5.5766418100014326,
      "emo": 5.576634407043457,
      "asr": 0.0740295797586441,
      "per": 0.03840198740363121,
      "lambda_emo": 1.0,
      "lambda_asr": 0.0001,
      "lambda_per": 0.0
    },
    {
      "step": 3,
      "total": 5.041117140299827,
      "emo": 5.041106224060059,
      "asr": 0.10916239768266678,
      "per": 0.05199798569083214,
      "lambda_emo": 1.0,
      "lambda_asr": 0.0001,
      "lambda_per": 0.0
    },
    {
      "step": 4,
      "total": 4.617374137248844,
      "emo": 4.617365837097168,
      "asr": 0.0830015167593956,
      "per": 0.04840358346700668,
      "lambda_emo": 1.0,
      "lambda_asr": 0.0001,
      "lambda_per": 0.0
    },
    {
      "step": 5,
      "total": 4.498042398864776,
      "emo": 4.4980316162109375,
      "asr": 0.10782653838396072,
      "per": 0.04900765419006348,
      "lambda_emo": 1.0,
      "lambda_asr": 0.0001,
      "lambda_per": 0.0
    },
    {
      "step": 6,
      "total": 4.572807129591704,
      "emo": 4.572796821594238,
      "asr": 0.10307997465133667,
      "per": 0.05249214172363281,
      "lambda_emo": 1.0,
      "lambda_asr": 0.0001,
      "lambda_per": 0.0
    },
    {
      "step": 7,
      "total": 4.143434084665031,
      "emo": 4.143424034118652,
      "asr": 0.10050546377897263,
      "per": 0.04349817335605621,
      "lambda_emo": 1.0,
      "lambda_asr": 0.0001,
      "lambda_per": 0.0
    },
    {
      "step": 8,
      "total": 3.854554252769053,
      "emo": 3.854541301727295,
      "asr": 0.12951041758060455,
      "per": 0.04285439848899841,
      "lambda_emo": 1.0,
      "lambda_asr": 0.0001,
      "lambda_per": 0.0
    },
    {
      "step": 9,
      "total": 4.298734318780899,
      "emo": 4.298679351806641,
      "asr": 0.5496697425842285,
      "per": 0.04458312317728996,
      "lambda_emo": 1.0,
      "lambda_asr": 0.0001,
      "lambda_per": 0.0
    },
    {
      "step": 10,
      "total": 3.998581909175217,
      "emo": 3.9985690116882324,
      "asr": 0.12897486984729767,
      "per": 0.05247237905859947,
      "lambda_emo": 1.0,
      "lambda_asr": 0.0001,
      "lambda_per": 0.0
    },
    {
      "step": 11,
      "total": 3.7453625662475822,
      "emo": 3.745349407196045,
      "asr": 0.13159051537513733,
      "per": 0.057017114013433456,
      "lambda_emo": 1.0,
      "lambda_asr": 0.0001,
      "lambda_per": 0.0
    },
    {
      "step": 12,
      "total": 3.725188105621934,
      "emo": 3.7251508235931396,
      "asr": 0.37282028794288635,
      "per": 0.042273953557014465,
      "lambda_emo": 1.0,
      "lambda_asr": 0.0001,
      "lambda_per": 0.0
    },
    {
      "step": 13,
      "total": 3.5833626967668533,
      "emo": 3.5833487510681152,
      "asr": 0.13945698738098145,
      "per": 0.05615164339542389,
      "lambda_emo": 1.0,
      "lambda_asr": 0.0001,
      "lambda_per": 0.0
    },
    {
      "step": 14,
      "total": 3.354345426185429,
      "emo": 3.3543314933776855,
      "asr": 0.13932807743549347,
      "per": 0.05115306377410889,
      "lambda_emo": 1.0,
      "lambda_asr": 0.0001,
      "lambda_per": 0.0
    },
    {
      "step": 15,
      "total": 3.139615481233597,
      "emo": 3.1395983695983887,
      "asr": 0.17111635208129883,
      "per": 0.05375029146671295,
      "lambda_emo": 1.0,
      "lambda_asr": 0.0001,
      "lambda_per": 0.0
    },
    {
      "step": 16,
      "total": 2.9827868551164864,
      "emo": 2.982773542404175,
      "asr": 0.1331271231174469,
      "per": 0.04335026070475578,
      "lambda_emo": 1.0,
      "lambda_asr": 0.0001,
      "lambda_per": 0.0
    },
    {
      "step": 17,
      "total": 4.037731992388517,
      "emo": 4.037720680236816,
      "asr": 0.11312151700258255,
      "per": 0.050603412091732025,
      "lambda_emo": 1.0,
      "lambda_asr": 0.0001,
      "lambda_per": 0.0
    },
    {
      "step": 18,
      "total": 3.054443881332129,
      "emo": 3.054433584213257,
      "asr": 0.10297118872404099,
      "per": 0.05103661119937897,
      "lambda_emo": 1.0,
      "lambda_asr": 0.0001,
      "lambda_per": 0.0
    },
    {
      "step": 19,
      "total": 3.852694945563376,
      "emo": 3.8526835441589355,
      "asr": 0.11401404440402985,
      "per": 0.054278548806905746,
      "lambda_emo": 1.0,
      "lambda_asr": 0.0001,
      "lambda_per": 0.0
    },
    {
      "step": 20,
      "total": 3.699060443970859,
      "emo": 3.696765899658203,
      "asr": 0.2294093370437622,
      "per": 0.04509422183036804,
      "lambda_emo": 1.0,
      "lambda_asr": 0.01,
      "lambda_per": 1e-05
    },
    {
      "step": 21,
      "total": 3.2403147486072035,
      "emo": 3.2392213344573975,
      "asr": 0.10929161310195923,
      "per": 0.04980187863111496,
      "lambda_emo": 1.0,
      "lambda_asr": 0.01,
      "lambda_per": 1e-05
    },
    {
      "step": 22,
      "total": 2.9198777153901756,
      "emo": 2.91864013671875,
      "asr": 0.12371879070997238,
      "per": 0.03907643258571625,
      "lambda_emo": 1.0,
      "lambda_asr": 0.01,
      "lambda_per": 1e-05
    },
    {
      "step": 23,
      "total": 3.0821251179089395,
      "emo": 3.0808238983154297,
      "asr": 0.13006797432899475,
      "per": 0.05398502200841904,