{
  "sample_id": "10577_0009_sad_0009_001354",
  "path": "/data1/lixiang/OpenS2S_dataset/ESD/CN/0009/Sad/0009_001354.wav",
  "speaker_id": "0009",
  "ground_truth_emotion": "sad",
  "target_emotion": "happy",
  "emo_text_clean": [
    "Sad",
    "Sad",
    "\u4f60\u542c\u8d77\u6765"
  ],
  "emo_text_adv": [
    "Happy",
    "Happy",
    "Happy"
  ],
  "emo_pred_clean": [
    "sad",
    "sad",
    ""
  ],
  "emo_pred_adv": [
    "happy",
    "happy",
    "happy"
  ],
  "asr_text_clean": "\u4f60\u542c\u8d77\u6765",
  "asr_text_adv": "\u540e\u5e2e\u4ece\u675c\u6208\u5170\u56de\u6765\u3002",
  "success_emo": true,
  "wer": 1.0,
  "semantic_sim": 0.2739154100418091,
  "semantic_preserved": false,
  "delta_linf": 0.008000001311302185,
  "delta_l2": 0.9486824870109558,
  "snr_db": 9.371905357593025,
  "grad_norm_trace": [
    390.4270935058594,
    244.42759704589844,
    114.78865051269531,
    69.22856903076172,
    234.26185607910156,
    58.60671615600586,
    38.23542785644531,
    54.36668395996094,
    34.391822814941406,
    67.55044555664062,
    105.1587142944336,
    88.36286163330078,
    44.42945098876953,
    43.014564514160156,
    125.16773986816406,
    36.076324462890625,
    152.23573303222656,
    36.402931213378906,
    81.4037094116211,
    86.1854019165039,
    47.754302978515625,
    31.263843536376953,
    27.51487159729004,
    75.65019226074219,
    24.361797332763672,
    32.03963088989258,
    116.5428466796875,
    43.10863494873047,
    66.10025787353516,
    37.2840690612793,
    289.9028625488281,
    166.0772705078125,
    68.42475128173828,
    32.62759017944336,
    70.6223373413086,
    53.684120178222656,
    46.290565490722656,
    83.34542846679688,
    63.72938919067383,
    86.00049591064453,
    51.48302459716797,
    120.2763442993164,
    80.1776351928711,
    122.94964599609375,
    70.63055419921875,
    64.1279525756836,
    49.10491943359375,
    47.435543060302734,
    69.92816162109375,
    64.35431671142578,
    50.27751159667969,
    31.930871963500977,
    29.437028884887695,
    32.94374465942383,
    28.154705047607422,
    49.62047576904297,
    81.23138427734375,
    27.20545768737793,
    26.226749420166016,
    35.167030334472656
  ],
  "loss_trace": [
    {
      "step": 0,
      "total": 12.427053006780147,
      "emo": 12.426963806152344,
      "asr": 0.8920062780380249,
      "per": 0.0,
      "lambda_emo": 1.0,
      "lambda_asr": 0.0001,
      "lambda_per": 0.0
    },
    {
      "step": 1,
      "total": 5.995815269422531,
      "emo": 5.995272636413574,
      "asr": 5.426330089569092,
      "per": 0.032529398798942566,
      "lambda_emo": 1.0,
      "lambda_asr": 0.0001,
      "lambda_per": 0.0
    },
    {
      "step": 2,
      "total": 4.03856620182991,
      "emo": 4.038084506988525,
      "asr": 4.816948413848877,
      "per": 0.032147087156772614,
      "lambda_emo": 1.0,
      "lambda_asr": 0.0001,
      "lambda_per": 0.0
    },
    {
      "step": 3,
      "total": 3.711403982257843,
      "emo": 3.7108638286590576,
      "asr": 5.401535987854004,
      "per": 0.03851182386279106,
      "lambda_emo": 1.0,
      "lambda_asr": 0.0001,
      "lambda_per": 0.0
    },
    {
      "step": 4,
      "total": 3.7085054545402527,
      "emo": 3.7081170082092285,
      "asr": 3.884463310241699,
      "per": 0.032837606966495514,
      "lambda_emo": 1.0,
      "lambda_asr": 0.0001,
      "lambda_per": 0.0
    },
    {
      "step": 5,
      "total": 3.8114892736434935,
      "emo": 3.8109850883483887,
      "asr": 5.041852951049805,
      "per": 0.046722885221242905,
      "lambda_emo": 1.0,
      "lambda_asr": 0.0001,
      "lambda_per": 0.0
    },
    {
      "step": 6,
      "total": 3.4292988034248353,
      "emo": 3.428739070892334,
      "asr": 5.597325325012207,
      "per": 0.040271103382110596,
      "lambda_emo": 1.0,
      "lambda_asr": 0.0001,
      "lambda_per": 0.0
    },
    {
      "step": 7,
      "total": 2.872728251361847,
      "emo": 2.872215986251831,
      "asr": 5.122651100158691,
      "per": 0.047980498522520065,
      "lambda_emo": 1.0,
      "lambda_asr": 0.0001,
      "lambda_per": 0.0
    },
    {
      "step": 8,
      "total": 3.2333421189308167,
      "emo": 3.2327942848205566,
      "asr": 5.478341102600098,
      "per": 0.04356449469923973,
      "lambda_emo": 1.0,
      "lambda_asr": 0.0001,
      "lambda_per": 0.0
    },
    {
      "step": 9,
      "total": 2.822547692489624,
      "emo": 2.821953773498535,
      "asr": 5.939189910888672,
      "per": 0.038364991545677185,
      "lambda_emo": 1.0,
      "lambda_asr": 0.0001,
      "lambda_per": 0.0
    },
    {
      "step": 10,
      "total": 3.3540807627677918,
      "emo": 3.353447675704956,
      "asr": 6.330870628356934,
      "per": 0.03995862230658531,
      "lambda_emo": 1.0,
      "lambda_asr": 0.0001,
      "lambda_per": 0.0
    },
    {
      "step": 11,
      "total": 3.3833480004310608,
      "emo": 3.3828866481781006,
      "asr": 4.613522529602051,
      "per": 0.04682144150137901,
      "lambda_emo": 1.0,
      "lambda_asr": 0.0001,
      "lambda_per": 0.0
    },
    {
      "step": 12,
      "total": 3.207704579305649,
      "emo": 3.2071852684020996,
      "asr": 5.193109035491943,
      "per": 0.051423124969005585,
      "lambda_emo": 1.0,
      "lambda_asr": 0.0001,
      "lambda_per": 0.0
    },
    {
      "step": 13,
      "total": 3.061967039966583,
      "emo": 3.061387538909912,
      "asr": 5.795010566711426,
      "per": 0.05551427602767944,
      "lambda_emo": 1.0,
      "lambda_asr": 0.0001,
      "lambda_per": 0.0
    },
    {
      "step": 14,
      "total": 2.4932939082145693,
      "emo": 2.4927711486816406,
      "asr": 5.227595329284668,
      "per": 0.04737994074821472,
      "lambda_emo": 1.0,
      "lambda_asr": 0.0001,
      "lambda_per": 0.0
    },
    {
      "step": 15,
      "total": 2.4969475259780882,
      "emo": 2.4964118003845215,
      "asr": 5.357255935668945,
      "per": 0.03948501870036125,
      "lambda_emo": 1.0,
      "lambda_asr": 0.0001,
      "lambda_per": 0.0
    },
    {
      "step": 16,
      "total": 2.4204719473838807,
      "emo": 2.419917345046997,
      "asr": 5.546023368835449,
      "per": 0.04954545944929123,
      "lambda_emo": 1.0,
      "lambda_asr": 0.0001,
      "lambda_per": 0.0
    },
    {
      "step": 17,
      "total": 2.2726015138626097,
      "emo": 2.2720375061035156,
      "asr": 5.640077590942383,
      "per": 0.045643966645002365,
      "lambda_emo": 1.0,
      "lambda_asr": 0.0001,
      "lambda_per": 0.0
    },
    {
      "step": 18,
      "total": 2.3823800639152526,
      "emo": 2.3818187713623047,
      "asr": 5.6129255294799805,
      "per": 0.04555530473589897,
      "lambda_emo": 1.0,
      "lambda_asr": 0.0001,
      "lambda_per": 0.0
    },
    {
      "step": 19,
      "total": 2.6528169951438905,
      "emo": 2.6522886753082275,
      "asr": 5.283198356628418,
      "per": 0.0473780632019043,
      "lambda_emo": 1.0,
      "lambda_asr": 0.0001,
      "lambda_per": 0.0
    },
    {
      "step": 20,
      "total": 2.69156237373542,
      "emo": 2.643152952194214,
      "asr": 4.840892791748047,
      "per": 0.04936237260699272,
      "lambda_emo": 1.0,
      "lambda_asr": 0.01,
      "lambda_per": 1e-05
    },
    {
      "step": 21,
      "total": 2.5526304357065257,
      "emo": 2.494413137435913,
      "asr": 5.821687698364258,
      "per": 0.04212869703769684,
      "lambda_emo": 1.0,
      "lambda_asr": 0.01,
      "lambda_per": 1e-05
    },
    {
      "step": 22,
      "total": 2.3621259701519457,
      "emo": 2.307384490966797,
      "asr": 5.474091529846191,
      "per": 0.05638866871595383,
      "lambda_emo": 1.0,
      "lambda_asr": 0.01,
      "lambda_per": 1e-05
    },
    {
      "step": 23,
      "total": 2.530726595504433,
      "emo": 2.4825081825256348,
      "asr": 4.821793556213379,
      "per": 0.047741666436195374,
      "lambda_emo": 1.0,
      "lambda_asr": 0.01,