{
  "sample_id": "10584_0009_sad_0009_001096",
  "path": "/data1/lixiang/OpenS2S_dataset/ESD/CN/0009/Sad/0009_001096.wav",
  "speaker_id": "0009",
  "ground_truth_emotion": "sad",
  "target_emotion": "happy",
  "emo_text_clean": [
    "Sad",
    "Sad",
    "\u597d\u7684\uff0c\u8f6e\u6d41"
  ],
  "emo_text_adv": [
    "Happy",
    "happy",
    "Happy"
  ],
  "emo_pred_clean": [
    "sad",
    "sad",
    ""
  ],
  "emo_pred_adv": [
    "happy",
    "happy",
    "happy"
  ],
  "asr_text_clean": "\u597d\u7684\uff0c\u8f6e\u6d41",
  "asr_text_adv": "\u6211\u4eec\u670b\u53cb\u8f6e\u6d41",
  "success_emo": true,
  "wer": 1.0,
  "semantic_sim": 0.6401800513267517,
  "semantic_preserved": false,
  "delta_linf": 0.008000001311302185,
  "delta_l2": 1.049268364906311,
  "snr_db": 5.952853722318739,
  "grad_norm_trace": [
    1857.757568359375,
    100.85181427001953,
    166.3798065185547,
    163.83177185058594,
    253.0651092529297,
    235.2024383544922,
    113.68343353271484,
    65.59262084960938,
    158.10134887695312,
    267.31097412109375,
    111.76708984375,
    225.81312561035156,
    82.36400604248047,
    63.16312026977539,
    36.79380416870117,
    57.221153259277344,
    75.35609436035156,
    34.505218505859375,
    20.72783660888672,
    35.78662872314453,
    28.936981201171875,
    97.34564971923828,
    52.05483627319336,
    90.58818054199219,
    51.91546630859375,
    61.5719108581543,
    183.5858154296875,
    62.95854568481445,
    59.640411376953125,
    494.5645446777344,
    213.13681030273438,
    437.1156005859375,
    99.34349060058594,
    64.98009490966797,
    115.76038360595703,
    93.20604705810547,
    62.58474349975586,
    144.5047607421875,
    114.12644958496094,
    24.8057918548584,
    116.28531646728516,
    53.49507141113281,
    61.723785400390625,
    54.093109130859375,
    39.370906829833984,
    76.49091339111328,
    15.020524978637695,
    43.468971252441406,
    87.25299072265625,
    41.54159927368164,
    24.920469284057617,
    36.54056930541992,
    30.89739990234375,
    30.675565719604492,
    14.646647453308105,
    26.008817672729492,
    21.596572875976562,
    26.421218872070312,
    25.667287826538086,
    27.912525177001953
  ],
  "loss_trace": [
    {
      "step": 0,
      "total": 10.517882151952385,
      "emo": 10.51785659790039,
      "asr": 0.25554051995277405,
      "per": 0.0,
      "lambda_emo": 1.0,
      "lambda_asr": 0.0001,
      "lambda_per": 0.0
    },
    {
      "step": 1,
      "total": 7.133799931883812,
      "emo": 7.133592128753662,
      "asr": 2.078031301498413,
      "per": 0.0718105137348175,
      "lambda_emo": 1.0,
      "lambda_asr": 0.0001,
      "lambda_per": 0.0
    },
    {
      "step": 2,
      "total": 5.2023699327230455,
      "emo": 5.2021403312683105,
      "asr": 2.2960145473480225,
      "per": 0.06116528809070587,
      "lambda_emo": 1.0,
      "lambda_asr": 0.0001,
      "lambda_per": 0.0
    },
    {
      "step": 3,
      "total": 5.399863041055203,
      "emo": 5.399745464324951,
      "asr": 1.1757673025131226,
      "per": 0.06945758312940598,
      "lambda_emo": 1.0,
      "lambda_asr": 0.0001,
      "lambda_per": 0.0
    },
    {
      "step": 4,
      "total": 3.573017101407051,
      "emo": 3.5726335048675537,
      "asr": 3.835965394973755,
      "per": 0.061586521565914154,
      "lambda_emo": 1.0,
      "lambda_asr": 0.0001,
      "lambda_per": 0.0
    },
    {
      "step": 5,
      "total": 5.78399786926508,
      "emo": 5.783884048461914,
      "asr": 1.138208031654358,
      "per": 0.06563135981559753,
      "lambda_emo": 1.0,
      "lambda_asr": 0.0001,
      "lambda_per": 0.0
    },
    {
      "step": 6,
      "total": 5.232880602645874,
      "emo": 5.232637405395508,
      "asr": 2.4319725036621094,
      "per": 0.06929602473974228,
      "lambda_emo": 1.0,
      "lambda_asr": 0.0001,
      "lambda_per": 0.0
    },
    {
      "step": 7,
      "total": 5.180733445954322,
      "emo": 5.180518627166748,
      "asr": 2.1481878757476807,
      "per": 0.05278728902339935,
      "lambda_emo": 1.0,
      "lambda_asr": 0.0001,
      "lambda_per": 0.0
    },
    {
      "step": 8,
      "total": 4.791312146162987,
      "emo": 4.791057109832764,
      "asr": 2.550363302230835,
      "per": 0.05694585293531418,
      "lambda_emo": 1.0,
      "lambda_asr": 0.0001,
      "lambda_per": 0.0
    },
    {
      "step": 9,
      "total": 4.663908413982392,
      "emo": 4.663663864135742,
      "asr": 2.445498466491699,
      "per": 0.05287092179059982,
      "lambda_emo": 1.0,
      "lambda_asr": 0.0001,
      "lambda_per": 0.0
    },
    {
      "step": 10,
      "total": 3.813080064845085,
      "emo": 3.812772750854492,
      "asr": 3.0731399059295654,
      "per": 0.060699399560689926,
      "lambda_emo": 1.0,
      "lambda_asr": 0.0001,
      "lambda_per": 0.0
    },
    {
      "step": 11,
      "total": 3.75160675907135,
      "emo": 3.7514426708221436,
      "asr": 1.6408824920654297,
      "per": 0.047863177955150604,
      "lambda_emo": 1.0,
      "lambda_asr": 0.0001,
      "lambda_per": 0.0
    },
    {
      "step": 12,
      "total": 2.9339423533439635,
      "emo": 2.933565855026245,
      "asr": 3.7649831771850586,
      "per": 0.05206669494509697,
      "lambda_emo": 1.0,
      "lambda_asr": 0.0001,
      "lambda_per": 0.0
    },
    {
      "step": 13,
      "total": 2.2801627969264984,
      "emo": 2.2796826362609863,
      "asr": 4.80160665512085,
      "per": 0.061540983617305756,
      "lambda_emo": 1.0,
      "lambda_asr": 0.0001,
      "lambda_per": 0.0
    },
    {
      "step": 14,
      "total": 2.17038513379097,
      "emo": 2.169908285140991,
      "asr": 4.768486499786377,
      "per": 0.04724488407373428,
      "lambda_emo": 1.0,
      "lambda_asr": 0.0001,
      "lambda_per": 0.0
    },
    {
      "step": 15,
      "total": 2.1270798199653624,
      "emo": 2.126788377761841,
      "asr": 2.914422035217285,
      "per": 0.06016465276479721,
      "lambda_emo": 1.0,
      "lambda_asr": 0.0001,
      "lambda_per": 0.0
    },
    {
      "step": 16,
      "total": 2.01768435549736,
      "emo": 2.017179489135742,
      "asr": 5.04866361618042,
      "per": 0.06156550347805023,
      "lambda_emo": 1.0,
      "lambda_asr": 0.0001,
      "lambda_per": 0.0
    },
    {
      "step": 17,
      "total": 1.885564191198349,
      "emo": 1.885101079940796,
      "asr": 4.631112575531006,
      "per": 0.055472321808338165,
      "lambda_emo": 1.0,
      "lambda_asr": 0.0001,
      "lambda_per": 0.0
    },
    {
      "step": 18,
      "total": 1.9080905980587006,
      "emo": 1.9076220989227295,
      "asr": 4.684991359710693,
      "per": 0.05759222432971001,
      "lambda_emo": 1.0,
      "lambda_asr": 0.0001,
      "lambda_per": 0.0
    },
    {
      "step": 19,
      "total": 1.6329094141483307,
      "emo": 1.632447600364685,
      "asr": 4.618137836456299,
      "per": 0.05957292765378952,
      "lambda_emo": 1.0,
      "lambda_asr": 0.0001,
      "lambda_per": 0.0
    },
    {
      "step": 20,
      "total": 1.7614005614408852,
      "emo": 1.7071444988250732,
      "asr": 5.425547122955322,
      "per": 0.05913862586021423,
      "lambda_emo": 1.0,
      "lambda_asr": 0.01,
      "lambda_per": 1e-05
    },
    {
      "step": 21,
      "total": 2.354270059176795,
      "emo": 2.300722122192383,
      "asr": 5.354750156402588,
      "per": 0.0435420386493206,
      "lambda_emo": 1.0,
      "lambda_asr": 0.01,
      "lambda_per": 1e-05
    },
    {
      "step": 22,
      "total": 2.094455413830802,
      "emo": 2.0346550941467285,
      "asr": 5.979986190795898,
      "per": 0.045777611434459686,
      "lambda_emo": 1.0,
      "lambda_asr": 0.01,
      "lambda_per": 1e-05
    },
    {
      "step": 23,
      "total": 1.863111290271841,
      "emo": 1.834364891052246,
      "asr": 2.8745832443237305,
      "per": 0.05667763575911522,
      "lambda_emo": 1.0,
      "lambda_asr": 0.01,