{
  "sample_id": "10597_0009_sad_0009_001263",
  "path": "/data1/lixiang/OpenS2S_dataset/ESD/CN/0009/Sad/0009_001263.wav",
  "speaker_id": "0009",
  "ground_truth_emotion": "sad",
  "target_emotion": "happy",
  "emo_text_clean": [
    "Sad",
    "Sad",
    "\u88c1\u5224\u5168\u7ed9\u4e86\u6ee1\u5206"
  ],
  "emo_text_adv": [
    "happy",
    "happy",
    "happy"
  ],
  "emo_pred_clean": [
    "sad",
    "sad",
    ""
  ],
  "emo_pred_adv": [
    "happy",
    "happy",
    "happy"
  ],
  "asr_text_clean": "\u88c1\u5224\u5168\u7ed9\u4e86\u6ee1\u5206",
  "asr_text_adv": "\u6d77\u6ee9",
  "success_emo": true,
  "wer": 1.0,
  "semantic_sim": 0.17166058719158173,
  "semantic_preserved": false,
  "delta_linf": 0.008000001311302185,
  "delta_l2": 0.9627537727355957,
  "snr_db": 9.39284639555789,
  "grad_norm_trace": [
    786.509765625,
    509.8287353515625,
    160.51942443847656,
    163.8079833984375,
    150.45416259765625,
    74.5608139038086,
    82.88572692871094,
    36.06795120239258,
    139.9674530029297,
    83.73017120361328,
    62.85120391845703,
    87.10057067871094,
    43.351661682128906,
    28.711519241333008,
    33.40248107910156,
    52.22494888305664,
    40.09242630004883,
    20.31728172302246,
    33.5329475402832,
    19.492023468017578,
    21.83453941345215,
    15.857738494873047,
    19.267711639404297,
    44.00209045410156,
    16.146100997924805,
    10.973225593566895,
    10.135075569152832,
    18.248506546020508,
    53.91360855102539,
    27.23350715637207,
    24.7816162109375,
    19.654144287109375,
    14.548365592956543,
    9.778629302978516,
    16.431705474853516,
    22.36566162109375,
    8.57736873626709,
    10.010980606079102,
    13.179476737976074,
    22.987245559692383,
    12.32300090789795,
    17.839797973632812,
    14.13889217376709,
    14.896081924438477,
    9.715035438537598,
    11.790574073791504,
    13.735976219177246,
    26.696434020996094,
    75.40821838378906,
    56.72745132446289,
    38.165184020996094,
    17.479991912841797,
    14.856170654296875,
    14.447757720947266,
    18.161582946777344,
    18.000160217285156,
    90.67585754394531,
    19.899093627929688,
    17.835878372192383,
    38.62509536743164
  ],
  "loss_trace": [
    {
      "step": 0,
      "total": 8.164769172712415,
      "emo": 8.164758682250977,
      "asr": 0.10490461438894272,
      "per": 0.0,
      "lambda_emo": 1.0,
      "lambda_asr": 0.0001,
      "lambda_per": 0.0
    },
    {
      "step": 1,
      "total": 6.652744651271403,
      "emo": 6.652731895446777,
      "asr": 0.12755824625492096,
      "per": 0.04301169142127037,
      "lambda_emo": 1.0,
      "lambda_asr": 0.0001,
      "lambda_per": 0.0
    },
    {
      "step": 2,
      "total": 4.344086753034592,
      "emo": 4.343664169311523,
      "asr": 4.225837230682373,
      "per": 0.0462210588157177,
      "lambda_emo": 1.0,
      "lambda_asr": 0.0001,
      "lambda_per": 0.0
    },
    {
      "step": 3,
      "total": 4.059235843420029,
      "emo": 4.058557510375977,
      "asr": 6.78333044052124,
      "per": 0.055583737790584564,
      "lambda_emo": 1.0,
      "lambda_asr": 0.0001,
      "lambda_per": 0.0
    },
    {
      "step": 4,
      "total": 3.402038389968872,
      "emo": 3.401479721069336,
      "asr": 5.586688995361328,
      "per": 0.041595228016376495,
      "lambda_emo": 1.0,
      "lambda_asr": 0.0001,
      "lambda_per": 0.0
    },
    {
      "step": 5,
      "total": 2.7025416484832765,
      "emo": 2.70173978805542,
      "asr": 8.018604278564453,
      "per": 0.05011657625436783,
      "lambda_emo": 1.0,
      "lambda_asr": 0.0001,
      "lambda_per": 0.0
    },
    {
      "step": 6,
      "total": 2.2990089093208312,
      "emo": 2.2980124950408936,
      "asr": 9.964142799377441,
      "per": 0.045795559883117676,
      "lambda_emo": 1.0,
      "lambda_asr": 0.0001,
      "lambda_per": 0.0
    },
    {
      "step": 7,
      "total": 1.961410914516449,
      "emo": 1.960479974746704,
      "asr": 9.30939769744873,
      "per": 0.056039683520793915,
      "lambda_emo": 1.0,
      "lambda_asr": 0.0001,
      "lambda_per": 0.0
    },
    {
      "step": 8,
      "total": 2.085093255519867,
      "emo": 2.0842928886413574,
      "asr": 8.003668785095215,
      "per": 0.04618331417441368,
      "lambda_emo": 1.0,
      "lambda_asr": 0.0001,
      "lambda_per": 0.0
    },
    {
      "step": 9,
      "total": 2.310958361053467,
      "emo": 2.309993267059326,
      "asr": 9.65093994140625,
      "per": 0.05601051077246666,
      "lambda_emo": 1.0,
      "lambda_asr": 0.0001,
      "lambda_per": 0.0
    },
    {
      "step": 10,
      "total": 2.097392583656311,
      "emo": 2.096579074859619,
      "asr": 8.135087966918945,
      "per": 0.04083734005689621,
      "lambda_emo": 1.0,
      "lambda_asr": 0.0001,
      "lambda_per": 0.0
    },
    {
      "step": 11,
      "total": 2.636169964170456,
      "emo": 2.6355414390563965,
      "asr": 6.285251140594482,
      "per": 0.04307420179247856,
      "lambda_emo": 1.0,
      "lambda_asr": 0.0001,
      "lambda_per": 0.0
    },
    {
      "step": 12,
      "total": 2.514794986629486,
      "emo": 2.5139856338500977,
      "asr": 8.093527793884277,
      "per": 0.05347101017832756,
      "lambda_emo": 1.0,
      "lambda_asr": 0.0001,
      "lambda_per": 0.0
    },
    {
      "step": 13,
      "total": 2.286085577583313,
      "emo": 2.285311222076416,
      "asr": 7.743555068969727,
      "per": 0.04906497523188591,
      "lambda_emo": 1.0,
      "lambda_asr": 0.0001,
      "lambda_per": 0.0
    },
    {
      "step": 14,
      "total": 1.8795248937606812,
      "emo": 1.8788007497787476,
      "asr": 7.2414398193359375,
      "per": 0.060633234679698944,
      "lambda_emo": 1.0,
      "lambda_asr": 0.0001,
      "lambda_per": 0.0
    },
    {
      "step": 15,
      "total": 1.4075223334312439,
      "emo": 1.406623363494873,
      "asr": 8.989699363708496,
      "per": 0.05218082293868065,
      "lambda_emo": 1.0,
      "lambda_asr": 0.0001,
      "lambda_per": 0.0
    },
    {
      "step": 16,
      "total": 1.2105935354232789,
      "emo": 1.209773063659668,
      "asr": 8.204717636108398,
      "per": 0.05838128924369812,
      "lambda_emo": 1.0,
      "lambda_asr": 0.0001,
      "lambda_per": 0.0
    },
    {
      "step": 17,
      "total": 1.1875760091781615,
      "emo": 1.1865739822387695,
      "asr": 10.020269393920898,
      "per": 0.045609500259160995,
      "lambda_emo": 1.0,
      "lambda_asr": 0.0001,
      "lambda_per": 0.0
    },
    {
      "step": 18,
      "total": 1.2758593483924865,
      "emo": 1.2749090194702148,
      "asr": 9.503289222717285,
      "per": 0.056725263595581055,
      "lambda_emo": 1.0,
      "lambda_asr": 0.0001,
      "lambda_per": 0.0
    },
    {
      "step": 19,
      "total": 1.1116539271354675,
      "emo": 1.1107639074325562,
      "asr": 8.90019702911377,
      "per": 0.04772113263607025,
      "lambda_emo": 1.0,
      "lambda_asr": 0.0001,
      "lambda_per": 0.0
    },
    {
      "step": 20,
      "total": 1.1753689046670124,
      "emo": 1.0861507654190063,
      "asr": 8.921758651733398,
      "per": 0.05527306720614433,
      "lambda_emo": 1.0,
      "lambda_asr": 0.01,
      "lambda_per": 1e-05
    },
    {
      "step": 21,
      "total": 1.0230892652831227,
      "emo": 0.9260725378990173,
      "asr": 9.701614379882812,
      "per": 0.05835852771997452,
      "lambda_emo": 1.0,
      "lambda_asr": 0.01,
      "lambda_per": 1e-05
    },
    {
      "step": 22,
      "total": 0.9219432149733603,
      "emo": 0.8287145495414734,
      "asr": 9.3228178024292,
      "per": 0.04874075949192047,
      "lambda_emo": 1.0,
      "lambda_asr": 0.01,
      "lambda_per": 1e-05
    },
    {
      "step": 23,
      "total": 1.108163869959414,
      "emo": 1.0201904773712158,
      "asr": 8.797289848327637,
      "per": 0.049410492181777954,
      "lambda_emo": 1.0,
      "lambda_asr": 0.01,