{
  "sample_id": "10614_0009_sad_0009_001380",
  "path": "/data1/lixiang/OpenS2S_dataset/ESD/CN/0009/Sad/0009_001380.wav",
  "speaker_id": "0009",
  "ground_truth_emotion": "sad",
  "target_emotion": "happy",
  "emo_text_clean": [
    "The emotion of this audio is sad.",
    "sad",
    "\u6211\u4eec\u76f8\u5904\u5f97\u5f88\u597d"
  ],
  "emo_text_adv": [
    "happy",
    "happy",
    "happy"
  ],
  "emo_pred_clean": [
    "sad",
    "sad",
    ""
  ],
  "emo_pred_adv": [
    "happy",
    "happy",
    "happy"
  ],
  "asr_text_clean": "\u6211\u4eec\u76f8\u5904\u5f97\u5f88\u597d",
  "asr_text_adv": "\u6211\u4eec\u76f8\u5904\u5f97\u5f88\u597d",
  "success_emo": true,
  "wer": 0.0,
  "semantic_sim": 1.0,
  "semantic_preserved": true,
  "delta_linf": 0.008000001311302185,
  "delta_l2": 1.1627293825149536,
  "snr_db": 9.747095866922203,
  "grad_norm_trace": [
    595.3087158203125,
    214.26910400390625,
    87.84022521972656,
    106.32453155517578,
    84.94993591308594,
    64.18917846679688,
    189.41290283203125,
    157.57667541503906,
    82.93074035644531,
    129.72381591796875,
    158.9693145751953,
    92.90533447265625,
    168.07205200195312,
    1462.113037109375,
    148.27203369140625,
    109.67182159423828,
    136.6954803466797,
    199.01991271972656,
    129.3640899658203,
    70.1302261352539,
    52.8050537109375,
    54.00680923461914,
    98.85143280029297,
    116.31316375732422,
    82.44766998291016,
    45.28025436401367,
    32.475215911865234,
    35.530296325683594,
    95.04972076416016,
    56.087928771972656,
    76.4273452758789,
    78.695556640625,
    452.6951904296875,
    150.7793426513672,
    75.7785415649414,
    72.08781433105469,
    199.4097900390625,
    108.123779296875,
    143.2200927734375,
    55.53328323364258,
    73.90979766845703,
    102.80388641357422,
    477.63629150390625,
    140.63511657714844,
    182.74652099609375,
    118.00350952148438,
    115.43445587158203,
    82.7330551147461,
    107.58340454101562,
    39.72922897338867,
    53.53675842285156,
    28.181114196777344,
    166.88177490234375,
    52.22935104370117,
    41.58015441894531,
    30.309648513793945,
    37.860504150390625,
    50.79021453857422,
    36.81032180786133,
    122.89460754394531
  ],
  "loss_trace": [
    {
      "step": 0,
      "total": 7.283215529175103,
      "emo": 7.283207893371582,
      "asr": 0.07635803520679474,
      "per": 0.0,
      "lambda_emo": 1.0,
      "lambda_asr": 0.0001,
      "lambda_per": 0.0
    },
    {
      "step": 1,
      "total": 3.5378720888361337,
      "emo": 3.537856101989746,
      "asr": 0.15986846387386322,
      "per": 0.025496577844023705,
      "lambda_emo": 1.0,
      "lambda_asr": 0.0001,
      "lambda_per": 0.0
    },
    {
      "step": 2,
      "total": 3.1590534471318126,
      "emo": 3.159031629562378,
      "asr": 0.21817569434642792,
      "per": 0.03131619095802307,
      "lambda_emo": 1.0,
      "lambda_asr": 0.0001,
      "lambda_per": 0.0
    },
    {
      "step": 3,
      "total": 3.0822665988996625,
      "emo": 3.082253932952881,
      "asr": 0.12665946781635284,
      "per": 0.03219039365649223,
      "lambda_emo": 1.0,
      "lambda_asr": 0.0001,
      "lambda_per": 0.0
    },
    {
      "step": 4,
      "total": 3.3655645804569123,
      "emo": 3.3655450344085693,
      "asr": 0.1954604834318161,
      "per": 0.03699379786849022,
      "lambda_emo": 1.0,
      "lambda_asr": 0.0001,
      "lambda_per": 0.0
    },
    {
      "step": 5,
      "total": 3.0441054767251017,
      "emo": 3.044071674346924,
      "asr": 0.3380237817764282,
      "per": 0.03511754795908928,
      "lambda_emo": 1.0,
      "lambda_asr": 0.0001,
      "lambda_per": 0.0
    },
    {
      "step": 6,
      "total": 2.4810382123708723,
      "emo": 2.4810166358947754,
      "asr": 0.21576476097106934,
      "per": 0.03885222226381302,
      "lambda_emo": 1.0,
      "lambda_asr": 0.0001,
      "lambda_per": 0.0
    },
    {
      "step": 7,
      "total": 2.514539906229079,
      "emo": 2.5145263671875,
      "asr": 0.13539041578769684,
      "per": 0.04881478101015091,
      "lambda_emo": 1.0,
      "lambda_asr": 0.0001,
      "lambda_per": 0.0
    },
    {
      "step": 8,
      "total": 1.9935203332722187,
      "emo": 1.9934909343719482,
      "asr": 0.29398900270462036,
      "per": 0.037255920469760895,
      "lambda_emo": 1.0,
      "lambda_asr": 0.0001,
      "lambda_per": 0.0
    },
    {
      "step": 9,
      "total": 2.153241519074142,
      "emo": 2.1532211303710938,
      "asr": 0.20388703048229218,
      "per": 0.04113926738500595,
      "lambda_emo": 1.0,
      "lambda_asr": 0.0001,
      "lambda_per": 0.0
    },
    {
      "step": 10,
      "total": 2.129726739411056,
      "emo": 2.1297061443328857,
      "asr": 0.2059507817029953,
      "per": 0.04330647736787796,
      "lambda_emo": 1.0,
      "lambda_asr": 0.0001,
      "lambda_per": 0.0
    },
    {
      "step": 11,
      "total": 2.525024879835546,
      "emo": 2.5250043869018555,
      "asr": 0.20492933690547943,
      "per": 0.03801393136382103,
      "lambda_emo": 1.0,
      "lambda_asr": 0.0001,
      "lambda_per": 0.0
    },
    {
      "step": 12,
      "total": 2.5118869152463974,
      "emo": 2.511876106262207,
      "asr": 0.10808984190225601,
      "per": 0.044799357652664185,
      "lambda_emo": 1.0,
      "lambda_asr": 0.0001,
      "lambda_per": 0.0
    },
    {
      "step": 13,
      "total": 2.380899624531716,
      "emo": 2.3808913230895996,
      "asr": 0.08301442116498947,
      "per": 0.04636429250240326,
      "lambda_emo": 1.0,
      "lambda_asr": 0.0001,
      "lambda_per": 0.0
    },
    {
      "step": 14,
      "total": 2.590115447074175,
      "emo": 2.590092658996582,
      "asr": 0.22788077592849731,
      "per": 0.05495151877403259,
      "lambda_emo": 1.0,
      "lambda_asr": 0.0001,
      "lambda_per": 0.0
    },
    {
      "step": 15,
      "total": 2.6278202263772488,
      "emo": 2.6277942657470703,
      "asr": 0.2596063017845154,
      "per": 0.0436587892472744,
      "lambda_emo": 1.0,
      "lambda_asr": 0.0001,
      "lambda_per": 0.0
    },
    {
      "step": 16,
      "total": 2.283760334710777,
      "emo": 2.2837414741516113,
      "asr": 0.18860559165477753,
      "per": 0.0491039976477623,
      "lambda_emo": 1.0,
      "lambda_asr": 0.0001,
      "lambda_per": 0.0
    },
    {
      "step": 17,
      "total": 3.165974475646019,
      "emo": 3.165740489959717,
      "asr": 2.3398568630218506,
      "per": 0.05260028690099716,
      "lambda_emo": 1.0,
      "lambda_asr": 0.0001,
      "lambda_per": 0.0
    },
    {
      "step": 18,
      "total": 2.336823540839553,
      "emo": 2.336775302886963,
      "asr": 0.4823795258998871,
      "per": 0.05989295244216919,
      "lambda_emo": 1.0,
      "lambda_asr": 0.0001,
      "lambda_per": 0.0
    },
    {
      "step": 19,
      "total": 2.3739111986160277,
      "emo": 2.373833179473877,
      "asr": 0.7801914215087891,
      "per": 0.0525750070810318,
      "lambda_emo": 1.0,
      "lambda_asr": 0.0001,
      "lambda_per": 0.0
    },
    {
      "step": 20,
      "total": 2.1207464391257984,
      "emo": 2.112776756286621,
      "asr": 0.7969077229499817,
      "per": 0.06056096777319908,
      "lambda_emo": 1.0,
      "lambda_asr": 0.01,
      "lambda_per": 1e-05
    },
    {
      "step": 21,
      "total": 1.9973525031892956,
      "emo": 1.989119529724121,
      "asr": 0.8232396245002747,
      "per": 0.05772201716899872,
      "lambda_emo": 1.0,
      "lambda_asr": 0.01,
      "lambda_per": 1e-05
    },
    {
      "step": 22,
      "total": 1.6962032194199785,
      "emo": 1.6934303045272827,
      "asr": 0.2772371470928192,
      "per": 0.054342176765203476,
      "lambda_emo": 1.0,
      "lambda_asr": 0.01,
      "lambda_per": 1e-05
    },
    {
      "step": 23,
      "total": 1.6764886127205938,
      "emo": 1.6749212741851807,
      "asr": 0.15667971968650818,
      "per": 0.05413385480642319,