{
  "sample_id": "10612_0009_sad_0009_001356",
  "path": "/data1/lixiang/OpenS2S_dataset/ESD/CN/0009/Sad/0009_001356.wav",
  "speaker_id": "0009",
  "ground_truth_emotion": "sad",
  "target_emotion": "happy",
  "emo_text_clean": [
    "Sad",
    "Sad",
    "\u4f60\u542c\u8d77\u6765"
  ],
  "emo_text_adv": [
    "happy",
    "happy",
    "happy"
  ],
  "emo_pred_clean": [
    "sad",
    "sad",
    ""
  ],
  "emo_pred_adv": [
    "happy",
    "happy",
    "happy"
  ],
  "asr_text_clean": "\u6211\u5728\u4e00\u4e2a\u673a\u68b0\u5316",
  "asr_text_adv": "\u8df3\u5728\u4e00\u5ea7\u673a\u68b0\u5316",
  "success_emo": true,
  "wer": 1.0,
  "semantic_sim": 0.6735819578170776,
  "semantic_preserved": false,
  "delta_linf": 0.008000001311302185,
  "delta_l2": 1.300297737121582,
  "snr_db": 8.428150905271949,
  "grad_norm_trace": [
    2545.00439453125,
    172.54689025878906,
    79.70490264892578,
    118.91847229003906,
    70.95903015136719,
    95.30404663085938,
    144.50889587402344,
    253.19131469726562,
    51.49546813964844,
    57.8346061706543,
    116.02922058105469,
    107.56637573242188,
    115.39453125,
    81.94762420654297,
    341.780029296875,
    126.42816925048828,
    78.79340362548828,
    208.07833862304688,
    398.3927917480469,
    93.2226791381836,
    73.77578735351562,
    185.34722900390625,
    173.73312377929688,
    96.76382446289062,
    95.69522857666016,
    82.0584945678711,
    69.1746597290039,
    114.7987060546875,
    120.76722717285156,
    59.95693588256836,
    111.89852905273438,
    149.22088623046875,
    65.76924133300781,
    84.98225402832031,
    96.38883209228516,
    94.09880065917969,
    136.69180297851562,
    67.7103271484375,
    49.111270904541016,
    77.57100677490234,
    49.840171813964844,
    60.99301528930664,
    61.67161560058594,
    42.982513427734375,
    62.73504638671875,
    42.236534118652344,
    36.51803207397461,
    44.4085693359375,
    35.717655181884766,
    28.69470977783203,
    80.4078140258789,
    57.98386001586914,
    37.391632080078125,
    30.485301971435547,
    36.67967987060547,
    34.174869537353516,
    31.0897216796875,
    29.304845809936523,
    29.959190368652344,
    59.18644332885742
  ],
  "loss_trace": [
    {
      "step": 0,
      "total": 9.301732176622748,
      "emo": 9.301706314086914,
      "asr": 0.2586253583431244,
      "per": 0.0,
      "lambda_emo": 1.0,
      "lambda_asr": 0.0001,
      "lambda_per": 0.0
    },
    {
      "step": 1,
      "total": 5.133456188905239,
      "emo": 5.133337020874023,
      "asr": 1.1916803121566772,
      "per": 0.050879355520009995,
      "lambda_emo": 1.0,
      "lambda_asr": 0.0001,
      "lambda_per": 0.0
    },
    {
      "step": 2,
      "total": 4.098762639737129,
      "emo": 4.098538875579834,
      "asr": 2.2376415729522705,
      "per": 0.05088040232658386,
      "lambda_emo": 1.0,
      "lambda_asr": 0.0001,
      "lambda_per": 0.0
    },
    {
      "step": 3,
      "total": 3.820379218685627,
      "emo": 3.820270538330078,
      "asr": 1.0868035554885864,
      "per": 0.05042024701833725,
      "lambda_emo": 1.0,
      "lambda_asr": 0.0001,
      "lambda_per": 0.0
    },
    {
      "step": 4,
      "total": 3.5236055683255194,
      "emo": 3.5234687328338623,
      "asr": 1.3683549165725708,
      "per": 0.055348627269268036,
      "lambda_emo": 1.0,
      "lambda_asr": 0.0001,
      "lambda_per": 0.0
    },
    {
      "step": 5,
      "total": 3.777215762758255,
      "emo": 3.777052640914917,
      "asr": 1.631218433380127,
      "per": 0.05096491798758507,
      "lambda_emo": 1.0,
      "lambda_asr": 0.0001,
      "lambda_per": 0.0
    },
    {
      "step": 6,
      "total": 2.9363286050677297,
      "emo": 2.936206340789795,
      "asr": 1.2226427793502808,
      "per": 0.05556613206863403,
      "lambda_emo": 1.0,
      "lambda_asr": 0.0001,
      "lambda_per": 0.0
    },
    {
      "step": 7,
      "total": 2.38600628067255,
      "emo": 2.385849952697754,
      "asr": 1.5632797479629517,
      "per": 0.06646164506673813,
      "lambda_emo": 1.0,
      "lambda_asr": 0.0001,
      "lambda_per": 0.0
    },
    {
      "step": 8,
      "total": 4.053788331115245,
      "emo": 4.053622245788574,
      "asr": 1.6608532667160034,
      "per": 0.049077361822128296,
      "lambda_emo": 1.0,
      "lambda_asr": 0.0001,
      "lambda_per": 0.0
    },
    {
      "step": 9,
      "total": 3.7114961517214775,
      "emo": 3.711310863494873,
      "asr": 1.8528822660446167,
      "per": 0.05317550152540207,
      "lambda_emo": 1.0,
      "lambda_asr": 0.0001,
      "lambda_per": 0.0
    },
    {
      "step": 10,
      "total": 3.9161038189768793,
      "emo": 3.915940761566162,
      "asr": 1.630574107170105,
      "per": 0.05483841150999069,
      "lambda_emo": 1.0,
      "lambda_asr": 0.0001,
      "lambda_per": 0.0
    },
    {
      "step": 11,
      "total": 3.5428668275237083,
      "emo": 3.542677879333496,
      "asr": 1.8894819021224976,
      "per": 0.04736663028597832,
      "lambda_emo": 1.0,
      "lambda_asr": 0.0001,
      "lambda_per": 0.0
    },
    {
      "step": 12,
      "total": 3.5362544377684593,
      "emo": 3.536098003387451,
      "asr": 1.564343810081482,
      "per": 0.05533456429839134,
      "lambda_emo": 1.0,
      "lambda_asr": 0.0001,
      "lambda_per": 0.0
    },
    {
      "step": 13,
      "total": 2.9008630952835084,
      "emo": 2.900693416595459,
      "asr": 1.696786880493164,
      "per": 0.05613703653216362,
      "lambda_emo": 1.0,
      "lambda_asr": 0.0001,
      "lambda_per": 0.0
    },
    {
      "step": 14,
      "total": 4.283854133284092,
      "emo": 4.283673286437988,
      "asr": 1.8084684610366821,
      "per": 0.0582079254090786,
      "lambda_emo": 1.0,
      "lambda_asr": 0.0001,
      "lambda_per": 0.0
    },
    {
      "step": 15,
      "total": 4.525167803299427,
      "emo": 4.525020599365234,
      "asr": 1.4720393419265747,
      "per": 0.0476708859205246,
      "lambda_emo": 1.0,
      "lambda_asr": 0.0001,
      "lambda_per": 0.0
    },
    {
      "step": 16,
      "total": 3.0777703363537787,
      "emo": 3.0776028633117676,
      "asr": 1.6747304201126099,
      "per": 0.053517021238803864,
      "lambda_emo": 1.0,
      "lambda_asr": 0.0001,
      "lambda_per": 0.0
    },
    {
      "step": 17,
      "total": 3.3444156836032866,
      "emo": 3.3442816734313965,
      "asr": 1.340101718902588,
      "per": 0.05685571953654289,
      "lambda_emo": 1.0,
      "lambda_asr": 0.0001,
      "lambda_per": 0.0
    },
    {
      "step": 18,
      "total": 3.531246664237976,
      "emo": 3.531102180480957,
      "asr": 1.4448375701904297,
      "per": 0.06487566232681274,
      "lambda_emo": 1.0,
      "lambda_asr": 0.0001,
      "lambda_per": 0.0
    },
    {
      "step": 19,
      "total": 3.982442944252491,
      "emo": 3.9822945594787598,
      "asr": 1.483847737312317,
      "per": 0.0581037811934948,
      "lambda_emo": 1.0,
      "lambda_asr": 0.0001,
      "lambda_per": 0.0
    },
    {
      "step": 20,
      "total": 2.7899050082235037,
      "emo": 2.7771918773651123,
      "asr": 1.2712465524673462,
      "per": 0.06653337180614471,
      "lambda_emo": 1.0,
      "lambda_asr": 0.01,
      "lambda_per": 1e-05
    },
    {
      "step": 21,
      "total": 2.9024083598881214,
      "emo": 2.88710355758667,
      "asr": 1.5304169654846191,
      "per": 0.06326466053724289,
      "lambda_emo": 1.0,
      "lambda_asr": 0.01,
      "lambda_per": 1e-05
    },
    {
      "step": 22,
      "total": 2.9606283781155573,
      "emo": 2.9459056854248047,
      "asr": 1.4722095727920532,
      "per": 0.05969628319144249,
      "lambda_emo": 1.0,
      "lambda_asr": 0.01,
      "lambda_per": 1e-05
    },
    {
      "step": 23,
      "total": 3.4464203153032065,
      "emo": 3.428455352783203,
      "asr": 1.7964369058609009,
      "per": 0.059346139430999756,
      "lambda_emo": 1.0,
      "lambda_asr": 0.01,