{
  "sample_id": "10632_0009_sad_0009_001302",
  "path": "/data1/lixiang/OpenS2S_dataset/ESD/CN/0009/Sad/0009_001302.wav",
  "speaker_id": "0009",
  "ground_truth_emotion": "sad",
  "target_emotion": "happy",
  "emo_text_clean": [
    "Sad",
    "Sad",
    "\u542c\u8d77\u6765"
  ],
  "emo_text_adv": [
    "Neutral",
    "Surprise!",
    "Surprise!"
  ],
  "emo_pred_clean": [
    "sad",
    "sad",
    ""
  ],
  "emo_pred_adv": [
    "neutral",
    "surprise",
    "surprise"
  ],
  "asr_text_clean": "\u542c\u8d77\u6765",
  "asr_text_adv": "\u6211\u6d17\u8fc7\u6e38\u620f\u6ce5\u3002",
  "success_emo": false,
  "wer": 1.0,
  "semantic_sim": 0.25851547718048096,
  "semantic_preserved": false,
  "delta_linf": 0.008000001311302185,
  "delta_l2": 0.9639286994934082,
  "snr_db": 7.48307593027826,
  "grad_norm_trace": [
    1259.97802734375,
    183.58680725097656,
    134.74212646484375,
    125.85395050048828,
    124.56013488769531,
    57.589012145996094,
    191.49514770507812,
    63.328861236572266,
    76.77205657958984,
    189.44949340820312,
    201.6708984375,
    62.04465866088867,
    66.98969268798828,
    117.10520935058594,
    124.6327896118164,
    125.00899505615234,
    80.74545288085938,
    120.21723175048828,
    103.19048309326172,
    87.1566390991211,
    87.07549285888672,
    108.22041320800781,
    89.50642395019531,
    157.6666717529297,
    90.55923461914062,
    91.88243103027344,
    30.749794006347656,
    54.496360778808594,
    177.4736328125,
    226.51513671875,
    106.70683288574219,
    63.10163497924805,
    85.7002944946289,
    66.47132110595703,
    43.75364685058594,
    85.02791595458984,
    89.35809326171875,
    90.8203353881836,
    59.48350524902344,
    36.436683654785156,
    72.54670715332031,
    106.66021728515625,
    151.38343811035156,
    134.16116333007812,
    80.52333068847656,
    71.70738220214844,
    75.29109191894531,
    131.96530151367188,
    159.03346252441406,
    48.981170654296875,
    73.60538482666016,
    41.55826187133789,
    282.17779541015625,
    81.97160339355469,
    229.5763397216797,
    124.99827575683594,
    93.94357299804688,
    273.337158203125,
    112.76737213134766,
    203.6048126220703
  ],
  "loss_trace": [
    {
      "step": 0,
      "total": 10.782401849949359,
      "emo": 10.782281875610352,
      "asr": 1.199743390083313,
      "per": 0.0,
      "lambda_emo": 1.0,
      "lambda_asr": 0.0001,
      "lambda_per": 0.0
    },
    {
      "step": 1,
      "total": 5.498780419635772,
      "emo": 5.498193740844727,
      "asr": 5.866787910461426,
      "per": 0.05297253653407097,
      "lambda_emo": 1.0,
      "lambda_asr": 0.0001,
      "lambda_per": 0.0
    },
    {
      "step": 2,
      "total": 4.622596384334564,
      "emo": 4.6219916343688965,
      "asr": 6.047499656677246,
      "per": 0.04609611630439758,
      "lambda_emo": 1.0,
      "lambda_asr": 0.0001,
      "lambda_per": 0.0
    },
    {
      "step": 3,
      "total": 4.586504218959808,
      "emo": 4.585792064666748,
      "asr": 7.121542930603027,
      "per": 0.0548895001411438,
      "lambda_emo": 1.0,
      "lambda_asr": 0.0001,
      "lambda_per": 0.0
    },
    {
      "step": 4,
      "total": 4.862439586544037,
      "emo": 4.861841201782227,
      "asr": 5.983847618103027,
      "per": 0.06444595009088516,
      "lambda_emo": 1.0,
      "lambda_asr": 0.0001,
      "lambda_per": 0.0
    },
    {
      "step": 5,
      "total": 3.795665294122696,
      "emo": 3.7949767112731934,
      "asr": 6.885828495025635,
      "per": 0.06377634406089783,
      "lambda_emo": 1.0,
      "lambda_asr": 0.0001,
      "lambda_per": 0.0
    },
    {
      "step": 6,
      "total": 4.752372076702118,
      "emo": 4.751708030700684,
      "asr": 6.640460014343262,
      "per": 0.05014936253428459,
      "lambda_emo": 1.0,
      "lambda_asr": 0.0001,
      "lambda_per": 0.0
    },
    {
      "step": 7,
      "total": 4.134206657600402,
      "emo": 4.133518218994141,
      "asr": 6.88438606262207,
      "per": 0.062174320220947266,
      "lambda_emo": 1.0,
      "lambda_asr": 0.0001,
      "lambda_per": 0.0
    },
    {
      "step": 8,
      "total": 3.7508228879928587,
      "emo": 3.7501437664031982,
      "asr": 6.791215896606445,
      "per": 0.050135932862758636,
      "lambda_emo": 1.0,
      "lambda_asr": 0.0001,
      "lambda_per": 0.0
    },
    {
      "step": 9,
      "total": 4.335417757987976,
      "emo": 4.334677696228027,
      "asr": 7.400617599487305,
      "per": 0.05959795415401459,
      "lambda_emo": 1.0,
      "lambda_asr": 0.0001,
      "lambda_per": 0.0
    },
    {
      "step": 10,
      "total": 4.755229777145385,
      "emo": 4.75445556640625,
      "asr": 7.742107391357422,
      "per": 0.051393087953329086,
      "lambda_emo": 1.0,
      "lambda_asr": 0.0001,
      "lambda_per": 0.0
    },
    {
      "step": 11,
      "total": 5.450950403785706,
      "emo": 5.450095176696777,
      "asr": 8.552270889282227,
      "per": 0.05728378891944885,
      "lambda_emo": 1.0,
      "lambda_asr": 0.0001,
      "lambda_per": 0.0
    },
    {
      "step": 12,
      "total": 3.7996553084373472,
      "emo": 3.798844814300537,
      "asr": 8.104941368103027,
      "per": 0.04864501953125,
      "lambda_emo": 1.0,
      "lambda_asr": 0.0001,
      "lambda_per": 0.0
    },
    {
      "step": 13,
      "total": 4.747785022687912,
      "emo": 4.746995449066162,
      "asr": 7.895736217498779,
      "per": 0.04601738601922989,
      "lambda_emo": 1.0,
      "lambda_asr": 0.0001,
      "lambda_per": 0.0
    },
    {
      "step": 14,
      "total": 5.185147014284134,
      "emo": 5.184424877166748,
      "asr": 7.221371173858643,
      "per": 0.06425070017576218,
      "lambda_emo": 1.0,
      "lambda_asr": 0.0001,
      "lambda_per": 0.0
    },
    {
      "step": 15,
      "total": 5.639975572395325,
      "emo": 5.639272212982178,
      "asr": 7.033594131469727,
      "per": 0.054497577250003815,
      "lambda_emo": 1.0,
      "lambda_asr": 0.0001,
      "lambda_per": 0.0
    },
    {
      "step": 16,
      "total": 4.7659032957077025,
      "emo": 4.765232086181641,
      "asr": 6.712095260620117,
      "per": 0.054714739322662354,
      "lambda_emo": 1.0,
      "lambda_asr": 0.0001,
      "lambda_per": 0.0
    },
    {
      "step": 17,
      "total": 4.496723254537582,
      "emo": 4.496043682098389,
      "asr": 6.795724391937256,
      "per": 0.05510571599006653,
      "lambda_emo": 1.0,
      "lambda_asr": 0.0001,
      "lambda_per": 0.0
    },
    {
      "step": 18,
      "total": 4.974232142686843,
      "emo": 4.973466873168945,
      "asr": 7.652695178985596,
      "per": 0.0496559664607048,
      "lambda_emo": 1.0,
      "lambda_asr": 0.0001,
      "lambda_per": 0.0
    },
    {
      "step": 19,
      "total": 4.424056741046906,
      "emo": 4.423356533050537,
      "asr": 7.002079963684082,
      "per": 0.06290934979915619,
      "lambda_emo": 1.0,
      "lambda_asr": 0.0001,
      "lambda_per": 0.0
    },
    {
      "step": 20,
      "total": 4.222636214002073,
      "emo": 4.144773006439209,
      "asr": 7.786257266998291,
      "per": 0.06348928809165955,
      "lambda_emo": 1.0,
      "lambda_asr": 0.01,
      "lambda_per": 1e-05
    },
    {
      "step": 21,
      "total": 3.9053772717513144,
      "emo": 3.8266780376434326,
      "asr": 7.869877338409424,
      "per": 0.046072378754615784,
      "lambda_emo": 1.0,
      "lambda_asr": 0.01,
      "lambda_per": 1e-05
    },
    {
      "step": 22,
      "total": 3.3556060647383332,
      "emo": 3.2697248458862305,
      "asr": 8.588057518005371,
      "per": 0.06436720490455627,
      "lambda_emo": 1.0,
      "lambda_asr": 0.01,
      "lambda_per": 1e-05
    },
    {
      "step": 23,
      "total": 4.13790398661118,
      "emo": 4.065958023071289,
      "asr": 7.194543361663818,
      "per": 0.0529923252761364,
      "lambda_emo": 1.0,
      "lambda_asr": 0.01,