{
  "sample_id": "10657_0009_sad_0009_001062",
  "path": "/data1/lixiang/OpenS2S_dataset/ESD/CN/0009/Sad/0009_001062.wav",
  "speaker_id": "0009",
  "ground_truth_emotion": "sad",
  "target_emotion": "happy",
  "emo_text_clean": [
    "Sad",
    "Sad",
    "\u542c\u8d77\u6765"
  ],
  "emo_text_adv": [
    "Happy",
    "happy",
    "happy"
  ],
  "emo_pred_clean": [
    "sad",
    "sad",
    ""
  ],
  "emo_pred_adv": [
    "happy",
    "happy",
    "happy"
  ],
  "asr_text_clean": "\u6211\u660e\u767d\u4f60\u73b0\u5728",
  "asr_text_adv": "\u6bcf\u6b21\u8c08\u604b\u7231",
  "success_emo": true,
  "wer": 1.0,
  "semantic_sim": 0.2771037817001343,
  "semantic_preserved": false,
  "delta_linf": 0.008000001311302185,
  "delta_l2": 1.1537423133850098,
  "snr_db": 14.785674561959897,
  "grad_norm_trace": [
    526.6636352539062,
    300.57684326171875,
    150.91796875,
    94.5185775756836,
    116.3684310913086,
    290.6850280761719,
    98.7529067993164,
    256.4682312011719,
    184.12786865234375,
    226.13865661621094,
    107.74372863769531,
    36.58319091796875,
    41.15611267089844,
    55.89531707763672,
    22.10251808166504,
    44.72963333129883,
    101.7136001586914,
    216.79611206054688,
    47.64713668823242,
    125.65205383300781,
    64.29600524902344,
    39.56245803833008,
    31.48492431640625,
    25.655906677246094,
    37.046146392822266,
    23.263370513916016,
    33.38218307495117,
    53.21571350097656,
    29.988697052001953,
    56.11693572998047,
    46.36528778076172,
    40.950157165527344,
    36.22809982299805,
    54.01964569091797,
    34.20005798339844,
    38.585044860839844,
    27.16843032836914,
    48.671958923339844,
    49.488677978515625,
    23.333358764648438,
    32.625579833984375,
    15.013039588928223,
    23.616228103637695,
    25.25950813293457,
    33.279014587402344,
    25.894798278808594,
    52.80430221557617,
    41.68730545043945,
    23.728839874267578,
    13.441929817199707,
    14.892752647399902,
    36.12014389038086,
    15.67872142791748,
    25.637840270996094,
    44.33603286743164,
    180.61953735351562,
    37.381568908691406,
    19.456466674804688,
    15.567756652832031,
    15.602972984313965
  ],
  "loss_trace": [
    {
      "step": 0,
      "total": 12.679913339877128,
      "emo": 12.679865837097168,
      "asr": 0.47502779960632324,
      "per": 0.0,
      "lambda_emo": 1.0,
      "lambda_asr": 0.0001,
      "lambda_per": 0.0
    },
    {
      "step": 1,
      "total": 7.543670052742958,
      "emo": 7.543435096740723,
      "asr": 2.349560022354126,
      "per": 0.016859136521816254,
      "lambda_emo": 1.0,
      "lambda_asr": 0.0001,
      "lambda_per": 0.0
    },
    {
      "step": 2,
      "total": 4.941515081858635,
      "emo": 4.941218376159668,
      "asr": 2.9670569896698,
      "per": 0.028377678245306015,
      "lambda_emo": 1.0,
      "lambda_asr": 0.0001,
      "lambda_per": 0.0
    },
    {
      "step": 3,
      "total": 3.7999549932718275,
      "emo": 3.7996623516082764,
      "asr": 2.9264166355133057,
      "per": 0.027272596955299377,
      "lambda_emo": 1.0,
      "lambda_asr": 0.0001,
      "lambda_per": 0.0
    },
    {
      "step": 4,
      "total": 2.8226012364149096,
      "emo": 2.8223187923431396,
      "asr": 2.8244407176971436,
      "per": 0.038561396300792694,
      "lambda_emo": 1.0,
      "lambda_asr": 0.0001,
      "lambda_per": 0.0
    },
    {
      "step": 5,
      "total": 3.1275263897657393,
      "emo": 3.127300977706909,
      "asr": 2.2541205883026123,
      "per": 0.0370074063539505,
      "lambda_emo": 1.0,
      "lambda_asr": 0.0001,
      "lambda_per": 0.0
    },
    {
      "step": 6,
      "total": 3.8701712721824646,
      "emo": 3.8699283599853516,
      "asr": 2.429121971130371,
      "per": 0.03732343763113022,
      "lambda_emo": 1.0,
      "lambda_asr": 0.0001,
      "lambda_per": 0.0
    },
    {
      "step": 7,
      "total": 3.4608101485967637,
      "emo": 3.460488796234131,
      "asr": 3.2135236263275146,
      "per": 0.0441676490008831,
      "lambda_emo": 1.0,
      "lambda_asr": 0.0001,
      "lambda_per": 0.0
    },
    {
      "step": 8,
      "total": 3.0081431359052657,
      "emo": 3.007932662963867,
      "asr": 2.104729413986206,
      "per": 0.038227878510951996,
      "lambda_emo": 1.0,
      "lambda_asr": 0.0001,
      "lambda_per": 0.0
    },
    {
      "step": 9,
      "total": 5.725640187788009,
      "emo": 5.725403785705566,
      "asr": 2.364020824432373,
      "per": 0.04141205921769142,
      "lambda_emo": 1.0,
      "lambda_asr": 0.0001,
      "lambda_per": 0.0
    },
    {
      "step": 10,
      "total": 3.2491591519117353,
      "emo": 3.248929977416992,
      "asr": 2.2917449474334717,
      "per": 0.04860743135213852,
      "lambda_emo": 1.0,
      "lambda_asr": 0.0001,
      "lambda_per": 0.0
    },
    {
      "step": 11,
      "total": 2.3898383365631104,
      "emo": 2.3895504474639893,
      "asr": 2.8788909912109375,
      "per": 0.03535425290465355,
      "lambda_emo": 1.0,
      "lambda_asr": 0.0001,
      "lambda_per": 0.0
    },
    {
      "step": 12,
      "total": 2.3456575914382936,
      "emo": 2.345355987548828,
      "asr": 3.0160388946533203,
      "per": 0.03960360586643219,
      "lambda_emo": 1.0,
      "lambda_asr": 0.0001,
      "lambda_per": 0.0
    },
    {
      "step": 13,
      "total": 2.234986150932312,
      "emo": 2.234666585922241,
      "asr": 3.195650100708008,
      "per": 0.03951076418161392,
      "lambda_emo": 1.0,
      "lambda_asr": 0.0001,
      "lambda_per": 0.0
    },
    {
      "step": 14,
      "total": 1.8737899596452714,
      "emo": 1.8734753131866455,
      "asr": 3.1464645862579346,
      "per": 0.044359542429447174,
      "lambda_emo": 1.0,
      "lambda_asr": 0.0001,
      "lambda_per": 0.0
    },
    {
      "step": 15,
      "total": 1.7874271322250366,
      "emo": 1.7871243953704834,
      "asr": 3.0273685455322266,
      "per": 0.03666801378130913,
      "lambda_emo": 1.0,
      "lambda_asr": 0.0001,
      "lambda_per": 0.0
    },
    {
      "step": 16,
      "total": 2.8331811620473863,
      "emo": 2.8328685760498047,
      "asr": 3.1258599758148193,
      "per": 0.04158630967140198,
      "lambda_emo": 1.0,
      "lambda_asr": 0.0001,
      "lambda_per": 0.0
    },
    {
      "step": 17,
      "total": 2.2037689586639404,
      "emo": 2.2034950256347656,
      "asr": 2.739330291748047,
      "per": 0.04649324342608452,
      "lambda_emo": 1.0,
      "lambda_asr": 0.0001,
      "lambda_per": 0.0
    },
    {
      "step": 18,
      "total": 2.032977370429039,
      "emo": 2.0326783657073975,
      "asr": 2.9900472164154053,
      "per": 0.04101979359984398,
      "lambda_emo": 1.0,
      "lambda_asr": 0.0001,
      "lambda_per": 0.0
    },
    {
      "step": 19,
      "total": 1.7983729801416397,
      "emo": 1.798105239868164,
      "asr": 2.6774027347564697,
      "per": 0.038770876824855804,
      "lambda_emo": 1.0,
      "lambda_asr": 0.0001,
      "lambda_per": 0.0
    },
    {
      "step": 20,
      "total": 2.2840942757491396,
      "emo": 2.252121925354004,
      "asr": 3.19718861579895,
      "per": 0.046423714607954025,
      "lambda_emo": 1.0,
      "lambda_asr": 0.01,
      "lambda_per": 1e-05
    },
    {
      "step": 21,
      "total": 2.198238633277938,
      "emo": 2.165828227996826,
      "asr": 3.241004228591919,
      "per": 0.03629951924085617,
      "lambda_emo": 1.0,
      "lambda_asr": 0.01,
      "lambda_per": 1e-05
    },
    {
      "step": 22,
      "total": 1.7666724136347698,
      "emo": 1.7379978895187378,
      "asr": 2.867399215698242,
      "per": 0.053195904940366745,
      "lambda_emo": 1.0,
      "lambda_asr": 0.01,
      "lambda_per": 1e-05
    },
    {
      "step": 23,
      "total": 2.2129466062325243,
      "emo": 2.1850149631500244,
      "asr": 2.793126344680786,
      "per": 0.03796356916427612,
      "lambda_emo": 1.0,
      "lambda_asr": 0.01,