{
  "sample_id": "10672_0009_sad_0009_001393",
  "path": "/data1/lixiang/OpenS2S_dataset/ESD/CN/0009/Sad/0009_001393.wav",
  "speaker_id": "0009",
  "ground_truth_emotion": "sad",
  "target_emotion": "happy",
  "emo_text_clean": [
    "Sad",
    "Sad",
    "\u542c\u8d77\u6765"
  ],
  "emo_text_adv": [
    "happy",
    "happy",
    "happy"
  ],
  "emo_pred_clean": [
    "sad",
    "sad",
    ""
  ],
  "emo_pred_adv": [
    "happy",
    "happy",
    "happy"
  ],
  "asr_text_clean": "\u8bb8\u591a\u767d\u9886",
  "asr_text_adv": "\u8bb8\u591a\u767d\u9886",
  "success_emo": true,
  "wer": 0.0,
  "semantic_sim": 1.0,
  "semantic_preserved": true,
  "delta_linf": 0.008000001311302185,
  "delta_l2": 1.0430569648742676,
  "snr_db": 12.635608520062739,
  "grad_norm_trace": [
    658.287353515625,
    201.78329467773438,
    53.31925964355469,
    128.0673828125,
    70.13201141357422,
    64.00212860107422,
    169.9769744873047,
    90.63511657714844,
    122.4833984375,
    87.17118072509766,
    128.97390747070312,
    206.07057189941406,
    77.8885269165039,
    101.20506286621094,
    71.91278839111328,
    35.3617057800293,
    25.76123809814453,
    107.98692321777344,
    31.048084259033203,
    29.524356842041016,
    46.49490737915039,
    41.3886833190918,
    47.919212341308594,
    29.489892959594727,
    24.211374282836914,
    56.01070022583008,
    15.518865585327148,
    15.361780166625977,
    19.57146644592285,
    28.86068344116211,
    46.456581115722656,
    65.20352935791016,
    13.108630180358887,
    18.504016876220703,
    18.462501525878906,
    25.93700408935547,
    23.46181869506836,
    26.600433349609375,
    11.511848449707031,
    5.191795349121094,
    4.6156110763549805,
    3.9467837810516357,
    16.06632423400879,
    7.000403881072998,
    11.876069068908691,
    4.940688610076904,
    6.2713847160339355,
    11.585114479064941,
    6.538363933563232,
    6.824332237243652,
    8.292278289794922,
    5.35938835144043,
    6.69508171081543,
    5.356794834136963,
    20.03389549255371,
    6.059368133544922,
    5.912861347198486,
    4.545420169830322,
    9.381511688232422,
    6.253180503845215
  ],
  "loss_trace": [
    {
      "step": 0,
      "total": 6.610280366697907,
      "emo": 6.610240936279297,
      "asr": 0.39430418610572815,
      "per": 0.0,
      "lambda_emo": 1.0,
      "lambda_asr": 0.0001,
      "lambda_per": 0.0
    },
    {
      "step": 1,
      "total": 4.306674055367708,
      "emo": 4.306645393371582,
      "asr": 0.28661996126174927,
      "per": 0.031782157719135284,
      "lambda_emo": 1.0,
      "lambda_asr": 0.0001,
      "lambda_per": 0.0
    },
    {
      "step": 2,
      "total": 3.7456477093935012,
      "emo": 3.745614767074585,
      "asr": 0.329423189163208,
      "per": 0.030421538278460503,
      "lambda_emo": 1.0,
      "lambda_asr": 0.0001,
      "lambda_per": 0.0
    },
    {
      "step": 3,
      "total": 3.120604702061415,
      "emo": 3.1205663681030273,
      "asr": 0.3833395838737488,
      "per": 0.02877560257911682,
      "lambda_emo": 1.0,
      "lambda_asr": 0.0001,
      "lambda_per": 0.0
    },
    {
      "step": 4,
      "total": 2.7672285931050777,
      "emo": 2.7671995162963867,
      "asr": 0.2907680869102478,
      "per": 0.04366713762283325,
      "lambda_emo": 1.0,
      "lambda_asr": 0.0001,
      "lambda_per": 0.0
    },
    {
      "step": 5,
      "total": 2.320261576795578,
      "emo": 2.3202080726623535,
      "asr": 0.535041332244873,
      "per": 0.03134837746620178,
      "lambda_emo": 1.0,
      "lambda_asr": 0.0001,
      "lambda_per": 0.0
    },
    {
      "step": 6,
      "total": 2.217290303745866,
      "emo": 2.2172679901123047,
      "asr": 0.22313633561134338,
      "per": 0.035836733877658844,
      "lambda_emo": 1.0,
      "lambda_asr": 0.0001,
      "lambda_per": 0.0
    },
    {
      "step": 7,
      "total": 2.322722694659233,
      "emo": 2.322690010070801,
      "asr": 0.3268458843231201,
      "per": 0.039676517248153687,
      "lambda_emo": 1.0,
      "lambda_asr": 0.0001,
      "lambda_per": 0.0
    },
    {
      "step": 8,
      "total": 2.928299249154329,
      "emo": 2.9282538890838623,
      "asr": 0.4536007046699524,
      "per": 0.04568931460380554,
      "lambda_emo": 1.0,
      "lambda_asr": 0.0001,
      "lambda_per": 0.0
    },
    {
      "step": 9,
      "total": 2.3339436067938806,
      "emo": 2.3339180946350098,
      "asr": 0.2551215887069702,
      "per": 0.03711757808923721,
      "lambda_emo": 1.0,
      "lambda_asr": 0.0001,
      "lambda_per": 0.0
    },
    {
      "step": 10,
      "total": 1.6934528299361467,
      "emo": 1.6934313774108887,
      "asr": 0.2145252525806427,
      "per": 0.04447194188833237,
      "lambda_emo": 1.0,
      "lambda_asr": 0.0001,
      "lambda_per": 0.0
    },
    {
      "step": 11,
      "total": 1.3847360115528107,
      "emo": 1.3846912384033203,
      "asr": 0.44773149490356445,
      "per": 0.037697501480579376,
      "lambda_emo": 1.0,
      "lambda_asr": 0.0001,
      "lambda_per": 0.0
    },
    {
      "step": 12,
      "total": 1.3086028963327407,
      "emo": 1.3085709810256958,
      "asr": 0.3191530704498291,
      "per": 0.04038049280643463,
      "lambda_emo": 1.0,
      "lambda_asr": 0.0001,
      "lambda_per": 0.0
    },
    {
      "step": 13,
      "total": 1.777956226450205,
      "emo": 1.7779130935668945,
      "asr": 0.43132883310317993,
      "per": 0.038878049701452255,
      "lambda_emo": 1.0,
      "lambda_asr": 0.0001,
      "lambda_per": 0.0
    },
    {
      "step": 14,
      "total": 1.4570444401800633,
      "emo": 1.457007884979248,
      "asr": 0.36555200815200806,
      "per": 0.043551862239837646,
      "lambda_emo": 1.0,
      "lambda_asr": 0.0001,
      "lambda_per": 0.0
    },
    {
      "step": 15,
      "total": 0.9994400147259236,
      "emo": 0.9994038939476013,
      "asr": 0.3612077832221985,
      "per": 0.038648463785648346,
      "lambda_emo": 1.0,
      "lambda_asr": 0.0001,
      "lambda_per": 0.0
    },
    {
      "step": 16,
      "total": 1.0662045632004737,
      "emo": 1.0661743879318237,
      "asr": 0.3017526865005493,
      "per": 0.04707673192024231,
      "lambda_emo": 1.0,
      "lambda_asr": 0.0001,
      "lambda_per": 0.0
    },
    {
      "step": 17,
      "total": 1.1496598335325718,
      "emo": 1.1496341228485107,
      "asr": 0.25710684061050415,
      "per": 0.04581771418452263,
      "lambda_emo": 1.0,
      "lambda_asr": 0.0001,
      "lambda_per": 0.0
    },
    {
      "step": 18,
      "total": 0.8874357514739036,
      "emo": 0.8874037265777588,
      "asr": 0.32024896144866943,
      "per": 0.04451683163642883,
      "lambda_emo": 1.0,
      "lambda_asr": 0.0001,
      "lambda_per": 0.0
    },
    {
      "step": 19,
      "total": 0.7889062226831913,
      "emo": 0.7888715267181396,
      "asr": 0.34695965051651,
      "per": 0.045765310525894165,
      "lambda_emo": 1.0,
      "lambda_asr": 0.0001,
      "lambda_per": 0.0
    },
    {
      "step": 20,
      "total": 0.9674725547356159,
      "emo": 0.9632385969161987,
      "asr": 0.42335814237594604,
      "per": 0.0376395657658577,
      "lambda_emo": 1.0,
      "lambda_asr": 0.01,
      "lambda_per": 1e-05
    },
    {
      "step": 21,
      "total": 0.8832895721478388,
      "emo": 0.8802072405815125,
      "asr": 0.30818939208984375,
      "per": 0.043764542788267136,
      "lambda_emo": 1.0,
      "lambda_asr": 0.01,
      "lambda_per": 1e-05
    },
    {
      "step": 22,
      "total": 0.9703420302988216,
      "emo": 0.9670926928520203,
      "asr": 0.3248845338821411,
      "per": 0.0492107979953289,
      "lambda_emo": 1.0,
      "lambda_asr": 0.01,
      "lambda_per": 1e-05
    },
    {
      "step": 23,
      "total": 0.7889794380723685,
      "emo": 0.7853056788444519,
      "asr": 0.3673255443572998,
      "per": 0.05037843436002731,
      "lambda_emo": 1.0,
      "lambda_asr": 0.01,