{
  "sample_id": "10787_0009_sad_0009_001191",
  "path": "/data1/lixiang/OpenS2S_dataset/ESD/CN/0009/Sad/0009_001191.wav",
  "speaker_id": "0009",
  "ground_truth_emotion": "sad",
  "target_emotion": "happy",
  "emo_text_clean": [
    "Sad",
    "Sad",
    "\u597d\u5440\uff0c\u6211\u53bb\u627e\u9e66"
  ],
  "emo_text_adv": [
    "happy",
    "happy",
    "happy"
  ],
  "emo_pred_clean": [
    "sad",
    "sad",
    ""
  ],
  "emo_pred_adv": [
    "happy",
    "happy",
    "happy"
  ],
  "asr_text_clean": "\u4f60\u53ef\u4ee5\u53bb\u95ee\u9e66",
  "asr_text_adv": "\u5c0f\u4e4c\u9f9f\u53c8\u53bb\u95ee\u9e66",
  "success_emo": true,
  "wer": 1.0,
  "semantic_sim": 0.708094596862793,
  "semantic_preserved": false,
  "delta_linf": 0.008000001311302185,
  "delta_l2": 1.2524380683898926,
  "snr_db": 10.523893371375145,
  "grad_norm_trace": [
    1642.0870361328125,
    187.17526245117188,
    141.3720703125,
    356.9093933105469,
    488.6395263671875,
    159.5766143798828,
    211.2213897705078,
    45.06003189086914,
    224.87193298339844,
    117.77812194824219,
    112.14471435546875,
    49.88916015625,
    90.86846160888672,
    47.69501876831055,
    59.09418487548828,
    31.715137481689453,
    32.15720748901367,
    81.05086517333984,
    33.954532623291016,
    47.08291244506836,
    41.7601203918457,
    123.87090301513672,
    62.72658920288086,
    53.80233383178711,
    62.959712982177734,
    191.71707153320312,
    79.17694091796875,
    81.1919937133789,
    72.94728088378906,
    66.4137954711914,
    57.64155578613281,
    104.78447723388672,
    40.29876708984375,
    58.89759826660156,
    157.78880310058594,
    39.88109588623047,
    82.92632293701172,
    36.05741882324219,
    41.31156921386719,
    52.028564453125,
    44.50990676879883,
    40.50716781616211,
    45.67302322387695,
    27.288679122924805,
    22.662622451782227,
    32.45246887207031,
    62.49664306640625,
    38.501216888427734,
    31.73711395263672,
    27.523550033569336,
    35.001853942871094,
    48.09677505493164,
    13.604534149169922,
    20.36406707763672,
    15.62091064453125,
    54.17321014404297,
    30.29419708251953,
    16.587108612060547,
    30.816221237182617,
    20.638425827026367
  ],
  "loss_trace": [
    {
      "step": 0,
      "total": 9.538662735860049,
      "emo": 9.538641929626465,
      "asr": 0.2080623358488083,
      "per": 0.0,
      "lambda_emo": 1.0,
      "lambda_asr": 0.0001,
      "lambda_per": 0.0
    },
    {
      "step": 1,
      "total": 8.28096337327957,
      "emo": 8.280898094177246,
      "asr": 0.6527910232543945,
      "per": 0.04886503145098686,
      "lambda_emo": 1.0,
      "lambda_asr": 0.0001,
      "lambda_per": 0.0
    },
    {
      "step": 2,
      "total": 6.158845997679234,
      "emo": 6.1587042808532715,
      "asr": 1.4171682596206665,
      "per": 0.06690174341201782,
      "lambda_emo": 1.0,
      "lambda_asr": 0.0001,
      "lambda_per": 0.0
    },
    {
      "step": 3,
      "total": 6.580467760586739,
      "emo": 6.5802531242370605,
      "asr": 2.1463634967803955,
      "per": 0.06448735296726227,
      "lambda_emo": 1.0,
      "lambda_asr": 0.0001,
      "lambda_per": 0.0
    },
    {
      "step": 4,
      "total": 6.085437398803234,
      "emo": 6.085299968719482,
      "asr": 1.3743008375167847,
      "per": 0.04882780835032463,
      "lambda_emo": 1.0,
      "lambda_asr": 0.0001,
      "lambda_per": 0.0
    },
    {
      "step": 5,
      "total": 6.83373593788147,
      "emo": 6.833477020263672,
      "asr": 2.5891761779785156,
      "per": 0.04843419790267944,
      "lambda_emo": 1.0,
      "lambda_asr": 0.0001,
      "lambda_per": 0.0
    },
    {
      "step": 6,
      "total": 7.282645451927185,
      "emo": 7.282266616821289,
      "asr": 3.788351058959961,
      "per": 0.06926244497299194,
      "lambda_emo": 1.0,
      "lambda_asr": 0.0001,
      "lambda_per": 0.0
    },
    {
      "step": 7,
      "total": 4.121745283317566,
      "emo": 4.121285915374756,
      "asr": 4.593679428100586,
      "per": 0.04791127145290375,
      "lambda_emo": 1.0,
      "lambda_asr": 0.0001,
      "lambda_per": 0.0
    },
    {
      "step": 8,
      "total": 3.561830613613129,
      "emo": 3.5613813400268555,
      "asr": 4.492735862731934,
      "per": 0.04729820042848587,
      "lambda_emo": 1.0,
      "lambda_asr": 0.0001,
      "lambda_per": 0.0
    },
    {
      "step": 9,
      "total": 4.674195951342583,
      "emo": 4.673816680908203,
      "asr": 3.7927043437957764,
      "per": 0.06517192721366882,
      "lambda_emo": 1.0,
      "lambda_asr": 0.0001,
      "lambda_per": 0.0
    },
    {
      "step": 10,
      "total": 4.205438237047195,
      "emo": 4.204943656921387,
      "asr": 4.945801258087158,
      "per": 0.04748210310935974,
      "lambda_emo": 1.0,
      "lambda_asr": 0.0001,
      "lambda_per": 0.0
    },
    {
      "step": 11,
      "total": 3.8571530429840086,
      "emo": 3.856560230255127,
      "asr": 5.928127288818359,
      "per": 0.0660649761557579,
      "lambda_emo": 1.0,
      "lambda_asr": 0.0001,
      "lambda_per": 0.0
    },
    {
      "step": 12,
      "total": 3.0812924973011016,
      "emo": 3.0808730125427246,
      "asr": 4.194847583770752,
      "per": 0.04588371515274048,
      "lambda_emo": 1.0,
      "lambda_asr": 0.0001,
      "lambda_per": 0.0
    },
    {
      "step": 13,
      "total": 3.0117124310016634,
      "emo": 3.0111873149871826,
      "asr": 5.251160144805908,
      "per": 0.04864272475242615,
      "lambda_emo": 1.0,
      "lambda_asr": 0.0001,
      "lambda_per": 0.0
    },
    {
      "step": 14,
      "total": 2.722249421787262,
      "emo": 2.7218120098114014,
      "asr": 4.374119758605957,
      "per": 0.05248171091079712,
      "lambda_emo": 1.0,
      "lambda_asr": 0.0001,
      "lambda_per": 0.0
    },
    {
      "step": 15,
      "total": 3.1970654226779938,
      "emo": 3.1966042518615723,
      "asr": 4.611708164215088,
      "per": 0.06595679372549057,
      "lambda_emo": 1.0,
      "lambda_asr": 0.0001,
      "lambda_per": 0.0
    },
    {
      "step": 16,
      "total": 2.4374337486982345,
      "emo": 2.437037467956543,
      "asr": 3.9628074169158936,
      "per": 0.05047671124339104,
      "lambda_emo": 1.0,
      "lambda_asr": 0.0001,
      "lambda_per": 0.0
    },
    {
      "step": 17,
      "total": 2.8227649391174316,
      "emo": 2.8222920894622803,
      "asr": 4.728496551513672,
      "per": 0.04601195082068443,
      "lambda_emo": 1.0,
      "lambda_asr": 0.0001,
      "lambda_per": 0.0
    },
    {
      "step": 18,
      "total": 2.5341748878002166,
      "emo": 2.5337977409362793,
      "asr": 3.7714686393737793,
      "per": 0.05725259333848953,
      "lambda_emo": 1.0,
      "lambda_asr": 0.0001,
      "lambda_per": 0.0
    },
    {
      "step": 19,
      "total": 2.4415865296363832,
      "emo": 2.441195249557495,
      "asr": 3.9128007888793945,
      "per": 0.04609756916761398,
      "lambda_emo": 1.0,
      "lambda_asr": 0.0001,
      "lambda_per": 0.0
    },
    {
      "step": 20,
      "total": 2.050260779661909,
      "emo": 2.0158281326293945,
      "asr": 3.4432029724121094,
      "per": 0.06173083931207657,
      "lambda_emo": 1.0,
      "lambda_asr": 0.01,
      "lambda_per": 1e-05
    },
    {
      "step": 21,
      "total": 2.54096284496136,
      "emo": 2.5000550746917725,
      "asr": 4.090728759765625,
      "per": 0.048267193138599396,
      "lambda_emo": 1.0,
      "lambda_asr": 0.01,
      "lambda_per": 1e-05
    },
    {
      "step": 22,
      "total": 2.726153836818412,
      "emo": 2.669891119003296,
      "asr": 5.626221656799316,
      "per": 0.05012471228837967,
      "lambda_emo": 1.0,
      "lambda_asr": 0.01,
      "lambda_per": 1e-05
    },
    {
      "step": 23,
      "total": 2.2229289998368547,
      "emo": 2.168236255645752,
      "asr": 5.469213962554932,
      "per": 0.06045655533671379,
      "lambda_emo": 1.0,
      "lambda_asr": 0.01,