{
  "sample_id": "10792_0009_sad_0009_001261",
  "path": "/data1/lixiang/OpenS2S_dataset/ESD/CN/0009/Sad/0009_001261.wav",
  "speaker_id": "0009",
  "ground_truth_emotion": "sad",
  "target_emotion": "happy",
  "emo_text_clean": [
    "Sad",
    "Sad",
    "\u542c\u8d77\u6765"
  ],
  "emo_text_adv": [
    "happy",
    "happy",
    "happy"
  ],
  "emo_pred_clean": [
    "sad",
    "sad",
    ""
  ],
  "emo_pred_adv": [
    "happy",
    "happy",
    "happy"
  ],
  "asr_text_clean": "\u542c\u8d77\u6765",
  "asr_text_adv": "\u7136\u540e\u6211\u5bf9\u517b\u82b1\u53d8\u5f97\u7279\u522b\u611f\u5174\u8da3\u4e86",
  "success_emo": true,
  "wer": 1.0,
  "semantic_sim": 0.08768704533576965,
  "semantic_preserved": false,
  "delta_linf": 0.008000001311302185,
  "delta_l2": 1.0650465488433838,
  "snr_db": 9.854536160994172,
  "grad_norm_trace": [
    457.0438232421875,
    344.0462646484375,
    152.04678344726562,
    1010.5146484375,
    838.2462768554688,
    239.48110961914062,
    190.08595275878906,
    156.08599853515625,
    533.465576171875,
    144.48426818847656,
    116.77323150634766,
    111.13258361816406,
    167.87245178222656,
    86.9627685546875,
    73.07112884521484,
    37.243896484375,
    37.80300521850586,
    64.7714614868164,
    40.4129638671875,
    35.50703430175781,
    59.904415130615234,
    397.2340087890625,
    55.24453353881836,
    55.05629348754883,
    30.893787384033203,
    23.46494483947754,
    40.58103942871094,
    55.0818977355957,
    49.43239974975586,
    22.465030670166016,
    35.78916931152344,
    37.14762878417969,
    14.379703521728516,
    26.328786849975586,
    14.803191184997559,
    25.093189239501953,
    29.095226287841797,
    16.85605812072754,
    39.01743698120117,
    37.27839279174805,
    37.46039581298828,
    98.13101959228516,
    77.56822967529297,
    39.993927001953125,
    24.4373779296875,
    66.34562683105469,
    21.621417999267578,
    38.008697509765625,
    51.546653747558594,
    16.715286254882812,
    15.354833602905273,
    16.972797393798828,
    24.937942504882812,
    16.997983932495117,
    27.592342376708984,
    11.029597282409668,
    9.219242095947266,
    11.085466384887695,
    16.57834815979004,
    12.365935325622559
  ],
  "loss_trace": [
    {
      "step": 0,
      "total": 14.43161424627304,
      "emo": 14.431495666503906,
      "asr": 1.1857976913452148,
      "per": 0.0,
      "lambda_emo": 1.0,
      "lambda_asr": 0.0001,
      "lambda_per": 0.0
    },
    {
      "step": 1,
      "total": 8.511036873149871,
      "emo": 8.510419845581055,
      "asr": 6.170275688171387,
      "per": 0.028779271990060806,
      "lambda_emo": 1.0,
      "lambda_asr": 0.0001,
      "lambda_per": 0.0
    },
    {
      "step": 2,
      "total": 6.731871920967102,
      "emo": 6.731239318847656,
      "asr": 6.326021194458008,
      "per": 0.03248995169997215,
      "lambda_emo": 1.0,
      "lambda_asr": 0.0001,
      "lambda_per": 0.0
    },
    {
      "step": 3,
      "total": 3.947387348270416,
      "emo": 3.9467380046844482,
      "asr": 6.493435859680176,
      "per": 0.048588067293167114,
      "lambda_emo": 1.0,
      "lambda_asr": 0.0001,
      "lambda_per": 0.0
    },
    {
      "step": 4,
      "total": 5.099903906726837,
      "emo": 5.099238395690918,
      "asr": 6.6551103591918945,
      "per": 0.059927523136138916,
      "lambda_emo": 1.0,
      "lambda_asr": 0.0001,
      "lambda_per": 0.0
    },
    {
      "step": 5,
      "total": 4.791951866817475,
      "emo": 4.791046142578125,
      "asr": 9.057242393493652,
      "per": 0.05457592010498047,
      "lambda_emo": 1.0,
      "lambda_asr": 0.0001,
      "lambda_per": 0.0
    },
    {
      "step": 6,
      "total": 4.604068417263031,
      "emo": 4.603448867797852,
      "asr": 6.195494651794434,
      "per": 0.059778742492198944,
      "lambda_emo": 1.0,
      "lambda_asr": 0.0001,
      "lambda_per": 0.0
    },
    {
      "step": 7,
      "total": 3.8363261952400207,
      "emo": 3.835540771484375,
      "asr": 7.8542375564575195,
      "per": 0.05842629075050354,
      "lambda_emo": 1.0,
      "lambda_asr": 0.0001,
      "lambda_per": 0.0
    },
    {
      "step": 8,
      "total": 8.04189709019661,
      "emo": 8.041220664978027,
      "asr": 6.764252185821533,
      "per": 0.06318593770265579,
      "lambda_emo": 1.0,
      "lambda_asr": 0.0001,
      "lambda_per": 0.0
    },
    {
      "step": 9,
      "total": 2.96884759144783,
      "emo": 2.968064785003662,
      "asr": 7.828064441680908,
      "per": 0.06946035474538803,
      "lambda_emo": 1.0,
      "lambda_asr": 0.0001,
      "lambda_per": 0.0
    },
    {
      "step": 10,
      "total": 3.250497281742096,
      "emo": 3.249708890914917,
      "asr": 7.883908271789551,
      "per": 0.06218699738383293,
      "lambda_emo": 1.0,
      "lambda_asr": 0.0001,
      "lambda_per": 0.0
    },
    {
      "step": 11,
      "total": 2.749918814277649,
      "emo": 2.749007225036621,
      "asr": 9.11589241027832,
      "per": 0.05791088938713074,
      "lambda_emo": 1.0,
      "lambda_asr": 0.0001,
      "lambda_per": 0.0
    },
    {
      "step": 12,
      "total": 2.4294859297752383,
      "emo": 2.428562641143799,
      "asr": 9.23288631439209,
      "per": 0.05328192561864853,
      "lambda_emo": 1.0,
      "lambda_asr": 0.0001,
      "lambda_per": 0.0
    },
    {
      "step": 13,
      "total": 2.4900452709197998,
      "emo": 2.4891586303710938,
      "asr": 8.866405487060547,
      "per": 0.054523393511772156,
      "lambda_emo": 1.0,
      "lambda_asr": 0.0001,
      "lambda_per": 0.0
    },
    {
      "step": 14,
      "total": 2.927605170726776,
      "emo": 2.92676043510437,
      "asr": 8.447356224060059,
      "per": 0.06391062587499619,
      "lambda_emo": 1.0,
      "lambda_asr": 0.0001,
      "lambda_per": 0.0
    },
    {
      "step": 15,
      "total": 2.2021157143592833,
      "emo": 2.201341390609741,
      "asr": 7.743237495422363,
      "per": 0.04916739463806152,
      "lambda_emo": 1.0,
      "lambda_asr": 0.0001,
      "lambda_per": 0.0
    },
    {
      "step": 16,
      "total": 1.4831287186145783,
      "emo": 1.4824669361114502,
      "asr": 6.617825031280518,
      "per": 0.05824730545282364,
      "lambda_emo": 1.0,
      "lambda_asr": 0.0001,
      "lambda_per": 0.0
    },
    {
      "step": 17,
      "total": 1.2651070071220398,
      "emo": 1.2643671035766602,
      "asr": 7.399035453796387,
      "per": 0.05147554725408554,
      "lambda_emo": 1.0,
      "lambda_asr": 0.0001,
      "lambda_per": 0.0
    },
    {
      "step": 18,
      "total": 0.91740080575943,
      "emo": 0.9166938662528992,
      "asr": 7.069395065307617,
      "per": 0.045922279357910156,
      "lambda_emo": 1.0,
      "lambda_asr": 0.0001,
      "lambda_per": 0.0
    },
    {
      "step": 19,
      "total": 1.0594365367412568,
      "emo": 1.058722972869873,
      "asr": 7.13563871383667,
      "per": 0.050012361258268356,
      "lambda_emo": 1.0,
      "lambda_asr": 0.0001,
      "lambda_per": 0.0
    },
    {
      "step": 20,
      "total": 0.9507415314226598,
      "emo": 0.8798459768295288,
      "asr": 7.089510440826416,
      "per": 0.04501848667860031,
      "lambda_emo": 1.0,
      "lambda_asr": 0.01,
      "lambda_per": 1e-05
    },
    {
      "step": 21,
      "total": 2.0611771026384087,
      "emo": 1.992808222770691,
      "asr": 6.836840629577637,
      "per": 0.04735719412565231,
      "lambda_emo": 1.0,
      "lambda_asr": 0.01,
      "lambda_per": 1e-05
    },
    {
      "step": 22,
      "total": 1.8188561341876535,
      "emo": 1.737767219543457,
      "asr": 8.108842849731445,
      "per": 0.04861468821763992,
      "lambda_emo": 1.0,
      "lambda_asr": 0.01,
      "lambda_per": 1e-05
    },
    {
      "step": 23,
      "total": 1.2924038658292591,
      "emo": 1.207782506942749,
      "asr": 8.462088584899902,
      "per": 0.04730375111103058,
      "lambda_emo": 1.0,
      "lambda_asr": 0.01,