{
  "sample_id": "10827_0009_sad_0009_001079",
  "path": "/data1/lixiang/OpenS2S_dataset/ESD/CN/0009/Sad/0009_001079.wav",
  "speaker_id": "0009",
  "ground_truth_emotion": "sad",
  "target_emotion": "happy",
  "emo_text_clean": [
    "Sad",
    "Sad",
    "\u4f60\u542c\u8d77\u6765"
  ],
  "emo_text_adv": [
    "happy",
    "happy",
    "happy"
  ],
  "emo_pred_clean": [
    "sad",
    "sad",
    ""
  ],
  "emo_pred_adv": [
    "happy",
    "happy",
    "happy"
  ],
  "asr_text_clean": "\u4f60\u542c\u8d77\u6765",
  "asr_text_adv": "\u597d\u5f00\u5fc3\u5440\uff0c\u5927\u5bb6\u90fd\u50cf\u670b\u53cb\u4e00\u6837\u5462\uff01",
  "success_emo": true,
  "wer": 1.0,
  "semantic_sim": 0.4416190981864929,
  "semantic_preserved": false,
  "delta_linf": 0.008000001311302185,
  "delta_l2": 1.0720853805541992,
  "snr_db": 11.39984022618696,
  "grad_norm_trace": [
    1812.1041259765625,
    156.87564086914062,
    89.48185729980469,
    68.92472839355469,
    70.46692657470703,
    89.8829574584961,
    48.677268981933594,
    52.51994323730469,
    36.476806640625,
    40.10092544555664,
    29.72726821899414,
    46.254913330078125,
    62.061790466308594,
    36.228965759277344,
    23.194114685058594,
    64.209228515625,
    61.673885345458984,
    112.22482299804688,
    104.32569885253906,
    64.56863403320312,
    48.247802734375,
    54.74717330932617,
    104.45623779296875,
    72.67987823486328,
    151.7829132080078,
    45.552982330322266,
    56.107547760009766,
    60.02898025512695,
    72.05415344238281,
    94.8427505493164,
    72.24354553222656,
    66.81649780273438,
    115.53865051269531,
    46.99362564086914,
    39.320343017578125,
    53.3161506652832,
    51.03763198852539,
    104.52561950683594,
    69.8001480102539,
    46.31303024291992,
    58.05473709106445,
    21.33890151977539,
    16.256969451904297,
    36.675514221191406,
    44.122989654541016,
    49.87821960449219,
    25.798595428466797,
    40.594635009765625,
    31.87862205505371,
    22.866497039794922,
    18.63759994506836,
    12.488880157470703,
    9.851932525634766,
    17.329465866088867,
    18.87686538696289,
    14.462533950805664,
    33.93047332763672,
    25.68283462524414,
    20.867956161499023,
    16.184734344482422
  ],
  "loss_trace": [
    {
      "step": 0,
      "total": 7.510954872751236,
      "emo": 7.510888576507568,
      "asr": 0.6629624366760254,
      "per": 0.0,
      "lambda_emo": 1.0,
      "lambda_asr": 0.0001,
      "lambda_per": 0.0
    },
    {
      "step": 1,
      "total": 4.947856659054756,
      "emo": 4.947493553161621,
      "asr": 3.631058931350708,
      "per": 0.05390030890703201,
      "lambda_emo": 1.0,
      "lambda_asr": 0.0001,
      "lambda_per": 0.0
    },
    {
      "step": 2,
      "total": 3.940111912918091,
      "emo": 3.939754009246826,
      "asr": 3.5790367126464844,
      "per": 0.05181259661912918,
      "lambda_emo": 1.0,
      "lambda_asr": 0.0001,
      "lambda_per": 0.0
    },
    {
      "step": 3,
      "total": 3.6255488428592684,
      "emo": 3.6251609325408936,
      "asr": 3.879103183746338,
      "per": 0.05809523165225983,
      "lambda_emo": 1.0,
      "lambda_asr": 0.0001,
      "lambda_per": 0.0
    },
    {
      "step": 4,
      "total": 3.442027573680878,
      "emo": 3.441624402999878,
      "asr": 4.031706809997559,
      "per": 0.045413121581077576,
      "lambda_emo": 1.0,
      "lambda_asr": 0.0001,
      "lambda_per": 0.0
    },
    {
      "step": 5,
      "total": 3.3862009328126907,
      "emo": 3.3858232498168945,
      "asr": 3.776829957962036,
      "per": 0.052487634122371674,
      "lambda_emo": 1.0,
      "lambda_asr": 0.0001,
      "lambda_per": 0.0
    },
    {
      "step": 6,
      "total": 2.6910792326450346,
      "emo": 2.690697431564331,
      "asr": 3.8180108070373535,
      "per": 0.06060492619872093,
      "lambda_emo": 1.0,
      "lambda_asr": 0.0001,
      "lambda_per": 0.0
    },
    {
      "step": 7,
      "total": 2.72122243411541,
      "emo": 2.7208495140075684,
      "asr": 3.729201078414917,
      "per": 0.045103222131729126,
      "lambda_emo": 1.0,
      "lambda_asr": 0.0001,
      "lambda_per": 0.0
    },
    {
      "step": 8,
      "total": 2.578982497549057,
      "emo": 2.578566074371338,
      "asr": 4.164231777191162,
      "per": 0.0606522411108017,
      "lambda_emo": 1.0,
      "lambda_asr": 0.0001,
      "lambda_per": 0.0
    },
    {
      "step": 9,
      "total": 2.4618624465942385,
      "emo": 2.4614341259002686,
      "asr": 4.283206939697266,
      "per": 0.05698078125715256,
      "lambda_emo": 1.0,
      "lambda_asr": 0.0001,
      "lambda_per": 0.0
    },
    {
      "step": 10,
      "total": 1.856632537794113,
      "emo": 1.8562729358673096,
      "asr": 3.5960192680358887,
      "per": 0.05614613741636276,
      "lambda_emo": 1.0,
      "lambda_asr": 0.0001,
      "lambda_per": 0.0
    },
    {
      "step": 11,
      "total": 1.9222061912059785,
      "emo": 1.9218394756317139,
      "asr": 3.6671557426452637,
      "per": 0.062020253390073776,
      "lambda_emo": 1.0,
      "lambda_asr": 0.0001,
      "lambda_per": 0.0
    },
    {
      "step": 12,
      "total": 2.648745407772064,
      "emo": 2.648361921310425,
      "asr": 3.834864616394043,
      "per": 0.04471956938505173,
      "lambda_emo": 1.0,
      "lambda_asr": 0.0001,
      "lambda_per": 0.0
    },
    {
      "step": 13,
      "total": 2.3664451972961427,
      "emo": 2.3660340309143066,
      "asr": 4.111663818359375,
      "per": 0.0479033961892128,
      "lambda_emo": 1.0,
      "lambda_asr": 0.0001,
      "lambda_per": 0.0
    },
    {
      "step": 14,
      "total": 2.1234807137966154,
      "emo": 2.1230640411376953,
      "asr": 4.166726589202881,
      "per": 0.05414023995399475,
      "lambda_emo": 1.0,
      "lambda_asr": 0.0001,
      "lambda_per": 0.0
    },
    {
      "step": 15,
      "total": 2.301899939441681,
      "emo": 2.3014743328094482,
      "asr": 4.25606632232666,
      "per": 0.06140065938234329,
      "lambda_emo": 1.0,
      "lambda_asr": 0.0001,
      "lambda_per": 0.0
    },
    {
      "step": 16,
      "total": 1.84300990486145,
      "emo": 1.8425788879394531,
      "asr": 4.310169219970703,
      "per": 0.056959688663482666,
      "lambda_emo": 1.0,
      "lambda_asr": 0.0001,
      "lambda_per": 0.0
    },
    {
      "step": 17,
      "total": 2.776180917453766,
      "emo": 2.775851249694824,
      "asr": 3.296677589416504,
      "per": 0.044413011521101,
      "lambda_emo": 1.0,
      "lambda_asr": 0.0001,
      "lambda_per": 0.0
    },
    {
      "step": 18,
      "total": 2.8226231905937196,
      "emo": 2.822143077850342,
      "asr": 4.8011274337768555,
      "per": 0.04269834980368614,
      "lambda_emo": 1.0,
      "lambda_asr": 0.0001,
      "lambda_per": 0.0
    },
    {
      "step": 19,
      "total": 2.746787722682953,
      "emo": 2.746340751647949,
      "asr": 4.469710350036621,
      "per": 0.04976014047861099,
      "lambda_emo": 1.0,
      "lambda_asr": 0.0001,
      "lambda_per": 0.0
    },
    {
      "step": 20,
      "total": 2.442838123338446,
      "emo": 2.3954732418060303,
      "asr": 4.7364349365234375,
      "per": 0.05321671813726425,
      "lambda_emo": 1.0,
      "lambda_asr": 0.01,
      "lambda_per": 1e-05
    },
    {
      "step": 21,
      "total": 2.1340295038697126,
      "emo": 2.0910279750823975,
      "asr": 4.300095558166504,
      "per": 0.05732056498527527,
      "lambda_emo": 1.0,
      "lambda_asr": 0.01,
      "lambda_per": 1e-05
    },
    {
      "step": 22,
      "total": 2.4046143108697238,
      "emo": 2.365635871887207,
      "asr": 3.897789239883423,
      "per": 0.05465836822986603,
      "lambda_emo": 1.0,
      "lambda_asr": 0.01,
      "lambda_per": 1e-05
    },
    {
      "step": 23,
      "total": 2.0187439210744205,
      "emo": 1.9781432151794434,
      "asr": 4.060019493103027,
      "per": 0.051096394658088684,
      "lambda_emo": 1.0,