{
  "sample_id": "00003_0013_000510",
  "path": "/data1/lixiang/ESD/0013/Angry/0013_000510.wav",
  "emo_text_clean": [
    "Angry.",
    "Angry.",
    "Yes, I can play chess. Let's start with the basics."
  ],
  "emo_text_adv": [
    "The emotion of the audio is happy.",
    "Happy",
    "Yes, she can play chess."
  ],
  "emo_pred_clean": [
    "angry",
    "angry",
    "yes"
  ],
  "emo_pred_adv": [
    "happy",
    "happy",
    "yes"
  ],
  "asr_text_clean": "Yes, I can play chess.",
  "asr_text_adv": "Yes, I can play chess.",
  "success_emo": false,
  "wer": 0.0,
  "delta_linf": 0.008000016212463379,
  "delta_l2": 1.482469916343689,
  "snr_db": 18.624643283486417,
  "grad_norm_trace": [
    703.322509765625,
    86.25234985351562,
    144.582763671875,
    60.25735855102539,
    33.64445114135742,
    40.19952392578125,
    78.56402587890625,
    27.04280662536621,
    36.922828674316406,
    29.21354866027832,
    39.92169189453125,
    32.97959899902344,
    32.25279998779297,
    20.22110939025879,
    16.35470199584961,
    18.479236602783203,
    19.535686492919922,
    46.125999450683594,
    18.02553367614746,
    28.954761505126953,
    26.634056091308594,
    20.5233097076416,
    16.25372886657715,
    24.066335678100586,
    28.861957550048828,
    36.3148078918457,
    19.434907913208008,
    43.79438400268555,
    25.627647399902344,
    22.136289596557617,
    42.70783233642578,
    29.19357681274414,
    27.75780487060547,
    31.178600311279297,
    23.425926208496094,
    29.09162712097168,
    26.659921646118164,
    19.178573608398438,
    34.03350830078125,
    73.7354507446289,
    50.4405517578125,
    28.131086349487305,
    16.245834350585938,
    30.068742752075195,
    18.534557342529297,
    35.44546890258789,
    19.2576847076416,
    30.875343322753906,
    23.013574600219727,
    29.28928565979004,
    18.623207092285156,
    26.555755615234375,
    42.02404022216797,
    81.65764617919922,
    26.887794494628906,
    22.412206649780273,
    38.628822326660156,
    32.48048400878906,
    30.99272346496582,
    23.4124813079834
  ],
  "loss_trace": [
    {
      "step": 0,
      "total": 7.481453561830521,
      "emo": 7.48144006729126,
      "asr": 0.13494539260864258,
      "per": 0.0,
      "lambda_emo": 1.0,
      "lambda_asr": 0.0001,
      "lambda_per": 0.0
    },
    {
      "step": 1,
      "total": 5.8946943318396805,
      "emo": 5.894680023193359,
      "asr": 0.14308646321296692,
      "per": 0.0243483055382967,
      "lambda_emo": 1.0,
      "lambda_asr": 0.0001,
      "lambda_per": 0.0
    },
    {
      "step": 2,
      "total": 3.8565225086316466,
      "emo": 3.8565025329589844,
      "asr": 0.19975672662258148,
      "per": 0.03822794929146767,
      "lambda_emo": 1.0,
      "lambda_asr": 0.0001,
      "lambda_per": 0.0
    },
    {
      "step": 3,
      "total": 3.500470344556868,
      "emo": 3.5004489421844482,
      "asr": 0.21402372419834137,
      "per": 0.04089050367474556,
      "lambda_emo": 1.0,
      "lambda_asr": 0.0001,
      "lambda_per": 0.0
    },
    {
      "step": 4,
      "total": 3.2350544728130104,
      "emo": 3.2350270748138428,
      "asr": 0.2739799916744232,
      "per": 0.06130938604474068,
      "lambda_emo": 1.0,
      "lambda_asr": 0.0001,
      "lambda_per": 0.0
    },
    {
      "step": 5,
      "total": 3.3475094724953176,
      "emo": 3.347477912902832,
      "asr": 0.31559592485427856,
      "per": 0.0679437592625618,
      "lambda_emo": 1.0,
      "lambda_asr": 0.0001,
      "lambda_per": 0.0
    },
    {
      "step": 6,
      "total": 3.325418140463531,
      "emo": 3.325394868850708,
      "asr": 0.2327161282300949,
      "per": 0.05150238052010536,
      "lambda_emo": 1.0,
      "lambda_asr": 0.0001,
      "lambda_per": 0.0
    },
    {
      "step": 7,
      "total": 3.049550214791298,
      "emo": 3.0495243072509766,
      "asr": 0.259075403213501,
      "per": 0.06566599756479263,
      "lambda_emo": 1.0,
      "lambda_asr": 0.0001,
      "lambda_per": 0.0
    },
    {
      "step": 8,
      "total": 3.086865601298213,
      "emo": 3.0868418216705322,
      "asr": 0.23779627680778503,
      "per": 0.06786500662565231,
      "lambda_emo": 1.0,
      "lambda_asr": 0.0001,
      "lambda_per": 0.0
    },
    {
      "step": 9,
      "total": 2.907770029756427,
      "emo": 2.907735824584961,
      "asr": 0.3420517146587372,
      "per": 0.07264644652605057,
      "lambda_emo": 1.0,
      "lambda_asr": 0.0001,
      "lambda_per": 0.0
    },
    {
      "step": 10,
      "total": 2.845973613511026,
      "emo": 2.8459503650665283,
      "asr": 0.23248444497585297,
      "per": 0.06651199609041214,
      "lambda_emo": 1.0,
      "lambda_asr": 0.0001,
      "lambda_per": 0.0
    },
    {
      "step": 11,
      "total": 3.042539969523251,
      "emo": 3.042515516281128,
      "asr": 0.24453242123126984,
      "per": 0.058858972042798996,
      "lambda_emo": 1.0,
      "lambda_asr": 0.0001,
      "lambda_per": 0.0
    },
    {
      "step": 12,
      "total": 2.8805620981544258,
      "emo": 2.8805313110351562,
      "asr": 0.3078711926937103,
      "per": 0.07468879222869873,
      "lambda_emo": 1.0,
      "lambda_asr": 0.0001,
      "lambda_per": 0.0
    },
    {
      "step": 13,
      "total": 2.7767307033866646,
      "emo": 2.776700258255005,
      "asr": 0.3044513165950775,
      "per": 0.06957193464040756,
      "lambda_emo": 1.0,
      "lambda_asr": 0.0001,
      "lambda_per": 0.0
    },
    {
      "step": 14,
      "total": 2.700453190857172,
      "emo": 2.700425386428833,
      "asr": 0.27804428339004517,
      "per": 0.05616800859570503,
      "lambda_emo": 1.0,
      "lambda_asr": 0.0001,
      "lambda_per": 0.0
    },
    {
      "step": 15,
      "total": 2.5667294035583734,
      "emo": 2.566702365875244,
      "asr": 0.2703768312931061,
      "per": 0.07523622363805771,
      "lambda_emo": 1.0,
      "lambda_asr": 0.0001,
      "lambda_per": 0.0
    },
    {
      "step": 16,
      "total": 2.582328847068548,
      "emo": 2.5823028087615967,
      "asr": 0.26038306951522827,
      "per": 0.05272864177823067,
      "lambda_emo": 1.0,
      "lambda_asr": 0.0001,
      "lambda_per": 0.0
    },
    {
      "step": 17,
      "total": 2.5063466171234845,
      "emo": 2.5063183307647705,
      "asr": 0.282863587141037,
      "per": 0.0684736967086792,
      "lambda_emo": 1.0,
      "lambda_asr": 0.0001,
      "lambda_per": 0.0
    },
    {
      "step": 18,
      "total": 2.401331187683344,
      "emo": 2.4013047218322754,
      "asr": 0.26465851068496704,
      "per": 0.06043962016701698,
      "lambda_emo": 1.0,
      "lambda_asr": 0.0001,
      "lambda_per": 0.0
    },
    {
      "step": 19,
      "total": 2.416684785240889,
      "emo": 2.416658639907837,
      "asr": 0.2614533305168152,
      "per": 0.06576937437057495,
      "lambda_emo": 1.0,
      "lambda_asr": 0.0001,
      "lambda_per": 0.0
    },
    {
      "step": 20,
      "total": 2.27349385384053,
      "emo": 2.2706878185272217,
      "asr": 0.2805507779121399,
      "per": 0.05275341868400574,
      "lambda_emo": 1.0,
      "lambda_asr": 0.01,
      "lambda_per": 1e-05
    },
    {
      "step": 21,
      "total": 2.28033129831627,
      "emo": 2.2772932052612305,
      "asr": 0.3037410080432892,
      "per": 0.06829746067523956,
      "lambda_emo": 1.0,
      "lambda_asr": 0.01,
      "lambda_per": 1e-05
    },
    {
      "step": 22,
      "total": 2.280045914658606,
      "emo": 2.2770063877105713,
      "asr": 0.30387991666793823,
      "per": 0.0727781355381012,
      "lambda_emo": 1.0,
      "lambda_asr": 0.01,
      "lambda_per": 1e-05
    },
    {
      "step": 23,
      "total": 2.120020371664241,
      "emo": 2.117464303970337,
      "asr": 0.2555382251739502,
      "per": 0.06854421645402908,
      "lambda_emo": 1.0,
      "lambda_asr": 0.01,
      "lambda_per": 1e-05
    },
    {
      "step": 24,
      "total": 2.006401778199784,
      "emo": 2.0035605430603027,