{
  "n_samples": 197,
  "n_layers": 36,
  "mean_margins": [
    -0.16309550404548645,
    -0.10358378291130066,
    -0.07859345525503159,
    -0.08807899802923203,
    -0.03204314783215523,
    -0.028370503336191177,
    -0.04853193461894989,
    -0.025707999244332314,
    -0.029744142666459084,
    0.02805068902671337,
    0.01225536409765482,
    -0.006150647532194853,
    0.016311567276716232,
    0.013744993135333061,
    0.03326880931854248,
    -0.03353029862046242,
    0.027237558737397194,
    0.036001138389110565,
    0.032676272094249725,
    0.04064708948135376,
    -0.001893638982437551,
    0.028443003073334694,
    -0.25996020436286926,
    -0.544393002986908,
    -0.8472987413406372,
    -1.5439592599868774,
    -1.9888761043548584,
    -2.3569509983062744,
    -2.4608383178710938,
    -2.835174083709717,
    -3.7494447231292725,
    -3.386183261871338,
    -3.5161008834838867,
    -3.4994447231292725,
    -2.534184694290161,
    -1.8077411651611328
  ],
  "std_margins": [
    4.293235778808594,
    4.853562831878662,
    4.381391525268555,
    3.5333516597747803,
    1.3457415103912354,
    2.7429378032684326,
    3.2321643829345703,
    4.074581146240234,
    3.7332348823547363,
    3.986280679702759,
    4.054855823516846,
    4.007584095001221,
    4.465114593505859,
    3.884758710861206,
    3.5509517192840576,
    3.345435857772827,
    3.3358941078186035,
    3.376263380050659,
    3.364359140396118,
    4.209664821624756,
    3.587324619293213,
    3.8428080081939697,
    3.530463695526123,
    3.763237714767456,
    4.589138507843018,
    3.4773333072662354,
    5.0026326179504395,
    4.877937316894531,
    5.42924165725708,
    7.817138671875,
    6.750272274017334,
    6.343924045562744,
    6.444530487060547,
    11.014613151550293,
    6.411007881164551,
    6.369722366333008
  ],
  "win_semantic": [
    0.19796954314720813,
    0.19796954314720813,
    0.19796954314720813,
    0.19796954314720813,
    0.19796954314720813,
    0.19796954314720813,
    0.19796954314720813,
    0.19796954314720813,
    0.19796954314720813,
    0.19796954314720813,
    0.19796954314720813,
    0.19796954314720813,
    0.19796954314720813,
    0.19796954314720813,
    0.19796954314720813,
    0.19796954314720813,
    0.19796954314720813,
    0.19796954314720813,
    0.19796954314720813,
    0.19796954314720813,
    0.19796954314720813,
    0.19796954314720813,
    0.19796954314720813,
    0.20812182741116753,
    0.36548223350253806,
    0.47715736040609136,
    0.5025380710659898,
    0.5431472081218274,
    0.5482233502538071,
    0.4416243654822335,
    0.6192893401015228,
    0.5279187817258884,
    0.5786802030456852,
    0.45685279187817257,
    0.4720812182741117,
    0.37055837563451777
  ],
  "win_prosody": [
    0.20304568527918782,
    0.20304568527918782,
    0.20304568527918782,
    0.20304568527918782,
    0.20304568527918782,
    0.20304568527918782,
    0.20304568527918782,
    0.20304568527918782,
    0.20304568527918782,
    0.20304568527918782,
    0.20304568527918782,
    0.20304568527918782,
    0.20304568527918782,
    0.20304568527918782,
    0.20304568527918782,
    0.20304568527918782,
    0.20304568527918782,
    0.20304568527918782,
    0.20304568527918782,
    0.20304568527918782,
    0.20304568527918782,
    0.20304568527918782,
    0.20304568527918782,
    0.2436548223350254,
    0.3248730964467005,
    0.233502538071066,
    0.24873096446700507,
    0.2436548223350254,
    0.2131979695431472,
    0.3147208121827411,
    0.2233502538071066,
    0.28426395939086296,
    0.26903553299492383,
    0.29441624365482233,
    0.27918781725888325,
    0.3299492385786802
  ],
  "win_other": [
    0.5989847715736041,
    0.5989847715736041,
    0.5989847715736041,
    0.5989847715736041,
    0.5989847715736041,
    0.5989847715736041,
    0.5989847715736041,
    0.5989847715736041,
    0.5989847715736041,
    0.5989847715736041,
    0.5989847715736041,
    0.5989847715736041,
    0.5989847715736041,
    0.5989847715736041,
    0.5989847715736041,
    0.5989847715736041,
    0.5989847715736041,
    0.5989847715736041,
    0.5989847715736041,
    0.5989847715736041,
    0.5989847715736041,
    0.5989847715736041,
    0.5989847715736041,
    0.5482233502538071,
    0.3096446700507614,
    0.2893401015228426,
    0.24873096446700507,
    0.2131979695431472,
    0.23857868020304568,
    0.2436548223350254,
    0.15736040609137056,
    0.18781725888324874,
    0.15228426395939088,
    0.24873096446700507,
    0.24873096446700507,
    0.29949238578680204
  ]
}