emo_success_rate,joint_success_le_0.0,joint_success_le_0.05,num_samples,wer_le_0.0,wer_le_0.05
0.8253164556962025,0.08607594936708861,0.08607594936708861,395,0.10126582278481013,0.10126582278481013
