{
  "sample_id": "00027_0001_angry_0001_000427",
  "path": "/data1/lixiang/ESD/CN/0001/Angry/0001_000427.wav",
  "speaker_id": "0001",
  "ground_truth_emotion": "angry",
  "target_emotion": "happy",
  "emo_text_clean": [
    "Angry",
    "Angry",
    "Angry"
  ],
  "emo_text_adv": [
    "Happy",
    "Happy",
    "Happy"
  ],
  "emo_pred_clean": [
    "angry",
    "angry",
    "angry"
  ],
  "emo_pred_adv": [
    "happy",
    "happy",
    "happy"
  ],
  "asr_text_clean": "\u4ed6\u4eec\u8fc7\u6765\u4e86",
  "asr_text_adv": "\u505a\u5a5a\u793c\u8fdb\u884c\u66f2\u65f6\u4ed6\u4eec\u8fc7\u6765\u4e86",
  "success_emo": true,
  "wer": 1.0,
  "delta_linf": 0.008000001311302185,
  "delta_l2": 1.4333370923995972,
  "snr_db": 19.427786049085164,
  "grad_norm_trace": [
    152.7940673828125,
    1273.7138671875,
    56.90993881225586,
    75.25656127929688,
    73.94471740722656,
    31.30906105041504,
    14.13723087310791,
    25.318815231323242,
    11.076313018798828,
    13.555381774902344,
    18.34563446044922,
    28.535829544067383,
    24.288774490356445,
    22.678524017333984,
    20.799121856689453,
    16.987247467041016,
    16.563676834106445,
    13.595012664794922,
    8.616853713989258,
    9.110082626342773,
    13.202874183654785,
    12.008896827697754,
    12.70465087890625,
    15.452677726745605,
    17.351322174072266,
    11.41025161743164,
    14.881361961364746,
    11.641222953796387,
    16.86576271057129,
    20.53913116455078,
    10.962471961975098,
    8.804122924804688,
    45.90524673461914,
    9.921120643615723,
    11.597254753112793,
    8.625924110412598,
    15.339231491088867,
    8.877656936645508,
    11.354230880737305,
    10.106673240661621,
    29.793264389038086,
    8.036725997924805,
    15.995043754577637,
    11.322713851928711,
    9.091983795166016,
    12.536985397338867,
    17.21628761291504,
    21.903379440307617,
    12.782637596130371,
    28.697647094726562,
    14.601112365722656,
    15.352452278137207,
    23.264955520629883,
    12.998235702514648,
    11.782753944396973,
    26.650455474853516,
    10.788473129272461,
    11.99795913696289,
    11.99876880645752,
    20.242603302001953
  ],
  "loss_trace": [
    {
      "step": 0,
      "total": 7.734372008788585,
      "emo": 7.734333038330078,
      "asr": 0.3897045850753784,
      "per": 0.0,
      "lambda_emo": 1.0,
      "lambda_asr": 0.0001,
      "lambda_per": 0.0
    },
    {
      "step": 1,
      "total": 4.261509835517407,
      "emo": 4.261471748352051,
      "asr": 0.38087165355682373,
      "per": 0.019581696018576622,
      "lambda_emo": 1.0,
      "lambda_asr": 0.0001,
      "lambda_per": 0.0
    },
    {
      "step": 2,
      "total": 3.3485923569321634,
      "emo": 3.3485465049743652,
      "asr": 0.4585195779800415,
      "per": 0.037596676498651505,
      "lambda_emo": 1.0,
      "lambda_asr": 0.0001,
      "lambda_per": 0.0
    },
    {
      "step": 3,
      "total": 3.510825292724371,
      "emo": 3.5107696056365967,
      "asr": 0.5568708777427673,
      "per": 0.05792389437556267,
      "lambda_emo": 1.0,
      "lambda_asr": 0.0001,
      "lambda_per": 0.0
    },
    {
      "step": 4,
      "total": 3.401401229149103,
      "emo": 3.4013328552246094,
      "asr": 0.6837392449378967,
      "per": 0.0593436174094677,
      "lambda_emo": 1.0,
      "lambda_asr": 0.0001,
      "lambda_per": 0.0
    },
    {
      "step": 5,
      "total": 3.306368557369709,
      "emo": 3.306312322616577,
      "asr": 0.5623475313186646,
      "per": 0.05715320259332657,
      "lambda_emo": 1.0,
      "lambda_asr": 0.0001,
      "lambda_per": 0.0
    },
    {
      "step": 6,
      "total": 2.9312445403039455,
      "emo": 2.9311740398406982,
      "asr": 0.7050046324729919,
      "per": 0.06204519793391228,
      "lambda_emo": 1.0,
      "lambda_asr": 0.0001,
      "lambda_per": 0.0
    },
    {
      "step": 7,
      "total": 3.209283804500103,
      "emo": 3.209223747253418,
      "asr": 0.6005724668502808,
      "per": 0.06248534470796585,
      "lambda_emo": 1.0,
      "lambda_asr": 0.0001,
      "lambda_per": 0.0
    },
    {
      "step": 8,
      "total": 3.1499715802133084,
      "emo": 3.149906635284424,
      "asr": 0.6494492888450623,
      "per": 0.06639544665813446,
      "lambda_emo": 1.0,
      "lambda_asr": 0.0001,
      "lambda_per": 0.0
    },
    {
      "step": 9,
      "total": 2.8194352479934692,
      "emo": 2.8193671703338623,
      "asr": 0.6807765960693359,
      "per": 0.07169681787490845,
      "lambda_emo": 1.0,
      "lambda_asr": 0.0001,
      "lambda_per": 0.0
    },
    {
      "step": 10,
      "total": 2.852318695688248,
      "emo": 2.852247714996338,
      "asr": 0.7098069190979004,
      "per": 0.05944633483886719,
      "lambda_emo": 1.0,
      "lambda_asr": 0.0001,
      "lambda_per": 0.0
    },
    {
      "step": 11,
      "total": 2.878588277417421,
      "emo": 2.878519058227539,
      "asr": 0.6921918988227844,
      "per": 0.0777117908000946,
      "lambda_emo": 1.0,
      "lambda_asr": 0.0001,
      "lambda_per": 0.0
    },
    {
      "step": 12,
      "total": 3.1256756956577303,
      "emo": 3.1256070137023926,
      "asr": 0.6868195533752441,
      "per": 0.07109185308218002,
      "lambda_emo": 1.0,
      "lambda_asr": 0.0001,
      "lambda_per": 0.0
    },
    {
      "step": 13,
      "total": 2.8186276280760767,
      "emo": 2.818561553955078,
      "asr": 0.6607412099838257,
      "per": 0.060524433851242065,
      "lambda_emo": 1.0,
      "lambda_asr": 0.0001,
      "lambda_per": 0.0
    },
    {
      "step": 14,
      "total": 2.8184860660910607,
      "emo": 2.8184237480163574,
      "asr": 0.6231807470321655,
      "per": 0.0839979350566864,
      "lambda_emo": 1.0,
      "lambda_asr": 0.0001,
      "lambda_per": 0.0
    },
    {
      "step": 15,
      "total": 3.0495861143290997,
      "emo": 3.049525022506714,
      "asr": 0.6109182238578796,
      "per": 0.07670794427394867,
      "lambda_emo": 1.0,
      "lambda_asr": 0.0001,
      "lambda_per": 0.0
    },
    {
      "step": 16,
      "total": 2.9667489967644216,
      "emo": 2.9666900634765625,
      "asr": 0.5893328785896301,
      "per": 0.0651359111070633,
      "lambda_emo": 1.0,
      "lambda_asr": 0.0001,
      "lambda_per": 0.0
    },
    {
      "step": 17,
      "total": 2.951985126173496,
      "emo": 2.951920986175537,
      "asr": 0.6413999795913696,
      "per": 0.07970216125249863,
      "lambda_emo": 1.0,
      "lambda_asr": 0.0001,
      "lambda_per": 0.0
    },
    {
      "step": 18,
      "total": 2.5784330233812334,
      "emo": 2.578360080718994,
      "asr": 0.7294266223907471,
      "per": 0.06482246518135071,
      "lambda_emo": 1.0,
      "lambda_asr": 0.0001,
      "lambda_per": 0.0
    },
    {
      "step": 19,
      "total": 2.7370805844366553,
      "emo": 2.737003803253174,
      "asr": 0.7678118348121643,
      "per": 0.08760921657085419,
      "lambda_emo": 1.0,
      "lambda_asr": 0.0001,
      "lambda_per": 0.0
    },
    {
      "step": 20,
      "total": 2.8606050010480732,
      "emo": 2.8534183502197266,
      "asr": 0.7185912132263184,
      "per": 0.07386960834264755,
      "lambda_emo": 1.0,
      "lambda_asr": 0.01,
      "lambda_per": 1e-05
    },
    {
      "step": 21,
      "total": 2.8142760787596552,
      "emo": 2.807361125946045,
      "asr": 0.6914328932762146,
      "per": 0.06238808482885361,
      "lambda_emo": 1.0,
      "lambda_asr": 0.01,
      "lambda_per": 1e-05
    },
    {
      "step": 22,
      "total": 2.5946123414275797,
      "emo": 2.5877199172973633,
      "asr": 0.6891624927520752,
      "per": 0.07992026954889297,
      "lambda_emo": 1.0,
      "lambda_asr": 0.01,
      "lambda_per": 1e-05
    },
    {
      "step": 23,
      "total": 2.649983933938891,
      "emo": 2.6416754722595215,
      "asr": 0.8307746052742004,
      "per": 0.07156266272068024,
      "lambda_emo": 1.0,
      "lambda_asr": 0.01,