{
  "sample_id": "00046_0001_angry_0001_000687",
  "path": "/data1/lixiang/ESD/CN/0001/Angry/0001_000687.wav",
  "speaker_id": "0001",
  "ground_truth_emotion": "angry",
  "target_emotion": "happy",
  "emo_text_clean": [
    "Angry",
    "Angry",
    "\u4f60\u542c\u8d77\u6765"
  ],
  "emo_text_adv": [
    "happy",
    "happy",
    "happy"
  ],
  "emo_pred_clean": [
    "angry",
    "angry",
    ""
  ],
  "emo_pred_adv": [
    "happy",
    "happy",
    "happy"
  ],
  "asr_text_clean": "\u4f60\u542c\u8d77\u6765",
  "asr_text_adv": "\u4f60\u770b\u8d77\u6765\u771f\u9ad8\u5174\uff0c\u773c\u775b\u90fd\u4eae\u6676\u6676\u7684\u5462\u3002",
  "success_emo": true,
  "wer": 1.0,
  "delta_linf": 0.008000016212463379,
  "delta_l2": 1.433488368988037,
  "snr_db": 18.509732268895654,
  "grad_norm_trace": [
    274.4273986816406,
    235.79115295410156,
    61.36565017700195,
    66.44255828857422,
    41.863216400146484,
    28.314424514770508,
    15.179730415344238,
    27.841299057006836,
    15.509234428405762,
    24.516752243041992,
    9.830404281616211,
    8.817282676696777,
    7.225813388824463,
    18.563413619995117,
    20.656177520751953,
    13.14143180847168,
    14.65603256225586,
    12.155455589294434,
    10.99046516418457,
    12.057992935180664,
    25.199033737182617,
    9.66894245147705,
    8.698553085327148,
    15.434211730957031,
    40.9081916809082,
    22.34007453918457,
    18.308780670166016,
    13.898609161376953,
    17.525531768798828,
    18.00143051147461,
    11.668850898742676,
    60.45696258544922,
    13.227659225463867,
    18.664079666137695,
    14.654956817626953,
    28.83964729309082,
    26.490461349487305,
    24.236244201660156,
    19.138498306274414,
    12.781719207763672,
    26.423152923583984,
    24.64585304260254,
    9.336599349975586,
    10.43126392364502,
    20.646841049194336,
    10.490756034851074,
    11.690744400024414,
    11.250398635864258,
    11.089437484741211,
    39.27595901489258,
    12.836381912231445,
    31.74325942993164,
    10.130008697509766,
    12.167253494262695,
    12.560845375061035,
    14.330883979797363,
    16.46140480041504,
    24.628358840942383,
    11.233552932739258,
    16.648630142211914
  ],
  "loss_trace": [
    {
      "step": 0,
      "total": 4.0667519551992415,
      "emo": 4.066728591918945,
      "asr": 0.23363280296325684,
      "per": 0.0,
      "lambda_emo": 1.0,
      "lambda_asr": 0.0001,
      "lambda_per": 0.0
    },
    {
      "step": 1,
      "total": 3.1994955659031867,
      "emo": 3.1994376182556152,
      "asr": 0.5794764757156372,
      "per": 0.024694358929991722,
      "lambda_emo": 1.0,
      "lambda_asr": 0.0001,
      "lambda_per": 0.0
    },
    {
      "step": 2,
      "total": 2.2949962584733963,
      "emo": 2.2948687076568604,
      "asr": 1.275508165359497,
      "per": 0.044150128960609436,
      "lambda_emo": 1.0,
      "lambda_asr": 0.0001,
      "lambda_per": 0.0
    },
    {
      "step": 3,
      "total": 1.958424128007889,
      "emo": 1.9583053588867188,
      "asr": 1.1876912117004395,
      "per": 0.0450974702835083,
      "lambda_emo": 1.0,
      "lambda_asr": 0.0001,
      "lambda_per": 0.0
    },
    {
      "step": 4,
      "total": 1.7417264690876006,
      "emo": 1.741606593132019,
      "asr": 1.1987595558166504,
      "per": 0.06144774705171585,
      "lambda_emo": 1.0,
      "lambda_asr": 0.0001,
      "lambda_per": 0.0
    },
    {
      "step": 5,
      "total": 1.4921247251868248,
      "emo": 1.4920262098312378,
      "asr": 0.9851535558700562,
      "per": 0.06776780635118484,
      "lambda_emo": 1.0,
      "lambda_asr": 0.0001,
      "lambda_per": 0.0
    },
    {
      "step": 6,
      "total": 1.5691969720602035,
      "emo": 1.5690925121307373,
      "asr": 1.0445992946624756,
      "per": 0.05882931873202324,
      "lambda_emo": 1.0,
      "lambda_asr": 0.0001,
      "lambda_per": 0.0
    },
    {
      "step": 7,
      "total": 1.6004872713685037,
      "emo": 1.6004054546356201,
      "asr": 0.8181673288345337,
      "per": 0.06137567013502121,
      "lambda_emo": 1.0,
      "lambda_asr": 0.0001,
      "lambda_per": 0.0
    },
    {
      "step": 8,
      "total": 1.4001512861549854,
      "emo": 1.4000619649887085,
      "asr": 0.8932116627693176,
      "per": 0.0767216831445694,
      "lambda_emo": 1.0,
      "lambda_asr": 0.0001,
      "lambda_per": 0.0
    },
    {
      "step": 9,
      "total": 1.64114800863266,
      "emo": 1.6410411596298218,
      "asr": 1.0684900283813477,
      "per": 0.056813936680555344,
      "lambda_emo": 1.0,
      "lambda_asr": 0.0001,
      "lambda_per": 0.0
    },
    {
      "step": 10,
      "total": 1.2817759383678435,
      "emo": 1.2816873788833618,
      "asr": 0.8855948448181152,
      "per": 0.06794988363981247,
      "lambda_emo": 1.0,
      "lambda_asr": 0.0001,
      "lambda_per": 0.0
    },
    {
      "step": 11,
      "total": 1.23162647883296,
      "emo": 1.2315394878387451,
      "asr": 0.869909942150116,
      "per": 0.07860114425420761,
      "lambda_emo": 1.0,
      "lambda_asr": 0.0001,
      "lambda_per": 0.0
    },
    {
      "step": 12,
      "total": 1.2171657303452492,
      "emo": 1.2170822620391846,
      "asr": 0.8346830606460571,
      "per": 0.07284195721149445,
      "lambda_emo": 1.0,
      "lambda_asr": 0.0001,
      "lambda_per": 0.0
    },
    {
      "step": 13,
      "total": 1.3789296296477318,
      "emo": 1.3788312673568726,
      "asr": 0.9836229085922241,
      "per": 0.07798854261636734,
      "lambda_emo": 1.0,
      "lambda_asr": 0.0001,
      "lambda_per": 0.0
    },
    {
      "step": 14,
      "total": 1.244573700940609,
      "emo": 1.244476079940796,
      "asr": 0.9762099981307983,
      "per": 0.06893735378980637,
      "lambda_emo": 1.0,
      "lambda_asr": 0.0001,
      "lambda_per": 0.0
    },
    {
      "step": 15,
      "total": 1.2308063477277755,
      "emo": 1.230705738067627,
      "asr": 1.006096601486206,
      "per": 0.06690368056297302,
      "lambda_emo": 1.0,
      "lambda_asr": 0.0001,
      "lambda_per": 0.0
    },
    {
      "step": 16,
      "total": 1.224956182217598,
      "emo": 1.2248553037643433,
      "asr": 1.008784532546997,
      "per": 0.055469926446676254,
      "lambda_emo": 1.0,
      "lambda_asr": 0.0001,
      "lambda_per": 0.0
    },
    {
      "step": 17,
      "total": 1.1371807676374912,
      "emo": 1.137086272239685,
      "asr": 0.944953978061676,
      "per": 0.05763998255133629,
      "lambda_emo": 1.0,
      "lambda_asr": 0.0001,
      "lambda_per": 0.0
    },
    {
      "step": 18,
      "total": 1.1043856045663356,
      "emo": 1.104297399520874,
      "asr": 0.8820504546165466,
      "per": 0.07813587784767151,
      "lambda_emo": 1.0,
      "lambda_asr": 0.0001,
      "lambda_per": 0.0
    },
    {
      "step": 19,
      "total": 1.166654252487421,
      "emo": 1.1665780544281006,
      "asr": 0.7619805932044983,
      "per": 0.07864545285701752,
      "lambda_emo": 1.0,
      "lambda_asr": 0.0001,
      "lambda_per": 0.0
    },
    {
      "step": 20,
      "total": 1.17851994687967,
      "emo": 1.1684105396270752,
      "asr": 1.0108686685562134,
      "per": 0.07205670326948166,
      "lambda_emo": 1.0,
      "lambda_asr": 0.01,
      "lambda_per": 1e-05
    },
    {
      "step": 21,
      "total": 0.9714705465546251,
      "emo": 0.9631595611572266,
      "asr": 0.8310282826423645,
      "per": 0.07025709748268127,
      "lambda_emo": 1.0,
      "lambda_asr": 0.01,
      "lambda_per": 1e-05
    },
    {
      "step": 22,
      "total": 0.9743782534416765,
      "emo": 0.9671239852905273,
      "asr": 0.7253563404083252,
      "per": 0.07047470659017563,
      "lambda_emo": 1.0,
      "lambda_asr": 0.01,
      "lambda_per": 1e-05
    },
    {
      "step": 23,
      "total": 0.985755349330008,
      "emo": 0.9786348342895508,
      "asr": 0.711995005607605,
      "per": 0.056498438119888306,
      "lambda_emo": 1.0,
      "lambda_asr": 0.01,