{
  "sample_id": "00056_0001_angry_0001_000546",
  "path": "/data1/lixiang/ESD/CN/0001/Angry/0001_000546.wav",
  "speaker_id": "0001",
  "ground_truth_emotion": "angry",
  "target_emotion": "happy",
  "emo_text_clean": [
    "Angry.",
    "Angry.",
    "\u4f60\u542c\u8d77\u6765"
  ],
  "emo_text_adv": [
    "Happy",
    "Happy",
    "Happy"
  ],
  "emo_pred_clean": [
    "angry",
    "angry",
    ""
  ],
  "emo_pred_adv": [
    "happy",
    "happy",
    "happy"
  ],
  "asr_text_clean": "\u6211\u997f\u4e86\uff0c\u60f3\u53bb\u5403\u70b9\u4e1c\u897f\u3002",
  "asr_text_adv": "\u6211\u997f\u4e86\uff0c\u6211\u60f3\u53bb\u5403\u4e1c\u897f\u3002",
  "success_emo": true,
  "wer": 1.0,
  "delta_linf": 0.008000016212463379,
  "delta_l2": 1.3262652158737183,
  "snr_db": 20.578088209647944,
  "grad_norm_trace": [
    93.03357696533203,
    186.80470275878906,
    197.4232940673828,
    46.10733413696289,
    33.64459991455078,
    88.547607421875,
    50.526607513427734,
    25.58601188659668,
    38.450260162353516,
    41.058990478515625,
    19.811254501342773,
    37.96741485595703,
    34.143367767333984,
    55.19694900512695,
    25.100406646728516,
    18.487613677978516,
    53.45844650268555,
    27.460674285888672,
    56.807167053222656,
    28.059335708618164,
    26.280548095703125,
    36.14604187011719,
    57.36370086669922,
    26.46702003479004,
    136.8466033935547,
    44.4824104309082,
    51.167545318603516,
    76.45807647705078,
    30.241546630859375,
    33.28602981567383,
    21.61351203918457,
    41.51360321044922,
    26.268863677978516,
    44.631168365478516,
    56.65121841430664,
    29.97806167602539,
    38.897830963134766,
    22.55514907836914,
    39.036415100097656,
    34.52238464355469,
    40.548423767089844,
    37.88396072387695,
    54.53199768066406,
    57.099369049072266,
    22.521499633789062,
    64.19264221191406,
    28.861976623535156,
    43.88862228393555,
    43.1585807800293,
    45.071197509765625,
    21.2292423248291,
    29.439884185791016,
    33.074825286865234,
    19.32845115661621,
    28.186742782592773,
    37.15144729614258,
    22.44575309753418,
    32.2094612121582,
    26.335954666137695,
    24.335601806640625
  ],
  "loss_trace": [
    {
      "step": 0,
      "total": 13.833407545028628,
      "emo": 13.833393096923828,
      "asr": 0.14448104798793793,
      "per": 0.0,
      "lambda_emo": 1.0,
      "lambda_asr": 0.0001,
      "lambda_per": 0.0
    },
    {
      "step": 1,
      "total": 12.843488092310727,
      "emo": 12.843478202819824,
      "asr": 0.09889490902423859,
      "per": 0.023624686524271965,
      "lambda_emo": 1.0,
      "lambda_asr": 0.0001,
      "lambda_per": 0.0
    },
    {
      "step": 2,
      "total": 7.217511271327734,
      "emo": 7.217486381530762,
      "asr": 0.2488979697227478,
      "per": 0.03936642035841942,
      "lambda_emo": 1.0,
      "lambda_asr": 0.0001,
      "lambda_per": 0.0
    },
    {
      "step": 3,
      "total": 5.940178687053919,
      "emo": 5.940148830413818,
      "asr": 0.29856640100479126,
      "per": 0.05637676641345024,
      "lambda_emo": 1.0,
      "lambda_asr": 0.0001,
      "lambda_per": 0.0
    },
    {
      "step": 4,
      "total": 5.571237594243884,
      "emo": 5.571196556091309,
      "asr": 0.4103815257549286,
      "per": 0.06292568147182465,
      "lambda_emo": 1.0,
      "lambda_asr": 0.0001,
      "lambda_per": 0.0
    },
    {
      "step": 5,
      "total": 5.943860882526636,
      "emo": 5.9438323974609375,
      "asr": 0.2848506569862366,
      "per": 0.05906260013580322,
      "lambda_emo": 1.0,
      "lambda_asr": 0.0001,
      "lambda_per": 0.0
    },
    {
      "step": 6,
      "total": 5.670135222259164,
      "emo": 5.670100212097168,
      "asr": 0.35010161995887756,
      "per": 0.04826929792761803,
      "lambda_emo": 1.0,
      "lambda_asr": 0.0001,
      "lambda_per": 0.0
    },
    {
      "step": 7,
      "total": 5.47719091283083,
      "emo": 5.477148056030273,
      "asr": 0.4285680055618286,
      "per": 0.07109542936086655,
      "lambda_emo": 1.0,
      "lambda_asr": 0.0001,
      "lambda_per": 0.0
    },
    {
      "step": 8,
      "total": 5.278356857860088,
      "emo": 5.278314113616943,
      "asr": 0.42744243144989014,
      "per": 0.06400761008262634,
      "lambda_emo": 1.0,
      "lambda_asr": 0.0001,
      "lambda_per": 0.0
    },
    {
      "step": 9,
      "total": 5.530867058175803,
      "emo": 5.530831813812256,
      "asr": 0.3524436354637146,
      "per": 0.07305493950843811,
      "lambda_emo": 1.0,
      "lambda_asr": 0.0001,
      "lambda_per": 0.0
    },
    {
      "step": 10,
      "total": 5.349619521847368,
      "emo": 5.349590301513672,
      "asr": 0.2922033369541168,
      "per": 0.059705089777708054,
      "lambda_emo": 1.0,
      "lambda_asr": 0.0001,
      "lambda_per": 0.0
    },
    {
      "step": 11,
      "total": 5.1464594993531705,
      "emo": 5.146414756774902,
      "asr": 0.4474257826805115,
      "per": 0.06668487191200256,
      "lambda_emo": 1.0,
      "lambda_asr": 0.0001,
      "lambda_per": 0.0
    },
    {
      "step": 12,
      "total": 5.01838513981998,
      "emo": 5.018343448638916,
      "asr": 0.4169118106365204,
      "per": 0.06240260228514671,
      "lambda_emo": 1.0,
      "lambda_asr": 0.0001,
      "lambda_per": 0.0
    },
    {
      "step": 13,
      "total": 5.012677828633786,
      "emo": 5.012645244598389,
      "asr": 0.3258403539657593,
      "per": 0.06604298204183578,
      "lambda_emo": 1.0,
      "lambda_asr": 0.0001,
      "lambda_per": 0.0
    },
    {
      "step": 14,
      "total": 4.980691348984838,
      "emo": 4.980649948120117,
      "asr": 0.41400864720344543,
      "per": 0.07106304168701172,
      "lambda_emo": 1.0,
      "lambda_asr": 0.0001,
      "lambda_per": 0.0
    },
    {
      "step": 15,
      "total": 4.889905612957477,
      "emo": 4.889871597290039,
      "asr": 0.3401566743850708,
      "per": 0.056931935250759125,
      "lambda_emo": 1.0,
      "lambda_asr": 0.0001,
      "lambda_per": 0.0
    },
    {
      "step": 16,
      "total": 4.79154093452096,
      "emo": 4.791500568389893,
      "asr": 0.40366131067276,
      "per": 0.06117483600974083,
      "lambda_emo": 1.0,
      "lambda_asr": 0.0001,
      "lambda_per": 0.0
    },
    {
      "step": 17,
      "total": 4.5551122845977545,
      "emo": 4.555079936981201,
      "asr": 0.3234761655330658,
      "per": 0.07397255301475525,
      "lambda_emo": 1.0,
      "lambda_asr": 0.0001,
      "lambda_per": 0.0
    },
    {
      "step": 18,
      "total": 4.552067361354828,
      "emo": 4.552026271820068,
      "asr": 0.41089534759521484,
      "per": 0.06197153776884079,
      "lambda_emo": 1.0,
      "lambda_asr": 0.0001,
      "lambda_per": 0.0
    },
    {
      "step": 19,
      "total": 4.558169046318531,
      "emo": 4.5581254959106445,
      "asr": 0.43550407886505127,
      "per": 0.06867792457342148,
      "lambda_emo": 1.0,
      "lambda_asr": 0.0001,
      "lambda_per": 0.0
    },
    {
      "step": 20,
      "total": 4.2140674911279605,
      "emo": 4.209622859954834,
      "asr": 0.4444071352481842,
      "per": 0.055982064455747604,
      "lambda_emo": 1.0,
      "lambda_asr": 0.01,
      "lambda_per": 1e-05
    },
    {
      "step": 21,
      "total": 4.224541233595535,
      "emo": 4.221228122711182,
      "asr": 0.33124804496765137,
      "per": 0.06304346770048141,
      "lambda_emo": 1.0,
      "lambda_asr": 0.01,
      "lambda_per": 1e-05
    },
    {
      "step": 22,
      "total": 4.249110667074248,
      "emo": 4.244497299194336,
      "asr": 0.46126487851142883,
      "per": 0.07190947979688644,
      "lambda_emo": 1.0,
      "lambda_asr": 0.01,
      "lambda_per": 1e-05
    },
    {
      "step": 23,
      "total": 3.9544680464792252,
      "emo": 3.9502265453338623,
      "asr": 0.42409762740135193,
      "per": 0.05248713493347168,
      "lambda_emo": 1.0,
      "lambda_asr": 0.01,