{
  "sample_id": "00094_0001_angry_0001_000650",
  "path": "/data1/lixiang/ESD/CN/0001/Angry/0001_000650.wav",
  "speaker_id": "0001",
  "ground_truth_emotion": "angry",
  "target_emotion": "happy",
  "emo_text_clean": [
    "Angry",
    "Angry",
    "\u4f60\u542c\u8d77\u6765"
  ],
  "emo_text_adv": [
    "Happy",
    "happy",
    "happy"
  ],
  "emo_pred_clean": [
    "angry",
    "angry",
    ""
  ],
  "emo_pred_adv": [
    "happy",
    "happy",
    "happy"
  ],
  "asr_text_clean": "\u8fd9\u4e2a\uff0c\u6211\u76f8\u4fe1\uff0c\u6211\u662f\u767b\u5c71\u7231\u597d\u8005\u3002",
  "asr_text_adv": "\u8fd9\u4e2a\u6211\u76f8\u4fe1\u6211\u662f\u8d5b\u8f66\u7231\u597d\u8005",
  "success_emo": true,
  "wer": 1.0,
  "delta_linf": 0.008000016212463379,
  "delta_l2": 1.3698986768722534,
  "snr_db": 20.226665323886174,
  "grad_norm_trace": [
    220.4866180419922,
    225.08299255371094,
    280.9012451171875,
    148.54229736328125,
    72.1906967163086,
    108.27030181884766,
    49.39372253417969,
    35.555973052978516,
    51.020076751708984,
    69.79007720947266,
    21.922697067260742,
    25.159870147705078,
    20.803390502929688,
    26.871068954467773,
    24.166351318359375,
    21.131078720092773,
    20.39160919189453,
    14.80252742767334,
    18.47825813293457,
    15.607673645019531,
    8.889676094055176,
    17.3624267578125,
    35.2900505065918,
    24.229379653930664,
    43.60404968261719,
    41.0499153137207,
    42.08308410644531,
    31.660478591918945,
    38.8331413269043,
    43.04667663574219,
    48.52152633666992,
    66.0410385131836,
    51.95903396606445,
    24.09717559814453,
    26.23042869567871,
    88.48308563232422,
    33.185203552246094,
    73.28968811035156,
    95.32783508300781,
    50.51994323730469,
    59.679805755615234,
    36.17401123046875,
    39.1448974609375,
    56.57866668701172,
    39.05385971069336,
    53.23625183105469,
    45.78114318847656,
    49.80315399169922,
    35.24380111694336,
    31.240299224853516,
    16.84342384338379,
    24.943445205688477,
    44.86445617675781,
    33.467552185058594,
    30.94285774230957,
    34.12588882446289,
    17.50684356689453,
    49.36015701293945,
    28.92918586730957,
    17.0964412689209
  ],
  "loss_trace": [
    {
      "step": 0,
      "total": 11.21342509610653,
      "emo": 11.213397026062012,
      "asr": 0.2807004451751709,
      "per": 0.0,
      "lambda_emo": 1.0,
      "lambda_asr": 0.0001,
      "lambda_per": 0.0
    },
    {
      "step": 1,
      "total": 9.736712284871937,
      "emo": 9.736688613891602,
      "asr": 0.2367098033428192,
      "per": 0.024056416004896164,
      "lambda_emo": 1.0,
      "lambda_asr": 0.0001,
      "lambda_per": 0.0
    },
    {
      "step": 2,
      "total": 5.346014395928383,
      "emo": 5.345971584320068,
      "asr": 0.4281160831451416,
      "per": 0.04393153637647629,
      "lambda_emo": 1.0,
      "lambda_asr": 0.0001,
      "lambda_per": 0.0
    },
    {
      "step": 3,
      "total": 5.097080089125037,
      "emo": 5.097039222717285,
      "asr": 0.4086640775203705,
      "per": 0.05389275774359703,
      "lambda_emo": 1.0,
      "lambda_asr": 0.0001,
      "lambda_per": 0.0
    },
    {
      "step": 4,
      "total": 4.643363098105788,
      "emo": 4.64332389831543,
      "asr": 0.39199790358543396,
      "per": 0.04556633532047272,
      "lambda_emo": 1.0,
      "lambda_asr": 0.0001,
      "lambda_per": 0.0
    },
    {
      "step": 5,
      "total": 4.48530782083869,
      "emo": 4.485263824462891,
      "asr": 0.43996375799179077,
      "per": 0.048974405974149704,
      "lambda_emo": 1.0,
      "lambda_asr": 0.0001,
      "lambda_per": 0.0
    },
    {
      "step": 6,
      "total": 4.081923297220468,
      "emo": 4.081872940063477,
      "asr": 0.5035715699195862,
      "per": 0.05865185707807541,
      "lambda_emo": 1.0,
      "lambda_asr": 0.0001,
      "lambda_per": 0.0
    },
    {
      "step": 7,
      "total": 3.701600553652644,
      "emo": 3.7015528678894043,
      "asr": 0.47685763239860535,
      "per": 0.056777965277433395,
      "lambda_emo": 1.0,
      "lambda_asr": 0.0001,
      "lambda_per": 0.0
    },
    {
      "step": 8,
      "total": 3.26130365152359,
      "emo": 3.2612667083740234,
      "asr": 0.3694314956665039,
      "per": 0.055479638278484344,
      "lambda_emo": 1.0,
      "lambda_asr": 0.0001,
      "lambda_per": 0.0
    },
    {
      "step": 9,
      "total": 3.062322611939907,
      "emo": 3.062279462814331,
      "asr": 0.43149125576019287,
      "per": 0.053759604692459106,
      "lambda_emo": 1.0,
      "lambda_asr": 0.0001,
      "lambda_per": 0.0
    },
    {
      "step": 10,
      "total": 2.7777853750526904,
      "emo": 2.7777342796325684,
      "asr": 0.5109542012214661,
      "per": 0.06071124225854874,
      "lambda_emo": 1.0,
      "lambda_asr": 0.0001,
      "lambda_per": 0.0
    },
    {
      "step": 11,
      "total": 2.7502871513724325,
      "emo": 2.750251531600952,
      "asr": 0.356197714805603,
      "per": 0.06803476810455322,
      "lambda_emo": 1.0,
      "lambda_asr": 0.0001,
      "lambda_per": 0.0
    },
    {
      "step": 12,
      "total": 2.750215993335843,
      "emo": 2.750185489654541,
      "asr": 0.3050368130207062,
      "per": 0.07039329409599304,
      "lambda_emo": 1.0,
      "lambda_asr": 0.0001,
      "lambda_per": 0.0
    },
    {
      "step": 13,
      "total": 2.7658399297177794,
      "emo": 2.765798568725586,
      "asr": 0.41360992193222046,
      "per": 0.07664245367050171,
      "lambda_emo": 1.0,
      "lambda_asr": 0.0001,
      "lambda_per": 0.0
    },
    {
      "step": 14,
      "total": 2.725692774400115,
      "emo": 2.7256486415863037,
      "asr": 0.44132813811302185,
      "per": 0.05744156241416931,
      "lambda_emo": 1.0,
      "lambda_asr": 0.0001,
      "lambda_per": 0.0
    },
    {
      "step": 15,
      "total": 2.536219188630581,
      "emo": 2.5361828804016113,
      "asr": 0.36308228969573975,
      "per": 0.06830757856369019,
      "lambda_emo": 1.0,
      "lambda_asr": 0.0001,
      "lambda_per": 0.0
    },
    {
      "step": 16,
      "total": 2.6024910900652407,
      "emo": 2.602443218231201,
      "asr": 0.4787183403968811,
      "per": 0.06409168243408203,
      "lambda_emo": 1.0,
      "lambda_asr": 0.0001,
      "lambda_per": 0.0
    },
    {
      "step": 17,
      "total": 2.5596589963436127,
      "emo": 2.5596156120300293,
      "asr": 0.43384313583374023,
      "per": 0.06798694282770157,
      "lambda_emo": 1.0,
      "lambda_asr": 0.0001,
      "lambda_per": 0.0
    },
    {
      "step": 18,
      "total": 2.4754438872486353,
      "emo": 2.4753994941711426,
      "asr": 0.4439307749271393,
      "per": 0.057317718863487244,
      "lambda_emo": 1.0,
      "lambda_asr": 0.0001,
      "lambda_per": 0.0
    },
    {
      "step": 19,
      "total": 2.4239265858262775,
      "emo": 2.42388916015625,
      "asr": 0.3742567002773285,
      "per": 0.06722402572631836,
      "lambda_emo": 1.0,
      "lambda_asr": 0.0001,
      "lambda_per": 0.0
    },
    {
      "step": 20,
      "total": 2.287623531468585,
      "emo": 2.284111976623535,
      "asr": 0.35109642148017883,
      "per": 0.05906302481889725,
      "lambda_emo": 1.0,
      "lambda_asr": 0.01,
      "lambda_per": 1e-05
    },
    {
      "step": 21,
      "total": 2.306542582668364,
      "emo": 2.3017468452453613,
      "asr": 0.47951480746269226,
      "per": 0.05893483757972717,
      "lambda_emo": 1.0,
      "lambda_asr": 0.01,
      "lambda_per": 1e-05
    },
    {
      "step": 22,
      "total": 2.3453550105534497,
      "emo": 2.341942310333252,
      "asr": 0.3412064015865326,
      "per": 0.0636204332113266,
      "lambda_emo": 1.0,
      "lambda_asr": 0.01,
      "lambda_per": 1e-05
    },
    {
      "step": 23,
      "total": 2.1358140827473253,
      "emo": 2.1327061653137207,
      "asr": 0.31072187423706055,
      "per": 0.06986912339925766,
      "lambda_emo": 1.0,