{
  "sample_id": "00097_0001_angry_0001_000606",
  "path": "/data1/lixiang/ESD/CN/0001/Angry/0001_000606.wav",
  "speaker_id": "0001",
  "ground_truth_emotion": "angry",
  "target_emotion": "happy",
  "emo_text_clean": [
    "Angry",
    "Angry",
    "\u966a\u4f60"
  ],
  "emo_text_adv": [
    "Happy",
    "happy",
    "happy"
  ],
  "emo_pred_clean": [
    "angry",
    "angry",
    ""
  ],
  "emo_pred_adv": [
    "happy",
    "happy",
    "happy"
  ],
  "asr_text_clean": "\u966a\u4f60",
  "asr_text_adv": "\u966a\u4f60",
  "success_emo": true,
  "wer": 0.0,
  "delta_linf": 0.008000016212463379,
  "delta_l2": 1.2328276634216309,
  "snr_db": 19.547842230898166,
  "grad_norm_trace": [
    251.91444396972656,
    683.7630615234375,
    340.6841125488281,
    49.047706604003906,
    46.35694885253906,
    61.3228759765625,
    76.14279174804688,
    58.272918701171875,
    26.307165145874023,
    50.1338005065918,
    40.4058952331543,
    37.398765563964844,
    37.08774185180664,
    24.547101974487305,
    25.63486099243164,
    47.43519592285156,
    45.00355911254883,
    30.559362411499023,
    46.737144470214844,
    54.722633361816406,
    56.46349334716797,
    40.922386169433594,
    54.04957580566406,
    37.02737045288086,
    36.018951416015625,
    33.27227020263672,
    43.26338577270508,
    36.01594161987305,
    23.407644271850586,
    25.173791885375977,
    27.19906997680664,
    40.546024322509766,
    56.74802780151367,
    15.180678367614746,
    24.487369537353516,
    54.592247009277344,
    20.767932891845703,
    26.70640754699707,
    150.3405303955078,
    62.262229919433594,
    28.574792861938477,
    23.800567626953125,
    28.214069366455078,
    67.87326049804688,
    18.077190399169922,
    24.957963943481445,
    28.8488712310791,
    36.03988265991211,
    21.215925216674805,
    41.15504455566406,
    31.638263702392578,
    37.41422653198242,
    20.47452163696289,
    22.446409225463867,
    20.547494888305664,
    23.62384033203125,
    42.3702392578125,
    24.644607543945312,
    44.144351959228516,
    26.17658805847168
  ],
  "loss_trace": [
    {
      "step": 0,
      "total": 9.555386718726158,
      "emo": 9.555259704589844,
      "asr": 1.270141363143921,
      "per": 0.0,
      "lambda_emo": 1.0,
      "lambda_asr": 0.0001,
      "lambda_per": 0.0
    },
    {
      "step": 1,
      "total": 8.690804899668693,
      "emo": 8.69063949584961,
      "asr": 1.6540381908416748,
      "per": 0.025082211941480637,
      "lambda_emo": 1.0,
      "lambda_asr": 0.0001,
      "lambda_per": 0.0
    },
    {
      "step": 2,
      "total": 5.126822679042816,
      "emo": 5.126586437225342,
      "asr": 2.3624181747436523,
      "per": 0.03224996477365494,
      "lambda_emo": 1.0,
      "lambda_asr": 0.0001,
      "lambda_per": 0.0
    },
    {
      "step": 3,
      "total": 4.7772618847370145,
      "emo": 4.7770538330078125,
      "asr": 2.080517292022705,
      "per": 0.0409204363822937,
      "lambda_emo": 1.0,
      "lambda_asr": 0.0001,
      "lambda_per": 0.0
    },
    {
      "step": 4,
      "total": 4.0812220991134645,
      "emo": 4.081002712249756,
      "asr": 2.193868637084961,
      "per": 0.06225692853331566,
      "lambda_emo": 1.0,
      "lambda_asr": 0.0001,
      "lambda_per": 0.0
    },
    {
      "step": 5,
      "total": 3.791052313327789,
      "emo": 3.7908434867858887,
      "asr": 2.0882654190063477,
      "per": 0.06077560409903526,
      "lambda_emo": 1.0,
      "lambda_asr": 0.0001,
      "lambda_per": 0.0
    },
    {
      "step": 6,
      "total": 3.933663944196701,
      "emo": 3.9334559440612793,
      "asr": 2.0800013542175293,
      "per": 0.04993560537695885,
      "lambda_emo": 1.0,
      "lambda_asr": 0.0001,
      "lambda_per": 0.0
    },
    {
      "step": 7,
      "total": 3.9680248356103895,
      "emo": 3.9678943157196045,
      "asr": 1.3051989078521729,
      "per": 0.060190349817276,
      "lambda_emo": 1.0,
      "lambda_asr": 0.0001,
      "lambda_per": 0.0
    },
    {
      "step": 8,
      "total": 3.4022551376342776,
      "emo": 3.402069091796875,
      "asr": 1.8604583740234375,
      "per": 0.06080985069274902,
      "lambda_emo": 1.0,
      "lambda_asr": 0.0001,
      "lambda_per": 0.0
    },
    {
      "step": 9,
      "total": 3.371102790760994,
      "emo": 3.3709473609924316,
      "asr": 1.554297685623169,
      "per": 0.07313252985477448,
      "lambda_emo": 1.0,
      "lambda_asr": 0.0001,
      "lambda_per": 0.0
    },
    {
      "step": 10,
      "total": 3.4512917683124544,
      "emo": 3.451110363006592,
      "asr": 1.8140530586242676,
      "per": 0.06605589389801025,
      "lambda_emo": 1.0,
      "lambda_asr": 0.0001,
      "lambda_per": 0.0
    },
    {
      "step": 11,
      "total": 3.349761118102074,
      "emo": 3.3495595455169678,
      "asr": 2.01572585105896,
      "per": 0.07544989138841629,
      "lambda_emo": 1.0,
      "lambda_asr": 0.0001,
      "lambda_per": 0.0
    },
    {
      "step": 12,
      "total": 3.3515605702519418,
      "emo": 3.3513917922973633,
      "asr": 1.6877795457839966,
      "per": 0.05699615180492401,
      "lambda_emo": 1.0,
      "lambda_asr": 0.0001,
      "lambda_per": 0.0
    },
    {
      "step": 13,
      "total": 3.025490103495121,
      "emo": 3.025336265563965,
      "asr": 1.5383793115615845,
      "per": 0.0671440064907074,
      "lambda_emo": 1.0,
      "lambda_asr": 0.0001,
      "lambda_per": 0.0
    },
    {
      "step": 14,
      "total": 2.748998775792122,
      "emo": 2.748840093612671,
      "asr": 1.5868217945098877,
      "per": 0.060006946325302124,
      "lambda_emo": 1.0,
      "lambda_asr": 0.0001,
      "lambda_per": 0.0
    },
    {
      "step": 15,
      "total": 2.8653048575758935,
      "emo": 2.865142345428467,
      "asr": 1.6251214742660522,
      "per": 0.05690063536167145,
      "lambda_emo": 1.0,
      "lambda_asr": 0.0001,
      "lambda_per": 0.0
    },
    {
      "step": 16,
      "total": 2.536711222958565,
      "emo": 2.536491870880127,
      "asr": 2.1935207843780518,
      "per": 0.08018761873245239,
      "lambda_emo": 1.0,
      "lambda_asr": 0.0001,
      "lambda_per": 0.0
    },
    {
      "step": 17,
      "total": 2.992046949207783,
      "emo": 2.9919071197509766,
      "asr": 1.3982945680618286,
      "per": 0.07949898391962051,
      "lambda_emo": 1.0,
      "lambda_asr": 0.0001,
      "lambda_per": 0.0
    },
    {
      "step": 18,
      "total": 2.7656287478685377,
      "emo": 2.7654664516448975,
      "asr": 1.622962236404419,
      "per": 0.07800878584384918,
      "lambda_emo": 1.0,
      "lambda_asr": 0.0001,
      "lambda_per": 0.0
    },
    {
      "step": 19,
      "total": 2.5355255811810493,
      "emo": 2.5353903770446777,
      "asr": 1.3520413637161255,
      "per": 0.055830225348472595,
      "lambda_emo": 1.0,
      "lambda_asr": 0.0001,
      "lambda_per": 0.0
    },
    {
      "step": 20,
      "total": 2.8406815872091054,
      "emo": 2.815609931945801,
      "asr": 2.507096529006958,
      "per": 0.068997323513031,
      "lambda_emo": 1.0,
      "lambda_asr": 0.01,
      "lambda_per": 1e-05
    },
    {
      "step": 21,
      "total": 2.8061240880477425,
      "emo": 2.7859370708465576,
      "asr": 2.018637180328369,
      "per": 0.06453979015350342,
      "lambda_emo": 1.0,
      "lambda_asr": 0.01,
      "lambda_per": 1e-05
    },
    {
      "step": 22,
      "total": 2.380671959574372,
      "emo": 2.3656258583068848,
      "asr": 1.5045435428619385,
      "per": 0.06658388674259186,
      "lambda_emo": 1.0,
      "lambda_asr": 0.01,
      "lambda_per": 1e-05
    },
    {
      "step": 23,
      "total": 2.6161349619230627,
      "emo": 2.5980796813964844,
      "asr": 1.8054572343826294,
      "per": 0.07081827521324158,
      "lambda_emo": 1.0,
      "lambda_asr": 0.01,
      "lambda_per": 1e-05
    },
    {
      "step": 24,
      "total": 2.610315658481419,
      "emo": 2.5911214351654053,