{
  "sample_id": "00126_0001_neutral_0001_000021",
  "path": "/data1/lixiang/ESD/CN/0001/Neutral/0001_000021.wav",
  "speaker_id": "0001",
  "ground_truth_emotion": "neutral",
  "target_emotion": "happy",
  "emo_text_clean": [
    "Neutral",
    "Neutral",
    "\u6700\u540e\u4e00\u4e2a"
  ],
  "emo_text_adv": [
    "Happy",
    "happy",
    "happy"
  ],
  "emo_pred_clean": [
    "neutral",
    "neutral",
    ""
  ],
  "emo_pred_adv": [
    "happy",
    "happy",
    "happy"
  ],
  "asr_text_clean": "\u6700\u540e\u4e00\u4e2a",
  "asr_text_adv": "\u597d\u7684\uff0c\u6211\u6765\u5e2e\u4f60\u8f6c\u5f55\u3002",
  "success_emo": true,
  "wer": 1.0,
  "delta_linf": 0.008000016212463379,
  "delta_l2": 1.722533941268921,
  "snr_db": 26.22223360086542,
  "grad_norm_trace": [
    326.6787414550781,
    431.5534973144531,
    75.33883666992188,
    51.953285217285156,
    111.02783966064453,
    72.75850677490234,
    14.219253540039062,
    17.923389434814453,
    21.93647003173828,
    30.59743309020996,
    32.90164566040039,
    23.42790985107422,
    230.38584899902344,
    25.081113815307617,
    15.83262825012207,
    22.01630973815918,
    10.74009895324707,
    16.07633399963379,
    9.701287269592285,
    11.211687088012695,
    23.28645896911621,
    8.73666000366211,
    16.131820678710938,
    11.976804733276367,
    10.245722770690918,
    11.835976600646973,
    11.391895294189453,
    7.774723052978516,
    12.720867156982422,
    15.419819831848145,
    17.914024353027344,
    10.68203353881836,
    8.226701736450195,
    12.699525833129883,
    7.470496654510498,
    7.025431156158447,
    6.993224143981934,
    7.68837308883667,
    11.617522239685059,
    8.154169082641602,
    9.483922958374023,
    13.7095365524292,
    8.083903312683105,
    22.162599563598633,
    11.056707382202148,
    17.154354095458984,
    10.25484561920166,
    9.293951034545898,
    11.796875953674316,
    10.792928695678711,
    22.390289306640625,
    19.060070037841797,
    10.416204452514648,
    8.194432258605957,
    29.284276962280273,
    18.00288963317871,
    21.75853157043457,
    9.115859031677246,
    12.650084495544434,
    13.162006378173828
  ],
  "loss_trace": [
    {
      "step": 0,
      "total": 6.965302820420265,
      "emo": 6.965075969696045,
      "asr": 2.268507242202759,
      "per": 0.0,
      "lambda_emo": 1.0,
      "lambda_asr": 0.0001,
      "lambda_per": 0.0
    },
    {
      "step": 1,
      "total": 6.397784734535217,
      "emo": 6.397632598876953,
      "asr": 1.5213565826416016,
      "per": 0.02189302071928978,
      "lambda_emo": 1.0,
      "lambda_asr": 0.0001,
      "lambda_per": 0.0
    },
    {
      "step": 2,
      "total": 5.136902464151382,
      "emo": 5.136672019958496,
      "asr": 2.3044419288635254,
      "per": 0.03877462446689606,
      "lambda_emo": 1.0,
      "lambda_asr": 0.0001,
      "lambda_per": 0.0
    },
    {
      "step": 3,
      "total": 4.699660671746731,
      "emo": 4.699475288391113,
      "asr": 1.853833556175232,
      "per": 0.049788713455200195,
      "lambda_emo": 1.0,
      "lambda_asr": 0.0001,
      "lambda_per": 0.0
    },
    {
      "step": 4,
      "total": 3.8677397038817407,
      "emo": 3.86755633354187,
      "asr": 1.8337033987045288,
      "per": 0.06044534593820572,
      "lambda_emo": 1.0,
      "lambda_asr": 0.0001,
      "lambda_per": 0.0
    },
    {
      "step": 5,
      "total": 3.4241622468948365,
      "emo": 3.4238250255584717,
      "asr": 3.372213363647461,
      "per": 0.056097954511642456,
      "lambda_emo": 1.0,
      "lambda_asr": 0.0001,
      "lambda_per": 0.0
    },
    {
      "step": 6,
      "total": 3.18730368270874,
      "emo": 3.186959743499756,
      "asr": 3.43939208984375,
      "per": 0.059316422790288925,
      "lambda_emo": 1.0,
      "lambda_asr": 0.0001,
      "lambda_per": 0.0
    },
    {
      "step": 7,
      "total": 3.1667505752801897,
      "emo": 3.1664044857025146,
      "asr": 3.4608957767486572,
      "per": 0.0697515606880188,
      "lambda_emo": 1.0,
      "lambda_asr": 0.0001,
      "lambda_per": 0.0
    },
    {
      "step": 8,
      "total": 3.0064654281139376,
      "emo": 3.006093978881836,
      "asr": 3.7144923210144043,
      "per": 0.06671011447906494,
      "lambda_emo": 1.0,
      "lambda_asr": 0.0001,
      "lambda_per": 0.0
    },
    {
      "step": 9,
      "total": 3.117452458238602,
      "emo": 3.117086887359619,
      "asr": 3.6557087898254395,
      "per": 0.06020747870206833,
      "lambda_emo": 1.0,
      "lambda_asr": 0.0001,
      "lambda_per": 0.0
    },
    {
      "step": 10,
      "total": 3.2374167869091033,
      "emo": 3.2370834350585938,
      "asr": 3.3335185050964355,
      "per": 0.06773889809846878,
      "lambda_emo": 1.0,
      "lambda_asr": 0.0001,
      "lambda_per": 0.0
    },
    {
      "step": 11,
      "total": 3.2601094876766203,
      "emo": 3.2597062587738037,
      "asr": 4.032289028167725,
      "per": 0.05626776069402695,
      "lambda_emo": 1.0,
      "lambda_asr": 0.0001,
      "lambda_per": 0.0
    },
    {
      "step": 12,
      "total": 3.0485063559055328,
      "emo": 3.048130750656128,
      "asr": 3.7560524940490723,
      "per": 0.06547444313764572,
      "lambda_emo": 1.0,
      "lambda_asr": 0.0001,
      "lambda_per": 0.0
    },
    {
      "step": 13,
      "total": 2.7713415488004682,
      "emo": 2.7709693908691406,
      "asr": 3.7215793132781982,
      "per": 0.06298763304948807,
      "lambda_emo": 1.0,
      "lambda_asr": 0.0001,
      "lambda_per": 0.0
    },
    {
      "step": 14,
      "total": 2.7694259239435195,
      "emo": 2.7691121101379395,
      "asr": 3.1381380558013916,
      "per": 0.06745389103889465,
      "lambda_emo": 1.0,
      "lambda_asr": 0.0001,
      "lambda_per": 0.0
    },
    {
      "step": 15,
      "total": 2.822981552553177,
      "emo": 2.8226547241210938,
      "asr": 3.268284320831299,
      "per": 0.066026471555233,
      "lambda_emo": 1.0,
      "lambda_asr": 0.0001,
      "lambda_per": 0.0
    },
    {
      "step": 16,
      "total": 2.6472958954811094,
      "emo": 2.647001028060913,
      "asr": 2.948674201965332,
      "per": 0.05644140765070915,
      "lambda_emo": 1.0,
      "lambda_asr": 0.0001,
      "lambda_per": 0.0
    },
    {
      "step": 17,
      "total": 2.6182488530158996,
      "emo": 2.6179490089416504,
      "asr": 2.998440742492676,
      "per": 0.07211259007453918,
      "lambda_emo": 1.0,
      "lambda_asr": 0.0001,
      "lambda_per": 0.0
    },
    {
      "step": 18,
      "total": 2.580331241130829,
      "emo": 2.580005645751953,
      "asr": 3.255953788757324,
      "per": 0.07227816432714462,
      "lambda_emo": 1.0,
      "lambda_asr": 0.0001,
      "lambda_per": 0.0
    },
    {
      "step": 19,
      "total": 2.493836885404587,
      "emo": 2.493506669998169,
      "asr": 3.302154064178467,
      "per": 0.06101221963763237,
      "lambda_emo": 1.0,
      "lambda_asr": 0.0001,
      "lambda_per": 0.0
    },
    {
      "step": 20,
      "total": 2.498751627982929,
      "emo": 2.4603867530822754,
      "asr": 3.836423635482788,
      "per": 0.06385458260774612,
      "lambda_emo": 1.0,
      "lambda_asr": 0.01,
      "lambda_per": 1e-05
    },
    {
      "step": 21,
      "total": 2.5009514258254693,
      "emo": 2.4620583057403564,
      "asr": 3.889256000518799,
      "per": 0.0560079924762249,
      "lambda_emo": 1.0,
      "lambda_asr": 0.01,
      "lambda_per": 1e-05
    },
    {
      "step": 22,
      "total": 2.5667948852187394,
      "emo": 2.537651538848877,
      "asr": 2.914280652999878,
      "per": 0.053983986377716064,
      "lambda_emo": 1.0,
      "lambda_asr": 0.01,
      "lambda_per": 1e-05
    },
    {
      "step": 23,
      "total": 2.5573807134672255,
      "emo": 2.5294342041015625,
      "asr": 2.7945759296417236,
      "per": 0.07500692456960678,
      "lambda_emo": 1.0,
      "lambda_asr": 0.01,
      "lambda_per": 1e-05
    },
    {
      "step": 24,