{
  "sample_id": "00174_0001_neutral_0001_000212",
  "path": "/data1/lixiang/ESD/CN/0001/Neutral/0001_000212.wav",
  "speaker_id": "0001",
  "ground_truth_emotion": "neutral",
  "target_emotion": "happy",
  "emo_text_clean": [
    "neutral",
    "neutral",
    "\u6211\u4e5f\u4f1a\u966a\u7740"
  ],
  "emo_text_adv": [
    "happy",
    "happy",
    "happy"
  ],
  "emo_pred_clean": [
    "neutral",
    "neutral",
    ""
  ],
  "emo_pred_adv": [
    "happy",
    "happy",
    "happy"
  ],
  "asr_text_clean": "\u6211\u8fd8\u4f1a\u966a\u4f60",
  "asr_text_adv": "\u6211\u8fd8\u4f1a\u966a\u4f60",
  "success_emo": true,
  "wer": 0.0,
  "delta_linf": 0.008000016212463379,
  "delta_l2": 1.5231304168701172,
  "snr_db": 25.688196681017214,
  "grad_norm_trace": [
    156.52085876464844,
    148.51742553710938,
    121.4866943359375,
    35.10586166381836,
    104.2344970703125,
    41.26788330078125,
    129.1558837890625,
    111.88090515136719,
    47.582515716552734,
    82.14884185791016,
    38.06906509399414,
    66.41632080078125,
    49.92254638671875,
    14.724566459655762,
    25.15500831604004,
    9.747564315795898,
    11.65848159790039,
    12.084587097167969,
    7.637736797332764,
    11.704873085021973,
    10.690679550170898,
    10.873652458190918,
    12.78525447845459,
    10.807880401611328,
    9.71390151977539,
    14.82690715789795,
    12.585577011108398,
    7.353890895843506,
    7.684904098510742,
    9.571419715881348,
    7.270215034484863,
    5.632503509521484,
    7.188035488128662,
    7.794238567352295,
    4.240839958190918,
    4.617410182952881,
    5.700876235961914,
    4.5252461433410645,
    6.771933555603027,
    7.31788969039917,
    5.810731887817383,
    5.429825305938721,
    4.373173713684082,
    10.486104965209961,
    5.641696453094482,
    5.5437331199646,
    6.274871349334717,
    8.229658126831055,
    5.274786949157715,
    3.591442346572876,
    5.257846355438232,
    6.348547458648682,
    4.727330684661865,
    8.096989631652832,
    6.495660781860352,
    16.108848571777344,
    3.9804623126983643,
    3.819234848022461,
    11.141247749328613,
    3.6237573623657227
  ],
  "loss_trace": [
    {
      "step": 0,
      "total": 6.938285454890132,
      "emo": 6.938259124755859,
      "asr": 0.2633013427257538,
      "per": 0.0,
      "lambda_emo": 1.0,
      "lambda_asr": 0.0001,
      "lambda_per": 0.0
    },
    {
      "step": 1,
      "total": 5.442705557748675,
      "emo": 5.442674160003662,
      "asr": 0.31397745013237,
      "per": 0.028491316363215446,
      "lambda_emo": 1.0,
      "lambda_asr": 0.0001,
      "lambda_per": 0.0
    },
    {
      "step": 2,
      "total": 5.226034268021584,
      "emo": 5.226000785827637,
      "asr": 0.3348219394683838,
      "per": 0.031740255653858185,
      "lambda_emo": 1.0,
      "lambda_asr": 0.0001,
      "lambda_per": 0.0
    },
    {
      "step": 3,
      "total": 4.24638882689029,
      "emo": 4.246366024017334,
      "asr": 0.22802872955799103,
      "per": 0.05033211410045624,
      "lambda_emo": 1.0,
      "lambda_asr": 0.0001,
      "lambda_per": 0.0
    },
    {
      "step": 4,
      "total": 3.5196443742260337,
      "emo": 3.519625186920166,
      "asr": 0.19187305867671967,
      "per": 0.061444398015737534,
      "lambda_emo": 1.0,
      "lambda_asr": 0.0001,
      "lambda_per": 0.0
    },
    {
      "step": 5,
      "total": 2.9796333223581315,
      "emo": 2.9796152114868164,
      "asr": 0.18110871315002441,
      "per": 0.04554399102926254,
      "lambda_emo": 1.0,
      "lambda_asr": 0.0001,
      "lambda_per": 0.0
    },
    {
      "step": 6,
      "total": 2.9017744038164617,
      "emo": 2.901752471923828,
      "asr": 0.2193189263343811,
      "per": 0.050236403942108154,
      "lambda_emo": 1.0,
      "lambda_asr": 0.0001,
      "lambda_per": 0.0
    },
    {
      "step": 7,
      "total": 2.293081085501611,
      "emo": 2.293064832687378,
      "asr": 0.1625281423330307,
      "per": 0.0577147901058197,
      "lambda_emo": 1.0,
      "lambda_asr": 0.0001,
      "lambda_per": 0.0
    },
    {
      "step": 8,
      "total": 1.4576505895197391,
      "emo": 1.4576328992843628,
      "asr": 0.17690235376358032,
      "per": 0.060707684606313705,
      "lambda_emo": 1.0,
      "lambda_asr": 0.0001,
      "lambda_per": 0.0
    },
    {
      "step": 9,
      "total": 2.745640498149395,
      "emo": 2.7456202507019043,
      "asr": 0.2024744749069214,
      "per": 0.060658346861600876,
      "lambda_emo": 1.0,
      "lambda_asr": 0.0001,
      "lambda_per": 0.0
    },
    {
      "step": 10,
      "total": 1.6681066133320333,
      "emo": 1.6680887937545776,
      "asr": 0.1781957745552063,
      "per": 0.05090673267841339,
      "lambda_emo": 1.0,
      "lambda_asr": 0.0001,
      "lambda_per": 0.0
    },
    {
      "step": 11,
      "total": 1.832105028256774,
      "emo": 1.832089900970459,
      "asr": 0.15127286314964294,
      "per": 0.06787972152233124,
      "lambda_emo": 1.0,
      "lambda_asr": 0.0001,
      "lambda_per": 0.0
    },
    {
      "step": 12,
      "total": 1.2368066345766187,
      "emo": 1.2367889881134033,
      "asr": 0.17646463215351105,
      "per": 0.06310580670833588,
      "lambda_emo": 1.0,
      "lambda_asr": 0.0001,
      "lambda_per": 0.0
    },
    {
      "step": 13,
      "total": 1.2030456653401256,
      "emo": 1.2030271291732788,
      "asr": 0.18536166846752167,
      "per": 0.06749599426984787,
      "lambda_emo": 1.0,
      "lambda_asr": 0.0001,
      "lambda_per": 0.0
    },
    {
      "step": 14,
      "total": 1.1151987619444728,
      "emo": 1.1151773929595947,
      "asr": 0.21368984878063202,
      "per": 0.061318546533584595,
      "lambda_emo": 1.0,
      "lambda_asr": 0.0001,
      "lambda_per": 0.0
    },
    {
      "step": 15,
      "total": 0.9526597652092575,
      "emo": 0.9526410102844238,
      "asr": 0.18754924833774567,
      "per": 0.07443555444478989,
      "lambda_emo": 1.0,
      "lambda_asr": 0.0001,
      "lambda_per": 0.0
    },
    {
      "step": 16,
      "total": 0.9017056118085981,
      "emo": 0.9016855955123901,
      "asr": 0.20016296207904816,
      "per": 0.06162598729133606,
      "lambda_emo": 1.0,
      "lambda_asr": 0.0001,
      "lambda_per": 0.0
    },
    {
      "step": 17,
      "total": 0.8733887005537748,
      "emo": 0.8733729124069214,
      "asr": 0.1578814685344696,
      "per": 0.05243077874183655,
      "lambda_emo": 1.0,
      "lambda_asr": 0.0001,
      "lambda_per": 0.0
    },
    {
      "step": 18,
      "total": 0.7959805934146047,
      "emo": 0.795964241027832,
      "asr": 0.163523867726326,
      "per": 0.07018238306045532,
      "lambda_emo": 1.0,
      "lambda_asr": 0.0001,
      "lambda_per": 0.0
    },
    {
      "step": 19,
      "total": 0.7611739094898105,
      "emo": 0.7611585855484009,
      "asr": 0.1532394140958786,
      "per": 0.07206648588180542,
      "lambda_emo": 1.0,
      "lambda_asr": 0.0001,
      "lambda_per": 0.0
    },
    {
      "step": 20,
      "total": 0.712572815259546,
      "emo": 0.7112367153167725,
      "asr": 0.13353852927684784,
      "per": 0.07146500051021576,
      "lambda_emo": 1.0,
      "lambda_asr": 0.01,
      "lambda_per": 1e-05
    },
    {
      "step": 21,
      "total": 0.7593998123189062,
      "emo": 0.7578074932098389,
      "asr": 0.15916593372821808,
      "per": 0.06597717851400375,
      "lambda_emo": 1.0,
      "lambda_asr": 0.01,
      "lambda_per": 1e-05
    },
    {
      "step": 22,
      "total": 0.7402046260903775,
      "emo": 0.738537073135376,
      "asr": 0.16667775809764862,
      "per": 0.077537402510643,
      "lambda_emo": 1.0,
      "lambda_asr": 0.01,
      "lambda_per": 1e-05
    },
    {
      "step": 23,
      "total": 0.6442234080170095,
      "emo": 0.6428413391113281,
      "asr": 0.1381290704011917,
      "per": 0.07782016694545746,
      "lambda_emo": 1.0,
      "lambda_asr": 0.01,
      "lambda_per": 1e-05
    },
    {
      "step": 24,