{
  "sample_id": "00204_0001_sad_0001_001188",
  "path": "/data1/lixiang/ESD/CN/0001/Sad/0001_001188.wav",
  "speaker_id": "0001",
  "ground_truth_emotion": "sad",
  "target_emotion": "happy",
  "emo_text_clean": [
    "Sad",
    "Sad",
    "\u542c\u8d77\u6765"
  ],
  "emo_text_adv": [
    "The emotion of the audio is neutral.",
    "happy",
    "\"Surprise!\""
  ],
  "emo_pred_clean": [
    "sad",
    "sad",
    ""
  ],
  "emo_pred_adv": [
    "neutral",
    "happy",
    "surprise"
  ],
  "asr_text_clean": "\u6211\u603b\u662f\u63a7\u5236\u4e0d\u4e86\u5b83",
  "asr_text_adv": "I can't stand it anymore.",
  "success_emo": false,
  "wer": 5.0,
  "delta_linf": 0.008000016212463379,
  "delta_l2": 1.4410755634307861,
  "snr_db": 29.69855067957123,
  "grad_norm_trace": [
    275.3565979003906,
    548.6604614257812,
    49.88042449951172,
    84.7327880859375,
    42.072410583496094,
    156.77371215820312,
    37.36996841430664,
    134.06040954589844,
    65.06224822998047,
    68.89588928222656,
    41.922447204589844,
    24.870222091674805,
    36.57096862792969,
    36.53234100341797,
    27.18685531616211,
    42.9051399230957,
    42.32968521118164,
    58.875362396240234,
    31.06212043762207,
    41.4728889465332,
    21.42896270751953,
    79.84809875488281,
    30.621397018432617,
    42.22653579711914,
    42.37185287475586,
    34.84186553955078,
    76.18135070800781,
    75.69944763183594,
    59.97395706176758,
    119.39668273925781,
    113.7420654296875,
    53.25613021850586,
    25.932636260986328,
    51.01691436767578,
    37.581417083740234,
    34.70238494873047,
    36.82916259765625,
    88.0247573852539,
    40.30927658081055,
    44.8406982421875,
    38.35065460205078,
    56.01423645019531,
    51.0053825378418,
    33.08550262451172,
    77.58873748779297,
    76.63700103759766,
    36.283992767333984,
    29.862028121948242,
    27.360116958618164,
    29.481548309326172,
    44.840816497802734,
    37.881290435791016,
    47.98435592651367,
    29.161861419677734,
    31.8048095703125,
    29.626842498779297,
    44.0449104309082,
    27.111080169677734,
    77.11402130126953,
    51.40020751953125
  ],
  "loss_trace": [
    {
      "step": 0,
      "total": 12.807203276994825,
      "emo": 12.807188987731934,
      "asr": 0.14289262890815735,
      "per": 0.0,
      "lambda_emo": 1.0,
      "lambda_asr": 0.0001,
      "lambda_per": 0.0
    },
    {
      "step": 1,
      "total": 10.762023118141293,
      "emo": 10.76201057434082,
      "asr": 0.12543800473213196,
      "per": 0.022723745554685593,
      "lambda_emo": 1.0,
      "lambda_asr": 0.0001,
      "lambda_per": 0.0
    },
    {
      "step": 2,
      "total": 8.588821297705174,
      "emo": 8.588788986206055,
      "asr": 0.3231149911880493,
      "per": 0.03985361009836197,
      "lambda_emo": 1.0,
      "lambda_asr": 0.0001,
      "lambda_per": 0.0
    },
    {
      "step": 3,
      "total": 7.730755354329943,
      "emo": 7.730737209320068,
      "asr": 0.18145009875297546,
      "per": 0.0506659671664238,
      "lambda_emo": 1.0,
      "lambda_asr": 0.0001,
      "lambda_per": 0.0
    },
    {
      "step": 4,
      "total": 7.92938468593955,
      "emo": 7.929346084594727,
      "asr": 0.3860134482383728,
      "per": 0.06280955672264099,
      "lambda_emo": 1.0,
      "lambda_asr": 0.0001,
      "lambda_per": 0.0
    },
    {
      "step": 5,
      "total": 6.277176995897293,
      "emo": 6.277125835418701,
      "asr": 0.5116047859191895,
      "per": 0.06640513241291046,
      "lambda_emo": 1.0,
      "lambda_asr": 0.0001,
      "lambda_per": 0.0
    },
    {
      "step": 6,
      "total": 7.292815338802337,
      "emo": 7.2927703857421875,
      "asr": 0.44953060150146484,
      "per": 0.06349903345108032,
      "lambda_emo": 1.0,
      "lambda_asr": 0.0001,
      "lambda_per": 0.0
    },
    {
      "step": 7,
      "total": 6.3839187005251645,
      "emo": 6.383883476257324,
      "asr": 0.35224267840385437,
      "per": 0.05965462327003479,
      "lambda_emo": 1.0,
      "lambda_asr": 0.0001,
      "lambda_per": 0.0
    },
    {
      "step": 8,
      "total": 6.919452436441183,
      "emo": 6.9194183349609375,
      "asr": 0.3410148024559021,
      "per": 0.05838722735643387,
      "lambda_emo": 1.0,
      "lambda_asr": 0.0001,
      "lambda_per": 0.0
    },
    {
      "step": 9,
      "total": 6.256158857920766,
      "emo": 6.256127834320068,
      "asr": 0.31023600697517395,
      "per": 0.07350069284439087,
      "lambda_emo": 1.0,
      "lambda_asr": 0.0001,
      "lambda_per": 0.0
    },
    {
      "step": 10,
      "total": 5.629780123433471,
      "emo": 5.629733085632324,
      "asr": 0.47037801146507263,
      "per": 0.056885477155447006,
      "lambda_emo": 1.0,
      "lambda_asr": 0.0001,
      "lambda_per": 0.0
    },
    {
      "step": 11,
      "total": 5.294535417097807,
      "emo": 5.294485092163086,
      "asr": 0.5032493472099304,
      "per": 0.058740824460983276,
      "lambda_emo": 1.0,
      "lambda_asr": 0.0001,
      "lambda_per": 0.0
    },
    {
      "step": 12,
      "total": 5.170049339845777,
      "emo": 5.170010566711426,
      "asr": 0.3877313435077667,
      "per": 0.07058294862508774,
      "lambda_emo": 1.0,
      "lambda_asr": 0.0001,
      "lambda_per": 0.0
    },
    {
      "step": 13,
      "total": 5.132309236800671,
      "emo": 5.132270812988281,
      "asr": 0.3842381238937378,
      "per": 0.06356751918792725,
      "lambda_emo": 1.0,
      "lambda_asr": 0.0001,
      "lambda_per": 0.0
    },
    {
      "step": 14,
      "total": 5.587767462101579,
      "emo": 5.587725639343262,
      "asr": 0.41822758316993713,
      "per": 0.07052026689052582,
      "lambda_emo": 1.0,
      "lambda_asr": 0.0001,
      "lambda_per": 0.0
    },
    {
      "step": 15,
      "total": 5.399724334067106,
      "emo": 5.399672508239746,
      "asr": 0.518258273601532,
      "per": 0.07231947034597397,
      "lambda_emo": 1.0,
      "lambda_asr": 0.0001,
      "lambda_per": 0.0
    },
    {
      "step": 16,
      "total": 4.823461002415419,
      "emo": 4.8234100341796875,
      "asr": 0.5096823573112488,
      "per": 0.06089615821838379,
      "lambda_emo": 1.0,
      "lambda_asr": 0.0001,
      "lambda_per": 0.0
    },
    {
      "step": 17,
      "total": 5.139683963480592,
      "emo": 5.1396379470825195,
      "asr": 0.46016398072242737,
      "per": 0.06974135339260101,
      "lambda_emo": 1.0,
      "lambda_asr": 0.0001,
      "lambda_per": 0.0
    },
    {
      "step": 18,
      "total": 5.0177437018513675,
      "emo": 5.0176544189453125,
      "asr": 0.8928290605545044,
      "per": 0.07392209768295288,
      "lambda_emo": 1.0,
      "lambda_asr": 0.0001,
      "lambda_per": 0.0
    },
    {
      "step": 19,
      "total": 5.087284932541848,
      "emo": 5.087176322937012,
      "asr": 1.0860960483551025,
      "per": 0.06750401109457016,
      "lambda_emo": 1.0,
      "lambda_asr": 0.0001,
      "lambda_per": 0.0
    },
    {
      "step": 20,
      "total": 4.812232027946934,
      "emo": 4.80466365814209,
      "asr": 0.7567612528800964,
      "per": 0.07572760432958603,
      "lambda_emo": 1.0,
      "lambda_asr": 0.01,
      "lambda_per": 1e-05
    },
    {
      "step": 21,
      "total": 4.745812986209207,
      "emo": 4.741156578063965,
      "asr": 0.46558332443237305,
      "per": 0.057490091770887375,
      "lambda_emo": 1.0,
      "lambda_asr": 0.01,
      "lambda_per": 1e-05
    },
    {
      "step": 22,
      "total": 4.339713336610422,
      "emo": 4.334216594696045,
      "asr": 0.5496159791946411,
      "per": 0.058212243020534515,
      "lambda_emo": 1.0,
      "lambda_asr": 0.01,
      "lambda_per": 1e-05
    },
    {
      "step": 23,
      "total": 4.6507338771047815,
      "emo": 4.645133018493652,
      "asr": 0.5600236654281616,
      "per": 0.062195684760808945,
      "lambda_emo": 1.0,
      "lambda_asr": 0.01,
      "lambda_per": 1e-05
    },
    {
      "step": 24,