{
  "sample_id": "00235_0001_sad_0001_001267",
  "path": "/data1/lixiang/ESD/CN/0001/Sad/0001_001267.wav",
  "speaker_id": "0001",
  "ground_truth_emotion": "sad",
  "target_emotion": "happy",
  "emo_text_clean": [
    "Sad",
    "Sad",
    "\u5979\u7684\u6536\u652f"
  ],
  "emo_text_adv": [
    "Happy",
    "Happy",
    "Happy!"
  ],
  "emo_pred_clean": [
    "sad",
    "sad",
    ""
  ],
  "emo_pred_adv": [
    "happy",
    "happy",
    "happy"
  ],
  "asr_text_clean": "\u5979\u7684\u6536\u652f",
  "asr_text_adv": "\u4ed6\u5c0f\u732a\uff0c\u4ed6\u6709\u4e94\u53ea\uff0c\u4ed6\u6709\u4e94\u53ea\u5c0f\u732a\u3002",
  "success_emo": true,
  "wer": 1.0,
  "delta_linf": 0.008000016212463379,
  "delta_l2": 1.6211214065551758,
  "snr_db": 27.8631969722292,
  "grad_norm_trace": [
    66.55630493164062,
    175.98770141601562,
    50.65620803833008,
    48.637733459472656,
    43.807674407958984,
    30.81169319152832,
    53.86122131347656,
    39.194786071777344,
    74.74601745605469,
    29.680395126342773,
    18.60782814025879,
    22.487102508544922,
    31.398244857788086,
    18.934343338012695,
    18.655248641967773,
    22.85646629333496,
    12.212474822998047,
    30.837787628173828,
    17.668272018432617,
    27.42680549621582,
    23.32948112487793,
    22.013774871826172,
    28.643789291381836,
    43.24763870239258,
    71.22251892089844,
    56.029911041259766,
    126.35501861572266,
    33.185428619384766,
    40.67300033569336,
    31.402116775512695,
    45.711761474609375,
    103.71929168701172,
    21.552961349487305,
    16.681312561035156,
    23.846885681152344,
    38.022647857666016,
    35.56803512573242,
    46.23210906982422,
    20.351896286010742,
    43.97303009033203,
    26.433826446533203,
    28.929250717163086,
    27.004568099975586,
    23.704402923583984,
    44.598228454589844,
    23.429481506347656,
    25.923585891723633,
    30.59710693359375,
    17.03209686279297,
    41.80533218383789,
    49.06365966796875,
    48.49189376831055,
    32.61497497558594,
    22.159521102905273,
    42.21116256713867,
    44.15277862548828,
    15.614843368530273,
    94.2735824584961,
    61.740779876708984,
    32.143699645996094
  ],
  "loss_trace": [
    {
      "step": 0,
      "total": 11.28089946411848,
      "emo": 11.28087043762207,
      "asr": 0.29026496410369873,
      "per": 0.0,
      "lambda_emo": 1.0,
      "lambda_asr": 0.0001,
      "lambda_per": 0.0
    },
    {
      "step": 1,
      "total": 8.740232622861862,
      "emo": 8.739969253540039,
      "asr": 2.633693218231201,
      "per": 0.021670211106538773,
      "lambda_emo": 1.0,
      "lambda_asr": 0.0001,
      "lambda_per": 0.0
    },
    {
      "step": 2,
      "total": 7.867821654248238,
      "emo": 7.8675665855407715,
      "asr": 2.550687074661255,
      "per": 0.0336596816778183,
      "lambda_emo": 1.0,
      "lambda_asr": 0.0001,
      "lambda_per": 0.0
    },
    {
      "step": 3,
      "total": 7.092137748098374,
      "emo": 7.091782569885254,
      "asr": 3.5517821311950684,
      "per": 0.055562734603881836,
      "lambda_emo": 1.0,
      "lambda_asr": 0.0001,
      "lambda_per": 0.0
    },
    {
      "step": 4,
      "total": 6.8761662235736845,
      "emo": 6.875800609588623,
      "asr": 3.656139850616455,
      "per": 0.04335222765803337,
      "lambda_emo": 1.0,
      "lambda_asr": 0.0001,
      "lambda_per": 0.0
    },
    {
      "step": 5,
      "total": 6.70312753868103,
      "emo": 6.702807903289795,
      "asr": 3.1963539123535156,
      "per": 0.0535312220454216,
      "lambda_emo": 1.0,
      "lambda_asr": 0.0001,
      "lambda_per": 0.0
    },
    {
      "step": 6,
      "total": 6.171484288311005,
      "emo": 6.170779705047607,
      "asr": 7.045832633972168,
      "per": 0.049173831939697266,
      "lambda_emo": 1.0,
      "lambda_asr": 0.0001,
      "lambda_per": 0.0
    },
    {
      "step": 7,
      "total": 5.663121788883209,
      "emo": 5.662325859069824,
      "asr": 7.959298133850098,
      "per": 0.06438940763473511,
      "lambda_emo": 1.0,
      "lambda_asr": 0.0001,
      "lambda_per": 0.0
    },
    {
      "step": 8,
      "total": 5.47268918018341,
      "emo": 5.471978187561035,
      "asr": 7.109926223754883,
      "per": 0.06685130298137665,
      "lambda_emo": 1.0,
      "lambda_asr": 0.0001,
      "lambda_per": 0.0
    },
    {
      "step": 9,
      "total": 4.7376762298583985,
      "emo": 4.7367262840271,
      "asr": 9.499458312988281,
      "per": 0.07139343023300171,
      "lambda_emo": 1.0,
      "lambda_asr": 0.0001,
      "lambda_per": 0.0
    },
    {
      "step": 10,
      "total": 4.5225078958511356,
      "emo": 4.521669387817383,
      "asr": 8.385080337524414,
      "per": 0.050397586077451706,
      "lambda_emo": 1.0,
      "lambda_asr": 0.0001,
      "lambda_per": 0.0
    },
    {
      "step": 11,
      "total": 4.331497625255585,
      "emo": 4.330638885498047,
      "asr": 8.587397575378418,
      "per": 0.06347180902957916,
      "lambda_emo": 1.0,
      "lambda_asr": 0.0001,
      "lambda_per": 0.0
    },
    {
      "step": 12,
      "total": 4.252980621433258,
      "emo": 4.252172470092773,
      "asr": 8.081513404846191,
      "per": 0.07433058321475983,
      "lambda_emo": 1.0,
      "lambda_asr": 0.0001,
      "lambda_per": 0.0
    },
    {
      "step": 13,
      "total": 4.162453244590759,
      "emo": 4.161559581756592,
      "asr": 8.936628341674805,
      "per": 0.05211465805768967,
      "lambda_emo": 1.0,
      "lambda_asr": 0.0001,
      "lambda_per": 0.0
    },
    {
      "step": 14,
      "total": 3.97978237657547,
      "emo": 3.9788899421691895,
      "asr": 8.924344062805176,
      "per": 0.05420466512441635,
      "lambda_emo": 1.0,
      "lambda_asr": 0.0001,
      "lambda_per": 0.0
    },
    {
      "step": 15,
      "total": 3.797475694656372,
      "emo": 3.7965731620788574,
      "asr": 9.025325775146484,
      "per": 0.058226577937603,
      "lambda_emo": 1.0,
      "lambda_asr": 0.0001,
      "lambda_per": 0.0
    },
    {
      "step": 16,
      "total": 3.630421131324768,
      "emo": 3.629540205001831,
      "asr": 8.809263229370117,
      "per": 0.05259442329406738,
      "lambda_emo": 1.0,
      "lambda_asr": 0.0001,
      "lambda_per": 0.0
    },
    {
      "step": 17,
      "total": 3.5217625838279725,
      "emo": 3.5208938121795654,
      "asr": 8.687716484069824,
      "per": 0.07017352432012558,
      "lambda_emo": 1.0,
      "lambda_asr": 0.0001,
      "lambda_per": 0.0
    },
    {
      "step": 18,
      "total": 3.331277348804474,
      "emo": 3.330390453338623,
      "asr": 8.8689546585083,
      "per": 0.06388064473867416,
      "lambda_emo": 1.0,
      "lambda_asr": 0.0001,
      "lambda_per": 0.0
    },
    {
      "step": 19,
      "total": 3.4708315749168395,
      "emo": 3.469942092895508,
      "asr": 8.894820213317871,
      "per": 0.07624243199825287,
      "lambda_emo": 1.0,
      "lambda_asr": 0.0001,
      "lambda_per": 0.0
    },
    {
      "step": 20,
      "total": 3.1975823836110533,
      "emo": 3.1081314086914062,
      "asr": 8.945022583007812,
      "per": 0.07490895688533783,
      "lambda_emo": 1.0,
      "lambda_asr": 0.01,
      "lambda_per": 1e-05
    },
    {
      "step": 21,
      "total": 3.605830215657204,
      "emo": 3.5144667625427246,
      "asr": 9.136272430419922,
      "per": 0.07288102805614471,
      "lambda_emo": 1.0,
      "lambda_asr": 0.01,
      "lambda_per": 1e-05
    },
    {
      "step": 22,
      "total": 3.307833233401589,
      "emo": 3.2126357555389404,
      "asr": 9.51968765258789,
      "per": 0.0601336769759655,
      "lambda_emo": 1.0,
      "lambda_asr": 0.01,
      "lambda_per": 1e-05
    },
    {
      "step": 23,
      "total": 3.2003133952504395,
      "emo": 3.1041903495788574,
      "asr": 9.612228393554688,
      "per": 0.07617360353469849,
      "lambda_emo": 1.0,
      "lambda_asr": 0.01,
      "lambda_per": 1e-05
    },
    {
      "step": 24,