{
  "sample_id": "00267_0001_sad_0001_001187",
  "path": "/data1/lixiang/ESD/CN/0001/Sad/0001_001187.wav",
  "speaker_id": "0001",
  "ground_truth_emotion": "sad",
  "target_emotion": "happy",
  "emo_text_clean": [
    "Sad",
    "\u55ef\uff0c\u542c\u8d77\u6765",
    "\u542c\u8d77\u6765"
  ],
  "emo_text_adv": [
    "Happy",
    "Happy",
    "Happy"
  ],
  "emo_pred_clean": [
    "sad",
    "",
    ""
  ],
  "emo_pred_adv": [
    "happy",
    "happy",
    "happy"
  ],
  "asr_text_clean": "\u55ef\uff0c\u542c\u8d77\u6765",
  "asr_text_adv": "\u201c\u4e50\u66f2\u80fd\u5e2e\u52a9\u4f60\u628a\u4e8b\u60c5\u90fd\u5f04\u6e05\u695a\u3002\u201d",
  "success_emo": true,
  "wer": 1.0,
  "delta_linf": 0.008000016212463379,
  "delta_l2": 1.8113164901733398,
  "snr_db": 25.54894700465067,
  "grad_norm_trace": [
    102.6155776977539,
    292.5565185546875,
    155.49270629882812,
    26.483835220336914,
    40.94306564331055,
    40.32605743408203,
    54.70094299316406,
    69.1503677368164,
    55.84278106689453,
    45.99958419799805,
    64.42310333251953,
    255.63450622558594,
    34.47776794433594,
    165.75230407714844,
    46.886070251464844,
    28.577392578125,
    24.2784423828125,
    23.755779266357422,
    19.94540786743164,
    29.220579147338867,
    49.75463104248047,
    66.01766967773438,
    30.686004638671875,
    19.457725524902344,
    23.51103401184082,
    24.527368545532227,
    20.072158813476562,
    18.05433464050293,
    17.92441177368164,
    14.033498764038086,
    31.952381134033203,
    21.396883010864258,
    24.106836318969727,
    14.765317916870117,
    23.595800399780273,
    15.298131942749023,
    18.14449691772461,
    16.03336524963379,
    66.5442123413086,
    17.85041046142578,
    17.86973762512207,
    25.927967071533203,
    58.52283477783203,
    43.44964599609375,
    20.18964195251465,
    32.306400299072266,
    14.14283561706543,
    9.951604843139648,
    12.400083541870117,
    17.876176834106445,
    15.106244087219238,
    12.39822006225586,
    28.465301513671875,
    21.57579231262207,
    19.06368637084961,
    28.862943649291992,
    27.28290367126465,
    18.487089157104492,
    21.182167053222656,
    20.8328914642334
  ],
  "loss_trace": [
    {
      "step": 0,
      "total": 11.362516318768263,
      "emo": 11.362434387207031,
      "asr": 0.8193156123161316,
      "per": 0.0,
      "lambda_emo": 1.0,
      "lambda_asr": 0.0001,
      "lambda_per": 0.0
    },
    {
      "step": 1,
      "total": 10.305008429098129,
      "emo": 10.304911613464355,
      "asr": 0.9681563377380371,
      "per": 0.020298335701227188,
      "lambda_emo": 1.0,
      "lambda_asr": 0.0001,
      "lambda_per": 0.0
    },
    {
      "step": 2,
      "total": 8.369788782548904,
      "emo": 8.369612693786621,
      "asr": 1.760887622833252,
      "per": 0.03567411005496979,
      "lambda_emo": 1.0,
      "lambda_asr": 0.0001,
      "lambda_per": 0.0
    },
    {
      "step": 3,
      "total": 7.8191045776605606,
      "emo": 7.818901062011719,
      "asr": 2.035156488418579,
      "per": 0.04904676228761673,
      "lambda_emo": 1.0,
      "lambda_asr": 0.0001,
      "lambda_per": 0.0
    },
    {
      "step": 4,
      "total": 7.285094634509087,
      "emo": 7.284889221191406,
      "asr": 2.054133176803589,
      "per": 0.06039039418101311,
      "lambda_emo": 1.0,
      "lambda_asr": 0.0001,
      "lambda_per": 0.0
    },
    {
      "step": 5,
      "total": 6.844771916437149,
      "emo": 6.844564437866211,
      "asr": 2.0747857093811035,
      "per": 0.05869327485561371,
      "lambda_emo": 1.0,
      "lambda_asr": 0.0001,
      "lambda_per": 0.0
    },
    {
      "step": 6,
      "total": 6.903222619175911,
      "emo": 6.9029541015625,
      "asr": 2.685176134109497,
      "per": 0.04784455895423889,
      "lambda_emo": 1.0,
      "lambda_asr": 0.0001,
      "lambda_per": 0.0
    },
    {
      "step": 7,
      "total": 6.485665154910087,
      "emo": 6.48535680770874,
      "asr": 3.0834720134735107,
      "per": 0.05401497334241867,
      "lambda_emo": 1.0,
      "lambda_asr": 0.0001,
      "lambda_per": 0.0
    },
    {
      "step": 8,
      "total": 6.055526693153381,
      "emo": 6.055163860321045,
      "asr": 3.628328323364258,
      "per": 0.0677618682384491,
      "lambda_emo": 1.0,
      "lambda_asr": 0.0001,
      "lambda_per": 0.0
    },
    {
      "step": 9,
      "total": 4.79972281665802,
      "emo": 4.799301624298096,
      "asr": 4.211923599243164,
      "per": 0.061249278485774994,
      "lambda_emo": 1.0,
      "lambda_asr": 0.0001,
      "lambda_per": 0.0
    },
    {
      "step": 10,
      "total": 4.697705316495895,
      "emo": 4.697271347045898,
      "asr": 4.339694499969482,
      "per": 0.058271657675504684,
      "lambda_emo": 1.0,
      "lambda_asr": 0.0001,
      "lambda_per": 0.0
    },
    {
      "step": 11,
      "total": 4.1372087449073796,
      "emo": 4.1368021965026855,
      "asr": 4.065484046936035,
      "per": 0.06352066993713379,
      "lambda_emo": 1.0,
      "lambda_asr": 0.0001,
      "lambda_per": 0.0
    },
    {
      "step": 12,
      "total": 3.9176882147789,
      "emo": 3.917279005050659,
      "asr": 4.092097282409668,
      "per": 0.06836147606372833,
      "lambda_emo": 1.0,
      "lambda_asr": 0.0001,
      "lambda_per": 0.0
    },
    {
      "step": 13,
      "total": 3.3506844413757326,
      "emo": 3.3503031730651855,
      "asr": 3.81268310546875,
      "per": 0.07116817682981491,
      "lambda_emo": 1.0,
      "lambda_asr": 0.0001,
      "lambda_per": 0.0
    },
    {
      "step": 14,
      "total": 3.2203679104089735,
      "emo": 3.219968318939209,
      "asr": 3.9959146976470947,
      "per": 0.07218731939792633,
      "lambda_emo": 1.0,
      "lambda_asr": 0.0001,
      "lambda_per": 0.0
    },
    {
      "step": 15,
      "total": 3.50323702275753,
      "emo": 3.5028529167175293,
      "asr": 3.8410604000091553,
      "per": 0.05549665912985802,
      "lambda_emo": 1.0,
      "lambda_asr": 0.0001,
      "lambda_per": 0.0
    },
    {
      "step": 16,
      "total": 3.1376629660129547,
      "emo": 3.137261152267456,
      "asr": 4.018137454986572,
      "per": 0.0737389475107193,
      "lambda_emo": 1.0,
      "lambda_asr": 0.0001,
      "lambda_per": 0.0
    },
    {
      "step": 17,
      "total": 2.8117295510053633,
      "emo": 2.811336040496826,
      "asr": 3.935105085372925,
      "per": 0.073011115193367,
      "lambda_emo": 1.0,
      "lambda_asr": 0.0001,
      "lambda_per": 0.0
    },
    {
      "step": 18,
      "total": 2.5580433983802795,
      "emo": 2.5576319694519043,
      "asr": 4.114289283752441,
      "per": 0.052840493619441986,
      "lambda_emo": 1.0,
      "lambda_asr": 0.0001,
      "lambda_per": 0.0
    },
    {
      "step": 19,
      "total": 2.609027789878845,
      "emo": 2.608630895614624,
      "asr": 3.968942642211914,
      "per": 0.05341065675020218,
      "lambda_emo": 1.0,
      "lambda_asr": 0.0001,
      "lambda_per": 0.0
    },
    {
      "step": 20,
      "total": 2.7052741012719275,
      "emo": 2.665013313293457,
      "asr": 4.026007175445557,
      "per": 0.07162240147590637,
      "lambda_emo": 1.0,
      "lambda_asr": 0.01,
      "lambda_per": 1e-05
    },
    {
      "step": 21,
      "total": 2.7919599518119917,
      "emo": 2.7509841918945312,
      "asr": 4.097518444061279,
      "per": 0.057547684758901596,
      "lambda_emo": 1.0,
      "lambda_asr": 0.01,
      "lambda_per": 1e-05
    },
    {
      "step": 22,
      "total": 2.3584961681355536,
      "emo": 2.3206686973571777,
      "asr": 3.7826740741729736,
      "per": 0.07300366461277008,
      "lambda_emo": 1.0,
      "lambda_asr": 0.01,
      "lambda_per": 1e-05
    },
    {
      "step": 23,
      "total": 2.1440598040961474,
      "emo": 2.1032187938690186,
      "asr": 4.084039211273193,
      "per": 0.06181143969297409,
      "lambda_emo": 1.0,
      "lambda_asr": 0.01,