{
  "sample_id": "00276_0001_sad_0001_001086",
  "path": "/data1/lixiang/ESD/CN/0001/Sad/0001_001086.wav",
  "speaker_id": "0001",
  "ground_truth_emotion": "sad",
  "target_emotion": "happy",
  "emo_text_clean": [
    "Sad",
    "\u62b1\u6b49",
    "\u4f60\u542c\u8d77\u6765"
  ],
  "emo_text_adv": [
    "Neutral",
    "happy",
    "happy"
  ],
  "emo_pred_clean": [
    "sad",
    "",
    ""
  ],
  "emo_pred_adv": [
    "neutral",
    "happy",
    "happy"
  ],
  "asr_text_clean": "\u6211\u5fc5\u987b\u4e00\u76f4\u901a\u7535\u624d\u80fd\u5de5\u4f5c\u3002",
  "asr_text_adv": "\u597d\u7684\uff0c\u6b63\u5728\u4e3a\u60a8\u8f6c\u5f55\u8bed\u97f3\u8bf7\u6c42\u3002",
  "success_emo": false,
  "wer": 1.0,
  "delta_linf": 0.008000016212463379,
  "delta_l2": 1.575886845588684,
  "snr_db": 25.60422672354163,
  "grad_norm_trace": [
    287.040771484375,
    382.28564453125,
    343.4563293457031,
    56.8033561706543,
    49.19486618041992,
    61.08334732055664,
    827.6735229492188,
    40.63487243652344,
    46.41631317138672,
    36.9234733581543,
    44.26091384887695,
    39.97414779663086,
    27.45284080505371,
    25.512447357177734,
    139.5667724609375,
    42.33153533935547,
    83.2328872680664,
    34.07618713378906,
    164.09906005859375,
    28.884305953979492,
    29.252649307250977,
    25.85079574584961,
    45.30463790893555,
    33.68022537231445,
    62.40541458129883,
    29.586057662963867,
    16.195825576782227,
    26.60172462463379,
    16.812114715576172,
    14.11213493347168,
    20.626407623291016,
    102.80872344970703,
    24.159330368041992,
    36.61518859863281,
    37.474151611328125,
    26.12818145751953,
    55.59550476074219,
    32.19525146484375,
    24.749677658081055,
    22.952579498291016,
    22.374059677124023,
    19.44892692565918,
    18.193553924560547,
    46.02937316894531,
    41.321998596191406,
    26.890295028686523,
    23.131160736083984,
    68.03804779052734,
    65.1218490600586,
    45.01423263549805,
    59.110755920410156,
    43.465301513671875,
    33.68187713623047,
    56.71288299560547,
    19.021913528442383,
    27.55816078186035,
    66.3886947631836,
    21.23276710510254,
    20.923442840576172,
    60.15951919555664
  ],
  "loss_trace": [
    {
      "step": 0,
      "total": 11.259426437723636,
      "emo": 11.25941276550293,
      "asr": 0.13672220706939697,
      "per": 0.0,
      "lambda_emo": 1.0,
      "lambda_asr": 0.0001,
      "lambda_per": 0.0
    },
    {
      "step": 1,
      "total": 8.555801177170872,
      "emo": 8.555782318115234,
      "asr": 0.18859055638313293,
      "per": 0.021457809954881668,
      "lambda_emo": 1.0,
      "lambda_asr": 0.0001,
      "lambda_per": 0.0
    },
    {
      "step": 2,
      "total": 6.776546436205506,
      "emo": 6.776516914367676,
      "asr": 0.2952183783054352,
      "per": 0.03641708195209503,
      "lambda_emo": 1.0,
      "lambda_asr": 0.0001,
      "lambda_per": 0.0
    },
    {
      "step": 3,
      "total": 5.958095472896099,
      "emo": 5.957974433898926,
      "asr": 1.2103899717330933,
      "per": 0.05801699310541153,
      "lambda_emo": 1.0,
      "lambda_asr": 0.0001,
      "lambda_per": 0.0
    },
    {
      "step": 4,
      "total": 5.385943541264534,
      "emo": 5.385829925537109,
      "asr": 1.1361572742462158,
      "per": 0.05010548233985901,
      "lambda_emo": 1.0,
      "lambda_asr": 0.0001,
      "lambda_per": 0.0
    },
    {
      "step": 5,
      "total": 5.640654099297524,
      "emo": 5.640511989593506,
      "asr": 1.4210970401763916,
      "per": 0.04812682420015335,
      "lambda_emo": 1.0,
      "lambda_asr": 0.0001,
      "lambda_per": 0.0
    },
    {
      "step": 6,
      "total": 5.31043331053257,
      "emo": 5.3103156089782715,
      "asr": 1.1770155429840088,
      "per": 0.05889037251472473,
      "lambda_emo": 1.0,
      "lambda_asr": 0.0001,
      "lambda_per": 0.0
    },
    {
      "step": 7,
      "total": 5.328512070989609,
      "emo": 5.3283891677856445,
      "asr": 1.229032039642334,
      "per": 0.05573105439543724,
      "lambda_emo": 1.0,
      "lambda_asr": 0.0001,
      "lambda_per": 0.0
    },
    {
      "step": 8,
      "total": 5.4795652374386785,
      "emo": 5.4794535636901855,
      "asr": 1.1167374849319458,
      "per": 0.0665360614657402,
      "lambda_emo": 1.0,
      "lambda_asr": 0.0001,
      "lambda_per": 0.0
    },
    {
      "step": 9,
      "total": 5.21455866932869,
      "emo": 5.214397430419922,
      "asr": 1.612389087677002,
      "per": 0.06801267713308334,
      "lambda_emo": 1.0,
      "lambda_asr": 0.0001,
      "lambda_per": 0.0
    },
    {
      "step": 10,
      "total": 5.188790192222595,
      "emo": 5.188652515411377,
      "asr": 1.3767681121826172,
      "per": 0.0715060830116272,
      "lambda_emo": 1.0,
      "lambda_asr": 0.0001,
      "lambda_per": 0.0
    },
    {
      "step": 11,
      "total": 4.482156655037403,
      "emo": 4.482028007507324,
      "asr": 1.2864753007888794,
      "per": 0.057570964097976685,
      "lambda_emo": 1.0,
      "lambda_asr": 0.0001,
      "lambda_per": 0.0
    },
    {
      "step": 12,
      "total": 4.844625029325485,
      "emo": 4.84433650970459,
      "asr": 2.8851962089538574,
      "per": 0.057912882417440414,
      "lambda_emo": 1.0,
      "lambda_asr": 0.0001,
      "lambda_per": 0.0
    },
    {
      "step": 13,
      "total": 4.800923181867599,
      "emo": 4.800593852996826,
      "asr": 3.2932887077331543,
      "per": 0.06010723114013672,
      "lambda_emo": 1.0,
      "lambda_asr": 0.0001,
      "lambda_per": 0.0
    },
    {
      "step": 14,
      "total": 4.545876391077042,
      "emo": 4.545507431030273,
      "asr": 3.6896004676818848,
      "per": 0.07448701560497284,
      "lambda_emo": 1.0,
      "lambda_asr": 0.0001,
      "lambda_per": 0.0
    },
    {
      "step": 15,
      "total": 4.571176729249954,
      "emo": 4.570929527282715,
      "asr": 2.472019672393799,
      "per": 0.06240477412939072,
      "lambda_emo": 1.0,
      "lambda_asr": 0.0001,
      "lambda_per": 0.0
    },
    {
      "step": 16,
      "total": 3.9695940679073334,
      "emo": 3.969235897064209,
      "asr": 3.5817084312438965,
      "per": 0.07487522810697556,
      "lambda_emo": 1.0,
      "lambda_asr": 0.0001,
      "lambda_per": 0.0
    },
    {
      "step": 17,
      "total": 3.7474247598171235,
      "emo": 3.747070074081421,
      "asr": 3.5468573570251465,
      "per": 0.07047433406114578,
      "lambda_emo": 1.0,
      "lambda_asr": 0.0001,
      "lambda_per": 0.0
    },
    {
      "step": 18,
      "total": 4.333816623783112,
      "emo": 4.333583831787109,
      "asr": 2.3279199600219727,
      "per": 0.05573411285877228,
      "lambda_emo": 1.0,
      "lambda_asr": 0.0001,
      "lambda_per": 0.0
    },
    {
      "step": 19,
      "total": 3.5162536898612977,
      "emo": 3.515829563140869,
      "asr": 4.241267204284668,
      "per": 0.06183164566755295,
      "lambda_emo": 1.0,
      "lambda_asr": 0.0001,
      "lambda_per": 0.0
    },
    {
      "step": 20,
      "total": 3.401611967819333,
      "emo": 3.3564021587371826,
      "asr": 4.520910739898682,
      "per": 0.07016831636428833,
      "lambda_emo": 1.0,
      "lambda_asr": 0.01,
      "lambda_per": 1e-05
    },
    {
      "step": 21,
      "total": 3.5388983090227097,
      "emo": 3.4963231086730957,
      "asr": 4.257445812225342,
      "per": 0.07422273606061935,
      "lambda_emo": 1.0,
      "lambda_asr": 0.01,
      "lambda_per": 1e-05
    },
    {
      "step": 22,
      "total": 3.614070729815513,
      "emo": 3.5828499794006348,
      "asr": 3.1220192909240723,
      "per": 0.055750563740730286,
      "lambda_emo": 1.0,
      "lambda_asr": 0.01,
      "lambda_per": 1e-05
    },
    {
      "step": 23,
      "total": 3.144171948434338,
      "emo": 3.0987508296966553,
      "asr": 4.542040824890137,
      "per": 0.07104887813329697,
      "lambda_emo": 1.0,
      "lambda_asr": 0.01,