{
  "sample_id": "00334_0001_surprise_0001_001433",
  "path": "/data1/lixiang/ESD/CN/0001/Surprise/0001_001433.wav",
  "speaker_id": "0001",
  "ground_truth_emotion": "surprise",
  "target_emotion": "happy",
  "emo_text_clean": [
    "Surprise!",
    "Surprise!",
    "\u54c7\uff0c\u539f\u6765\u4f60\u4e0d\u7528\u51ac\u7720\u5440\uff01"
  ],
  "emo_text_adv": [
    "Happy",
    "Happy",
    "\u5feb\u4e50"
  ],
  "emo_pred_clean": [
    "surprise",
    "surprise",
    ""
  ],
  "emo_pred_adv": [
    "happy",
    "happy",
    ""
  ],
  "asr_text_clean": "\u54e6\uff0c\u4f60\u662f\u9752\u86d9",
  "asr_text_adv": "\u6211\u662f\u9752\u86d9",
  "success_emo": false,
  "wer": 1.0,
  "delta_linf": 0.008000001311302185,
  "delta_l2": 1.4090951681137085,
  "snr_db": 20.26068639363674,
  "grad_norm_trace": [
    211.4298095703125,
    1435.837158203125,
    53.1943473815918,
    67.34918212890625,
    47.26615524291992,
    44.50210189819336,
    63.69125747680664,
    64.83121490478516,
    32.151729583740234,
    302.2584228515625,
    45.22404479980469,
    48.06634521484375,
    41.661067962646484,
    84.10250854492188,
    53.985477447509766,
    45.148555755615234,
    34.08110809326172,
    27.40818214416504,
    34.38682174682617,
    33.248451232910156,
    45.76530075073242,
    31.97107696533203,
    58.811561584472656,
    26.89409828186035,
    68.94110107421875,
    18.50996208190918,
    70.08045196533203,
    33.94207000732422,
    30.577844619750977,
    74.25421905517578,
    21.96819496154785,
    31.05401611328125,
    63.025028228759766,
    24.94159507751465,
    18.625364303588867,
    19.718250274658203,
    94.41770935058594,
    63.17302703857422,
    71.90641021728516,
    50.40318298339844,
    34.31813430786133,
    24.189977645874023,
    22.254539489746094,
    20.978221893310547,
    31.073623657226562,
    20.315210342407227,
    11.80164909362793,
    18.343795776367188,
    31.943023681640625,
    15.851521492004395,
    41.321075439453125,
    31.757585525512695,
    20.1014461517334,
    27.30276107788086,
    29.12587547302246,
    25.709775924682617,
    17.041105270385742,
    16.776029586791992,
    17.018531799316406,
    46.501441955566406
  ],
  "loss_trace": [
    {
      "step": 0,
      "total": 13.33967209788561,
      "emo": 13.339616775512695,
      "asr": 0.553223729133606,
      "per": 0.0,
      "lambda_emo": 1.0,
      "lambda_asr": 0.0001,
      "lambda_per": 0.0
    },
    {
      "step": 1,
      "total": 8.965522398525476,
      "emo": 8.96543025970459,
      "asr": 0.9213882088661194,
      "per": 0.02215568535029888,
      "lambda_emo": 1.0,
      "lambda_asr": 0.0001,
      "lambda_per": 0.0
    },
    {
      "step": 2,
      "total": 5.5206625699520115,
      "emo": 5.520532608032227,
      "asr": 1.299619197845459,
      "per": 0.03847067058086395,
      "lambda_emo": 1.0,
      "lambda_asr": 0.0001,
      "lambda_per": 0.0
    },
    {
      "step": 3,
      "total": 4.877004767680168,
      "emo": 4.876843452453613,
      "asr": 1.613152265548706,
      "per": 0.04272126778960228,
      "lambda_emo": 1.0,
      "lambda_asr": 0.0001,
      "lambda_per": 0.0
    },
    {
      "step": 4,
      "total": 4.564983117175102,
      "emo": 4.564839839935303,
      "asr": 1.4327723979949951,
      "per": 0.05284940451383591,
      "lambda_emo": 1.0,
      "lambda_asr": 0.0001,
      "lambda_per": 0.0
    },
    {
      "step": 5,
      "total": 4.149378248739243,
      "emo": 4.149227142333984,
      "asr": 1.511064052581787,
      "per": 0.06606296449899673,
      "lambda_emo": 1.0,
      "lambda_asr": 0.0001,
      "lambda_per": 0.0
    },
    {
      "step": 6,
      "total": 3.9701736350297927,
      "emo": 3.9700164794921875,
      "asr": 1.5715553760528564,
      "per": 0.06426499783992767,
      "lambda_emo": 1.0,
      "lambda_asr": 0.0001,
      "lambda_per": 0.0
    },
    {
      "step": 7,
      "total": 3.769429479885101,
      "emo": 3.7692618370056152,
      "asr": 1.6764287948608398,
      "per": 0.06957238167524338,
      "lambda_emo": 1.0,
      "lambda_asr": 0.0001,
      "lambda_per": 0.0
    },
    {
      "step": 8,
      "total": 3.344285880970955,
      "emo": 3.344113349914551,
      "asr": 1.7253105640411377,
      "per": 0.06840628385543823,
      "lambda_emo": 1.0,
      "lambda_asr": 0.0001,
      "lambda_per": 0.0
    },
    {
      "step": 9,
      "total": 3.9701382877588274,
      "emo": 3.969970703125,
      "asr": 1.6758463382720947,
      "per": 0.06919807195663452,
      "lambda_emo": 1.0,
      "lambda_asr": 0.0001,
      "lambda_per": 0.0
    },
    {
      "step": 10,
      "total": 3.787859659743309,
      "emo": 3.7877144813537598,
      "asr": 1.4517838954925537,
      "per": 0.08088373392820358,
      "lambda_emo": 1.0,
      "lambda_asr": 0.0001,
      "lambda_per": 0.0
    },
    {
      "step": 11,
      "total": 3.669158058643341,
      "emo": 3.669013738632202,
      "asr": 1.4432001113891602,
      "per": 0.06725721061229706,
      "lambda_emo": 1.0,
      "lambda_asr": 0.0001,
      "lambda_per": 0.0
    },
    {
      "step": 12,
      "total": 3.645370528745651,
      "emo": 3.645139694213867,
      "asr": 2.308345317840576,
      "per": 0.061446547508239746,
      "lambda_emo": 1.0,
      "lambda_asr": 0.0001,
      "lambda_per": 0.0
    },
    {
      "step": 13,
      "total": 3.884517866659164,
      "emo": 3.8843038082122803,
      "asr": 2.1405844688415527,
      "per": 0.07345402240753174,
      "lambda_emo": 1.0,
      "lambda_asr": 0.0001,
      "lambda_per": 0.0
    },
    {
      "step": 14,
      "total": 3.571640172326565,
      "emo": 3.57149076461792,
      "asr": 1.4940770864486694,
      "per": 0.07714957743883133,
      "lambda_emo": 1.0,
      "lambda_asr": 0.0001,
      "lambda_per": 0.0
    },
    {
      "step": 15,
      "total": 3.3108581721067427,
      "emo": 3.310673713684082,
      "asr": 1.8445842266082764,
      "per": 0.06395666301250458,
      "lambda_emo": 1.0,
      "lambda_asr": 0.0001,
      "lambda_per": 0.0
    },
    {
      "step": 16,
      "total": 3.3420391032457353,
      "emo": 3.3418338298797607,
      "asr": 2.0527336597442627,
      "per": 0.08304159343242645,
      "lambda_emo": 1.0,
      "lambda_asr": 0.0001,
      "lambda_per": 0.0
    },
    {
      "step": 17,
      "total": 3.345311474978924,
      "emo": 3.345130681991577,
      "asr": 1.8079298734664917,
      "per": 0.05762439966201782,
      "lambda_emo": 1.0,
      "lambda_asr": 0.0001,
      "lambda_per": 0.0
    },
    {
      "step": 18,
      "total": 3.150788380908966,
      "emo": 3.1505820751190186,
      "asr": 2.0630578994750977,
      "per": 0.06729172170162201,
      "lambda_emo": 1.0,
      "lambda_asr": 0.0001,
      "lambda_per": 0.0
    },
    {
      "step": 19,
      "total": 3.0047246301174164,
      "emo": 3.004504919052124,
      "asr": 2.197110652923584,
      "per": 0.0726090520620346,
      "lambda_emo": 1.0,
      "lambda_asr": 0.0001,
      "lambda_per": 0.0
    },
    {
      "step": 20,
      "total": 2.772602062629685,
      "emo": 2.7463719844818115,
      "asr": 2.62294340133667,
      "per": 0.06441345065832138,
      "lambda_emo": 1.0,
      "lambda_asr": 0.01,
      "lambda_per": 1e-05
    },
    {
      "step": 21,
      "total": 2.7786117534281316,
      "emo": 2.753134250640869,
      "asr": 2.5476930141448975,
      "per": 0.05726458132266998,
      "lambda_emo": 1.0,
      "lambda_asr": 0.01,
      "lambda_per": 1e-05
    },
    {
      "step": 22,
      "total": 2.7410519743108375,
      "emo": 2.7142341136932373,
      "asr": 2.6817264556884766,
      "per": 0.059606071561574936,
      "lambda_emo": 1.0,
      "lambda_asr": 0.01,
      "lambda_per": 1e-05
    },
    {
      "step": 23,
      "total": 2.5271058647420257,
      "emo": 2.5011041164398193,
      "asr": 2.600104808807373,
      "per": 0.07002141326665878,
      "lambda_emo": 1.0,
      "lambda_asr": 0.01,