{
  "sample_id": "00361_0001_surprise_0001_001426",
  "path": "/data1/lixiang/ESD/CN/0001/Surprise/0001_001426.wav",
  "speaker_id": "0001",
  "ground_truth_emotion": "surprise",
  "target_emotion": "happy",
  "emo_text_clean": [
    "Surprise.",
    "Surprise.",
    "\u54e6\uff0c\u4ed6\u786e\u5b9e\u633a\u72e1"
  ],
  "emo_text_adv": [
    "Happy",
    "Happy",
    "Happy"
  ],
  "emo_pred_clean": [
    "surprise",
    "surprise",
    ""
  ],
  "emo_pred_adv": [
    "happy",
    "happy",
    "happy"
  ],
  "asr_text_clean": "\u662f\u7684\uff0c\u4ed6\u5f88\u72e1",
  "asr_text_adv": "\u662f\u7684\uff0c\u5979\u5f88\u72e1",
  "success_emo": true,
  "wer": 1.0,
  "delta_linf": 0.008000016212463379,
  "delta_l2": 1.584431767463684,
  "snr_db": 21.874649353771794,
  "grad_norm_trace": [
    783.799072265625,
    667.19677734375,
    498.20513916015625,
    240.09779357910156,
    204.19114685058594,
    101.81792449951172,
    143.44180297851562,
    22.891769409179688,
    36.624385833740234,
    40.9915657043457,
    45.21559143066406,
    44.673309326171875,
    27.05513572692871,
    29.880447387695312,
    38.056819915771484,
    221.3717041015625,
    41.183345794677734,
    30.291181564331055,
    37.4479866027832,
    24.70191192626953,
    23.92104148864746,
    28.929719924926758,
    34.2529182434082,
    40.85215377807617,
    21.133296966552734,
    24.34943389892578,
    30.50020980834961,
    47.84547805786133,
    24.7869930267334,
    29.690092086791992,
    25.949630737304688,
    27.30272674560547,
    18.949621200561523,
    30.971986770629883,
    17.534584045410156,
    48.355464935302734,
    24.328479766845703,
    113.49735260009766,
    22.00374412536621,
    18.375587463378906,
    54.854190826416016,
    15.57595443725586,
    33.320579528808594,
    50.492401123046875,
    21.350263595581055,
    33.9901237487793,
    14.444025039672852,
    89.0641098022461,
    15.033706665039062,
    16.226531982421875,
    27.27178955078125,
    31.06763458251953,
    22.82676124572754,
    105.55814361572266,
    29.058738708496094,
    23.65241241455078,
    23.363216400146484,
    24.447450637817383,
    15.84609603881836,
    21.370098114013672
  ],
  "loss_trace": [
    {
      "step": 0,
      "total": 11.253126549759507,
      "emo": 11.253095626831055,
      "asr": 0.3092292845249176,
      "per": 0.0,
      "lambda_emo": 1.0,
      "lambda_asr": 0.0001,
      "lambda_per": 0.0
    },
    {
      "step": 1,
      "total": 10.32283960931003,
      "emo": 10.32282543182373,
      "asr": 0.14177486300468445,
      "per": 0.0195581316947937,
      "lambda_emo": 1.0,
      "lambda_asr": 0.0001,
      "lambda_per": 0.0
    },
    {
      "step": 2,
      "total": 7.438220394432545,
      "emo": 7.438201904296875,
      "asr": 0.18490135669708252,
      "per": 0.03629772365093231,
      "lambda_emo": 1.0,
      "lambda_asr": 0.0001,
      "lambda_per": 0.0
    },
    {
      "step": 3,
      "total": 5.951093912091851,
      "emo": 5.951053619384766,
      "asr": 0.40292707085609436,
      "per": 0.043969880789518356,
      "lambda_emo": 1.0,
      "lambda_asr": 0.0001,
      "lambda_per": 0.0
    },
    {
      "step": 4,
      "total": 5.402584430035949,
      "emo": 5.402545928955078,
      "asr": 0.38501080870628357,
      "per": 0.060237910598516464,
      "lambda_emo": 1.0,
      "lambda_asr": 0.0001,
      "lambda_per": 0.0
    },
    {
      "step": 5,
      "total": 5.023408393940329,
      "emo": 5.023362159729004,
      "asr": 0.46234211325645447,
      "per": 0.049951545894145966,
      "lambda_emo": 1.0,
      "lambda_asr": 0.0001,
      "lambda_per": 0.0
    },
    {
      "step": 6,
      "total": 5.1067857663989065,
      "emo": 5.106751441955566,
      "asr": 0.34324443340301514,
      "per": 0.06725071370601654,
      "lambda_emo": 1.0,
      "lambda_asr": 0.0001,
      "lambda_per": 0.0
    },
    {
      "step": 7,
      "total": 4.525082628232241,
      "emo": 4.525030136108398,
      "asr": 0.5249212384223938,
      "per": 0.057751692831516266,
      "lambda_emo": 1.0,
      "lambda_asr": 0.0001,
      "lambda_per": 0.0
    },
    {
      "step": 8,
      "total": 4.547636599016189,
      "emo": 4.547593593597412,
      "asr": 0.4300541877746582,
      "per": 0.07164044678211212,
      "lambda_emo": 1.0,
      "lambda_asr": 0.0001,
      "lambda_per": 0.0
    },
    {
      "step": 9,
      "total": 4.343511252042651,
      "emo": 4.343475341796875,
      "asr": 0.3591024577617645,
      "per": 0.06414224207401276,
      "lambda_emo": 1.0,
      "lambda_asr": 0.0001,
      "lambda_per": 0.0
    },
    {
      "step": 10,
      "total": 4.170838691949845,
      "emo": 4.170797348022461,
      "asr": 0.4134392738342285,
      "per": 0.05657981336116791,
      "lambda_emo": 1.0,
      "lambda_asr": 0.0001,
      "lambda_per": 0.0
    },
    {
      "step": 11,
      "total": 4.1597730131924155,
      "emo": 4.159719467163086,
      "asr": 0.5354602932929993,
      "per": 0.05708765611052513,
      "lambda_emo": 1.0,
      "lambda_asr": 0.0001,
      "lambda_per": 0.0
    },
    {
      "step": 12,
      "total": 4.04281328689754,
      "emo": 4.0427727699279785,
      "asr": 0.40516969561576843,
      "per": 0.07389296591281891,
      "lambda_emo": 1.0,
      "lambda_asr": 0.0001,
      "lambda_per": 0.0
    },
    {
      "step": 13,
      "total": 3.8299317139148714,
      "emo": 3.8298850059509277,
      "asr": 0.46707963943481445,
      "per": 0.06673669815063477,
      "lambda_emo": 1.0,
      "lambda_asr": 0.0001,
      "lambda_per": 0.0
    },
    {
      "step": 14,
      "total": 3.749782382631302,
      "emo": 3.7497243881225586,
      "asr": 0.5799450874328613,
      "per": 0.06951989233493805,
      "lambda_emo": 1.0,
      "lambda_asr": 0.0001,
      "lambda_per": 0.0
    },
    {
      "step": 15,
      "total": 4.327681040415168,
      "emo": 4.327645301818848,
      "asr": 0.3573859632015228,
      "per": 0.05428396165370941,
      "lambda_emo": 1.0,
      "lambda_asr": 0.0001,
      "lambda_per": 0.0
    },
    {
      "step": 16,
      "total": 3.5213226838111877,
      "emo": 3.5212669372558594,
      "asr": 0.5574655532836914,
      "per": 0.05535537749528885,
      "lambda_emo": 1.0,
      "lambda_asr": 0.0001,
      "lambda_per": 0.0
    },
    {
      "step": 17,
      "total": 3.6869057163834573,
      "emo": 3.68686842918396,
      "asr": 0.372871994972229,
      "per": 0.07140800356864929,
      "lambda_emo": 1.0,
      "lambda_asr": 0.0001,
      "lambda_per": 0.0
    },
    {
      "step": 18,
      "total": 3.0309300560593604,
      "emo": 3.030878782272339,
      "asr": 0.5127378702163696,
      "per": 0.06481768190860748,
      "lambda_emo": 1.0,
      "lambda_asr": 0.0001,
      "lambda_per": 0.0
    },
    {
      "step": 19,
      "total": 2.8302086862146854,
      "emo": 2.8301515579223633,
      "asr": 0.5712829232215881,
      "per": 0.060257356613874435,
      "lambda_emo": 1.0,
      "lambda_asr": 0.0001,
      "lambda_per": 0.0
    },
    {
      "step": 20,
      "total": 2.844135908643231,
      "emo": 2.839202404022217,
      "asr": 0.4932781159877777,
      "per": 0.07234611362218857,
      "lambda_emo": 1.0,
      "lambda_asr": 0.01,
      "lambda_per": 1e-05
    },
    {
      "step": 21,
      "total": 2.7694225914145263,
      "emo": 2.7633090019226074,
      "asr": 0.6112821698188782,
      "per": 0.07677937299013138,
      "lambda_emo": 1.0,
      "lambda_asr": 0.01,
      "lambda_per": 1e-05
    },
    {
      "step": 22,
      "total": 2.6475305989320574,
      "emo": 2.6408963203430176,
      "asr": 0.6633573174476624,
      "per": 0.07054145634174347,
      "lambda_emo": 1.0,
      "lambda_asr": 0.01,
      "lambda_per": 1e-05
    },
    {
      "step": 23,
      "total": 2.513674776622355,
      "emo": 2.5073277950286865,
      "asr": 0.634630024433136,
      "per": 0.06813493371009827,
      "lambda_emo": 1.0,
      "lambda_asr": 0.01,