{
  "sample_id": "00385_0001_surprise_0001_001712",
  "path": "/data1/lixiang/ESD/CN/0001/Surprise/0001_001712.wav",
  "speaker_id": "0001",
  "ground_truth_emotion": "surprise",
  "target_emotion": "happy",
  "emo_text_clean": [
    "Surprise.",
    "Surprise",
    "\u4f60\u542c\u8d77\u6765"
  ],
  "emo_text_adv": [
    "Happy",
    "happy",
    "happy"
  ],
  "emo_pred_clean": [
    "surprise",
    "surprise",
    ""
  ],
  "emo_pred_adv": [
    "happy",
    "happy",
    "happy"
  ],
  "asr_text_clean": "\u5982\u679c\u4ed6\u62d2\u7edd\u6211\uff0c\u6211\u4f1a\u6b7b\u7684\u3002",
  "asr_text_adv": "\u597d\u7684\uff0c\u6211\u6765\u5e2e\u4f60\u770b\u770b\u3002",
  "success_emo": true,
  "wer": 1.0,
  "delta_linf": 0.008000016212463379,
  "delta_l2": 1.771232008934021,
  "snr_db": 13.961326568743937,
  "grad_norm_trace": [
    451.9801330566406,
    1317.8193359375,
    145.74169921875,
    111.4979476928711,
    43.81178665161133,
    39.040245056152344,
    43.34365463256836,
    53.3795051574707,
    33.06615447998047,
    32.347774505615234,
    38.25111389160156,
    33.094425201416016,
    57.71097946166992,
    44.74739456176758,
    58.109439849853516,
    152.42227172851562,
    44.579227447509766,
    53.57432556152344,
    44.9698486328125,
    51.947513580322266,
    43.729759216308594,
    86.4154052734375,
    73.77941131591797,
    42.705055236816406,
    29.582950592041016,
    26.748523712158203,
    43.509315490722656,
    55.075050354003906,
    61.15657424926758,
    23.70140266418457,
    64.32540893554688,
    34.617393493652344,
    56.465415954589844,
    83.95327758789062,
    36.554779052734375,
    54.214454650878906,
    85.65153503417969,
    49.43885803222656,
    21.885988235473633,
    37.44583511352539,
    18.013505935668945,
    18.580289840698242,
    59.174530029296875,
    29.31768226623535,
    25.506444931030273,
    40.6378059387207,
    13.123180389404297,
    26.00628662109375,
    20.32888412475586,
    87.6537857055664,
    53.8577880859375,
    43.51570510864258,
    19.786375045776367,
    63.74338150024414,
    28.319236755371094,
    30.74203872680664,
    33.53618240356445,
    19.46074676513672,
    21.017976760864258,
    21.591840744018555
  ],
  "loss_trace": [
    {
      "step": 0,
      "total": 15.667043899649382,
      "emo": 15.667024612426758,
      "asr": 0.19287222623825073,
      "per": 0.0,
      "lambda_emo": 1.0,
      "lambda_asr": 0.0001,
      "lambda_per": 0.0
    },
    {
      "step": 1,
      "total": 10.676761988291144,
      "emo": 10.676740646362305,
      "asr": 0.21341928839683533,
      "per": 0.028011444956064224,
      "lambda_emo": 1.0,
      "lambda_asr": 0.0001,
      "lambda_per": 0.0
    },
    {
      "step": 2,
      "total": 7.552307686436176,
      "emo": 7.552203178405762,
      "asr": 1.045080304145813,
      "per": 0.03810642659664154,
      "lambda_emo": 1.0,
      "lambda_asr": 0.0001,
      "lambda_per": 0.0
    },
    {
      "step": 3,
      "total": 4.13731229057312,
      "emo": 4.136833190917969,
      "asr": 4.790996551513672,
      "per": 0.055127061903476715,
      "lambda_emo": 1.0,
      "lambda_asr": 0.0001,
      "lambda_per": 0.0
    },
    {
      "step": 4,
      "total": 3.9094648383617403,
      "emo": 3.909090518951416,
      "asr": 3.743194103240967,
      "per": 0.06742297857999802,
      "lambda_emo": 1.0,
      "lambda_asr": 0.0001,
      "lambda_per": 0.0
    },
    {
      "step": 5,
      "total": 3.903228721356392,
      "emo": 3.902844190597534,
      "asr": 3.8453075885772705,
      "per": 0.07634570449590683,
      "lambda_emo": 1.0,
      "lambda_asr": 0.0001,
      "lambda_per": 0.0
    },
    {
      "step": 6,
      "total": 3.7882425084114075,
      "emo": 3.7878520488739014,
      "asr": 3.904595375061035,
      "per": 0.05527399107813835,
      "lambda_emo": 1.0,
      "lambda_asr": 0.0001,
      "lambda_per": 0.0
    },
    {
      "step": 7,
      "total": 3.530131788730621,
      "emo": 3.5297279357910156,
      "asr": 4.038529396057129,
      "per": 0.06107411906123161,
      "lambda_emo": 1.0,
      "lambda_asr": 0.0001,
      "lambda_per": 0.0
    },
    {
      "step": 8,
      "total": 3.036014492559433,
      "emo": 3.035594940185547,
      "asr": 4.195523738861084,
      "per": 0.06755191087722778,
      "lambda_emo": 1.0,
      "lambda_asr": 0.0001,
      "lambda_per": 0.0
    },
    {
      "step": 9,
      "total": 2.9412489570617675,
      "emo": 2.9408206939697266,
      "asr": 4.282630920410156,
      "per": 0.070545494556427,
      "lambda_emo": 1.0,
      "lambda_asr": 0.0001,
      "lambda_per": 0.0
    },
    {
      "step": 10,
      "total": 2.7029411017894747,
      "emo": 2.702493667602539,
      "asr": 4.474341869354248,
      "per": 0.06767526268959045,
      "lambda_emo": 1.0,
      "lambda_asr": 0.0001,
      "lambda_per": 0.0
    },
    {
      "step": 11,
      "total": 2.684348251581192,
      "emo": 2.6839025020599365,
      "asr": 4.457495212554932,
      "per": 0.06398662179708481,
      "lambda_emo": 1.0,
      "lambda_asr": 0.0001,
      "lambda_per": 0.0
    },
    {
      "step": 12,
      "total": 3.0315824696540834,
      "emo": 3.030996322631836,
      "asr": 5.8614702224731445,
      "per": 0.06069602817296982,
      "lambda_emo": 1.0,
      "lambda_asr": 0.0001,
      "lambda_per": 0.0
    },
    {
      "step": 13,
      "total": 2.9002661128044127,
      "emo": 2.899782657623291,
      "asr": 4.834551811218262,
      "per": 0.07602490484714508,
      "lambda_emo": 1.0,
      "lambda_asr": 0.0001,
      "lambda_per": 0.0
    },
    {
      "step": 14,
      "total": 2.692087453985214,
      "emo": 2.6915767192840576,
      "asr": 5.107347011566162,
      "per": 0.08657240867614746,
      "lambda_emo": 1.0,
      "lambda_asr": 0.0001,
      "lambda_per": 0.0
    },
    {
      "step": 15,
      "total": 2.7429595804214477,
      "emo": 2.742415189743042,
      "asr": 5.443906784057617,
      "per": 0.07369878143072128,
      "lambda_emo": 1.0,
      "lambda_asr": 0.0001,
      "lambda_per": 0.0
    },
    {
      "step": 16,
      "total": 2.5410297842025757,
      "emo": 2.540454864501953,
      "asr": 5.749197006225586,
      "per": 0.09142427146434784,
      "lambda_emo": 1.0,
      "lambda_asr": 0.0001,
      "lambda_per": 0.0
    },
    {
      "step": 17,
      "total": 2.4034154294490815,
      "emo": 2.4028499126434326,
      "asr": 5.655168056488037,
      "per": 0.07601682841777802,
      "lambda_emo": 1.0,
      "lambda_asr": 0.0001,
      "lambda_per": 0.0
    },
    {
      "step": 18,
      "total": 2.2613345261096955,
      "emo": 2.2607669830322266,
      "asr": 5.675430774688721,
      "per": 0.08212143927812576,
      "lambda_emo": 1.0,
      "lambda_asr": 0.0001,
      "lambda_per": 0.0
    },
    {
      "step": 19,
      "total": 2.1759784844875334,
      "emo": 2.175426959991455,
      "asr": 5.515244960784912,
      "per": 0.0629262775182724,
      "lambda_emo": 1.0,
      "lambda_asr": 0.0001,
      "lambda_per": 0.0
    },
    {
      "step": 20,
      "total": 1.9424858642616123,
      "emo": 1.891880750656128,
      "asr": 5.060423851013184,
      "per": 0.08750953525304794,
      "lambda_emo": 1.0,
      "lambda_asr": 0.01,
      "lambda_per": 1e-05
    },
    {
      "step": 21,
      "total": 1.9823881343518197,
      "emo": 1.9325125217437744,
      "asr": 4.987476348876953,
      "per": 0.08491192758083344,
      "lambda_emo": 1.0,
      "lambda_asr": 0.01,
      "lambda_per": 1e-05
    },
    {
      "step": 22,
      "total": 1.8206322278361768,
      "emo": 1.7732741832733154,
      "asr": 4.735742092132568,
      "per": 0.06236415356397629,
      "lambda_emo": 1.0,
      "lambda_asr": 0.01,
      "lambda_per": 1e-05
    },
    {
      "step": 23,
      "total": 1.8655627030450106,
      "emo": 1.814361810684204,
      "asr": 5.120023727416992,
      "per": 0.06550866365432739,
      "lambda_emo": 1.0,
      "lambda_asr": 0.01,