{
  "sample_id": "02825_0006_angry_0006_000680",
  "path": "/data1/lixiang/OpenS2S_dataset/ESD/CN/0006/Angry/0006_000680.wav",
  "speaker_id": "0006",
  "ground_truth_emotion": "angry",
  "target_emotion": "happy",
  "emo_text_clean": [
    "Angry",
    "Angry",
    "\u6211\u4eec\u76f8\u5904\u5f97\u5f88\u597d"
  ],
  "emo_text_adv": [
    "Happy",
    "Happy",
    "Happy"
  ],
  "emo_pred_clean": [
    "angry",
    "angry",
    ""
  ],
  "emo_pred_adv": [
    "happy",
    "happy",
    "happy"
  ],
  "asr_text_clean": "\u6211\u4eec\u76f8\u5904\u5f97\u5f88\u597d",
  "asr_text_adv": "\u6211\u4eec\u76f8\u5904\u5f97\u5f88\u597d",
  "success_emo": true,
  "wer": 0.0,
  "semantic_sim": 1.0,
  "semantic_preserved": true,
  "delta_linf": 0.008000001311302185,
  "delta_l2": 1.0736714601516724,
  "snr_db": 10.506250701292362,
  "grad_norm_trace": [
    672.8680419921875,
    515.8238525390625,
    174.02806091308594,
    382.21600341796875,
    161.96726989746094,
    119.96175384521484,
    209.64906311035156,
    74.52584075927734,
    88.10850524902344,
    238.01744079589844,
    137.57749938964844,
    107.20341491699219,
    99.93328094482422,
    75.82938385009766,
    74.33330535888672,
    88.85545349121094,
    149.51339721679688,
    107.90557861328125,
    72.36988067626953,
    100.28414916992188,
    54.577003479003906,
    111.82621002197266,
    73.611572265625,
    118.44932556152344,
    97.96273040771484,
    141.26953125,
    359.09381103515625,
    109.54930114746094,
    146.9984588623047,
    166.6602020263672,
    135.69525146484375,
    108.21969604492188,
    221.46539306640625,
    101.60669708251953,
    133.02688598632812,
    106.36800384521484,
    115.2847671508789,
    83.94725036621094,
    87.83223724365234,
    98.8919448852539,
    199.24497985839844,
    52.592620849609375,
    102.96985626220703,
    190.10992431640625,
    169.78395080566406,
    74.00970458984375,
    93.97197723388672,
    377.78094482421875,
    301.3604431152344,
    175.27804565429688,
    195.57301330566406,
    181.04635620117188,
    120.27606964111328,
    77.75533294677734,
    220.14598083496094,
    77.07972717285156,
    92.06472778320312,
    54.91318130493164,
    92.8702163696289,
    63.511253356933594
  ],
  "loss_trace": [
    {
      "step": 0,
      "total": 8.223108763743937,
      "emo": 8.223090171813965,
      "asr": 0.18591929972171783,
      "per": 0.0,
      "lambda_emo": 1.0,
      "lambda_asr": 0.0001,
      "lambda_per": 0.0
    },
    {
      "step": 1,
      "total": 5.178333824250102,
      "emo": 5.178326606750488,
      "asr": 0.07217499613761902,
      "per": 0.022365739569067955,
      "lambda_emo": 1.0,
      "lambda_asr": 0.0001,
      "lambda_per": 0.0
    },
    {
      "step": 2,
      "total": 4.31390467249155,
      "emo": 4.313843727111816,
      "asr": 0.6094537973403931,
      "per": 0.0465969443321228,
      "lambda_emo": 1.0,
      "lambda_asr": 0.0001,
      "lambda_per": 0.0
    },
    {
      "step": 3,
      "total": 4.982085032463074,
      "emo": 4.981749534606934,
      "asr": 3.354978561401367,
      "per": 0.04307853803038597,
      "lambda_emo": 1.0,
      "lambda_asr": 0.0001,
      "lambda_per": 0.0
    },
    {
      "step": 4,
      "total": 4.795541099095344,
      "emo": 4.795207977294922,
      "asr": 3.3312180042266846,
      "per": 0.0553927943110466,
      "lambda_emo": 1.0,
      "lambda_asr": 0.0001,
      "lambda_per": 0.0
    },
    {
      "step": 5,
      "total": 3.821855651950836,
      "emo": 3.821497678756714,
      "asr": 3.5797319412231445,
      "per": 0.05097651481628418,
      "lambda_emo": 1.0,
      "lambda_asr": 0.0001,
      "lambda_per": 0.0
    },
    {
      "step": 6,
      "total": 2.8942884521484373,
      "emo": 2.89385986328125,
      "asr": 4.285888671875,
      "per": 0.05974888801574707,
      "lambda_emo": 1.0,
      "lambda_asr": 0.0001,
      "lambda_per": 0.0
    },
    {
      "step": 7,
      "total": 4.2670942604541775,
      "emo": 4.266665458679199,
      "asr": 4.288017749786377,
      "per": 0.04611985385417938,
      "lambda_emo": 1.0,
      "lambda_asr": 0.0001,
      "lambda_per": 0.0
    },
    {
      "step": 8,
      "total": 3.4122571752786635,
      "emo": 3.4120140075683594,
      "asr": 2.4316771030426025,
      "per": 0.04926362261176109,
      "lambda_emo": 1.0,
      "lambda_asr": 0.0001,
      "lambda_per": 0.0
    },
    {
      "step": 9,
      "total": 4.212465226054191,
      "emo": 4.212196350097656,
      "asr": 2.6887595653533936,
      "per": 0.04206160455942154,
      "lambda_emo": 1.0,
      "lambda_asr": 0.0001,
      "lambda_per": 0.0
    },
    {
      "step": 10,
      "total": 3.7645167757987976,
      "emo": 3.764070987701416,
      "asr": 4.457880973815918,
      "per": 0.059035103768110275,
      "lambda_emo": 1.0,
      "lambda_asr": 0.0001,
      "lambda_per": 0.0
    },
    {
      "step": 11,
      "total": 3.6154805930137632,
      "emo": 3.615074872970581,
      "asr": 4.0572004318237305,
      "per": 0.04606348276138306,
      "lambda_emo": 1.0,
      "lambda_asr": 0.0001,
      "lambda_per": 0.0
    },
    {
      "step": 12,
      "total": 3.9966357608795167,
      "emo": 3.9962708950042725,
      "asr": 3.6486587524414062,
      "per": 0.047545142471790314,
      "lambda_emo": 1.0,
      "lambda_asr": 0.0001,
      "lambda_per": 0.0
    },
    {
      "step": 13,
      "total": 3.1956127631902693,
      "emo": 3.1952426433563232,
      "asr": 3.7011983394622803,
      "per": 0.0538739375770092,
      "lambda_emo": 1.0,
      "lambda_asr": 0.0001,
      "lambda_per": 0.0
    },
    {
      "step": 14,
      "total": 2.5003409596920014,
      "emo": 2.4999403953552246,
      "asr": 4.005643367767334,
      "per": 0.046400558203458786,
      "lambda_emo": 1.0,
      "lambda_asr": 0.0001,
      "lambda_per": 0.0
    },
    {
      "step": 15,
      "total": 2.184542134022713,
      "emo": 2.1841790676116943,
      "asr": 3.630664110183716,
      "per": 0.04089556634426117,
      "lambda_emo": 1.0,
      "lambda_asr": 0.0001,
      "lambda_per": 0.0
    },
    {
      "step": 16,
      "total": 2.269526907682419,
      "emo": 2.2691097259521484,
      "asr": 4.171817302703857,
      "per": 0.05017548426985741,
      "lambda_emo": 1.0,
      "lambda_asr": 0.0001,
      "lambda_per": 0.0
    },
    {
      "step": 17,
      "total": 3.180057995605469,
      "emo": 3.1797521114349365,
      "asr": 3.0588417053222656,
      "per": 0.04140044003725052,
      "lambda_emo": 1.0,
      "lambda_asr": 0.0001,
      "lambda_per": 0.0
    },
    {
      "step": 18,
      "total": 2.6973900015592576,
      "emo": 2.6970603466033936,
      "asr": 3.2965495586395264,
      "per": 0.05590642988681793,
      "lambda_emo": 1.0,
      "lambda_asr": 0.0001,
      "lambda_per": 0.0
    },
    {
      "step": 19,
      "total": 2.3835819778680802,
      "emo": 2.3832039833068848,
      "asr": 3.7799456119537354,
      "per": 0.05122328922152519,
      "lambda_emo": 1.0,
      "lambda_asr": 0.0001,
      "lambda_per": 0.0
    },
    {
      "step": 20,
      "total": 2.4175044849177825,
      "emo": 2.403111219406128,
      "asr": 1.4392666816711426,
      "per": 0.059869494289159775,
      "lambda_emo": 1.0,
      "lambda_asr": 0.01,
      "lambda_per": 1e-05
    },
    {
      "step": 21,
      "total": 2.234762642652988,
      "emo": 2.2064249515533447,
      "asr": 2.833714723587036,
      "per": 0.05438637733459473,
      "lambda_emo": 1.0,
      "lambda_asr": 0.01,
      "lambda_per": 1e-05
    },
    {
      "step": 22,
      "total": 2.196410972141996,
      "emo": 2.153412342071533,
      "asr": 4.299811363220215,
      "per": 0.05164382606744766,
      "lambda_emo": 1.0,
      "lambda_asr": 0.01,
      "lambda_per": 1e-05
    },
    {
      "step": 23,
      "total": 2.6588808413458986,
      "emo": 2.6330995559692383,
      "asr": 2.578075647354126,
      "per": 0.05289031192660332,
      "lambda_emo": 1.0,