{
  "sample_id": "02860_0006_angry_0006_000376",
  "path": "/data1/lixiang/OpenS2S_dataset/ESD/CN/0006/Angry/0006_000376.wav",
  "speaker_id": "0006",
  "ground_truth_emotion": "angry",
  "target_emotion": "happy",
  "emo_text_clean": [
    "Angry",
    "Angry",
    "\u4ed6\u786e\u5b9e\u72e1"
  ],
  "emo_text_adv": [
    "Happy",
    "Happy",
    "Happy"
  ],
  "emo_pred_clean": [
    "angry",
    "angry",
    ""
  ],
  "emo_pred_adv": [
    "happy",
    "happy",
    "happy"
  ],
  "asr_text_clean": "\u4ed6\u786e\u5b9e\u72e1",
  "asr_text_adv": "\u662f\u7684\uff0c\u4ed6\u4eec\u7ecf\u5e38\u4e00\u8d77\u53bb\u6253\u730e",
  "success_emo": true,
  "wer": 1.0,
  "semantic_sim": 0.3611735999584198,
  "semantic_preserved": false,
  "delta_linf": 0.008000001311302185,
  "delta_l2": 1.1209466457366943,
  "snr_db": 15.759334399875936,
  "grad_norm_trace": [
    374.5958251953125,
    339.66290283203125,
    234.17425537109375,
    174.2299346923828,
    172.37185668945312,
    230.525390625,
    185.21014404296875,
    88.94683074951172,
    134.71670532226562,
    130.85939025878906,
    76.15499114990234,
    101.5125732421875,
    137.33763122558594,
    86.97093963623047,
    65.64393615722656,
    74.96267700195312,
    39.76246643066406,
    85.38044738769531,
    58.73912811279297,
    81.2928466796875,
    87.641357421875,
    216.9662322998047,
    86.66925048828125,
    83.4521255493164,
    311.3208923339844,
    151.42239379882812,
    102.4933090209961,
    67.9441909790039,
    98.03736877441406,
    78.35186767578125,
    61.025543212890625,
    54.920166015625,
    71.94550323486328,
    61.896453857421875,
    54.869171142578125,
    78.17515563964844,
    55.7024040222168,
    41.39912414550781,
    166.7082977294922,
    173.63409423828125,
    73.0235366821289,
    238.06234741210938,
    112.65850067138672,
    112.62755584716797,
    89.96289825439453,
    269.20733642578125,
    134.0546417236328,
    96.22898864746094,
    96.4053955078125,
    44.03035354614258,
    42.6962776184082,
    50.736053466796875,
    34.39893341064453,
    20.83199119567871,
    72.82870483398438,
    35.29280471801758,
    32.39568328857422,
    44.30564880371094,
    33.646759033203125,
    23.216768264770508
  ],
  "loss_trace": [
    {
      "step": 0,
      "total": 12.612755570673942,
      "emo": 12.612704277038574,
      "asr": 0.5129363536834717,
      "per": 0.0,
      "lambda_emo": 1.0,
      "lambda_asr": 0.0001,
      "lambda_per": 0.0
    },
    {
      "step": 1,
      "total": 12.110882333666087,
      "emo": 12.110823631286621,
      "asr": 0.5870237946510315,
      "per": 0.019434859976172447,
      "lambda_emo": 1.0,
      "lambda_asr": 0.0001,
      "lambda_per": 0.0
    },
    {
      "step": 2,
      "total": 10.082561349356174,
      "emo": 10.082435607910156,
      "asr": 1.25741446018219,
      "per": 0.028562035411596298,
      "lambda_emo": 1.0,
      "lambda_asr": 0.0001,
      "lambda_per": 0.0
    },
    {
      "step": 3,
      "total": 9.421466640907527,
      "emo": 9.42138671875,
      "asr": 0.7992215752601624,
      "per": 0.03071526810526848,
      "lambda_emo": 1.0,
      "lambda_asr": 0.0001,
      "lambda_per": 0.0
    },
    {
      "step": 4,
      "total": 6.623834524822235,
      "emo": 6.623567581176758,
      "asr": 2.669436454772949,
      "per": 0.034872155636548996,
      "lambda_emo": 1.0,
      "lambda_asr": 0.0001,
      "lambda_per": 0.0
    },
    {
      "step": 5,
      "total": 5.217857227659225,
      "emo": 5.2173967361450195,
      "asr": 4.604915142059326,
      "per": 0.03598908707499504,
      "lambda_emo": 1.0,
      "lambda_asr": 0.0001,
      "lambda_per": 0.0
    },
    {
      "step": 6,
      "total": 6.705840619707107,
      "emo": 6.705336570739746,
      "asr": 5.040489673614502,
      "per": 0.035507410764694214,
      "lambda_emo": 1.0,
      "lambda_asr": 0.0001,
      "lambda_per": 0.0
    },
    {
      "step": 7,
      "total": 5.096821959686279,
      "emo": 5.096284866333008,
      "asr": 5.370933532714844,
      "per": 0.03414352238178253,
      "lambda_emo": 1.0,
      "lambda_asr": 0.0001,
      "lambda_per": 0.0
    },
    {
      "step": 8,
      "total": 4.940910439729691,
      "emo": 4.940453052520752,
      "asr": 4.573872089385986,
      "per": 0.038019802421331406,
      "lambda_emo": 1.0,
      "lambda_asr": 0.0001,
      "lambda_per": 0.0
    },
    {
      "step": 9,
      "total": 4.575006177616119,
      "emo": 4.574536323547363,
      "asr": 4.698540687561035,
      "per": 0.03739155828952789,
      "lambda_emo": 1.0,
      "lambda_asr": 0.0001,
      "lambda_per": 0.0
    },
    {
      "step": 10,
      "total": 4.187672533273697,
      "emo": 4.187100410461426,
      "asr": 5.721228122711182,
      "per": 0.0444193035364151,
      "lambda_emo": 1.0,
      "lambda_asr": 0.0001,
      "lambda_per": 0.0
    },
    {
      "step": 11,
      "total": 3.783512030172348,
      "emo": 3.7829723358154297,
      "asr": 5.39694356918335,
      "per": 0.038571517914533615,
      "lambda_emo": 1.0,
      "lambda_asr": 0.0001,
      "lambda_per": 0.0
    },
    {
      "step": 12,
      "total": 4.194562772798538,
      "emo": 4.193999767303467,
      "asr": 5.630054950714111,
      "per": 0.04077042639255524,
      "lambda_emo": 1.0,
      "lambda_asr": 0.0001,
      "lambda_per": 0.0
    },
    {
      "step": 13,
      "total": 4.016809147500992,
      "emo": 4.016183376312256,
      "asr": 6.257711887359619,
      "per": 0.043302714824676514,
      "lambda_emo": 1.0,
      "lambda_asr": 0.0001,
      "lambda_per": 0.0
    },
    {
      "step": 14,
      "total": 3.8042338991642,
      "emo": 3.8035292625427246,
      "asr": 7.046366214752197,
      "per": 0.04479401931166649,
      "lambda_emo": 1.0,
      "lambda_asr": 0.0001,
      "lambda_per": 0.0
    },
    {
      "step": 15,
      "total": 3.7958090181827546,
      "emo": 3.795051336288452,
      "asr": 7.576818943023682,
      "per": 0.048587169498205185,
      "lambda_emo": 1.0,
      "lambda_asr": 0.0001,
      "lambda_per": 0.0
    },
    {
      "step": 16,
      "total": 3.1482567481994628,
      "emo": 3.147451877593994,
      "asr": 8.0487060546875,
      "per": 0.04232059419155121,
      "lambda_emo": 1.0,
      "lambda_asr": 0.0001,
      "lambda_per": 0.0
    },
    {
      "step": 17,
      "total": 2.466652037143707,
      "emo": 2.4658079147338867,
      "asr": 8.441224098205566,
      "per": 0.039396971464157104,
      "lambda_emo": 1.0,
      "lambda_asr": 0.0001,
      "lambda_per": 0.0
    },
    {
      "step": 18,
      "total": 2.5002331777572633,
      "emo": 2.4993560314178467,
      "asr": 8.771463394165039,
      "per": 0.046067845076322556,
      "lambda_emo": 1.0,
      "lambda_asr": 0.0001,
      "lambda_per": 0.0
    },
    {
      "step": 19,
      "total": 2.6049846583366394,
      "emo": 2.6040937900543213,
      "asr": 8.908682823181152,
      "per": 0.042663123458623886,
      "lambda_emo": 1.0,
      "lambda_asr": 0.0001,
      "lambda_per": 0.0
    },
    {
      "step": 20,
      "total": 1.9554827775319668,
      "emo": 1.8550076484680176,
      "asr": 10.047469139099121,
      "per": 0.0437672957777977,
      "lambda_emo": 1.0,
      "lambda_asr": 0.01,
      "lambda_per": 1e-05
    },
    {
      "step": 21,
      "total": 3.425544346559346,
      "emo": 3.353653907775879,
      "asr": 7.189001083374023,
      "per": 0.04279497265815735,
      "lambda_emo": 1.0,
      "lambda_asr": 0.01,
      "lambda_per": 1e-05
    },
    {
      "step": 22,
      "total": 2.731866130377464,
      "emo": 2.6569719314575195,
      "asr": 7.489369869232178,
      "per": 0.05002276226878166,
      "lambda_emo": 1.0,
      "lambda_asr": 0.01,
      "lambda_per": 1e-05
    },
    {
      "step": 23,
      "total": 2.732262147219032,
      "emo": 2.653168201446533,
      "asr": 7.9093451499938965,
      "per": 0.04942725598812103,
      "lambda_emo": 1.0,
      "lambda_asr": 0.01,