{
  "sample_id": "02919_0006_angry_0006_000647",
  "path": "/data1/lixiang/OpenS2S_dataset/ESD/CN/0006/Angry/0006_000647.wav",
  "speaker_id": "0006",
  "ground_truth_emotion": "angry",
  "target_emotion": "happy",
  "emo_text_clean": [
    "Angry",
    "Angry",
    "Angry."
  ],
  "emo_text_adv": [
    "Happy",
    "Happy",
    "Happy"
  ],
  "emo_pred_clean": [
    "angry",
    "angry",
    "angry"
  ],
  "emo_pred_adv": [
    "happy",
    "happy",
    "happy"
  ],
  "asr_text_clean": "\u4e09\u4e2a\uff0c\u4e24\u4e2a\u513f\u5b50\uff0c\u4e00\u4e2a\u5973\u513f\u3002",
  "asr_text_adv": "\u8fd9\u4e09\u4e2a",
  "success_emo": true,
  "wer": 1.0,
  "semantic_sim": 0.6230833530426025,
  "semantic_preserved": false,
  "delta_linf": 0.008000001311302185,
  "delta_l2": 1.0744984149932861,
  "snr_db": 12.444129185892676,
  "grad_norm_trace": [
    756.49609375,
    258.1354064941406,
    156.99978637695312,
    309.5478210449219,
    79.1126708984375,
    80.97594451904297,
    89.6529769897461,
    36.219322204589844,
    35.84939193725586,
    142.50840759277344,
    82.84717559814453,
    120.98051452636719,
    101.58940887451172,
    194.97930908203125,
    145.9889373779297,
    237.81590270996094,
    135.36767578125,
    67.07727813720703,
    40.0568962097168,
    24.788419723510742,
    43.956932067871094,
    83.66641998291016,
    101.83216857910156,
    107.31985473632812,
    95.06761932373047,
    105.07759857177734,
    48.79676818847656,
    43.26885986328125,
    86.48641204833984,
    162.20272827148438,
    173.22042846679688,
    79.40225982666016,
    202.23989868164062,
    33.622344970703125,
    86.07925415039062,
    28.406160354614258,
    71.60342407226562,
    50.63902282714844,
    44.42448043823242,
    31.533737182617188,
    82.36428833007812,
    53.07595443725586,
    50.94487762451172,
    51.012306213378906,
    32.98670959472656,
    49.893802642822266,
    31.34832763671875,
    73.19329833984375,
    37.64641571044922,
    102.19780731201172,
    58.50788116455078,
    41.782981872558594,
    28.58695411682129,
    23.563785552978516,
    19.148807525634766,
    23.01350212097168,
    24.30068016052246,
    29.126598358154297,
    37.28032684326172,
    84.19186401367188
  ],
  "loss_trace": [
    {
      "step": 0,
      "total": 8.651440726745129,
      "emo": 8.651405334472656,
      "asr": 0.3539227247238159,
      "per": 0.0,
      "lambda_emo": 1.0,
      "lambda_asr": 0.0001,
      "lambda_per": 0.0
    },
    {
      "step": 1,
      "total": 5.700523161888123,
      "emo": 5.700440406799316,
      "asr": 0.8275508880615234,
      "per": 0.0327225998044014,
      "lambda_emo": 1.0,
      "lambda_asr": 0.0001,
      "lambda_per": 0.0
    },
    {
      "step": 2,
      "total": 6.292467122030258,
      "emo": 6.292317867279053,
      "asr": 1.4925475120544434,
      "per": 0.036467790603637695,
      "lambda_emo": 1.0,
      "lambda_asr": 0.0001,
      "lambda_per": 0.0
    },
    {
      "step": 3,
      "total": 5.025966870594025,
      "emo": 5.025832653045654,
      "asr": 1.3421754837036133,
      "per": 0.045292895287275314,
      "lambda_emo": 1.0,
      "lambda_asr": 0.0001,
      "lambda_per": 0.0
    },
    {
      "step": 4,
      "total": 4.489727516400814,
      "emo": 4.489572048187256,
      "asr": 1.5546821355819702,
      "per": 0.044844113290309906,
      "lambda_emo": 1.0,
      "lambda_asr": 0.0001,
      "lambda_per": 0.0
    },
    {
      "step": 5,
      "total": 4.165707032155991,
      "emo": 4.165530204772949,
      "asr": 1.7682738304138184,
      "per": 0.04351339489221573,
      "lambda_emo": 1.0,
      "lambda_asr": 0.0001,
      "lambda_per": 0.0
    },
    {
      "step": 6,
      "total": 3.7501284026861192,
      "emo": 3.7499594688415527,
      "asr": 1.6893384456634521,
      "per": 0.04674745351076126,
      "lambda_emo": 1.0,
      "lambda_asr": 0.0001,
      "lambda_per": 0.0
    },
    {
      "step": 7,
      "total": 2.8673684143066405,
      "emo": 2.8672168254852295,
      "asr": 1.5158882141113281,
      "per": 0.03662266209721565,
      "lambda_emo": 1.0,
      "lambda_asr": 0.0001,
      "lambda_per": 0.0
    },
    {
      "step": 8,
      "total": 2.6644608025312424,
      "emo": 2.6643033027648926,
      "asr": 1.5749976634979248,
      "per": 0.04146634042263031,
      "lambda_emo": 1.0,
      "lambda_asr": 0.0001,
      "lambda_per": 0.0
    },
    {
      "step": 9,
      "total": 3.404771768414974,
      "emo": 3.4046101570129395,
      "asr": 1.6161140203475952,
      "per": 0.047132622450590134,
      "lambda_emo": 1.0,
      "lambda_asr": 0.0001,
      "lambda_per": 0.0
    },
    {
      "step": 10,
      "total": 2.933896743440628,
      "emo": 2.933739423751831,
      "asr": 1.5731968879699707,
      "per": 0.040168777108192444,
      "lambda_emo": 1.0,
      "lambda_asr": 0.0001,
      "lambda_per": 0.0
    },
    {
      "step": 11,
      "total": 4.144693454003334,
      "emo": 4.144529342651367,
      "asr": 1.641113519668579,
      "per": 0.04737391322851181,
      "lambda_emo": 1.0,
      "lambda_asr": 0.0001,
      "lambda_per": 0.0
    },
    {
      "step": 12,
      "total": 3.680434892451763,
      "emo": 3.6802802085876465,
      "asr": 1.546838641166687,
      "per": 0.036379195749759674,
      "lambda_emo": 1.0,
      "lambda_asr": 0.0001,
      "lambda_per": 0.0
    },
    {
      "step": 13,
      "total": 3.0979944192528723,
      "emo": 3.0978055000305176,
      "asr": 1.8891922235488892,
      "per": 0.04949481412768364,
      "lambda_emo": 1.0,
      "lambda_asr": 0.0001,
      "lambda_per": 0.0
    },
    {
      "step": 14,
      "total": 2.7972763382673262,
      "emo": 2.79709792137146,
      "asr": 1.7841689586639404,
      "per": 0.04991522058844566,
      "lambda_emo": 1.0,
      "lambda_asr": 0.0001,
      "lambda_per": 0.0
    },
    {
      "step": 15,
      "total": 3.9479783581614494,
      "emo": 3.947803497314453,
      "asr": 1.7486084699630737,
      "per": 0.03654360771179199,
      "lambda_emo": 1.0,
      "lambda_asr": 0.0001,
      "lambda_per": 0.0
    },
    {
      "step": 16,
      "total": 2.9192139575839042,
      "emo": 2.919041395187378,
      "asr": 1.7256239652633667,
      "per": 0.04405393451452255,
      "lambda_emo": 1.0,
      "lambda_asr": 0.0001,
      "lambda_per": 0.0
    },
    {
      "step": 17,
      "total": 2.6750169464826583,
      "emo": 2.6748595237731934,
      "asr": 1.5742270946502686,
      "per": 0.05040764808654785,
      "lambda_emo": 1.0,
      "lambda_asr": 0.0001,
      "lambda_per": 0.0
    },
    {
      "step": 18,
      "total": 2.5280516626119613,
      "emo": 2.5278663635253906,
      "asr": 1.8529908657073975,
      "per": 0.04254498332738876,
      "lambda_emo": 1.0,
      "lambda_asr": 0.0001,
      "lambda_per": 0.0
    },
    {
      "step": 19,
      "total": 2.0292328315734864,
      "emo": 2.0290732383728027,
      "asr": 1.5959320068359375,
      "per": 0.0448233038187027,
      "lambda_emo": 1.0,
      "lambda_asr": 0.0001,
      "lambda_per": 0.0
    },
    {
      "step": 20,
      "total": 1.6237858018054812,
      "emo": 1.608786940574646,
      "asr": 1.499833106994629,
      "per": 0.05301608890295029,
      "lambda_emo": 1.0,
      "lambda_asr": 0.01,
      "lambda_per": 1e-05
    },
    {
      "step": 21,
      "total": 1.6357162421830742,
      "emo": 1.620635747909546,
      "asr": 1.5080007314682007,
      "per": 0.0486958846449852,
      "lambda_emo": 1.0,
      "lambda_asr": 0.01,
      "lambda_per": 1e-05
    },
    {
      "step": 22,
      "total": 2.2170700821623948,
      "emo": 2.2010984420776367,
      "asr": 1.5971182584762573,
      "per": 0.04574999958276749,
      "lambda_emo": 1.0,
      "lambda_asr": 0.01,
      "lambda_per": 1e-05
    },
    {
      "step": 23,
      "total": 2.2013482650785896,
      "emo": 2.185694694519043,
      "asr": 1.5653150081634521,
      "per": 0.04204779118299484,
      "lambda_emo": 1.0,