{
  "sample_id": "03075_0006_angry_0006_000682",
  "path": "/data1/lixiang/OpenS2S_dataset/ESD/CN/0006/Angry/0006_000682.wav",
  "speaker_id": "0006",
  "ground_truth_emotion": "angry",
  "target_emotion": "happy",
  "emo_text_clean": [
    "Angry",
    "Angry",
    "\u597d\u7684\uff0c\u60a8\u60f3\u8981\u65b0\u6b3e"
  ],
  "emo_text_adv": [
    "happy",
    "happy",
    "happy"
  ],
  "emo_pred_clean": [
    "angry",
    "angry",
    ""
  ],
  "emo_pred_adv": [
    "happy",
    "happy",
    "happy"
  ],
  "asr_text_clean": "\u597d\u7684\uff0c\u60a8\u60f3\u8981\u65b0\u6b3e",
  "asr_text_adv": "\u7f8a\u6bdb",
  "success_emo": true,
  "wer": 1.0,
  "semantic_sim": 0.16476082801818848,
  "semantic_preserved": false,
  "delta_linf": 0.008000001311302185,
  "delta_l2": 1.0879220962524414,
  "snr_db": 13.640660724549928,
  "grad_norm_trace": [
    306.89105224609375,
    403.5735168457031,
    199.99029541015625,
    98.5095443725586,
    134.5067596435547,
    250.03541564941406,
    135.6779327392578,
    87.25828552246094,
    88.16537475585938,
    114.34717559814453,
    48.00471496582031,
    82.63134002685547,
    400.47406005859375,
    173.32261657714844,
    96.95375061035156,
    114.87332153320312,
    60.56487274169922,
    108.7344741821289,
    118.6169204711914,
    112.21573638916016,
    63.97884750366211,
    51.179439544677734,
    59.12193298339844,
    51.72474670410156,
    27.532596588134766,
    30.12960433959961,
    49.18409729003906,
    181.83126831054688,
    57.0721435546875,
    58.42701721191406,
    44.205196380615234,
    36.678646087646484,
    52.47545623779297,
    50.45475387573242,
    78.62772369384766,
    37.78889846801758,
    70.85879516601562,
    41.985076904296875,
    41.25999069213867,
    96.74905395507812,
    73.54618835449219,
    41.57187271118164,
    49.820831298828125,
    36.85788345336914,
    38.11729049682617,
    33.240726470947266,
    24.991579055786133,
    37.895145416259766,
    41.81269073486328,
    52.85607147216797,
    20.786191940307617,
    30.75418472290039,
    38.937862396240234,
    38.30453872680664,
    37.613250732421875,
    12.965447425842285,
    19.596099853515625,
    20.015090942382812,
    28.37862205505371,
    15.860013961791992
  ],
  "loss_trace": [
    {
      "step": 0,
      "total": 13.177360435120761,
      "emo": 13.177339553833008,
      "asr": 0.20881287753582,
      "per": 0.0,
      "lambda_emo": 1.0,
      "lambda_asr": 0.0001,
      "lambda_per": 0.0
    },
    {
      "step": 1,
      "total": 11.189780596911907,
      "emo": 11.189746856689453,
      "asr": 0.33740222454071045,
      "per": 0.02297930046916008,
      "lambda_emo": 1.0,
      "lambda_asr": 0.0001,
      "lambda_per": 0.0
    },
    {
      "step": 2,
      "total": 6.156775369906425,
      "emo": 6.156550407409668,
      "asr": 2.2496249675750732,
      "per": 0.0378573052585125,
      "lambda_emo": 1.0,
      "lambda_asr": 0.0001,
      "lambda_per": 0.0
    },
    {
      "step": 3,
      "total": 6.071064525699615,
      "emo": 6.070943355560303,
      "asr": 1.2117013931274414,
      "per": 0.03751927614212036,
      "lambda_emo": 1.0,
      "lambda_asr": 0.0001,
      "lambda_per": 0.0
    },
    {
      "step": 4,
      "total": 4.626498531126976,
      "emo": 4.6263556480407715,
      "asr": 1.428830862045288,
      "per": 0.047117289155721664,
      "lambda_emo": 1.0,
      "lambda_asr": 0.0001,
      "lambda_per": 0.0
    },
    {
      "step": 5,
      "total": 4.899745150721073,
      "emo": 4.899587631225586,
      "asr": 1.5751949548721313,
      "per": 0.04273345321416855,
      "lambda_emo": 1.0,
      "lambda_asr": 0.0001,
      "lambda_per": 0.0
    },
    {
      "step": 6,
      "total": 5.359948875665665,
      "emo": 5.359692573547363,
      "asr": 2.563021183013916,
      "per": 0.03944369778037071,
      "lambda_emo": 1.0,
      "lambda_asr": 0.0001,
      "lambda_per": 0.0
    },
    {
      "step": 7,
      "total": 5.511414026021957,
      "emo": 5.511210918426514,
      "asr": 2.031075954437256,
      "per": 0.04571719467639923,
      "lambda_emo": 1.0,
      "lambda_asr": 0.0001,
      "lambda_per": 0.0
    },
    {
      "step": 8,
      "total": 3.8387530433654784,
      "emo": 3.8384952545166016,
      "asr": 2.5778884887695312,
      "per": 0.05335550010204315,
      "lambda_emo": 1.0,
      "lambda_asr": 0.0001,
      "lambda_per": 0.0
    },
    {
      "step": 9,
      "total": 4.115218204641343,
      "emo": 4.114856243133545,
      "asr": 3.619615077972412,
      "per": 0.03686998039484024,
      "lambda_emo": 1.0,
      "lambda_asr": 0.0001,
      "lambda_per": 0.0
    },
    {
      "step": 10,
      "total": 3.3479332832336426,
      "emo": 3.3475730419158936,
      "asr": 3.6024131774902344,
      "per": 0.04154457524418831,
      "lambda_emo": 1.0,
      "lambda_asr": 0.0001,
      "lambda_per": 0.0
    },
    {
      "step": 11,
      "total": 2.7723531916856765,
      "emo": 2.7719638347625732,
      "asr": 3.893569231033325,
      "per": 0.045638903975486755,
      "lambda_emo": 1.0,
      "lambda_asr": 0.0001,
      "lambda_per": 0.0
    },
    {
      "step": 12,
      "total": 3.805425753068924,
      "emo": 3.8050074577331543,
      "asr": 4.182953357696533,
      "per": 0.053153570741415024,
      "lambda_emo": 1.0,
      "lambda_asr": 0.0001,
      "lambda_per": 0.0
    },
    {
      "step": 13,
      "total": 3.67977991027832,
      "emo": 3.67938494682312,
      "asr": 3.949634552001953,
      "per": 0.04099119082093239,
      "lambda_emo": 1.0,
      "lambda_asr": 0.0001,
      "lambda_per": 0.0
    },
    {
      "step": 14,
      "total": 4.222075276732445,
      "emo": 4.2217864990234375,
      "asr": 2.887777090072632,
      "per": 0.047040097415447235,
      "lambda_emo": 1.0,
      "lambda_asr": 0.0001,
      "lambda_per": 0.0
    },
    {
      "step": 15,
      "total": 3.6669483726501464,
      "emo": 3.6665866374969482,
      "asr": 3.617351531982422,
      "per": 0.05657217651605606,
      "lambda_emo": 1.0,
      "lambda_asr": 0.0001,
      "lambda_per": 0.0
    },
    {
      "step": 16,
      "total": 3.058864045715332,
      "emo": 3.058514356613159,
      "asr": 3.4968910217285156,
      "per": 0.0557510070502758,
      "lambda_emo": 1.0,
      "lambda_asr": 0.0001,
      "lambda_per": 0.0
    },
    {
      "step": 17,
      "total": 3.5880092527866365,
      "emo": 3.5876307487487793,
      "asr": 3.7850403785705566,
      "per": 0.044063299894332886,
      "lambda_emo": 1.0,
      "lambda_asr": 0.0001,
      "lambda_per": 0.0
    },
    {
      "step": 18,
      "total": 3.5683514254570006,
      "emo": 3.5679144859313965,
      "asr": 4.3693952560424805,
      "per": 0.05563762038946152,
      "lambda_emo": 1.0,
      "lambda_asr": 0.0001,
      "lambda_per": 0.0
    },
    {
      "step": 19,
      "total": 3.5930420269012453,
      "emo": 3.592658519744873,
      "asr": 3.835071563720703,
      "per": 0.056803148239851,
      "lambda_emo": 1.0,
      "lambda_asr": 0.0001,
      "lambda_per": 0.0
    },
    {
      "step": 20,
      "total": 2.8699377740655843,
      "emo": 2.830549955368042,
      "asr": 3.9387240409851074,
      "per": 0.05782876908779144,
      "lambda_emo": 1.0,
      "lambda_asr": 0.01,
      "lambda_per": 1e-05
    },
    {
      "step": 21,
      "total": 2.573359822214358,
      "emo": 2.5294079780578613,
      "asr": 4.395142555236816,
      "per": 0.04186041280627251,
      "lambda_emo": 1.0,
      "lambda_asr": 0.01,
      "lambda_per": 1e-05
    },
    {
      "step": 22,
      "total": 2.142154815065488,
      "emo": 2.099383592605591,
      "asr": 4.277075290679932,
      "per": 0.04695530980825424,
      "lambda_emo": 1.0,
      "lambda_asr": 0.01,
      "lambda_per": 1e-05
    },
    {
      "step": 23,
      "total": 2.265476205563992,
      "emo": 2.2260594367980957,
      "asr": 3.9416251182556152,
      "per": 0.051758334040641785,
      "lambda_emo": 1.0,