{
  "sample_id": "03202_0006_neutral_0006_000212",
  "path": "/data1/lixiang/OpenS2S_dataset/ESD/CN/0006/Neutral/0006_000212.wav",
  "speaker_id": "0006",
  "ground_truth_emotion": "neutral",
  "target_emotion": "happy",
  "emo_text_clean": [
    "neutral",
    "neutral",
    "\u597d\u7684\uff0c\u6211\u7ee7\u7eed\u966a\u4f60"
  ],
  "emo_text_adv": [
    "happy",
    "happy",
    "happy"
  ],
  "emo_pred_clean": [
    "neutral",
    "neutral",
    ""
  ],
  "emo_pred_adv": [
    "happy",
    "happy",
    "happy"
  ],
  "asr_text_clean": "\u6211\u8fd8\u4f1a\u966a\u4f60",
  "asr_text_adv": "I feel relieved.",
  "success_emo": true,
  "wer": 3.0,
  "semantic_sim": 0.3744316101074219,
  "semantic_preserved": false,
  "delta_linf": 0.008000001311302185,
  "delta_l2": 1.0364677906036377,
  "snr_db": 4.661740899803462,
  "grad_norm_trace": [
    2752.094482421875,
    170.80348205566406,
    85.05467987060547,
    194.23223876953125,
    142.58702087402344,
    101.25164031982422,
    265.2062072753906,
    123.33800506591797,
    135.4276123046875,
    143.27508544921875,
    70.43452453613281,
    90.53300476074219,
    181.33917236328125,
    109.85223388671875,
    79.52606201171875,
    193.06617736816406,
    125.26781463623047,
    139.76258850097656,
    83.93191528320312,
    123.56013488769531,
    93.42919158935547,
    48.435482025146484,
    77.45221710205078,
    92.01846313476562,
    47.3183708190918,
    86.76611328125,
    53.712860107421875,
    42.11796188354492,
    42.45990753173828,
    31.276782989501953,
    52.868370056152344,
    23.716266632080078,
    102.34967041015625,
    34.155128479003906,
    38.46436309814453,
    29.335975646972656,
    52.94100570678711,
    18.818683624267578,
    35.765357971191406,
    46.800514221191406,
    24.6265869140625,
    19.436555862426758,
    49.30474853515625,
    28.49143409729004,
    57.81657409667969,
    43.701473236083984,
    23.15156364440918,
    19.57686424255371,
    16.600757598876953,
    22.1572265625,
    40.8486213684082,
    24.61051368713379,
    17.57382583618164,
    34.17685317993164,
    29.820356369018555,
    22.647417068481445,
    15.894787788391113,
    24.82504653930664,
    47.5130729675293,
    79.48430633544922
  ],
  "loss_trace": [
    {
      "step": 0,
      "total": 8.917818074059486,
      "emo": 8.917779922485352,
      "asr": 0.3815157413482666,
      "per": 0.0,
      "lambda_emo": 1.0,
      "lambda_asr": 0.0001,
      "lambda_per": 0.0
    },
    {
      "step": 1,
      "total": 5.676218208999932,
      "emo": 5.676194667816162,
      "asr": 0.2354118376970291,
      "per": 0.05170386657118797,
      "lambda_emo": 1.0,
      "lambda_asr": 0.0001,
      "lambda_per": 0.0
    },
    {
      "step": 2,
      "total": 4.098717651231587,
      "emo": 4.098699569702148,
      "asr": 0.18081529438495636,
      "per": 0.07017027586698532,
      "lambda_emo": 1.0,
      "lambda_asr": 0.0001,
      "lambda_per": 0.0
    },
    {
      "step": 3,
      "total": 5.158766889810562,
      "emo": 5.158658504486084,
      "asr": 1.0838532447814941,
      "per": 0.050484951585531235,
      "lambda_emo": 1.0,
      "lambda_asr": 0.0001,
      "lambda_per": 0.0
    },
    {
      "step": 4,
      "total": 3.0809994375467302,
      "emo": 3.0807254314422607,
      "asr": 2.740061044692993,
      "per": 0.0626922994852066,
      "lambda_emo": 1.0,
      "lambda_asr": 0.0001,
      "lambda_per": 0.0
    },
    {
      "step": 5,
      "total": 2.7001884605646134,
      "emo": 2.699925422668457,
      "asr": 2.6303789615631104,
      "per": 0.047767408192157745,
      "lambda_emo": 1.0,
      "lambda_asr": 0.0001,
      "lambda_per": 0.0
    },
    {
      "step": 6,
      "total": 3.9694987528920174,
      "emo": 3.9693446159362793,
      "asr": 1.5413695573806763,
      "per": 0.06550931930541992,
      "lambda_emo": 1.0,
      "lambda_asr": 0.0001,
      "lambda_per": 0.0
    },
    {
      "step": 7,
      "total": 3.382081550478935,
      "emo": 3.381742477416992,
      "asr": 3.390730619430542,
      "per": 0.06037111580371857,
      "lambda_emo": 1.0,
      "lambda_asr": 0.0001,
      "lambda_per": 0.0
    },
    {
      "step": 8,
      "total": 3.2438408585309984,
      "emo": 3.2434935569763184,
      "asr": 3.473015546798706,
      "per": 0.07016237080097198,
      "lambda_emo": 1.0,
      "lambda_asr": 0.0001,
      "lambda_per": 0.0
    },
    {
      "step": 9,
      "total": 3.064833904123306,
      "emo": 3.064366102218628,
      "asr": 4.678019046783447,
      "per": 0.05308730527758598,
      "lambda_emo": 1.0,
      "lambda_asr": 0.0001,
      "lambda_per": 0.0
    },
    {
      "step": 10,
      "total": 5.337485338258744,
      "emo": 5.336705207824707,
      "asr": 7.801304340362549,
      "per": 0.046786099672317505,
      "lambda_emo": 1.0,
      "lambda_asr": 0.0001,
      "lambda_per": 0.0
    },
    {
      "step": 11,
      "total": 3.971871687602997,
      "emo": 3.970989227294922,
      "asr": 8.824603080749512,
      "per": 0.04623202979564667,
      "lambda_emo": 1.0,
      "lambda_asr": 0.0001,
      "lambda_per": 0.0
    },
    {
      "step": 12,
      "total": 4.56276887140274,
      "emo": 4.561893463134766,
      "asr": 8.754082679748535,
      "per": 0.05280333384871483,
      "lambda_emo": 1.0,
      "lambda_asr": 0.0001,
      "lambda_per": 0.0
    },
    {
      "step": 13,
      "total": 4.0883090435981755,
      "emo": 4.087368011474609,
      "asr": 9.410321235656738,
      "per": 0.06681472808122635,
      "lambda_emo": 1.0,
      "lambda_asr": 0.0001,
      "lambda_per": 0.0
    },
    {
      "step": 14,
      "total": 5.378983502292633,
      "emo": 5.378015041351318,
      "asr": 9.684609413146973,
      "per": 0.0646788626909256,
      "lambda_emo": 1.0,
      "lambda_asr": 0.0001,
      "lambda_per": 0.0
    },
    {
      "step": 15,
      "total": 4.6239068416595455,
      "emo": 4.62291145324707,
      "asr": 9.95388412475586,
      "per": 0.05816037952899933,
      "lambda_emo": 1.0,
      "lambda_asr": 0.0001,
      "lambda_per": 0.0
    },
    {
      "step": 16,
      "total": 4.753047696971893,
      "emo": 4.752044677734375,
      "asr": 10.030192375183105,
      "per": 0.06148182600736618,
      "lambda_emo": 1.0,
      "lambda_asr": 0.0001,
      "lambda_per": 0.0
    },
    {
      "step": 17,
      "total": 4.39974150094986,
      "emo": 4.398751735687256,
      "asr": 9.897652626037598,
      "per": 0.04711836576461792,
      "lambda_emo": 1.0,
      "lambda_asr": 0.0001,
      "lambda_per": 0.0
    },
    {
      "step": 18,
      "total": 3.6510449948310852,
      "emo": 3.65000057220459,
      "asr": 10.444226264953613,
      "per": 0.06530515849590302,
      "lambda_emo": 1.0,
      "lambda_asr": 0.0001,
      "lambda_per": 0.0
    },
    {
      "step": 19,
      "total": 4.216715080547333,
      "emo": 4.21574068069458,
      "asr": 9.743998527526855,
      "per": 0.06662745028734207,
      "lambda_emo": 1.0,
      "lambda_asr": 0.0001,
      "lambda_per": 0.0
    },
    {
      "step": 20,
      "total": 2.8016137076829004,
      "emo": 2.6996352672576904,
      "asr": 10.197781562805176,
      "per": 0.062479715794324875,
      "lambda_emo": 1.0,
      "lambda_asr": 0.01,
      "lambda_per": 1e-05
    },
    {
      "step": 21,
      "total": 2.7644470098263025,
      "emo": 2.6634459495544434,
      "asr": 10.10006046295166,
      "per": 0.045564234256744385,
      "lambda_emo": 1.0,
      "lambda_asr": 0.01,
      "lambda_per": 1e-05
    },
    {
      "step": 22,
      "total": 2.3973889633820207,
      "emo": 2.2933287620544434,
      "asr": 10.405973434448242,
      "per": 0.04669830948114395,
      "lambda_emo": 1.0,
      "lambda_asr": 0.01,
      "lambda_per": 1e-05
    },
    {
      "step": 23,
      "total": 1.9407016024073958,
      "emo": 1.8359296321868896,
      "asr": 10.477137565612793,
      "per": 0.059456437826156616,
      "lambda_emo": 1.0,
      "lambda_asr": 0.01,