{
  "sample_id": "03250_0006_neutral_0006_000332",
  "path": "/data1/lixiang/OpenS2S_dataset/ESD/CN/0006/Neutral/0006_000332.wav",
  "speaker_id": "0006",
  "ground_truth_emotion": "neutral",
  "target_emotion": "happy",
  "emo_text_clean": [
    "Neutral",
    "Neutral",
    "\u597d\u7684\uff0c\u60a8\u60f3\u8981\u65b0\u6b3e"
  ],
  "emo_text_adv": [
    "happy",
    "happy",
    "happy"
  ],
  "emo_pred_clean": [
    "neutral",
    "neutral",
    ""
  ],
  "emo_pred_adv": [
    "happy",
    "happy",
    "happy"
  ],
  "asr_text_clean": "\u597d\u7684\uff0c\u60a8\u60f3\u8981\u65b0\u6b3e",
  "asr_text_adv": "We had a great time today!",
  "success_emo": true,
  "wer": 6.0,
  "semantic_sim": 0.29783520102500916,
  "semantic_preserved": false,
  "delta_linf": 0.008000001311302185,
  "delta_l2": 1.1478462219238281,
  "snr_db": 5.4526729778240774,
  "grad_norm_trace": [
    3064.234375,
    304.5530700683594,
    202.31271362304688,
    242.6791229248047,
    194.9232177734375,
    333.876953125,
    116.97074890136719,
    111.67729949951172,
    168.91510009765625,
    150.01959228515625,
    198.68577575683594,
    139.35009765625,
    230.65257263183594,
    294.988525390625,
    111.08834075927734,
    147.75404357910156,
    68.75081634521484,
    86.86160278320312,
    106.79579162597656,
    44.898902893066406,
    111.34050750732422,
    60.10664367675781,
    53.59159469604492,
    46.11728286743164,
    183.85646057128906,
    61.01426696777344,
    33.67754364013672,
    42.01006317138672,
    52.19945526123047,
    122.49531555175781,
    40.11550521850586,
    187.48904418945312,
    72.1146469116211,
    66.4463119506836,
    28.20942497253418,
    38.350826263427734,
    30.482929229736328,
    34.4264030456543,
    30.6699161529541,
    45.38074493408203,
    39.89661407470703,
    25.024513244628906,
    25.9985408782959,
    98.5765151977539,
    28.521249771118164,
    16.78963279724121,
    34.80392837524414,
    30.30961799621582,
    32.58625030517578,
    41.62209701538086,
    32.966644287109375,
    23.27925682067871,
    28.465728759765625,
    25.922395706176758,
    25.108808517456055,
    23.458948135375977,
    20.80805778503418,
    26.446937561035156,
    39.91150665283203,
    19.183061599731445
  ],
  "loss_trace": [
    {
      "step": 0,
      "total": 10.26551066790372,
      "emo": 10.265486717224121,
      "asr": 0.239506796002388,
      "per": 0.0,
      "lambda_emo": 1.0,
      "lambda_asr": 0.0001,
      "lambda_per": 0.0
    },
    {
      "step": 1,
      "total": 7.63818821876049,
      "emo": 7.638061046600342,
      "asr": 1.271721601486206,
      "per": 0.07110898196697235,
      "lambda_emo": 1.0,
      "lambda_asr": 0.0001,
      "lambda_per": 0.0
    },
    {
      "step": 2,
      "total": 7.205611607027054,
      "emo": 7.205373287200928,
      "asr": 2.3831982612609863,
      "per": 0.06338408589363098,
      "lambda_emo": 1.0,
      "lambda_asr": 0.0001,
      "lambda_per": 0.0
    },
    {
      "step": 3,
      "total": 5.9991239458322525,
      "emo": 5.998952865600586,
      "asr": 1.7108023166656494,
      "per": 0.05636260658502579,
      "lambda_emo": 1.0,
      "lambda_asr": 0.0001,
      "lambda_per": 0.0
    },
    {
      "step": 4,
      "total": 5.512202063751221,
      "emo": 5.511835098266602,
      "asr": 3.6696548461914062,
      "per": 0.055912770330905914,
      "lambda_emo": 1.0,
      "lambda_asr": 0.0001,
      "lambda_per": 0.0
    },
    {
      "step": 5,
      "total": 4.2496260768175125,
      "emo": 4.249282360076904,
      "asr": 3.4371674060821533,
      "per": 0.07140287756919861,
      "lambda_emo": 1.0,
      "lambda_asr": 0.0001,
      "lambda_per": 0.0
    },
    {
      "step": 6,
      "total": 3.4041852167129516,
      "emo": 3.403834819793701,
      "asr": 3.503969192504883,
      "per": 0.0550142340362072,
      "lambda_emo": 1.0,
      "lambda_asr": 0.0001,
      "lambda_per": 0.0
    },
    {
      "step": 7,
      "total": 3.8051525714159014,
      "emo": 3.8048484325408936,
      "asr": 3.041388750076294,
      "per": 0.05367586016654968,
      "lambda_emo": 1.0,
      "lambda_asr": 0.0001,
      "lambda_per": 0.0
    },
    {
      "step": 8,
      "total": 3.389341104197502,
      "emo": 3.388983726501465,
      "asr": 3.573776960372925,
      "per": 0.06388338655233383,
      "lambda_emo": 1.0,
      "lambda_asr": 0.0001,
      "lambda_per": 0.0
    },
    {
      "step": 9,
      "total": 4.177776041078568,
      "emo": 4.177443027496338,
      "asr": 3.3301358222961426,
      "per": 0.06269204616546631,
      "lambda_emo": 1.0,
      "lambda_asr": 0.0001,
      "lambda_per": 0.0
    },
    {
      "step": 10,
      "total": 3.7450954767227174,
      "emo": 3.744835376739502,
      "asr": 2.6009998321533203,
      "per": 0.054716385900974274,
      "lambda_emo": 1.0,
      "lambda_asr": 0.0001,
      "lambda_per": 0.0
    },
    {
      "step": 11,
      "total": 2.789833718919754,
      "emo": 2.7895092964172363,
      "asr": 3.244225025177002,
      "per": 0.05804213508963585,
      "lambda_emo": 1.0,
      "lambda_asr": 0.0001,
      "lambda_per": 0.0
    },
    {
      "step": 12,
      "total": 2.2500391226530074,
      "emo": 2.2497169971466064,
      "asr": 3.22125506401062,
      "per": 0.04564647004008293,
      "lambda_emo": 1.0,
      "lambda_asr": 0.0001,
      "lambda_per": 0.0
    },
    {
      "step": 13,
      "total": 2.6491956314086913,
      "emo": 2.6487531661987305,
      "asr": 4.424652099609375,
      "per": 0.04939898103475571,
      "lambda_emo": 1.0,
      "lambda_asr": 0.0001,
      "lambda_per": 0.0
    },
    {
      "step": 14,
      "total": 4.4422414437770845,
      "emo": 4.441649913787842,
      "asr": 5.915299892425537,
      "per": 0.06659391522407532,
      "lambda_emo": 1.0,
      "lambda_asr": 0.0001,
      "lambda_per": 0.0
    },
    {
      "step": 15,
      "total": 4.283329708385468,
      "emo": 4.282900810241699,
      "asr": 4.2889814376831055,
      "per": 0.053078897297382355,
      "lambda_emo": 1.0,
      "lambda_asr": 0.0001,
      "lambda_per": 0.0
    },
    {
      "step": 16,
      "total": 4.926652422094345,
      "emo": 4.926059722900391,
      "asr": 5.926991939544678,
      "per": 0.06147189065814018,
      "lambda_emo": 1.0,
      "lambda_asr": 0.0001,
      "lambda_per": 0.0
    },
    {
      "step": 17,
      "total": 4.133971935796738,
      "emo": 4.133378028869629,
      "asr": 5.9390692710876465,
      "per": 0.06038869917392731,
      "lambda_emo": 1.0,
      "lambda_asr": 0.0001,
      "lambda_per": 0.0
    },
    {
      "step": 18,
      "total": 3.673599608898163,
      "emo": 3.6729869842529297,
      "asr": 6.126246452331543,
      "per": 0.06348816305398941,
      "lambda_emo": 1.0,
      "lambda_asr": 0.0001,
      "lambda_per": 0.0
    },
    {
      "step": 19,
      "total": 3.8320225100517273,
      "emo": 3.8314390182495117,
      "asr": 5.834918022155762,
      "per": 0.06530065834522247,
      "lambda_emo": 1.0,
      "lambda_asr": 0.0001,
      "lambda_per": 0.0
    },
    {
      "step": 20,
      "total": 3.889230833493881,
      "emo": 3.8285322189331055,
      "asr": 6.0698065757751465,
      "per": 0.054880302399396896,
      "lambda_emo": 1.0,
      "lambda_asr": 0.01,
      "lambda_per": 1e-05
    },
    {
      "step": 21,
      "total": 3.6647644117709994,
      "emo": 3.6084580421447754,
      "asr": 5.630570888519287,
      "per": 0.06607410311698914,
      "lambda_emo": 1.0,
      "lambda_asr": 0.01,
      "lambda_per": 1e-05
    },
    {
      "step": 22,
      "total": 3.2925703333191203,
      "emo": 3.234315872192383,
      "asr": 5.8253984451293945,
      "per": 0.04766754433512688,
      "lambda_emo": 1.0,
      "lambda_asr": 0.01,
      "lambda_per": 1e-05
    },
    {
      "step": 23,
      "total": 2.7725212812735887,
      "emo": 2.7126224040985107,
      "asr": 5.989841461181641,
      "per": 0.046256326138973236,
      "lambda_emo": 1.0,