{
  "sample_id": "03357_0006_neutral_0006_000089",
  "path": "/data1/lixiang/OpenS2S_dataset/ESD/CN/0006/Neutral/0006_000089.wav",
  "speaker_id": "0006",
  "ground_truth_emotion": "neutral",
  "target_emotion": "happy",
  "emo_text_clean": [
    "Neutral",
    "Neutral",
    "\u662f\u554a\uff0c\u786e\u5b9e\u5f88\u6f02\u4eae"
  ],
  "emo_text_adv": [
    "happy",
    "happy",
    "happy"
  ],
  "emo_pred_clean": [
    "neutral",
    "neutral",
    ""
  ],
  "emo_pred_adv": [
    "happy",
    "happy",
    "happy"
  ],
  "asr_text_clean": "\u662f\u554a\uff0c\u51b0\u6dc7\u6dcb",
  "asr_text_adv": "\u559d\u5b8c\u51b0\u6dc7\u6dcb",
  "success_emo": true,
  "wer": 1.0,
  "semantic_sim": 0.8960034847259521,
  "semantic_preserved": true,
  "delta_linf": 0.008000001311302185,
  "delta_l2": 1.1999232769012451,
  "snr_db": 4.955607058529648,
  "grad_norm_trace": [
    1986.6177978515625,
    193.21971130371094,
    324.62591552734375,
    118.58586120605469,
    130.31167602539062,
    483.0953063964844,
    127.6064453125,
    168.43612670898438,
    274.1889953613281,
    101.43518829345703,
    113.32466125488281,
    145.94854736328125,
    61.76463317871094,
    228.30709838867188,
    281.01812744140625,
    75.44007873535156,
    83.3892822265625,
    127.02780151367188,
    83.83625793457031,
    73.20835876464844,
    77.1672134399414,
    51.83537673950195,
    170.2615966796875,
    64.45878601074219,
    81.38904571533203,
    55.44914627075195,
    50.5681037902832,
    55.07599639892578,
    34.0369987487793,
    31.825342178344727,
    22.779483795166016,
    43.762325286865234,
    58.47883987426758,
    91.42332458496094,
    100.37626647949219,
    42.34549331665039,
    39.120361328125,
    45.009193420410156,
    82.47779083251953,
    34.71455001831055,
    65.24849700927734,
    44.683380126953125,
    40.71665954589844,
    36.948177337646484,
    42.71244430541992,
    39.62873458862305,
    32.99635696411133,
    21.004507064819336,
    65.9176025390625,
    21.254243850708008,
    34.365745544433594,
    24.514982223510742,
    48.16484832763672,
    39.29526138305664,
    29.852235794067383,
    20.29326820373535,
    18.674135208129883,
    35.33281326293945,
    55.23804473876953,
    18.714229583740234
  ],
  "loss_trace": [
    {
      "step": 0,
      "total": 7.329768258619309,
      "emo": 7.329723358154297,
      "asr": 0.4490046501159668,
      "per": 0.0,
      "lambda_emo": 1.0,
      "lambda_asr": 0.0001,
      "lambda_per": 0.0
    },
    {
      "step": 1,
      "total": 3.670202929353714,
      "emo": 3.670132637023926,
      "asr": 0.7029232978820801,
      "per": 0.04231835529208183,
      "lambda_emo": 1.0,
      "lambda_asr": 0.0001,
      "lambda_per": 0.0
    },
    {
      "step": 2,
      "total": 3.7184833337783814,
      "emo": 3.718310832977295,
      "asr": 1.7250080108642578,
      "per": 0.046616654843091965,
      "lambda_emo": 1.0,
      "lambda_asr": 0.0001,
      "lambda_per": 0.0
    },
    {
      "step": 3,
      "total": 3.3195502425909043,
      "emo": 3.319365978240967,
      "asr": 1.8426434993743896,
      "per": 0.05685260519385338,
      "lambda_emo": 1.0,
      "lambda_asr": 0.0001,
      "lambda_per": 0.0
    },
    {
      "step": 4,
      "total": 2.3703236125826836,
      "emo": 2.3701868057250977,
      "asr": 1.3680685758590698,
      "per": 0.05752866715192795,
      "lambda_emo": 1.0,
      "lambda_asr": 0.0001,
      "lambda_per": 0.0
    },
    {
      "step": 5,
      "total": 4.228273563838005,
      "emo": 4.228005409240723,
      "asr": 2.6815459728240967,
      "per": 0.05993562936782837,
      "lambda_emo": 1.0,
      "lambda_asr": 0.0001,
      "lambda_per": 0.0
    },
    {
      "step": 6,
      "total": 3.2900704104185103,
      "emo": 3.2898006439208984,
      "asr": 2.697664976119995,
      "per": 0.046002522110939026,
      "lambda_emo": 1.0,
      "lambda_asr": 0.0001,
      "lambda_per": 0.0
    },
    {
      "step": 7,
      "total": 2.9719035406589507,
      "emo": 2.971652030944824,
      "asr": 2.515097141265869,
      "per": 0.051238130778074265,
      "lambda_emo": 1.0,
      "lambda_asr": 0.0001,
      "lambda_per": 0.0
    },
    {
      "step": 8,
      "total": 3.64388247089386,
      "emo": 3.6434428691864014,
      "asr": 4.396017074584961,
      "per": 0.04669952392578125,
      "lambda_emo": 1.0,
      "lambda_asr": 0.0001,
      "lambda_per": 0.0
    },
    {
      "step": 9,
      "total": 3.768609962964058,
      "emo": 3.768360137939453,
      "asr": 2.4982502460479736,
      "per": 0.05343811959028244,
      "lambda_emo": 1.0,
      "lambda_asr": 0.0001,
      "lambda_per": 0.0
    },
    {
      "step": 10,
      "total": 2.630754693889618,
      "emo": 2.630415678024292,
      "asr": 3.3901586532592773,
      "per": 0.058498553931713104,
      "lambda_emo": 1.0,
      "lambda_asr": 0.0001,
      "lambda_per": 0.0
    },
    {
      "step": 11,
      "total": 3.0449331358909606,
      "emo": 3.0445809364318848,
      "asr": 3.5219945907592773,
      "per": 0.06196349486708641,
      "lambda_emo": 1.0,
      "lambda_asr": 0.0001,
      "lambda_per": 0.0
    },
    {
      "step": 12,
      "total": 1.9479517809391023,
      "emo": 1.9475479125976562,
      "asr": 4.0386834144592285,
      "per": 0.052868664264678955,
      "lambda_emo": 1.0,
      "lambda_asr": 0.0001,
      "lambda_per": 0.0
    },
    {
      "step": 13,
      "total": 1.8928129090785981,
      "emo": 1.8923799991607666,
      "asr": 4.329099178314209,
      "per": 0.05316639691591263,
      "lambda_emo": 1.0,
      "lambda_asr": 0.0001,
      "lambda_per": 0.0
    },
    {
      "step": 14,
      "total": 3.7064710528612137,
      "emo": 3.706202268600464,
      "asr": 2.687842607498169,
      "per": 0.06283468008041382,
      "lambda_emo": 1.0,
      "lambda_asr": 0.0001,
      "lambda_per": 0.0
    },
    {
      "step": 15,
      "total": 3.1714348468780518,
      "emo": 3.1711719036102295,
      "asr": 2.6294326782226562,
      "per": 0.04575782269239426,
      "lambda_emo": 1.0,
      "lambda_asr": 0.0001,
      "lambda_per": 0.0
    },
    {
      "step": 16,
      "total": 2.6550678105115892,
      "emo": 2.654773712158203,
      "asr": 2.940983533859253,
      "per": 0.059557296335697174,
      "lambda_emo": 1.0,
      "lambda_asr": 0.0001,
      "lambda_per": 0.0
    },
    {
      "step": 17,
      "total": 2.603123896765709,
      "emo": 2.602816581726074,
      "asr": 3.073150396347046,
      "per": 0.04333838075399399,
      "lambda_emo": 1.0,
      "lambda_asr": 0.0001,
      "lambda_per": 0.0
    },
    {
      "step": 18,
      "total": 2.798411068058014,
      "emo": 2.798095226287842,
      "asr": 3.1584177017211914,
      "per": 0.059972308576107025,
      "lambda_emo": 1.0,
      "lambda_asr": 0.0001,
      "lambda_per": 0.0
    },
    {
      "step": 19,
      "total": 2.7222709633588793,
      "emo": 2.7219619750976562,
      "asr": 3.0898826122283936,
      "per": 0.0554843470454216,
      "lambda_emo": 1.0,
      "lambda_asr": 0.0001,
      "lambda_per": 0.0
    },
    {
      "step": 20,
      "total": 2.9061697480276973,
      "emo": 2.8774869441986084,
      "asr": 2.8682332038879395,
      "per": 0.04717902094125748,
      "lambda_emo": 1.0,
      "lambda_asr": 0.01,
      "lambda_per": 1e-05
    },
    {
      "step": 21,
      "total": 2.613086525120251,
      "emo": 2.5848488807678223,
      "asr": 2.8237197399139404,
      "per": 0.044695328921079636,
      "lambda_emo": 1.0,
      "lambda_asr": 0.01,
      "lambda_per": 1e-05
    },
    {
      "step": 22,
      "total": 3.1349772273483874,
      "emo": 3.1026854515075684,
      "asr": 3.229130983352661,
      "per": 0.04660072922706604,
      "lambda_emo": 1.0,
      "lambda_asr": 0.01,
      "lambda_per": 1e-05
    },
    {
      "step": 23,
      "total": 2.6507069658837836,
      "emo": 2.6214866638183594,
      "asr": 2.921985387802124,
      "per": 0.04481874033808708,