{
  "sample_id": "03377_0006_neutral_0006_000013",
  "path": "/data1/lixiang/OpenS2S_dataset/ESD/CN/0006/Neutral/0006_000013.wav",
  "speaker_id": "0006",
  "ground_truth_emotion": "neutral",
  "target_emotion": "happy",
  "emo_text_clean": [
    "Neutral",
    "Neutral",
    "\u5468\u672b\u7684\u6211\u53ea\u5fd9\u7740"
  ],
  "emo_text_adv": [
    "Happy",
    "happy",
    "happy"
  ],
  "emo_pred_clean": [
    "neutral",
    "neutral",
    ""
  ],
  "emo_pred_adv": [
    "happy",
    "happy",
    "happy"
  ],
  "asr_text_clean": "\u5468\u672b\u7684\u6211\u53ea\u5fd9\u7740",
  "asr_text_adv": "\u5468\u672b\u7684\u6211\u53ea\u5fd9\u7740",
  "success_emo": true,
  "wer": 0.0,
  "semantic_sim": 0.9999999403953552,
  "semantic_preserved": true,
  "delta_linf": 0.008000001311302185,
  "delta_l2": 1.0360560417175293,
  "snr_db": 8.64043168690381,
  "grad_norm_trace": [
    6327.6044921875,
    356.8385314941406,
    59.324317932128906,
    117.35404205322266,
    137.4695281982422,
    107.68207550048828,
    118.06147003173828,
    89.91699981689453,
    152.64593505859375,
    81.23837280273438,
    100.70561981201172,
    75.25340270996094,
    94.68913269042969,
    148.8948974609375,
    119.623046875,
    157.9498748779297,
    140.30908203125,
    182.9474334716797,
    613.6405639648438,
    255.2615203857422,
    105.03838348388672,
    109.19159698486328,
    78.2767562866211,
    213.6717529296875,
    246.2547607421875,
    135.1552734375,
    124.00505065917969,
    103.9721908569336,
    58.50933074951172,
    149.9246368408203,
    91.19341278076172,
    88.49799346923828,
    118.60010528564453,
    83.46415710449219,
    85.0242919921875,
    87.6452865600586,
    117.9080810546875,
    166.0961151123047,
    80.27336120605469,
    166.398681640625,
    183.20433044433594,
    247.2097625732422,
    174.1217803955078,
    159.11767578125,
    111.92718505859375,
    135.5714874267578,
    87.67389678955078,
    73.39996337890625,
    113.84043884277344,
    38.50259017944336,
    45.227813720703125,
    37.42415237426758,
    143.96812438964844,
    74.36918640136719,
    65.69252014160156,
    37.182472229003906,
    30.18528938293457,
    55.60061264038086,
    33.14427185058594,
    34.76121139526367
  ],
  "loss_trace": [
    {
      "step": 0,
      "total": 6.6057359367560595,
      "emo": 6.60573148727417,
      "asr": 0.04449481889605522,
      "per": 0.0,
      "lambda_emo": 1.0,
      "lambda_asr": 0.0001,
      "lambda_per": 0.0
    },
    {
      "step": 1,
      "total": 7.629106452506781,
      "emo": 7.6290507316589355,
      "asr": 0.5572084784507751,
      "per": 0.0704650804400444,
      "lambda_emo": 1.0,
      "lambda_asr": 0.0001,
      "lambda_per": 0.0
    },
    {
      "step": 2,
      "total": 5.389379269456863,
      "emo": 5.388978958129883,
      "asr": 4.003113269805908,
      "per": 0.06404663622379303,
      "lambda_emo": 1.0,
      "lambda_asr": 0.0001,
      "lambda_per": 0.0
    },
    {
      "step": 3,
      "total": 4.501345641613007,
      "emo": 4.5008673667907715,
      "asr": 4.782748222351074,
      "per": 0.07596161961555481,
      "lambda_emo": 1.0,
      "lambda_asr": 0.0001,
      "lambda_per": 0.0
    },
    {
      "step": 4,
      "total": 4.4763176628112795,
      "emo": 4.475940227508545,
      "asr": 3.77435302734375,
      "per": 0.07353289425373077,
      "lambda_emo": 1.0,
      "lambda_asr": 0.0001,
      "lambda_per": 0.0
    },
    {
      "step": 5,
      "total": 4.524761568689346,
      "emo": 4.524392127990723,
      "asr": 3.6944069862365723,
      "per": 0.0556577667593956,
      "lambda_emo": 1.0,
      "lambda_asr": 0.0001,
      "lambda_per": 0.0
    },
    {
      "step": 6,
      "total": 4.840528005313874,
      "emo": 4.840211391448975,
      "asr": 3.1661386489868164,
      "per": 0.054412588477134705,
      "lambda_emo": 1.0,
      "lambda_asr": 0.0001,
      "lambda_per": 0.0
    },
    {
      "step": 7,
      "total": 4.9837121979475025,
      "emo": 4.983318328857422,
      "asr": 3.9386909008026123,
      "per": 0.056030772626399994,
      "lambda_emo": 1.0,
      "lambda_asr": 0.0001,
      "lambda_per": 0.0
    },
    {
      "step": 8,
      "total": 3.5894914998292924,
      "emo": 3.5891237258911133,
      "asr": 3.677739381790161,
      "per": 0.053422413766384125,
      "lambda_emo": 1.0,
      "lambda_asr": 0.0001,
      "lambda_per": 0.0
    },
    {
      "step": 9,
      "total": 3.552758202123642,
      "emo": 3.5523853302001953,
      "asr": 3.7287192344665527,
      "per": 0.06757624447345734,
      "lambda_emo": 1.0,
      "lambda_asr": 0.0001,
      "lambda_per": 0.0
    },
    {
      "step": 10,
      "total": 3.106311187362671,
      "emo": 3.1059470176696777,
      "asr": 3.6416969299316406,
      "per": 0.058572135865688324,
      "lambda_emo": 1.0,
      "lambda_asr": 0.0001,
      "lambda_per": 0.0
    },
    {
      "step": 11,
      "total": 3.675787444615364,
      "emo": 3.6754300594329834,
      "asr": 3.5738518238067627,
      "per": 0.0687141939997673,
      "lambda_emo": 1.0,
      "lambda_asr": 0.0001,
      "lambda_per": 0.0
    },
    {
      "step": 12,
      "total": 3.4191272618532182,
      "emo": 3.4187793731689453,
      "asr": 3.478886842727661,
      "per": 0.0475546196103096,
      "lambda_emo": 1.0,
      "lambda_asr": 0.0001,
      "lambda_per": 0.0
    },
    {
      "step": 13,
      "total": 3.069550341796875,
      "emo": 3.069155216217041,
      "asr": 3.9512557983398438,
      "per": 0.05668294429779053,
      "lambda_emo": 1.0,
      "lambda_asr": 0.0001,
      "lambda_per": 0.0
    },
    {
      "step": 14,
      "total": 2.9535622517347337,
      "emo": 2.9531936645507812,
      "asr": 3.6858718395233154,
      "per": 0.050527721643447876,
      "lambda_emo": 1.0,
      "lambda_asr": 0.0001,
      "lambda_per": 0.0
    },
    {
      "step": 15,
      "total": 3.826217847633362,
      "emo": 3.8258414268493652,
      "asr": 3.7642078399658203,
      "per": 0.04827031493186951,
      "lambda_emo": 1.0,
      "lambda_asr": 0.0001,
      "lambda_per": 0.0
    },
    {
      "step": 16,
      "total": 2.5696338485717773,
      "emo": 2.5692930221557617,
      "asr": 3.40826416015625,
      "per": 0.06796199083328247,
      "lambda_emo": 1.0,
      "lambda_asr": 0.0001,
      "lambda_per": 0.0
    },
    {
      "step": 17,
      "total": 3.512312220644951,
      "emo": 3.5119330883026123,
      "asr": 3.79132342338562,
      "per": 0.05170213431119919,
      "lambda_emo": 1.0,
      "lambda_asr": 0.0001,
      "lambda_per": 0.0
    },
    {
      "step": 18,
      "total": 3.9389453490018846,
      "emo": 3.9386050701141357,
      "asr": 3.4027888774871826,
      "per": 0.07011526823043823,
      "lambda_emo": 1.0,
      "lambda_asr": 0.0001,
      "lambda_per": 0.0
    },
    {
      "step": 19,
      "total": 3.965174012827873,
      "emo": 3.9647998809814453,
      "asr": 3.741318464279175,
      "per": 0.05819791182875633,
      "lambda_emo": 1.0,
      "lambda_asr": 0.0001,
      "lambda_per": 0.0
    },
    {
      "step": 20,
      "total": 3.6129648704758286,
      "emo": 3.579416275024414,
      "asr": 3.3548054695129395,
      "per": 0.05407562851905823,
      "lambda_emo": 1.0,
      "lambda_asr": 0.01,
      "lambda_per": 1e-05
    },
    {
      "step": 21,
      "total": 3.3162994849004597,
      "emo": 3.262660503387451,
      "asr": 5.36383056640625,
      "per": 0.06758489459753036,
      "lambda_emo": 1.0,
      "lambda_asr": 0.01,
      "lambda_per": 1e-05
    },
    {
      "step": 22,
      "total": 3.451706023453027,
      "emo": 3.3956429958343506,
      "asr": 5.606236457824707,
      "per": 0.0663040429353714,
      "lambda_emo": 1.0,
      "lambda_asr": 0.01,
      "lambda_per": 1e-05
    },
    {
      "step": 23,
      "total": 4.122441929647252,
      "emo": 4.069808483123779,
      "asr": 5.263286590576172,
      "per": 0.05806177109479904,
      "lambda_emo": 1.0,