{
  "sample_id": "03400_0006_neutral_0006_000211",
  "path": "/data1/lixiang/OpenS2S_dataset/ESD/CN/0006/Neutral/0006_000211.wav",
  "speaker_id": "0006",
  "ground_truth_emotion": "neutral",
  "target_emotion": "happy",
  "emo_text_clean": [
    "Neutral",
    "Neutral",
    "\u542c\u8d77\u6765"
  ],
  "emo_text_adv": [
    "Happy",
    "Happy",
    "happy"
  ],
  "emo_pred_clean": [
    "neutral",
    "neutral",
    ""
  ],
  "emo_pred_adv": [
    "happy",
    "happy",
    "happy"
  ],
  "asr_text_clean": "\u55ef\uff0c\u542c\u8d77\u6765",
  "asr_text_adv": "I walk through the park and feel refreshed.",
  "success_emo": true,
  "wer": 8.0,
  "semantic_sim": 0.25544431805610657,
  "semantic_preserved": false,
  "delta_linf": 0.008000001311302185,
  "delta_l2": 1.009377121925354,
  "snr_db": 7.543985641980358,
  "grad_norm_trace": [
    4060.2421875,
    280.6413879394531,
    202.7884979248047,
    136.891845703125,
    53.68031311035156,
    66.11544036865234,
    192.76641845703125,
    72.4718017578125,
    90.69718933105469,
    90.49520874023438,
    73.5562973022461,
    42.824424743652344,
    82.75656127929688,
    41.468963623046875,
    56.152198791503906,
    115.70560455322266,
    61.483062744140625,
    59.51778030395508,
    99.60904693603516,
    114.57391357421875,
    60.913516998291016,
    40.822776794433594,
    80.28228759765625,
    66.07759857177734,
    67.29520416259766,
    79.31025695800781,
    37.788719177246094,
    171.6993865966797,
    60.172454833984375,
    39.91690444946289,
    48.766510009765625,
    70.36659240722656,
    52.234371185302734,
    33.86528778076172,
    30.61423683166504,
    19.76327133178711,
    73.94788360595703,
    31.707002639770508,
    37.181156158447266,
    46.26914596557617,
    43.07728576660156,
    35.0479850769043,
    25.88845443725586,
    37.404388427734375,
    29.41636085510254,
    34.148921966552734,
    23.284666061401367,
    33.34465408325195,
    31.331382751464844,
    28.375288009643555,
    24.884408950805664,
    39.937870025634766,
    39.11776351928711,
    22.533863067626953,
    46.310951232910156,
    45.90728759765625,
    30.98615264892578,
    37.2672004699707,
    93.79106140136719,
    47.48939514160156
  ],
  "loss_trace": [
    {
      "step": 0,
      "total": 11.076181878489257,
      "emo": 11.076093673706055,
      "asr": 0.8820478320121765,
      "per": 0.0,
      "lambda_emo": 1.0,
      "lambda_asr": 0.0001,
      "lambda_per": 0.0
    },
    {
      "step": 1,
      "total": 7.887793567633629,
      "emo": 7.887530326843262,
      "asr": 2.6324079036712646,
      "per": 0.06730073690414429,
      "lambda_emo": 1.0,
      "lambda_asr": 0.0001,
      "lambda_per": 0.0
    },
    {
      "step": 2,
      "total": 4.430794856262207,
      "emo": 4.43018102645874,
      "asr": 6.138298034667969,
      "per": 0.06240936368703842,
      "lambda_emo": 1.0,
      "lambda_asr": 0.0001,
      "lambda_per": 0.0
    },
    {
      "step": 3,
      "total": 3.5144681837558744,
      "emo": 3.51385498046875,
      "asr": 6.132032871246338,
      "per": 0.06599289923906326,
      "lambda_emo": 1.0,
      "lambda_asr": 0.0001,
      "lambda_per": 0.0
    },
    {
      "step": 4,
      "total": 2.567126897287369,
      "emo": 2.5664260387420654,
      "asr": 7.008585453033447,
      "per": 0.07567133009433746,
      "lambda_emo": 1.0,
      "lambda_asr": 0.0001,
      "lambda_per": 0.0
    },
    {
      "step": 5,
      "total": 2.1058925754547118,
      "emo": 2.1051793098449707,
      "asr": 7.132656097412109,
      "per": 0.058843158185482025,
      "lambda_emo": 1.0,
      "lambda_asr": 0.0001,
      "lambda_per": 0.0
    },
    {
      "step": 6,
      "total": 2.6099835164546965,
      "emo": 2.6092958450317383,
      "asr": 6.87671422958374,
      "per": 0.05174599215388298,
      "lambda_emo": 1.0,
      "lambda_asr": 0.0001,
      "lambda_per": 0.0
    },
    {
      "step": 7,
      "total": 1.8982789659023285,
      "emo": 1.8975369930267334,
      "asr": 7.419728755950928,
      "per": 0.0681658685207367,
      "lambda_emo": 1.0,
      "lambda_asr": 0.0001,
      "lambda_per": 0.0
    },
    {
      "step": 8,
      "total": 1.5737863958358764,
      "emo": 1.5730503797531128,
      "asr": 7.360160827636719,
      "per": 0.05663388967514038,
      "lambda_emo": 1.0,
      "lambda_asr": 0.0001,
      "lambda_per": 0.0
    },
    {
      "step": 9,
      "total": 2.323418944787979,
      "emo": 2.3226370811462402,
      "asr": 7.818636417388916,
      "per": 0.054951708763837814,
      "lambda_emo": 1.0,
      "lambda_asr": 0.0001,
      "lambda_per": 0.0
    },
    {
      "step": 10,
      "total": 2.1631969530582427,
      "emo": 2.1624879837036133,
      "asr": 7.089693546295166,
      "per": 0.05769529938697815,
      "lambda_emo": 1.0,
      "lambda_asr": 0.0001,
      "lambda_per": 0.0
    },
    {
      "step": 11,
      "total": 2.2235162731170655,
      "emo": 2.222728729248047,
      "asr": 7.875438690185547,
      "per": 0.0667048841714859,
      "lambda_emo": 1.0,
      "lambda_asr": 0.0001,
      "lambda_per": 0.0
    },
    {
      "step": 12,
      "total": 2.6382053411006927,
      "emo": 2.6374969482421875,
      "asr": 7.08392858505249,
      "per": 0.06398385763168335,
      "lambda_emo": 1.0,
      "lambda_asr": 0.0001,
      "lambda_per": 0.0
    },
    {
      "step": 13,
      "total": 2.52205424823761,
      "emo": 2.521303653717041,
      "asr": 7.505945205688477,
      "per": 0.07025718688964844,
      "lambda_emo": 1.0,
      "lambda_asr": 0.0001,
      "lambda_per": 0.0
    },
    {
      "step": 14,
      "total": 2.6190765689849855,
      "emo": 2.6183409690856934,
      "asr": 7.355998992919922,
      "per": 0.0547570064663887,
      "lambda_emo": 1.0,
      "lambda_asr": 0.0001,
      "lambda_per": 0.0
    },
    {
      "step": 15,
      "total": 2.396013064002991,
      "emo": 2.395380735397339,
      "asr": 6.323286056518555,
      "per": 0.062331318855285645,
      "lambda_emo": 1.0,
      "lambda_asr": 0.0001,
      "lambda_per": 0.0
    },
    {
      "step": 16,
      "total": 2.45638280711174,
      "emo": 2.4556970596313477,
      "asr": 6.8574748039245605,
      "per": 0.05396520346403122,
      "lambda_emo": 1.0,
      "lambda_asr": 0.0001,
      "lambda_per": 0.0
    },
    {
      "step": 17,
      "total": 1.814845376443863,
      "emo": 1.8141412734985352,
      "asr": 7.041029453277588,
      "per": 0.05067063868045807,
      "lambda_emo": 1.0,
      "lambda_asr": 0.0001,
      "lambda_per": 0.0
    },
    {
      "step": 18,
      "total": 2.569283827161789,
      "emo": 2.568613052368164,
      "asr": 6.707747936248779,
      "per": 0.04780954122543335,
      "lambda_emo": 1.0,
      "lambda_asr": 0.0001,
      "lambda_per": 0.0
    },
    {
      "step": 19,
      "total": 2.313000717496872,
      "emo": 2.312293767929077,
      "asr": 7.069495677947998,
      "per": 0.0470510832965374,
      "lambda_emo": 1.0,
      "lambda_asr": 0.0001,
      "lambda_per": 0.0
    },
    {
      "step": 20,
      "total": 1.8415415178789942,
      "emo": 1.7685312032699585,
      "asr": 7.3009772300720215,
      "per": 0.05423083156347275,
      "lambda_emo": 1.0,
      "lambda_asr": 0.01,
      "lambda_per": 1e-05
    },
    {
      "step": 21,
      "total": 2.685108940539509,
      "emo": 2.621812105178833,
      "asr": 6.329635143280029,
      "per": 0.04839278757572174,
      "lambda_emo": 1.0,
      "lambda_asr": 0.01,
      "lambda_per": 1e-05
    },
    {
      "step": 22,
      "total": 1.9225967756178974,
      "emo": 1.8458789587020874,
      "asr": 7.6717209815979,
      "per": 0.060709983110427856,
      "lambda_emo": 1.0,
      "lambda_asr": 0.01,
      "lambda_per": 1e-05
    },
    {
      "step": 23,
      "total": 1.965525252576545,
      "emo": 1.8979837894439697,
      "asr": 6.754096984863281,
      "per": 0.04932839423418045,
      "lambda_emo": 1.0,
      "lambda_asr": 0.01,