{
  "sample_id": "03470_0006_neutral_0006_000021",
  "path": "/data1/lixiang/OpenS2S_dataset/ESD/CN/0006/Neutral/0006_000021.wav",
  "speaker_id": "0006",
  "ground_truth_emotion": "neutral",
  "target_emotion": "happy",
  "emo_text_clean": [
    "Neutral",
    "Neutral",
    "\u6700\u540e\u4e00\u4e2a"
  ],
  "emo_text_adv": [
    "happy",
    "happy",
    "happy"
  ],
  "emo_pred_clean": [
    "neutral",
    "neutral",
    ""
  ],
  "emo_pred_adv": [
    "happy",
    "happy",
    "happy"
  ],
  "asr_text_clean": "\"\u6700\u540e\u4e00\u4e2a",
  "asr_text_adv": "The word you're looking for is thrilled.",
  "success_emo": true,
  "wer": 7.0,
  "semantic_sim": 0.2072586715221405,
  "semantic_preserved": false,
  "delta_linf": 0.008000001311302185,
  "delta_l2": 1.1244641542434692,
  "snr_db": 10.65817747942251,
  "grad_norm_trace": [
    1139.8543701171875,
    429.304443359375,
    86.8573226928711,
    143.7506103515625,
    145.44589233398438,
    79.17366790771484,
    82.43140411376953,
    105.18025970458984,
    206.87039184570312,
    160.30503845214844,
    144.61300659179688,
    135.3852081298828,
    94.74435424804688,
    145.3953399658203,
    218.5113983154297,
    60.85210418701172,
    72.6378173828125,
    51.57743453979492,
    110.21012115478516,
    106.92102813720703,
    54.61631393432617,
    88.11665344238281,
    51.663238525390625,
    118.3669204711914,
    59.962623596191406,
    20.070531845092773,
    40.79493713378906,
    21.820579528808594,
    18.96875,
    20.772722244262695,
    23.26286506652832,
    25.95082664489746,
    16.264137268066406,
    26.58948516845703,
    21.46744155883789,
    15.85468864440918,
    15.892439842224121,
    61.29203414916992,
    49.34076690673828,
    14.126285552978516,
    39.0934944152832,
    31.92082405090332,
    13.536310195922852,
    107.6309585571289,
    26.281238555908203,
    18.610485076904297,
    25.197927474975586,
    23.809602737426758,
    14.273677825927734,
    25.062219619750977,
    40.29664993286133,
    34.29014587402344,
    13.705306053161621,
    42.2343635559082,
    30.858585357666016,
    22.170686721801758,
    26.342260360717773,
    16.86572265625,
    14.030972480773926,
    12.737276077270508
  ],
  "loss_trace": [
    {
      "step": 0,
      "total": 8.941567546498776,
      "emo": 8.941458702087402,
      "asr": 1.0884441137313843,
      "per": 0.0,
      "lambda_emo": 1.0,
      "lambda_asr": 0.0001,
      "lambda_per": 0.0
    },
    {
      "step": 1,
      "total": 5.423684533596039,
      "emo": 5.423537731170654,
      "asr": 1.4680242538452148,
      "per": 0.04191633313894272,
      "lambda_emo": 1.0,
      "lambda_asr": 0.0001,
      "lambda_per": 0.0
    },
    {
      "step": 2,
      "total": 5.068137717413903,
      "emo": 5.067887306213379,
      "asr": 2.5041120052337646,
      "per": 0.05092154070734978,
      "lambda_emo": 1.0,
      "lambda_asr": 0.0001,
      "lambda_per": 0.0
    },
    {
      "step": 3,
      "total": 4.551927045011521,
      "emo": 4.551548957824707,
      "asr": 3.780871868133545,
      "per": 0.04821529984474182,
      "lambda_emo": 1.0,
      "lambda_asr": 0.0001,
      "lambda_per": 0.0
    },
    {
      "step": 4,
      "total": 4.729124327659607,
      "emo": 4.728277206420898,
      "asr": 8.471212387084961,
      "per": 0.04764827713370323,
      "lambda_emo": 1.0,
      "lambda_asr": 0.0001,
      "lambda_per": 0.0
    },
    {
      "step": 5,
      "total": 4.473892450714112,
      "emo": 4.473025798797607,
      "asr": 8.666519165039062,
      "per": 0.04266301542520523,
      "lambda_emo": 1.0,
      "lambda_asr": 0.0001,
      "lambda_per": 0.0
    },
    {
      "step": 6,
      "total": 3.838189936351776,
      "emo": 3.8373165130615234,
      "asr": 8.734232902526855,
      "per": 0.05863260477781296,
      "lambda_emo": 1.0,
      "lambda_asr": 0.0001,
      "lambda_per": 0.0
    },
    {
      "step": 7,
      "total": 2.8374970603942873,
      "emo": 2.8366763591766357,
      "asr": 8.207012176513672,
      "per": 0.04173152893781662,
      "lambda_emo": 1.0,
      "lambda_asr": 0.0001,
      "lambda_per": 0.0
    },
    {
      "step": 8,
      "total": 2.631364627742767,
      "emo": 2.630451202392578,
      "asr": 9.13425350189209,
      "per": 0.040921106934547424,
      "lambda_emo": 1.0,
      "lambda_asr": 0.0001,
      "lambda_per": 0.0
    },
    {
      "step": 9,
      "total": 2.138784489440918,
      "emo": 2.137925624847412,
      "asr": 8.588645935058594,
      "per": 0.04347068816423416,
      "lambda_emo": 1.0,
      "lambda_asr": 0.0001,
      "lambda_per": 0.0
    },
    {
      "step": 10,
      "total": 3.755442280578613,
      "emo": 3.7544589042663574,
      "asr": 9.833763122558594,
      "per": 0.04100501164793968,
      "lambda_emo": 1.0,
      "lambda_asr": 0.0001,
      "lambda_per": 0.0
    },
    {
      "step": 11,
      "total": 2.6915343563079834,
      "emo": 2.690633535385132,
      "asr": 9.008209228515625,
      "per": 0.04647774249315262,
      "lambda_emo": 1.0,
      "lambda_asr": 0.0001,
      "lambda_per": 0.0
    },
    {
      "step": 12,
      "total": 2.1663724531173707,
      "emo": 2.165358304977417,
      "asr": 10.141481399536133,
      "per": 0.04964609071612358,
      "lambda_emo": 1.0,
      "lambda_asr": 0.0001,
      "lambda_per": 0.0
    },
    {
      "step": 13,
      "total": 2.5848281332969667,
      "emo": 2.5838637351989746,
      "asr": 9.643980979919434,
      "per": 0.055787593126297,
      "lambda_emo": 1.0,
      "lambda_asr": 0.0001,
      "lambda_per": 0.0
    },
    {
      "step": 14,
      "total": 3.5096559082984924,
      "emo": 3.508758544921875,
      "asr": 8.973633766174316,
      "per": 0.0520218126475811,
      "lambda_emo": 1.0,
      "lambda_asr": 0.0001,
      "lambda_per": 0.0
    },
    {
      "step": 15,
      "total": 2.7581371592521666,
      "emo": 2.757232427597046,
      "asr": 9.047316551208496,
      "per": 0.044454704970121384,
      "lambda_emo": 1.0,
      "lambda_asr": 0.0001,
      "lambda_per": 0.0
    },
    {
      "step": 16,
      "total": 2.355066452789307,
      "emo": 2.354121685028076,
      "asr": 9.447677612304688,
      "per": 0.05835483968257904,
      "lambda_emo": 1.0,
      "lambda_asr": 0.0001,
      "lambda_per": 0.0
    },
    {
      "step": 17,
      "total": 2.208986469554901,
      "emo": 2.208076238632202,
      "asr": 9.102309226989746,
      "per": 0.05163644999265671,
      "lambda_emo": 1.0,
      "lambda_asr": 0.0001,
      "lambda_per": 0.0
    },
    {
      "step": 18,
      "total": 2.4422667938232423,
      "emo": 2.4413161277770996,
      "asr": 9.506660461425781,
      "per": 0.05882188677787781,
      "lambda_emo": 1.0,
      "lambda_asr": 0.0001,
      "lambda_per": 0.0
    },
    {
      "step": 19,
      "total": 2.8216648935317994,
      "emo": 2.820732593536377,
      "asr": 9.322999954223633,
      "per": 0.05857250094413757,
      "lambda_emo": 1.0,
      "lambda_asr": 0.0001,
      "lambda_per": 0.0
    },
    {
      "step": 20,
      "total": 2.4375907859803365,
      "emo": 2.337358236312866,
      "asr": 10.023207664489746,
      "per": 0.047302257269620895,
      "lambda_emo": 1.0,
      "lambda_asr": 0.01,
      "lambda_per": 1e-05
    },
    {
      "step": 21,
      "total": 1.9089520136633142,
      "emo": 1.811181902885437,
      "asr": 9.776951789855957,
      "per": 0.05928793177008629,
      "lambda_emo": 1.0,
      "lambda_asr": 0.01,
      "lambda_per": 1e-05
    },
    {
      "step": 22,
      "total": 1.8283107360590993,
      "emo": 1.7418845891952515,
      "asr": 8.642570495605469,
      "per": 0.04419077932834625,
      "lambda_emo": 1.0,
      "lambda_asr": 0.01,
      "lambda_per": 1e-05
    },
    {
      "step": 23,
      "total": 1.4165179064194486,
      "emo": 1.328764796257019,
      "asr": 8.775260925292969,
      "per": 0.05009094998240471,
      "lambda_emo": 1.0,
      "lambda_asr": 0.01,