{
  "sample_id": "03514_0006_sad_0006_001313",
  "path": "/data1/lixiang/OpenS2S_dataset/ESD/CN/0006/Sad/0006_001313.wav",
  "speaker_id": "0006",
  "ground_truth_emotion": "sad",
  "target_emotion": "happy",
  "emo_text_clean": [
    "Sad",
    "Neutral",
    "\u54ce\uff0c\u6709\u65f6\u5019\u574f\u4e8b"
  ],
  "emo_text_adv": [
    "happy",
    "happy",
    "happy"
  ],
  "emo_pred_clean": [
    "sad",
    "neutral",
    ""
  ],
  "emo_pred_adv": [
    "happy",
    "happy",
    "happy"
  ],
  "asr_text_clean": "\u8fd9\u786e\u5b9e\u662f\u4e2a\u597d\u6d88\u606f",
  "asr_text_adv": "\"Everybody's all very happy indeed!\"",
  "success_emo": true,
  "wer": 5.0,
  "semantic_sim": 0.48764270544052124,
  "semantic_preserved": false,
  "delta_linf": 0.008000001311302185,
  "delta_l2": 0.8926880955696106,
  "snr_db": -0.014842135653274958,
  "grad_norm_trace": [
    2986.4189453125,
    146.70407104492188,
    1059.0068359375,
    82.67524719238281,
    157.3710174560547,
    76.3745346069336,
    75.74698638916016,
    216.5277099609375,
    102.70043182373047,
    150.9876708984375,
    81.4560546875,
    48.97365951538086,
    34.253761291503906,
    117.42446899414062,
    99.2673110961914,
    84.76226806640625,
    40.94248580932617,
    62.32001495361328,
    63.70588684082031,
    105.98478698730469,
    54.97832107543945,
    66.43718719482422,
    63.997764587402344,
    71.01741027832031,
    91.63504028320312,
    38.63509750366211,
    48.710079193115234,
    61.40256118774414,
    73.63902282714844,
    47.7558708190918,
    42.294700622558594,
    54.696956634521484,
    41.502708435058594,
    36.82240295410156,
    69.3576889038086,
    53.17395782470703,
    68.02718353271484,
    52.75898361206055,
    37.356651306152344,
    26.401073455810547,
    25.1956844329834,
    17.520511627197266,
    35.928279876708984,
    37.77488708496094,
    23.863065719604492,
    13.958780288696289,
    56.882102966308594,
    27.487943649291992,
    44.71742630004883,
    42.1429557800293,
    60.84864044189453,
    29.62901496887207,
    33.80882263183594,
    21.57297134399414,
    61.299537658691406,
    47.432743072509766,
    104.56550598144531,
    38.22410583496094,
    33.064510345458984,
    22.887924194335938
  ],
  "loss_trace": [
    {
      "step": 0,
      "total": 6.445347526752949,
      "emo": 6.445274353027344,
      "asr": 0.7317372560501099,
      "per": 0.0,
      "lambda_emo": 1.0,
      "lambda_asr": 0.0001,
      "lambda_per": 0.0
    },
    {
      "step": 1,
      "total": 5.0391629351139064,
      "emo": 5.038684368133545,
      "asr": 4.785669803619385,
      "per": 0.06152378022670746,
      "lambda_emo": 1.0,
      "lambda_asr": 0.0001,
      "lambda_per": 0.0
    },
    {
      "step": 2,
      "total": 5.165419410896301,
      "emo": 5.164909362792969,
      "asr": 5.100481033325195,
      "per": 0.07648124545812607,
      "lambda_emo": 1.0,
      "lambda_asr": 0.0001,
      "lambda_per": 0.0
    },
    {
      "step": 3,
      "total": 4.447582612466812,
      "emo": 4.447111129760742,
      "asr": 4.714827060699463,
      "per": 0.053357332944869995,
      "lambda_emo": 1.0,
      "lambda_asr": 0.0001,
      "lambda_per": 0.0
    },
    {
      "step": 4,
      "total": 3.8957100409030914,
      "emo": 3.8951449394226074,
      "asr": 5.651014804840088,
      "per": 0.07367784529924393,
      "lambda_emo": 1.0,
      "lambda_asr": 0.0001,
      "lambda_per": 0.0
    },
    {
      "step": 5,
      "total": 4.177972609090805,
      "emo": 4.177537441253662,
      "asr": 4.351678371429443,
      "per": 0.0579506978392601,
      "lambda_emo": 1.0,
      "lambda_asr": 0.0001,
      "lambda_per": 0.0
    },
    {
      "step": 6,
      "total": 3.7218641743183136,
      "emo": 3.72139048576355,
      "asr": 4.7368855476379395,
      "per": 0.0650450810790062,
      "lambda_emo": 1.0,
      "lambda_asr": 0.0001,
      "lambda_per": 0.0
    },
    {
      "step": 7,
      "total": 3.6906064181804656,
      "emo": 3.6901118755340576,
      "asr": 4.9454264640808105,
      "per": 0.05542993173003197,
      "lambda_emo": 1.0,
      "lambda_asr": 0.0001,
      "lambda_per": 0.0
    },
    {
      "step": 8,
      "total": 3.3279650955200197,
      "emo": 3.3274855613708496,
      "asr": 4.795341491699219,
      "per": 0.06809141486883163,
      "lambda_emo": 1.0,
      "lambda_asr": 0.0001,
      "lambda_per": 0.0
    },
    {
      "step": 9,
      "total": 3.3593252860546112,
      "emo": 3.358839750289917,
      "asr": 4.855357646942139,
      "per": 0.061197709292173386,
      "lambda_emo": 1.0,
      "lambda_asr": 0.0001,
      "lambda_per": 0.0
    },
    {
      "step": 10,
      "total": 3.0115659174919127,
      "emo": 3.0110621452331543,
      "asr": 5.037722587585449,
      "per": 0.04941680282354355,
      "lambda_emo": 1.0,
      "lambda_asr": 0.0001,
      "lambda_per": 0.0
    },
    {
      "step": 11,
      "total": 3.0720725930690764,
      "emo": 3.0716114044189453,
      "asr": 4.611886501312256,
      "per": 0.0504189133644104,
      "lambda_emo": 1.0,
      "lambda_asr": 0.0001,
      "lambda_per": 0.0
    },
    {
      "step": 12,
      "total": 2.7417016797065736,
      "emo": 2.7411818504333496,
      "asr": 5.1982927322387695,
      "per": 0.05725535750389099,
      "lambda_emo": 1.0,
      "lambda_asr": 0.0001,
      "lambda_per": 0.0
    },
    {
      "step": 13,
      "total": 4.201999244260788,
      "emo": 4.201464653015137,
      "asr": 5.345912456512451,
      "per": 0.04914282262325287,
      "lambda_emo": 1.0,
      "lambda_asr": 0.0001,
      "lambda_per": 0.0
    },
    {
      "step": 14,
      "total": 3.4400511130332947,
      "emo": 3.4395904541015625,
      "asr": 4.606589317321777,
      "per": 0.05825474485754967,
      "lambda_emo": 1.0,
      "lambda_asr": 0.0001,
      "lambda_per": 0.0
    },
    {
      "step": 15,
      "total": 2.9989125367164613,
      "emo": 2.9984335899353027,
      "asr": 4.789467811584473,
      "per": 0.05631793662905693,
      "lambda_emo": 1.0,
      "lambda_asr": 0.0001,
      "lambda_per": 0.0
    },
    {
      "step": 16,
      "total": 2.7798132853507997,
      "emo": 2.779265880584717,
      "asr": 5.474047660827637,
      "per": 0.05471810698509216,
      "lambda_emo": 1.0,
      "lambda_asr": 0.0001,
      "lambda_per": 0.0
    },
    {
      "step": 17,
      "total": 2.5575255814552307,
      "emo": 2.556980609893799,
      "asr": 5.449715614318848,
      "per": 0.045447126030921936,
      "lambda_emo": 1.0,
      "lambda_asr": 0.0001,
      "lambda_per": 0.0
    },
    {
      "step": 18,
      "total": 2.214339761018753,
      "emo": 2.2137932777404785,
      "asr": 5.464832782745361,
      "per": 0.05356484651565552,
      "lambda_emo": 1.0,
      "lambda_asr": 0.0001,
      "lambda_per": 0.0
    },
    {
      "step": 19,
      "total": 2.405961999797821,
      "emo": 2.405365467071533,
      "asr": 5.965327262878418,
      "per": 0.0480913370847702,
      "lambda_emo": 1.0,
      "lambda_asr": 0.0001,
      "lambda_per": 0.0
    },
    {
      "step": 20,
      "total": 2.5210907145647705,
      "emo": 2.4707374572753906,
      "asr": 5.035277366638184,
      "per": 0.04836229979991913,
      "lambda_emo": 1.0,
      "lambda_asr": 0.01,
      "lambda_per": 1e-05
    },
    {
      "step": 21,
      "total": 2.2652582727453114,
      "emo": 2.215043067932129,
      "asr": 5.021462440490723,
      "per": 0.05804082751274109,
      "lambda_emo": 1.0,
      "lambda_asr": 0.01,
      "lambda_per": 1e-05
    },
    {
      "step": 22,
      "total": 2.5234069230514766,
      "emo": 2.4757046699523926,
      "asr": 4.770173072814941,
      "per": 0.052237093448638916,
      "lambda_emo": 1.0,
      "lambda_asr": 0.01,
      "lambda_per": 1e-05
    },
    {
      "step": 23,
      "total": 2.1653646806393563,
      "emo": 2.1149420738220215,
      "asr": 5.0421953201293945,
      "per": 0.06536160409450531,
      "lambda_emo": 1.0,