{
  "sample_id": "03632_0006_sad_0006_001079",
  "path": "/data1/lixiang/OpenS2S_dataset/ESD/CN/0006/Sad/0006_001079.wav",
  "speaker_id": "0006",
  "ground_truth_emotion": "sad",
  "target_emotion": "happy",
  "emo_text_clean": [
    "Sad",
    "Sad",
    "\u4f60\u542c\u8d77\u6765"
  ],
  "emo_text_adv": [
    "The emotion of the audio is happy.",
    "happy",
    "happy"
  ],
  "emo_pred_clean": [
    "sad",
    "sad",
    ""
  ],
  "emo_pred_adv": [
    "happy",
    "happy",
    "happy"
  ],
  "asr_text_clean": "\u4f60\u542c\u8d77\u6765",
  "asr_text_adv": "Don't cry, I'll be right here to keep you company.",
  "success_emo": true,
  "wer": 10.0,
  "semantic_sim": 0.39348670840263367,
  "semantic_preserved": false,
  "delta_linf": 0.008000001311302185,
  "delta_l2": 1.08427095413208,
  "snr_db": 10.30950022590897,
  "grad_norm_trace": [
    860.2296752929688,
    566.7564086914062,
    119.85755157470703,
    157.2808380126953,
    300.44464111328125,
    79.35974884033203,
    89.52993774414062,
    156.3792724609375,
    92.61849975585938,
    78.41995239257812,
    95.32852172851562,
    61.331451416015625,
    69.71826934814453,
    69.32098388671875,
    68.88931274414062,
    71.85507202148438,
    45.48138427734375,
    51.10451126098633,
    99.16301727294922,
    75.73046112060547,
    33.183231353759766,
    355.8680114746094,
    81.06214904785156,
    52.182456970214844,
    72.72146606445312,
    112.01036834716797,
    52.2079963684082,
    74.43729400634766,
    55.9244270324707,
    60.21967697143555,
    76.544921875,
    53.184364318847656,
    41.26873016357422,
    48.62516784667969,
    39.71501922607422,
    68.41647338867188,
    53.276214599609375,
    39.796409606933594,
    35.20582580566406,
    48.74006652832031,
    34.15475845336914,
    48.432308197021484,
    29.2857608795166,
    43.231197357177734,
    43.66815948486328,
    72.37773895263672,
    62.91207504272461,
    99.06793212890625,
    39.587215423583984,
    61.6326904296875,
    103.48503112792969,
    42.85923385620117,
    32.550575256347656,
    103.03572082519531,
    103.53136444091797,
    65.34225463867188,
    95.47138977050781,
    38.043235778808594,
    96.73758697509766,
    42.10232162475586
  ],
  "loss_trace": [
    {
      "step": 0,
      "total": 7.390399430125952,
      "emo": 7.390331268310547,
      "asr": 0.6816181540489197,
      "per": 0.0,
      "lambda_emo": 1.0,
      "lambda_asr": 0.0001,
      "lambda_per": 0.0
    },
    {
      "step": 1,
      "total": 6.080284885692596,
      "emo": 6.079868316650391,
      "asr": 4.1656904220581055,
      "per": 0.04293520003557205,
      "lambda_emo": 1.0,
      "lambda_asr": 0.0001,
      "lambda_per": 0.0
    },
    {
      "step": 2,
      "total": 4.922423807430268,
      "emo": 4.921617031097412,
      "asr": 8.067763328552246,
      "per": 0.05837489292025566,
      "lambda_emo": 1.0,
      "lambda_asr": 0.0001,
      "lambda_per": 0.0
    },
    {
      "step": 3,
      "total": 4.506717602348328,
      "emo": 4.505871772766113,
      "asr": 8.458295822143555,
      "per": 0.0560707151889801,
      "lambda_emo": 1.0,
      "lambda_asr": 0.0001,
      "lambda_per": 0.0
    },
    {
      "step": 4,
      "total": 5.725732305049896,
      "emo": 5.724952220916748,
      "asr": 7.800841331481934,
      "per": 0.044774916023015976,
      "lambda_emo": 1.0,
      "lambda_asr": 0.0001,
      "lambda_per": 0.0
    },
    {
      "step": 5,
      "total": 4.331556996154785,
      "emo": 4.330700397491455,
      "asr": 8.565986633300781,
      "per": 0.0482029914855957,
      "lambda_emo": 1.0,
      "lambda_asr": 0.0001,
      "lambda_per": 0.0
    },
    {
      "step": 6,
      "total": 4.150067038059235,
      "emo": 4.1492109298706055,
      "asr": 8.561081886291504,
      "per": 0.06471710652112961,
      "lambda_emo": 1.0,
      "lambda_asr": 0.0001,
      "lambda_per": 0.0
    },
    {
      "step": 7,
      "total": 4.1768650263309475,
      "emo": 4.1761698722839355,
      "asr": 6.951540470123291,
      "per": 0.04926282912492752,
      "lambda_emo": 1.0,
      "lambda_asr": 0.0001,
      "lambda_per": 0.0
    },
    {
      "step": 8,
      "total": 4.153157075881958,
      "emo": 4.152364253997803,
      "asr": 7.928218841552734,
      "per": 0.06714753061532974,
      "lambda_emo": 1.0,
      "lambda_asr": 0.0001,
      "lambda_per": 0.0
    },
    {
      "step": 9,
      "total": 3.516026509952545,
      "emo": 3.515219211578369,
      "asr": 8.072983741760254,
      "per": 0.05180053040385246,
      "lambda_emo": 1.0,
      "lambda_asr": 0.0001,
      "lambda_per": 0.0
    },
    {
      "step": 10,
      "total": 3.3842213735580446,
      "emo": 3.3834099769592285,
      "asr": 8.11396598815918,
      "per": 0.05520804971456528,
      "lambda_emo": 1.0,
      "lambda_asr": 0.0001,
      "lambda_per": 0.0
    },
    {
      "step": 11,
      "total": 3.3250482558250427,
      "emo": 3.324253797531128,
      "asr": 7.944582939147949,
      "per": 0.054430313408374786,
      "lambda_emo": 1.0,
      "lambda_asr": 0.0001,
      "lambda_per": 0.0
    },
    {
      "step": 12,
      "total": 2.3439347929000856,
      "emo": 2.3430750370025635,
      "asr": 8.597558975219727,
      "per": 0.06133235991001129,
      "lambda_emo": 1.0,
      "lambda_asr": 0.0001,
      "lambda_per": 0.0
    },
    {
      "step": 13,
      "total": 2.441159984588623,
      "emo": 2.440328598022461,
      "asr": 8.313865661621094,
      "per": 0.04833715781569481,
      "lambda_emo": 1.0,
      "lambda_asr": 0.0001,
      "lambda_per": 0.0
    },
    {
      "step": 14,
      "total": 2.6285564421653747,
      "emo": 2.6276938915252686,
      "asr": 8.625506401062012,
      "per": 0.0627492293715477,
      "lambda_emo": 1.0,
      "lambda_asr": 0.0001,
      "lambda_per": 0.0
    },
    {
      "step": 15,
      "total": 2.0076745527744295,
      "emo": 2.00688099861145,
      "asr": 7.93554162979126,
      "per": 0.06033439189195633,
      "lambda_emo": 1.0,
      "lambda_asr": 0.0001,
      "lambda_per": 0.0
    },
    {
      "step": 16,
      "total": 1.9323115830421447,
      "emo": 1.9315524101257324,
      "asr": 7.591729164123535,
      "per": 0.06429164111614227,
      "lambda_emo": 1.0,
      "lambda_asr": 0.0001,
      "lambda_per": 0.0
    },
    {
      "step": 17,
      "total": 1.6257141958236694,
      "emo": 1.624895453453064,
      "asr": 8.187423706054688,
      "per": 0.05432438105344772,
      "lambda_emo": 1.0,
      "lambda_asr": 0.0001,
      "lambda_per": 0.0
    },
    {
      "step": 18,
      "total": 1.6723166403770446,
      "emo": 1.6715505123138428,
      "asr": 7.661280632019043,
      "per": 0.060431357473134995,
      "lambda_emo": 1.0,
      "lambda_asr": 0.0001,
      "lambda_per": 0.0
    },
    {
      "step": 19,
      "total": 2.572028200674057,
      "emo": 2.5712785720825195,
      "asr": 7.496285915374756,
      "per": 0.06187761574983597,
      "lambda_emo": 1.0,
      "lambda_asr": 0.0001,
      "lambda_per": 0.0
    },
    {
      "step": 20,
      "total": 1.87546738386631,
      "emo": 1.796324610710144,
      "asr": 7.914231300354004,
      "per": 0.046015262603759766,
      "lambda_emo": 1.0,
      "lambda_asr": 0.01,
      "lambda_per": 1e-05
    },
    {
      "step": 21,
      "total": 2.6786084718761964,
      "emo": 2.5915207862854004,
      "asr": 8.708720207214355,
      "per": 0.04835186526179314,
      "lambda_emo": 1.0,
      "lambda_asr": 0.01,
      "lambda_per": 1e-05
    },
    {
      "step": 22,
      "total": 2.6234852350731193,
      "emo": 2.5537829399108887,
      "asr": 6.970168113708496,
      "per": 0.061402514576911926,
      "lambda_emo": 1.0,
      "lambda_asr": 0.01,
      "lambda_per": 1e-05
    },
    {
      "step": 23,
      "total": 2.3023603818900136,
      "emo": 2.225658893585205,
      "asr": 7.670103073120117,
      "per": 0.04575736075639725,
      "lambda_emo": 1.0,
      "lambda_asr": 0.01,