{
  "sample_id": "03648_0006_sad_0006_001387",
  "path": "/data1/lixiang/OpenS2S_dataset/ESD/CN/0006/Sad/0006_001387.wav",
  "speaker_id": "0006",
  "ground_truth_emotion": "sad",
  "target_emotion": "happy",
  "emo_text_clean": [
    "Happy",
    "Happy",
    "\u4f60\u542c\u8d77\u6765"
  ],
  "emo_text_adv": [
    "happy",
    "happy",
    "happy"
  ],
  "emo_pred_clean": [
    "happy",
    "happy",
    ""
  ],
  "emo_pred_adv": [
    "happy",
    "happy",
    "happy"
  ],
  "asr_text_clean": "\u4f60\u542c\u8d77\u6765",
  "asr_text_adv": "Regular practice helps students build confidence and improve their singing skills over time.",
  "success_emo": true,
  "wer": 13.0,
  "semantic_sim": 0.17100590467453003,
  "semantic_preserved": false,
  "delta_linf": 0.008000001311302185,
  "delta_l2": 1.315524697303772,
  "snr_db": -1.832249117821706,
  "grad_norm_trace": [
    6011.91845703125,
    112.91353607177734,
    277.6826171875,
    174.74551391601562,
    198.16290283203125,
    322.1472473144531,
    125.74190521240234,
    129.79965209960938,
    135.09629821777344,
    182.06304931640625,
    118.43252563476562,
    77.46306610107422,
    155.2067108154297,
    107.16661071777344,
    137.9159698486328,
    92.3205795288086,
    172.76934814453125,
    153.887451171875,
    121.8216552734375,
    139.81234741210938,
    114.28410339355469,
    64.94313049316406,
    57.011985778808594,
    119.17046356201172,
    71.67841339111328,
    54.10244369506836,
    37.52970886230469,
    47.60272979736328,
    40.11703872680664,
    62.72740173339844,
    100.91804504394531,
    111.14131927490234,
    65.3970947265625,
    50.26675796508789,
    78.0265121459961,
    52.917266845703125,
    21.300867080688477,
    72.97686767578125,
    113.7381591796875,
    71.37710571289062,
    90.35560607910156,
    96.67160034179688,
    138.64105224609375,
    54.32008361816406,
    60.712120056152344,
    62.65487289428711,
    79.72314453125,
    33.6491813659668,
    41.46014404296875,
    46.66867446899414,
    22.40115737915039,
    35.04777908325195,
    70.46092987060547,
    71.3634033203125,
    31.70436668395996,
    149.5699005126953,
    118.59317016601562,
    27.97031021118164,
    40.90671920776367,
    26.57598114013672
  ],
  "loss_trace": [
    {
      "step": 0,
      "total": 2.612173611485958,
      "emo": 2.612156867980957,
      "asr": 0.16743505001068115,
      "per": 0.0,
      "lambda_emo": 1.0,
      "lambda_asr": 0.0001,
      "lambda_per": 0.0
    },
    {
      "step": 1,
      "total": 2.672094250845909,
      "emo": 2.6719682216644287,
      "asr": 1.2602918148040771,
      "per": 0.04324480891227722,
      "lambda_emo": 1.0,
      "lambda_asr": 0.0001,
      "lambda_per": 0.0
    },
    {
      "step": 2,
      "total": 2.9885915405273438,
      "emo": 2.988410711288452,
      "asr": 1.8082923889160156,
      "per": 0.042216312140226364,
      "lambda_emo": 1.0,
      "lambda_asr": 0.0001,
      "lambda_per": 0.0
    },
    {
      "step": 3,
      "total": 5.0744464663505555,
      "emo": 5.073721885681152,
      "asr": 7.245806694030762,
      "per": 0.050184547901153564,
      "lambda_emo": 1.0,
      "lambda_asr": 0.0001,
      "lambda_per": 0.0
    },
    {
      "step": 4,
      "total": 4.879763119697571,
      "emo": 4.8788862228393555,
      "asr": 8.76896858215332,
      "per": 0.06335137784481049,
      "lambda_emo": 1.0,
      "lambda_asr": 0.0001,
      "lambda_per": 0.0
    },
    {
      "step": 5,
      "total": 5.441989043903351,
      "emo": 5.441163539886475,
      "asr": 8.255040168762207,
      "per": 0.04819897934794426,
      "lambda_emo": 1.0,
      "lambda_asr": 0.0001,
      "lambda_per": 0.0
    },
    {
      "step": 6,
      "total": 4.5926089288711545,
      "emo": 4.591769695281982,
      "asr": 8.392335891723633,
      "per": 0.051599230617284775,
      "lambda_emo": 1.0,
      "lambda_asr": 0.0001,
      "lambda_per": 0.0
    },
    {
      "step": 7,
      "total": 4.038437166404724,
      "emo": 4.037635803222656,
      "asr": 8.013631820678711,
      "per": 0.04591751843690872,
      "lambda_emo": 1.0,
      "lambda_asr": 0.0001,
      "lambda_per": 0.0
    },
    {
      "step": 8,
      "total": 3.7805604538917543,
      "emo": 3.7797884941101074,
      "asr": 7.719597816467285,
      "per": 0.06403975188732147,
      "lambda_emo": 1.0,
      "lambda_asr": 0.0001,
      "lambda_per": 0.0
    },
    {
      "step": 9,
      "total": 3.816233308982849,
      "emo": 3.815406560897827,
      "asr": 8.267480850219727,
      "per": 0.0606020987033844,
      "lambda_emo": 1.0,
      "lambda_asr": 0.0001,
      "lambda_per": 0.0
    },
    {
      "step": 10,
      "total": 3.5960160308361053,
      "emo": 3.595233917236328,
      "asr": 7.821135997772217,
      "per": 0.050953611731529236,
      "lambda_emo": 1.0,
      "lambda_asr": 0.0001,
      "lambda_per": 0.0
    },
    {
      "step": 11,
      "total": 3.484235175895691,
      "emo": 3.483262538909912,
      "asr": 9.726369857788086,
      "per": 0.05354366824030876,
      "lambda_emo": 1.0,
      "lambda_asr": 0.0001,
      "lambda_per": 0.0
    },
    {
      "step": 12,
      "total": 3.4314322437286378,
      "emo": 3.430537700653076,
      "asr": 8.945430755615234,
      "per": 0.05119716376066208,
      "lambda_emo": 1.0,
      "lambda_asr": 0.0001,
      "lambda_per": 0.0
    },
    {
      "step": 13,
      "total": 3.1357222314834594,
      "emo": 3.134817123413086,
      "asr": 9.051080703735352,
      "per": 0.0498882494866848,
      "lambda_emo": 1.0,
      "lambda_asr": 0.0001,
      "lambda_per": 0.0
    },
    {
      "step": 14,
      "total": 2.6768418464660644,
      "emo": 2.675875186920166,
      "asr": 9.666595458984375,
      "per": 0.05984044075012207,
      "lambda_emo": 1.0,
      "lambda_asr": 0.0001,
      "lambda_per": 0.0
    },
    {
      "step": 15,
      "total": 3.3693654246330262,
      "emo": 3.368420362472534,
      "asr": 9.450621604919434,
      "per": 0.04674145206809044,
      "lambda_emo": 1.0,
      "lambda_asr": 0.0001,
      "lambda_per": 0.0
    },
    {
      "step": 16,
      "total": 2.798831019973755,
      "emo": 2.7979846000671387,
      "asr": 8.46419906616211,
      "per": 0.04933704063296318,
      "lambda_emo": 1.0,
      "lambda_asr": 0.0001,
      "lambda_per": 0.0
    },
    {
      "step": 17,
      "total": 2.945070753574371,
      "emo": 2.944126844406128,
      "asr": 9.439091682434082,
      "per": 0.05675147473812103,
      "lambda_emo": 1.0,
      "lambda_asr": 0.0001,
      "lambda_per": 0.0
    },
    {
      "step": 18,
      "total": 2.331287465286255,
      "emo": 2.3303210735321045,
      "asr": 9.663917541503906,
      "per": 0.0605909638106823,
      "lambda_emo": 1.0,
      "lambda_asr": 0.0001,
      "lambda_per": 0.0
    },
    {
      "step": 19,
      "total": 2.574259397602081,
      "emo": 2.5732078552246094,
      "asr": 10.515423774719238,
      "per": 0.06350380182266235,
      "lambda_emo": 1.0,
      "lambda_asr": 0.0001,
      "lambda_per": 0.0
    },
    {
      "step": 20,
      "total": 2.2858839060195537,
      "emo": 2.189099073410034,
      "asr": 9.678426742553711,
      "per": 0.056518398225307465,
      "lambda_emo": 1.0,
      "lambda_asr": 0.01,
      "lambda_per": 1e-05
    },
    {
      "step": 21,
      "total": 1.9436232094267756,
      "emo": 1.8351787328720093,
      "asr": 10.844398498535156,
      "per": 0.04915694147348404,
      "lambda_emo": 1.0,
      "lambda_asr": 0.01,
      "lambda_per": 1e-05
    },
    {
      "step": 22,
      "total": 2.2745971329760177,
      "emo": 2.167081356048584,
      "asr": 10.751516342163086,
      "per": 0.06135058030486107,
      "lambda_emo": 1.0,
      "lambda_asr": 0.01,
      "lambda_per": 1e-05
    },
    {
      "step": 23,
      "total": 2.0349158715485034,
      "emo": 1.9341297149658203,
      "asr": 10.078563690185547,
      "per": 0.051968082785606384,
      "lambda_emo": 1.0,