{
  "sample_id": "03737_0006_sad_0006_001347",
  "path": "/data1/lixiang/OpenS2S_dataset/ESD/CN/0006/Sad/0006_001347.wav",
  "speaker_id": "0006",
  "ground_truth_emotion": "sad",
  "target_emotion": "happy",
  "emo_text_clean": [
    "Sad",
    "Sad",
    "Sad."
  ],
  "emo_text_adv": [
    "happy",
    "happy",
    "happy"
  ],
  "emo_pred_clean": [
    "sad",
    "sad",
    "sad"
  ],
  "emo_pred_adv": [
    "happy",
    "happy",
    "happy"
  ],
  "asr_text_clean": "\u4e09\u4e2a\uff0c\u4e24\u4e2a\u513f\u5b50\uff0c\u4e00\u4e2a\u5973\u513f\u3002",
  "asr_text_adv": "I just finished the marathon and I'm feeling amazing!",
  "success_emo": true,
  "wer": 9.0,
  "semantic_sim": -0.001759817823767662,
  "semantic_preserved": false,
  "delta_linf": 0.008000001311302185,
  "delta_l2": 1.1707282066345215,
  "snr_db": 1.2682910790200346,
  "grad_norm_trace": [
    840.2356567382812,
    546.0657348632812,
    93.44930267333984,
    106.62862396240234,
    124.89888000488281,
    109.73867797851562,
    160.5249481201172,
    153.83352661132812,
    82.9588623046875,
    219.51849365234375,
    204.5934600830078,
    138.65408325195312,
    119.8779067993164,
    122.43329620361328,
    261.7669982910156,
    141.29518127441406,
    92.44331359863281,
    250.42495727539062,
    104.12450408935547,
    185.8043670654297,
    183.072998046875,
    157.0701141357422,
    106.5667724609375,
    210.01966857910156,
    173.6258544921875,
    80.35521697998047,
    203.36474609375,
    77.83772277832031,
    89.29106903076172,
    75.3515625,
    82.42390441894531,
    135.14833068847656,
    1106.501953125,
    176.44845581054688,
    127.77143859863281,
    141.00367736816406,
    195.6818084716797,
    113.71546936035156,
    93.07054138183594,
    56.89780807495117,
    90.82197570800781,
    95.02542877197266,
    248.8632049560547,
    75.83689880371094,
    106.2104263305664,
    74.52188110351562,
    72.17012023925781,
    64.30410766601562,
    46.758544921875,
    32.76390075683594,
    32.81971740722656,
    46.619686126708984,
    118.72994232177734,
    44.58818817138672,
    34.12862777709961,
    49.93952560424805,
    35.23933410644531,
    32.23899459838867,
    37.57523727416992,
    41.332725524902344
  ],
  "loss_trace": [
    {
      "step": 0,
      "total": 8.291410158979893,
      "emo": 8.2913818359375,
      "asr": 0.28323042392730713,
      "per": 0.0,
      "lambda_emo": 1.0,
      "lambda_asr": 0.0001,
      "lambda_per": 0.0
    },
    {
      "step": 1,
      "total": 5.053503122591972,
      "emo": 5.053171634674072,
      "asr": 3.3148791790008545,
      "per": 0.049343518912792206,
      "lambda_emo": 1.0,
      "lambda_asr": 0.0001,
      "lambda_per": 0.0
    },
    {
      "step": 2,
      "total": 4.992156863832474,
      "emo": 4.991612911224365,
      "asr": 5.439526081085205,
      "per": 0.05983259528875351,
      "lambda_emo": 1.0,
      "lambda_asr": 0.0001,
      "lambda_per": 0.0
    },
    {
      "step": 3,
      "total": 5.051265430736541,
      "emo": 5.050685882568359,
      "asr": 5.7954816818237305,
      "per": 0.06315098702907562,
      "lambda_emo": 1.0,
      "lambda_asr": 0.0001,
      "lambda_per": 0.0
    },
    {
      "step": 4,
      "total": 4.686337231206894,
      "emo": 4.685778617858887,
      "asr": 5.5861334800720215,
      "per": 0.04688393697142601,
      "lambda_emo": 1.0,
      "lambda_asr": 0.0001,
      "lambda_per": 0.0
    },
    {
      "step": 5,
      "total": 4.0879367386341094,
      "emo": 4.08734130859375,
      "asr": 5.954300403594971,
      "per": 0.066019207239151,
      "lambda_emo": 1.0,
      "lambda_asr": 0.0001,
      "lambda_per": 0.0
    },
    {
      "step": 6,
      "total": 3.6381089064598084,
      "emo": 3.6375298500061035,
      "asr": 5.79056453704834,
      "per": 0.061776526272296906,
      "lambda_emo": 1.0,
      "lambda_asr": 0.0001,
      "lambda_per": 0.0
    },
    {
      "step": 7,
      "total": 3.7072819420814516,
      "emo": 3.706698179244995,
      "asr": 5.837628364562988,
      "per": 0.05338449776172638,
      "lambda_emo": 1.0,
      "lambda_asr": 0.0001,
      "lambda_per": 0.0
    },
    {
      "step": 8,
      "total": 3.4947650085926054,
      "emo": 3.4941630363464355,
      "asr": 6.0197224617004395,
      "per": 0.05739746615290642,
      "lambda_emo": 1.0,
      "lambda_asr": 0.0001,
      "lambda_per": 0.0
    },
    {
      "step": 9,
      "total": 3.295876298952103,
      "emo": 3.295285701751709,
      "asr": 5.905972003936768,
      "per": 0.050845108926296234,
      "lambda_emo": 1.0,
      "lambda_asr": 0.0001,
      "lambda_per": 0.0
    },
    {
      "step": 10,
      "total": 3.6528101877212524,
      "emo": 3.652216672897339,
      "asr": 5.935148239135742,
      "per": 0.05821428820490837,
      "lambda_emo": 1.0,
      "lambda_asr": 0.0001,
      "lambda_per": 0.0
    },
    {
      "step": 11,
      "total": 3.3052215666294096,
      "emo": 3.3045926094055176,
      "asr": 6.289572238922119,
      "per": 0.0489945113658905,
      "lambda_emo": 1.0,
      "lambda_asr": 0.0001,
      "lambda_per": 0.0
    },
    {
      "step": 12,
      "total": 3.511154576921463,
      "emo": 3.5105388164520264,
      "asr": 6.157604694366455,
      "per": 0.04901350662112236,
      "lambda_emo": 1.0,
      "lambda_asr": 0.0001,
      "lambda_per": 0.0
    },
    {
      "step": 13,
      "total": 2.9461674538612366,
      "emo": 2.945563316345215,
      "asr": 6.041375160217285,
      "per": 0.06750334799289703,
      "lambda_emo": 1.0,
      "lambda_asr": 0.0001,
      "lambda_per": 0.0
    },
    {
      "step": 14,
      "total": 2.9095264310359954,
      "emo": 2.908906936645508,
      "asr": 6.194943904876709,
      "per": 0.04836025834083557,
      "lambda_emo": 1.0,
      "lambda_asr": 0.0001,
      "lambda_per": 0.0
    },
    {
      "step": 15,
      "total": 2.654744337797165,
      "emo": 2.654111385345459,
      "asr": 6.329524517059326,
      "per": 0.06782636046409607,
      "lambda_emo": 1.0,
      "lambda_asr": 0.0001,
      "lambda_per": 0.0
    },
    {
      "step": 16,
      "total": 2.3993169657230378,
      "emo": 2.398702621459961,
      "asr": 6.143442630767822,
      "per": 0.06355226039886475,
      "lambda_emo": 1.0,
      "lambda_asr": 0.0001,
      "lambda_per": 0.0
    },
    {
      "step": 17,
      "total": 2.9968097187995912,
      "emo": 2.9961984157562256,
      "asr": 6.113030433654785,
      "per": 0.05455906689167023,
      "lambda_emo": 1.0,
      "lambda_asr": 0.0001,
      "lambda_per": 0.0
    },
    {
      "step": 18,
      "total": 2.88960052318573,
      "emo": 2.8889853954315186,
      "asr": 6.151277542114258,
      "per": 0.05254801735281944,
      "lambda_emo": 1.0,
      "lambda_asr": 0.0001,
      "lambda_per": 0.0
    },
    {
      "step": 19,
      "total": 3.2340290684223176,
      "emo": 3.2334506511688232,
      "asr": 5.784172534942627,
      "per": 0.06348328292369843,
      "lambda_emo": 1.0,
      "lambda_asr": 0.0001,
      "lambda_per": 0.0
    },
    {
      "step": 20,
      "total": 3.268124109894335,
      "emo": 3.206388235092163,
      "asr": 6.173533916473389,
      "per": 0.05356374382972717,
      "lambda_emo": 1.0,
      "lambda_asr": 0.01,
      "lambda_per": 1e-05
    },
    {
      "step": 21,
      "total": 3.432644613833055,
      "emo": 3.372863292694092,
      "asr": 5.978081703186035,
      "per": 0.05041071027517319,
      "lambda_emo": 1.0,
      "lambda_asr": 0.01,
      "lambda_per": 1e-05
    },
    {
      "step": 22,
      "total": 2.407992131226212,
      "emo": 2.3449628353118896,
      "asr": 6.30286979675293,
      "per": 0.059794679284095764,
      "lambda_emo": 1.0,
      "lambda_asr": 0.01,
      "lambda_per": 1e-05
    },
    {
      "step": 23,
      "total": 3.1482919832316787,
      "emo": 3.0855119228363037,
      "asr": 6.277942657470703,
      "per": 0.06338206678628922,
      "lambda_emo": 1.0,
      "lambda_asr": 0.01,