{
  "sample_id": "03858_0006_surprise_0006_001641",
  "path": "/data1/lixiang/OpenS2S_dataset/ESD/CN/0006/Surprise/0006_001641.wav",
  "speaker_id": "0006",
  "ground_truth_emotion": "surprise",
  "target_emotion": "happy",
  "emo_text_clean": [
    "Angry",
    "Angry",
    "\u62b1\u6b49"
  ],
  "emo_text_adv": [
    "Happy",
    "Happy",
    "happy"
  ],
  "emo_pred_clean": [
    "angry",
    "angry",
    ""
  ],
  "emo_pred_adv": [
    "happy",
    "happy",
    "happy"
  ],
  "asr_text_clean": "\u62b1\u6b49",
  "asr_text_adv": "\u884c\u8def\u96be\uff0c\u5f52\u8def\u96be\uff0c\u5fc3\u8def\u66f4\u96be\u3002",
  "success_emo": true,
  "wer": 1.0,
  "semantic_sim": 0.1928611397743225,
  "semantic_preserved": false,
  "delta_linf": 0.008000001311302185,
  "delta_l2": 1.0062178373336792,
  "snr_db": 20.627798894402325,
  "grad_norm_trace": [
    320.5301513671875,
    213.69229125976562,
    151.09840393066406,
    107.21882629394531,
    122.54600524902344,
    312.5167236328125,
    337.34039306640625,
    153.44993591308594,
    133.9786834716797,
    177.87319946289062,
    127.49536895751953,
    72.97909545898438,
    89.2072982788086,
    85.66834259033203,
    105.57470703125,
    99.53765106201172,
    218.6481475830078,
    176.04067993164062,
    171.5430908203125,
    90.19883728027344,
    49.61199188232422,
    41.205909729003906,
    40.50691223144531,
    75.70557403564453,
    55.73480987548828,
    190.9671173095703,
    66.84293365478516,
    38.592559814453125,
    39.152042388916016,
    41.56895446777344,
    44.28152084350586,
    31.45240592956543,
    25.25638198852539,
    54.540340423583984,
    46.32516098022461,
    108.97396850585938,
    58.15166473388672,
    36.34507751464844,
    36.54573440551758,
    38.75121307373047,
    61.02950668334961,
    66.22486114501953,
    40.65143585205078,
    46.67156982421875,
    26.0789737701416,
    37.52992630004883,
    35.260318756103516,
    21.986684799194336,
    12.705831527709961,
    17.773521423339844,
    20.349977493286133,
    16.823156356811523,
    28.19487190246582,
    18.82338523864746,
    17.434785842895508,
    32.1737060546875,
    45.49055099487305,
    49.618534088134766,
    41.938140869140625,
    28.6007080078125
  ],
  "loss_trace": [
    {
      "step": 0,
      "total": 13.327383054256439,
      "emo": 13.32720947265625,
      "asr": 1.7358160018920898,
      "per": 0.0,
      "lambda_emo": 1.0,
      "lambda_asr": 0.0001,
      "lambda_per": 0.0
    },
    {
      "step": 1,
      "total": 9.944197334718703,
      "emo": 9.943979263305664,
      "asr": 2.1807141304016113,
      "per": 0.013918157666921616,
      "lambda_emo": 1.0,
      "lambda_asr": 0.0001,
      "lambda_per": 0.0
    },
    {
      "step": 2,
      "total": 7.6826525511980055,
      "emo": 7.682318687438965,
      "asr": 3.338637590408325,
      "per": 0.02088366076350212,
      "lambda_emo": 1.0,
      "lambda_asr": 0.0001,
      "lambda_per": 0.0
    },
    {
      "step": 3,
      "total": 6.964410326957703,
      "emo": 6.963732719421387,
      "asr": 6.77607536315918,
      "per": 0.02582697570323944,
      "lambda_emo": 1.0,
      "lambda_asr": 0.0001,
      "lambda_per": 0.0
    },
    {
      "step": 4,
      "total": 6.208701101970672,
      "emo": 6.207956314086914,
      "asr": 7.447878837585449,
      "per": 0.03509185463190079,
      "lambda_emo": 1.0,
      "lambda_asr": 0.0001,
      "lambda_per": 0.0
    },
    {
      "step": 5,
      "total": 6.645034418821335,
      "emo": 6.644538879394531,
      "asr": 4.955394268035889,
      "per": 0.028684353455901146,
      "lambda_emo": 1.0,
      "lambda_asr": 0.0001,
      "lambda_per": 0.0
    },
    {
      "step": 6,
      "total": 7.302675829410553,
      "emo": 7.3021559715271,
      "asr": 5.198578834533691,
      "per": 0.03451014310121536,
      "lambda_emo": 1.0,
      "lambda_asr": 0.0001,
      "lambda_per": 0.0
    },
    {
      "step": 7,
      "total": 6.823784454345703,
      "emo": 6.8233771324157715,
      "asr": 4.073219299316406,
      "per": 0.046574704349040985,
      "lambda_emo": 1.0,
      "lambda_asr": 0.0001,
      "lambda_per": 0.0
    },
    {
      "step": 8,
      "total": 5.857078013324737,
      "emo": 5.856414794921875,
      "asr": 6.632184028625488,
      "per": 0.04879720136523247,
      "lambda_emo": 1.0,
      "lambda_asr": 0.0001,
      "lambda_per": 0.0
    },
    {
      "step": 9,
      "total": 5.440407311916351,
      "emo": 5.439530372619629,
      "asr": 8.769392967224121,
      "per": 0.03990204259753227,
      "lambda_emo": 1.0,
      "lambda_asr": 0.0001,
      "lambda_per": 0.0
    },
    {
      "step": 10,
      "total": 6.859745046043396,
      "emo": 6.8590312004089355,
      "asr": 7.138456344604492,
      "per": 0.0504460409283638,
      "lambda_emo": 1.0,
      "lambda_asr": 0.0001,
      "lambda_per": 0.0
    },
    {
      "step": 11,
      "total": 4.644881988763809,
      "emo": 4.644147872924805,
      "asr": 7.341158390045166,
      "per": 0.05235523730516434,
      "lambda_emo": 1.0,
      "lambda_asr": 0.0001,
      "lambda_per": 0.0
    },
    {
      "step": 12,
      "total": 5.265560477924347,
      "emo": 5.264944076538086,
      "asr": 6.164013862609863,
      "per": 0.045084670186042786,
      "lambda_emo": 1.0,
      "lambda_asr": 0.0001,
      "lambda_per": 0.0
    },
    {
      "step": 13,
      "total": 4.470086843109131,
      "emo": 4.469189167022705,
      "asr": 8.976760864257812,
      "per": 0.05551214516162872,
      "lambda_emo": 1.0,
      "lambda_asr": 0.0001,
      "lambda_per": 0.0
    },
    {
      "step": 14,
      "total": 4.423757238197327,
      "emo": 4.422916889190674,
      "asr": 8.40349006652832,
      "per": 0.05552598088979721,
      "lambda_emo": 1.0,
      "lambda_asr": 0.0001,
      "lambda_per": 0.0
    },
    {
      "step": 15,
      "total": 3.9798197903633117,
      "emo": 3.9790217876434326,
      "asr": 7.980027198791504,
      "per": 0.05065485090017319,
      "lambda_emo": 1.0,
      "lambda_asr": 0.0001,
      "lambda_per": 0.0
    },
    {
      "step": 16,
      "total": 4.138365849113464,
      "emo": 4.1375346183776855,
      "asr": 8.312307357788086,
      "per": 0.05183365195989609,
      "lambda_emo": 1.0,
      "lambda_asr": 0.0001,
      "lambda_per": 0.0
    },
    {
      "step": 17,
      "total": 4.745753871440887,
      "emo": 4.74484395980835,
      "asr": 9.099116325378418,
      "per": 0.03847131505608559,
      "lambda_emo": 1.0,
      "lambda_asr": 0.0001,
      "lambda_per": 0.0
    },
    {
      "step": 18,
      "total": 4.544471872425079,
      "emo": 4.543708801269531,
      "asr": 7.630711555480957,
      "per": 0.04276120662689209,
      "lambda_emo": 1.0,
      "lambda_asr": 0.0001,
      "lambda_per": 0.0
    },
    {
      "step": 19,
      "total": 4.302454274129867,
      "emo": 4.301732063293457,
      "asr": 7.222108364105225,
      "per": 0.05834433063864708,
      "lambda_emo": 1.0,
      "lambda_asr": 0.0001,
      "lambda_per": 0.0
    },
    {
      "step": 20,
      "total": 4.132993537939004,
      "emo": 4.048693656921387,
      "asr": 8.429933547973633,
      "per": 0.054553788155317307,
      "lambda_emo": 1.0,
      "lambda_asr": 0.01,
      "lambda_per": 1e-05
    },
    {
      "step": 21,
      "total": 3.845224081595354,
      "emo": 3.7574052810668945,
      "asr": 8.781837463378906,
      "per": 0.0425894670188427,
      "lambda_emo": 1.0,
      "lambda_asr": 0.01,
      "lambda_per": 1e-05
    },
    {
      "step": 22,
      "total": 3.526611737879217,
      "emo": 3.4380030632019043,
      "asr": 8.860812187194824,
      "per": 0.05528053641319275,
      "lambda_emo": 1.0,
      "lambda_asr": 0.01,
      "lambda_per": 1e-05
    },
    {
      "step": 23,
      "total": 3.7806525023795294,
      "emo": 3.689436912536621,
      "asr": 9.121506690979004,
      "per": 0.052293311804533005,
      "lambda_emo": 1.0,
      "lambda_asr": 0.01,