{
  "sample_id": "03902_0006_surprise_0006_001473",
  "path": "/data1/lixiang/OpenS2S_dataset/ESD/CN/0006/Surprise/0006_001473.wav",
  "speaker_id": "0006",
  "ground_truth_emotion": "surprise",
  "target_emotion": "happy",
  "emo_text_clean": [
    "Surprise.",
    "Surprise.",
    "Surprise!"
  ],
  "emo_text_adv": [
    "Happy",
    "happy",
    "happy"
  ],
  "emo_pred_clean": [
    "surprise",
    "surprise",
    "surprise"
  ],
  "emo_pred_adv": [
    "happy",
    "happy",
    "happy"
  ],
  "asr_text_clean": "\u5979\u603b\u662f\u5e26\u7740\u751c\u751c",
  "asr_text_adv": "\u5979\u603b\u662f\u5e26\u7740\u751c\u751c",
  "success_emo": true,
  "wer": 0.0,
  "semantic_sim": 1.0,
  "semantic_preserved": true,
  "delta_linf": 0.008000001311302185,
  "delta_l2": 0.7533641457557678,
  "snr_db": 23.78231565849986,
  "grad_norm_trace": [
    215.88316345214844,
    133.53515625,
    131.06053161621094,
    96.42893981933594,
    42.903099060058594,
    72.44281768798828,
    33.633453369140625,
    20.848217010498047,
    14.845498085021973,
    29.44541358947754,
    20.36984634399414,
    39.17632293701172,
    20.838260650634766,
    19.609899520874023,
    29.493873596191406,
    26.63962173461914,
    31.136159896850586,
    67.97325897216797,
    36.79924774169922,
    25.86498260498047,
    17.501201629638672,
    34.91774368286133,
    16.9433650970459,
    47.3959846496582,
    23.156490325927734,
    16.735692977905273,
    19.95570945739746,
    19.34111785888672,
    21.758331298828125,
    18.13164520263672,
    87.060546875,
    64.45320129394531,
    14.30136489868164,
    18.800498962402344,
    16.25606346130371,
    22.895347595214844,
    22.30729866027832,
    25.211523056030273,
    13.898025512695312,
    13.84432315826416,
    26.57748031616211,
    30.919849395751953,
    15.840398788452148,
    25.638587951660156,
    13.464274406433105,
    27.779102325439453,
    22.091327667236328,
    19.695615768432617,
    16.765636444091797,
    25.60509490966797,
    22.58914566040039,
    13.397427558898926,
    22.58509063720703,
    12.990865707397461,
    9.37072467803955,
    13.848810195922852,
    17.896804809570312,
    18.51751136779785,
    16.39809226989746,
    13.209233283996582
  ],
  "loss_trace": [
    {
      "step": 0,
      "total": 5.909484461709857,
      "emo": 5.909468650817871,
      "asr": 0.1581089198589325,
      "per": 0.0,
      "lambda_emo": 1.0,
      "lambda_asr": 0.0001,
      "lambda_per": 0.0
    },
    {
      "step": 1,
      "total": 3.3693525294542312,
      "emo": 3.3692626953125,
      "asr": 0.8983414173126221,
      "per": 0.010496753267943859,
      "lambda_emo": 1.0,
      "lambda_asr": 0.0001,
      "lambda_per": 0.0
    },
    {
      "step": 2,
      "total": 3.3797668099999427,
      "emo": 3.3796534538269043,
      "asr": 1.1335617303848267,
      "per": 0.016135724261403084,
      "lambda_emo": 1.0,
      "lambda_asr": 0.0001,
      "lambda_per": 0.0
    },
    {
      "step": 3,
      "total": 2.574040655514598,
      "emo": 2.5740256309509277,
      "asr": 0.15024563670158386,
      "per": 0.019074348732829094,
      "lambda_emo": 1.0,
      "lambda_asr": 0.0001,
      "lambda_per": 0.0
    },
    {
      "step": 4,
      "total": 2.490807512331009,
      "emo": 2.490795850753784,
      "asr": 0.11661577224731445,
      "per": 0.02188524231314659,
      "lambda_emo": 1.0,
      "lambda_asr": 0.0001,
      "lambda_per": 0.0
    },
    {
      "step": 5,
      "total": 2.5692081363283097,
      "emo": 2.5691990852355957,
      "asr": 0.09051092714071274,
      "per": 0.020314618945121765,
      "lambda_emo": 1.0,
      "lambda_asr": 0.0001,
      "lambda_per": 0.0
    },
    {
      "step": 6,
      "total": 2.554962489962578,
      "emo": 2.554839611053467,
      "asr": 1.2287890911102295,
      "per": 0.020069703459739685,
      "lambda_emo": 1.0,
      "lambda_asr": 0.0001,
      "lambda_per": 0.0
    },
    {
      "step": 7,
      "total": 2.1971319679558277,
      "emo": 2.197105884552002,
      "asr": 0.2608340382575989,
      "per": 0.021988224238157272,
      "lambda_emo": 1.0,
      "lambda_asr": 0.0001,
      "lambda_per": 0.0
    },
    {
      "step": 8,
      "total": 1.9272409514546394,
      "emo": 1.927228331565857,
      "asr": 0.1261988878250122,
      "per": 0.027602482587099075,
      "lambda_emo": 1.0,
      "lambda_asr": 0.0001,
      "lambda_per": 0.0
    },
    {
      "step": 9,
      "total": 2.0135589131571354,
      "emo": 2.013550281524658,
      "asr": 0.08631632477045059,
      "per": 0.024410022422671318,
      "lambda_emo": 1.0,
      "lambda_asr": 0.0001,
      "lambda_per": 0.0
    },
    {
      "step": 10,
      "total": 1.9221395100101828,
      "emo": 1.922129511833191,
      "asr": 0.09998176991939545,
      "per": 0.026793476194143295,
      "lambda_emo": 1.0,
      "lambda_asr": 0.0001,
      "lambda_per": 0.0
    },
    {
      "step": 11,
      "total": 1.8228187603376806,
      "emo": 1.8228089809417725,
      "asr": 0.09779395908117294,
      "per": 0.02721692994236946,
      "lambda_emo": 1.0,
      "lambda_asr": 0.0001,
      "lambda_per": 0.0
    },
    {
      "step": 12,
      "total": 1.9197199819505215,
      "emo": 1.9196285009384155,
      "asr": 0.9148101210594177,
      "per": 0.028020218014717102,
      "lambda_emo": 1.0,
      "lambda_asr": 0.0001,
      "lambda_per": 0.0
    },
    {
      "step": 13,
      "total": 2.0133771201699973,
      "emo": 2.0133681297302246,
      "asr": 0.08990439772605896,
      "per": 0.02212241105735302,
      "lambda_emo": 1.0,
      "lambda_asr": 0.0001,
      "lambda_per": 0.0
    },
    {
      "step": 14,
      "total": 1.7780045684084296,
      "emo": 1.7779958248138428,
      "asr": 0.08743594586849213,
      "per": 0.02472822368144989,
      "lambda_emo": 1.0,
      "lambda_asr": 0.0001,
      "lambda_per": 0.0
    },
    {
      "step": 15,
      "total": 1.7391299175679684,
      "emo": 1.7391141653060913,
      "asr": 0.15752261877059937,
      "per": 0.026531275361776352,
      "lambda_emo": 1.0,
      "lambda_asr": 0.0001,
      "lambda_per": 0.0
    },
    {
      "step": 16,
      "total": 1.9299750027418137,
      "emo": 1.9299612045288086,
      "asr": 0.13798213005065918,
      "per": 0.03043798916041851,
      "lambda_emo": 1.0,
      "lambda_asr": 0.0001,
      "lambda_per": 0.0
    },
    {
      "step": 17,
      "total": 1.7252733478203417,
      "emo": 1.725250244140625,
      "asr": 0.23103679716587067,
      "per": 0.0314120389521122,
      "lambda_emo": 1.0,
      "lambda_asr": 0.0001,
      "lambda_per": 0.0
    },
    {
      "step": 18,
      "total": 1.9522899699866771,
      "emo": 1.9522762298583984,
      "asr": 0.137401282787323,
      "per": 0.03188125789165497,
      "lambda_emo": 1.0,
      "lambda_asr": 0.0001,
      "lambda_per": 0.0
    },
    {
      "step": 19,
      "total": 1.670841977801919,
      "emo": 1.6708272695541382,
      "asr": 0.14708247780799866,
      "per": 0.03382066637277603,
      "lambda_emo": 1.0,
      "lambda_asr": 0.0001,
      "lambda_per": 0.0
    },
    {
      "step": 20,
      "total": 1.7966996700813993,
      "emo": 1.7953766584396362,
      "asr": 0.13227084279060364,
      "per": 0.030321385711431503,
      "lambda_emo": 1.0,
      "lambda_asr": 0.01,
      "lambda_per": 1e-05
    },
    {
      "step": 21,
      "total": 1.7476953495493903,
      "emo": 1.7385767698287964,
      "asr": 0.9118247628211975,
      "per": 0.033209238201379776,
      "lambda_emo": 1.0,
      "lambda_asr": 0.01,
      "lambda_per": 1e-05
    },
    {
      "step": 22,
      "total": 1.5135321686089038,
      "emo": 1.5109823942184448,
      "asr": 0.25494587421417236,
      "per": 0.03156483173370361,
      "lambda_emo": 1.0,
      "lambda_asr": 0.01,
      "lambda_per": 1e-05
    },
    {
      "step": 23,
      "total": 1.5052280126400293,
      "emo": 1.503313422203064,
      "asr": 0.19143325090408325,
      "per": 0.025792792439460754,