{
  "sample_id": "00002_0015_000460",
  "path": "/data1/lixiang/ESD/0015/Angry/0015_000460.wav",
  "emo_text_clean": [
    "Angry.",
    "Angry.",
    "Angry."
  ],
  "emo_text_adv": [
    "happy",
    "happy",
    "happy"
  ],
  "emo_pred_clean": [
    "angry",
    "angry",
    "angry"
  ],
  "emo_pred_adv": [
    "happy",
    "happy",
    "happy"
  ],
  "asr_text_clean": "\"Second act, third scene. The king confronts Macbeth, demanding answers. Thunder cracks. Macbeth trembles, but swallows his pride. 'You cannot say too much,' he growls, fists clenched. The crowd hushes. Blood on the crown. Guilt whispers louder than the crowd's roar.\"",
  "asr_text_adv": "The second act of the play begins.",
  "success_emo": true,
  "wer": 0.9512195121951219,
  "delta_linf": 0.008000001311302185,
  "delta_l2": 1.411839246749878,
  "snr_db": 12.288722848033295,
  "grad_norm_trace": [
    484.76123046875,
    560.0112915039062,
    63.58806610107422,
    56.013267517089844,
    51.50952911376953,
    92.87020874023438,
    30.956127166748047,
    21.846454620361328,
    30.04654312133789,
    34.96943283081055,
    31.031930923461914,
    38.919063568115234,
    21.09195899963379,
    13.752120971679688,
    18.26447868347168,
    30.1383056640625,
    17.004791259765625,
    21.35801887512207,
    21.752056121826172,
    49.427101135253906,
    20.113683700561523,
    13.277800559997559,
    63.75205612182617,
    9.963404655456543,
    10.376728057861328,
    36.047157287597656,
    20.172088623046875,
    12.800235748291016,
    20.399763107299805,
    240.32716369628906,
    386.4375915527344,
    13.863411903381348,
    28.192951202392578,
    27.640470504760742,
    35.10078430175781,
    37.574974060058594,
    27.14639663696289,
    28.1253719329834,
    42.319175720214844,
    29.05171012878418,
    32.64542007446289,
    28.53401756286621,
    27.969276428222656,
    35.45941925048828,
    76.72474670410156,
    41.554168701171875,
    32.964359283447266,
    38.5561408996582,
    27.98847770690918,
    45.916011810302734,
    29.85763168334961,
    26.455190658569336,
    23.366649627685547,
    13.502463340759277,
    19.83380889892578,
    20.76690673828125,
    28.121074676513672,
    21.083606719970703,
    15.750914573669434,
    16.871217727661133
  ],
  "loss_trace": [
    {
      "step": 0,
      "total": 8.370108767986297,
      "emo": 8.370064735412598,
      "asr": 0.4403257369995117,
      "per": 0.0,
      "lambda_emo": 1.0,
      "lambda_asr": 0.0001,
      "lambda_per": 0.0
    },
    {
      "step": 1,
      "total": 6.125117519682646,
      "emo": 6.125064373016357,
      "asr": 0.5314666628837585,
      "per": 0.02037620358169079,
      "lambda_emo": 1.0,
      "lambda_asr": 0.0001,
      "lambda_per": 0.0
    },
    {
      "step": 2,
      "total": 3.468983577567339,
      "emo": 3.4689159393310547,
      "asr": 0.6763823628425598,
      "per": 0.037078168243169785,
      "lambda_emo": 1.0,
      "lambda_asr": 0.0001,
      "lambda_per": 0.0
    },
    {
      "step": 3,
      "total": 3.214919156372547,
      "emo": 3.2148478031158447,
      "asr": 0.713532567024231,
      "per": 0.05469387397170067,
      "lambda_emo": 1.0,
      "lambda_asr": 0.0001,
      "lambda_per": 0.0
    },
    {
      "step": 4,
      "total": 2.6996927987158297,
      "emo": 2.699622392654419,
      "asr": 0.7040606141090393,
      "per": 0.048312027007341385,
      "lambda_emo": 1.0,
      "lambda_asr": 0.0001,
      "lambda_per": 0.0
    },
    {
      "step": 5,
      "total": 2.385776330238581,
      "emo": 2.3856990337371826,
      "asr": 0.7729650139808655,
      "per": 0.054600805044174194,
      "lambda_emo": 1.0,
      "lambda_asr": 0.0001,
      "lambda_per": 0.0
    },
    {
      "step": 6,
      "total": 2.2128909515619277,
      "emo": 2.212818145751953,
      "asr": 0.7280580997467041,
      "per": 0.07529602199792862,
      "lambda_emo": 1.0,
      "lambda_asr": 0.0001,
      "lambda_per": 0.0
    },
    {
      "step": 7,
      "total": 1.9601691700041295,
      "emo": 1.960095763206482,
      "asr": 0.734067976474762,
      "per": 0.06623456627130508,
      "lambda_emo": 1.0,
      "lambda_asr": 0.0001,
      "lambda_per": 0.0
    },
    {
      "step": 8,
      "total": 2.0350051026046274,
      "emo": 2.0349318981170654,
      "asr": 0.7320448756217957,
      "per": 0.06468483060598373,
      "lambda_emo": 1.0,
      "lambda_asr": 0.0001,
      "lambda_per": 0.0
    },
    {
      "step": 9,
      "total": 1.7777509454131126,
      "emo": 1.7776752710342407,
      "asr": 0.7567437887191772,
      "per": 0.07245422154664993,
      "lambda_emo": 1.0,
      "lambda_asr": 0.0001,
      "lambda_per": 0.0
    },
    {
      "step": 10,
      "total": 1.7209818702578545,
      "emo": 1.7209008932113647,
      "asr": 0.8097704648971558,
      "per": 0.059704553335905075,
      "lambda_emo": 1.0,
      "lambda_asr": 0.0001,
      "lambda_per": 0.0
    },
    {
      "step": 11,
      "total": 1.815860834467411,
      "emo": 1.8157798051834106,
      "asr": 0.8102928400039673,
      "per": 0.06511053442955017,
      "lambda_emo": 1.0,
      "lambda_asr": 0.0001,
      "lambda_per": 0.0
    },
    {
      "step": 12,
      "total": 1.8070408853173257,
      "emo": 1.8069607019424438,
      "asr": 0.8018337488174438,
      "per": 0.06094925478100777,
      "lambda_emo": 1.0,
      "lambda_asr": 0.0001,
      "lambda_per": 0.0
    },
    {
      "step": 13,
      "total": 1.5553516172289847,
      "emo": 1.5552729368209839,
      "asr": 0.7868040800094604,
      "per": 0.06211264058947563,
      "lambda_emo": 1.0,
      "lambda_asr": 0.0001,
      "lambda_per": 0.0
    },
    {
      "step": 14,
      "total": 1.5346035433709622,
      "emo": 1.5345268249511719,
      "asr": 0.7671841979026794,
      "per": 0.06630345433950424,
      "lambda_emo": 1.0,
      "lambda_asr": 0.0001,
      "lambda_per": 0.0
    },
    {
      "step": 15,
      "total": 1.5223391548871994,
      "emo": 1.5222619771957397,
      "asr": 0.7717769145965576,
      "per": 0.0788218155503273,
      "lambda_emo": 1.0,
      "lambda_asr": 0.0001,
      "lambda_per": 0.0
    },
    {
      "step": 16,
      "total": 1.4201185683012008,
      "emo": 1.4200400114059448,
      "asr": 0.7855689525604248,
      "per": 0.08070970326662064,
      "lambda_emo": 1.0,
      "lambda_asr": 0.0001,
      "lambda_per": 0.0
    },
    {
      "step": 17,
      "total": 1.3702458990573883,
      "emo": 1.3701683282852173,
      "asr": 0.7757077217102051,
      "per": 0.07080542296171188,
      "lambda_emo": 1.0,
      "lambda_asr": 0.0001,
      "lambda_per": 0.0
    },
    {
      "step": 18,
      "total": 1.3354800707936287,
      "emo": 1.3354015350341797,
      "asr": 0.7853575944900513,
      "per": 0.07698274403810501,
      "lambda_emo": 1.0,
      "lambda_asr": 0.0001,
      "lambda_per": 0.0
    },
    {
      "step": 19,
      "total": 1.4843710787177087,
      "emo": 1.484289526939392,
      "asr": 0.815517783164978,
      "per": 0.07883065938949585,
      "lambda_emo": 1.0,
      "lambda_asr": 0.0001,
      "lambda_per": 0.0
    },
    {
      "step": 20,
      "total": 1.306230874742046,
      "emo": 1.298216700553894,
      "asr": 0.8013367652893066,
      "per": 0.08065352588891983,
      "lambda_emo": 1.0,
      "lambda_asr": 0.01,
      "lambda_per": 1e-05
    },
    {
      "step": 21,
      "total": 1.328039839166254,
      "emo": 1.319759488105774,
      "asr": 0.8279696702957153,
      "per": 0.0654357522726059,
      "lambda_emo": 1.0,
      "lambda_asr": 0.01,
      "lambda_per": 1e-05
    },
    {
      "step": 22,
      "total": 1.2082196632691473,
      "emo": 1.200093150138855,
      "asr": 0.8125727772712708,
      "per": 0.07853575795888901,
      "lambda_emo": 1.0,
      "lambda_asr": 0.01,
      "lambda_per": 1e-05
    },
    {
      "step": 23,
      "total": 1.2054219075277448,
      "emo": 1.1971288919448853,
      "asr": 0.8292284607887268,