{
  "sample_id": "00044_0001_angry_0001_000506",
  "path": "/data1/lixiang/ESD/CN/0001/Angry/0001_000506.wav",
  "speaker_id": "0001",
  "ground_truth_emotion": "angry",
  "target_emotion": "happy",
  "emo_text_clean": [
    "Angry",
    "Angry",
    "\u8c22\u8c22\u4f60\u7684\u9080\u8bf7\uff0c\u4e0d\u8fc7\u6211\u6709\u70b9\u60ca\u8bb6\uff0c\u8fd9\u786e\u5b9e\u662f\u4e2a\u5927\u65b0\u95fb\uff01"
  ],
  "emo_text_adv": [
    "Happy",
    "happy",
    "happy"
  ],
  "emo_pred_clean": [
    "angry",
    "angry",
    ""
  ],
  "emo_pred_adv": [
    "happy",
    "happy",
    "happy"
  ],
  "asr_text_clean": "\u8c22\u8c22\u4f60",
  "asr_text_adv": "\u606d\u559c",
  "success_emo": true,
  "wer": 1.0,
  "delta_linf": 0.008000001311302185,
  "delta_l2": 1.3006662130355835,
  "snr_db": 18.441109770039766,
  "grad_norm_trace": [
    377.7298889160156,
    749.8759765625,
    224.23687744140625,
    27.659507751464844,
    22.70911407470703,
    21.780563354492188,
    20.76731300354004,
    29.56621551513672,
    36.87413787841797,
    23.337474822998047,
    41.704654693603516,
    128.0985870361328,
    72.49002838134766,
    35.03424835205078,
    45.24513244628906,
    92.57298278808594,
    98.92447662353516,
    29.563270568847656,
    51.9444694519043,
    31.101091384887695,
    25.559118270874023,
    43.423919677734375,
    25.599205017089844,
    18.274276733398438,
    27.79059600830078,
    26.29090690612793,
    17.79735565185547,
    13.262929916381836,
    25.999488830566406,
    17.542354583740234,
    14.155457496643066,
    24.007965087890625,
    17.78512191772461,
    30.003435134887695,
    17.8354434967041,
    22.979145050048828,
    83.65206909179688,
    29.502843856811523,
    17.324499130249023,
    34.622314453125,
    20.86141586303711,
    34.83515167236328,
    17.63149642944336,
    33.519508361816406,
    43.52303695678711,
    22.600671768188477,
    24.87145233154297,
    17.566701889038086,
    48.734500885009766,
    19.04182243347168,
    13.317670822143555,
    19.816329956054688,
    32.143375396728516,
    38.550193786621094,
    30.55365753173828,
    25.41412925720215,
    33.59324645996094,
    69.91466522216797,
    16.678939819335938,
    33.299827575683594
  ],
  "loss_trace": [
    {
      "step": 0,
      "total": 9.498914824521542,
      "emo": 9.498809814453125,
      "asr": 1.0501006841659546,
      "per": 0.0,
      "lambda_emo": 1.0,
      "lambda_asr": 0.0001,
      "lambda_per": 0.0
    },
    {
      "step": 1,
      "total": 9.0681461486578,
      "emo": 9.068017959594727,
      "asr": 1.281890630722046,
      "per": 0.019583355635404587,
      "lambda_emo": 1.0,
      "lambda_asr": 0.0001,
      "lambda_per": 0.0
    },
    {
      "step": 2,
      "total": 6.996875581955909,
      "emo": 6.996730327606201,
      "asr": 1.4525434970855713,
      "per": 0.03363487496972084,
      "lambda_emo": 1.0,
      "lambda_asr": 0.0001,
      "lambda_per": 0.0
    },
    {
      "step": 3,
      "total": 5.949473505699634,
      "emo": 5.949337005615234,
      "asr": 1.36500084400177,
      "per": 0.056435175240039825,
      "lambda_emo": 1.0,
      "lambda_asr": 0.0001,
      "lambda_per": 0.0
    },
    {
      "step": 4,
      "total": 6.048509343230724,
      "emo": 6.048370361328125,
      "asr": 1.3898190259933472,
      "per": 0.047593891620635986,
      "lambda_emo": 1.0,
      "lambda_asr": 0.0001,
      "lambda_per": 0.0
    },
    {
      "step": 5,
      "total": 5.9454393419981,
      "emo": 5.9452972412109375,
      "asr": 1.4210078716278076,
      "per": 0.05638720840215683,
      "lambda_emo": 1.0,
      "lambda_asr": 0.0001,
      "lambda_per": 0.0
    },
    {
      "step": 6,
      "total": 5.766053945171833,
      "emo": 5.765921592712402,
      "asr": 1.3235245943069458,
      "per": 0.04804442822933197,
      "lambda_emo": 1.0,
      "lambda_asr": 0.0001,
      "lambda_per": 0.0
    },
    {
      "step": 7,
      "total": 5.583098479163647,
      "emo": 5.582973480224609,
      "asr": 1.24998939037323,
      "per": 0.06260416656732559,
      "lambda_emo": 1.0,
      "lambda_asr": 0.0001,
      "lambda_per": 0.0
    },
    {
      "step": 8,
      "total": 5.350166550707817,
      "emo": 5.350048065185547,
      "asr": 1.1848552227020264,
      "per": 0.05958782881498337,
      "lambda_emo": 1.0,
      "lambda_asr": 0.0001,
      "lambda_per": 0.0
    },
    {
      "step": 9,
      "total": 5.520315200507641,
      "emo": 5.520139217376709,
      "asr": 1.7598313093185425,
      "per": 0.06459379196166992,
      "lambda_emo": 1.0,
      "lambda_asr": 0.0001,
      "lambda_per": 0.0
    },
    {
      "step": 10,
      "total": 4.859187070989608,
      "emo": 4.858964920043945,
      "asr": 2.2215094566345215,
      "per": 0.06864964962005615,
      "lambda_emo": 1.0,
      "lambda_asr": 0.0001,
      "lambda_per": 0.0
    },
    {
      "step": 11,
      "total": 4.859088989520073,
      "emo": 4.858889102935791,
      "asr": 1.9988658428192139,
      "per": 0.056142717599868774,
      "lambda_emo": 1.0,
      "lambda_asr": 0.0001,
      "lambda_per": 0.0
    },
    {
      "step": 12,
      "total": 4.95580631929636,
      "emo": 4.95562744140625,
      "asr": 1.7887789011001587,
      "per": 0.057817816734313965,
      "lambda_emo": 1.0,
      "lambda_asr": 0.0001,
      "lambda_per": 0.0
    },
    {
      "step": 13,
      "total": 4.876648814773559,
      "emo": 4.876395225524902,
      "asr": 2.5358924865722656,
      "per": 0.0801631361246109,
      "lambda_emo": 1.0,
      "lambda_asr": 0.0001,
      "lambda_per": 0.0
    },
    {
      "step": 14,
      "total": 4.448672119235993,
      "emo": 4.44840145111084,
      "asr": 2.706681251525879,
      "per": 0.07201512157917023,
      "lambda_emo": 1.0,
      "lambda_asr": 0.0001,
      "lambda_per": 0.0
    },
    {
      "step": 15,
      "total": 4.283034852814675,
      "emo": 4.282786846160889,
      "asr": 2.4800665378570557,
      "per": 0.07073141634464264,
      "lambda_emo": 1.0,
      "lambda_asr": 0.0001,
      "lambda_per": 0.0
    },
    {
      "step": 16,
      "total": 4.358244894075393,
      "emo": 4.357989311218262,
      "asr": 2.55582857131958,
      "per": 0.06301121413707733,
      "lambda_emo": 1.0,
      "lambda_asr": 0.0001,
      "lambda_per": 0.0
    },
    {
      "step": 17,
      "total": 4.8111054611444475,
      "emo": 4.810916900634766,
      "asr": 1.8856050968170166,
      "per": 0.07165412604808807,
      "lambda_emo": 1.0,
      "lambda_asr": 0.0001,
      "lambda_per": 0.0
    },
    {
      "step": 18,
      "total": 4.178987174010277,
      "emo": 4.1788010597229,
      "asr": 1.861142873764038,
      "per": 0.06701216101646423,
      "lambda_emo": 1.0,
      "lambda_asr": 0.0001,
      "lambda_per": 0.0
    },
    {
      "step": 19,
      "total": 3.7307344777584075,
      "emo": 3.730556011199951,
      "asr": 1.784665584564209,
      "per": 0.06791628897190094,
      "lambda_emo": 1.0,
      "lambda_asr": 0.0001,
      "lambda_per": 0.0
    },
    {
      "step": 20,
      "total": 3.5324291507280616,
      "emo": 3.5109376907348633,
      "asr": 2.1490836143493652,
      "per": 0.06238497048616409,
      "lambda_emo": 1.0,
      "lambda_asr": 0.01,
      "lambda_per": 1e-05
    },
    {
      "step": 21,
      "total": 3.3192974408791214,
      "emo": 3.302030563354492,
      "asr": 1.726633071899414,
      "per": 0.054680563509464264,
      "lambda_emo": 1.0,
      "lambda_asr": 0.01,
      "lambda_per": 1e-05
    },
    {
      "step": 22,
      "total": 3.637289763874635,
      "emo": 3.6151556968688965,
      "asr": 2.2133359909057617,
      "per": 0.07070966809988022,
      "lambda_emo": 1.0,
      "lambda_asr": 0.01,
      "lambda_per": 1e-05
    },
    {
      "step": 23,
      "total": 3.0480513697569815,
      "emo": 3.0251212120056152,
      "asr": 2.2929553985595703,
      "per": 0.06037657707929611,
      "lambda_emo": 1.0,
      "lambda_asr": 0.01,