{
  "sample_id": "00063_0001_angry_0001_000499",
  "path": "/data1/lixiang/ESD/CN/0001/Angry/0001_000499.wav",
  "speaker_id": "0001",
  "ground_truth_emotion": "angry",
  "target_emotion": "happy",
  "emo_text_clean": [
    "Angry",
    "Angry",
    "\u4f60\u597d\u5e03\u83b1"
  ],
  "emo_text_adv": [
    "Happy",
    "Happy",
    "Happy"
  ],
  "emo_pred_clean": [
    "angry",
    "angry",
    ""
  ],
  "emo_pred_adv": [
    "happy",
    "happy",
    "happy"
  ],
  "asr_text_clean": "\u4f60\u597d\u5e03\u83b1",
  "asr_text_adv": "\u597d\u7684\uff0c\u6211\u6765\u5e2e\u4f60\u753b\u4e00\u4e2a\u7b80\u5355\u7684\u592a\u9633\u3002",
  "success_emo": true,
  "wer": 1.0,
  "delta_linf": 0.008000016212463379,
  "delta_l2": 1.2543623447418213,
  "snr_db": 21.417963205682966,
  "grad_norm_trace": [
    161.99429321289062,
    183.8678436279297,
    65.56758880615234,
    50.49960708618164,
    34.5501823425293,
    51.70199966430664,
    35.962921142578125,
    44.40198516845703,
    31.14566993713379,
    27.394681930541992,
    30.909523010253906,
    36.04495620727539,
    33.96575927734375,
    68.56265258789062,
    49.996917724609375,
    41.92977523803711,
    157.47015380859375,
    56.22560119628906,
    29.265995025634766,
    38.65383529663086,
    29.505773544311523,
    15.192026138305664,
    83.84400939941406,
    37.75682067871094,
    27.56755828857422,
    49.539161682128906,
    22.29503059387207,
    47.62249755859375,
    51.103118896484375,
    66.5228500366211,
    26.968461990356445,
    34.109107971191406,
    79.86309814453125,
    51.01174545288086,
    77.51439666748047,
    39.777339935302734,
    58.49464416503906,
    46.35694885253906,
    174.95704650878906,
    97.84678649902344,
    64.2853775024414,
    42.18899917602539,
    52.79442596435547,
    53.3368034362793,
    61.593711853027344,
    27.455848693847656,
    29.44217300415039,
    73.53333282470703,
    49.48725128173828,
    30.052900314331055,
    48.90352249145508,
    47.36640930175781,
    27.316612243652344,
    32.011417388916016,
    23.511070251464844,
    32.79438400268555,
    80.09366607666016,
    69.70435333251953,
    79.29505920410156,
    56.548030853271484
  ],
  "loss_trace": [
    {
      "step": 0,
      "total": 11.417321674621105,
      "emo": 11.417277336120605,
      "asr": 0.4433850049972534,
      "per": 0.0,
      "lambda_emo": 1.0,
      "lambda_asr": 0.0001,
      "lambda_per": 0.0
    },
    {
      "step": 1,
      "total": 6.330523610019684,
      "emo": 6.330018520355225,
      "asr": 5.050896644592285,
      "per": 0.026206297799944878,
      "lambda_emo": 1.0,
      "lambda_asr": 0.0001,
      "lambda_per": 0.0
    },
    {
      "step": 2,
      "total": 5.62515260105133,
      "emo": 5.624650001525879,
      "asr": 5.025995254516602,
      "per": 0.04605024307966232,
      "lambda_emo": 1.0,
      "lambda_asr": 0.0001,
      "lambda_per": 0.0
    },
    {
      "step": 3,
      "total": 4.765238237762452,
      "emo": 4.764677047729492,
      "asr": 5.611900329589844,
      "per": 0.047096382826566696,
      "lambda_emo": 1.0,
      "lambda_asr": 0.0001,
      "lambda_per": 0.0
    },
    {
      "step": 4,
      "total": 4.36305037856102,
      "emo": 4.362429618835449,
      "asr": 6.207597255706787,
      "per": 0.06512211263179779,
      "lambda_emo": 1.0,
      "lambda_asr": 0.0001,
      "lambda_per": 0.0
    },
    {
      "step": 5,
      "total": 4.610570218133926,
      "emo": 4.610007286071777,
      "asr": 5.6293206214904785,
      "per": 0.06905341148376465,
      "lambda_emo": 1.0,
      "lambda_asr": 0.0001,
      "lambda_per": 0.0
    },
    {
      "step": 6,
      "total": 4.097096903324127,
      "emo": 4.0962233543396,
      "asr": 8.735489845275879,
      "per": 0.053080420941114426,
      "lambda_emo": 1.0,
      "lambda_asr": 0.0001,
      "lambda_per": 0.0
    },
    {
      "step": 7,
      "total": 4.822358232402801,
      "emo": 4.821238994598389,
      "asr": 11.192378044128418,
      "per": 0.06683631986379623,
      "lambda_emo": 1.0,
      "lambda_asr": 0.0001,
      "lambda_per": 0.0
    },
    {
      "step": 8,
      "total": 3.5424238552093508,
      "emo": 3.5413918495178223,
      "asr": 10.320056915283203,
      "per": 0.06264238059520721,
      "lambda_emo": 1.0,
      "lambda_asr": 0.0001,
      "lambda_per": 0.0
    },
    {
      "step": 9,
      "total": 3.8151279964447022,
      "emo": 3.8142707347869873,
      "asr": 8.572616577148438,
      "per": 0.06053847074508667,
      "lambda_emo": 1.0,
      "lambda_asr": 0.0001,
      "lambda_per": 0.0
    },
    {
      "step": 10,
      "total": 3.777836244773865,
      "emo": 3.776887893676758,
      "asr": 9.483510971069336,
      "per": 0.06437645852565765,
      "lambda_emo": 1.0,
      "lambda_asr": 0.0001,
      "lambda_per": 0.0
    },
    {
      "step": 11,
      "total": 3.4999776039123534,
      "emo": 3.4990203380584717,
      "asr": 9.57265853881836,
      "per": 0.07307387888431549,
      "lambda_emo": 1.0,
      "lambda_asr": 0.0001,
      "lambda_per": 0.0
    },
    {
      "step": 12,
      "total": 3.32973387966156,
      "emo": 3.3287618160247803,
      "asr": 9.720636367797852,
      "per": 0.05308183282613754,
      "lambda_emo": 1.0,
      "lambda_asr": 0.0001,
      "lambda_per": 0.0
    },
    {
      "step": 13,
      "total": 3.3407764830589293,
      "emo": 3.339651584625244,
      "asr": 11.248984336853027,
      "per": 0.07466602325439453,
      "lambda_emo": 1.0,
      "lambda_asr": 0.0001,
      "lambda_per": 0.0
    },
    {
      "step": 14,
      "total": 3.3377883754730227,
      "emo": 3.336852788925171,
      "asr": 9.355865478515625,
      "per": 0.05504348874092102,
      "lambda_emo": 1.0,
      "lambda_asr": 0.0001,
      "lambda_per": 0.0
    },
    {
      "step": 15,
      "total": 3.112139609527588,
      "emo": 3.111114025115967,
      "asr": 10.255844116210938,
      "per": 0.0600048303604126,
      "lambda_emo": 1.0,
      "lambda_asr": 0.0001,
      "lambda_per": 0.0
    },
    {
      "step": 16,
      "total": 3.638392599391937,
      "emo": 3.6376447677612305,
      "asr": 7.478316307067871,
      "per": 0.06142864376306534,
      "lambda_emo": 1.0,
      "lambda_asr": 0.0001,
      "lambda_per": 0.0
    },
    {
      "step": 17,
      "total": 3.404834927368164,
      "emo": 3.403855323791504,
      "asr": 9.796035766601562,
      "per": 0.06742044538259506,
      "lambda_emo": 1.0,
      "lambda_asr": 0.0001,
      "lambda_per": 0.0
    },
    {
      "step": 18,
      "total": 2.790493249320984,
      "emo": 2.789381980895996,
      "asr": 11.11268424987793,
      "per": 0.05729027837514877,
      "lambda_emo": 1.0,
      "lambda_asr": 0.0001,
      "lambda_per": 0.0
    },
    {
      "step": 19,
      "total": 2.8413555812835694,
      "emo": 2.840266704559326,
      "asr": 10.88876724243164,
      "per": 0.05663726478815079,
      "lambda_emo": 1.0,
      "lambda_asr": 0.0001,
      "lambda_per": 0.0
    },
    {
      "step": 20,
      "total": 3.1095100432337075,
      "emo": 3.0189502239227295,
      "asr": 9.055925369262695,
      "per": 0.05656183511018753,
      "lambda_emo": 1.0,
      "lambda_asr": 0.01,
      "lambda_per": 1e-05
    },
    {
      "step": 21,
      "total": 2.7594662005089967,
      "emo": 2.659299850463867,
      "asr": 10.016566276550293,
      "per": 0.06872796267271042,
      "lambda_emo": 1.0,
      "lambda_asr": 0.01,
      "lambda_per": 1e-05
    },
    {
      "step": 22,
      "total": 3.254363346933387,
      "emo": 3.148615598678589,
      "asr": 10.574714660644531,
      "per": 0.060164835304021835,
      "lambda_emo": 1.0,
      "lambda_asr": 0.01,
      "lambda_per": 1e-05
    },
    {
      "step": 23,
      "total": 2.76446378951326,
      "emo": 2.6556029319763184,
      "asr": 10.88602066040039,
      "per": 0.06509329378604889,
      "lambda_emo": 1.0,
      "lambda_asr": 0.01,
      "lambda_per": 1e-05
    },
    {
      "step": 24,