{
  "sample_id": "00075_0001_angry_0001_000690",
  "path": "/data1/lixiang/ESD/CN/0001/Angry/0001_000690.wav",
  "speaker_id": "0001",
  "ground_truth_emotion": "angry",
  "target_emotion": "happy",
  "emo_text_clean": [
    "Angry",
    "Angry",
    "\u665a\u5b89\uff0c\u771f\u9ad8\u5174\u80fd\u966a\u4f60"
  ],
  "emo_text_adv": [
    "happy",
    "happy",
    "happy"
  ],
  "emo_pred_clean": [
    "angry",
    "angry",
    ""
  ],
  "emo_pred_adv": [
    "happy",
    "happy",
    "happy"
  ],
  "asr_text_clean": "\u665a\u5b89\uff0c\u771f\u5e78\u798f\u3002",
  "asr_text_adv": "\u6bcf\u5929\u665a\u4e0a\u8ddf\u4f60\u9053\u665a\u5b89\u771f\u5e78\u798f\u3002",
  "success_emo": true,
  "wer": 1.0,
  "delta_linf": 0.008000001311302185,
  "delta_l2": 1.3790159225463867,
  "snr_db": 19.060195918643732,
  "grad_norm_trace": [
    1071.5614013671875,
    465.6474609375,
    79.81920623779297,
    55.38542175292969,
    26.024255752563477,
    25.300830841064453,
    46.15700149536133,
    23.973899841308594,
    30.366430282592773,
    32.33253479003906,
    19.023029327392578,
    47.403255462646484,
    21.276216506958008,
    26.980621337890625,
    25.775371551513672,
    28.679710388183594,
    25.0260066986084,
    49.929691314697266,
    36.910919189453125,
    33.71686553955078,
    42.245994567871094,
    35.95564651489258,
    56.794189453125,
    47.686466217041016,
    39.51484680175781,
    20.151254653930664,
    20.3189640045166,
    16.268306732177734,
    22.910667419433594,
    18.92735481262207,
    19.541637420654297,
    14.909477233886719,
    15.392500877380371,
    21.746280670166016,
    18.63135528564453,
    18.700145721435547,
    19.97566795349121,
    23.130556106567383,
    24.034221649169922,
    17.167390823364258,
    21.05893898010254,
    35.83521270751953,
    22.687963485717773,
    27.201171875,
    47.380271911621094,
    29.617979049682617,
    33.274349212646484,
    19.422916412353516,
    30.23794174194336,
    23.971834182739258,
    21.739643096923828,
    35.36375427246094,
    32.06986618041992,
    29.4822940826416,
    18.374536514282227,
    42.60536575317383,
    35.06708908081055,
    34.97919845581055,
    27.589689254760742,
    35.40373611450195
  ],
  "loss_trace": [
    {
      "step": 0,
      "total": 7.444000537914038,
      "emo": 7.443942070007324,
      "asr": 0.5846790671348572,
      "per": 0.0,
      "lambda_emo": 1.0,
      "lambda_asr": 0.0001,
      "lambda_per": 0.0
    },
    {
      "step": 1,
      "total": 4.703478419905901,
      "emo": 4.703400611877441,
      "asr": 0.7780802845954895,
      "per": 0.021385950967669487,
      "lambda_emo": 1.0,
      "lambda_asr": 0.0001,
      "lambda_per": 0.0
    },
    {
      "step": 2,
      "total": 3.76116037684083,
      "emo": 3.7610766887664795,
      "asr": 0.8368807435035706,
      "per": 0.03288969025015831,
      "lambda_emo": 1.0,
      "lambda_asr": 0.0001,
      "lambda_per": 0.0
    },
    {
      "step": 3,
      "total": 3.6151066289424896,
      "emo": 3.615037679672241,
      "asr": 0.6894927024841309,
      "per": 0.04455358535051346,
      "lambda_emo": 1.0,
      "lambda_asr": 0.0001,
      "lambda_per": 0.0
    },
    {
      "step": 4,
      "total": 3.5047782232999802,
      "emo": 3.5046863555908203,
      "asr": 0.9186770915985107,
      "per": 0.06479005515575409,
      "lambda_emo": 1.0,
      "lambda_asr": 0.0001,
      "lambda_per": 0.0
    },
    {
      "step": 5,
      "total": 3.52380250928998,
      "emo": 3.523719310760498,
      "asr": 0.8319852948188782,
      "per": 0.06783431768417358,
      "lambda_emo": 1.0,
      "lambda_asr": 0.0001,
      "lambda_per": 0.0
    },
    {
      "step": 6,
      "total": 3.314245846647024,
      "emo": 3.31415057182312,
      "asr": 0.9527482390403748,
      "per": 0.0738656148314476,
      "lambda_emo": 1.0,
      "lambda_asr": 0.0001,
      "lambda_per": 0.0
    },
    {
      "step": 7,
      "total": 3.9176548316180706,
      "emo": 3.917590618133545,
      "asr": 0.6421348452568054,
      "per": 0.058487098664045334,
      "lambda_emo": 1.0,
      "lambda_asr": 0.0001,
      "lambda_per": 0.0
    },
    {
      "step": 8,
      "total": 3.109594569414854,
      "emo": 3.1095046997070312,
      "asr": 0.8986970782279968,
      "per": 0.07056531310081482,
      "lambda_emo": 1.0,
      "lambda_asr": 0.0001,
      "lambda_per": 0.0
    },
    {
      "step": 9,
      "total": 3.5438848867356776,
      "emo": 3.5438199043273926,
      "asr": 0.6498240828514099,
      "per": 0.05364855378866196,
      "lambda_emo": 1.0,
      "lambda_asr": 0.0001,
      "lambda_per": 0.0
    },
    {
      "step": 10,
      "total": 3.479014689749479,
      "emo": 3.4789533615112305,
      "asr": 0.6132823824882507,
      "per": 0.07767104357481003,
      "lambda_emo": 1.0,
      "lambda_asr": 0.0001,
      "lambda_per": 0.0
    },
    {
      "step": 11,
      "total": 2.8168042456150055,
      "emo": 2.8167006969451904,
      "asr": 1.0354866981506348,
      "per": 0.06221957504749298,
      "lambda_emo": 1.0,
      "lambda_asr": 0.0001,
      "lambda_per": 0.0
    },
    {
      "step": 12,
      "total": 3.281231597518921,
      "emo": 3.281161069869995,
      "asr": 0.7052764892578125,
      "per": 0.07278048247098923,
      "lambda_emo": 1.0,
      "lambda_asr": 0.0001,
      "lambda_per": 0.0
    },
    {
      "step": 13,
      "total": 3.06528202752471,
      "emo": 3.0652015209198,
      "asr": 0.8050660490989685,
      "per": 0.06189233809709549,
      "lambda_emo": 1.0,
      "lambda_asr": 0.0001,
      "lambda_per": 0.0
    },
    {
      "step": 14,
      "total": 2.778491893941164,
      "emo": 2.7783994674682617,
      "asr": 0.9242647290229797,
      "per": 0.0768490731716156,
      "lambda_emo": 1.0,
      "lambda_asr": 0.0001,
      "lambda_per": 0.0
    },
    {
      "step": 15,
      "total": 2.722820183634758,
      "emo": 2.7227401733398438,
      "asr": 0.800102949142456,
      "per": 0.06557272374629974,
      "lambda_emo": 1.0,
      "lambda_asr": 0.0001,
      "lambda_per": 0.0
    },
    {
      "step": 16,
      "total": 2.4428943451821805,
      "emo": 2.442814826965332,
      "asr": 0.7951821684837341,
      "per": 0.06592749059200287,
      "lambda_emo": 1.0,
      "lambda_asr": 0.0001,
      "lambda_per": 0.0
    },
    {
      "step": 17,
      "total": 2.4047148673534395,
      "emo": 2.404592990875244,
      "asr": 1.2187647819519043,
      "per": 0.061104290187358856,
      "lambda_emo": 1.0,
      "lambda_asr": 0.0001,
      "lambda_per": 0.0
    },
    {
      "step": 18,
      "total": 2.3406881561398505,
      "emo": 2.3406224250793457,
      "asr": 0.6573106050491333,
      "per": 0.0730290412902832,
      "lambda_emo": 1.0,
      "lambda_asr": 0.0001,
      "lambda_per": 0.0
    },
    {
      "step": 19,
      "total": 2.2227392448961734,
      "emo": 2.222663402557373,
      "asr": 0.758423388004303,
      "per": 0.08006011694669724,
      "lambda_emo": 1.0,
      "lambda_asr": 0.0001,
      "lambda_per": 0.0
    },
    {
      "step": 20,
      "total": 2.0896713203125445,
      "emo": 2.0781075954437256,
      "asr": 1.1562916040420532,
      "per": 0.08088283985853195,
      "lambda_emo": 1.0,
      "lambda_asr": 0.01,
      "lambda_per": 1e-05
    },
    {
      "step": 21,
      "total": 1.9245737999815868,
      "emo": 1.916383147239685,
      "asr": 0.8190096020698547,
      "per": 0.05567212030291557,
      "lambda_emo": 1.0,
      "lambda_asr": 0.01,
      "lambda_per": 1e-05
    },
    {
      "step": 22,
      "total": 1.992367624850422,
      "emo": 1.986553430557251,
      "asr": 0.5813567042350769,
      "per": 0.06272508203983307,
      "lambda_emo": 1.0,
      "lambda_asr": 0.01,
      "lambda_per": 1e-05
    },
    {
      "step": 23,
      "total": 1.9428634213009477,
      "emo": 1.933220624923706,
      "asr": 0.9642107486724854,
      "per": 0.06888905167579651,
      "lambda_emo": 1.0,
      "lambda_asr": 0.01,