{
  "sample_id": "00155_0001_neutral_0001_000252",
  "path": "/data1/lixiang/ESD/CN/0001/Neutral/0001_000252.wav",
  "speaker_id": "0001",
  "ground_truth_emotion": "neutral",
  "target_emotion": "happy",
  "emo_text_clean": [
    "Neutral",
    "Neutral",
    "\u542c\u8d77\u6765"
  ],
  "emo_text_adv": [
    "Happy",
    "Happy",
    "\u6e38\u620f\u8ff7\uff0c\u5feb\u4e50\uff01"
  ],
  "emo_pred_clean": [
    "neutral",
    "neutral",
    ""
  ],
  "emo_pred_adv": [
    "happy",
    "happy",
    ""
  ],
  "asr_text_clean": "\u6211\u662f\u4e2a\u6e38\u620f\u8ff7\u3002",
  "asr_text_adv": "\u6211\u662f\u4e2a\u6e38\u620f\u8ff7\u3002",
  "success_emo": false,
  "wer": 0.0,
  "delta_linf": 0.008000016212463379,
  "delta_l2": 1.1995859146118164,
  "snr_db": 28.111839767300772,
  "grad_norm_trace": [
    161.13816833496094,
    67.48567962646484,
    44.500484466552734,
    84.26205444335938,
    61.812278747558594,
    43.83707046508789,
    44.27788543701172,
    42.15099334716797,
    58.95586395263672,
    39.660179138183594,
    41.13312911987305,
    37.40423583984375,
    21.527488708496094,
    31.00247573852539,
    29.07029914855957,
    21.791841506958008,
    14.629546165466309,
    14.432348251342773,
    16.086149215698242,
    29.98442268371582,
    18.349300384521484,
    54.44059371948242,
    18.79033088684082,
    21.232158660888672,
    18.156448364257812,
    24.713815689086914,
    20.812437057495117,
    25.57329750061035,
    11.954883575439453,
    19.534822463989258,
    24.746484756469727,
    17.67848014831543,
    16.356361389160156,
    17.2573184967041,
    13.635458946228027,
    15.800450325012207,
    22.939970016479492,
    11.25581169128418,
    9.586895942687988,
    31.2563419342041,
    11.165877342224121,
    16.778730392456055,
    14.936074256896973,
    13.441183090209961,
    14.398828506469727,
    11.983227729797363,
    8.917682647705078,
    22.619985580444336,
    15.187934875488281,
    15.570749282836914,
    14.618452072143555,
    21.453990936279297,
    23.03246307373047,
    16.104087829589844,
    33.18012619018555,
    128.97006225585938,
    25.837535858154297,
    54.47475051879883,
    26.45830726623535,
    36.05461120605469
  ],
  "loss_trace": [
    {
      "step": 0,
      "total": 7.140622461363673,
      "emo": 7.140603065490723,
      "asr": 0.19395872950553894,
      "per": 0.0,
      "lambda_emo": 1.0,
      "lambda_asr": 0.0001,
      "lambda_per": 0.0
    },
    {
      "step": 1,
      "total": 5.341416107019782,
      "emo": 5.341392517089844,
      "asr": 0.23589929938316345,
      "per": 0.026388732716441154,
      "lambda_emo": 1.0,
      "lambda_asr": 0.0001,
      "lambda_per": 0.0
    },
    {
      "step": 2,
      "total": 5.02940961779356,
      "emo": 5.029387474060059,
      "asr": 0.22143733501434326,
      "per": 0.03668401762843132,
      "lambda_emo": 1.0,
      "lambda_asr": 0.0001,
      "lambda_per": 0.0
    },
    {
      "step": 3,
      "total": 4.3827396731898185,
      "emo": 4.382718086242676,
      "asr": 0.2158694714307785,
      "per": 0.041365846991539,
      "lambda_emo": 1.0,
      "lambda_asr": 0.0001,
      "lambda_per": 0.0
    },
    {
      "step": 4,
      "total": 4.407137889209389,
      "emo": 4.4071173667907715,
      "asr": 0.2052241861820221,
      "per": 0.04511450231075287,
      "lambda_emo": 1.0,
      "lambda_asr": 0.0001,
      "lambda_per": 0.0
    },
    {
      "step": 5,
      "total": 3.9599215224593878,
      "emo": 3.9598960876464844,
      "asr": 0.25434812903404236,
      "per": 0.05816088244318962,
      "lambda_emo": 1.0,
      "lambda_asr": 0.0001,
      "lambda_per": 0.0
    },
    {
      "step": 6,
      "total": 3.7529291546285153,
      "emo": 3.7529101371765137,
      "asr": 0.19017452001571655,
      "per": 0.05451912432909012,
      "lambda_emo": 1.0,
      "lambda_asr": 0.0001,
      "lambda_per": 0.0
    },
    {
      "step": 7,
      "total": 3.4824840054273607,
      "emo": 3.4824624061584473,
      "asr": 0.21599268913269043,
      "per": 0.046903230249881744,
      "lambda_emo": 1.0,
      "lambda_asr": 0.0001,
      "lambda_per": 0.0
    },
    {
      "step": 8,
      "total": 3.707217116001248,
      "emo": 3.707197904586792,
      "asr": 0.19211414456367493,
      "per": 0.05263865739107132,
      "lambda_emo": 1.0,
      "lambda_asr": 0.0001,
      "lambda_per": 0.0
    },
    {
      "step": 9,
      "total": 3.2532566259682176,
      "emo": 3.253239393234253,
      "asr": 0.17232733964920044,
      "per": 0.048334114253520966,
      "lambda_emo": 1.0,
      "lambda_asr": 0.0001,
      "lambda_per": 0.0
    },
    {
      "step": 10,
      "total": 3.003120105700195,
      "emo": 3.0031039714813232,
      "asr": 0.16134218871593475,
      "per": 0.06615988910198212,
      "lambda_emo": 1.0,
      "lambda_asr": 0.0001,
      "lambda_per": 0.0
    },
    {
      "step": 11,
      "total": 2.802933084447682,
      "emo": 2.802915096282959,
      "asr": 0.17988164722919464,
      "per": 0.059150226414203644,
      "lambda_emo": 1.0,
      "lambda_asr": 0.0001,
      "lambda_per": 0.0
    },
    {
      "step": 12,
      "total": 2.642101399280131,
      "emo": 2.642082691192627,
      "asr": 0.18708087503910065,
      "per": 0.049059003591537476,
      "lambda_emo": 1.0,
      "lambda_asr": 0.0001,
      "lambda_per": 0.0
    },
    {
      "step": 13,
      "total": 2.4737715622514487,
      "emo": 2.473752737045288,
      "asr": 0.1882520616054535,
      "per": 0.05827763304114342,
      "lambda_emo": 1.0,
      "lambda_asr": 0.0001,
      "lambda_per": 0.0
    },
    {
      "step": 14,
      "total": 2.8193086283564566,
      "emo": 2.8192899227142334,
      "asr": 0.18705642223358154,
      "per": 0.06823094189167023,
      "lambda_emo": 1.0,
      "lambda_asr": 0.0001,
      "lambda_per": 0.0
    },
    {
      "step": 15,
      "total": 2.6641124925613404,
      "emo": 2.664093255996704,
      "asr": 0.1923656463623047,
      "per": 0.0674152821302414,
      "lambda_emo": 1.0,
      "lambda_asr": 0.0001,
      "lambda_per": 0.0
    },
    {
      "step": 16,
      "total": 2.369403412337601,
      "emo": 2.3693881034851074,
      "asr": 0.1530885249376297,
      "per": 0.0738249346613884,
      "lambda_emo": 1.0,
      "lambda_asr": 0.0001,
      "lambda_per": 0.0
    },
    {
      "step": 17,
      "total": 2.1821221644207833,
      "emo": 2.182105779647827,
      "asr": 0.16384772956371307,
      "per": 0.06701415777206421,
      "lambda_emo": 1.0,
      "lambda_asr": 0.0001,
      "lambda_per": 0.0
    },
    {
      "step": 18,
      "total": 2.347836790294945,
      "emo": 2.347818374633789,
      "asr": 0.1841566115617752,
      "per": 0.060729019343853,
      "lambda_emo": 1.0,
      "lambda_asr": 0.0001,
      "lambda_per": 0.0
    },
    {
      "step": 19,
      "total": 2.394841861951351,
      "emo": 2.394822835922241,
      "asr": 0.19026029109954834,
      "per": 0.06437048316001892,
      "lambda_emo": 1.0,
      "lambda_asr": 0.0001,
      "lambda_per": 0.0
    },
    {
      "step": 20,
      "total": 2.2869022299148885,
      "emo": 2.285087823867798,
      "asr": 0.18136917054653168,
      "per": 0.07143416255712509,
      "lambda_emo": 1.0,
      "lambda_asr": 0.01,
      "lambda_per": 1e-05
    },
    {
      "step": 21,
      "total": 2.326418298564404,
      "emo": 2.324660301208496,
      "asr": 0.17574815452098846,
      "per": 0.05158106982707977,
      "lambda_emo": 1.0,
      "lambda_asr": 0.01,
      "lambda_per": 1e-05
    },
    {
      "step": 22,
      "total": 2.2631588551981747,
      "emo": 2.261361598968506,
      "asr": 0.1796540915966034,
      "per": 0.07153137028217316,
      "lambda_emo": 1.0,
      "lambda_asr": 0.01,
      "lambda_per": 1e-05
    },
    {
      "step": 23,
      "total": 2.2868183590498568,
      "emo": 2.2851791381835938,
      "asr": 0.16384762525558472,
      "per": 0.07446137070655823,
      "lambda_emo": 1.0,
      "lambda_asr": 0.01,