{
  "sample_id": "00157_0001_neutral_0001_000256",
  "path": "/data1/lixiang/ESD/CN/0001/Neutral/0001_000256.wav",
  "speaker_id": "0001",
  "ground_truth_emotion": "neutral",
  "target_emotion": "happy",
  "emo_text_clean": [
    "Neutral",
    "\u966a\u4f34\u7684\u6e29\u6696\u8ba9\u9ed1\u591c",
    "\u5f53\u7136\u53ef\u4ee5\u5440\uff0c\u6211\u5728\u8fd9\u91cc\u966a\u7740"
  ],
  "emo_text_adv": [
    "happy",
    "happy",
    "happy"
  ],
  "emo_pred_clean": [
    "neutral",
    "",
    ""
  ],
  "emo_pred_adv": [
    "happy",
    "happy",
    "happy"
  ],
  "asr_text_clean": "\u966a\u4f60",
  "asr_text_adv": "\u966a\u4f60",
  "success_emo": true,
  "wer": 0.0,
  "delta_linf": 0.008000016212463379,
  "delta_l2": 1.5062780380249023,
  "snr_db": 26.287980364721072,
  "grad_norm_trace": [
    508.8124694824219,
    531.29541015625,
    95.39481353759766,
    66.42041015625,
    37.15547561645508,
    49.77875900268555,
    27.377458572387695,
    139.57269287109375,
    40.36983108520508,
    31.508441925048828,
    63.779048919677734,
    67.27218627929688,
    38.649288177490234,
    54.66871643066406,
    52.67412567138672,
    20.51946258544922,
    49.436954498291016,
    30.437644958496094,
    20.86281394958496,
    24.50737762451172,
    36.69247055053711,
    26.38443946838379,
    23.35417938232422,
    29.932147979736328,
    74.17191314697266,
    21.495807647705078,
    24.071701049804688,
    16.7750186920166,
    19.21946907043457,
    17.975923538208008,
    12.106955528259277,
    14.431389808654785,
    13.685805320739746,
    17.075578689575195,
    16.097564697265625,
    11.009613990783691,
    12.711377143859863,
    14.157974243164062,
    41.04559326171875,
    20.247697830200195,
    12.906991004943848,
    34.89006805419922,
    20.87987518310547,
    23.40919303894043,
    15.18319034576416,
    10.495452880859375,
    10.123041152954102,
    16.586158752441406,
    32.03274917602539,
    60.273155212402344,
    25.734989166259766,
    38.126651763916016,
    26.98111915588379,
    30.76329231262207,
    21.105379104614258,
    14.661999702453613,
    14.322362899780273,
    23.941465377807617,
    14.114571571350098,
    37.51688003540039
  ],
  "loss_trace": [
    {
      "step": 0,
      "total": 6.155021251296997,
      "emo": 6.154904842376709,
      "asr": 1.1640892028808594,
      "per": 0.0,
      "lambda_emo": 1.0,
      "lambda_asr": 0.0001,
      "lambda_per": 0.0
    },
    {
      "step": 1,
      "total": 6.06167732104063,
      "emo": 6.0616044998168945,
      "asr": 0.7282122373580933,
      "per": 0.02704770863056183,
      "lambda_emo": 1.0,
      "lambda_asr": 0.0001,
      "lambda_per": 0.0
    },
    {
      "step": 2,
      "total": 4.88464069327116,
      "emo": 4.884594917297363,
      "asr": 0.4577597379684448,
      "per": 0.03605283051729202,
      "lambda_emo": 1.0,
      "lambda_asr": 0.0001,
      "lambda_per": 0.0
    },
    {
      "step": 3,
      "total": 4.1470187780350445,
      "emo": 4.146982192993164,
      "asr": 0.36585041880607605,
      "per": 0.04633645340800285,
      "lambda_emo": 1.0,
      "lambda_asr": 0.0001,
      "lambda_per": 0.0
    },
    {
      "step": 4,
      "total": 3.6439217285633085,
      "emo": 3.6438164710998535,
      "asr": 1.052574634552002,
      "per": 0.05485842749476433,
      "lambda_emo": 1.0,
      "lambda_asr": 0.0001,
      "lambda_per": 0.0
    },
    {
      "step": 5,
      "total": 3.554851104775071,
      "emo": 3.554818630218506,
      "asr": 0.3247455656528473,
      "per": 0.052626095712184906,
      "lambda_emo": 1.0,
      "lambda_asr": 0.0001,
      "lambda_per": 0.0
    },
    {
      "step": 6,
      "total": 3.1474578533768653,
      "emo": 3.1474196910858154,
      "asr": 0.38162291049957275,
      "per": 0.07303634285926819,
      "lambda_emo": 1.0,
      "lambda_asr": 0.0001,
      "lambda_per": 0.0
    },
    {
      "step": 7,
      "total": 3.232125935214758,
      "emo": 3.23209547996521,
      "asr": 0.30455249547958374,
      "per": 0.06173497438430786,
      "lambda_emo": 1.0,
      "lambda_asr": 0.0001,
      "lambda_per": 0.0
    },
    {
      "step": 8,
      "total": 3.379373227763176,
      "emo": 3.379349708557129,
      "asr": 0.23519206047058105,
      "per": 0.06456995010375977,
      "lambda_emo": 1.0,
      "lambda_asr": 0.0001,
      "lambda_per": 0.0
    },
    {
      "step": 9,
      "total": 3.204971851491928,
      "emo": 3.204946279525757,
      "asr": 0.2557196617126465,
      "per": 0.055687736719846725,
      "lambda_emo": 1.0,
      "lambda_asr": 0.0001,
      "lambda_per": 0.0
    },
    {
      "step": 10,
      "total": 3.0882490785181522,
      "emo": 3.0882158279418945,
      "asr": 0.3325057625770569,
      "per": 0.05712523311376572,
      "lambda_emo": 1.0,
      "lambda_asr": 0.0001,
      "lambda_per": 0.0
    },
    {
      "step": 11,
      "total": 2.8870555751472713,
      "emo": 2.8870291709899902,
      "asr": 0.26404157280921936,
      "per": 0.06976325809955597,
      "lambda_emo": 1.0,
      "lambda_asr": 0.0001,
      "lambda_per": 0.0
    },
    {
      "step": 12,
      "total": 2.7271070953279732,
      "emo": 2.727084159851074,
      "asr": 0.22935476899147034,
      "per": 0.06618446111679077,
      "lambda_emo": 1.0,
      "lambda_asr": 0.0001,
      "lambda_per": 0.0
    },
    {
      "step": 13,
      "total": 3.3356602609992025,
      "emo": 3.3356282711029053,
      "asr": 0.31989896297454834,
      "per": 0.05524464696645737,
      "lambda_emo": 1.0,
      "lambda_asr": 0.0001,
      "lambda_per": 0.0
    },
    {
      "step": 14,
      "total": 2.4043485077142717,
      "emo": 2.404294490814209,
      "asr": 0.5401690006256104,
      "per": 0.0602218434214592,
      "lambda_emo": 1.0,
      "lambda_asr": 0.0001,
      "lambda_per": 0.0
    },
    {
      "step": 15,
      "total": 2.2802597022116182,
      "emo": 2.28021240234375,
      "asr": 0.4729986786842346,
      "per": 0.06180686876177788,
      "lambda_emo": 1.0,
      "lambda_asr": 0.0001,
      "lambda_per": 0.0
    },
    {
      "step": 16,
      "total": 2.756180269150436,
      "emo": 2.7561588287353516,
      "asr": 0.2144041508436203,
      "per": 0.06949367374181747,
      "lambda_emo": 1.0,
      "lambda_asr": 0.0001,
      "lambda_per": 0.0
    },
    {
      "step": 17,
      "total": 2.4224205791115763,
      "emo": 2.422384738922119,
      "asr": 0.358401894569397,
      "per": 0.07687486708164215,
      "lambda_emo": 1.0,
      "lambda_asr": 0.0001,
      "lambda_per": 0.0
    },
    {
      "step": 18,
      "total": 2.1402840659558775,
      "emo": 2.1402273178100586,
      "asr": 0.5674814581871033,
      "per": 0.07144409418106079,
      "lambda_emo": 1.0,
      "lambda_asr": 0.0001,
      "lambda_per": 0.0
    },
    {
      "step": 19,
      "total": 1.9535443369567393,
      "emo": 1.9534761905670166,
      "asr": 0.681463897228241,
      "per": 0.056771986186504364,
      "lambda_emo": 1.0,
      "lambda_asr": 0.0001,
      "lambda_per": 0.0
    },
    {
      "step": 20,
      "total": 2.0709471858678756,
      "emo": 2.0658226013183594,
      "asr": 0.5123951435089111,
      "per": 0.06331144273281097,
      "lambda_emo": 1.0,
      "lambda_asr": 0.01,
      "lambda_per": 1e-05
    },
    {
      "step": 21,
      "total": 1.9563790693442522,
      "emo": 1.9509347677230835,
      "asr": 0.5443606376647949,
      "per": 0.06952445209026337,
      "lambda_emo": 1.0,
      "lambda_asr": 0.01,
      "lambda_per": 1e-05
    },
    {
      "step": 22,
      "total": 1.9757445279016346,
      "emo": 1.9710811376571655,
      "asr": 0.4662708044052124,
      "per": 0.06822004169225693,
      "lambda_emo": 1.0,
      "lambda_asr": 0.01,
      "lambda_per": 1e-05
    },
    {
      "step": 23,
      "total": 1.7636703416126966,
      "emo": 1.7579667568206787,
      "asr": 0.5703016519546509,
      "per": 0.05682724714279175,
      "lambda_emo": 1.0,
      "lambda_asr": 0.01,