{
  "sample_id": "00165_0001_neutral_0001_000065",
  "path": "/data1/lixiang/ESD/CN/0001/Neutral/0001_000065.wav",
  "speaker_id": "0001",
  "ground_truth_emotion": "neutral",
  "target_emotion": "happy",
  "emo_text_clean": [
    "Neutral",
    "Neutral",
    "\u55ef\uff0c\u73b0\u5728\u6700\u91cd\u8981"
  ],
  "emo_text_adv": [
    "Happy",
    "happy",
    "happy"
  ],
  "emo_pred_clean": [
    "neutral",
    "neutral",
    ""
  ],
  "emo_pred_adv": [
    "happy",
    "happy",
    "happy"
  ],
  "asr_text_clean": "\u73b0\u5728\u6700\u91cd\u8981",
  "asr_text_adv": "\u4e00\u70b9\u4e5f\u4e0d\u9519",
  "success_emo": true,
  "wer": 1.0,
  "delta_linf": 0.008000016212463379,
  "delta_l2": 1.6911102533340454,
  "snr_db": 24.141013099419297,
  "grad_norm_trace": [
    240.2663116455078,
    64.95195007324219,
    79.18202209472656,
    43.551570892333984,
    52.924991607666016,
    51.16154098510742,
    55.81653594970703,
    36.52352523803711,
    39.712135314941406,
    33.313385009765625,
    34.72682189941406,
    26.808467864990234,
    36.54402542114258,
    24.35097885131836,
    33.44456100463867,
    29.759775161743164,
    33.09697341918945,
    20.42605209350586,
    62.515586853027344,
    22.028488159179688,
    17.79798698425293,
    27.650474548339844,
    39.65559768676758,
    32.26230239868164,
    30.948272705078125,
    24.51671028137207,
    23.56779670715332,
    722.18408203125,
    44.23218536376953,
    20.519458770751953,
    23.964887619018555,
    30.690078735351562,
    32.79515075683594,
    19.260215759277344,
    38.61417007446289,
    37.30989074707031,
    15.83942699432373,
    33.96592712402344,
    91.44136810302734,
    24.9645938873291,
    29.059389114379883,
    17.828290939331055,
    15.43974494934082,
    16.261600494384766,
    9.3325834274292,
    19.65036392211914,
    12.314192771911621,
    12.83098030090332,
    18.560993194580078,
    23.97751808166504,
    22.775070190429688,
    17.450660705566406,
    15.591328620910645,
    52.209720611572266,
    15.891729354858398,
    25.42181968688965,
    21.927711486816406,
    14.789238929748535,
    19.88196563720703,
    27.554201126098633
  ],
  "loss_trace": [
    {
      "step": 0,
      "total": 10.25260471199751,
      "emo": 10.252459526062012,
      "asr": 1.4518593549728394,
      "per": 0.0,
      "lambda_emo": 1.0,
      "lambda_asr": 0.0001,
      "lambda_per": 0.0
    },
    {
      "step": 1,
      "total": 7.1323523521780965,
      "emo": 7.132180690765381,
      "asr": 1.7166141271591187,
      "per": 0.021787460893392563,
      "lambda_emo": 1.0,
      "lambda_asr": 0.0001,
      "lambda_per": 0.0
    },
    {
      "step": 2,
      "total": 6.630019455575943,
      "emo": 6.6298112869262695,
      "asr": 2.081686496734619,
      "per": 0.048501186072826385,
      "lambda_emo": 1.0,
      "lambda_asr": 0.0001,
      "lambda_per": 0.0
    },
    {
      "step": 3,
      "total": 6.15310364010334,
      "emo": 6.152925491333008,
      "asr": 1.7814877033233643,
      "per": 0.06393806636333466,
      "lambda_emo": 1.0,
      "lambda_asr": 0.0001,
      "lambda_per": 0.0
    },
    {
      "step": 4,
      "total": 5.365317674827575,
      "emo": 5.36512565612793,
      "asr": 1.920186996459961,
      "per": 0.07027580589056015,
      "lambda_emo": 1.0,
      "lambda_asr": 0.0001,
      "lambda_per": 0.0
    },
    {
      "step": 5,
      "total": 5.2893819876432415,
      "emo": 5.289174556732178,
      "asr": 2.0743091106414795,
      "per": 0.06972616910934448,
      "lambda_emo": 1.0,
      "lambda_asr": 0.0001,
      "lambda_per": 0.0
    },
    {
      "step": 6,
      "total": 5.249743572854996,
      "emo": 5.24951696395874,
      "asr": 2.2660889625549316,
      "per": 0.06483982503414154,
      "lambda_emo": 1.0,
      "lambda_asr": 0.0001,
      "lambda_per": 0.0
    },
    {
      "step": 7,
      "total": 4.784296433711052,
      "emo": 4.78408145904541,
      "asr": 2.1497466564178467,
      "per": 0.07492060959339142,
      "lambda_emo": 1.0,
      "lambda_asr": 0.0001,
      "lambda_per": 0.0
    },
    {
      "step": 8,
      "total": 4.650905529403687,
      "emo": 4.650655746459961,
      "asr": 2.4978294372558594,
      "per": 0.0647229477763176,
      "lambda_emo": 1.0,
      "lambda_asr": 0.0001,
      "lambda_per": 0.0
    },
    {
      "step": 9,
      "total": 3.966890441656113,
      "emo": 3.96665096282959,
      "asr": 2.3947882652282715,
      "per": 0.05156151205301285,
      "lambda_emo": 1.0,
      "lambda_asr": 0.0001,
      "lambda_per": 0.0
    },
    {
      "step": 10,
      "total": 4.034920551013947,
      "emo": 4.034663200378418,
      "asr": 2.5735063552856445,
      "per": 0.07376307994127274,
      "lambda_emo": 1.0,
      "lambda_asr": 0.0001,
      "lambda_per": 0.0
    },
    {
      "step": 11,
      "total": 3.7449099806308745,
      "emo": 3.7446346282958984,
      "asr": 2.753523349761963,
      "per": 0.07076665014028549,
      "lambda_emo": 1.0,
      "lambda_asr": 0.0001,
      "lambda_per": 0.0
    },
    {
      "step": 12,
      "total": 3.42083649725914,
      "emo": 3.4205260276794434,
      "asr": 3.1046957969665527,
      "per": 0.05250827595591545,
      "lambda_emo": 1.0,
      "lambda_asr": 0.0001,
      "lambda_per": 0.0
    },
    {
      "step": 13,
      "total": 2.930699144053459,
      "emo": 2.9303879737854004,
      "asr": 3.1117026805877686,
      "per": 0.06928149610757828,
      "lambda_emo": 1.0,
      "lambda_asr": 0.0001,
      "lambda_per": 0.0
    },
    {
      "step": 14,
      "total": 2.7384765872478485,
      "emo": 2.7381386756896973,
      "asr": 3.379115581512451,
      "per": 0.06962883472442627,
      "lambda_emo": 1.0,
      "lambda_asr": 0.0001,
      "lambda_per": 0.0
    },
    {
      "step": 15,
      "total": 3.056932231473923,
      "emo": 3.0566318035125732,
      "asr": 3.004279613494873,
      "per": 0.07575419545173645,
      "lambda_emo": 1.0,
      "lambda_asr": 0.0001,
      "lambda_per": 0.0
    },
    {
      "step": 16,
      "total": 2.5352126650333404,
      "emo": 2.5348563194274902,
      "asr": 3.5634560585021973,
      "per": 0.07105469703674316,
      "lambda_emo": 1.0,
      "lambda_asr": 0.0001,
      "lambda_per": 0.0
    },
    {
      "step": 17,
      "total": 2.3036555798769,
      "emo": 2.303278684616089,
      "asr": 3.7689526081085205,
      "per": 0.05501524731516838,
      "lambda_emo": 1.0,
      "lambda_asr": 0.0001,
      "lambda_per": 0.0
    },
    {
      "step": 18,
      "total": 2.3816755274534227,
      "emo": 2.381319761276245,
      "asr": 3.557661771774292,
      "per": 0.06517931818962097,
      "lambda_emo": 1.0,
      "lambda_asr": 0.0001,
      "lambda_per": 0.0
    },
    {
      "step": 19,
      "total": 2.4249625445365908,
      "emo": 2.424581289291382,
      "asr": 3.8125524520874023,
      "per": 0.07451143860816956,
      "lambda_emo": 1.0,
      "lambda_asr": 0.0001,
      "lambda_per": 0.0
    },
    {
      "step": 20,
      "total": 2.334508008361012,
      "emo": 2.293391227722168,
      "asr": 4.111601829528809,
      "per": 0.0762343555688858,
      "lambda_emo": 1.0,
      "lambda_asr": 0.01,
      "lambda_per": 1e-05
    },
    {
      "step": 21,
      "total": 2.3088069997766616,
      "emo": 2.2656021118164062,
      "asr": 4.32041072845459,
      "per": 0.07806757092475891,
      "lambda_emo": 1.0,
      "lambda_asr": 0.01,
      "lambda_per": 1e-05
    },
    {
      "step": 22,
      "total": 2.5048471535938233,
      "emo": 2.4669625759124756,
      "asr": 3.7883834838867188,
      "per": 0.07428424805402756,
      "lambda_emo": 1.0,
      "lambda_asr": 0.01,
      "lambda_per": 1e-05
    },
    {
      "step": 23,
      "total": 2.5891431459695844,
      "emo": 2.5511398315429688,
      "asr": 3.80027174949646,
      "per": 0.05969316512346268,
      "lambda_emo": 1.0,
      "lambda_asr": 0.01,
      "lambda_per": 1e-05
    },
    {
      "step": 24,