{
  "sample_id": "00179_0001_neutral_0001_000089",
  "path": "/data1/lixiang/ESD/CN/0001/Neutral/0001_000089.wav",
  "speaker_id": "0001",
  "ground_truth_emotion": "neutral",
  "target_emotion": "happy",
  "emo_text_clean": [
    "Neutral",
    "Neutral",
    "\u662f\u5440\uff0c\u51b0\u6dc7\u6dcb"
  ],
  "emo_text_adv": [
    "happy",
    "happy",
    "happy"
  ],
  "emo_pred_clean": [
    "neutral",
    "neutral",
    ""
  ],
  "emo_pred_adv": [
    "happy",
    "happy",
    "happy"
  ],
  "asr_text_clean": "\u662f\u7684\uff0c\u51b0\u6dc7\u6dcb",
  "asr_text_adv": "\u8fd9\u4e2a\u51b0\u6dc7\u6dcb",
  "success_emo": true,
  "wer": 1.0,
  "delta_linf": 0.008000016212463379,
  "delta_l2": 1.6779028177261353,
  "snr_db": 22.29912686079617,
  "grad_norm_trace": [
    266.0492248535156,
    170.46160888671875,
    122.1572494506836,
    46.230281829833984,
    31.53631591796875,
    38.58005142211914,
    25.52341651916504,
    13.16874885559082,
    33.324005126953125,
    26.208297729492188,
    28.101163864135742,
    18.765674591064453,
    20.678205490112305,
    23.207378387451172,
    19.674741744995117,
    17.93254852294922,
    27.289836883544922,
    14.19590950012207,
    15.043296813964844,
    17.406097412109375,
    13.387441635131836,
    27.824573516845703,
    20.29143714904785,
    78.17481231689453,
    19.55329132080078,
    16.074525833129883,
    14.67406177520752,
    12.311652183532715,
    27.40782928466797,
    12.59255599975586,
    62.83649444580078,
    23.923418045043945,
    18.38503646850586,
    17.687559127807617,
    16.20484161376953,
    21.584611892700195,
    13.97291088104248,
    62.105430603027344,
    107.28618621826172,
    18.81267547607422,
    23.150177001953125,
    16.320201873779297,
    22.480785369873047,
    17.894855499267578,
    19.11435317993164,
    25.166332244873047,
    44.19206237792969,
    17.97737693786621,
    29.301515579223633,
    21.55750274658203,
    58.454017639160156,
    22.087602615356445,
    18.21885871887207,
    20.63969612121582,
    19.3317928314209,
    40.19395446777344,
    32.852882385253906,
    28.776844024658203,
    21.79348373413086,
    19.594430923461914
  ],
  "loss_trace": [
    {
      "step": 0,
      "total": 4.998903611838817,
      "emo": 4.99884557723999,
      "asr": 0.5803459882736206,
      "per": 0.0,
      "lambda_emo": 1.0,
      "lambda_asr": 0.0001,
      "lambda_per": 0.0
    },
    {
      "step": 1,
      "total": 3.898442018121481,
      "emo": 3.898383140563965,
      "asr": 0.5887755751609802,
      "per": 0.02577505074441433,
      "lambda_emo": 1.0,
      "lambda_asr": 0.0001,
      "lambda_per": 0.0
    },
    {
      "step": 2,
      "total": 3.428554753661156,
      "emo": 3.4284987449645996,
      "asr": 0.5600869655609131,
      "per": 0.04111184924840927,
      "lambda_emo": 1.0,
      "lambda_asr": 0.0001,
      "lambda_per": 0.0
    },
    {
      "step": 3,
      "total": 3.3559382503926756,
      "emo": 3.355870008468628,
      "asr": 0.6824192404747009,
      "per": 0.047253020107746124,
      "lambda_emo": 1.0,
      "lambda_asr": 0.0001,
      "lambda_per": 0.0
    },
    {
      "step": 4,
      "total": 2.5898947014212608,
      "emo": 2.589829683303833,
      "asr": 0.6501811742782593,
      "per": 0.04885576292872429,
      "lambda_emo": 1.0,
      "lambda_asr": 0.0001,
      "lambda_per": 0.0
    },
    {
      "step": 5,
      "total": 2.771054613393545,
      "emo": 2.7709949016571045,
      "asr": 0.5971173644065857,
      "per": 0.06644077599048615,
      "lambda_emo": 1.0,
      "lambda_asr": 0.0001,
      "lambda_per": 0.0
    },
    {
      "step": 6,
      "total": 2.3435727681577205,
      "emo": 2.3435072898864746,
      "asr": 0.6547827124595642,
      "per": 0.049653004854917526,
      "lambda_emo": 1.0,
      "lambda_asr": 0.0001,
      "lambda_per": 0.0
    },
    {
      "step": 7,
      "total": 2.2726898178637027,
      "emo": 2.272618055343628,
      "asr": 0.7176252007484436,
      "per": 0.06018541380763054,
      "lambda_emo": 1.0,
      "lambda_asr": 0.0001,
      "lambda_per": 0.0
    },
    {
      "step": 8,
      "total": 2.2453641067266465,
      "emo": 2.245302677154541,
      "asr": 0.6142957210540771,
      "per": 0.05110682547092438,
      "lambda_emo": 1.0,
      "lambda_asr": 0.0001,
      "lambda_per": 0.0
    },
    {
      "step": 9,
      "total": 2.4307363168656826,
      "emo": 2.4306697845458984,
      "asr": 0.6653231978416443,
      "per": 0.0587722584605217,
      "lambda_emo": 1.0,
      "lambda_asr": 0.0001,
      "lambda_per": 0.0
    },
    {
      "step": 10,
      "total": 2.0805076020121573,
      "emo": 2.0804362297058105,
      "asr": 0.7137230634689331,
      "per": 0.06292515993118286,
      "lambda_emo": 1.0,
      "lambda_asr": 0.0001,
      "lambda_per": 0.0
    },
    {
      "step": 11,
      "total": 2.285411528265476,
      "emo": 2.285330295562744,
      "asr": 0.8123270273208618,
      "per": 0.07669718563556671,
      "lambda_emo": 1.0,
      "lambda_asr": 0.0001,
      "lambda_per": 0.0
    },
    {
      "step": 12,
      "total": 2.071055059456825,
      "emo": 2.070967674255371,
      "asr": 0.873852014541626,
      "per": 0.05601578578352928,
      "lambda_emo": 1.0,
      "lambda_asr": 0.0001,
      "lambda_per": 0.0
    },
    {
      "step": 13,
      "total": 1.9124893726944923,
      "emo": 1.9124126434326172,
      "asr": 0.7672926187515259,
      "per": 0.056380495429039,
      "lambda_emo": 1.0,
      "lambda_asr": 0.0001,
      "lambda_per": 0.0
    },
    {
      "step": 14,
      "total": 2.09292920743227,
      "emo": 2.092855930328369,
      "asr": 0.7327710390090942,
      "per": 0.052884601056575775,
      "lambda_emo": 1.0,
      "lambda_asr": 0.0001,
      "lambda_per": 0.0
    },
    {
      "step": 15,
      "total": 1.9383791544139386,
      "emo": 1.9383043050765991,
      "asr": 0.7484933733940125,
      "per": 0.06755857169628143,
      "lambda_emo": 1.0,
      "lambda_asr": 0.0001,
      "lambda_per": 0.0
    },
    {
      "step": 16,
      "total": 1.8055040328502654,
      "emo": 1.8054221868515015,
      "asr": 0.8184599876403809,
      "per": 0.056977152824401855,
      "lambda_emo": 1.0,
      "lambda_asr": 0.0001,
      "lambda_per": 0.0
    },
    {
      "step": 17,
      "total": 2.035596952903271,
      "emo": 2.035531759262085,
      "asr": 0.651936411857605,
      "per": 0.07061948627233505,
      "lambda_emo": 1.0,
      "lambda_asr": 0.0001,
      "lambda_per": 0.0
    },
    {
      "step": 18,
      "total": 1.9370920570373535,
      "emo": 1.9370324611663818,
      "asr": 0.5959587097167969,
      "per": 0.07553117722272873,
      "lambda_emo": 1.0,
      "lambda_asr": 0.0001,
      "lambda_per": 0.0
    },
    {
      "step": 19,
      "total": 1.7309329679965972,
      "emo": 1.7308404445648193,
      "asr": 0.925234317779541,
      "per": 0.05567130446434021,
      "lambda_emo": 1.0,
      "lambda_asr": 0.0001,
      "lambda_per": 0.0
    },
    {
      "step": 20,
      "total": 1.748248285625428,
      "emo": 1.7401323318481445,
      "asr": 0.8115368485450745,
      "per": 0.05852918326854706,
      "lambda_emo": 1.0,
      "lambda_asr": 0.01,
      "lambda_per": 1e-05
    },
    {
      "step": 21,
      "total": 1.9136476077648625,
      "emo": 1.9052647352218628,
      "asr": 0.8382262587547302,
      "per": 0.060995545238256454,
      "lambda_emo": 1.0,
      "lambda_asr": 0.01,
      "lambda_per": 1e-05
    },
    {
      "step": 22,
      "total": 1.81007821213454,
      "emo": 1.8018367290496826,
      "asr": 0.8240853548049927,
      "per": 0.06295368075370789,
      "lambda_emo": 1.0,
      "lambda_asr": 0.01,
      "lambda_per": 1e-05
    },
    {
      "step": 23,
      "total": 2.039671036153734,
      "emo": 2.031229019165039,
      "asr": 0.844131350517273,
      "per": 0.0703483521938324,
      "lambda_emo": 1.0,
      "lambda_asr": 0.01,