{
  "sample_id": "00220_0001_sad_0001_001252",
  "path": "/data1/lixiang/ESD/CN/0001/Sad/0001_001252.wav",
  "speaker_id": "0001",
  "ground_truth_emotion": "sad",
  "target_emotion": "happy",
  "emo_text_clean": [
    "Sad",
    "Sad",
    "\u522b\u6015\uff0c\u6211\u5728\u8fd9\u91cc\u966a\u7740"
  ],
  "emo_text_adv": [
    "happy",
    "happy",
    "happy"
  ],
  "emo_pred_clean": [
    "sad",
    "sad",
    ""
  ],
  "emo_pred_adv": [
    "happy",
    "happy",
    "happy"
  ],
  "asr_text_clean": "\u522b\u6015\uff0c\u6211\u5728\u8fd9\u91cc\u966a\u7740",
  "asr_text_adv": "\u90a3\uff0c\u4e00\u4f1a\u513f\u54b1\u518d\u8bf4\uff0c\u6211\u7231\u3002",
  "success_emo": true,
  "wer": 1.0,
  "delta_linf": 0.008000016212463379,
  "delta_l2": 1.7132648229599,
  "snr_db": 28.84099927446874,
  "grad_norm_trace": [
    69.5265884399414,
    228.63209533691406,
    86.97871398925781,
    70.95675659179688,
    30.688827514648438,
    187.8878936767578,
    69.29891967773438,
    27.804874420166016,
    20.32967185974121,
    39.66844177246094,
    49.369815826416016,
    24.48248863220215,
    34.719383239746094,
    28.38951873779297,
    26.886882781982422,
    28.092477798461914,
    24.871000289916992,
    14.567837715148926,
    14.578717231750488,
    28.2718563079834,
    24.218332290649414,
    23.793537139892578,
    16.559968948364258,
    19.76537322998047,
    51.556182861328125,
    17.881887435913086,
    16.995092391967773,
    30.532928466796875,
    15.981966018676758,
    19.76397132873535,
    26.760011672973633,
    23.67221450805664,
    37.16693878173828,
    22.12102699279785,
    16.642108917236328,
    15.270426750183105,
    13.752416610717773,
    43.83183288574219,
    44.007293701171875,
    32.47888946533203,
    20.983278274536133,
    30.56861114501953,
    22.648998260498047,
    19.170429229736328,
    12.430627822875977,
    17.142683029174805,
    16.93560028076172,
    12.081033706665039,
    32.418907165527344,
    36.75175476074219,
    19.813053131103516,
    15.234130859375,
    28.963876724243164,
    12.746477127075195,
    17.876052856445312,
    27.62938117980957,
    31.495718002319336,
    44.81720733642578,
    43.77925491333008,
    36.62251281738281
  ],
  "loss_trace": [
    {
      "step": 0,
      "total": 11.301360295157135,
      "emo": 11.30134105682373,
      "asr": 0.19238333404064178,
      "per": 0.0,
      "lambda_emo": 1.0,
      "lambda_asr": 0.0001,
      "lambda_per": 0.0
    },
    {
      "step": 1,
      "total": 7.810910586550832,
      "emo": 7.8108649253845215,
      "asr": 0.45661166310310364,
      "per": 0.02747873030602932,
      "lambda_emo": 1.0,
      "lambda_asr": 0.0001,
      "lambda_per": 0.0
    },
    {
      "step": 2,
      "total": 5.180684561276436,
      "emo": 5.18060827255249,
      "asr": 0.7628872394561768,
      "per": 0.035787709057331085,
      "lambda_emo": 1.0,
      "lambda_asr": 0.0001,
      "lambda_per": 0.0
    },
    {
      "step": 3,
      "total": 4.733951890397072,
      "emo": 4.733822822570801,
      "asr": 1.2906782627105713,
      "per": 0.04754781723022461,
      "lambda_emo": 1.0,
      "lambda_asr": 0.0001,
      "lambda_per": 0.0
    },
    {
      "step": 4,
      "total": 4.061358572924137,
      "emo": 4.061241149902344,
      "asr": 1.1742302179336548,
      "per": 0.06371621787548065,
      "lambda_emo": 1.0,
      "lambda_asr": 0.0001,
      "lambda_per": 0.0
    },
    {
      "step": 5,
      "total": 4.077411960655451,
      "emo": 4.077325820922852,
      "asr": 0.8613973259925842,
      "per": 0.04805059731006622,
      "lambda_emo": 1.0,
      "lambda_asr": 0.0001,
      "lambda_per": 0.0
    },
    {
      "step": 6,
      "total": 4.1812117941975595,
      "emo": 4.181060791015625,
      "asr": 1.510031819343567,
      "per": 0.0593172162771225,
      "lambda_emo": 1.0,
      "lambda_asr": 0.0001,
      "lambda_per": 0.0
    },
    {
      "step": 7,
      "total": 3.869452549278736,
      "emo": 3.8693180084228516,
      "asr": 1.34540855884552,
      "per": 0.07100076228380203,
      "lambda_emo": 1.0,
      "lambda_asr": 0.0001,
      "lambda_per": 0.0
    },
    {
      "step": 8,
      "total": 3.4004233439922333,
      "emo": 3.4002914428710938,
      "asr": 1.3190112113952637,
      "per": 0.05123826116323471,
      "lambda_emo": 1.0,
      "lambda_asr": 0.0001,
      "lambda_per": 0.0
    },
    {
      "step": 9,
      "total": 3.2803912554383277,
      "emo": 3.280280590057373,
      "asr": 1.1066538095474243,
      "per": 0.0633620098233223,
      "lambda_emo": 1.0,
      "lambda_asr": 0.0001,
      "lambda_per": 0.0
    },
    {
      "step": 10,
      "total": 3.1960662330031395,
      "emo": 3.1959495544433594,
      "asr": 1.1667855978012085,
      "per": 0.05178004130721092,
      "lambda_emo": 1.0,
      "lambda_asr": 0.0001,
      "lambda_per": 0.0
    },
    {
      "step": 11,
      "total": 2.8092137399315833,
      "emo": 2.8090853691101074,
      "asr": 1.2837082147598267,
      "per": 0.06410734355449677,
      "lambda_emo": 1.0,
      "lambda_asr": 0.0001,
      "lambda_per": 0.0
    },
    {
      "step": 12,
      "total": 3.20991576615572,
      "emo": 3.209777355194092,
      "asr": 1.384109616279602,
      "per": 0.07391749322414398,
      "lambda_emo": 1.0,
      "lambda_asr": 0.0001,
      "lambda_per": 0.0
    },
    {
      "step": 13,
      "total": 2.569063144981861,
      "emo": 2.56894588470459,
      "asr": 1.1726027727127075,
      "per": 0.059062086045742035,
      "lambda_emo": 1.0,
      "lambda_asr": 0.0001,
      "lambda_per": 0.0
    },
    {
      "step": 14,
      "total": 2.502446358346939,
      "emo": 2.5023207664489746,
      "asr": 1.2559189796447754,
      "per": 0.07517218589782715,
      "lambda_emo": 1.0,
      "lambda_asr": 0.0001,
      "lambda_per": 0.0
    },
    {
      "step": 15,
      "total": 2.397628856897354,
      "emo": 2.397487163543701,
      "asr": 1.416933536529541,
      "per": 0.05756032466888428,
      "lambda_emo": 1.0,
      "lambda_asr": 0.0001,
      "lambda_per": 0.0
    },
    {
      "step": 16,
      "total": 2.533506428682804,
      "emo": 2.5333786010742188,
      "asr": 1.2782760858535767,
      "per": 0.06380128860473633,
      "lambda_emo": 1.0,
      "lambda_asr": 0.0001,
      "lambda_per": 0.0
    },
    {
      "step": 17,
      "total": 2.2929257749199867,
      "emo": 2.2927961349487305,
      "asr": 1.296399712562561,
      "per": 0.07212704420089722,
      "lambda_emo": 1.0,
      "lambda_asr": 0.0001,
      "lambda_per": 0.0
    },
    {
      "step": 18,
      "total": 2.2361294900894166,
      "emo": 2.235996723175049,
      "asr": 1.3276691436767578,
      "per": 0.06270916014909744,
      "lambda_emo": 1.0,
      "lambda_asr": 0.0001,
      "lambda_per": 0.0
    },
    {
      "step": 19,
      "total": 2.4084554690957067,
      "emo": 2.408313512802124,
      "asr": 1.4195629358291626,
      "per": 0.057907141745090485,
      "lambda_emo": 1.0,
      "lambda_asr": 0.0001,
      "lambda_per": 0.0
    },
    {
      "step": 20,
      "total": 1.8856550050131977,
      "emo": 1.8705947399139404,
      "asr": 1.5059738159179688,
      "per": 0.05269400775432587,
      "lambda_emo": 1.0,
      "lambda_asr": 0.01,
      "lambda_per": 1e-05
    },
    {
      "step": 21,
      "total": 1.8244072652678194,
      "emo": 1.809152364730835,
      "asr": 1.52542245388031,
      "per": 0.067599818110466,
      "lambda_emo": 1.0,
      "lambda_asr": 0.01,
      "lambda_per": 1e-05
    },
    {
      "step": 22,
      "total": 1.7994850877678394,
      "emo": 1.7853115797042847,
      "asr": 1.4172784090042114,
      "per": 0.07239735126495361,
      "lambda_emo": 1.0,
      "lambda_asr": 0.01,
      "lambda_per": 1e-05
    },
    {
      "step": 23,
      "total": 1.7096806565105545,
      "emo": 1.694103479385376,
      "asr": 1.5576566457748413,
      "per": 0.06106674298644066,
      "lambda_emo": 1.0,
      "lambda_asr": 0.01,