{
  "sample_id": "00222_0001_sad_0001_001091",
  "path": "/data1/lixiang/ESD/CN/0001/Sad/0001_001091.wav",
  "speaker_id": "0001",
  "ground_truth_emotion": "sad",
  "target_emotion": "happy",
  "emo_text_clean": [
    "Sad",
    "Sad",
    "\u597d\u7684\uff0c\u6211\u660e\u767d\u4e86\uff0c\u4f60\u5148\u5fd9\u5427\uff0c\u6709\u7a7a\u518d\u804a\u3002"
  ],
  "emo_text_adv": [
    "Happy",
    "happy",
    "happy"
  ],
  "emo_pred_clean": [
    "sad",
    "sad",
    ""
  ],
  "emo_pred_adv": [
    "happy",
    "happy",
    "happy"
  ],
  "asr_text_clean": "\u4f60\u542c\u8d77\u6765",
  "asr_text_adv": "\u5929\u4e0a\u7684\u661f\u661f\u4e00\u95ea",
  "success_emo": true,
  "wer": 1.0,
  "delta_linf": 0.008000016212463379,
  "delta_l2": 1.6676411628723145,
  "snr_db": 23.776646456021254,
  "grad_norm_trace": [
    233.0340576171875,
    127.24314880371094,
    1601.5167236328125,
    143.25909423828125,
    223.570556640625,
    150.2002410888672,
    43.66554260253906,
    61.441627502441406,
    34.50773239135742,
    31.382553100585938,
    19.49314308166504,
    21.30417823791504,
    27.65647315979004,
    22.981088638305664,
    21.46792984008789,
    25.080718994140625,
    16.726675033569336,
    14.114246368408203,
    31.100582122802734,
    17.664196014404297,
    25.30107879638672,
    18.217287063598633,
    17.30558204650879,
    21.659561157226562,
    19.009965896606445,
    55.32602310180664,
    21.427358627319336,
    36.6071891784668,
    30.39703941345215,
    24.017057418823242,
    36.6352424621582,
    19.025320053100586,
    49.41611099243164,
    12.228010177612305,
    15.473876953125,
    11.372696876525879,
    11.709585189819336,
    14.132743835449219,
    19.946622848510742,
    13.736260414123535,
    11.554533958435059,
    11.988763809204102,
    19.89830207824707,
    23.059350967407227,
    19.278095245361328,
    13.949178695678711,
    19.388671875,
    24.5550479888916,
    15.14039134979248,
    18.806346893310547,
    14.988089561462402,
    16.397438049316406,
    39.82556915283203,
    16.28441047668457,
    17.059574127197266,
    12.619970321655273,
    12.138254165649414,
    21.279142379760742,
    30.700042724609375,
    19.119937896728516
  ],
  "loss_trace": [
    {
      "step": 0,
      "total": 12.631910305142403,
      "emo": 12.631759643554688,
      "asr": 1.5066158771514893,
      "per": 0.0,
      "lambda_emo": 1.0,
      "lambda_asr": 0.0001,
      "lambda_per": 0.0
    },
    {
      "step": 1,
      "total": 11.88348567929268,
      "emo": 11.883316040039062,
      "asr": 1.69639253616333,
      "per": 0.025716690346598625,
      "lambda_emo": 1.0,
      "lambda_asr": 0.0001,
      "lambda_per": 0.0
    },
    {
      "step": 2,
      "total": 9.634059938037396,
      "emo": 9.633905410766602,
      "asr": 1.545272707939148,
      "per": 0.03850198909640312,
      "lambda_emo": 1.0,
      "lambda_asr": 0.0001,
      "lambda_per": 0.0
    },
    {
      "step": 3,
      "total": 6.832217872333526,
      "emo": 6.831940650939941,
      "asr": 2.772213935852051,
      "per": 0.059510327875614166,
      "lambda_emo": 1.0,
      "lambda_asr": 0.0001,
      "lambda_per": 0.0
    },
    {
      "step": 4,
      "total": 5.386639531803131,
      "emo": 5.386349678039551,
      "asr": 2.8985376358032227,
      "per": 0.048326194286346436,
      "lambda_emo": 1.0,
      "lambda_asr": 0.0001,
      "lambda_per": 0.0
    },
    {
      "step": 5,
      "total": 4.144406214809417,
      "emo": 4.144082069396973,
      "asr": 3.2414541244506836,
      "per": 0.05610717460513115,
      "lambda_emo": 1.0,
      "lambda_asr": 0.0001,
      "lambda_per": 0.0
    },
    {
      "step": 6,
      "total": 3.88012466006279,
      "emo": 3.879768133163452,
      "asr": 3.5652689933776855,
      "per": 0.05493323504924774,
      "lambda_emo": 1.0,
      "lambda_asr": 0.0001,
      "lambda_per": 0.0
    },
    {
      "step": 7,
      "total": 3.3839621272087097,
      "emo": 3.383578300476074,
      "asr": 3.8382673263549805,
      "per": 0.05268249660730362,
      "lambda_emo": 1.0,
      "lambda_asr": 0.0001,
      "lambda_per": 0.0
    },
    {
      "step": 8,
      "total": 3.6773223589897155,
      "emo": 3.676997661590576,
      "asr": 3.246973991394043,
      "per": 0.05979004502296448,
      "lambda_emo": 1.0,
      "lambda_asr": 0.0001,
      "lambda_per": 0.0
    },
    {
      "step": 9,
      "total": 2.898959066963196,
      "emo": 2.8985977172851562,
      "asr": 3.613496780395508,
      "per": 0.056904908269643784,
      "lambda_emo": 1.0,
      "lambda_asr": 0.0001,
      "lambda_per": 0.0
    },
    {
      "step": 10,
      "total": 3.0665500673770905,
      "emo": 3.0661981105804443,
      "asr": 3.5195679664611816,
      "per": 0.07461389154195786,
      "lambda_emo": 1.0,
      "lambda_asr": 0.0001,
      "lambda_per": 0.0
    },
    {
      "step": 11,
      "total": 2.504652022981644,
      "emo": 2.504275321960449,
      "asr": 3.76701021194458,
      "per": 0.06946741789579391,
      "lambda_emo": 1.0,
      "lambda_asr": 0.0001,
      "lambda_per": 0.0
    },
    {
      "step": 12,
      "total": 2.681382848262787,
      "emo": 2.6810474395751953,
      "asr": 3.3540868759155273,
      "per": 0.07271324098110199,
      "lambda_emo": 1.0,
      "lambda_asr": 0.0001,
      "lambda_per": 0.0
    },
    {
      "step": 13,
      "total": 2.372167851924896,
      "emo": 2.371793031692505,
      "asr": 3.748202323913574,
      "per": 0.07009201496839523,
      "lambda_emo": 1.0,
      "lambda_asr": 0.0001,
      "lambda_per": 0.0
    },
    {
      "step": 14,
      "total": 2.1794096292972567,
      "emo": 2.179030179977417,
      "asr": 3.7944931983947754,
      "per": 0.06406816095113754,
      "lambda_emo": 1.0,
      "lambda_asr": 0.0001,
      "lambda_per": 0.0
    },
    {
      "step": 15,
      "total": 2.310331649065018,
      "emo": 2.3100147247314453,
      "asr": 3.169243335723877,
      "per": 0.063003771007061,
      "lambda_emo": 1.0,
      "lambda_asr": 0.0001,
      "lambda_per": 0.0
    },
    {
      "step": 16,
      "total": 2.2503332655906676,
      "emo": 2.2500181198120117,
      "asr": 3.1514577865600586,
      "per": 0.06614884734153748,
      "lambda_emo": 1.0,
      "lambda_asr": 0.0001,
      "lambda_per": 0.0
    },
    {
      "step": 17,
      "total": 2.106783992767334,
      "emo": 2.1064817905426025,
      "asr": 3.022022247314453,
      "per": 0.06366252154111862,
      "lambda_emo": 1.0,
      "lambda_asr": 0.0001,
      "lambda_per": 0.0
    },
    {
      "step": 18,
      "total": 2.1034448369264602,
      "emo": 2.1030526161193848,
      "asr": 3.922208070755005,
      "per": 0.0792066901922226,
      "lambda_emo": 1.0,
      "lambda_asr": 0.0001,
      "lambda_per": 0.0
    },
    {
      "step": 19,
      "total": 1.9884378731250762,
      "emo": 1.9880907535552979,
      "asr": 3.471195697784424,
      "per": 0.0752468928694725,
      "lambda_emo": 1.0,
      "lambda_asr": 0.0001,
      "lambda_per": 0.0
    },
    {
      "step": 20,
      "total": 2.048944570642933,
      "emo": 2.0130231380462646,
      "asr": 3.5920684337615967,
      "per": 0.07482590526342392,
      "lambda_emo": 1.0,
      "lambda_asr": 0.01,
      "lambda_per": 1e-05
    },
    {
      "step": 21,
      "total": 1.8236915204263477,
      "emo": 1.7869418859481812,
      "asr": 3.6748950481414795,
      "per": 0.06839967519044876,
      "lambda_emo": 1.0,
      "lambda_asr": 0.01,
      "lambda_per": 1e-05
    },
    {
      "step": 22,
      "total": 1.9071801703216136,
      "emo": 1.8725284337997437,
      "asr": 3.4651029109954834,
      "per": 0.0707411915063858,
      "lambda_emo": 1.0,
      "lambda_asr": 0.01,
      "lambda_per": 1e-05
    },
    {
      "step": 23,
      "total": 1.8487246608938277,
      "emo": 1.8139976263046265,
      "asr": 3.4726240634918213,
      "per": 0.07939542829990387,
      "lambda_emo": 1.0,
      "lambda_asr": 0.01,