{
  "sample_id": "00242_0001_sad_0001_001215",
  "path": "/data1/lixiang/ESD/CN/0001/Sad/0001_001215.wav",
  "speaker_id": "0001",
  "ground_truth_emotion": "sad",
  "target_emotion": "happy",
  "emo_text_clean": [
    "Sad",
    "Sad",
    "\u554a\uff0c\u771f\u7684\u5417\uff1f\u90a3\u4e3a\u4ec0\u4e48\u4f60\u8fd8\u5728\u8fd9\u91cc\uff1f"
  ],
  "emo_text_adv": [
    "happy",
    "happy",
    "happy"
  ],
  "emo_pred_clean": [
    "sad",
    "sad",
    ""
  ],
  "emo_pred_adv": [
    "happy",
    "happy",
    "happy"
  ],
  "asr_text_clean": "\u6211\u4eec\u524d\u5929\u5df2\u7ecf\u5206\u624b\u4e86\u3002",
  "asr_text_adv": "\u6211\u4eec\u524d\u4e16",
  "success_emo": true,
  "wer": 1.0,
  "delta_linf": 0.008000016212463379,
  "delta_l2": 1.8653806447982788,
  "snr_db": 24.65487690981267,
  "grad_norm_trace": [
    34.37782669067383,
    132.80455017089844,
    204.4974365234375,
    87.43804931640625,
    90.4552230834961,
    134.1620635986328,
    95.35845947265625,
    71.19330596923828,
    171.7416534423828,
    38.31686019897461,
    37.243064880371094,
    43.0804328918457,
    48.74080276489258,
    29.933277130126953,
    61.57536697387695,
    309.63726806640625,
    23.106502532958984,
    21.31757354736328,
    34.82379913330078,
    20.61729621887207,
    65.11913299560547,
    26.654075622558594,
    35.450313568115234,
    23.742389678955078,
    21.1268367767334,
    26.77077293395996,
    32.768943786621094,
    48.131839752197266,
    23.563608169555664,
    37.7728385925293,
    23.508548736572266,
    17.950092315673828,
    42.413387298583984,
    99.84986114501953,
    36.95563888549805,
    18.460689544677734,
    18.77189826965332,
    21.216480255126953,
    20.997133255004883,
    18.282550811767578,
    25.968887329101562,
    40.37147521972656,
    22.40338897705078,
    31.15713119506836,
    26.295217514038086,
    14.142499923706055,
    44.52065658569336,
    12.888484954833984,
    17.35954475402832,
    26.2111873626709,
    12.315369606018066,
    33.16960144042969,
    28.636709213256836,
    14.907305717468262,
    12.041360855102539,
    27.370437622070312,
    12.910006523132324,
    15.657386779785156,
    16.14181900024414,
    8.1459379196167
  ],
  "loss_trace": [
    {
      "step": 0,
      "total": 14.557371552610398,
      "emo": 14.557340621948242,
      "asr": 0.30930662155151367,
      "per": 0.0,
      "lambda_emo": 1.0,
      "lambda_asr": 0.0001,
      "lambda_per": 0.0
    },
    {
      "step": 1,
      "total": 11.652015018692612,
      "emo": 11.651975631713867,
      "asr": 0.3938697874546051,
      "per": 0.021350612863898277,
      "lambda_emo": 1.0,
      "lambda_asr": 0.0001,
      "lambda_per": 0.0
    },
    {
      "step": 2,
      "total": 10.646646792671085,
      "emo": 10.64660930633545,
      "asr": 0.3748633563518524,
      "per": 0.03950902819633484,
      "lambda_emo": 1.0,
      "lambda_asr": 0.0001,
      "lambda_per": 0.0
    },
    {
      "step": 3,
      "total": 8.98187950773239,
      "emo": 8.981818199157715,
      "asr": 0.6130857467651367,
      "per": 0.04119591414928436,
      "lambda_emo": 1.0,
      "lambda_asr": 0.0001,
      "lambda_per": 0.0
    },
    {
      "step": 4,
      "total": 7.051837782973051,
      "emo": 7.051797389984131,
      "asr": 0.4039298892021179,
      "per": 0.041328754276037216,
      "lambda_emo": 1.0,
      "lambda_asr": 0.0001,
      "lambda_per": 0.0
    },
    {
      "step": 5,
      "total": 6.697535432672501,
      "emo": 6.697493553161621,
      "asr": 0.418795108795166,
      "per": 0.04773823544383049,
      "lambda_emo": 1.0,
      "lambda_asr": 0.0001,
      "lambda_per": 0.0
    },
    {
      "step": 6,
      "total": 7.46557440802157,
      "emo": 7.465540885925293,
      "asr": 0.33522096276283264,
      "per": 0.04895929992198944,
      "lambda_emo": 1.0,
      "lambda_asr": 0.0001,
      "lambda_per": 0.0
    },
    {
      "step": 7,
      "total": 5.348602697497606,
      "emo": 5.348539352416992,
      "asr": 0.6334508061408997,
      "per": 0.05324380099773407,
      "lambda_emo": 1.0,
      "lambda_asr": 0.0001,
      "lambda_per": 0.0
    },
    {
      "step": 8,
      "total": 4.651128966256976,
      "emo": 4.651097774505615,
      "asr": 0.3119175136089325,
      "per": 0.06413087993860245,
      "lambda_emo": 1.0,
      "lambda_asr": 0.0001,
      "lambda_per": 0.0
    },
    {
      "step": 9,
      "total": 4.720082923424244,
      "emo": 4.71998405456543,
      "asr": 0.988688588142395,
      "per": 0.05411652848124504,
      "lambda_emo": 1.0,
      "lambda_asr": 0.0001,
      "lambda_per": 0.0
    },
    {
      "step": 10,
      "total": 4.884273654389381,
      "emo": 4.884159564971924,
      "asr": 1.1408941745758057,
      "per": 0.06545411795377731,
      "lambda_emo": 1.0,
      "lambda_asr": 0.0001,
      "lambda_per": 0.0
    },
    {
      "step": 11,
      "total": 4.173594564592839,
      "emo": 4.1734700202941895,
      "asr": 1.2454429864883423,
      "per": 0.05779058858752251,
      "lambda_emo": 1.0,
      "lambda_asr": 0.0001,
      "lambda_per": 0.0
    },
    {
      "step": 12,
      "total": 4.0944201178312305,
      "emo": 4.094247817993164,
      "asr": 1.7229983806610107,
      "per": 0.06817410886287689,
      "lambda_emo": 1.0,
      "lambda_asr": 0.0001,
      "lambda_per": 0.0
    },
    {
      "step": 13,
      "total": 3.5732947201371195,
      "emo": 3.5731358528137207,
      "asr": 1.5886732339859009,
      "per": 0.05716707929968834,
      "lambda_emo": 1.0,
      "lambda_asr": 0.0001,
      "lambda_per": 0.0
    },
    {
      "step": 14,
      "total": 3.6803535190582277,
      "emo": 3.6801857948303223,
      "asr": 1.6772422790527344,
      "per": 0.056109681725502014,
      "lambda_emo": 1.0,
      "lambda_asr": 0.0001,
      "lambda_per": 0.0
    },
    {
      "step": 15,
      "total": 3.2087780041098592,
      "emo": 3.208620548248291,
      "asr": 1.5745586156845093,
      "per": 0.06717994064092636,
      "lambda_emo": 1.0,
      "lambda_asr": 0.0001,
      "lambda_per": 0.0
    },
    {
      "step": 16,
      "total": 2.9515676817655563,
      "emo": 2.9514224529266357,
      "asr": 1.4522883892059326,
      "per": 0.05856581777334213,
      "lambda_emo": 1.0,
      "lambda_asr": 0.0001,
      "lambda_per": 0.0
    },
    {
      "step": 17,
      "total": 2.680624379348755,
      "emo": 2.6804652214050293,
      "asr": 1.5915794372558594,
      "per": 0.07591859996318817,
      "lambda_emo": 1.0,
      "lambda_asr": 0.0001,
      "lambda_per": 0.0
    },
    {
      "step": 18,
      "total": 2.780535491371155,
      "emo": 2.780388593673706,
      "asr": 1.4689769744873047,
      "per": 0.07463908195495605,
      "lambda_emo": 1.0,
      "lambda_asr": 0.0001,
      "lambda_per": 0.0
    },
    {
      "step": 19,
      "total": 2.360039727592468,
      "emo": 2.359882116317749,
      "asr": 1.5761127471923828,
      "per": 0.059090953320264816,
      "lambda_emo": 1.0,
      "lambda_asr": 0.0001,
      "lambda_per": 0.0
    },
    {
      "step": 20,
      "total": 2.5012067408187684,
      "emo": 2.4840991497039795,
      "asr": 1.7106959819793701,
      "per": 0.0631294995546341,
      "lambda_emo": 1.0,
      "lambda_asr": 0.01,
      "lambda_per": 1e-05
    },
    {
      "step": 21,
      "total": 2.5757448900853843,
      "emo": 2.55495023727417,
      "asr": 2.0794005393981934,
      "per": 0.06474172323942184,
      "lambda_emo": 1.0,
      "lambda_asr": 0.01,
      "lambda_per": 1e-05
    },
    {
      "step": 22,
      "total": 2.348736332848519,
      "emo": 2.3273377418518066,
      "asr": 2.1397945880889893,
      "per": 0.06451158225536346,
      "lambda_emo": 1.0,
      "lambda_asr": 0.01,
      "lambda_per": 1e-05
    },
    {
      "step": 23,
      "total": 2.3319984914039074,
      "emo": 2.3103456497192383,
      "asr": 2.1652090549468994,
      "per": 0.07511352002620697,
      "lambda_emo": 1.0,
      "lambda_asr": 0.01,