{
  "sample_id": "00255_0001_sad_0001_001159",
  "path": "/data1/lixiang/ESD/CN/0001/Sad/0001_001159.wav",
  "speaker_id": "0001",
  "ground_truth_emotion": "sad",
  "target_emotion": "happy",
  "emo_text_clean": [
    "Sad",
    "Sad",
    "\u54ce\u5440\uff0c\u542c\u8d77\u6765"
  ],
  "emo_text_adv": [
    "happy",
    "happy",
    "happy"
  ],
  "emo_pred_clean": [
    "sad",
    "sad",
    ""
  ],
  "emo_pred_adv": [
    "happy",
    "happy",
    "happy"
  ],
  "asr_text_clean": "\u592a\u68d2\u4e86\uff0c\u6211\u5176\u5b9e\u633a\u997f\u7684\u3002",
  "asr_text_adv": "\u592a\u68d2\u4e86\uff0c\u4eca\u5929\u786e\u5b9e\u633a\u70ed\u7684\u3002",
  "success_emo": true,
  "wer": 1.0,
  "delta_linf": 0.008000016212463379,
  "delta_l2": 1.6633522510528564,
  "snr_db": 25.517365375712128,
  "grad_norm_trace": [
    61.181827545166016,
    233.69488525390625,
    192.15428161621094,
    145.3448028564453,
    82.70179748535156,
    101.20632934570312,
    66.0566635131836,
    52.218536376953125,
    54.95235061645508,
    34.733253479003906,
    30.219284057617188,
    35.33246994018555,
    175.559814453125,
    40.43312072753906,
    20.189231872558594,
    57.60291290283203,
    66.9531021118164,
    46.50434875488281,
    35.79514694213867,
    52.43632125854492,
    29.227724075317383,
    37.461212158203125,
    43.0601806640625,
    31.226226806640625,
    46.23176193237305,
    68.33328247070312,
    28.3548641204834,
    40.238651275634766,
    31.025779724121094,
    31.155698776245117,
    37.82686996459961,
    33.72987365722656,
    23.19928550720215,
    54.25579071044922,
    47.18370056152344,
    38.97808837890625,
    33.784671783447266,
    36.299076080322266,
    28.80122947692871,
    36.66642379760742,
    37.079315185546875,
    54.421234130859375,
    27.9683895111084,
    54.505794525146484,
    51.537654876708984,
    31.449247360229492,
    45.000858306884766,
    38.39822006225586,
    27.647762298583984,
    26.03756332397461,
    24.984294891357422,
    30.891483306884766,
    35.55792236328125,
    32.16007995605469,
    41.71059036254883,
    38.43412399291992,
    28.34501075744629,
    18.59522819519043,
    35.09490203857422,
    18.531757354736328
  ],
  "loss_trace": [
    {
      "step": 0,
      "total": 9.086307778534293,
      "emo": 9.08629322052002,
      "asr": 0.14558014273643494,
      "per": 0.0,
      "lambda_emo": 1.0,
      "lambda_asr": 0.0001,
      "lambda_per": 0.0
    },
    {
      "step": 1,
      "total": 7.37743483850956,
      "emo": 7.377357482910156,
      "asr": 0.7735559940338135,
      "per": 0.02195533737540245,
      "lambda_emo": 1.0,
      "lambda_asr": 0.0001,
      "lambda_per": 0.0
    },
    {
      "step": 2,
      "total": 4.720947039031983,
      "emo": 4.720863342285156,
      "asr": 0.8369674682617188,
      "per": 0.030127158388495445,
      "lambda_emo": 1.0,
      "lambda_asr": 0.0001,
      "lambda_per": 0.0
    },
    {
      "step": 3,
      "total": 4.746312939167023,
      "emo": 4.7461934089660645,
      "asr": 1.1953020095825195,
      "per": 0.044633399695158005,
      "lambda_emo": 1.0,
      "lambda_asr": 0.0001,
      "lambda_per": 0.0
    },
    {
      "step": 4,
      "total": 4.558060070246458,
      "emo": 4.557979583740234,
      "asr": 0.8048650622367859,
      "per": 0.05612366646528244,
      "lambda_emo": 1.0,
      "lambda_asr": 0.0001,
      "lambda_per": 0.0
    },
    {
      "step": 5,
      "total": 3.669675415468216,
      "emo": 3.669595718383789,
      "asr": 0.7969708442687988,
      "per": 0.04809601232409477,
      "lambda_emo": 1.0,
      "lambda_asr": 0.0001,
      "lambda_per": 0.0
    },
    {
      "step": 6,
      "total": 3.2392077545046805,
      "emo": 3.239117383956909,
      "asr": 0.9037054777145386,
      "per": 0.055776454508304596,
      "lambda_emo": 1.0,
      "lambda_asr": 0.0001,
      "lambda_per": 0.0
    },
    {
      "step": 7,
      "total": 2.9949211805939675,
      "emo": 2.9948153495788574,
      "asr": 1.0583101511001587,
      "per": 0.06898318976163864,
      "lambda_emo": 1.0,
      "lambda_asr": 0.0001,
      "lambda_per": 0.0
    },
    {
      "step": 8,
      "total": 2.787707644343376,
      "emo": 2.7875847816467285,
      "asr": 1.2286269664764404,
      "per": 0.053378187119960785,
      "lambda_emo": 1.0,
      "lambda_asr": 0.0001,
      "lambda_per": 0.0
    },
    {
      "step": 9,
      "total": 2.9231439284682272,
      "emo": 2.92297625541687,
      "asr": 1.6767305135726929,
      "per": 0.0743083581328392,
      "lambda_emo": 1.0,
      "lambda_asr": 0.0001,
      "lambda_per": 0.0
    },
    {
      "step": 10,
      "total": 2.7643922801613807,
      "emo": 2.7642440795898438,
      "asr": 1.4820057153701782,
      "per": 0.06928205490112305,
      "lambda_emo": 1.0,
      "lambda_asr": 0.0001,
      "lambda_per": 0.0
    },
    {
      "step": 11,
      "total": 2.4123731121063234,
      "emo": 2.412238359451294,
      "asr": 1.3475265502929688,
      "per": 0.05666346848011017,
      "lambda_emo": 1.0,
      "lambda_asr": 0.0001,
      "lambda_per": 0.0
    },
    {
      "step": 12,
      "total": 2.1987669043064115,
      "emo": 2.1986136436462402,
      "asr": 1.532606601715088,
      "per": 0.06691043078899384,
      "lambda_emo": 1.0,
      "lambda_asr": 0.0001,
      "lambda_per": 0.0
    },
    {
      "step": 13,
      "total": 2.238707443237305,
      "emo": 2.2385239601135254,
      "asr": 1.8348312377929688,
      "per": 0.06274953484535217,
      "lambda_emo": 1.0,
      "lambda_asr": 0.0001,
      "lambda_per": 0.0
    },
    {
      "step": 14,
      "total": 2.109826875805855,
      "emo": 2.1096608638763428,
      "asr": 1.6601192951202393,
      "per": 0.06281952559947968,
      "lambda_emo": 1.0,
      "lambda_asr": 0.0001,
      "lambda_per": 0.0
    },
    {
      "step": 15,
      "total": 2.1721000727534294,
      "emo": 2.1719605922698975,
      "asr": 1.394804835319519,
      "per": 0.05875633284449577,
      "lambda_emo": 1.0,
      "lambda_asr": 0.0001,
      "lambda_per": 0.0
    },
    {
      "step": 16,
      "total": 2.0336624483227728,
      "emo": 2.033515453338623,
      "asr": 1.4699498414993286,
      "per": 0.06704854220151901,
      "lambda_emo": 1.0,
      "lambda_asr": 0.0001,
      "lambda_per": 0.0
    },
    {
      "step": 17,
      "total": 2.0291135885953904,
      "emo": 2.0289218425750732,
      "asr": 1.9174602031707764,
      "per": 0.06860564649105072,
      "lambda_emo": 1.0,
      "lambda_asr": 0.0001,
      "lambda_per": 0.0
    },
    {
      "step": 18,
      "total": 1.8866199533224106,
      "emo": 1.8864487409591675,
      "asr": 1.7121236324310303,
      "per": 0.0677092969417572,
      "lambda_emo": 1.0,
      "lambda_asr": 0.0001,
      "lambda_per": 0.0
    },
    {
      "step": 19,
      "total": 2.174031702876091,
      "emo": 2.1738152503967285,
      "asr": 2.164524793624878,
      "per": 0.07163292169570923,
      "lambda_emo": 1.0,
      "lambda_asr": 0.0001,
      "lambda_per": 0.0
    },
    {
      "step": 20,
      "total": 1.6614902675998209,
      "emo": 1.6455440521240234,
      "asr": 1.5945647954940796,
      "per": 0.05675208568572998,
      "lambda_emo": 1.0,
      "lambda_asr": 0.01,
      "lambda_per": 1e-05
    },
    {
      "step": 21,
      "total": 1.675863540089354,
      "emo": 1.6588408946990967,
      "asr": 1.702195167541504,
      "per": 0.06937148422002792,
      "lambda_emo": 1.0,
      "lambda_asr": 0.01,
      "lambda_per": 1e-05
    },
    {
      "step": 22,
      "total": 1.9881160131203381,
      "emo": 1.9755014181137085,
      "asr": 1.261393666267395,
      "per": 0.0658343955874443,
      "lambda_emo": 1.0,
      "lambda_asr": 0.01,
      "lambda_per": 1e-05
    },
    {
      "step": 23,
      "total": 1.6949040006843208,
      "emo": 1.6817258596420288,
      "asr": 1.3177508115768433,
      "per": 0.06329265236854553,
      "lambda_emo": 1.0,
      "lambda_asr": 0.01,