{
  "sample_id": "00272_0001_sad_0001_001155",
  "path": "/data1/lixiang/ESD/CN/0001/Sad/0001_001155.wav",
  "speaker_id": "0001",
  "ground_truth_emotion": "sad",
  "target_emotion": "happy",
  "emo_text_clean": [
    "The emotion of this audio is sad.",
    "sad",
    "\u542c\u8d77\u6765"
  ],
  "emo_text_adv": [
    "happy",
    "happy",
    "happy"
  ],
  "emo_pred_clean": [
    "sad",
    "sad",
    ""
  ],
  "emo_pred_adv": [
    "happy",
    "happy",
    "happy"
  ],
  "asr_text_clean": "\u542c\u8d77\u6765",
  "asr_text_adv": "\u6211\u4eec\u4fe9\u597d\u4e45\u6ca1\u89c1\u9762\u4e86\uff0c\u7ecf\u5e38\u5435\u67b6",
  "success_emo": true,
  "wer": 1.0,
  "delta_linf": 0.008000016212463379,
  "delta_l2": 1.7741527557373047,
  "snr_db": 26.683053737606937,
  "grad_norm_trace": [
    76.56342315673828,
    445.27349853515625,
    68.94190979003906,
    50.29258728027344,
    88.3378677368164,
    42.28799819946289,
    34.61368942260742,
    107.49337005615234,
    132.92396545410156,
    106.99259185791016,
    237.35800170898438,
    95.77555084228516,
    58.61576843261719,
    200.86514282226562,
    51.450374603271484,
    39.28969955444336,
    37.68252944946289,
    20.85808563232422,
    31.848358154296875,
    76.72116088867188,
    51.58656692504883,
    41.370296478271484,
    56.94230651855469,
    33.24200439453125,
    36.572879791259766,
    35.039161682128906,
    17.390029907226562,
    89.3554916381836,
    26.763845443725586,
    36.027671813964844,
    27.803730010986328,
    42.67995834350586,
    65.95724487304688,
    30.29087257385254,
    42.853206634521484,
    112.5996322631836,
    14.67856502532959,
    22.211496353149414,
    19.498023986816406,
    14.699385643005371,
    33.43301010131836,
    42.407798767089844,
    21.276323318481445,
    18.313350677490234,
    27.24447250366211,
    37.85788345336914,
    22.433809280395508,
    13.98141098022461,
    28.824586868286133,
    27.069177627563477,
    16.3477840423584,
    17.232961654663086,
    26.339340209960938,
    22.951112747192383,
    42.566322326660156,
    13.376076698303223,
    21.43191146850586,
    14.742358207702637,
    7.360700607299805,
    54.4029655456543
  ],
  "loss_trace": [
    {
      "step": 0,
      "total": 13.023357826089859,
      "emo": 13.023298263549805,
      "asr": 0.5956254005432129,
      "per": 0.0,
      "lambda_emo": 1.0,
      "lambda_asr": 0.0001,
      "lambda_per": 0.0
    },
    {
      "step": 1,
      "total": 10.170598960018157,
      "emo": 10.170083999633789,
      "asr": 5.149603843688965,
      "per": 0.02650170773267746,
      "lambda_emo": 1.0,
      "lambda_asr": 0.0001,
      "lambda_per": 0.0
    },
    {
      "step": 2,
      "total": 7.661482810735703,
      "emo": 7.660811424255371,
      "asr": 6.713864803314209,
      "per": 0.032192375510931015,
      "lambda_emo": 1.0,
      "lambda_asr": 0.0001,
      "lambda_per": 0.0
    },
    {
      "step": 3,
      "total": 6.866444596004486,
      "emo": 6.865669250488281,
      "asr": 7.75345516204834,
      "per": 0.056587230414152145,
      "lambda_emo": 1.0,
      "lambda_asr": 0.0001,
      "lambda_per": 0.0
    },
    {
      "step": 4,
      "total": 7.626483958387375,
      "emo": 7.625843048095703,
      "asr": 6.409102916717529,
      "per": 0.06250154227018356,
      "lambda_emo": 1.0,
      "lambda_asr": 0.0001,
      "lambda_per": 0.0
    },
    {
      "step": 5,
      "total": 6.756607908296585,
      "emo": 6.755893230438232,
      "asr": 7.146778583526611,
      "per": 0.06223536282777786,
      "lambda_emo": 1.0,
      "lambda_asr": 0.0001,
      "lambda_per": 0.0
    },
    {
      "step": 6,
      "total": 7.138296755123139,
      "emo": 7.137548446655273,
      "asr": 7.483084678649902,
      "per": 0.05250845104455948,
      "lambda_emo": 1.0,
      "lambda_asr": 0.0001,
      "lambda_per": 0.0
    },
    {
      "step": 7,
      "total": 6.077400961732865,
      "emo": 6.076679229736328,
      "asr": 7.217319965362549,
      "per": 0.06098228320479393,
      "lambda_emo": 1.0,
      "lambda_asr": 0.0001,
      "lambda_per": 0.0
    },
    {
      "step": 8,
      "total": 5.548261031770706,
      "emo": 5.547552108764648,
      "asr": 7.089230060577393,
      "per": 0.057421766221523285,
      "lambda_emo": 1.0,
      "lambda_asr": 0.0001,
      "lambda_per": 0.0
    },
    {
      "step": 9,
      "total": 4.028670185565948,
      "emo": 4.028034210205078,
      "asr": 6.359753608703613,
      "per": 0.06108284741640091,
      "lambda_emo": 1.0,
      "lambda_asr": 0.0001,
      "lambda_per": 0.0
    },
    {
      "step": 10,
      "total": 5.174431527853012,
      "emo": 5.173822402954102,
      "asr": 6.091248989105225,
      "per": 0.05587425082921982,
      "lambda_emo": 1.0,
      "lambda_asr": 0.0001,
      "lambda_per": 0.0
    },
    {
      "step": 11,
      "total": 3.2548908794403077,
      "emo": 3.254314422607422,
      "asr": 5.764568328857422,
      "per": 0.06889169663190842,
      "lambda_emo": 1.0,
      "lambda_asr": 0.0001,
      "lambda_per": 0.0
    },
    {
      "step": 12,
      "total": 3.059947586965561,
      "emo": 3.0592522621154785,
      "asr": 6.953248500823975,
      "per": 0.060810551047325134,
      "lambda_emo": 1.0,
      "lambda_asr": 0.0001,
      "lambda_per": 0.0
    },
    {
      "step": 13,
      "total": 3.484361856031418,
      "emo": 3.4837758541107178,
      "asr": 5.860019207000732,
      "per": 0.05647718161344528,
      "lambda_emo": 1.0,
      "lambda_asr": 0.0001,
      "lambda_per": 0.0
    },
    {
      "step": 14,
      "total": 3.162649461221695,
      "emo": 3.161909818649292,
      "asr": 7.396425724029541,
      "per": 0.0721021220088005,
      "lambda_emo": 1.0,
      "lambda_asr": 0.0001,
      "lambda_per": 0.0
    },
    {
      "step": 15,
      "total": 2.556573370170593,
      "emo": 2.555879592895508,
      "asr": 6.937772750854492,
      "per": 0.07013298571109772,
      "lambda_emo": 1.0,
      "lambda_asr": 0.0001,
      "lambda_per": 0.0
    },
    {
      "step": 16,
      "total": 2.26957453250885,
      "emo": 2.2688097953796387,
      "asr": 7.647371292114258,
      "per": 0.06835537403821945,
      "lambda_emo": 1.0,
      "lambda_asr": 0.0001,
      "lambda_per": 0.0
    },
    {
      "step": 17,
      "total": 1.847333688545227,
      "emo": 1.846644639968872,
      "asr": 6.890485763549805,
      "per": 0.05673080310225487,
      "lambda_emo": 1.0,
      "lambda_asr": 0.0001,
      "lambda_per": 0.0
    },
    {
      "step": 18,
      "total": 1.719328718328476,
      "emo": 1.7186851501464844,
      "asr": 6.4356818199157715,
      "per": 0.07526621222496033,
      "lambda_emo": 1.0,
      "lambda_asr": 0.0001,
      "lambda_per": 0.0
    },
    {
      "step": 19,
      "total": 2.1231196433067323,
      "emo": 2.1225266456604004,
      "asr": 5.929976463317871,
      "per": 0.05201932415366173,
      "lambda_emo": 1.0,
      "lambda_asr": 0.0001,
      "lambda_per": 0.0
    },
    {
      "step": 20,
      "total": 1.5824992853820326,
      "emo": 1.5128555297851562,
      "asr": 6.964321613311768,
      "per": 0.05394637584686279,
      "lambda_emo": 1.0,
      "lambda_asr": 0.01,
      "lambda_per": 1e-05
    },
    {
      "step": 21,
      "total": 1.870503160462901,
      "emo": 1.8134794235229492,
      "asr": 5.702308177947998,
      "per": 0.06551604717969894,
      "lambda_emo": 1.0,
      "lambda_asr": 0.01,
      "lambda_per": 1e-05
    },
    {
      "step": 22,
      "total": 1.8957955303189158,
      "emo": 1.8385374546051025,
      "asr": 5.72573184967041,
      "per": 0.07572171092033386,
      "lambda_emo": 1.0,
      "lambda_asr": 0.01,
      "lambda_per": 1e-05
    },
    {
      "step": 23,
      "total": 1.567048854614012,
      "emo": 1.5058348178863525,
      "asr": 6.121347904205322,
      "per": 0.055768560618162155,
      "lambda_emo": 1.0,
      "lambda_asr": 0.01,
      "lambda_per": 1e-05
    },
    {
      "step": 24,