{
  "sample_id": "00285_0001_sad_0001_001397",
  "path": "/data1/lixiang/ESD/CN/0001/Sad/0001_001397.wav",
  "speaker_id": "0001",
  "ground_truth_emotion": "sad",
  "target_emotion": "happy",
  "emo_text_clean": [
    "Sad",
    "Sad",
    "\u8fd9\u4e24\u5757\u662f\u5510\u671d"
  ],
  "emo_text_adv": [
    "happy",
    "happy",
    "happy"
  ],
  "emo_pred_clean": [
    "sad",
    "sad",
    ""
  ],
  "emo_pred_adv": [
    "happy",
    "happy",
    "happy"
  ],
  "asr_text_clean": "\u8fd9\u4e24\u5757\u662f\u5510\u671d",
  "asr_text_adv": "\u5510\u671d",
  "success_emo": true,
  "wer": 1.0,
  "delta_linf": 0.008000016212463379,
  "delta_l2": 1.969992995262146,
  "snr_db": 24.922458458347695,
  "grad_norm_trace": [
    128.8866729736328,
    153.46592712402344,
    112.302734375,
    104.51714324951172,
    53.450077056884766,
    52.48613739013672,
    50.08256530761719,
    35.54191970825195,
    16.241352081298828,
    21.027294158935547,
    21.85353660583496,
    27.998966217041016,
    50.15413284301758,
    28.579893112182617,
    24.39348602294922,
    37.30073928833008,
    48.76399230957031,
    29.533658981323242,
    21.318496704101562,
    13.702349662780762,
    15.114117622375488,
    14.22414493560791,
    29.680782318115234,
    27.790170669555664,
    41.485355377197266,
    52.565834045410156,
    48.63147735595703,
    22.934879302978516,
    28.474905014038086,
    118.67772674560547,
    45.127864837646484,
    26.869081497192383,
    29.336942672729492,
    15.589765548706055,
    15.330018043518066,
    35.499755859375,
    18.574853897094727,
    37.17971420288086,
    43.64520263671875,
    51.423492431640625,
    18.339200973510742,
    20.292497634887695,
    28.352981567382812,
    54.110206604003906,
    20.398286819458008,
    31.572189331054688,
    58.481300354003906,
    55.920188903808594,
    33.29304122924805,
    22.744068145751953,
    31.14773941040039,
    33.01009750366211,
    45.47941589355469,
    41.04574203491211,
    32.893943786621094,
    32.72710418701172,
    36.32206344604492,
    17.594327926635742,
    23.201583862304688,
    32.594547271728516
  ],
  "loss_trace": [
    {
      "step": 0,
      "total": 11.791645017820224,
      "emo": 11.79163932800293,
      "asr": 0.056898172944784164,
      "per": 0.0,
      "lambda_emo": 1.0,
      "lambda_asr": 0.0001,
      "lambda_per": 0.0
    },
    {
      "step": 1,
      "total": 9.9842500157848,
      "emo": 9.98423957824707,
      "asr": 0.10437537729740143,
      "per": 0.026005810126662254,
      "lambda_emo": 1.0,
      "lambda_asr": 0.0001,
      "lambda_per": 0.0
    },
    {
      "step": 2,
      "total": 8.508988810165226,
      "emo": 8.50897216796875,
      "asr": 0.16642196476459503,
      "per": 0.03163313865661621,
      "lambda_emo": 1.0,
      "lambda_asr": 0.0001,
      "lambda_per": 0.0
    },
    {
      "step": 3,
      "total": 6.782499772918224,
      "emo": 6.782479763031006,
      "asr": 0.20009887218475342,
      "per": 0.04084693640470505,
      "lambda_emo": 1.0,
      "lambda_asr": 0.0001,
      "lambda_per": 0.0
    },
    {
      "step": 4,
      "total": 6.697153787720203,
      "emo": 6.6970648765563965,
      "asr": 0.8891116380691528,
      "per": 0.04710232466459274,
      "lambda_emo": 1.0,
      "lambda_asr": 0.0001,
      "lambda_per": 0.0
    },
    {
      "step": 5,
      "total": 5.989990995049476,
      "emo": 5.989850997924805,
      "asr": 1.3999712467193604,
      "per": 0.05008662864565849,
      "lambda_emo": 1.0,
      "lambda_asr": 0.0001,
      "lambda_per": 0.0
    },
    {
      "step": 6,
      "total": 6.1105332461714745,
      "emo": 6.110421657562256,
      "asr": 1.1158860921859741,
      "per": 0.057436488568782806,
      "lambda_emo": 1.0,
      "lambda_asr": 0.0001,
      "lambda_per": 0.0
    },
    {
      "step": 7,
      "total": 5.350363104081154,
      "emo": 5.350230693817139,
      "asr": 1.3241026401519775,
      "per": 0.05026791989803314,
      "lambda_emo": 1.0,
      "lambda_asr": 0.0001,
      "lambda_per": 0.0
    },
    {
      "step": 8,
      "total": 4.86575302580595,
      "emo": 4.865614891052246,
      "asr": 1.3813475370407104,
      "per": 0.052087828516960144,
      "lambda_emo": 1.0,
      "lambda_asr": 0.0001,
      "lambda_per": 0.0
    },
    {
      "step": 9,
      "total": 5.178338409459591,
      "emo": 5.178158760070801,
      "asr": 1.7964938879013062,
      "per": 0.06370724737644196,
      "lambda_emo": 1.0,
      "lambda_asr": 0.0001,
      "lambda_per": 0.0
    },
    {
      "step": 10,
      "total": 4.3683821046233176,
      "emo": 4.368215560913086,
      "asr": 1.66543710231781,
      "per": 0.06482703983783722,
      "lambda_emo": 1.0,
      "lambda_asr": 0.0001,
      "lambda_per": 0.0
    },
    {
      "step": 11,
      "total": 4.095283684027195,
      "emo": 4.095137596130371,
      "asr": 1.4608789682388306,
      "per": 0.05192246288061142,
      "lambda_emo": 1.0,
      "lambda_asr": 0.0001,
      "lambda_per": 0.0
    },
    {
      "step": 12,
      "total": 4.285291300439835,
      "emo": 4.285133361816406,
      "asr": 1.5793862342834473,
      "per": 0.06531856954097748,
      "lambda_emo": 1.0,
      "lambda_asr": 0.0001,
      "lambda_per": 0.0
    },
    {
      "step": 13,
      "total": 3.8498313163876534,
      "emo": 3.8496549129486084,
      "asr": 1.764034390449524,
      "per": 0.05848943442106247,
      "lambda_emo": 1.0,
      "lambda_asr": 0.0001,
      "lambda_per": 0.0
    },
    {
      "step": 14,
      "total": 3.5686253910541534,
      "emo": 3.568488121032715,
      "asr": 1.3727002143859863,
      "per": 0.05202203616499901,
      "lambda_emo": 1.0,
      "lambda_asr": 0.0001,
      "lambda_per": 0.0
    },
    {
      "step": 15,
      "total": 3.8487200961351395,
      "emo": 3.8485870361328125,
      "asr": 1.3306000232696533,
      "per": 0.0697757825255394,
      "lambda_emo": 1.0,
      "lambda_asr": 0.0001,
      "lambda_per": 0.0
    },
    {
      "step": 16,
      "total": 3.6289698368787766,
      "emo": 3.628804922103882,
      "asr": 1.6491477489471436,
      "per": 0.0625087171792984,
      "lambda_emo": 1.0,
      "lambda_asr": 0.0001,
      "lambda_per": 0.0
    },
    {
      "step": 17,
      "total": 3.5761671058654785,
      "emo": 3.575986623764038,
      "asr": 1.8048210144042969,
      "per": 0.06584100425243378,
      "lambda_emo": 1.0,
      "lambda_asr": 0.0001,
      "lambda_per": 0.0
    },
    {
      "step": 18,
      "total": 3.205784997487068,
      "emo": 3.205590009689331,
      "asr": 1.9498779773712158,
      "per": 0.05981176346540451,
      "lambda_emo": 1.0,
      "lambda_asr": 0.0001,
      "lambda_per": 0.0
    },
    {
      "step": 19,
      "total": 3.0300435786247255,
      "emo": 3.0298514366149902,
      "asr": 1.9214200973510742,
      "per": 0.06697573512792587,
      "lambda_emo": 1.0,
      "lambda_asr": 0.0001,
      "lambda_per": 0.0
    },
    {
      "step": 20,
      "total": 3.1684191248521207,
      "emo": 3.149777889251709,
      "asr": 1.8640486001968384,
      "per": 0.07495984435081482,
      "lambda_emo": 1.0,
      "lambda_asr": 0.01,
      "lambda_per": 1e-05
    },
    {
      "step": 21,
      "total": 3.016904332541302,
      "emo": 3.001946210861206,
      "asr": 1.4957510232925415,
      "per": 0.061144717037677765,
      "lambda_emo": 1.0,
      "lambda_asr": 0.01,
      "lambda_per": 1e-05
    },
    {
      "step": 22,
      "total": 2.9695111653510478,
      "emo": 2.9509596824645996,
      "asr": 1.855087161064148,
      "per": 0.06112758070230484,
      "lambda_emo": 1.0,
      "lambda_asr": 0.01,
      "lambda_per": 1e-05
    },
    {
      "step": 23,
      "total": 2.8267305513940006,
      "emo": 2.813112258911133,
      "asr": 1.3617688417434692,
      "per": 0.06040654331445694,
      "lambda_emo": 1.0,
      "lambda_asr": 0.01,
      "lambda_per": 1e-05
    },
    {
      "step": 24,
      "total": 2.6991375429792703,