{
  "sample_id": "00296_0001_sad_0001_001380",
  "path": "/data1/lixiang/ESD/CN/0001/Sad/0001_001380.wav",
  "speaker_id": "0001",
  "ground_truth_emotion": "sad",
  "target_emotion": "happy",
  "emo_text_clean": [
    "Sad",
    "Sad",
    "\u6211\u4eec\u76f8\u5904\u5f97\u5f88\u597d"
  ],
  "emo_text_adv": [
    "happy",
    "happy",
    "happy"
  ],
  "emo_pred_clean": [
    "sad",
    "sad",
    ""
  ],
  "emo_pred_adv": [
    "happy",
    "happy",
    "happy"
  ],
  "asr_text_clean": "\u6211\u4eec\u76f8\u5904\u5f97\u5f88\u597d",
  "asr_text_adv": "\u6211\u4eec\u76f8\u5904\u5f97\u5f88\u597d",
  "success_emo": true,
  "wer": 0.0,
  "delta_linf": 0.008000016212463379,
  "delta_l2": 1.8808300495147705,
  "snr_db": 25.63607081996595,
  "grad_norm_trace": [
    104.95580291748047,
    1384.6165771484375,
    60.58219909667969,
    42.373863220214844,
    86.8475341796875,
    129.8613739013672,
    40.056915283203125,
    29.458269119262695,
    31.7180233001709,
    36.35572052001953,
    28.966392517089844,
    31.681602478027344,
    64.77100372314453,
    68.64469146728516,
    21.276580810546875,
    16.324068069458008,
    19.021474838256836,
    10.762504577636719,
    35.263938903808594,
    32.80121994018555,
    14.916278839111328,
    26.69786262512207,
    14.748361587524414,
    35.119380950927734,
    22.579885482788086,
    22.942035675048828,
    18.241134643554688,
    30.127227783203125,
    21.852405548095703,
    35.31949996948242,
    12.259566307067871,
    19.08320426940918,
    14.570906639099121,
    111.7385025024414,
    11.197301864624023,
    9.112465858459473,
    12.03803539276123,
    16.574827194213867,
    15.414146423339844,
    11.928834915161133,
    47.769561767578125,
    14.003352165222168,
    20.763948440551758,
    18.313796997070312,
    10.58323860168457,
    21.309764862060547,
    24.458065032958984,
    11.525132179260254,
    32.89935302734375,
    49.188289642333984,
    26.54785919189453,
    15.590497016906738,
    49.46125411987305,
    12.789889335632324,
    15.532085418701172,
    11.962899208068848,
    13.253801345825195,
    15.77867603302002,
    12.790420532226562,
    7.949396133422852
  ],
  "loss_trace": [
    {
      "step": 0,
      "total": 8.2994048019886,
      "emo": 8.299398422241211,
      "asr": 0.0637974739074707,
      "per": 0.0,
      "lambda_emo": 1.0,
      "lambda_asr": 0.0001,
      "lambda_per": 0.0
    },
    {
      "step": 1,
      "total": 3.1865084809303283,
      "emo": 3.1865015029907227,
      "asr": 0.0697793960571289,
      "per": 0.025503363460302353,
      "lambda_emo": 1.0,
      "lambda_asr": 0.0001,
      "lambda_per": 0.0
    },
    {
      "step": 2,
      "total": 2.9871453556492926,
      "emo": 2.9871397018432617,
      "asr": 0.05653806030750275,
      "per": 0.033506378531455994,
      "lambda_emo": 1.0,
      "lambda_asr": 0.0001,
      "lambda_per": 0.0
    },
    {
      "step": 3,
      "total": 2.608951084281877,
      "emo": 2.608945369720459,
      "asr": 0.0571456141769886,
      "per": 0.05769628286361694,
      "lambda_emo": 1.0,
      "lambda_asr": 0.0001,
      "lambda_per": 0.0
    },
    {
      "step": 4,
      "total": 2.492728910147399,
      "emo": 2.4927220344543457,
      "asr": 0.06875693053007126,
      "per": 0.05531297251582146,
      "lambda_emo": 1.0,
      "lambda_asr": 0.0001,
      "lambda_per": 0.0
    },
    {
      "step": 5,
      "total": 2.7890196486361325,
      "emo": 2.789010524749756,
      "asr": 0.09123886376619339,
      "per": 0.058325715363025665,
      "lambda_emo": 1.0,
      "lambda_asr": 0.0001,
      "lambda_per": 0.0
    },
    {
      "step": 6,
      "total": 2.4492225411593913,
      "emo": 2.4492170810699463,
      "asr": 0.05460089445114136,
      "per": 0.048655472695827484,
      "lambda_emo": 1.0,
      "lambda_asr": 0.0001,
      "lambda_per": 0.0
    },
    {
      "step": 7,
      "total": 2.1796082364045084,
      "emo": 2.1796016693115234,
      "asr": 0.0656709298491478,
      "per": 0.05968714877963066,
      "lambda_emo": 1.0,
      "lambda_asr": 0.0001,
      "lambda_per": 0.0
    },
    {
      "step": 8,
      "total": 2.0743039433069526,
      "emo": 2.0742974281311035,
      "asr": 0.06515175849199295,
      "per": 0.06752415001392365,
      "lambda_emo": 1.0,
      "lambda_asr": 0.0001,
      "lambda_per": 0.0
    },
    {
      "step": 9,
      "total": 1.8822434042200447,
      "emo": 1.8822358846664429,
      "asr": 0.07519553601741791,
      "per": 0.07198557257652283,
      "lambda_emo": 1.0,
      "lambda_asr": 0.0001,
      "lambda_per": 0.0
    },
    {
      "step": 10,
      "total": 2.1144727710947393,
      "emo": 2.114467144012451,
      "asr": 0.05627082288265228,
      "per": 0.06290783733129501,
      "lambda_emo": 1.0,
      "lambda_asr": 0.0001,
      "lambda_per": 0.0
    },
    {
      "step": 11,
      "total": 1.733315066523105,
      "emo": 1.73330819606781,
      "asr": 0.06870455294847488,
      "per": 0.06571660935878754,
      "lambda_emo": 1.0,
      "lambda_asr": 0.0001,
      "lambda_per": 0.0
    },
    {
      "step": 12,
      "total": 1.9744729140434414,
      "emo": 1.9744682312011719,
      "asr": 0.04682842269539833,
      "per": 0.056283872574567795,
      "lambda_emo": 1.0,
      "lambda_asr": 0.0001,
      "lambda_per": 0.0
    },
    {
      "step": 13,
      "total": 1.9696842475250362,
      "emo": 1.9696778059005737,
      "asr": 0.06441624462604523,
      "per": 0.06362883001565933,
      "lambda_emo": 1.0,
      "lambda_asr": 0.0001,
      "lambda_per": 0.0
    },
    {
      "step": 14,
      "total": 1.4928109469115733,
      "emo": 1.492802619934082,
      "asr": 0.08326977491378784,
      "per": 0.06032281368970871,
      "lambda_emo": 1.0,
      "lambda_asr": 0.0001,
      "lambda_per": 0.0
    },
    {
      "step": 15,
      "total": 1.5200125635199249,
      "emo": 1.5200046300888062,
      "asr": 0.0793343111872673,
      "per": 0.07597443461418152,
      "lambda_emo": 1.0,
      "lambda_asr": 0.0001,
      "lambda_per": 0.0
    },
    {
      "step": 16,
      "total": 1.4989924580603837,
      "emo": 1.4989862442016602,
      "asr": 0.06213858723640442,
      "per": 0.05328945443034172,
      "lambda_emo": 1.0,
      "lambda_asr": 0.0001,
      "lambda_per": 0.0
    },
    {
      "step": 17,
      "total": 1.4421826559208333,
      "emo": 1.4421743154525757,
      "asr": 0.08340468257665634,
      "per": 0.07643067836761475,
      "lambda_emo": 1.0,
      "lambda_asr": 0.0001,
      "lambda_per": 0.0
    },
    {
      "step": 18,
      "total": 1.5468714607827365,
      "emo": 1.5468597412109375,
      "asr": 0.11719571799039841,
      "per": 0.06681360304355621,
      "lambda_emo": 1.0,
      "lambda_asr": 0.0001,
      "lambda_per": 0.0
    },
    {
      "step": 19,
      "total": 1.6718427223235368,
      "emo": 1.6718366146087646,
      "asr": 0.06107714772224426,
      "per": 0.06003115326166153,
      "lambda_emo": 1.0,
      "lambda_asr": 0.0001,
      "lambda_per": 0.0
    },
    {
      "step": 20,
      "total": 1.4660524844419212,
      "emo": 1.4653816223144531,
      "asr": 0.06702028959989548,
      "per": 0.06592314690351486,
      "lambda_emo": 1.0,
      "lambda_asr": 0.01,
      "lambda_per": 1e-05
    },
    {
      "step": 21,
      "total": 1.3388685145734252,
      "emo": 1.3378021717071533,
      "asr": 0.1065649688243866,
      "per": 0.06931780278682709,
      "lambda_emo": 1.0,
      "lambda_asr": 0.01,
      "lambda_per": 1e-05
    },
    {
      "step": 22,
      "total": 1.2696996105614304,
      "emo": 1.2688579559326172,
      "asr": 0.08410394936800003,
      "per": 0.0615135133266449,
      "lambda_emo": 1.0,
      "lambda_asr": 0.01,
      "lambda_per": 1e-05
    },
    {
      "step": 23,
      "total": 1.2277480727112293,
      "emo": 1.226761817932129,
      "asr": 0.09855041652917862,
      "per": 0.0750613808631897,
      "lambda_emo": 1.0,
      "lambda_asr": 0.01,