{
  "sample_id": "00399_0001_surprise_0001_001715",
  "path": "/data1/lixiang/ESD/CN/0001/Surprise/0001_001715.wav",
  "speaker_id": "0001",
  "ground_truth_emotion": "surprise",
  "target_emotion": "happy",
  "emo_text_clean": [
    "Surprise.",
    "Surprise.",
    "\u4f60\u542c\u8d77\u6765"
  ],
  "emo_text_adv": [
    "happy",
    "happy",
    "happy"
  ],
  "emo_pred_clean": [
    "surprise",
    "surprise",
    ""
  ],
  "emo_pred_adv": [
    "happy",
    "happy",
    "happy"
  ],
  "asr_text_clean": "\u6211\u9700\u8981\u63d2\u7740\u7535\u6e90\u624d\u80fd\u8bf4\u8bdd\u3002",
  "asr_text_adv": "\u5c0f\u670b\u53cb\u4eec\u5728\u961f\u91cc\u53fd",
  "success_emo": true,
  "wer": 1.0,
  "delta_linf": 0.008000001311302185,
  "delta_l2": 1.7311198711395264,
  "snr_db": 15.986391925560184,
  "grad_norm_trace": [
    452.2058410644531,
    173.87765502929688,
    226.7307586669922,
    204.94842529296875,
    80.2930679321289,
    80.94548797607422,
    58.49163055419922,
    69.45893859863281,
    60.2741584777832,
    55.17726516723633,
    61.38258743286133,
    89.8182373046875,
    68.767578125,
    51.86818313598633,
    64.88433074951172,
    585.9172973632812,
    188.16293334960938,
    70.21890258789062,
    73.16551208496094,
    98.42606353759766,
    255.28213500976562,
    67.95103454589844,
    61.04520797729492,
    51.35328674316406,
    37.57315444946289,
    50.43482208251953,
    55.303466796875,
    55.98865509033203,
    47.96222686767578,
    87.71280670166016,
    33.40993881225586,
    40.24431610107422,
    32.73870086669922,
    46.84529113769531,
    35.40560531616211,
    49.610862731933594,
    17.53409767150879,
    33.239830017089844,
    31.776397705078125,
    23.902286529541016,
    52.49055480957031,
    23.273086547851562,
    17.117170333862305,
    13.90174388885498,
    25.20359992980957,
    24.8231201171875,
    17.615121841430664,
    23.324169158935547,
    21.958419799804688,
    60.056922912597656,
    16.207477569580078,
    36.26538848876953,
    53.16520690917969,
    27.560232162475586,
    17.5351619720459,
    21.731910705566406,
    19.38762855529785,
    261.78424072265625,
    17.094871520996094,
    33.156646728515625
  ],
  "loss_trace": [
    {
      "step": 0,
      "total": 13.928087397274375,
      "emo": 13.928060531616211,
      "asr": 0.26865658164024353,
      "per": 0.0,
      "lambda_emo": 1.0,
      "lambda_asr": 0.0001,
      "lambda_per": 0.0
    },
    {
      "step": 1,
      "total": 6.937280226957798,
      "emo": 6.937164306640625,
      "asr": 1.1592031717300415,
      "per": 0.030265960842370987,
      "lambda_emo": 1.0,
      "lambda_asr": 0.0001,
      "lambda_per": 0.0
    },
    {
      "step": 2,
      "total": 5.797693488907814,
      "emo": 5.7974138259887695,
      "asr": 2.7966291904449463,
      "per": 0.050737034529447556,
      "lambda_emo": 1.0,
      "lambda_asr": 0.0001,
      "lambda_per": 0.0
    },
    {
      "step": 3,
      "total": 4.6135931994915005,
      "emo": 4.61318302154541,
      "asr": 4.101779460906982,
      "per": 0.06568460166454315,
      "lambda_emo": 1.0,
      "lambda_asr": 0.0001,
      "lambda_per": 0.0
    },
    {
      "step": 4,
      "total": 4.076136333489418,
      "emo": 4.075812816619873,
      "asr": 3.235168695449829,
      "per": 0.0650586485862732,
      "lambda_emo": 1.0,
      "lambda_asr": 0.0001,
      "lambda_per": 0.0
    },
    {
      "step": 5,
      "total": 4.278369506216049,
      "emo": 4.277994155883789,
      "asr": 3.7535033226013184,
      "per": 0.072029247879982,
      "lambda_emo": 1.0,
      "lambda_asr": 0.0001,
      "lambda_per": 0.0
    },
    {
      "step": 6,
      "total": 3.806736090302467,
      "emo": 3.80633807182312,
      "asr": 3.98018479347229,
      "per": 0.052893929183483124,
      "lambda_emo": 1.0,
      "lambda_asr": 0.0001,
      "lambda_per": 0.0
    },
    {
      "step": 7,
      "total": 3.240343971776962,
      "emo": 3.239919662475586,
      "asr": 4.243093013763428,
      "per": 0.06589804589748383,
      "lambda_emo": 1.0,
      "lambda_asr": 0.0001,
      "lambda_per": 0.0
    },
    {
      "step": 8,
      "total": 2.946575509214401,
      "emo": 2.946131467819214,
      "asr": 4.440413951873779,
      "per": 0.07725001871585846,
      "lambda_emo": 1.0,
      "lambda_asr": 0.0001,
      "lambda_per": 0.0
    },
    {
      "step": 9,
      "total": 2.6928440440654753,
      "emo": 2.6923892498016357,
      "asr": 4.547942638397217,
      "per": 0.07251068204641342,
      "lambda_emo": 1.0,
      "lambda_asr": 0.0001,
      "lambda_per": 0.0
    },
    {
      "step": 10,
      "total": 2.83467458820343,
      "emo": 2.834205150604248,
      "asr": 4.694375991821289,
      "per": 0.056367870420217514,
      "lambda_emo": 1.0,
      "lambda_asr": 0.0001,
      "lambda_per": 0.0
    },
    {
      "step": 11,
      "total": 2.489653176689148,
      "emo": 2.489175319671631,
      "asr": 4.778570175170898,
      "per": 0.06452413648366928,
      "lambda_emo": 1.0,
      "lambda_asr": 0.0001,
      "lambda_per": 0.0
    },
    {
      "step": 12,
      "total": 2.7108639159202577,
      "emo": 2.71042799949646,
      "asr": 4.359164237976074,
      "per": 0.0653180480003357,
      "lambda_emo": 1.0,
      "lambda_asr": 0.0001,
      "lambda_per": 0.0
    },
    {
      "step": 13,
      "total": 2.384958830213547,
      "emo": 2.3844804763793945,
      "asr": 4.783538341522217,
      "per": 0.06196465343236923,
      "lambda_emo": 1.0,
      "lambda_asr": 0.0001,
      "lambda_per": 0.0
    },
    {
      "step": 14,
      "total": 2.8160937740325926,
      "emo": 2.8156275749206543,
      "asr": 4.661991119384766,
      "per": 0.07722824811935425,
      "lambda_emo": 1.0,
      "lambda_asr": 0.0001,
      "lambda_per": 0.0
    },
    {
      "step": 15,
      "total": 2.4834598972797393,
      "emo": 2.4830029010772705,
      "asr": 4.569962024688721,
      "per": 0.06150979921221733,
      "lambda_emo": 1.0,
      "lambda_asr": 0.0001,
      "lambda_per": 0.0
    },
    {
      "step": 16,
      "total": 2.6796630818367007,
      "emo": 2.6792171001434326,
      "asr": 4.459816932678223,
      "per": 0.0604739747941494,
      "lambda_emo": 1.0,
      "lambda_asr": 0.0001,
      "lambda_per": 0.0
    },
    {
      "step": 17,
      "total": 2.504250346136093,
      "emo": 2.5038089752197266,
      "asr": 4.4137091636657715,
      "per": 0.0638214498758316,
      "lambda_emo": 1.0,
      "lambda_asr": 0.0001,
      "lambda_per": 0.0
    },
    {
      "step": 18,
      "total": 2.1102115848064424,
      "emo": 2.1097311973571777,
      "asr": 4.803874492645264,
      "per": 0.07184316217899323,
      "lambda_emo": 1.0,
      "lambda_asr": 0.0001,
      "lambda_per": 0.0
    },
    {
      "step": 19,
      "total": 2.1722417268753054,
      "emo": 2.1717987060546875,
      "asr": 4.430208206176758,
      "per": 0.06354322284460068,
      "lambda_emo": 1.0,
      "lambda_asr": 0.0001,
      "lambda_per": 0.0
    },
    {
      "step": 20,
      "total": 3.0820703581958266,
      "emo": 3.03957462310791,
      "asr": 4.249503135681152,
      "per": 0.07037311047315598,
      "lambda_emo": 1.0,
      "lambda_asr": 0.01,
      "lambda_per": 1e-05
    },
    {
      "step": 21,
      "total": 2.2642902034749834,
      "emo": 2.219834327697754,
      "asr": 4.4455108642578125,
      "per": 0.07671346515417099,
      "lambda_emo": 1.0,
      "lambda_asr": 0.01,
      "lambda_per": 1e-05
    },
    {
      "step": 22,
      "total": 1.959304348169975,
      "emo": 1.911562442779541,
      "asr": 4.774134635925293,
      "per": 0.0559031181037426,
      "lambda_emo": 1.0,
      "lambda_asr": 0.01,
      "lambda_per": 1e-05
    },
    {
      "step": 23,
      "total": 1.976117339990139,
      "emo": 1.9291434288024902,
      "asr": 4.697324752807617,
      "per": 0.06636595726013184,
      "lambda_emo": 1.0,
      "lambda_asr": 0.01,