{
  "sample_id": "11202_0001_angry_0001_000671",
  "path": "/data1/lixiang/OpenS2S_dataset/ESD/CN/0001/Angry/0001_000671.wav",
  "speaker_id": "0001",
  "ground_truth_emotion": "angry",
  "target_emotion": "happy",
  "emo_text_clean": [
    "Angry",
    "Angry",
    "\u62b1\u6b49"
  ],
  "emo_text_adv": [
    "happy",
    "happy",
    "happy"
  ],
  "emo_pred_clean": [
    "angry",
    "angry",
    ""
  ],
  "emo_pred_adv": [
    "happy",
    "happy",
    "happy"
  ],
  "asr_text_clean": "\u4f60\u70e6\u6b7b\u4e86\uff0c\u6211\u53d7\u591f\u4e86\uff01",
  "asr_text_adv": "\u4f60\u628a\u6211\u7ed5\u6655\u5566",
  "success_emo": true,
  "wer": 1.0,
  "semantic_sim": 0.7846124172210693,
  "semantic_preserved": false,
  "delta_linf": 0.008000001311302185,
  "delta_l2": 0.9811308979988098,
  "snr_db": 23.88100211885124,
  "grad_norm_trace": [
    346.161865234375,
    633.5711059570312,
    275.486328125,
    412.0735168457031,
    82.74877166748047,
    65.7940673828125,
    61.692359924316406,
    79.39763641357422,
    58.90964889526367,
    46.701683044433594,
    106.49584197998047,
    81.88369750976562,
    54.900146484375,
    59.67859649658203,
    38.194427490234375,
    87.66492462158203,
    44.409088134765625,
    38.83524703979492,
    58.3506965637207,
    98.0216293334961,
    37.28703308105469,
    53.927223205566406,
    49.45682907104492,
    91.56208038330078,
    94.21232604980469,
    119.29146575927734,
    99.51058197021484,
    31.42852783203125,
    24.338333129882812,
    31.51979637145996,
    110.01480865478516,
    72.32109832763672,
    33.036441802978516,
    57.19083023071289,
    28.0919246673584,
    61.26577377319336,
    29.140968322753906,
    41.46343231201172,
    42.431480407714844,
    19.805435180664062,
    32.11024475097656,
    47.993595123291016,
    19.825429916381836,
    43.65061950683594,
    50.050559997558594,
    75.80921173095703,
    66.44390869140625,
    38.00605773925781,
    50.13026428222656,
    23.238758087158203,
    19.63431167602539,
    12.492634773254395,
    14.306225776672363,
    79.55135345458984,
    44.33686828613281,
    18.43781852722168,
    12.772146224975586,
    18.370040893554688,
    7.351673126220703,
    16.120986938476562
  ],
  "loss_trace": [
    {
      "step": 0,
      "total": 12.308794634097815,
      "emo": 12.30877685546875,
      "asr": 0.17778629064559937,
      "per": 0.0,
      "lambda_emo": 1.0,
      "lambda_asr": 0.0001,
      "lambda_per": 0.0
    },
    {
      "step": 1,
      "total": 10.571591402998566,
      "emo": 10.571558952331543,
      "asr": 0.3245066702365875,
      "per": 0.016547270119190216,
      "lambda_emo": 1.0,
      "lambda_asr": 0.0001,
      "lambda_per": 0.0
    },
    {
      "step": 2,
      "total": 8.601305134373904,
      "emo": 8.601221084594727,
      "asr": 0.8404977917671204,
      "per": 0.030427560210227966,
      "lambda_emo": 1.0,
      "lambda_asr": 0.0001,
      "lambda_per": 0.0
    },
    {
      "step": 3,
      "total": 8.113144130408763,
      "emo": 8.113046646118164,
      "asr": 0.97484290599823,
      "per": 0.03129596635699272,
      "lambda_emo": 1.0,
      "lambda_asr": 0.0001,
      "lambda_per": 0.0
    },
    {
      "step": 4,
      "total": 6.600135563826561,
      "emo": 6.600009918212891,
      "asr": 1.2564561367034912,
      "per": 0.03982072323560715,
      "lambda_emo": 1.0,
      "lambda_asr": 0.0001,
      "lambda_per": 0.0
    },
    {
      "step": 5,
      "total": 5.847393612372875,
      "emo": 5.847259044647217,
      "asr": 1.3456772565841675,
      "per": 0.04654411971569061,
      "lambda_emo": 1.0,
      "lambda_asr": 0.0001,
      "lambda_per": 0.0
    },
    {
      "step": 6,
      "total": 5.300495464289188,
      "emo": 5.300365447998047,
      "asr": 1.3001629114151,
      "per": 0.04648945853114128,
      "lambda_emo": 1.0,
      "lambda_asr": 0.0001,
      "lambda_per": 0.0
    },
    {
      "step": 7,
      "total": 4.7567381101608275,
      "emo": 4.756610870361328,
      "asr": 1.2723979949951172,
      "per": 0.04938610643148422,
      "lambda_emo": 1.0,
      "lambda_asr": 0.0001,
      "lambda_per": 0.0
    },
    {
      "step": 8,
      "total": 4.898272455537319,
      "emo": 4.898134231567383,
      "asr": 1.3822396993637085,
      "per": 0.04902045428752899,
      "lambda_emo": 1.0,
      "lambda_asr": 0.0001,
      "lambda_per": 0.0
    },
    {
      "step": 9,
      "total": 4.210661087536812,
      "emo": 4.210522651672363,
      "asr": 1.3843586444854736,
      "per": 0.05057873576879501,
      "lambda_emo": 1.0,
      "lambda_asr": 0.0001,
      "lambda_per": 0.0
    },
    {
      "step": 10,
      "total": 3.615547974181175,
      "emo": 3.6153974533081055,
      "asr": 1.5052087306976318,
      "per": 0.037899199873209,
      "lambda_emo": 1.0,
      "lambda_asr": 0.0001,
      "lambda_per": 0.0
    },
    {
      "step": 11,
      "total": 4.2796325751900675,
      "emo": 4.2795000076293945,
      "asr": 1.3256756067276,
      "per": 0.04344126209616661,
      "lambda_emo": 1.0,
      "lambda_asr": 0.0001,
      "lambda_per": 0.0
    },
    {
      "step": 12,
      "total": 4.284316233897209,
      "emo": 4.284152984619141,
      "asr": 1.6324927806854248,
      "per": 0.041852228343486786,
      "lambda_emo": 1.0,
      "lambda_asr": 0.0001,
      "lambda_per": 0.0
    },
    {
      "step": 13,
      "total": 3.4472740741968155,
      "emo": 3.447129964828491,
      "asr": 1.4410936832427979,
      "per": 0.04558737576007843,
      "lambda_emo": 1.0,
      "lambda_asr": 0.0001,
      "lambda_per": 0.0
    },
    {
      "step": 14,
      "total": 2.9333211965680124,
      "emo": 2.933168411254883,
      "asr": 1.5278531312942505,
      "per": 0.04345804080367088,
      "lambda_emo": 1.0,
      "lambda_asr": 0.0001,
      "lambda_per": 0.0
    },
    {
      "step": 15,
      "total": 2.584546539628506,
      "emo": 2.5843937397003174,
      "asr": 1.5279992818832397,
      "per": 0.041777484118938446,
      "lambda_emo": 1.0,
      "lambda_asr": 0.0001,
      "lambda_per": 0.0
    },
    {
      "step": 16,
      "total": 3.154092231786251,
      "emo": 3.1539511680603027,
      "asr": 1.4106372594833374,
      "per": 0.040160611271858215,
      "lambda_emo": 1.0,
      "lambda_asr": 0.0001,
      "lambda_per": 0.0
    },
    {
      "step": 17,
      "total": 2.4989208085298538,
      "emo": 2.4987668991088867,
      "asr": 1.5390942096710205,
      "per": 0.052663639187812805,
      "lambda_emo": 1.0,
      "lambda_asr": 0.0001,
      "lambda_per": 0.0
    },
    {
      "step": 18,
      "total": 2.6989441315174103,
      "emo": 2.6988062858581543,
      "asr": 1.3784565925598145,
      "per": 0.04706534743309021,
      "lambda_emo": 1.0,
      "lambda_asr": 0.0001,
      "lambda_per": 0.0
    },
    {
      "step": 19,
      "total": 3.1741499773144723,
      "emo": 3.1740317344665527,
      "asr": 1.1824284791946411,
      "per": 0.03623189032077789,
      "lambda_emo": 1.0,
      "lambda_asr": 0.0001,
      "lambda_per": 0.0
    },
    {
      "step": 20,
      "total": 2.4855509411658345,
      "emo": 2.472618579864502,
      "asr": 1.2931904792785645,
      "per": 0.04565085470676422,
      "lambda_emo": 1.0,
      "lambda_asr": 0.01,
      "lambda_per": 1e-05
    },
    {
      "step": 21,
      "total": 2.004484180034399,
      "emo": 1.990944266319275,
      "asr": 1.353941559791565,
      "per": 0.049811720848083496,
      "lambda_emo": 1.0,
      "lambda_asr": 0.01,
      "lambda_per": 1e-05
    },
    {
      "step": 22,
      "total": 1.81917643197041,
      "emo": 1.8035863637924194,
      "asr": 1.558968424797058,
      "per": 0.03839300200343132,
      "lambda_emo": 1.0,
      "lambda_asr": 0.01,
      "lambda_per": 1e-05
    },
    {
      "step": 23,
      "total": 2.2342716478952767,
      "emo": 2.220165967941284,
      "asr": 1.4105185270309448,
      "per": 0.04946836829185486,
      "lambda_emo": 1.0,
      "lambda_asr": 0.01,