{
  "sample_id": "11278_0001_angry_0001_000656",
  "path": "/data1/lixiang/OpenS2S_dataset/ESD/CN/0001/Angry/0001_000656.wav",
  "speaker_id": "0001",
  "ground_truth_emotion": "angry",
  "target_emotion": "happy",
  "emo_text_clean": [
    "Angry",
    "Angry",
    "\u4f60\u542c\u8d77\u6765"
  ],
  "emo_text_adv": [
    "Neutral",
    "Neutral",
    "Happy"
  ],
  "emo_pred_clean": [
    "angry",
    "angry",
    ""
  ],
  "emo_pred_adv": [
    "neutral",
    "neutral",
    "happy"
  ],
  "asr_text_clean": "\u4f60\u542c\u8d77\u6765",
  "asr_text_adv": "\u6211\u5728\u4e00\u4e2a\u673a\u68b0\u5316",
  "success_emo": false,
  "wer": 1.0,
  "semantic_sim": 0.30548155307769775,
  "semantic_preserved": false,
  "delta_linf": 0.008000016212463379,
  "delta_l2": 1.03898024559021,
  "snr_db": 22.791034371097343,
  "grad_norm_trace": [
    240.77841186523438,
    416.9516906738281,
    146.9199676513672,
    168.1385498046875,
    183.02725219726562,
    115.11702728271484,
    257.852294921875,
    106.84317779541016,
    96.4101333618164,
    63.92451858520508,
    52.22904968261719,
    41.90135955810547,
    69.90460968017578,
    30.25530242919922,
    46.4525032043457,
    51.95470428466797,
    54.50817108154297,
    24.310579299926758,
    84.42930603027344,
    47.30654525756836,
    55.33043670654297,
    32.345603942871094,
    45.075897216796875,
    36.309024810791016,
    24.9453067779541,
    20.942331314086914,
    26.6180477142334,
    27.864906311035156,
    57.33137512207031,
    79.30268859863281,
    25.857139587402344,
    35.554649353027344,
    34.57676315307617,
    25.307174682617188,
    33.84872055053711,
    80.38267517089844,
    34.839515686035156,
    37.754940032958984,
    42.221771240234375,
    30.07982063293457,
    153.32261657714844,
    50.262638092041016,
    59.20210266113281,
    181.03501892089844,
    82.47364807128906,
    32.063575744628906,
    38.77101516723633,
    25.930801391601562,
    39.89469528198242,
    34.93457794189453,
    125.93941497802734,
    31.519603729248047,
    157.06675720214844,
    191.46510314941406,
    52.844200134277344,
    26.47773551940918,
    23.44642448425293,
    61.67732238769531,
    38.843570709228516,
    22.010761260986328
  ],
  "loss_trace": [
    {
      "step": 0,
      "total": 11.819444843178987,
      "emo": 11.81937026977539,
      "asr": 0.7457340359687805,
      "per": 0.0,
      "lambda_emo": 1.0,
      "lambda_asr": 0.0001,
      "lambda_per": 0.0
    },
    {
      "step": 1,
      "total": 10.043954140293598,
      "emo": 10.043810844421387,
      "asr": 1.432958722114563,
      "per": 0.012748228386044502,
      "lambda_emo": 1.0,
      "lambda_asr": 0.0001,
      "lambda_per": 0.0
    },
    {
      "step": 2,
      "total": 6.041528506660462,
      "emo": 6.04099178314209,
      "asr": 5.36723518371582,
      "per": 0.028704825788736343,
      "lambda_emo": 1.0,
      "lambda_asr": 0.0001,
      "lambda_per": 0.0
    },
    {
      "step": 3,
      "total": 5.092207681751251,
      "emo": 5.091747283935547,
      "asr": 4.603978157043457,
      "per": 0.027162980288267136,
      "lambda_emo": 1.0,
      "lambda_asr": 0.0001,
      "lambda_per": 0.0
    },
    {
      "step": 4,
      "total": 6.241819803619385,
      "emo": 6.241481304168701,
      "asr": 3.3849945068359375,
      "per": 0.035613950341939926,
      "lambda_emo": 1.0,
      "lambda_asr": 0.0001,
      "lambda_per": 0.0
    },
    {
      "step": 5,
      "total": 5.222636847066879,
      "emo": 5.222264766693115,
      "asr": 3.720803737640381,
      "per": 0.03250855207443237,
      "lambda_emo": 1.0,
      "lambda_asr": 0.0001,
      "lambda_per": 0.0
    },
    {
      "step": 6,
      "total": 5.504882158470154,
      "emo": 5.504507064819336,
      "asr": 3.750936508178711,
      "per": 0.0326034240424633,
      "lambda_emo": 1.0,
      "lambda_asr": 0.0001,
      "lambda_per": 0.0
    },
    {
      "step": 7,
      "total": 4.907847878265381,
      "emo": 4.907419681549072,
      "asr": 4.2819671630859375,
      "per": 0.03202439472079277,
      "lambda_emo": 1.0,
      "lambda_asr": 0.0001,
      "lambda_per": 0.0
    },
    {
      "step": 8,
      "total": 5.056820913219452,
      "emo": 5.056396484375,
      "asr": 4.244288444519043,
      "per": 0.043211936950683594,
      "lambda_emo": 1.0,
      "lambda_asr": 0.0001,
      "lambda_per": 0.0
    },
    {
      "step": 9,
      "total": 4.708717926454544,
      "emo": 4.708347320556641,
      "asr": 3.706058979034424,
      "per": 0.04720475524663925,
      "lambda_emo": 1.0,
      "lambda_asr": 0.0001,
      "lambda_per": 0.0
    },
    {
      "step": 10,
      "total": 3.9912702222824095,
      "emo": 3.9908204078674316,
      "asr": 4.498144149780273,
      "per": 0.04404022917151451,
      "lambda_emo": 1.0,
      "lambda_asr": 0.0001,
      "lambda_per": 0.0
    },
    {
      "step": 11,
      "total": 5.2596910888671875,
      "emo": 5.2593231201171875,
      "asr": 3.6796875,
      "per": 0.03709191828966141,
      "lambda_emo": 1.0,
      "lambda_asr": 0.0001,
      "lambda_per": 0.0
    },
    {
      "step": 12,
      "total": 4.003425530695915,
      "emo": 4.003080368041992,
      "asr": 3.4516265392303467,
      "per": 0.0382310226559639,
      "lambda_emo": 1.0,
      "lambda_asr": 0.0001,
      "lambda_per": 0.0
    },
    {
      "step": 13,
      "total": 3.6018651664972303,
      "emo": 3.601480484008789,
      "asr": 3.846824884414673,
      "per": 0.03550252318382263,
      "lambda_emo": 1.0,
      "lambda_asr": 0.0001,
      "lambda_per": 0.0
    },
    {
      "step": 14,
      "total": 3.534622360420227,
      "emo": 3.5342118740081787,
      "asr": 4.104864120483398,
      "per": 0.03868895769119263,
      "lambda_emo": 1.0,
      "lambda_asr": 0.0001,
      "lambda_per": 0.0
    },
    {
      "step": 15,
      "total": 3.854018920612335,
      "emo": 3.853604316711426,
      "asr": 4.146039009094238,
      "per": 0.04334544390439987,
      "lambda_emo": 1.0,
      "lambda_asr": 0.0001,
      "lambda_per": 0.0
    },
    {
      "step": 16,
      "total": 3.702280192375183,
      "emo": 3.701854705810547,
      "asr": 4.254865646362305,
      "per": 0.03916415572166443,
      "lambda_emo": 1.0,
      "lambda_asr": 0.0001,
      "lambda_per": 0.0
    },
    {
      "step": 17,
      "total": 2.828393418979645,
      "emo": 2.827986478805542,
      "asr": 4.069401741027832,
      "per": 0.03584688901901245,
      "lambda_emo": 1.0,
      "lambda_asr": 0.0001,
      "lambda_per": 0.0
    },
    {
      "step": 18,
      "total": 3.0290252094745638,
      "emo": 3.0286765098571777,
      "asr": 3.4869961738586426,
      "per": 0.04734751209616661,
      "lambda_emo": 1.0,
      "lambda_asr": 0.0001,
      "lambda_per": 0.0
    },
    {
      "step": 19,
      "total": 3.2000668672561647,
      "emo": 3.1996524333953857,
      "asr": 4.144338607788086,
      "per": 0.04886749014258385,
      "lambda_emo": 1.0,
      "lambda_asr": 0.0001,
      "lambda_per": 0.0
    },
    {
      "step": 20,
      "total": 3.262915248149112,
      "emo": 3.2229456901550293,
      "asr": 3.9969189167022705,
      "per": 0.036882705986499786,
      "lambda_emo": 1.0,
      "lambda_asr": 0.01,
      "lambda_per": 1e-05
    },
    {
      "step": 21,
      "total": 2.850597319562212,
      "emo": 2.8081774711608887,
      "asr": 4.241950988769531,
      "per": 0.03385136276483536,
      "lambda_emo": 1.0,
      "lambda_asr": 0.01,
      "lambda_per": 1e-05
    },
    {
      "step": 22,
      "total": 2.6944965029009804,
      "emo": 2.6539831161499023,
      "asr": 4.0512919425964355,
      "per": 0.04673251137137413,
      "lambda_emo": 1.0,
      "lambda_asr": 0.01,
      "lambda_per": 1e-05
    },
    {
      "step": 23,
      "total": 2.6864568635844437,
      "emo": 2.647566795349121,
      "asr": 3.888967514038086,
      "per": 0.03930949419736862,
      "lambda_emo": 1.0,
      "lambda_asr": 0.01,