{
  "sample_id": "11332_0001_angry_0001_000669",
  "path": "/data1/lixiang/OpenS2S_dataset/ESD/CN/0001/Angry/0001_000669.wav",
  "speaker_id": "0001",
  "ground_truth_emotion": "angry",
  "target_emotion": "happy",
  "emo_text_clean": [
    "Angry",
    "Angry",
    "\u5bb6\u91cc\u6709\u5168\u81ea\u52a8"
  ],
  "emo_text_adv": [
    "happy",
    "happy",
    "happy"
  ],
  "emo_pred_clean": [
    "angry",
    "angry",
    ""
  ],
  "emo_pred_adv": [
    "happy",
    "happy",
    "happy"
  ],
  "asr_text_clean": "\u5bb6\u91cc\u6709\u5168\u81ea\u52a8",
  "asr_text_adv": "\"Let's go kayaking!\"",
  "success_emo": true,
  "wer": 3.0,
  "semantic_sim": 0.17453382909297943,
  "semantic_preserved": false,
  "delta_linf": 0.008000001311302185,
  "delta_l2": 0.8028532266616821,
  "snr_db": 21.857815450214378,
  "grad_norm_trace": [
    226.87855529785156,
    150.30825805664062,
    69.25013732910156,
    26.529434204101562,
    41.6859245300293,
    51.68201446533203,
    120.18079376220703,
    80.41844940185547,
    66.29866790771484,
    51.488624572753906,
    88.92771911621094,
    55.139095306396484,
    167.4386444091797,
    30.69546890258789,
    39.8433723449707,
    27.469032287597656,
    24.787424087524414,
    33.13191604614258,
    33.4894905090332,
    58.668052673339844,
    61.29650115966797,
    50.11449432373047,
    35.93623733520508,
    39.95785140991211,
    29.642507553100586,
    30.459959030151367,
    33.222774505615234,
    95.28352355957031,
    45.30805206298828,
    54.239158630371094,
    53.79897689819336,
    41.34642791748047,
    23.398090362548828,
    25.62574577331543,
    20.418628692626953,
    29.28958511352539,
    27.753061294555664,
    35.6162109375,
    37.368404388427734,
    24.282089233398438,
    31.30645751953125,
    56.290035247802734,
    33.1515998840332,
    34.84645462036133,
    40.72376251220703,
    24.17724609375,
    27.78839874267578,
    17.061933517456055,
    23.63402557373047,
    23.148244857788086,
    35.22230911254883,
    25.207979202270508,
    38.94471740722656,
    29.066177368164062,
    26.888887405395508,
    23.778738021850586,
    19.55430793762207,
    21.298782348632812,
    21.016815185546875,
    20.29724884033203
  ],
  "loss_trace": [
    {
      "step": 0,
      "total": 6.870408700710535,
      "emo": 6.870349884033203,
      "asr": 0.5881667733192444,
      "per": 0.0,
      "lambda_emo": 1.0,
      "lambda_asr": 0.0001,
      "lambda_per": 0.0
    },
    {
      "step": 1,
      "total": 6.867933070790768,
      "emo": 6.8678693771362305,
      "asr": 0.6369365453720093,
      "per": 0.008219491690397263,
      "lambda_emo": 1.0,
      "lambda_asr": 0.0001,
      "lambda_per": 0.0
    },
    {
      "step": 2,
      "total": 4.712441828119755,
      "emo": 4.712377548217773,
      "asr": 0.6427990198135376,
      "per": 0.01744641363620758,
      "lambda_emo": 1.0,
      "lambda_asr": 0.0001,
      "lambda_per": 0.0
    },
    {
      "step": 3,
      "total": 4.030459027290345,
      "emo": 4.030414581298828,
      "asr": 0.4444599151611328,
      "per": 0.01849960908293724,
      "lambda_emo": 1.0,
      "lambda_asr": 0.0001,
      "lambda_per": 0.0
    },
    {
      "step": 4,
      "total": 4.032045065864921,
      "emo": 4.031998157501221,
      "asr": 0.46908363699913025,
      "per": 0.023476190865039825,
      "lambda_emo": 1.0,
      "lambda_asr": 0.0001,
      "lambda_per": 0.0
    },
    {
      "step": 5,
      "total": 3.9769584628760817,
      "emo": 3.97690749168396,
      "asr": 0.5097119212150574,
      "per": 0.023012084886431694,
      "lambda_emo": 1.0,
      "lambda_asr": 0.0001,
      "lambda_per": 0.0
    },
    {
      "step": 6,
      "total": 3.857191229391098,
      "emo": 3.856534957885742,
      "asr": 6.56271505355835,
      "per": 0.022844895720481873,
      "lambda_emo": 1.0,
      "lambda_asr": 0.0001,
      "lambda_per": 0.0
    },
    {
      "step": 7,
      "total": 4.741940860652924,
      "emo": 4.740908622741699,
      "asr": 10.322379112243652,
      "per": 0.030592111870646477,
      "lambda_emo": 1.0,
      "lambda_asr": 0.0001,
      "lambda_per": 0.0
    },
    {
      "step": 8,
      "total": 4.64176341714859,
      "emo": 4.640725135803223,
      "asr": 10.382813453674316,
      "per": 0.03561868518590927,
      "lambda_emo": 1.0,
      "lambda_asr": 0.0001,
      "lambda_per": 0.0
    },
    {
      "step": 9,
      "total": 3.793315209674835,
      "emo": 3.7922897338867188,
      "asr": 10.25475788116455,
      "per": 0.03094199299812317,
      "lambda_emo": 1.0,
      "lambda_asr": 0.0001,
      "lambda_per": 0.0
    },
    {
      "step": 10,
      "total": 3.8525147894859315,
      "emo": 3.8514564037323,
      "asr": 10.583857536315918,
      "per": 0.03462126851081848,
      "lambda_emo": 1.0,
      "lambda_asr": 0.0001,
      "lambda_per": 0.0
    },
    {
      "step": 11,
      "total": 3.733464029598236,
      "emo": 3.7324161529541016,
      "asr": 10.478766441345215,
      "per": 0.031372614204883575,
      "lambda_emo": 1.0,
      "lambda_asr": 0.0001,
      "lambda_per": 0.0
    },
    {
      "step": 12,
      "total": 4.186325369787216,
      "emo": 4.185833930969238,
      "asr": 4.914388179779053,
      "per": 0.03920849785208702,
      "lambda_emo": 1.0,
      "lambda_asr": 0.0001,
      "lambda_per": 0.0
    },
    {
      "step": 13,
      "total": 3.809143166732788,
      "emo": 3.8080549240112305,
      "asr": 10.882427215576172,
      "per": 0.044281255453825,
      "lambda_emo": 1.0,
      "lambda_asr": 0.0001,
      "lambda_per": 0.0
    },
    {
      "step": 14,
      "total": 3.7202702906608582,
      "emo": 3.719210386276245,
      "asr": 10.599043846130371,
      "per": 0.03573587164282799,
      "lambda_emo": 1.0,
      "lambda_asr": 0.0001,
      "lambda_per": 0.0
    },
    {
      "step": 15,
      "total": 3.5802078083992006,
      "emo": 3.579131603240967,
      "asr": 10.762051582336426,
      "per": 0.03811153769493103,
      "lambda_emo": 1.0,
      "lambda_asr": 0.0001,
      "lambda_per": 0.0
    },
    {
      "step": 16,
      "total": 3.581349329662323,
      "emo": 3.580270290374756,
      "asr": 10.790392875671387,
      "per": 0.033744167536497116,
      "lambda_emo": 1.0,
      "lambda_asr": 0.0001,
      "lambda_per": 0.0
    },
    {
      "step": 17,
      "total": 3.3120967314720153,
      "emo": 3.3110387325286865,
      "asr": 10.579989433288574,
      "per": 0.04154844209551811,
      "lambda_emo": 1.0,
      "lambda_asr": 0.0001,
      "lambda_per": 0.0
    },
    {
      "step": 18,
      "total": 3.475958342266083,
      "emo": 3.4749038219451904,
      "asr": 10.54520320892334,
      "per": 0.040377091616392136,
      "lambda_emo": 1.0,
      "lambda_asr": 0.0001,
      "lambda_per": 0.0
    },
    {
      "step": 19,
      "total": 3.269211743545532,
      "emo": 3.268155574798584,
      "asr": 10.561687469482422,
      "per": 0.0420040637254715,
      "lambda_emo": 1.0,
      "lambda_asr": 0.0001,
      "lambda_per": 0.0
    },
    {
      "step": 20,
      "total": 2.780067624566257,
      "emo": 2.674152374267578,
      "asr": 10.591479301452637,
      "per": 0.0457284152507782,
      "lambda_emo": 1.0,
      "lambda_asr": 0.01,
      "lambda_per": 1e-05
    },
    {
      "step": 21,
      "total": 3.1987366264422237,
      "emo": 3.0909132957458496,
      "asr": 10.782291412353516,
      "per": 0.041657283902168274,
      "lambda_emo": 1.0,
      "lambda_asr": 0.01,
      "lambda_per": 1e-05
    },
    {
      "step": 22,
      "total": 2.929895553326569,
      "emo": 2.8231258392333984,
      "asr": 10.676937103271484,
      "per": 0.03430604562163353,
      "lambda_emo": 1.0,
      "lambda_asr": 0.01,
      "lambda_per": 1e-05
    },
    {
      "step": 23,
      "total": 2.6962754440160843,
      "emo": 2.591942310333252,
      "asr": 10.433279991149902,
      "per": 0.033377133309841156,
      "lambda_emo": 1.0,
      "lambda_asr": 0.01,