{
  "sample_id": "11359_0001_angry_0001_000454",
  "path": "/data1/lixiang/OpenS2S_dataset/ESD/CN/0001/Angry/0001_000454.wav",
  "speaker_id": "0001",
  "ground_truth_emotion": "angry",
  "target_emotion": "happy",
  "emo_text_clean": [
    "Angry",
    "Angry",
    "\u62b1\u6b49"
  ],
  "emo_text_adv": [
    "Happy",
    "Happy",
    "Happy"
  ],
  "emo_pred_clean": [
    "angry",
    "angry",
    ""
  ],
  "emo_pred_adv": [
    "happy",
    "happy",
    "happy"
  ],
  "asr_text_clean": "\u62b1\u6b49",
  "asr_text_adv": "\u6211\u627e\u5230\u4e86\u6211\u7684\u771f\u631a",
  "success_emo": true,
  "wer": 1.0,
  "semantic_sim": 0.4406338334083557,
  "semantic_preserved": false,
  "delta_linf": 0.008000001311302185,
  "delta_l2": 0.906499981880188,
  "snr_db": 22.417393783138785,
  "grad_norm_trace": [
    107.85807800292969,
    71.26224517822266,
    172.2891387939453,
    70.85394287109375,
    36.3384895324707,
    52.80278015136719,
    37.11552810668945,
    51.72543716430664,
    42.73504638671875,
    47.586299896240234,
    73.31468200683594,
    71.44185638427734,
    58.49078369140625,
    94.5405502319336,
    72.8699722290039,
    151.2348175048828,
    66.50399780273438,
    47.18630599975586,
    102.70930480957031,
    74.65213012695312,
    94.57228088378906,
    62.25071334838867,
    90.74895477294922,
    58.393489837646484,
    50.91549301147461,
    59.419708251953125,
    51.73600387573242,
    145.31488037109375,
    71.98294067382812,
    62.26008987426758,
    46.498924255371094,
    98.75540924072266,
    55.70506286621094,
    44.70848083496094,
    32.91340255737305,
    116.16229248046875,
    74.27103424072266,
    31.60357666015625,
    335.8003234863281,
    63.275672912597656,
    95.73374938964844,
    69.79859161376953,
    99.65103912353516,
    38.610877990722656,
    65.90863800048828,
    31.45320701599121,
    24.287466049194336,
    17.027029037475586,
    73.27395629882812,
    24.3112735748291,
    33.77948760986328,
    22.593965530395508,
    20.87674331665039,
    30.02609634399414,
    64.1959228515625,
    29.59918975830078,
    81.72662353515625,
    46.24295425415039,
    24.28826141357422,
    47.03389358520508
  ],
  "loss_trace": [
    {
      "step": 0,
      "total": 13.848479163575172,
      "emo": 13.848320007324219,
      "asr": 1.5915625095367432,
      "per": 0.0,
      "lambda_emo": 1.0,
      "lambda_asr": 0.0001,
      "lambda_per": 0.0
    },
    {
      "step": 1,
      "total": 13.449555647349358,
      "emo": 13.449309349060059,
      "asr": 2.4629828929901123,
      "per": 0.007220092695206404,
      "lambda_emo": 1.0,
      "lambda_asr": 0.0001,
      "lambda_per": 0.0
    },
    {
      "step": 2,
      "total": 12.697675565719605,
      "emo": 12.697423934936523,
      "asr": 2.516307830810547,
      "per": 0.00717524066567421,
      "lambda_emo": 1.0,
      "lambda_asr": 0.0001,
      "lambda_per": 0.0
    },
    {
      "step": 3,
      "total": 8.789420227861404,
      "emo": 8.789039611816406,
      "asr": 3.8061604499816895,
      "per": 0.019682709127664566,
      "lambda_emo": 1.0,
      "lambda_asr": 0.0001,
      "lambda_per": 0.0
    },
    {
      "step": 4,
      "total": 8.160301678037644,
      "emo": 8.159883499145508,
      "asr": 4.181788921356201,
      "per": 0.02105499431490898,
      "lambda_emo": 1.0,
      "lambda_asr": 0.0001,
      "lambda_per": 0.0
    },
    {
      "step": 5,
      "total": 7.760010755372047,
      "emo": 7.759660720825195,
      "asr": 3.500345468521118,
      "per": 0.015471570193767548,
      "lambda_emo": 1.0,
      "lambda_asr": 0.0001,
      "lambda_per": 0.0
    },
    {
      "step": 6,
      "total": 7.520793649244308,
      "emo": 7.520448207855225,
      "asr": 3.454413890838623,
      "per": 0.022329887375235558,
      "lambda_emo": 1.0,
      "lambda_asr": 0.0001,
      "lambda_per": 0.0
    },
    {
      "step": 7,
      "total": 7.565191101956367,
      "emo": 7.564852714538574,
      "asr": 3.3838741779327393,
      "per": 0.018875200301408768,
      "lambda_emo": 1.0,
      "lambda_asr": 0.0001,
      "lambda_per": 0.0
    },
    {
      "step": 8,
      "total": 7.463921291399002,
      "emo": 7.463551998138428,
      "asr": 3.692932605743408,
      "per": 0.01907315105199814,
      "lambda_emo": 1.0,
      "lambda_asr": 0.0001,
      "lambda_per": 0.0
    },
    {
      "step": 9,
      "total": 7.305328907728195,
      "emo": 7.304999351501465,
      "asr": 3.295562267303467,
      "per": 0.025500258430838585,
      "lambda_emo": 1.0,
      "lambda_asr": 0.0001,
      "lambda_per": 0.0
    },
    {
      "step": 10,
      "total": 7.053574359917641,
      "emo": 7.053262233734131,
      "asr": 3.1212618350982666,
      "per": 0.026057090610265732,
      "lambda_emo": 1.0,
      "lambda_asr": 0.0001,
      "lambda_per": 0.0
    },
    {
      "step": 11,
      "total": 7.065146274757385,
      "emo": 7.0647125244140625,
      "asr": 4.337503433227539,
      "per": 0.03090299293398857,
      "lambda_emo": 1.0,
      "lambda_asr": 0.0001,
      "lambda_per": 0.0
    },
    {
      "step": 12,
      "total": 6.96892453751564,
      "emo": 6.9684672355651855,
      "asr": 4.573019504547119,
      "per": 0.02965366654098034,
      "lambda_emo": 1.0,
      "lambda_asr": 0.0001,
      "lambda_per": 0.0
    },
    {
      "step": 13,
      "total": 5.942915375709534,
      "emo": 5.942477226257324,
      "asr": 4.381494522094727,
      "per": 0.030282801017165184,
      "lambda_emo": 1.0,
      "lambda_asr": 0.0001,
      "lambda_per": 0.0
    },
    {
      "step": 14,
      "total": 6.000416007328034,
      "emo": 5.999908447265625,
      "asr": 5.075600624084473,
      "per": 0.028368696570396423,
      "lambda_emo": 1.0,
      "lambda_asr": 0.0001,
      "lambda_per": 0.0
    },
    {
      "step": 15,
      "total": 5.880347156095505,
      "emo": 5.879857063293457,
      "asr": 4.900928020477295,
      "per": 0.03082003816962242,
      "lambda_emo": 1.0,
      "lambda_asr": 0.0001,
      "lambda_per": 0.0
    },
    {
      "step": 16,
      "total": 5.769455222845077,
      "emo": 5.768932342529297,
      "asr": 5.2288031578063965,
      "per": 0.033003538846969604,
      "lambda_emo": 1.0,
      "lambda_asr": 0.0001,
      "lambda_per": 0.0
    },
    {
      "step": 17,
      "total": 5.3198581392288204,
      "emo": 5.319334983825684,
      "asr": 5.23155403137207,
      "per": 0.02960628643631935,
      "lambda_emo": 1.0,
      "lambda_asr": 0.0001,
      "lambda_per": 0.0
    },
    {
      "step": 18,
      "total": 5.988316684484482,
      "emo": 5.987826824188232,
      "asr": 4.8986029624938965,
      "per": 0.02993636578321457,
      "lambda_emo": 1.0,
      "lambda_asr": 0.0001,
      "lambda_per": 0.0
    },
    {
      "step": 19,
      "total": 5.139838885211945,
      "emo": 5.139337062835693,
      "asr": 5.018223762512207,
      "per": 0.034081317484378815,
      "lambda_emo": 1.0,
      "lambda_asr": 0.0001,
      "lambda_per": 0.0
    },
    {
      "step": 20,
      "total": 5.021080256334581,
      "emo": 4.969255447387695,
      "asr": 5.182445526123047,
      "per": 0.03536856546998024,
      "lambda_emo": 1.0,
      "lambda_asr": 0.01,
      "lambda_per": 1e-05
    },
    {
      "step": 21,
      "total": 4.4707085342784225,
      "emo": 4.414931297302246,
      "asr": 5.577691078186035,
      "per": 0.03261943161487579,
      "lambda_emo": 1.0,
      "lambda_asr": 0.01,
      "lambda_per": 1e-05
    },
    {
      "step": 22,
      "total": 4.943803443787098,
      "emo": 4.902596473693848,
      "asr": 4.12065315246582,
      "per": 0.04385685920715332,
      "lambda_emo": 1.0,
      "lambda_asr": 0.01,
      "lambda_per": 1e-05
    },
    {
      "step": 23,
      "total": 4.042575100886338,
      "emo": 3.991792678833008,
      "asr": 5.0781989097595215,
      "per": 0.04329557344317436,
      "lambda_emo": 1.0,
      "lambda_asr": 0.01,