{
  "sample_id": "11499_0001_angry_0001_000590",
  "path": "/data1/lixiang/OpenS2S_dataset/ESD/CN/0001/Angry/0001_000590.wav",
  "speaker_id": "0001",
  "ground_truth_emotion": "angry",
  "target_emotion": "happy",
  "emo_text_clean": [
    "Angry.",
    "Angry",
    "\u5927\u7ea6\u4e00\u4e2a\u5c0f\u65f6"
  ],
  "emo_text_adv": [
    "Happy",
    "Happy",
    "Happy!"
  ],
  "emo_pred_clean": [
    "angry",
    "angry",
    ""
  ],
  "emo_pred_adv": [
    "happy",
    "happy",
    "happy"
  ],
  "asr_text_clean": "\u5927\u7ea6\u4e00\u4e2a\u5c0f\u65f6",
  "asr_text_adv": "\u5927\u7ea6\u4e00\u4e2a\u5c0f\u65f6",
  "success_emo": true,
  "wer": 0.0,
  "semantic_sim": 1.000000238418579,
  "semantic_preserved": true,
  "delta_linf": 0.008000001311302185,
  "delta_l2": 0.7860012650489807,
  "snr_db": 20.870567946145833,
  "grad_norm_trace": [
    222.8394012451172,
    132.76121520996094,
    258.5998840332031,
    258.92645263671875,
    25.953641891479492,
    36.077239990234375,
    25.337312698364258,
    50.348915100097656,
    37.09839630126953,
    32.31300735473633,
    47.488685607910156,
    22.00420570373535,
    22.315141677856445,
    38.13081741333008,
    36.055702209472656,
    40.60775375366211,
    42.56663513183594,
    39.38922119140625,
    97.70066833496094,
    33.067691802978516,
    44.380428314208984,
    46.60802459716797,
    43.65496063232422,
    41.40470504760742,
    31.192564010620117,
    60.23926544189453,
    94.23191833496094,
    100.86680603027344,
    58.372196197509766,
    45.73851013183594,
    30.807249069213867,
    56.47323989868164,
    26.357192993164062,
    27.16062355041504,
    25.375627517700195,
    22.523099899291992,
    23.96045684814453,
    28.499210357666016,
    57.25532150268555,
    29.005247116088867,
    51.66582489013672,
    44.169063568115234,
    52.626258850097656,
    75.30469512939453,
    62.8416862487793,
    24.287269592285156,
    19.394752502441406,
    44.37073516845703,
    54.78068923950195,
    36.9558219909668,
    35.103675842285156,
    26.85978126525879,
    23.726778030395508,
    32.7279052734375,
    17.997880935668945,
    27.426755905151367,
    19.152395248413086,
    19.143800735473633,
    51.277435302734375,
    60.74742126464844
  ],
  "loss_trace": [
    {
      "step": 0,
      "total": 9.874168303850293,
      "emo": 9.874147415161133,
      "asr": 0.20888689160346985,
      "per": 0.0,
      "lambda_emo": 1.0,
      "lambda_asr": 0.0001,
      "lambda_per": 0.0
    },
    {
      "step": 1,
      "total": 9.24494074344039,
      "emo": 9.244922637939453,
      "asr": 0.1810550093650818,
      "per": 0.010623487643897533,
      "lambda_emo": 1.0,
      "lambda_asr": 0.0001,
      "lambda_per": 0.0
    },
    {
      "step": 2,
      "total": 6.121187284253538,
      "emo": 6.121173858642578,
      "asr": 0.13425610959529877,
      "per": 0.01677568256855011,
      "lambda_emo": 1.0,
      "lambda_asr": 0.0001,
      "lambda_per": 0.0
    },
    {
      "step": 3,
      "total": 5.27867053566128,
      "emo": 5.278662204742432,
      "asr": 0.08330918848514557,
      "per": 0.027563808485865593,
      "lambda_emo": 1.0,
      "lambda_asr": 0.0001,
      "lambda_per": 0.0
    },
    {
      "step": 4,
      "total": 4.537669826830924,
      "emo": 4.537660598754883,
      "asr": 0.09228076040744781,
      "per": 0.040472447872161865,
      "lambda_emo": 1.0,
      "lambda_asr": 0.0001,
      "lambda_per": 0.0
    },
    {
      "step": 5,
      "total": 4.275687472533435,
      "emo": 4.2756781578063965,
      "asr": 0.09314727038145065,
      "per": 0.030963540077209473,
      "lambda_emo": 1.0,
      "lambda_asr": 0.0001,
      "lambda_per": 0.0
    },
    {
      "step": 6,
      "total": 4.225853646682203,
      "emo": 4.225842475891113,
      "asr": 0.1117079108953476,
      "per": 0.0346023291349411,
      "lambda_emo": 1.0,
      "lambda_asr": 0.0001,
      "lambda_per": 0.0
    },
    {
      "step": 7,
      "total": 4.224115311551094,
      "emo": 4.224102020263672,
      "asr": 0.13291287422180176,
      "per": 0.035621803253889084,
      "lambda_emo": 1.0,
      "lambda_asr": 0.0001,
      "lambda_per": 0.0
    },
    {
      "step": 8,
      "total": 4.5472828780137,
      "emo": 4.547271728515625,
      "asr": 0.11149498075246811,
      "per": 0.03876281529664993,
      "lambda_emo": 1.0,
      "lambda_asr": 0.0001,
      "lambda_per": 0.0
    },
    {
      "step": 9,
      "total": 4.153355774539709,
      "emo": 4.153343200683594,
      "asr": 0.12573856115341187,
      "per": 0.04056142270565033,
      "lambda_emo": 1.0,
      "lambda_asr": 0.0001,
      "lambda_per": 0.0
    },
    {
      "step": 10,
      "total": 4.246215929438174,
      "emo": 4.2462005615234375,
      "asr": 0.15367914736270905,
      "per": 0.035822223871946335,
      "lambda_emo": 1.0,
      "lambda_asr": 0.0001,
      "lambda_per": 0.0
    },
    {
      "step": 11,
      "total": 4.029072177626192,
      "emo": 4.029056549072266,
      "asr": 0.15628553926944733,
      "per": 0.03419869393110275,
      "lambda_emo": 1.0,
      "lambda_asr": 0.0001,
      "lambda_per": 0.0
    },
    {
      "step": 12,
      "total": 3.89826107634604,
      "emo": 3.898247480392456,
      "asr": 0.13595953583717346,
      "per": 0.0421297624707222,
      "lambda_emo": 1.0,
      "lambda_asr": 0.0001,
      "lambda_per": 0.0
    },
    {
      "step": 13,
      "total": 3.838485925669968,
      "emo": 3.8384666442871094,
      "asr": 0.19281382858753204,
      "per": 0.035891175270080566,
      "lambda_emo": 1.0,
      "lambda_asr": 0.0001,
      "lambda_per": 0.0
    },
    {
      "step": 14,
      "total": 3.72760183788836,
      "emo": 3.7275874614715576,
      "asr": 0.1437641680240631,
      "per": 0.02871246263384819,
      "lambda_emo": 1.0,
      "lambda_asr": 0.0001,
      "lambda_per": 0.0
    },
    {
      "step": 15,
      "total": 3.6225325989693404,
      "emo": 3.6225059032440186,
      "asr": 0.26695725321769714,
      "per": 0.03106904774904251,
      "lambda_emo": 1.0,
      "lambda_asr": 0.0001,
      "lambda_per": 0.0
    },
    {
      "step": 16,
      "total": 3.907292749425769,
      "emo": 3.907278060913086,
      "asr": 0.14688512682914734,
      "per": 0.03802608698606491,
      "lambda_emo": 1.0,
      "lambda_asr": 0.0001,
      "lambda_per": 0.0
    },
    {
      "step": 17,
      "total": 3.632035003373027,
      "emo": 3.6320133209228516,
      "asr": 0.2168245017528534,
      "per": 0.04120079427957535,
      "lambda_emo": 1.0,
      "lambda_asr": 0.0001,
      "lambda_per": 0.0
    },
    {
      "step": 18,
      "total": 3.4893310076907276,
      "emo": 3.4893112182617188,
      "asr": 0.19789429008960724,
      "per": 0.03130859136581421,
      "lambda_emo": 1.0,
      "lambda_asr": 0.0001,
      "lambda_per": 0.0
    },
    {
      "step": 19,
      "total": 3.685398787429929,
      "emo": 3.685382843017578,
      "asr": 0.15944412350654602,
      "per": 0.0343937985599041,
      "lambda_emo": 1.0,
      "lambda_asr": 0.0001,
      "lambda_per": 0.0
    },
    {
      "step": 20,
      "total": 3.0310816651807353,
      "emo": 3.0281996726989746,
      "asr": 0.28816163539886475,
      "per": 0.03761277720332146,
      "lambda_emo": 1.0,
      "lambda_asr": 0.01,
      "lambda_per": 1e-05
    },
    {
      "step": 21,
      "total": 2.9508530054523052,
      "emo": 2.948726177215576,
      "asr": 0.2126443237066269,
      "per": 0.03849996626377106,
      "lambda_emo": 1.0,
      "lambda_asr": 0.01,
      "lambda_per": 1e-05
    },
    {
      "step": 22,
      "total": 3.4262422171506284,
      "emo": 3.4233574867248535,
      "asr": 0.2884426712989807,
      "per": 0.030371278524398804,
      "lambda_emo": 1.0,
      "lambda_asr": 0.01,
      "lambda_per": 1e-05
    },
    {
      "step": 23,
      "total": 3.286139822218232,
      "emo": 3.2837600708007812,
      "asr": 0.23793311417102814,
      "per": 0.04202757403254509,