{
  "sample_id": "11613_0001_neutral_0001_000031",
  "path": "/data1/lixiang/OpenS2S_dataset/ESD/CN/0001/Neutral/0001_000031.wav",
  "speaker_id": "0001",
  "ground_truth_emotion": "neutral",
  "target_emotion": "happy",
  "emo_text_clean": [
    "Neutral",
    "Neutral",
    "\u5341\u70b9\u6574\u3002"
  ],
  "emo_text_adv": [
    "Happy",
    "Happy",
    "\u5341\u70b9\u6574\u3002"
  ],
  "emo_pred_clean": [
    "neutral",
    "neutral",
    ""
  ],
  "emo_pred_adv": [
    "happy",
    "happy",
    ""
  ],
  "asr_text_clean": "\u5341\u70b9\u6574\u3002",
  "asr_text_adv": "\u5341\u70b9\u6574\u3002",
  "success_emo": false,
  "wer": 0.0,
  "semantic_sim": 1.0,
  "semantic_preserved": true,
  "delta_linf": 0.008000016212463379,
  "delta_l2": 0.813432514667511,
  "snr_db": 34.27554820830132,
  "grad_norm_trace": [
    43.41045379638672,
    40.51904296875,
    54.36162567138672,
    205.86558532714844,
    26.380125045776367,
    60.97755813598633,
    17.37111473083496,
    14.925196647644043,
    10.986124038696289,
    20.58085060119629,
    17.69607925415039,
    15.101020812988281,
    39.77854537963867,
    25.87114143371582,
    147.97816467285156,
    23.807884216308594,
    22.328590393066406,
    23.75815773010254,
    12.045977592468262,
    14.594866752624512,
    13.628878593444824,
    20.215167999267578,
    25.064706802368164,
    10.161787986755371,
    13.305787086486816,
    26.94883155822754,
    20.77385902404785,
    22.64717674255371,
    24.859975814819336,
    35.002925872802734,
    52.52099609375,
    22.65781593322754,
    36.93299102783203,
    28.864425659179688,
    22.759313583374023,
    19.136632919311523,
    19.335281372070312,
    15.210249900817871,
    11.924056053161621,
    32.728294372558594,
    12.764467239379883,
    12.673675537109375,
    19.305437088012695,
    17.123769760131836,
    17.2200984954834,
    136.05088806152344,
    79.36731719970703,
    95.69767761230469,
    18.580894470214844,
    14.959574699401855,
    10.827911376953125,
    13.119403839111328,
    13.362778663635254,
    12.403413772583008,
    9.768769264221191,
    10.760783195495605,
    12.781614303588867,
    15.196584701538086,
    19.545513153076172,
    18.100093841552734
  ],
  "loss_trace": [
    {
      "step": 0,
      "total": 7.43974524718523,
      "emo": 7.4396562576293945,
      "asr": 0.8898955583572388,
      "per": 0.0,
      "lambda_emo": 1.0,
      "lambda_asr": 0.0001,
      "lambda_per": 0.0
    },
    {
      "step": 1,
      "total": 7.6388044222950935,
      "emo": 7.638729095458984,
      "asr": 0.7532683610916138,
      "per": 0.0013893828727304935,
      "lambda_emo": 1.0,
      "lambda_asr": 0.0001,
      "lambda_per": 0.0
    },
    {
      "step": 2,
      "total": 6.939266724783182,
      "emo": 6.939188003540039,
      "asr": 0.7872124314308167,
      "per": 0.002839175518602133,
      "lambda_emo": 1.0,
      "lambda_asr": 0.0001,
      "lambda_per": 0.0
    },
    {
      "step": 3,
      "total": 6.429745682507753,
      "emo": 6.429673194885254,
      "asr": 0.7248762249946594,
      "per": 0.004911312833428383,
      "lambda_emo": 1.0,
      "lambda_asr": 0.0001,
      "lambda_per": 0.0
    },
    {
      "step": 4,
      "total": 6.46298934443593,
      "emo": 6.462907314300537,
      "asr": 0.820301353931427,
      "per": 0.01308751292526722,
      "lambda_emo": 1.0,
      "lambda_asr": 0.0001,
      "lambda_per": 0.0
    },
    {
      "step": 5,
      "total": 5.870993397891522,
      "emo": 5.870894432067871,
      "asr": 0.9896582365036011,
      "per": 0.012298932299017906,
      "lambda_emo": 1.0,
      "lambda_asr": 0.0001,
      "lambda_per": 0.0
    },
    {
      "step": 6,
      "total": 5.644459820127487,
      "emo": 5.644356727600098,
      "asr": 1.0309252738952637,
      "per": 0.011797542683780193,
      "lambda_emo": 1.0,
      "lambda_asr": 0.0001,
      "lambda_per": 0.0
    },
    {
      "step": 7,
      "total": 5.616249849009514,
      "emo": 5.616130828857422,
      "asr": 1.1902015209197998,
      "per": 0.013959065079689026,
      "lambda_emo": 1.0,
      "lambda_asr": 0.0001,
      "lambda_per": 0.0
    },
    {
      "step": 8,
      "total": 5.3946735146641736,
      "emo": 5.394557476043701,
      "asr": 1.1603862047195435,
      "per": 0.01053802203387022,
      "lambda_emo": 1.0,
      "lambda_asr": 0.0001,
      "lambda_per": 0.0
    },
    {
      "step": 9,
      "total": 5.825280981993675,
      "emo": 5.825183868408203,
      "asr": 0.9711358547210693,
      "per": 0.014235623180866241,
      "lambda_emo": 1.0,
      "lambda_asr": 0.0001,
      "lambda_per": 0.0
    },
    {
      "step": 10,
      "total": 5.286776760220528,
      "emo": 5.286675930023193,
      "asr": 1.0083019733428955,
      "per": 0.015310872346162796,
      "lambda_emo": 1.0,
      "lambda_asr": 0.0001,
      "lambda_per": 0.0
    },
    {
      "step": 11,
      "total": 5.343398201131821,
      "emo": 5.343290328979492,
      "asr": 1.078721523284912,
      "per": 0.01063082180917263,
      "lambda_emo": 1.0,
      "lambda_asr": 0.0001,
      "lambda_per": 0.0
    },
    {
      "step": 12,
      "total": 5.212520968484879,
      "emo": 5.212408065795898,
      "asr": 1.1290268898010254,
      "per": 0.014874148182570934,
      "lambda_emo": 1.0,
      "lambda_asr": 0.0001,
      "lambda_per": 0.0
    },
    {
      "step": 13,
      "total": 5.76464986192584,
      "emo": 5.764560222625732,
      "asr": 0.8963930010795593,
      "per": 0.013329682871699333,
      "lambda_emo": 1.0,
      "lambda_asr": 0.0001,
      "lambda_per": 0.0
    },
    {
      "step": 14,
      "total": 5.358366247677803,
      "emo": 5.3582658767700195,
      "asr": 1.003709077835083,
      "per": 0.01617809757590294,
      "lambda_emo": 1.0,
      "lambda_asr": 0.0001,
      "lambda_per": 0.0
    },
    {
      "step": 15,
      "total": 5.348452861762047,
      "emo": 5.348354339599609,
      "asr": 0.9852216243743896,
      "per": 0.014836698770523071,
      "lambda_emo": 1.0,
      "lambda_asr": 0.0001,
      "lambda_per": 0.0
    },
    {
      "step": 16,
      "total": 5.208565130674839,
      "emo": 5.208456039428711,
      "asr": 1.0909124612808228,
      "per": 0.014086133800446987,
      "lambda_emo": 1.0,
      "lambda_asr": 0.0001,
      "lambda_per": 0.0
    },
    {
      "step": 17,
      "total": 5.313224061608315,
      "emo": 5.31312894821167,
      "asr": 0.9511339664459229,
      "per": 0.013047164306044579,
      "lambda_emo": 1.0,
      "lambda_asr": 0.0001,
      "lambda_per": 0.0
    },
    {
      "step": 18,
      "total": 5.0484270885586735,
      "emo": 5.048322677612305,
      "asr": 1.0441094636917114,
      "per": 0.01653299108147621,
      "lambda_emo": 1.0,
      "lambda_asr": 0.0001,
      "lambda_per": 0.0
    },
    {
      "step": 19,
      "total": 5.154536574119329,
      "emo": 5.154438018798828,
      "asr": 0.9855532050132751,
      "per": 0.015422804281115532,
      "lambda_emo": 1.0,
      "lambda_asr": 0.0001,
      "lambda_per": 0.0
    },
    {
      "step": 20,
      "total": 5.199961458410677,
      "emo": 5.190558433532715,
      "asr": 0.9402889609336853,
      "per": 0.013526862487196922,
      "lambda_emo": 1.0,
      "lambda_asr": 0.01,
      "lambda_per": 1e-05
    },
    {
      "step": 21,
      "total": 5.030760841825716,
      "emo": 5.021418571472168,
      "asr": 0.9342082142829895,
      "per": 0.018821071833372116,
      "lambda_emo": 1.0,
      "lambda_asr": 0.01,
      "lambda_per": 1e-05
    },
    {
      "step": 22,
      "total": 4.822894173969132,
      "emo": 4.812516212463379,
      "asr": 1.0377808809280396,
      "per": 0.015269647352397442,
      "lambda_emo": 1.0,
      "lambda_asr": 0.01,
      "lambda_per": 1e-05
    },
    {
      "step": 23,
      "total": 4.8661367496139745,
      "emo": 4.855638027191162,
      "asr": 1.0498571395874023,
      "per": 0.015102693811058998,
      "lambda_emo": 1.0,
      "lambda_asr": 0.01,