{
  "sample_id": "11693_0001_neutral_0001_000089",
  "path": "/data1/lixiang/OpenS2S_dataset/ESD/CN/0001/Neutral/0001_000089.wav",
  "speaker_id": "0001",
  "ground_truth_emotion": "neutral",
  "target_emotion": "happy",
  "emo_text_clean": [
    "Neutral",
    "Neutral",
    "\u662f\u5440\uff0c\u51b0\u6dc7\u6dcb"
  ],
  "emo_text_adv": [
    "Happy",
    "happy",
    "happy"
  ],
  "emo_pred_clean": [
    "neutral",
    "neutral",
    ""
  ],
  "emo_pred_adv": [
    "happy",
    "happy",
    "happy"
  ],
  "asr_text_clean": "\u662f\u7684\uff0c\u51b0\u6dc7\u6dcb",
  "asr_text_adv": "\u51b0\u6dc7\u6dcb",
  "success_emo": true,
  "wer": 1.0,
  "semantic_sim": 0.9258785843849182,
  "semantic_preserved": true,
  "delta_linf": 0.008000001311302185,
  "delta_l2": 0.8716747760772705,
  "snr_db": 27.987373351026584,
  "grad_norm_trace": [
    254.99630737304688,
    72.5628433227539,
    70.1927490234375,
    47.129371643066406,
    47.38740921020508,
    43.469627380371094,
    48.672760009765625,
    60.282230377197266,
    206.4604034423828,
    72.40172576904297,
    29.34944725036621,
    38.846500396728516,
    42.0717887878418,
    29.271663665771484,
    36.93632125854492,
    29.62346839904785,
    15.741140365600586,
    31.588687896728516,
    17.850812911987305,
    28.62605094909668,
    19.260915756225586,
    32.781707763671875,
    42.46590042114258,
    16.012662887573242,
    25.091041564941406,
    41.02239990234375,
    38.336185455322266,
    19.774526596069336,
    17.598594665527344,
    26.098012924194336,
    15.641526222229004,
    38.25595474243164,
    19.269607543945312,
    18.087474822998047,
    23.052907943725586,
    13.428881645202637,
    14.850934982299805,
    20.7060604095459,
    17.836498260498047,
    19.702600479125977,
    22.8758602142334,
    26.27622413635254,
    28.942323684692383,
    12.798611640930176,
    29.39282989501953,
    23.57899284362793,
    20.581771850585938,
    24.200775146484375,
    18.969575881958008,
    11.759567260742188,
    15.21357250213623,
    18.48222541809082,
    16.149810791015625,
    23.137531280517578,
    18.29922866821289,
    35.07088088989258,
    21.44277000427246,
    15.01188850402832,
    15.943540573120117,
    32.589378356933594
  ],
  "loss_trace": [
    {
      "step": 0,
      "total": 4.711193305599689,
      "emo": 4.711128234863281,
      "asr": 0.6507073640823364,
      "per": 0.0,
      "lambda_emo": 1.0,
      "lambda_asr": 0.0001,
      "lambda_per": 0.0
    },
    {
      "step": 1,
      "total": 4.879074615859985,
      "emo": 4.879008769989014,
      "asr": 0.6584587097167969,
      "per": 0.010843212716281414,
      "lambda_emo": 1.0,
      "lambda_asr": 0.0001,
      "lambda_per": 0.0
    },
    {
      "step": 2,
      "total": 4.203468482702971,
      "emo": 4.203395843505859,
      "asr": 0.7263919711112976,
      "per": 0.013643837533891201,
      "lambda_emo": 1.0,
      "lambda_asr": 0.0001,
      "lambda_per": 0.0
    },
    {
      "step": 3,
      "total": 3.5034116285264494,
      "emo": 3.5033469200134277,
      "asr": 0.6470851302146912,
      "per": 0.0134055707603693,
      "lambda_emo": 1.0,
      "lambda_asr": 0.0001,
      "lambda_per": 0.0
    },
    {
      "step": 4,
      "total": 3.4347641582369803,
      "emo": 3.4346988201141357,
      "asr": 0.6533812284469604,
      "per": 0.01684468984603882,
      "lambda_emo": 1.0,
      "lambda_asr": 0.0001,
      "lambda_per": 0.0
    },
    {
      "step": 5,
      "total": 2.9664314760327337,
      "emo": 2.9663543701171875,
      "asr": 0.7710591554641724,
      "per": 0.014631408266723156,
      "lambda_emo": 1.0,
      "lambda_asr": 0.0001,
      "lambda_per": 0.0
    },
    {
      "step": 6,
      "total": 2.6291898067355155,
      "emo": 2.629098892211914,
      "asr": 0.9091452360153198,
      "per": 0.012944662943482399,
      "lambda_emo": 1.0,
      "lambda_asr": 0.0001,
      "lambda_per": 0.0
    },
    {
      "step": 7,
      "total": 2.896315021812916,
      "emo": 2.8962392807006836,
      "asr": 0.7574111223220825,
      "per": 0.018596595153212547,
      "lambda_emo": 1.0,
      "lambda_asr": 0.0001,
      "lambda_per": 0.0
    },
    {
      "step": 8,
      "total": 2.7675111374020576,
      "emo": 2.767434597015381,
      "asr": 0.7654038667678833,
      "per": 0.016396988183259964,
      "lambda_emo": 1.0,
      "lambda_asr": 0.0001,
      "lambda_per": 0.0
    },
    {
      "step": 9,
      "total": 3.3628081017673015,
      "emo": 3.3627185821533203,
      "asr": 0.8951961398124695,
      "per": 0.01667073741555214,
      "lambda_emo": 1.0,
      "lambda_asr": 0.0001,
      "lambda_per": 0.0
    },
    {
      "step": 10,
      "total": 2.8717514293432234,
      "emo": 2.8716654777526855,
      "asr": 0.859515905380249,
      "per": 0.017726417630910873,
      "lambda_emo": 1.0,
      "lambda_asr": 0.0001,
      "lambda_per": 0.0
    },
    {
      "step": 11,
      "total": 2.589511877942085,
      "emo": 2.589435577392578,
      "asr": 0.7630054950714111,
      "per": 0.016844097524881363,
      "lambda_emo": 1.0,
      "lambda_asr": 0.0001,
      "lambda_per": 0.0
    },
    {
      "step": 12,
      "total": 2.6561982823491097,
      "emo": 2.6561055183410645,
      "asr": 0.9276400804519653,
      "per": 0.02081918902695179,
      "lambda_emo": 1.0,
      "lambda_asr": 0.0001,
      "lambda_per": 0.0
    },
    {
      "step": 13,
      "total": 2.4014142563581466,
      "emo": 2.401327610015869,
      "asr": 0.8664634227752686,
      "per": 0.02325727604329586,
      "lambda_emo": 1.0,
      "lambda_asr": 0.0001,
      "lambda_per": 0.0
    },
    {
      "step": 14,
      "total": 2.27623466565609,
      "emo": 2.2761471271514893,
      "asr": 0.875385046005249,
      "per": 0.025183070451021194,
      "lambda_emo": 1.0,
      "lambda_asr": 0.0001,
      "lambda_per": 0.0
    },
    {
      "step": 15,
      "total": 2.273594183164835,
      "emo": 2.273500442504883,
      "asr": 0.937406599521637,
      "per": 0.022440588101744652,
      "lambda_emo": 1.0,
      "lambda_asr": 0.0001,
      "lambda_per": 0.0
    },
    {
      "step": 16,
      "total": 2.409613432997465,
      "emo": 2.409529447555542,
      "asr": 0.8398544192314148,
      "per": 0.01789739727973938,
      "lambda_emo": 1.0,
      "lambda_asr": 0.0001,
      "lambda_per": 0.0
    },
    {
      "step": 17,
      "total": 2.2150476887106896,
      "emo": 2.21496844291687,
      "asr": 0.7924579381942749,
      "per": 0.02408457174897194,
      "lambda_emo": 1.0,
      "lambda_asr": 0.0001,
      "lambda_per": 0.0
    },
    {
      "step": 18,
      "total": 2.2474847489356993,
      "emo": 2.2473933696746826,
      "asr": 0.913792610168457,
      "per": 0.02530115656554699,
      "lambda_emo": 1.0,
      "lambda_asr": 0.0001,
      "lambda_per": 0.0
    },
    {
      "step": 19,
      "total": 2.023857054924965,
      "emo": 2.0237679481506348,
      "asr": 0.8910677433013916,
      "per": 0.02454567328095436,
      "lambda_emo": 1.0,
      "lambda_asr": 0.0001,
      "lambda_per": 0.0
    },
    {
      "step": 20,
      "total": 2.1120478381840697,
      "emo": 2.103055000305176,
      "asr": 0.8992584943771362,
      "per": 0.025293512269854546,
      "lambda_emo": 1.0,
      "lambda_asr": 0.01,
      "lambda_per": 1e-05
    },
    {
      "step": 21,
      "total": 2.1411853453434633,
      "emo": 2.1323564052581787,
      "asr": 0.8828692436218262,
      "per": 0.024764906615018845,
      "lambda_emo": 1.0,
      "lambda_asr": 0.01,
      "lambda_per": 1e-05
    },
    {
      "step": 22,
      "total": 2.0552744320491705,
      "emo": 2.046990156173706,
      "asr": 0.8284006118774414,
      "per": 0.026975668966770172,
      "lambda_emo": 1.0,
      "lambda_asr": 0.01,
      "lambda_per": 1e-05
    },
    {
      "step": 23,
      "total": 2.116519843293633,
      "emo": 2.1064600944519043,
      "asr": 1.0059504508972168,
      "per": 0.024433275684714317,