sample_id,speaker_id,ground_truth_emotion,target_emotion,pred_clean_1,pred_clean_2,pred_clean_3,pred_adv_1,pred_adv_2,pred_adv_3,success_emo,attack_success_p1,attack_success_p2,attack_success_p3,attack_success_joint,wer,semantic_sim,semantic_preserved,delta_linf,delta_l2,snr_db,initial_emo_loss,final_emo_loss,final_asr_loss,final_per_loss,final_total_loss,loss_reduction_rate,converge_step,total_steps,llm_judge_result,subset,asr_text_clean,asr_text_adv
00800_0001_angry_0001_000399,0001,angry,happy,neutral,neutral,neutral,happy,happy,happy,True,True,True,True,True,0.967741935483871,0.22663521766662598,False,0.008000001311302185,0.5802709460258484,27.443541533021563,3.1205382347106934,0.03704163432121277,1.620483160018921,0.019392983987927437,0.053246659851241857,0.9881297290611,3,60,,Voxtral_CN,"I'm sorry, but I can't provide physical objects like soccer balls and pens. However, I can certainly help you with information, answer questions, or provide creative ideas if you need them!",gave me some balloons and flowers.
00801_0001_angry_0001_000475,0001,angry,happy,neutral,neutral,happy,happy,happy,happy,True,True,True,True,True,0.5714285714285714,0.2341739684343338,False,0.008000001311302185,0.5574472546577454,29.036951797834895,1.9335999488830566,0.03607179969549179,2.4134910106658936,0.022512299939990044,0.060206934925150134,0.9813447452166469,4,60,,Voxtral_CN,"If you want to smell, go smell.","If you want to swim, you can swim."
00802_0001_angry_0001_000666,0001,angry,happy,neutral,neutral,neutral,happy,happy,happy,True,True,True,True,True,1.0,0.9586797952651978,True,0.008000001311302185,0.652356743812561,26.014218501304036,2.109339714050293,0.09362725913524628,0.6602997183799744,0.02618924155831337,0.1002305182114616,0.9556130013048179,4,60,,Voxtral_CN,每次你看到一些时尚衣物时,每次你看到一些时尚的物品时
00803_0001_angry_0001_000400,0001,angry,happy,sad,sad,sad,happy,happy,happy,True,True,True,True,True,8.0,0.23936142027378082,False,0.008000001311302185,0.7358110547065735,24.609095763022026,3.752225399017334,0.022969365119934082,1.125430703163147,0.023760169744491577,0.03422390975326299,0.9938784687279315,7,60,,Voxtral_CN,每次叫我都不给红包，不开心。,"Every time you call me tofu, I'm happy."
00804_0001_angry_0001_000655,0001,angry,happy,neutral,neutral,happy,happy,happy,happy,True,True,True,True,True,0.25,0.6844493746757507,False,0.008000001311302185,0.5683906078338623,26.472528587912723,2.149343490600586,0.14483273029327393,0.7949026226997375,0.02172118052840233,0.15278197373207658,0.9326153632834165,5,60,,Voxtral_CN,"I support you, he needs to be redone.","I support you, it needs to be remade."
00805_0001_angry_0001_000493,0001,angry,happy,neutral,neutral,happy,happy,happy,happy,True,True,True,True,True,1.0,0.7614266872406006,False,0.008000001311302185,0.5887371897697449,25.858199888877635,1.3129876852035522,0.021376965567469597,1.9740902185440063,0.01778527721762657,0.04111804560568184,0.9837188377253092,5,60,,Voxtral_CN,"Don't guess a girl's mind, but I don't need to guess.",女孩的心情，你别猜，带上我不要猜。
00806_0001_angry_0001_000613,0001,angry,happy,neutral,neutral,happy,happy,happy,happy,True,True,True,True,True,0.8,0.3530467748641968,False,0.008000001311302185,0.5690756440162659,24.858905421343596,2.1013660430908203,0.05821607634425163,2.049731492996216,0.022733448073267937,0.07871361860869451,0.9722960801923763,2,60,,Voxtral_CN,Maybe it's a good thing.,Maybe the world is delicious.
00807_0001_angry_0001_000488,0001,angry,happy,neutral,neutral,neutral,happy,happy,happy,True,True,True,True,True,1.25,0.5292485952377319,False,0.008000001311302185,0.6259877681732178,25.77316662625205,2.7325754165649414,0.07634527236223221,1.3346872329711914,0.0242435485124588,0.08969238712742925,0.9720610556988015,8,60,,Voxtral_CN,I can't control him.,I can't help but be attracted to him.
00808_0001_angry_0001_000410,0001,angry,happy,neutral,neutral,neutral,neutral,happy,happy,False,False,True,True,False,0.75,0.20191383361816406,False,0.008000001311302185,0.8320549130439758,24.846131039543977,3.4763782024383545,0.16279670596122742,2.7607569694519043,0.03694237023591995,0.19040464507944882,0.9531705998366229,11,60,,Voxtral_CN,Sit on the subway for about 20 minutes.,This land only needs about 20 degrees.
00809_0001_angry_0001_000585,0001,angry,happy,neutral,neutral,neutral,happy,happy,happy,True,True,True,True,True,1.2,-0.09266367554664612,False,0.008000001311302185,0.8353950381278992,21.23971344076623,3.651916265487671,0.033065952360630035,2.480815887451172,0.03939542546868324,0.05787450518939644,0.9909455885741086,3,60,,Voxtral_CN,"I like to exercise, but I don't play much basketball.","I love Lin Tong, she is the most beautiful girl in the world."
00810_0001_angry_0001_000503,0001,angry,happy,neutral,neutral,neutral,happy,happy,happy,True,True,True,True,True,1.0,0.0006247726269066334,False,0.008000001311302185,0.7512598037719727,21.23678401201621,1.7623709440231323,0.023207059130072594,2.8731186389923096,0.037841737270355225,0.051938623937368394,0.9868319100421075,1,60,,Voxtral_CN,What are we waiting for?,They were very happy
00811_0001_angry_0001_000625,0001,angry,happy,neutral,neutral,neutral,happy,happy,happy,True,True,True,True,True,0.8,0.6182968616485596,False,0.008000001311302185,0.6090065240859985,22.661221834922223,1.7600544691085815,0.022005368024110794,1.6245273351669312,0.021389400586485863,0.03825085526978597,0.9874973369231829,3,60,,Voxtral_CN,Then find a music player.,Then find a music that you can't stop.
00812_0001_angry_0001_000364,0001,angry,happy,neutral,happy,happy,happy,happy,happy,True,True,True,True,True,0.4,0.9309027194976807,True,0.008000001311302185,0.7635482549667358,21.666103084914198,0.7467573881149292,0.02078891173005104,0.5885907411575317,0.02485925517976284,0.026675067734178156,0.9721610899859601,0,60,,Voxtral_CN,"Whoever you don't know, I'm very happy to help you.",Who don't you know? I'm very happy to help you.
00813_0001_angry_0001_000450,0001,angry,happy,neutral,neutral,neutral,happy,happy,happy,True,True,True,True,True,0.0,1.0,True,0.008000001311302185,0.5321641564369202,24.229771464640727,1.7094318866729736,0.06331855803728104,0.5482642650604248,0.020146016031503677,0.0688014021480456,0.9629592974537778,3,60,,Voxtral_CN,I often go to the bar near our dormitory.,I often go to the bar near our dormitory.
00814_0001_angry_0001_000448,0001,angry,happy,neutral,neutral,neutral,happy,happy,happy,True,True,True,True,True,1.0,0.5498052835464478,False,0.008000001311302185,0.6380286812782288,24.19828730751717,2.6543936729431152,0.020422056317329407,1.6889199018478394,0.03513014316558838,0.03731160663723945,0.9923063196972264,3,60,,Voxtral_CN,I will only tease the landlord.,I only laugh at the owner of what?
00815_0001_angry_0001_000496,0001,angry,happy,neutral,neutral,neutral,neutral,happy,happy,False,False,True,True,False,0.6,0.6095471978187561,False,0.008000001311302185,0.6784726977348328,26.404445050644398,4.849420547485352,0.2945181727409363,1.6521121263504028,0.02707647532224655,0.31103956476919353,0.9392673475403865,16,60,,Voxtral_CN,I'm still a bit nervous.,Now I'm still a little competitive.
00816_0001_angry_0001_000468,0001,angry,happy,neutral,neutral,neutral,happy,happy,happy,True,True,True,True,True,1.0,0.7297428250312805,False,0.008000001311302185,0.6489248871803284,26.142381518464326,2.7699086666107178,0.022366991266608238,0.7835603952407837,0.02364627830684185,0.030202831681799144,0.991925007659557,7,60,,Voxtral_CN,Did your classmate fool you?,Your classmate has caught you.
00817_0001_angry_0001_000396,0001,angry,happy,neutral,neutral,neutral,happy,happy,happy,True,True,True,True,True,0.8,0.7155150175094604,False,0.008000001311302185,0.6458023190498352,24.391459028532758,1.8419578075408936,0.02271386794745922,0.6132394075393677,0.02784457802772522,0.028846540468633174,0.987668627449299,3,60,,Voxtral_CN,We can take turns driving.,We can drive in a circle.
00818_0001_angry_0001_000547,0001,angry,happy,neutral,neutral,neutral,happy,happy,happy,True,True,True,True,True,0.875,0.43434691429138184,False,0.008000001311302185,0.6194352507591248,27.702567839233904,3.2042415142059326,0.02785102091729641,2.0992279052734375,0.018831273540854454,0.04884348828276619,0.9913080768744118,6,60,,Voxtral_CN,"Why not? Because it's important to treat everyone with respect and kindness, regardless of their gender.",Why not? Let friends not be separated.
00819_0001_angry_0001_000402,0001,angry,happy,neutral,neutral,neutral,happy,happy,happy,True,True,True,True,True,0.1111111111111111,0.7511922717094421,False,0.008000001311302185,0.656303882598877,26.352341173505707,3.3377914428710938,0.02782331220805645,0.4784584045410156,0.022325973957777023,0.032608119513206184,0.9916641549706523,4,60,,Voxtral_CN,You shouldn't be afraid to start a new relationship.,You shouldn't be afraid to start a new feeling.
00820_0001_angry_0001_000528,0001,angry,happy,neutral,happy,happy,happy,happy,happy,True,True,True,True,True,0.4444444444444444,0.6330293416976929,False,0.00800000037997961,0.4257186949253082,31.16360229314514,1.1549485921859741,0.02549169585108757,1.0975135564804077,0.016636420041322708,0.03646699778009206,0.9779282852729927,2,60,,Voxtral_CN,"You spin one, I want to learn a bit.","I want to try one, I want to learn a bit."
00821_0001_angry_0001_000637,0001,angry,happy,happy,happy,happy,happy,happy,happy,True,True,True,True,True,0.5555555555555556,0.6577684879302979,False,0.00800000037997961,0.24114808440208435,30.27377977525644,0.18923720717430115,0.013677187263965607,0.6022422909736633,0.004816476255655289,0.019699658338464796,0.9277246400525879,0,60,,Voxtral_CN,I like to listen to it so much that I keep listening to it over and over again.,I like it so much that I keep repeating it.
00822_0001_angry_0001_000414,0001,angry,happy,neutral,neutral,happy,happy,happy,happy,True,True,True,True,True,0.4166666666666667,0.9102727174758911,True,0.008000001311302185,0.5205103158950806,27.77037065902556,1.6605700254440308,0.02527250349521637,0.8913652300834656,0.018056614324450493,0.03418633636219427,0.984780826398177,5,60,,Voxtral_CN,"I'm leaving now, I'll be back to pick you up this evening.",I'm leaving now. I'll be back to see you tonight.
00823_0001_angry_0001_000434,0001,angry,happy,neutral,neutral,neutral,happy,happy,happy,True,True,True,True,True,0.6,0.005624190904200077,False,0.008000001311302185,0.5607951879501343,27.41630358030517,2.5665054321289062,0.02953634411096573,2.2589991092681885,0.02108129672706127,0.052126546016614886,0.988491610521757,5,60,,Voxtral_CN,He seems to have a leg up on his secretary.,He seems to be swimming with his girlfriend.
00824_0001_angry_0001_000398,0001,angry,happy,neutral,neutral,happy,happy,happy,happy,True,True,True,True,True,0.3,0.8710595369338989,True,0.008000001311302185,0.4165719747543335,32.68910069689988,1.399703860282898,0.024055346846580505,0.5838059186935425,0.011531862430274487,0.029893521352140233,0.9828139740632574,3,60,,Voxtral_CN,"It's not too early, I'm here, please give me instructions.","It's not too early, I'm here, please guide me."
00825_0001_neutral_0001_000251,0001,neutral,happy,neutral,happy,neutral,neutral,happy,happy,False,False,True,True,False,1.75,0.7206591367721558,False,0.00800000037997961,0.5755875706672668,35.1837680658886,1.2112189531326294,0.24415621161460876,1.2048790454864502,0.014225788414478302,0.2562051443273574,0.7984210773922116,4,60,,Voxtral_CN,Only humans need novels.,"Not read books, only human beings need."
00826_0001_neutral_0001_000293,0001,neutral,happy,neutral,neutral,happy,happy,happy,happy,True,True,True,True,True,0.5,0.9468801021575928,True,0.008000001311302185,0.44043758511543274,33.280301365699295,1.178722620010376,0.14652204513549805,1.0121246576309204,0.011156472377479076,0.156643403276531,0.8756942111332281,1,60,,Voxtral_CN,"Sit down, I looked at the screen display.","Sitting there, I watched the screen display."
00827_0001_neutral_0001_000198,0001,neutral,happy,neutral,happy,happy,happy,happy,happy,True,True,True,True,True,0.5,0.25923627614974976,False,0.008000001311302185,0.5709697604179382,30.684032376629517,0.9866318702697754,0.020564986392855644,1.439606785774231,0.011399509385228157,0.0349611682456918,0.9791563733013889,0,60,,Voxtral_CN,"Of course, we all have our own views.","Of course, we have a thousand years."
00828_0001_neutral_0001_000296,0001,neutral,happy,neutral,neutral,neutral,neutral,happy,happy,False,False,True,True,False,1.0,0.1542069911956787,False,0.008000001311302185,0.6269804835319519,34.696616492419444,3.0829391479492188,0.5646541118621826,1.9797606468200684,0.024836372584104538,0.5844519666941091,0.8168455215089819,8,60,,Voxtral_CN,Dubbo is often a side trip.,Dumbo often is a source of income.
00829_0001_neutral_0001_000320,0001,neutral,happy,neutral,neutral,neutral,happy,happy,happy,True,True,True,True,True,0.4444444444444444,0.9805437326431274,True,0.008000001311302185,0.49283215403556824,35.41019294135036,1.804019808769226,0.24788139760494232,0.4946059286594391,0.010109402239322662,0.2528275579855591,0.8625949690796041,7,60,,Voxtral_CN,"Thank you for coming here, tell me more details.",Thank you for coming here. Tell me more in detail.
00830_0001_neutral_0001_000065,0001,neutral,happy,neutral,neutral,neutral,happy,happy,happy,True,True,True,True,True,1.0,0.6398050785064697,False,0.008000001311302185,0.5297888517379761,34.222395248232885,1.712432622909546,0.06311929225921631,1.0062882900238037,0.012265082448720932,0.07318229781027882,0.9631405689106927,6,60,,Voxtral_CN,"Nothing wrong, just hold on to it now.",Nothing wrong with that. Enjoy it while you can.
00831_0001_neutral_0001_000034,0001,neutral,happy,neutral,neutral,happy,happy,happy,happy,True,True,True,True,True,0.2857142857142857,0.6129984259605408,False,0.00800000037997961,0.4880968928337097,35.13371901301519,1.489703893661499,0.07402868568897247,0.703113317489624,0.013247817754745483,0.08105995134204627,0.9503064427743291,3,60,,Voxtral_CN,"That's Marthe, she must be very brave.",That's Matt. He must be very brave.
00832_0001_neutral_0001_000083,0001,neutral,happy,neutral,happy,happy,happy,happy,happy,True,True,True,True,True,0.0,0.9999999403953552,True,0.00800000037997961,0.3033972978591919,39.6527778692903,0.2796216905117035,0.0291677787899971,0.6769886016845703,0.0060037365183234215,0.035937724844207986,0.8956884255415933,0,60,,Voxtral_CN,Every part of you is drawing me in.,Every part of you is drawing me in.
00833_0001_neutral_0001_000156,0001,neutral,happy,neutral,happy,happy,happy,happy,happy,True,True,True,True,True,0.3,0.9684999585151672,True,0.00800000037997961,0.28377196192741394,41.50767028620221,0.5010039806365967,0.08216755092144012,0.6464586853981018,0.006249799858778715,0.08863220027341973,0.8359942154211338,0,60,,Voxtral_CN,Congratulations! We are honoured to invite you to our wedding.,Congratulations! We invite you to our wedding.
00834_0001_neutral_0001_000112,0001,neutral,happy,happy,happy,happy,happy,happy,happy,True,True,True,True,True,0.0,0.9999998807907104,True,0.00800000037997961,0.16623486578464508,41.63162595128761,0.12454994767904282,0.024006735533475876,0.9126618504524231,0.0016845464706420898,0.03313337088346481,0.8072521427681392,0,60,,Voxtral_CN,"That's a good one. Actually, I'm feeling pretty good.","That's a good one. Actually, I'm feeling pretty good."
00835_0001_neutral_0001_000201,0001,neutral,happy,neutral,happy,neutral,neutral,happy,happy,False,False,True,True,False,0.4,0.8599005937576294,True,0.008000001311302185,0.44920632243156433,32.54657536642348,1.5512053966522217,0.31723326444625854,1.1213315725326538,0.014858715236186981,0.3284467287587374,0.7954924182633037,9,60,,Voxtral_CN,Just a lot of pictures.,"That is, a lot of pictures."
00836_0001_neutral_0001_000044,0001,neutral,happy,neutral,happy,neutral,happy,happy,happy,True,True,True,True,True,0.75,0.3722612261772156,False,0.008000001311302185,0.48365771770477295,36.35581440580684,0.9304642677307129,0.021625598892569542,0.9611201286315918,0.009434383362531662,0.031236894522719084,0.9767582704220209,0,60,,Voxtral_CN,"For example, the Wall Street Journal is good.","For example, if the World Cup is on, that's good."
00837_0001_neutral_0001_000125,0001,neutral,happy,neutral,neutral,happy,happy,happy,happy,True,True,True,True,True,0.6666666666666666,0.3904512822628021,False,0.00800000037997961,0.3039782643318176,41.84320752246503,0.9827741980552673,0.025546615943312645,1.0948106050491333,0.006638841237872839,0.036494788382216356,0.9740056098401192,0,60,,Voxtral_CN,"If you want to smell, go ahead and smell.","If you want to have fun, you go have fun."
00838_0001_neutral_0001_000228,0001,neutral,happy,neutral,happy,happy,happy,happy,happy,True,True,True,True,True,0.4,0.7867259979248047,False,0.00800000037997961,0.45763084292411804,35.14709298791898,0.6534267663955688,0.04005000740289688,0.9822289347648621,0.009624186903238297,0.049872392992414534,0.9387077336549577,0,60,,Voxtral_CN,"Okay, there's a music festival at the new music hall.","Good, there's a music party in the new music room."
00839_0001_neutral_0001_000242,0001,neutral,happy,neutral,neutral,neutral,sad,happy,happy,False,False,True,True,False,0.125,0.9911552667617798,True,0.008000001311302185,0.4825862944126129,36.69015095349352,1.647038459777832,0.410773366689682,1.150573492050171,0.012950429692864418,0.4222792311144807,0.7505988009866564,5,60,,Voxtral_CN,To prevent fish from eating the dead body.,To prevent the fish from eating the dead body.
00840_0001_neutral_0001_000052,0001,neutral,happy,neutral,neutral,neutral,happy,happy,happy,True,True,True,True,True,1.4444444444444444,0.5147116184234619,False,0.008000001311302185,0.5760910511016846,34.24785322566225,2.420219659805298,0.10371502488851547,1.0559929609298706,0.011202088557183743,0.11427506651869974,0.9571464414528146,5,60,,Voxtral_CN,You shouldn't be afraid to start a new relationship.,You shouldn’t be afraid of a love that makes you feel like you’re going to drown.
00841_0001_neutral_0001_000075,0001,neutral,happy,happy,happy,happy,happy,happy,happy,True,True,True,True,True,0.3,0.9941087365150452,True,0.00546654500067234,0.08236068487167358,50.89713436891982,0.0770236998796463,0.024185609072446823,0.5283478498458862,0.001210134825669229,0.029469099672253942,0.685997827808348,0,60,,Voxtral_CN,That's great! I also want to see the cute pandas.,That's great! I want to see the cute pandas too.
00842_0001_neutral_0001_000063,0001,neutral,happy,neutral,neutral,neutral,happy,happy,happy,True,True,True,True,True,1.0,0.27479398250579834,False,0.008000001311302185,0.5000731945037842,33.44043687164139,3.2153737545013428,0.030304860323667526,2.4206695556640625,0.014360989443957806,0.05451169949020259,0.9905750116044076,4,60,,Voxtral_CN,You know I'm really trying to quit drinking.,You ate the wine I made with great effort.
00843_0001_neutral_0001_000331,0001,neutral,happy,neutral,neutral,neutral,happy,happy,happy,True,True,True,True,True,0.1,0.958633542060852,True,0.008000001311302185,0.45811551809310913,38.105583670994726,1.3877571821212769,0.20526543259620667,0.6393884420394897,0.01094242837280035,0.21165942644088528,0.8520883658606291,2,60,,Voxtral_CN,So I asked him if he could buy my ticket.,So I asked him if he could buy my tickets.
00844_0001_neutral_0001_000318,0001,neutral,happy,neutral,neutral,happy,happy,happy,happy,True,True,True,True,True,1.0,0.8516168594360352,True,0.008000001311302185,0.69227135181427,29.396196869959006,1.5063565969467163,0.021627044305205345,1.535903811454773,0.019664321094751358,0.03698627906296403,0.9856428123665791,4,60,,Voxtral_CN,下午好，丁老师。我想我问错了人。,下午好，丁老师。我不想我问错了人。
00845_0001_neutral_0001_000309,0001,neutral,happy,neutral,happy,neutral,happy,happy,happy,True,True,True,True,True,11.0,0.6570969820022583,False,0.00800000037997961,0.3733483850955963,36.02791889267308,0.6972293257713318,0.05335808917880058,0.9069216251373291,0.009542165324091911,0.06242740085182711,0.9234712494059663,0,60,,Voxtral_CN,四个半月了。,It's been four and a half months since I got married.
00846_0001_neutral_0001_000229,0001,neutral,happy,neutral,neutral,happy,happy,happy,happy,True,True,True,True,True,0.7142857142857143,0.696757435798645,False,0.008000001311302185,0.5835346579551697,31.773609422132466,0.8201320171356201,0.053311675786972046,0.8817377686500549,0.021428178995847702,0.062129267755262556,0.9349962266158471,0,60,,Voxtral_CN,This is a good spot. Get out.,This is a good spot. I'll get off the bus.
00847_0001_neutral_0001_000007,0001,neutral,happy,neutral,neutral,neutral,neutral,happy,happy,False,False,True,True,False,0.2,0.9320141673088074,True,0.008000001311302185,0.4928799867630005,37.38147666975573,2.610419750213623,0.15067298710346222,0.381155401468277,0.01341386791318655,0.15448467525682413,0.9422801688919447,2,60,,Voxtral_CN,I call once a month.,I call you once a month.
00848_0001_neutral_0001_000130,0001,neutral,happy,neutral,neutral,happy,happy,happy,happy,True,True,True,True,True,0.2222222222222222,0.7159000635147095,False,0.00800000037997961,0.482282817363739,36.86582055102074,1.1235625743865967,0.09846644103527069,0.4787713587284088,0.010462160222232342,0.103254259244157,0.9123622989231125,2,60,,Voxtral_CN,My hope is to work until I fall down.,My hope is to work until I die.
00849_0001_neutral_0001_000332,0001,neutral,happy,neutral,neutral,neutral,happy,happy,happy,True,True,True,True,True,0.75,0.47638529539108276,False,0.008000001311302185,0.4197915494441986,38.498796196677596,1.5202240943908691,0.08570858836174011,1.2671356201171875,0.01042905729264021,0.09838004885348492,0.9436210827877437,3,60,,Voxtral_CN,I want a new model of American beer.,I want that kind of new American ice cream.
00850_0001_sad_0001_001210,0001,sad,happy,neutral,neutral,happy,happy,happy,happy,True,True,True,True,True,0.7142857142857143,0.47722041606903076,False,0.008000016212463379,0.4737454056739807,38.94679698138042,1.6697354316711426,0.0203518308699131,1.8433747291564941,0.009353293105959892,0.0387856716944091,0.9878113439507334,2,60,,Voxtral_CN,"Of course, he is our university's dean.",Of course! It’s our university’s championship!
00851_0001_sad_0001_001088,0001,sad,happy,neutral,neutral,neutral,happy,happy,happy,True,True,True,True,True,1.4,0.47773632407188416,False,0.008000001311302185,0.7674516439437866,29.959712548447804,3.6068243980407715,0.0206755381077528,2.15791916847229,0.017089862376451492,0.04225490069109947,0.994267661569833,4,60,,Voxtral_CN,"Of course, I'm starving now.",Of course I am. I am dying happily.
00852_0001_sad_0001_001078,0001,sad,happy,neutral,neutral,happy,neutral,happy,happy,False,False,True,True,False,0.6,0.721361517906189,False,0.008000001311302185,0.5244338512420654,34.84651973173169,1.3547332286834717,0.36790716648101807,1.0880186557769775,0.01073451153934002,0.37878746038390326,0.7284283291415611,2,60,,Voxtral_CN,"Right, it's the gate. The other two people asked him.","Yes, it was the car door. The other two people asked him,"
00853_0001_sad_0001_001329,0001,sad,happy,neutral,neutral,happy,happy,happy,happy,True,True,True,True,True,1.5,0.4023279547691345,False,0.00800000037997961,0.4036405384540558,39.85451167154364,1.3335156440734863,0.02973664365708828,2.0392825603485107,0.006916265934705734,0.05012953842323274,0.9777005663268773,2,60,,Voxtral_CN,I think so too.,"I want to win, I think I can."
00854_0001_sad_0001_001233,0001,sad,happy,sad,neutral,surprise,happy,happy,happy,True,True,True,True,True,0.9090909090909091,0.24300161004066467,False,0.00800000037997961,0.42957571148872375,40.95547828536456,2.440079689025879,0.028673497959971428,2.023768901824951,0.007722099311649799,0.04891126419921406,0.9882489501925167,3,60,,Voxtral_CN,You definitely can't tell that I don't have a child anymore.,"Definitely not, but I'm expecting a good one."
00855_0001_sad_0001_001089,0001,sad,happy,neutral,neutral,neutral,happy,happy,happy,True,True,True,True,True,1.3,0.5165352821350098,False,0.008000001311302185,0.6499139666557312,33.22368673061893,2.6543235778808594,0.09603500366210938,2.132288694381714,0.012871116399765015,0.1173580193170905,0.9638194060202784,7,60,,Voxtral_CN,No destination found. Please close the door when you leave.,"I even found the key to the door. When I left, I locked it."
00856_0001_sad_0001_001101,0001,sad,happy,neutral,neutral,neutral,happy,happy,happy,True,True,True,True,True,1.0,0.3818758428096771,False,0.008000001311302185,0.7005589008331299,33.115667809595934,2.519432783126831,0.06010029837489128,2.8176214694976807,0.021519413217902184,0.08827672826400026,0.9761453058889304,5,60,,Voxtral_CN,No problem. Maybe his wife will leak the secret.,You’ll be fine. Maybe he’ll come back alive.
00857_0001_sad_0001_001060,0001,sad,happy,neutral,neutral,neutral,neutral,happy,happy,False,False,True,True,False,1.0,0.8778644800186157,True,0.00800000037997961,0.5544562339782715,36.387144975579204,1.413564682006836,0.20295029878616333,0.6261301040649414,0.015574228018522263,0.20921175556909294,0.8564265920268784,4,60,,Voxtral_CN,個人收藏家，他們肯定有,私人收藏家，他们肯定有。
00858_0001_sad_0001_001275,0001,sad,happy,neutral,happy,happy,happy,happy,happy,True,True,True,True,True,0.375,0.8691890835762024,True,0.00800000037997961,0.19550560414791107,45.767916629767726,0.6810849905014038,0.021193310618400574,1.1986658573150635,0.0028815800324082375,0.03317999800735153,0.9688830161962629,0,60,,Voxtral_CN,"Almost, we both are very enthusiastic and harmonious.",We both are very enthusiastic and friendly.
00859_0001_sad_0001_001130,0001,sad,happy,neutral,happy,happy,happy,happy,happy,True,True,True,True,True,0.0,1.0,True,0.00800000037997961,0.2996582090854645,40.654128768845254,0.6661816239356995,0.03791201487183571,0.6466965079307556,0.00531646516174078,0.044379033115794886,0.9430905724360013,0,60,,Voxtral_CN,"Look, we're almost ready to go.","Look, we're almost ready to go."
00860_0001_sad_0001_001114,0001,sad,happy,neutral,neutral,neutral,happy,happy,happy,True,True,True,True,True,1.0,0.803966760635376,True,0.008000001311302185,0.681288480758667,31.159003074648535,1.5680747032165527,0.04693988710641861,1.241121768951416,0.016024187207221985,0.059351265037804836,0.9700652736695949,3,60,,Voxtral_CN,"I'm leaving, I'll be back tonight to see you.","Bye, I'll come back to have dinner with you tonight."
00861_0001_sad_0001_001330,0001,sad,happy,neutral,neutral,neutral,happy,happy,happy,True,True,True,True,True,0.4444444444444444,0.2135903537273407,False,0.008000001311302185,0.6069523096084595,36.471875959211,3.1882376670837402,0.043101053684949875,1.9587208032608032,0.01147525291889906,0.0626883764700871,0.986481229385771,7,60,,Voxtral_CN,Definitely not go to the center of the lake.,Definitely can go to the heart of the Red Sea.
00862_0001_sad_0001_001324,0001,sad,happy,sad,neutral,happy,happy,happy,happy,True,True,True,True,True,1.0,0.702804446220398,False,0.00800000037997961,0.45150646567344666,38.72574225954763,1.306309700012207,0.038730885833501816,0.9569706320762634,0.011371925473213196,0.04830070587351919,0.9703509161471128,2,60,,Voxtral_CN,"If it's illegal, I still want to keep it.","As long as he doesn’t break the law, I still want to keep him."
00863_0001_sad_0001_001065,0001,sad,happy,neutral,neutral,happy,happy,happy,happy,True,True,True,True,True,0.6,0.7725175619125366,False,0.008000001311302185,0.4733676016330719,34.697765816306514,0.9025297164916992,0.030483882874250412,1.765554428100586,0.006565537303686142,0.048139492810629306,0.9662239565997374,0,60,,Voxtral_CN,I like soccer and climbing.,I especially like playing basketball and climbing.
00864_0001_sad_0001_001183,0001,sad,happy,neutral,neutral,neutral,happy,happy,happy,True,True,True,True,True,0.0,0.9999998807907104,True,0.00800000037997961,0.442106693983078,37.83705368477393,0.8863515853881836,0.026195337995886803,0.7148076295852661,0.007820472121238708,0.03334349249646068,0.9704458835210247,0,60,,Voxtral_CN,Isn't Yiran still thinking I'm cute?,Isn't Yiran still thinking I'm cute?
00865_0001_sad_0001_001194,0001,sad,happy,sad,sad,neutral,neutral,happy,happy,False,False,True,True,False,1.2,0.6740730404853821,False,0.008000001311302185,0.7790140509605408,32.75788538157633,3.575244426727295,0.6125258207321167,1.7500537633895874,0.025591101497411728,0.6300266142770276,0.8286758197137278,28,60,,Voxtral_CN,"""Cutting calories is very painful.""",It's very painful to lose weight.
00866_0001_sad_0001_001388,0001,sad,happy,neutral,neutral,neutral,happy,happy,happy,True,True,True,True,True,0.0,1.0000001192092896,True,0.008000001311302185,0.6480941772460938,34.756139150832595,1.9913945198059082,0.17559079825878143,0.8138313293457031,0.014181964099407196,0.18372925337187948,0.9118252076560422,7,60,,Voxtral_CN,Young people should take responsibility.,Young people should take responsibility.
00867_0001_sad_0001_001075,0001,sad,happy,neutral,neutral,neutral,neutral,happy,happy,False,False,True,True,False,0.09090909090909091,0.9991376996040344,True,0.008000001311302185,0.6022524237632751,35.324063166857364,2.58843994140625,0.42260873317718506,0.6628940105438232,0.016328444704413414,0.4292378365670703,0.8367322623882902,10,60,,Voxtral_CN,I don't think it has to be of a special quality.,I don’t think it has to be of a special quality.
00868_0001_sad_0001_001153,0001,sad,happy,happy,happy,happy,happy,happy,happy,True,True,True,True,True,0.25,0.9877791404724121,True,0.00800000037997961,0.38266104459762573,39.71946202119271,0.17777353525161743,0.02076210454106331,0.6014856696128845,0.004016184248030186,0.026777001399034633,0.8832103748644194,0,60,,Voxtral_CN,"It feels so warm. Okay, see you later.",It feels so warm. See you later.
00869_0001_sad_0001_001266,0001,sad,happy,neutral,neutral,neutral,happy,happy,happy,True,True,True,True,True,12.0,0.30602747201919556,False,0.008000001311302185,0.4266493320465088,38.733614531872014,1.764805793762207,0.03296066075563431,1.7984760999679565,0.008456184528768063,0.05094550631715916,0.9813233496443997,1,60,,Voxtral_CN,"""遇到喜欢的女孩要主动""","It hurts to like a girl, you have to cook a lot."
00870_0001_sad_0001_001052,0001,sad,happy,neutral,neutral,happy,neutral,happy,happy,False,False,True,True,False,0.96875,0.508945643901825,False,0.00800000037997961,0.44271788001060486,38.44376933816366,1.461524248123169,0.2221873700618744,0.6160894632339478,0.011504820547997952,0.22834837974241937,0.8479755841566101,4,60,,Voxtral_CN,"""An English philosopher once said, 'I do not feel obliged to believe that the same God who has endowed us with sense, reason, and intellect has intended us to forgo their use.'""","A philosopher from ancient Greece once said,"
00871_0001_sad_0001_001358,0001,sad,happy,neutral,neutral,neutral,happy,happy,happy,True,True,True,True,True,0.0,0.9999998807907104,True,0.008000001311302185,0.6480622887611389,35.01762176717569,1.87045419216156,0.12843011319637299,0.6593166589736938,0.013203549198806286,0.1350234118216019,0.9313374720778621,6,60,,Voxtral_CN,I'm going to check out some soccer knowledge.,I'm going to check out some soccer knowledge.
00872_0001_sad_0001_001145,0001,sad,happy,neutral,neutral,happy,happy,happy,happy,True,True,True,True,True,0.5,0.6462945938110352,False,0.00800000037997961,0.44732072949409485,39.71153745587366,1.7822482585906982,0.0601482056081295,0.8825136423110962,0.006742867641150951,0.06897340945991687,0.9662514998579989,3,60,,Voxtral_CN,"I used to have a hobby, collecting coins.","I have a hobby, treasure hunting."
00873_0001_sad_0001_001087,0001,sad,happy,happy,happy,happy,happy,happy,happy,True,True,True,True,True,0.0,1.0,True,0.00695299357175827,0.13688701391220093,46.59971010724959,0.08120354264974594,0.018630005419254303,0.26653680205345154,0.0023820463102310896,0.02129539726025192,0.7705764451729546,0,60,,Voxtral_CN,I and my wife look forward to meeting you.,I and my wife look forward to meeting you.
00874_0001_sad_0001_001292,0001,sad,happy,neutral,neutral,neutral,happy,happy,happy,True,True,True,True,True,0.7142857142857143,0.3108000159263611,False,0.008000001311302185,0.4793199300765991,37.85392176532209,1.4886748790740967,0.1796683967113495,2.732984781265259,0.012461915612220764,0.2069983691431582,0.8793098484854551,3,60,,Voxtral_CN,To prevent fish from eating people's bodies.,"To prevent Yu Yu from losing his body,"
00875_0001_surprise_0001_001506,0001,surprise,happy,neutral,neutral,neutral,happy,happy,happy,True,True,True,True,True,0.875,0.3033530116081238,False,0.008000001311302185,0.7110210657119751,24.948873441741778,4.735236167907715,0.01029154285788536,2.813939094543457,0.01791638508439064,0.03843111296717078,0.9978266041031629,3,60,,Voxtral_CN,Can't do anything? Usually I will keep quiet.,I can't stop myself. I will eat it all.
00876_0001_surprise_0001_001518,0001,surprise,happy,neutral,neutral,neutral,happy,happy,happy,True,True,True,True,True,0.5,0.6242704391479492,False,0.008000001311302185,0.5755906701087952,28.17485593845715,1.6027841567993164,0.02008853666484356,1.1963046789169312,0.016094332560896873,0.03205174439733848,0.9874664741477359,3,60,,Voxtral_CN,Your classmate tricked you.,Your classmate just got you.
00877_0001_surprise_0001_001735,0001,surprise,happy,neutral,happy,happy,happy,happy,happy,True,True,True,True,True,0.6666666666666666,0.9203140735626221,True,0.008000001311302185,0.6144117116928101,23.30091436635264,0.5845029354095459,0.01306904386729002,0.43490028381347656,0.013758888468146324,0.01741818429430947,0.9776407558019655,0,60,,Voxtral_CN,They will get married this summer.,They are engaged to be married this summer.
00878_0001_surprise_0001_001498,0001,surprise,happy,neutral,neutral,neutral,happy,happy,happy,True,True,True,True,True,0.8888888888888888,0.19016069173812866,False,0.008000001311302185,0.617257833480835,25.511621842701796,1.8506481647491455,0.013728797435760498,2.249415397644043,0.016661275178194046,0.03622311802495271,0.9925816275090725,2,60,,Voxtral_CN,I can only do a little bit of translation.,I will be able to do it.
00879_0001_surprise_0001_001635,0001,surprise,happy,neutral,neutral,neutral,happy,happy,happy,True,True,True,True,True,1.1111111111111112,0.4398036599159241,False,0.008000001311302185,0.9000528454780579,22.173736620255134,3.7476794719696045,0.023132694885134697,1.782583236694336,0.031248807907104492,0.040958839740157134,0.9938274617511573,3,60,,Voxtral_CN,"I like sports, but I don't play much basketball.","I love Yung Bo, can bring a basketball. Plan not many."
00880_0001_surprise_0001_001465,0001,surprise,happy,neutral,neutral,neutral,happy,happy,happy,True,True,True,True,True,1.1,0.6157227754592896,False,0.008000001311302185,0.7071802020072937,26.799588996961372,1.7977923154830933,0.02811400406062603,2.69588041305542,0.024881556630134583,0.05507305700674653,0.9843619288955124,6,60,,Voxtral_CN,"Not bad at all. First, hold on to the present.","A little bit of a mess, but it's okay for now."
00881_0001_surprise_0001_001589,0001,surprise,happy,neutral,happy,happy,happy,happy,happy,True,True,True,True,True,0.42857142857142855,0.9386637806892395,True,0.00800000037997961,0.39426228404045105,31.153385589252956,0.8147289156913757,0.0253021027892828,0.8872509598731995,0.007136849220842123,0.034174683756507,0.9689441453445757,0,60,,Voxtral_CN,I'm a teacher. You're a good eye.,I'm a teacher. You have good eyesight.
00882_0001_surprise_0001_001674,0001,surprise,happy,neutral,neutral,happy,happy,happy,happy,True,True,True,True,True,1.2857142857142858,0.43961554765701294,False,0.008000001311302185,0.7432317733764648,21.368139442793733,1.4392770528793335,0.011501970700919628,1.9711933135986328,0.018622152507305145,0.031214090058431027,0.9920085082452267,1,60,,Voxtral_CN,"If it's not illegal, I'll keep it.","Just a little bit, I still want to keep him."
00883_0001_surprise_0001_001564,0001,surprise,happy,neutral,neutral,neutral,happy,happy,happy,True,True,True,True,True,0.8888888888888888,0.796440601348877,False,0.008000001311302185,0.5772051215171814,27.02169398374883,1.6939876079559326,0.026915734633803368,1.3677412271499634,0.012073146179318428,0.040593267636764796,0.9841110203478516,3,60,,Voxtral_CN,I worked for six years in a shipping company.,I lived in this company for six years.
00884_0001_surprise_0001_001672,0001,surprise,happy,neutral,neutral,surprise,happy,happy,happy,True,True,True,True,True,1.875,0.7250771522521973,False,0.008000001311302185,0.9971967935562134,18.933464664269877,2.26387357711792,0.015321740880608559,1.8848865032196045,0.027492312714457512,0.03417088083593175,0.993232068682866,3,60,,Voxtral_CN,Shen Yang tomorrow has a thunderstorm and rain.,"Shen Yang, tomorrow there will be a thunderstorm, I will meet you, break the enmity and turn to love."
00885_0001_surprise_0001_001548,0001,surprise,happy,neutral,neutral,happy,happy,happy,happy,True,True,True,True,True,0.625,0.6599688529968262,False,0.008000001311302185,0.45158764719963074,32.34569915215588,1.2398736476898193,0.009594958275556564,2.063420534133911,0.014438445679843426,0.030229308001352474,0.9922613418767031,1,60,,Voxtral_CN,"If you have anything, remember to call me.",is... remember to call me!
00886_0001_surprise_0001_001705,0001,surprise,happy,neutral,neutral,neutral,happy,happy,happy,True,True,True,True,True,0.625,0.5736984014511108,False,0.008000001311302185,0.570432186126709,24.292729739158876,1.6987261772155762,0.011691275052726269,1.9579535722732544,0.014592789113521576,0.03127095670334995,0.9931176223634289,2,60,,Voxtral_CN,"I support you, he needs to be re-educated.","I support you, it's okay. Keep going!"
00887_0001_surprise_0001_001584,0001,surprise,happy,neutral,neutral,neutral,happy,happy,happy,True,True,True,True,True,1.0,0.6177024841308594,False,0.008000001311302185,0.771122395992279,24.61322784207631,2.6680941581726074,0.027881667017936707,1.3593446016311646,0.019677599892020226,0.04147530981024727,0.9895499688672783,4,60,,Voxtral_CN,2016年11月5日是星期六。,2016年11月5日是新世纪!
00888_0001_surprise_0001_001487,0001,surprise,happy,neutral,neutral,neutral,happy,happy,happy,True,True,True,True,True,1.1666666666666667,0.4670798182487488,False,0.008000001311302185,1.0035640001296997,23.355586397242977,5.360690116882324,0.03252030909061432,2.816079616546631,0.03775317594408989,0.060681482787840066,0.9939335592280929,7,60,,Voxtral_CN,"Isn't much, but kind of boring.",What's the matter? But it's quite lively.
00889_0001_surprise_0001_001445,0001,surprise,happy,neutral,neutral,neutral,happy,happy,happy,True,True,True,True,True,0.14285714285714285,0.9864182472229004,True,0.008000001311302185,0.8364024758338928,26.014244713205635,3.596095561981201,0.10839059203863144,0.8845395445823669,0.025163954123854637,0.11723623912399635,0.9698588121003894,12,60,,Voxtral_CN,I know life isn't always smooth sailing.,I know that life isn't always smooth sailing.
00890_0001_surprise_0001_001665,0001,surprise,happy,neutral,happy,happy,happy,happy,happy,True,True,True,True,True,0.0,0.9999999403953552,True,0.00800000037997961,0.2757859528064728,31.686081475587734,0.18637052178382874,0.015579452738165855,0.5192708969116211,0.0034514940343797207,0.02077219622222241,0.9164060250030502,0,60,,Voxtral_CN,I must again thank you for your generous help.,I must again thank you for your generous help.
00891_0001_surprise_0001_001575,0001,surprise,happy,neutral,neutral,neutral,happy,happy,happy,True,True,True,True,True,1.0,0.4781742990016937,False,0.008000001311302185,0.7737783789634705,24.553701325804628,4.188708782196045,0.024685561656951904,2.443168878555298,0.02181111089885235,0.04911746855361387,0.9941066417025989,3,60,,Voxtral_CN,"He's unemployed at the moment, so you'd better not get him angry.",It's almost time to eat. You're good. Don't disturb him.
00892_0001_surprise_0001_001462,0001,surprise,happy,sad,neutral,neutral,happy,happy,happy,True,True,True,True,True,1.1428571428571428,0.7338314056396484,False,0.00800000037997961,0.5043171048164368,29.76246249746233,1.68289315700531,0.02387041412293911,0.8786919713020325,0.015722759068012238,0.03265749106355012,0.9858158469397925,1,60,,Voxtral_CN,I'm on my way to say goodbye.,I'm going to eat and then I'll come back to say goodbye.
00893_0001_surprise_0001_001594,0001,surprise,happy,neutral,neutral,neutral,happy,happy,happy,True,True,True,True,True,0.5,0.9653438925743103,True,0.008000001311302185,0.5577124357223511,27.838223910696264,1.7313954830169678,0.029808837920427322,0.5840519070625305,0.015250084921717644,0.03564950949190185,0.9827833454500613,2,60,,Voxtral_CN,1 hour 30 minutes 18 seconds,"1 hour, 30 minutes, 18 seconds."
00894_0001_surprise_0001_001524,0001,surprise,happy,neutral,happy,happy,happy,happy,happy,True,True,True,True,True,0.42857142857142855,0.885124683380127,True,0.00800000037997961,0.3638543486595154,30.583845208136758,0.7199198007583618,0.013139612041413784,0.700262188911438,0.0051675820723176,0.020142285606348887,0.9817485058369383,0,60,,Voxtral_CN,"Yes, please refund my money. Thank you!","Yes, the bank will refund my money. Thank you!"
00895_0001_surprise_0001_001508,0001,surprise,happy,neutral,neutral,neutral,happy,happy,happy,True,True,True,True,True,0.375,0.9435732364654541,True,0.008000001311302185,0.6730511784553528,26.342434615934515,2.5065958499908447,0.02622879110276699,0.917885422706604,0.015957869589328766,0.03540780490852893,0.9895360909087666,3,60,,Voxtral_CN,Let's see which type of ball is better.,Let's see which kind of ball is the best.
00896_0001_surprise_0001_001611,0001,surprise,happy,neutral,neutral,neutral,happy,happy,happy,True,True,True,True,True,1.2,0.4234530031681061,False,0.008000001311302185,0.7465423345565796,22.603850764048484,2.677654981613159,0.031201306730508804,2.916236162185669,0.019911665469408035,0.060363867469020185,0.9883475253739705,2,60,,Voxtral_CN,I'm tired of raising flowers.,I've seen the flowers I like.
00897_0001_surprise_0001_001640,0001,surprise,happy,neutral,neutral,happy,happy,happy,happy,True,True,True,True,True,0.0,0.9999998807907104,True,0.008000001311302185,0.6051590442657471,24.75182787497472,2.014970541000366,0.029310043901205063,0.3320627808570862,0.02561628445982933,0.03263092787262052,0.9854538598432047,6,60,,Voxtral_CN,About one hour.,About one hour.
00898_0001_surprise_0001_001605,0001,surprise,happy,neutral,neutral,neutral,happy,happy,happy,True,True,True,True,True,0.6666666666666666,0.5783110857009888,False,0.008000001311302185,0.8280755877494812,23.282118633969052,1.511279821395874,0.021905895322561264,2.6951920986175537,0.02847268246114254,0.04885810103556141,0.9855050699331589,6,60,,Voxtral_CN,How can he not get up?,How to get back up?
00899_0001_surprise_0001_001488,0001,surprise,happy,happy,happy,happy,happy,happy,happy,True,True,True,True,True,0.8888888888888888,0.923846960067749,True,0.00800000037997961,0.36441630125045776,33.05014140389932,0.21919047832489014,0.025485163554549217,0.7118763327598572,0.008161996491253376,0.0326040085021127,0.8837305171770536,0,60,,Voxtral_CN,"Hong Kong Ocean Park, hurry and take me there!",Hong Kong海洋公園，主人快帶我去！
00100_0002_angry_0002_000662,0002,angry,happy,sad,sad,sad,happy,happy,happy,True,True,True,True,True,0.14285714285714285,0.9600151777267456,True,0.008000001311302185,0.9518257975578308,22.097550217895268,3.2690017223358154,0.19291841983795166,0.49706315994262695,0.037071987986564636,0.1978894221572578,0.9409855251773607,21,60,,Voxtral_CN,"If she rejects me, I will die.","If she refuses me, I will die."
00101_0002_angry_0002_000391,0002,angry,happy,neutral,neutral,neutral,happy,happy,happy,True,True,True,True,True,1.0,0.35060733556747437,False,0.008000001311302185,0.5899930000305176,32.093684669515,2.498622417449951,0.16153419017791748,1.1796358823776245,0.012786331586539745,0.17333067686500958,0.9353507000298283,13,60,,Voxtral_CN,"I'm very busy, I don't have time to talk to you.",解闷的很，没空和你说这个吗？
00102_0002_angry_0002_000646,0002,angry,happy,neutral,neutral,neutral,happy,happy,happy,True,True,True,True,True,1.0,-0.03859195113182068,False,0.008000001311302185,0.8646152019500732,21.32998751382617,2.3709752559661865,0.02873215451836586,3.4868013858795166,0.03009217232465744,0.06360046929888429,0.9878817147306511,15,60,,Voxtral_CN,Gambling is often a root cause.,入母胎了，是个好消息。
00103_0002_angry_0002_000454,0002,angry,happy,sad,neutral,neutral,sad,happy,happy,False,False,True,True,False,1.0,0.879291296005249,True,0.008000001311302185,0.740532636642456,28.267177265909957,3.3187472820281982,0.4194354712963104,0.7488241791725159,0.025269238278269768,0.42692396578041836,0.8736163269895081,16,60,,Voxtral_CN,没有找到鱼的纪时。,没有找到鱼的季节。
00104_0002_angry_0002_000472,0002,angry,happy,neutral,neutral,neutral,happy,happy,happy,True,True,True,True,True,0.7,0.5492098331451416,False,0.008000001311302185,0.7419103384017944,26.591729813281493,2.3882203102111816,0.03153325617313385,1.617799997329712,0.01614506170153618,0.047711417597047986,0.986796336988548,5,60,,Voxtral_CN,"Tom is a good man, but he is a gambler.",Tom is a good person. I recommend him to be a host.
00105_0002_angry_0002_000466,0002,angry,happy,neutral,neutral,neutral,happy,happy,happy,True,True,True,True,True,0.0,1.0,True,0.008000001311302185,0.7435463070869446,26.99872748361492,1.5802243947982788,0.02989492192864418,0.31578975915908813,0.013978241011500359,0.03305295930264517,0.9810818501302403,3,60,,Voxtral_CN,"No, but we went to Kennedy Center.","No, but we went to Kennedy Center."
00106_0002_angry_0002_000476,0002,angry,happy,neutral,neutral,neutral,happy,happy,happy,True,True,True,True,True,0.3333333333333333,0.6782358884811401,False,0.008000001311302185,0.9199652075767517,26.187272433518803,2.0905613899230957,0.14485467970371246,1.7347807884216309,0.025473814457654953,0.16220274232607335,0.9307101525925334,8,60,,Voxtral_CN,"No, he lives in the old house in Woseton.",When he lived in the old house in Worcester.
00107_0002_angry_0002_000512,0002,angry,happy,surprise,neutral,surprise,happy,happy,happy,True,True,True,True,True,1.0,0.5795801281929016,False,0.008000001311302185,0.6893980503082275,27.509624630094795,2.5925889015197754,0.22199229896068573,2.1692991256713867,0.024759573861956596,0.2436855378131382,0.9143742770670067,12,60,,Voxtral_CN,You're also playing this?,原来我也是在玩这个。
00108_0002_angry_0002_000639,0002,angry,happy,neutral,neutral,happy,happy,happy,happy,True,True,True,True,True,1.1428571428571428,0.7324106693267822,False,0.008000001311302185,0.8156907558441162,22.3128627589412,1.1002845764160156,0.014708342961966991,1.5360472202301025,0.01854538731276989,0.03006900061814114,0.9866322374436286,2,60,,Voxtral_CN,"No, but I like single board skating.","I'm not good at it, but I really like ice skating."
00109_0002_angry_0002_000691,0002,angry,happy,neutral,neutral,neutral,happy,happy,happy,True,True,True,True,True,0.7777777777777778,0.6661431193351746,False,0.008000001311302185,0.7387802004814148,25.857074513887124,1.9058854579925537,0.04597460851073265,1.5615839958190918,0.024798348546028137,0.061590696452409034,0.9758775595259763,7,60,,Voxtral_CN,I will draw a devil face on your face.,"I lie on your face, making a ghost face."
00110_0002_angry_0002_000668,0002,angry,happy,surprise,neutral,happy,happy,happy,happy,True,True,True,True,True,1.0,0.6071775555610657,False,0.008000001311302185,0.6264098286628723,24.799824494216395,1.3511312007904053,0.036922454833984375,2.3408684730529785,0.013710809871554375,0.06033127667261288,0.9726729315314568,1,60,,Voxtral_CN,下午好，我想我问错了人。,下午好，我想我不能再假了。
00111_0002_angry_0002_000594,0002,angry,happy,neutral,neutral,neutral,happy,happy,happy,True,True,True,True,True,0.5,0.6302857398986816,False,0.008000001311302185,0.7196707725524902,25.489696566866566,1.563493013381958,0.07874950766563416,1.5207046270370483,0.020439308136701584,0.093956758329086,0.9496323251900609,5,60,,Voxtral_CN,My direct relatives are not many.,My cousins are many.
00112_0002_angry_0002_000587,0002,angry,happy,neutral,neutral,happy,happy,happy,happy,True,True,True,True,True,0.5555555555555556,0.4341434836387634,False,0.008000001311302185,0.6011840105056763,27.265213465330895,1.0461994409561157,0.022662628442049026,2.394735813140869,0.015304295346140862,0.04661013961641118,0.9783381374957171,1,60,,Voxtral_CN,snow scared me really bad and took me shopping.,Shen Shade really took me shopping.
00113_0002_angry_0002_000667,0002,angry,happy,neutral,happy,happy,happy,happy,happy,True,True,True,True,True,0.0,0.9999999403953552,True,0.00800000037997961,0.31139981746673584,32.06207171725682,0.2745624780654907,0.014221354387700558,0.48883703351020813,0.006743006408214569,0.01910979215286672,0.9482035765123435,0,60,,Voxtral_CN,You look better than before.,You look better than before.
00114_0002_angry_0002_000460,0002,angry,happy,neutral,neutral,neutral,happy,happy,happy,True,True,True,True,True,2.6666666666666665,0.6910911202430725,False,0.008000001311302185,0.8013970255851746,23.093023827411123,2.6772401332855225,0.037862855941057205,2.4887330532073975,0.03412007540464401,0.06275052767388524,0.985857504722749,10,60,,Voxtral_CN,Do it yourself,Happy! You have to do your own thing.
00115_0002_angry_0002_000653,0002,angry,happy,neutral,neutral,neutral,happy,happy,happy,True,True,True,True,True,1.2857142857142858,0.1324068307876587,False,0.008000001311302185,0.715584933757782,23.843693575200817,2.7838306427001953,0.02774008922278881,1.8512581586837769,0.025150319561362267,0.0462529223128222,0.9900352813144258,5,60,,Voxtral_CN,I didn't get home until 4:00 AM.,I have been to the American Music Festival four times.
00116_0002_angry_0002_000595,0002,angry,happy,surprise,surprise,surprise,happy,happy,happy,True,True,True,True,True,1.5,0.6503075361251831,False,0.008000001311302185,0.773690938949585,25.32359603588461,3.026545286178589,0.023861302062869072,1.2692558765411377,0.023827027529478073,0.036554099098555747,0.9921159937134141,12,60,,Voxtral_CN,Giannis suddenly shouted excitedly.,Jannis suddenly cheered up and started shouting.
00117_0002_angry_0002_000409,0002,angry,happy,neutral,happy,happy,happy,happy,happy,True,True,True,True,True,0.375,0.976320207118988,True,0.00800000037997961,0.34810951352119446,38.16998422293944,0.325339674949646,0.023956477642059326,0.6402344703674316,0.00508636562153697,0.030358873209389858,0.9263647212847091,0,60,,Voxtral_CN,"If I can play well, I like it.","As long as I can play well, I like it."
00118_0002_angry_0002_000459,0002,angry,happy,neutral,neutral,neutral,happy,happy,happy,True,True,True,True,True,2.0,0.1901809573173523,False,0.008000001311302185,0.865425169467926,18.458840229211237,4.60878849029541,0.03684529662132263,2.161607027053833,0.04561864584684372,0.05846182307831943,0.9920054268710949,7,60,,Voxtral_CN,I'm actually quite hungry.,You're really good at it. Look at that.
00119_0002_angry_0002_000637,0002,angry,happy,neutral,happy,happy,happy,happy,happy,True,True,True,True,True,0.2857142857142857,0.8165900707244873,True,0.00800000037997961,0.37964531779289246,30.897567986467145,0.25532999634742737,0.008112940937280655,0.5850264430046082,0.0055229272693395615,0.013963260596599431,0.9682256646170104,0,60,,Voxtral_CN,I like to listen so much that I keep listening over and over again.,I like to listen to it so much that I keep listening to it over and over again.
00120_0002_angry_0002_000564,0002,angry,happy,neutral,happy,happy,happy,happy,happy,True,True,True,True,True,0.0,1.0,True,0.008000001311302185,0.5586322546005249,28.925968067782147,0.6404603719711304,0.012690788134932518,0.6177027821540833,0.0106053426861763,0.018867922009900215,0.9801848971609682,0,60,,Voxtral_CN,"Of course, I can't live without music.","Of course, I can't live without music."
00121_0002_angry_0002_000634,0002,angry,happy,neutral,happy,happy,happy,happy,happy,True,True,True,True,True,1.0,0.833891749382019,True,0.008000001311302185,0.49174508452415466,29.17766693203328,0.5136536359786987,0.011279347352683544,0.599250078201294,0.01310852449387312,0.017271979219941423,0.9780409471234595,0,60,,Voxtral_CN,enough time to shop and sightsee.,有充足的时间购物和游览。
00122_0002_angry_0002_000592,0002,angry,happy,neutral,neutral,neutral,happy,happy,happy,True,True,True,True,True,0.625,0.8190839886665344,True,0.008000001311302185,0.6188428997993469,28.539681260116573,1.870907187461853,0.11087773740291595,2.2463061809539795,0.01733708381652832,0.13334097258329392,0.940735842939736,4,60,,Voxtral_CN,To prevent fish from eating the dead body.,To prevent the fish from losing their spirit.
00123_0002_angry_0002_000596,0002,angry,happy,neutral,happy,happy,happy,happy,happy,True,True,True,True,True,1.2857142857142858,0.394822895526886,False,0.00800000037997961,0.4962168335914612,30.36172909363202,1.3594775199890137,0.026554545387625694,2.4537909030914307,0.012173458933830261,0.05109257615312934,0.9804670948969864,3,60,,Voxtral_CN,Ling Da is really indispensable to men.,"“To a man of action, it is truly incomparable.”"
00124_0002_angry_0002_000518,0002,angry,happy,neutral,neutral,neutral,happy,happy,happy,True,True,True,True,True,0.9230769230769231,0.30541229248046875,False,0.008000001311302185,0.9893220067024231,24.593737037979402,3.2637555599212646,0.14327049255371094,1.692411184310913,0.026913335546851158,0.16019487353017553,0.9561025665300844,6,60,,Voxtral_CN,"I don't have feelings or preferences, so I don't have a favorite person.",You have to answer me first. Who do you like the most?
00125_0002_neutral_0002_000197,0002,neutral,happy,neutral,neutral,neutral,happy,happy,happy,True,True,True,True,True,0.9891891891891892,0.1967361867427826,False,0.008000001311302185,0.9710496664047241,19.645869833267348,2.365922689437866,0.022882457822561264,0.8781319856643677,0.03198223561048508,0.031664097501561045,0.9903283154920003,9,60,,Voxtral_CN,"Why not? Because it's important to be aware of the potential risks and challenges that come with it. Here are a few reasons:

1. **Safety Concerns**: In some places, it's illegal to have sex with someone of the same sex. Even if it's legal, it can still be dangerous. You could be arrested, or worse, attacked.

2. **Health Risks**: You could get an STI or HIV. It's important to use protection and get tested regularly.

3. **Emotional Risks**: It can be emotionally challenging. You might face rejection, or you could get hurt if things don't work out.

4. **Legal Risks**: Even if it's legal, you could still face legal issues. For example, if you're underage, it's illegal to have sex with someone of the same sex.

5. **Social Risks**: You might face discrimination or harassment. It's important to be aware of your surroundings and the laws in your area.

6. **Mental Health Risks**: It can be stressful and overwhelming. It's important to have a support system in place.

7. **Consent**: It's important to always get consent. If someone doesn't want to have sex with you,",Why not? Make friends happy.
00126_0002_neutral_0002_000142,0002,neutral,happy,neutral,neutral,happy,happy,happy,happy,True,True,True,True,True,1.8333333333333333,0.5980073809623718,False,0.00800000037997961,0.6427537202835083,24.024530764029606,1.2306532859802246,0.12176676094532013,0.7908384799957275,0.013352002017199993,0.1296752792652976,0.901055185621731,2,60,,Voxtral_CN,"Yes, I'm still a greenhorn journalist.","Yes, I am still a young reporter who is hungry for milk and rice."
00127_0002_neutral_0002_000299,0002,neutral,happy,neutral,neutral,surprise,happy,happy,happy,True,True,True,True,True,0.5,0.36279553174972534,False,0.008000001311302185,0.9401648640632629,19.512314204989593,2.1194677352905273,0.06973293423652649,2.3812103271484375,0.0275814738124609,0.09354531332274899,0.9670988460567588,7,60,,Voxtral_CN,"Yes, I just hit the table.","Yes, I just arrived in Georgetown."
00128_0002_neutral_0002_000337,0002,neutral,happy,happy,happy,happy,happy,happy,happy,True,True,True,True,True,0.0,1.0,True,0.007736422121524811,0.1182088777422905,37.09191510978085,0.052568208426237106,0.008004051633179188,0.4321865439414978,0.0016026701778173447,0.012325933099295944,0.8477396914827267,0,60,,Voxtral_CN,"You look very happy, your eyes are sparkling.","You look very happy, your eyes are sparkling."
00129_0002_neutral_0002_000265,0002,neutral,happy,neutral,happy,happy,happy,happy,happy,True,True,True,True,True,0.0,1.0000001192092896,True,0.008000001311302185,0.5005576610565186,24.29633901508339,0.64094078540802,0.020064597949385643,0.5452351570129395,0.00935276411473751,0.025517043047156185,0.9686950832180033,0,60,,Voxtral_CN,I must again thank you for your kind help.,I must again thank you for your kind help.
00130_0002_neutral_0002_000236,0002,neutral,happy,neutral,neutral,neutral,neutral,happy,happy,False,False,True,True,False,0.2727272727272727,0.7966406941413879,False,0.008000001311302185,0.8343355655670166,20.89225485468756,2.413996696472168,0.2937602698802948,0.7942625880241394,0.030353695154190063,0.30170319929748773,0.8783095808251941,5,60,,Voxtral_CN,"I don't need to taste, so I don't have a tongue.","I don't need to feel, so I don't have lips."
00131_0002_neutral_0002_000196,0002,neutral,happy,neutral,neutral,neutral,happy,happy,happy,True,True,True,True,True,0.5714285714285714,0.824627161026001,True,0.008000001311302185,0.8966434597969055,21.29006746513027,3.3592705726623535,0.06253122538328171,0.9165118336677551,0.03515121340751648,0.07169669523209334,0.9813854752004322,10,60,,Voxtral_CN,"I'm hungry, I want to eat something.","I'm hungry, I want to go eat something with him."
00132_0002_neutral_0002_000050,0002,neutral,happy,sad,sad,sad,happy,happy,happy,True,True,True,True,True,0.5,0.5800338983535767,False,0.008000001311302185,0.9434008598327637,19.599630120706394,3.781338691711426,0.01702173426747322,0.957414448261261,0.03318587690591812,0.02659621060885489,0.9954984899118441,16,60,,Voxtral_CN,"Every time I am called, I am not given a red envelope, I am not happy.","Every time I call, I give her a red envelope, and she is happy."
00133_0002_neutral_0002_000199,0002,neutral,happy,happy,happy,happy,happy,happy,happy,True,True,True,True,True,0.125,0.9685429334640503,True,0.00800000037997961,0.45813339948654175,28.818527417144544,0.39958035945892334,0.027482708916068077,0.48477092385292053,0.0075843255035579205,0.032330493997852316,0.9312210716430539,0,60,,Voxtral_CN,"I like your clean, tidy, bright and airy.","I like your clean, tidy, bright and cheerful."
00134_0002_neutral_0002_000115,0002,neutral,happy,neutral,neutral,neutral,happy,happy,happy,True,True,True,True,True,0.6666666666666666,0.7765437364578247,False,0.008000001311302185,0.8354853987693787,21.57771277042599,1.7414087057113647,0.01963772252202034,1.205275058746338,0.021436519920825958,0.03169068747468293,0.9887230823771503,3,60,,Voxtral_CN,It's a good habit to read books or relax.,"It's really a good habit. Usually, I read books or watch TV."
00135_0002_neutral_0002_000087,0002,neutral,happy,neutral,neutral,neutral,happy,happy,happy,True,True,True,True,True,0.8333333333333334,0.3618919253349304,False,0.008000001311302185,0.739104688167572,19.068538020387255,5.705653190612793,0.04077869653701782,2.193908214569092,0.02563042938709259,0.06271803498700261,0.9928529310887474,7,60,,Voxtral_CN,"It's nothing, but it's quite annoying.","It's not much, but it's a good quality."
00136_0002_neutral_0002_000168,0002,neutral,happy,neutral,neutral,neutral,happy,happy,happy,True,True,True,True,True,0.8947368421052632,0.45907557010650635,False,0.008000001311302185,1.0201455354690552,18.127871389624342,4.968118667602539,0.019202571362257004,1.205819010734558,0.04302316904067993,0.03126119170129299,0.9961348404402096,13,60,,Voxtral_CN,"I don't have feelings or preferences, but I can help answer your questions to the best of my ability.","You have to answer me first, who do you like most?"
00137_0002_neutral_0002_000350,0002,neutral,happy,angry,neutral,neutral,neutral,happy,happy,False,False,True,True,False,0.75,0.5975234508514404,False,0.008000001311302185,0.7636430859565735,21.734345536056992,3.317291021347046,0.41422903537750244,2.371309280395508,0.02657933346927166,0.4379423939747922,0.8751303299252602,9,60,,Voxtral_CN,"It's very dirty language, owner please don't learn.","Eat very dirty words, the owner can't be cold."
00138_0002_neutral_0002_000335,0002,neutral,happy,neutral,happy,neutral,happy,happy,happy,True,True,True,True,True,0.0,1.0000001192092896,True,0.00800000037997961,0.5339162349700928,25.3866876596598,0.6173213720321655,0.016611866652965546,0.27012893557548523,0.014520972035825253,0.019313301218440757,0.9730904073541455,0,60,,Voxtral_CN,They will get married this summer.,They will get married this summer.
00139_0002_neutral_0002_000178,0002,neutral,happy,neutral,happy,happy,happy,happy,happy,True,True,True,True,True,0.1111111111111111,0.9786112904548645,True,0.008000001311302185,0.631329357624054,21.045853334218595,1.0940855741500854,0.04773448407649994,0.40480753779411316,0.021646786481142044,0.05178277592230589,0.9563704291471156,2,60,,Voxtral_CN,"You turn one, I want to learn a bit.","You turn one, I want to learn a little."
00140_0002_neutral_0002_000158,0002,neutral,happy,neutral,neutral,neutral,happy,happy,happy,True,True,True,True,True,1.0,0.16691024601459503,False,0.008000001311302185,0.8491881489753723,20.566027118324698,5.906369686126709,0.03162749484181404,4.531243324279785,0.02890586666762829,0.07694021714327857,0.9946451887500197,16,60,,Voxtral_CN,My personality is calm and objective.,果的叶子就如同容易受到祝福的花朵。
00141_0002_neutral_0002_000060,0002,neutral,happy,neutral,neutral,neutral,happy,happy,happy,True,True,True,True,True,0.375,0.932708203792572,True,0.008000001311302185,0.8126067519187927,20.69937667663414,3.274582624435425,0.06728138029575348,0.9889079928398132,0.025593828409910202,0.0771707161624357,0.9794534485727464,6,60,,Voxtral_CN,"Take the subway, it takes about 20 minutes.",If the subway only takes about 20 minutes.
00142_0002_neutral_0002_000204,0002,neutral,happy,neutral,neutral,neutral,happy,happy,happy,True,True,True,True,True,0.36363636363636365,0.7369893789291382,False,0.008000001311302185,0.8168739676475525,21.798160283972102,1.0345489978790283,0.01840835064649582,1.1064977645874023,0.01841983199119568,0.029473512490689757,0.9822064003887341,1,60,,Voxtral_CN,"You just bought clothes yesterday, you are really a shopping addict.","You just bought clothes yesterday, it's really a bargain."
00143_0002_neutral_0002_000171,0002,neutral,happy,angry,neutral,neutral,happy,happy,happy,True,True,True,True,True,1.125,0.5087897777557373,False,0.008000001311302185,0.7913016676902771,20.123836077459345,2.7089648246765137,0.022567104548215866,3.1216256618499756,0.021264340728521347,0.05378357381012291,0.9916694730242905,8,60,,Voxtral_CN,"You're a little bitch, very unlucky, very few.","With this little temper, Abe, you see bad luck very rarely."
00144_0002_neutral_0002_000230,0002,neutral,happy,neutral,neutral,neutral,happy,happy,happy,True,True,True,True,True,1.0,0.4978417754173279,False,0.008000001311302185,0.9516804218292236,18.99567588771857,2.560116767883301,0.13408859074115753,2.1764519214630127,0.030007164925336838,0.1558534100274369,0.9476240332381317,7,60,,Voxtral_CN,"No, I won't bother you. I'm not brave enough to ask you out.",那不打扰你了，火不敢溜出去。
00145_0002_neutral_0002_000182,0002,neutral,happy,neutral,neutral,neutral,happy,happy,happy,True,True,True,True,True,1.0,0.8819172382354736,True,0.008000001311302185,0.7678144574165344,21.884318634382765,1.8367266654968262,0.061305247247219086,0.8425648212432861,0.021579019725322723,0.0697311112498492,0.9666225528278938,5,60,,Voxtral_CN,“About enough to support my living for three months.”,大约足够支持我生活三个月的
00146_0002_neutral_0002_000207,0002,neutral,happy,neutral,neutral,neutral,happy,happy,happy,True,True,True,True,True,0.7142857142857143,0.8470331430435181,True,0.008000001311302185,0.770939826965332,21.007574583029232,2.3222827911376953,0.01290188729763031,0.7012420892715454,0.02054726891219616,0.01991451366303489,0.9944443082699203,6,60,,Voxtral_CN,"I'm Meng Meng, and you're Dai Dai.","I'm Meng Meng, you're Da Da, let's play."
00147_0002_neutral_0002_000284,0002,neutral,happy,neutral,happy,happy,happy,happy,happy,True,True,True,True,True,0.0,0.9999998807907104,True,0.008000001311302185,0.7166876792907715,22.865687656963836,0.8928488492965698,0.023641368374228477,0.5140085220336914,0.016915354877710342,0.028781622748114168,0.9735214214669657,0,60,,Voxtral_CN,enough time to shop and sightsee.,enough time to shop and sightsee.
00148_0002_neutral_0002_000249,0002,neutral,happy,sad,neutral,neutral,happy,happy,happy,True,True,True,True,True,0.5,0.6174430847167969,False,0.008000001311302185,0.6211899518966675,22.59196012816495,1.4807589054107666,0.01877538114786148,1.925718069076538,0.022338837385177612,0.038032785227000716,0.9873204334079941,2,60,,Voxtral_CN,My best friend just broke up.,My best friend just asked me out.
00149_0002_neutral_0002_000107,0002,neutral,happy,neutral,neutral,neutral,happy,happy,happy,True,True,True,True,True,0.4444444444444444,0.49614518880844116,False,0.008000001311302185,0.7467165589332581,22.981726721256184,2.265754222869873,0.07897728681564331,0.9688116312026978,0.026558130979537964,0.08866566870898009,0.9651430477240341,8,60,,Voxtral_CN,"My score is 2.42, but it's a bit fast.","My boat weighs 42 kilograms, but it's a bit fast."
00150_0002_sad_0002_001386,0002,sad,happy,neutral,happy,happy,happy,happy,happy,True,True,True,True,True,0.5555555555555556,0.49754828214645386,False,0.00800000037997961,0.31178390979766846,37.218712478718274,0.6456825733184814,0.02397637628018856,1.5040817260742188,0.003031796310096979,0.03901722385889385,0.962866620114955,0,60,,Voxtral_CN,Thank you for your praise. Baobab is getting old.,Thank you for your praise. I am a young man.
00151_0002_sad_0002_001075,0002,sad,happy,neutral,neutral,neutral,neutral,happy,happy,False,False,True,True,False,0.0,1.0,True,0.008000001311302185,0.8181783556938171,27.92818265994148,3.1748340129852295,0.37514740228652954,0.5055267810821533,0.024854790419340134,0.3802029186452553,0.8818371603831388,8,60,,Voxtral_CN,I don't think it has to be of a special quality.,I don't think it has to be of a special quality.
00152_0002_sad_0002_001332,0002,sad,happy,neutral,happy,happy,happy,happy,happy,True,True,True,True,True,0.18181818181818182,0.9477460384368896,True,0.00800000037997961,0.4120405316352844,34.96392872686839,0.7390803694725037,0.015181325376033783,1.0973652601242065,0.0066647520288825035,0.026155044624796134,0.9794591684435225,0,60,,Voxtral_CN,"Some people are riding boats, some people are doing flower arrangement.","Some people are riding boats, some people are doing flower shower activities."
00153_0002_sad_0002_001169,0002,sad,happy,neutral,happy,happy,happy,happy,happy,True,True,True,True,True,0.8571428571428571,0.4250989556312561,False,0.008000001311302185,0.7816617488861084,23.461291149262806,0.9959760904312134,0.03698396310210228,2.135667085647583,0.02416229248046875,0.058340875581502916,0.9628666155167541,0,60,,Voxtral_CN,But I want to leave on Monday.,I'm looking forward to Friday.
00154_0002_sad_0002_001371,0002,sad,happy,angry,neutral,neutral,happy,happy,happy,True,True,True,True,True,1.0,0.3356650471687317,False,0.008000001311302185,0.9516681432723999,24.570998257033317,2.5052239894866943,0.029287870973348618,1.4534398317337036,0.019559483975172043,0.0438224648855254,0.9883092804889875,4,60,,Voxtral_CN,I don't like it. You're making me dizzy.,你把我给我圍住了
00155_0002_sad_0002_001220,0002,sad,happy,neutral,happy,happy,happy,happy,happy,True,True,True,True,True,0.2857142857142857,0.5915201902389526,False,0.00800000037997961,0.3221152126789093,37.95346617876005,0.694520890712738,0.04282761365175247,1.063083291053772,0.004578973166644573,0.05345849235202186,0.9383350245839236,0,60,,Voxtral_CN,So you have time to play hockey.,So you have time to play football now.
00156_0002_sad_0002_001120,0002,sad,happy,neutral,neutral,happy,happy,happy,happy,True,True,True,True,True,1.0,0.980823278427124,True,0.008000001311302185,0.8645416498184204,25.52820837432858,1.5096906423568726,0.03831203281879425,0.6485098600387573,0.02247495763003826,0.04479735616875812,0.9746225936997378,2,60,,Voxtral_CN,心动不如行动。我不太擅长卖弄。,心动了不如行动了。我不太擅长卖弄。
00157_0002_sad_0002_001311,0002,sad,happy,neutral,neutral,neutral,happy,happy,happy,True,True,True,True,True,1.125,0.42048466205596924,False,0.008000001311302185,0.6653807163238525,29.501661323919528,2.149700880050659,0.040443822741508484,2.481924295425415,0.018430622294545174,0.06526325000198559,0.9811863021889095,4,60,,Voxtral_CN,This doesn't look like a fair market competition.,This really feels like a market day because of the Super Bowl.
00158_0002_sad_0002_001141,0002,sad,happy,neutral,neutral,neutral,happy,happy,happy,True,True,True,True,True,0.0,1.0,True,0.008000001311302185,0.7278558611869812,28.801995097609133,2.7738800048828125,0.03873851150274277,0.5066119432449341,0.018140222877264023,0.04380481233742088,0.9860345395494571,4,60,,Voxtral_CN,"If you need help, please let me know.","If you need help, please let me know."
00159_0002_sad_0002_001148,0002,sad,happy,neutral,neutral,neutral,happy,happy,happy,True,True,True,True,True,1.0,0.10349830985069275,False,0.008000001311302185,0.8587777018547058,23.246089430598722,1.9545674324035645,0.028410986065864563,2.923297882080078,0.025830259546637535,0.05764422318926081,0.9854643101103311,2,60,,Voxtral_CN,I'll just be a landlord or something.,"like, poking, teasing, and so on."
00160_0002_sad_0002_001171,0002,sad,happy,neutral,neutral,neutral,happy,happy,happy,True,True,True,True,True,0.625,0.7031935453414917,False,0.008000001311302185,0.6915493607521057,28.405404091671983,1.5905663967132568,0.12364362180233002,1.2002904415130615,0.017963828518986702,0.1356467058557458,0.9222644071584645,5,60,,Voxtral_CN,Then you are far away from the city.,Then you're a long way from the district.
00161_0002_sad_0002_001237,0002,sad,happy,surprise,happy,surprise,happy,happy,happy,True,True,True,True,True,0.14285714285714285,0.9792313575744629,True,0.008000001311302185,0.549670934677124,30.22424141126724,1.6047954559326172,0.018340229988098145,0.6039244532585144,0.008802051655948162,0.02437956254119985,0.9885716089734067,1,60,,Voxtral_CN,Let's throw a surprise party for him.,Let's have a surprise party for him.
00162_0002_sad_0002_001159,0002,sad,happy,neutral,neutral,neutral,happy,happy,happy,True,True,True,True,True,0.75,0.3492315113544464,False,0.008000001311302185,1.0966099500656128,22.93485153061969,5.043709754943848,0.021765245124697685,1.409969449043274,0.04670634865760803,0.035865406678617,0.9956846753318104,5,60,,Voxtral_CN,I'm actually quite hungry.,I actually quite like it.
00163_0002_sad_0002_001369,0002,sad,happy,neutral,happy,happy,happy,happy,happy,True,True,True,True,True,0.7777777777777778,0.9763460755348206,True,0.008000001311302185,0.4839240610599518,30.670448289900406,0.8987483978271484,0.04401116818189621,0.6392568349838257,0.011979041621088982,0.05040385632215068,0.9510306017921151,0,60,,Voxtral_CN,There is a full automatic washing machine at home.,"At home, there is a fully automatic washing machine."
00164_0002_sad_0002_001356,0002,sad,happy,neutral,happy,neutral,happy,happy,happy,True,True,True,True,True,0.625,0.6464866399765015,False,0.00800000037997961,0.5393376350402832,30.566426193099847,1.2757079601287842,0.024158209562301636,1.283968210220337,0.008389009162783623,0.036997975554596635,0.9810628997252139,3,60,,Voxtral_CN,I am an engineer at a greenhouse farm.,I am a farmer in a sunflower field.
00165_0002_sad_0002_001251,0002,sad,happy,neutral,happy,neutral,happy,happy,happy,True,True,True,True,True,0.2,0.8468230962753296,True,0.008000001311302185,0.5474341511726379,30.023478962564226,1.34175705909729,0.05180016905069351,1.134021520614624,0.01293945126235485,0.06314051365135237,0.9613937793734852,8,60,,Voxtral_CN,just a lot of pictures.,It's a lot of pictures.
00166_0002_sad_0002_001295,0002,sad,happy,surprise,surprise,surprise,happy,happy,happy,True,True,True,True,True,2.0,0.8314746022224426,True,0.00800000037997961,0.648668110370636,29.229645810029233,3.3202199935913086,0.018774092197418213,1.8827155828475952,0.014581325463950634,0.0376013938391488,0.9943455276356218,14,60,,Voxtral_CN,Giannis suddenly excitedly shouted.,Giannis suddenly became very happy and started to talk loudly.
00167_0002_sad_0002_001223,0002,sad,happy,neutral,happy,happy,happy,happy,happy,True,True,True,True,True,1.0,0.6287397146224976,False,0.008000001311302185,0.6152970790863037,29.227244274155048,0.8217506408691406,0.020187903195619583,0.8720479607582092,0.011517219245433807,0.02890849797539413,0.9754330545160665,0,60,,Voxtral_CN,一套古诗词，她真的很珍贵。,一道骨子里的真气，他真的很珍贵。
00168_0002_sad_0002_001368,0002,sad,happy,neutral,happy,happy,happy,happy,happy,True,True,True,True,True,1.0,0.7844594120979309,False,0.008000001311302185,0.7633002400398254,27.53759975795122,1.074453592300415,0.03292425721883774,0.6709638237953186,0.01883241906762123,0.039634083780981606,0.9693572086735299,4,60,,Voxtral_CN,"Hi, Dina. I think I asked the wrong person.",下午好，迪娜。我想我问错了人。
00169_0002_sad_0002_001372,0002,sad,happy,neutral,happy,happy,happy,happy,happy,True,True,True,True,True,0.625,0.6849033832550049,False,0.008000001311302185,0.6148721575737,28.618206909905183,0.9635634422302246,0.023703359067440033,1.0993072986602783,0.010680410079658031,0.03469653885814362,0.9754003130166736,0,60,,Voxtral_CN,"Waiting for your orders, anytime you need me.","Waiting for your command, anytime you want me to laugh."
00170_0002_sad_0002_001331,0002,sad,happy,neutral,happy,happy,happy,happy,happy,True,True,True,True,True,0.4166666666666667,0.8912808895111084,True,0.00800000037997961,0.3717775046825409,31.122503622919876,0.3255411684513092,0.014509335160255432,0.7564401030540466,0.004360337741672993,0.022073779794173312,0.9554301066458647,0,60,,Voxtral_CN,"Good night, big mama, the whole sky is full of little stars.","Hello, Mom. The whole sky is full of little stars."
00171_0002_sad_0002_001064,0002,sad,happy,neutral,happy,happy,happy,happy,happy,True,True,True,True,True,0.2222222222222222,0.9805461168289185,True,0.008000001311302185,0.4833192527294159,32.562124922198365,0.5769275426864624,0.031681157648563385,0.3588952124118805,0.006610265001654625,0.0352701758753322,0.9450864184763305,0,60,,Voxtral_CN,"Whoever you are, I am happy to help you.","Whoever you are, I'm happy to help you."
00172_0002_sad_0002_001076,0002,sad,happy,neutral,neutral,neutral,happy,happy,happy,True,True,True,True,True,1.25,0.21069493889808655,False,0.008000001311302185,0.8149664402008057,25.803200671674492,2.847594738006592,0.019010841846466064,1.5907516479492188,0.022971317172050476,0.03491858803912998,0.9933238948672259,12,60,,Voxtral_CN,"Yes, he is very cunning, often deceiving others.","Yes, it's very agile, and we often ride it to see people."
00173_0002_sad_0002_001242,0002,sad,happy,sad,sad,neutral,happy,happy,happy,True,True,True,True,True,0.16666666666666666,0.95311439037323,True,0.00800000037997961,0.6064173579216003,30.654302872335506,2.125898838043213,0.037071604281663895,0.4101409912109375,0.015523018315434456,0.04117316942395642,0.9825619151681806,10,60,,Voxtral_CN,"If I run far away, I won't be able to come back.","If I run far, I won't be able to come back."
00174_0002_sad_0002_001390,0002,sad,happy,happy,happy,happy,happy,happy,happy,True,True,True,True,True,10.0,0.9215381741523743,True,0.007899808697402477,0.15646785497665405,43.078995412846254,0.10480137914419174,0.02745012566447258,0.7804127931594849,0.0016233682399615645,0.03525426982974983,0.738074766872055,0,60,,Voxtral_CN,每天晚上和你呼吁晚安，真幸福。,"Every night, I say good night to you. How happy!"
00175_0002_surprise_0002_001428,0002,surprise,happy,neutral,happy,happy,happy,happy,happy,True,True,True,True,True,0.6666666666666666,0.9794516563415527,True,0.00800000037997961,0.5775402784347534,32.404402068397815,1.0127344131469727,0.19284209609031677,0.9539642333984375,0.010541180148720741,0.20238184383610264,0.809582755768041,6,60,,Voxtral_CN,"Right, it's the door. Two other people asked him.","That's right, it's a door. The other two people asked him,"
00176_0002_surprise_0002_001529,0002,surprise,happy,neutral,happy,happy,happy,happy,happy,True,True,True,True,True,0.0,1.0,True,0.00800000037997961,0.49072015285491943,32.38793296619586,0.6990057229995728,0.03409074991941452,0.5895301699638367,0.01133645884692669,0.039986164983641354,0.9512296554982064,0,60,,Voxtral_CN,"To others there is none, but to me there is.","To others there is none, but to me there is."
00177_0002_surprise_0002_001645,0002,surprise,happy,surprise,surprise,surprise,happy,happy,happy,True,True,True,True,True,0.2857142857142857,0.944992184638977,True,0.008000001311302185,0.6670908331871033,27.35272963267962,3.0091323852539062,0.01751222088932991,1.0146595239639282,0.018108680844306946,0.027658997215777636,0.9941803089238787,5,60,,Voxtral_CN,Giannis suddenly got excited and started shouting.,Giannis suddenly got excited and started talking loudly.
00178_0002_surprise_0002_001692,0002,surprise,happy,neutral,neutral,neutral,happy,happy,happy,True,True,True,True,True,0.5555555555555556,0.6912921071052551,False,0.008000001311302185,0.7185037136077881,27.032033125207036,2.306915521621704,0.0202957671135664,1.4715337753295898,0.02122664451599121,0.035011317133307455,0.9912022061825224,3,60,,Voxtral_CN,One day I might have to talk to her.,"One day, I might even kiss her."
00179_0002_surprise_0002_001639,0002,surprise,happy,happy,happy,happy,happy,happy,happy,True,True,True,True,True,0.2,0.9733750820159912,True,0.00800000037997961,0.23140978813171387,37.900647496413015,0.12374080717563629,0.021255938336253166,0.5270627737045288,0.0035967198200523853,0.026526602040496654,0.8282220811273461,0,60,,Voxtral_CN,"Food is also very delicious, not to mention the price.","The food is also very delicious, not to mention the price."
00180_0002_surprise_0002_001452,0002,surprise,happy,neutral,neutral,neutral,happy,happy,happy,True,True,True,True,True,0.0,1.0000001192092896,True,0.008000001311302185,0.6697954535484314,27.00960169364371,3.0713183879852295,0.0252087265253067,0.4794760048389435,0.02277400717139244,0.03000371431376785,0.9917922131994126,6,60,,Voxtral_CN,You shouldn't be afraid to start a new relationship.,You shouldn't be afraid to start a new relationship.
00181_0002_surprise_0002_001457,0002,surprise,happy,neutral,neutral,neutral,happy,happy,happy,True,True,True,True,True,0.6,0.8059380650520325,True,0.008000001311302185,0.6910470724105835,31.244610829261358,2.155353546142578,0.033562563359737396,1.586334228515625,0.019183840602636337,0.04942609748329967,0.9844282793327321,10,60,,Voxtral_CN,Dancing is so hard! I'm still learning the basic moves.,Dancing is fun! I'm also learning gymnastics.
00182_0002_surprise_0002_001693,0002,surprise,happy,neutral,happy,happy,happy,happy,happy,True,True,True,True,True,0.2857142857142857,0.917494535446167,True,0.00800000037997961,0.4813993573188782,32.13983578258508,1.0936596393585205,0.04903287813067436,0.8585400581359863,0.01068415492773056,0.0576183855535835,0.9551662360335119,2,60,,Voxtral_CN,"Sit down, I watched the screen display.",Sit up straight. I watched the screen display.
00183_0002_surprise_0002_001555,0002,surprise,happy,neutral,neutral,neutral,happy,happy,happy,True,True,True,True,True,0.0,1.0,True,0.008000001311302185,0.6230046153068542,27.716410449947052,3.053201198577881,0.026107266545295715,0.7197237610816956,0.024766331538558006,0.033304751819428054,0.9914492151524583,3,60,,Voxtral_CN,I just want to relax myself.,I just want to relax myself.
00184_0002_surprise_0002_001601,0002,surprise,happy,neutral,happy,neutral,happy,happy,happy,True,True,True,True,True,0.5,0.8664514422416687,True,0.008000001311302185,0.622154712677002,24.728109894813848,1.4951879978179932,0.15848395228385925,0.9198018908500671,0.022139109671115875,0.16768219258345662,0.8940039964772702,7,60,,Voxtral_CN,A lot of pictures.,That's a lot of pictures.
00185_0002_surprise_0002_001687,0002,surprise,happy,neutral,happy,happy,happy,happy,happy,True,True,True,True,True,0.36363636363636365,0.8664162755012512,True,0.00800000037997961,0.40244734287261963,33.14790004714072,0.29570454359054565,0.024190515279769897,0.7401880621910095,0.0061020939610898495,0.031592456922619604,0.9181936300807543,0,60,,Voxtral_CN,I like to listen so much that I keep repeating it.,I like to listen so much that I keep listening over and over.
00186_0002_surprise_0002_001610,0002,surprise,happy,neutral,happy,neutral,happy,happy,happy,True,True,True,True,True,0.5,0.9739018678665161,True,0.008000001311302185,0.539632260799408,31.106765826534456,0.5922926068305969,0.03197735548019409,1.108902931213379,0.008210139349102974,0.04306646689372137,0.9460108819333279,0,60,,Voxtral_CN,"Not so bad, he has some songs I quite like.","Not bad, he has a lot of songs I like."
00187_0002_surprise_0002_001573,0002,surprise,happy,neutral,happy,happy,happy,happy,happy,True,True,True,True,True,0.7777777777777778,0.4411197900772095,False,0.008000001311302185,0.5233652591705322,27.6072354747185,0.8385795950889587,0.00888787116855383,1.1338623762130737,0.013054165057837963,0.020226625472335148,0.9894012789953338,0,60,,Voxtral_CN,"A set of calligraphy brushes, they are really precious.",It's really precious.
00188_0002_surprise_0002_001620,0002,surprise,happy,neutral,happy,happy,happy,happy,happy,True,True,True,True,True,0.7,0.584700345993042,False,0.00800000037997961,0.47500768303871155,29.816730934399583,1.1945528984069824,0.0242165457457304,0.7278661131858826,0.011011352762579918,0.03149531699111685,0.9797275233453245,3,60,,Voxtral_CN,"So you have to keep going, the longer the better.","So you must persevere, time will get better and better."
00189_0002_surprise_0002_001611,0002,surprise,happy,neutral,neutral,neutral,happy,happy,happy,True,True,True,True,True,1.25,0.45364105701446533,False,0.008000001311302185,0.647256076335907,27.802371673186425,3.9844186305999756,0.02181369625031948,2.792323350906372,0.02481577917933464,0.049737177917174996,0.9945252499115449,9,60,,Voxtral_CN,I'm tired of flowers.,My garden is really blooming.
00190_0002_surprise_0002_001702,0002,surprise,happy,neutral,neutral,happy,happy,happy,happy,True,True,True,True,True,0.6363636363636364,0.39585626125335693,False,0.00800000037997961,0.5515051484107971,32.763263321832525,0.6089957356452942,0.02597910910844803,0.7612379193305969,0.007078494876623154,0.03359155908670276,0.9573410656465099,0,60,,Voxtral_CN,I hope you can think of some good ideas with me.,I hope you can go out with me to take photos.
00191_0002_surprise_0002_001590,0002,surprise,happy,neutral,neutral,neutral,happy,happy,happy,True,True,True,True,True,1.2,0.5785143375396729,False,0.00800000037997961,0.6204870343208313,29.944154261786714,2.5149502754211426,0.23405355215072632,0.6100249290466309,0.019168367609381676,0.24015399312486874,0.9069351173905287,3,60,,Voxtral_CN,It's 4:36 PM in Shanghai.,San Francisco is now 4:36 PM.
00192_0002_surprise_0002_001670,0002,surprise,happy,neutral,neutral,neutral,happy,happy,happy,True,True,True,True,True,0.7777777777777778,0.1365012228488922,False,0.008000001311302185,0.7596719861030579,26.52464477537277,3.6087279319763184,0.16975340247154236,1.9660166501998901,0.025235792621970177,0.18941382133146747,0.9529603212901182,8,60,,Voxtral_CN,I can't find the ad you want to block.,I didn't find the annoying frog you wanted to get rid of.
00193_0002_surprise_0002_001568,0002,surprise,happy,neutral,neutral,neutral,happy,happy,happy,True,True,True,True,True,0.25,0.9712121486663818,True,0.008000001311302185,0.8355688452720642,26.817167811294887,2.3332643508911133,0.024145355448126793,0.6568905115127563,0.029402194544672966,0.030714554585199803,0.9896516845856299,3,60,,Voxtral_CN,You have to answer me first. Who do you like the most?,"You have to tell me first, who do you like the most?"
00194_0002_surprise_0002_001673,0002,surprise,happy,neutral,neutral,neutral,happy,happy,happy,True,True,True,True,True,1.5,0.11935410648584366,False,0.008000001311302185,0.8066428899765015,27.84100471176551,3.1779773235321045,0.08088704943656921,2.9946985244750977,0.030385425314307213,0.11083433853557334,0.9745476316531205,19,60,,Voxtral_CN,But plum blossoms are often overlooked.,I'm often watched by many people in Mei Hua.
00195_0002_surprise_0002_001571,0002,surprise,happy,neutral,neutral,neutral,happy,happy,happy,True,True,True,True,True,9.0,0.7830495238304138,False,0.008000001311302185,0.8045859932899475,23.317916818055508,1.8000234365463257,0.04161534458398819,2.174534320831299,0.02443891391158104,0.0633609321814403,0.9768806651407634,4,60,,Voxtral_CN,你这小鬼，很不幸，很少！,You little rascal! You're so unlucky! Come and try!
00196_0002_surprise_0002_001514,0002,surprise,happy,neutral,neutral,neutral,happy,happy,happy,True,True,True,True,True,0.875,0.7644575834274292,False,0.008000001311302185,0.737808346748352,29.704342196427657,3.216930866241455,0.03382796421647072,1.363054871559143,0.024573540315032005,0.0474587586674653,0.9894843981350478,5,60,,Voxtral_CN,I am too. I am a bit thirsty.,I'm thirsty too. I want to take a sip.
00197_0002_surprise_0002_001729,0002,surprise,happy,neutral,neutral,happy,happy,happy,happy,True,True,True,True,True,0.7777777777777778,0.9739177823066711,True,0.008000001311302185,0.5459276437759399,30.086034461869644,1.2021820545196533,0.01910761371254921,0.6673380136489868,0.009927209466695786,0.025781093121133743,0.9841058900848558,2,60,,Voxtral_CN,But sometimes summer is more charming than other seasons.,But there are times in the summer that are more charming than other seasons.
00198_0002_surprise_0002_001402,0002,surprise,happy,neutral,happy,happy,happy,happy,happy,True,True,True,True,True,0.9375,0.24381248652935028,False,0.008000001311302185,0.5091296434402466,34.50544526243591,1.1620228290557861,0.04793679714202881,0.5447725057601929,0.01767963171005249,0.05338469899594784,0.9587471124117412,7,60,,Voxtral_CN,"An English philosopher once said, ""I do not feel obliged to believe that the same God who has endowed us with sense, reason, and intellect has intended us to forgo their use.""","A physicist once said, ""If you drop a banana peel and an apple, the banana peel will hit the ground first."""
00199_0002_surprise_0002_001722,0002,surprise,happy,neutral,happy,happy,happy,happy,happy,True,True,True,True,True,0.9,0.2716594934463501,False,0.008000001311302185,0.4844203293323517,31.108445417574337,1.0461509227752686,0.018415426835417747,1.0268110036849976,0.011151633225381374,0.02868364838859998,0.9823969692761303,1,60,,Voxtral_CN,"At your command, I am always ready to serve you.","Waiting for your order, I can laugh anytime!"
00000_0003_angry_0003_000507,0003,angry,happy,neutral,neutral,neutral,happy,happy,happy,True,True,True,True,True,0.8571428571428571,0.22712768614292145,False,0.008000001311302185,0.7173874974250793,23.90033177964594,3.288768768310547,0.01526440680027008,2.270029067993164,0.0329696461558342,0.03796502717666327,0.9953586257120438,8,60,,Voxtral_CN,You know sometimes people can be unreasonable.,You know sometimes I get really excited about awards.
00001_0003_angry_0003_000521,0003,angry,happy,neutral,neutral,neutral,happy,happy,happy,True,True,True,True,True,1.2222222222222223,0.2126626819372177,False,0.008000001311302185,0.8670771718025208,11.656126254466017,2.361159324645996,0.021266808733344078,2.7262678146362305,0.04233432933688164,0.04852991022299975,0.9909930649273181,10,60,,Voxtral_CN,"I'm a small monkey, I have very little faith.",I was very close to the country when I was young.
00002_0003_angry_0003_000607,0003,angry,happy,neutral,happy,happy,happy,happy,happy,True,True,True,True,True,0.375,0.9630902409553528,True,0.008000001311302185,0.5118919610977173,23.92912200122646,0.9775991439819336,0.016173105686903,0.8696879148483276,0.020352132618427277,0.024870188356712463,0.9834563013005237,0,60,,Voxtral_CN,This is the fourth day of my trip.,This is my fourth day of travel.
00003_0003_angry_0003_000413,0003,angry,happy,neutral,neutral,neutral,happy,happy,happy,True,True,True,True,True,0.875,0.21145190298557281,False,0.008000001311302185,0.6342300772666931,24.634900269162763,1.7008123397827148,0.027247002348303795,2.503364086151123,0.026205334812402725,0.052280905263163154,0.9839800066644715,5,60,,Voxtral_CN,You know I'm really trying to quit drinking.,You know I worked hard to bring you this dial.
00004_0003_angry_0003_000486,0003,angry,happy,neutral,neutral,neutral,happy,happy,happy,True,True,True,True,True,0.4,0.9620059728622437,True,0.00800000037997961,0.5010395646095276,25.242641695713818,1.0716437101364136,0.021059155464172363,0.4119732081890106,0.0172159131616354,0.025179059705194087,0.9803487341315225,1,60,,Voxtral_CN,I like almost all sports.,I like almost all kinds of sports.
00005_0003_angry_0003_000664,0003,angry,happy,neutral,happy,surprise,happy,happy,happy,True,True,True,True,True,0.5,0.7110027074813843,False,0.008000001311302185,0.7378997206687927,19.28579694211019,1.030822992324829,0.04820064827799797,1.4037469625473022,0.033296212553977966,0.06223845086559653,0.9532406158604492,1,60,,Voxtral_CN,Now everyone in the town is asking me for money.,Now everyone in the village is coming to me to borrow money.
00006_0003_angry_0003_000631,0003,angry,happy,neutral,happy,happy,happy,happy,happy,True,True,True,True,True,0.1,0.964205801486969,True,0.008000001311302185,0.3894558846950531,30.83433268702545,0.42527875304222107,0.022791583091020584,0.7308207154273987,0.007894409820437431,0.030099869189392774,0.9464078961669692,0,60,,Voxtral_CN,"Good night, Momo. The whole sky is full of stars.","Good night, Mommy. The whole sky is full of stars."
00007_0003_angry_0003_000622,0003,angry,happy,neutral,happy,happy,happy,happy,happy,True,True,True,True,True,0.9166666666666666,0.35463446378707886,False,0.008000001311302185,0.7201551795005798,25.742313214389846,1.2268192768096924,0.03555471450090408,2.816275119781494,0.02039268985390663,0.06371766962561756,0.9710187839619189,1,60,,Voxtral_CN,Who is the person who has the most changes in the weather?,Shall we have a look at the many changes?
00008_0003_angry_0003_000630,0003,angry,happy,neutral,neutral,neutral,happy,happy,happy,True,True,True,True,True,0.6666666666666666,0.6395586133003235,False,0.008000001311302185,0.6905075311660767,22.61987993335961,2.8088042736053467,0.03266211226582527,2.0074830055236816,0.035552214831113815,0.0527372978432104,0.9883715242914023,5,60,,Voxtral_CN,Definitely can't go to the center of the river.,"Definitely can't go, live in the moment."
00009_0003_angry_0003_000534,0003,angry,happy,neutral,neutral,neutral,happy,happy,happy,True,True,True,True,True,1.0,0.8378828167915344,True,0.008000001311302185,0.571415364742279,25.0264819472719,1.6064447164535522,0.1014784500002861,0.6055312752723694,0.023503145202994347,0.10753399778446183,0.9368304125495749,1,60,,Voxtral_CN,2016年10月5日星期六,2016年10月5日、276
00010_0003_angry_0003_000640,0003,angry,happy,neutral,happy,happy,happy,happy,happy,True,True,True,True,True,1.0,0.17357799410820007,False,0.008000001311302185,0.609306275844574,22.90317486039627,1.1353951692581177,0.038009919226169586,3.4514970779418945,0.04013265669345856,0.07252529133215548,0.9665227400509324,3,60,,Voxtral_CN,There are records of gossip.,How to draw a record!
00011_0003_angry_0003_000379,0003,angry,happy,neutral,happy,happy,happy,happy,happy,True,True,True,True,True,1.0,0.9382553696632385,True,0.00800000037997961,0.40684813261032104,31.225659181995148,0.21889236569404602,0.01597745530307293,0.4621267020702362,0.011769050732254982,0.020598840014282613,0.9270077087777232,0,60,,Voxtral_CN,"Very cute, just like you.",很可爱，就像你一样。
00012_0003_angry_0003_000654,0003,angry,happy,neutral,neutral,happy,happy,happy,happy,True,True,True,True,True,0.16666666666666666,0.6711390018463135,False,0.008000001311302185,0.40198463201522827,28.28788203069766,1.048704743385315,0.047675516456365585,0.9629079103469849,0.012115003541111946,0.05730471670987085,0.9545386661430894,1,60,,Voxtral_CN,I just got back from Ingerland.,I just got back from England.
00013_0003_angry_0003_000488,0003,angry,happy,sad,sad,neutral,happy,happy,happy,True,True,True,True,True,1.0,0.5470824241638184,False,0.008000001311302185,0.6344174742698669,18.75593227360418,3.1438350677490234,0.035949282348155975,1.7311707735061646,0.030000369995832443,0.05326129008691758,0.9885651500242678,6,60,,Voxtral_CN,I can't control him.,I can't control myself and it's delicious.
00014_0003_angry_0003_000435,0003,angry,happy,sad,sad,neutral,happy,happy,happy,True,True,True,True,True,1.0,0.11261923611164093,False,0.008000001311302185,0.8173278570175171,21.22902149965803,2.6069278717041016,0.020192166790366173,1.4625580310821533,0.03100583702325821,0.03481805715955794,0.9922544206115044,1,60,,Voxtral_CN,"Yeah, I always worry about his health.","Yeah, when it's sunny, I always feel happy."
00015_0003_angry_0003_000598,0003,angry,happy,neutral,neutral,neutral,happy,happy,happy,True,True,True,True,True,0.9,0.04102383553981781,False,0.008000001311302185,0.7961748242378235,18.509681900628472,4.7006025314331055,0.0312579870223999,3.0144448280334473,0.04135274142026901,0.06140284883014857,0.9933502169533849,8,60,,Voxtral_CN,"I don't really care about this store, it's not famous.",Gossip Girl is praising this movie 6 stars.
00016_0003_angry_0003_000398,0003,angry,happy,neutral,neutral,happy,happy,happy,happy,True,True,True,True,True,1.0,0.48980778455734253,False,0.008000001311302185,0.4847816228866577,29.150431715878852,1.5120234489440918,0.01833251491189003,1.537687063217163,0.01408202201128006,0.033709526364281775,0.9878755088588789,1,60,,Voxtral_CN,"It's not too early, I came to ask for an order.","Can't wait, I'm here, please guide me."
00017_0003_angry_0003_000481,0003,angry,happy,neutral,neutral,neutral,happy,happy,happy,True,True,True,True,True,1.5,0.28177618980407715,False,0.008000001311302185,0.6670476794242859,23.55459212078605,1.7556400299072266,0.012958679348230362,1.9597097635269165,0.017725087702274323,0.03255595423437655,0.9926188289583969,3,60,,Voxtral_CN,He rides his bicycle to school every day.,"He's really cute, he always tells me how much he loves me."
00018_0003_angry_0003_000396,0003,angry,happy,neutral,neutral,neutral,happy,happy,happy,True,True,True,True,True,0.0,0.9999999403953552,True,0.008000001311302185,0.63551926612854,23.83948039406086,2.030144691467285,0.03352128341794014,0.6801196932792664,0.027328971773386,0.040322753640450536,0.9834882294060958,5,60,,Voxtral_CN,We can drive in a line.,We can drive in a line.
00019_0003_angry_0003_000655,0003,angry,happy,neutral,neutral,happy,happy,happy,happy,True,True,True,True,True,0.875,0.6429018378257751,False,0.008000001311302185,0.6577104330062866,21.67400376390119,1.640194296836853,0.02133852057158947,1.391861081123352,0.023190617561340332,0.0352573632889986,0.9869902482817181,3,60,,Voxtral_CN,"I support you, he needs to be reworked.","I support you, I think it's a must to remake it."
00020_0003_angry_0003_000676,0003,angry,happy,neutral,happy,happy,happy,happy,happy,True,True,True,True,True,1.0,0.9096748232841492,True,0.00800000037997961,0.4622451663017273,28.176273789719232,0.859052836894989,0.025334706529974937,0.880348801612854,0.017225753515958786,0.03413836680363864,0.9705085584472939,0,60,,Voxtral_CN,"So many jokes, a day can't be finished.","So many jokes, I can't finish them all in a day."
00021_0003_angry_0003_000459,0003,angry,happy,neutral,neutral,neutral,happy,happy,happy,True,True,True,True,True,0.75,0.22025664150714874,False,0.008000001311302185,0.778825581073761,14.98772990610868,4.976612091064453,0.026654301211237907,2.800041437149048,0.05347038432955742,0.05465525028657168,0.9946440870368225,5,60,,Voxtral_CN,I'm quite hungry today.,It's quite happy.
00022_0003_angry_0003_000647,0003,angry,happy,neutral,happy,happy,happy,happy,happy,True,True,True,True,True,0.4,0.9952581524848938,True,0.008000001311302185,0.5735049247741699,27.67795821621881,1.2030892372131348,0.028591057285666466,0.4169515073299408,0.01969500631093979,0.032760769309028985,0.976235297930272,2,60,,Voxtral_CN,"Three, two sons, one daughter.","Three, two sons and one daughter."
00023_0003_angry_0003_000627,0003,angry,happy,neutral,neutral,happy,happy,happy,happy,True,True,True,True,True,0.3333333333333333,0.16124631464481354,False,0.008000001311302185,0.6670094132423401,21.234402582114924,1.3760255575180054,0.028247497975826263,0.9128828644752502,0.023384220898151398,0.03737656046278775,0.9794716763642258,3,60,,Voxtral_CN,"Yes, I will never drink it.","Yes, I will never forget her."
00024_0003_angry_0003_000586,0003,angry,happy,neutral,neutral,neutral,happy,happy,happy,True,True,True,True,True,0.7272727272727273,0.3726623058319092,False,0.008000001311302185,0.7412097454071045,22.982845285209233,3.280709981918335,0.03475393354892731,1.5152339935302734,0.034255336970090866,0.049906616037599744,0.9894065815812815,7,60,,Voxtral_CN,"I don't need taste buds, so I don't have a tongue.","I don't need to slow down, so no more first time."
00025_0003_neutral_0003_000240,0003,neutral,happy,neutral,happy,happy,happy,happy,happy,True,True,True,True,True,1.0,0.39921510219573975,False,0.008000001311302185,0.6449950337409973,19.128881336191878,1.2459979057312012,0.14813828468322754,2.9021778106689453,0.03824544697999954,0.1771604452443868,0.8811087209682795,3,60,,Voxtral_CN,About an hour.,八约一钉石头
00026_0003_neutral_0003_000142,0003,neutral,happy,neutral,happy,happy,happy,happy,happy,True,True,True,True,True,0.8571428571428571,0.8163630962371826,True,0.008000001311302185,0.6984249353408813,18.01284739797644,1.000117301940918,0.051707010716199875,0.8301177024841309,0.02340640127658844,0.06000842180505395,0.9482990539051244,1,60,,Voxtral_CN,"Yeah, I'm still a young, inexperienced reporter.","Yeah, I'm still a young reporter who's just getting started."
00027_0003_neutral_0003_000167,0003,neutral,happy,surprise,happy,happy,happy,happy,happy,True,True,True,True,True,1.0,0.8610960245132446,True,0.008000001311302185,0.7798700332641602,14.161062709088707,0.4694370627403259,0.03340255469083786,1.7036588191986084,0.023933066055178642,0.0504393822134845,0.9288455102035374,0,60,,Voxtral_CN,"Too cool, I want to exchange some yen.",太妙了，我想花一些日元。
00028_0003_neutral_0003_000051,0003,neutral,happy,neutral,neutral,neutral,happy,happy,happy,True,True,True,True,True,0.8888888888888888,0.6608840227127075,False,0.008000001311302185,0.7242445945739746,20.59006869702886,3.20281982421875,0.02851952239871025,1.5232181549072266,0.025399981066584587,0.04375195794759318,0.9910954958555414,8,60,,Voxtral_CN,"No problem, maybe his wife will leak the secret.","Don't worry, maybe her boyfriend will smile and tell a secret."
00029_0003_neutral_0003_000087,0003,neutral,happy,neutral,neutral,neutral,happy,happy,happy,True,True,True,True,True,1.4285714285714286,0.42470356822013855,False,0.008000001311302185,0.8672004342079163,14.82554642859337,5.509718894958496,0.024741439148783684,3.0732903480529785,0.03243706747889519,0.055474666999988265,0.9955094915692664,4,60,,Voxtral_CN,It's nothing but it's a bit boring.,It's not a big deal if you don't want to go.
00030_0003_neutral_0003_000257,0003,neutral,happy,neutral,happy,happy,happy,happy,happy,True,True,True,True,True,0.75,0.19148050248622894,False,0.008000001311302185,0.4757590591907501,23.377889856437115,0.8556720018386841,0.014318779110908508,1.1947381496429443,0.017483225092291832,0.026266335439588877,0.9832660422683691,0,60,,Voxtral_CN,This is the fourth day of my trip.,This is me on the 14th floor of a hotel.
00031_0003_neutral_0003_000157,0003,neutral,happy,neutral,neutral,neutral,happy,happy,happy,True,True,True,True,True,0.7142857142857143,0.5686814785003662,False,0.008000001311302185,0.8280014991760254,17.36077809839277,3.725161075592041,0.030254937708377838,2.189195394515991,0.033392686396837234,0.05214722558040172,0.9918782202717048,5,60,,Voxtral_CN,You know sometimes patients can be unreasonable.,"You know, sometimes patients will return the favor."
00032_0003_neutral_0003_000043,0003,neutral,happy,neutral,happy,happy,happy,happy,happy,True,True,True,True,True,0.8571428571428571,0.8088545799255371,True,0.00800000037997961,0.4767945110797882,26.61875807061215,0.7114667892456055,0.04709946736693382,1.0503472089767456,0.01371829118579626,0.057603076639613136,0.9337994856838291,0,60,,Voxtral_CN,Then we can choose a youth hostel.,"Such a good thing, we can choose the youth hotel."
00033_0003_neutral_0003_000281,0003,neutral,happy,neutral,happy,happy,happy,happy,happy,True,True,True,True,True,0.2,0.8516250848770142,True,0.008000001311302185,0.536165177822113,21.10758377700959,0.42960307002067566,0.0222861897200346,1.1570959091186523,0.013191869482398033,0.033857280729915944,0.9481237652259747,0,60,,Voxtral_CN,"Good night, everyone, the whole world is full of stars.","Good morning, everyone, the whole sky is full of stars."
00034_0003_neutral_0003_000258,0003,neutral,happy,neutral,neutral,neutral,happy,happy,happy,True,True,True,True,True,0.1111111111111111,0.8681272864341736,True,0.008000001311302185,0.832630455493927,18.48215393007402,3.9452919960021973,0.15625232458114624,0.5572793483734131,0.03396196663379669,0.1618254576845467,0.9603952445751852,14,60,,Voxtral_CN,I don't quite understand the meaning of this sentence.,I don't quite understand the meaning of this phrase.
00035_0003_neutral_0003_000082,0003,neutral,happy,neutral,happy,happy,happy,happy,happy,True,True,True,True,True,0.25,0.8540138006210327,True,0.008000001311302185,0.6632112264633179,19.27261399617136,0.9261541366577148,0.02809320017695427,1.0607575178146362,0.02261628583073616,0.038701001517958945,0.9696668199546823,0,60,,Voxtral_CN,I heard you are going to Hong Kong to see your uncle.,saying that you are going to Hong Kong to see your cousin.
00036_0003_neutral_0003_000334,0003,neutral,happy,happy,happy,happy,happy,happy,happy,True,True,True,True,True,0.0,1.0,True,0.00682646781206131,0.0815751701593399,35.267214466469085,0.027357688173651695,0.005812961608171463,0.7685575485229492,0.002428062492981553,0.013498561374025884,0.7875199990849391,0,60,,Voxtral_CN,I used to have a too happy.,I used to have a too happy.
00037_0003_neutral_0003_000116,0003,neutral,happy,neutral,neutral,happy,happy,happy,happy,True,True,True,True,True,0.42857142857142855,0.9132876396179199,True,0.008000001311302185,0.7640451192855835,21.737232336601938,1.2203497886657715,0.017333155497908592,0.6577336192131042,0.0217802282422781,0.023910709492322057,0.9857965677882738,3,60,,Voxtral_CN,"No, but we went to Kennedy Center.","No, but we did go to the Kennedy Center."
00038_0003_neutral_0003_000070,0003,neutral,happy,neutral,neutral,happy,happy,happy,happy,True,True,True,True,True,0.7272727272727273,0.34222906827926636,False,0.008000001311302185,0.7904759645462036,20.615483828516147,2.0651748180389404,0.03760408237576485,1.7395650148391724,0.02561183273792267,0.054999988642483955,0.9817913321200221,3,60,,Voxtral_CN,"Mind is not like body, I am not good at pretending.",I'm not very good at waiting.
00039_0003_neutral_0003_000268,0003,neutral,happy,sad,sad,sad,happy,happy,happy,True,True,True,True,True,1.6,0.11161120235919952,False,0.008000001311302185,0.8215134143829346,18.606543576323688,3.556976079940796,0.06406345963478088,3.4328291416168213,0.03421745449304581,0.09839209322549404,0.9819893476382762,3,60,,Voxtral_CN,Everyone has a bad day.,"When I was a kid, I had a roommate."
00040_0003_neutral_0003_000086,0003,neutral,happy,surprise,surprise,surprise,happy,happy,happy,True,True,True,True,True,1.0,0.5169037580490112,False,0.008000001311302185,0.8073666095733643,19.174858952856148,3.7460250854492188,0.0431295707821846,1.4469246864318848,0.026561541482806206,0.057599083261918274,0.9884865771588893,2,60,,Voxtral_CN,I didn't know swimming had so many benefits.,I really want to experience the many benefits of swimming.
00041_0003_neutral_0003_000007,0003,neutral,happy,neutral,neutral,neutral,happy,happy,happy,True,True,True,True,True,1.2,0.5037604570388794,False,0.008000001311302185,0.74137282371521,17.517824509789264,1.74971604347229,0.019390929490327835,2.1742146015167236,0.037849061191082,0.041133453996106975,0.9889176706342323,4,60,,Voxtral_CN,I call once a month.,I go to see the painting every month.
00042_0003_neutral_0003_000117,0003,neutral,happy,neutral,happy,neutral,happy,happy,happy,True,True,True,True,True,0.9090909090909091,0.6800971031188965,False,0.008000001311302185,0.6842559576034546,18.844496255794734,1.2197248935699463,0.023044263944029808,0.9618564248085022,0.022127728909254074,0.03266304946940392,0.9811069987457722,3,60,,Voxtral_CN,"Get up quickly, I'm waiting for you at the dormitory door.","Hurry up and get out of bed, I'm waiting for you at the door of the cave."
00043_0003_neutral_0003_000049,0003,neutral,happy,neutral,neutral,neutral,happy,happy,happy,True,True,True,True,True,0.625,0.5048023462295532,False,0.008000001311302185,0.7867463827133179,19.768196967515482,3.243518829345703,0.025249585509300232,2.382550001144409,0.02747136354446411,0.04907536023437977,0.9922153726129613,2,60,,Voxtral_CN,I'll give you some soccer balls and paper.,Give me some colorful pens and paper.
00044_0003_neutral_0003_000065,0003,neutral,happy,neutral,happy,happy,happy,happy,happy,True,True,True,True,True,1.0,0.4172409176826477,False,0.008000001311302185,0.7134527564048767,22.61336952170163,1.5727500915527344,0.0327010303735733,1.2503143548965454,0.02431660145521164,0.04520441708855331,0.9792077390112955,3,60,,Voxtral_CN,"Not bad at all, let's just hold on to this for now.","Nothing is wrong, first enjoy the food."
00045_0003_neutral_0003_000020,0003,neutral,happy,surprise,surprise,surprise,happy,happy,happy,True,True,True,True,True,1.5,0.8112419843673706,True,0.008000001311302185,0.6782323718070984,20.714862598521577,1.497473120689392,0.023498833179473877,0.7345208525657654,0.021555978804826736,0.03084425726491958,0.984307676141355,3,60,,Voxtral_CN,"A few days ago, I encountered something interesting.",I had a funny thing happen to me a few days ago.
00046_0003_neutral_0003_000301,0003,neutral,happy,neutral,happy,happy,happy,happy,happy,True,True,True,True,True,11.0,0.7577528953552246,False,0.008000001311302185,0.5607405304908752,21.29854333650308,0.604958176612854,0.015478385612368584,0.6293020844459534,0.013696610927581787,0.021771543422937394,0.9744141228092301,0,60,,Voxtral_CN,播放歌单收藏，脑海可动手真快。,"Play songs, save them, and your brain can be moved quickly."
00047_0003_neutral_0003_000323,0003,neutral,happy,neutral,happy,happy,happy,happy,happy,True,True,True,True,True,0.16666666666666666,0.7550704479217529,False,0.008000001311302185,0.44101545214653015,22.797210257649798,0.427157998085022,0.014214488677680492,0.5674484372138977,0.01320955902338028,0.019889105145409702,0.9667231124281764,0,60,,Voxtral_CN,He is so friendly to everyone.,She is so friendly to everyone.
00048_0003_neutral_0003_000324,0003,neutral,happy,neutral,neutral,happy,happy,happy,happy,True,True,True,True,True,0.0,1.0000001192092896,True,0.008000001311302185,0.7498255372047424,16.730316491858897,1.341333270072937,0.04244258254766464,0.357633113861084,0.02635270357131958,0.046019177213311196,0.9683579141033631,1,60,,Voxtral_CN,I like to have lunch.,I like to have lunch.
00049_0003_neutral_0003_000126,0003,neutral,happy,neutral,neutral,neutral,happy,happy,happy,True,True,True,True,True,0.5555555555555556,0.6791876554489136,False,0.008000001311302185,0.9273266792297363,16.940193887290075,3.131272077560425,0.1596650928258896,1.8177213668823242,0.02632911130785942,0.1778425697858259,0.9490095115112818,5,60,,Voxtral_CN,"No, he lives in the old house in Westtown.","For example, she lives in the old house in West End."
00050_0003_sad_0003_001082,0003,sad,happy,neutral,happy,happy,happy,happy,happy,True,True,True,True,True,0.0,0.9999998807907104,True,0.008000001311302185,0.6954075694084167,20.5210306981914,0.6156690716743469,0.03359086811542511,1.1565738916397095,0.02532022073864937,0.045156860234029594,0.9454400591797265,0,60,,Voxtral_CN,I met a beautiful girl.,I met a beautiful girl.
00051_0003_sad_0003_001349,0003,sad,happy,neutral,neutral,happy,happy,happy,happy,True,True,True,True,True,1.3333333333333333,0.338362455368042,False,0.008000001311302185,1.2033151388168335,4.577162994518677,2.3941378593444824,0.014894939959049225,2.967033863067627,0.05256245285272598,0.04456580421425402,0.9937785788312427,7,60,,Voxtral_CN,"Yes, I just hit the table.","Oh, it's all done, I'm so happy, God."
00052_0003_sad_0003_001227,0003,sad,happy,sad,sad,happy,happy,happy,happy,True,True,True,True,True,2.5555555555555554,0.5169342756271362,False,0.008000001311302185,1.0496467351913452,12.041323133677611,1.4359211921691895,0.015544208697974682,1.904567003250122,0.046603813767433167,0.03459034476861358,0.9891747480413652,4,60,,Voxtral_CN,You've been in my heart for a long time.,"Now, tell me, the words you add to me are all with your heart, not with your mouth. That makes me so happy."
00053_0003_sad_0003_001051,0003,sad,happy,neutral,happy,happy,happy,happy,happy,True,True,True,True,True,11.0,0.662356436252594,False,0.00800000037997961,0.3735637068748474,28.236336992523686,0.3651338219642639,0.02588675543665886,0.6635305285453796,0.011154073290526867,0.03252217226284556,0.9291033755859723,0,60,,Voxtral_CN,大愿一看，他们的确很是美丽。,"I looked far and wide, and they were indeed very beautiful."
00054_0003_sad_0003_001317,0003,sad,happy,neutral,happy,neutral,happy,happy,happy,True,True,True,True,True,0.42857142857142855,0.9734569787979126,True,0.008000001311302185,0.7885948419570923,14.551743363268175,1.2073949575424194,0.014602569863200188,0.6384605169296265,0.029271310195326805,0.02098746774559841,0.9879057223388419,1,60,,Voxtral_CN,This is my first book of stories.,This is my first story book.
00055_0003_sad_0003_001121,0003,sad,happy,sad,happy,sad,happy,happy,happy,True,True,True,True,True,0.4444444444444444,0.5224577188491821,False,0.008000001311302185,1.208303451538086,13.811643602490008,0.832068145275116,0.025093866512179375,1.5093295574188232,0.05020598694682121,0.040187664146237076,0.9698415728871794,0,60,,Voxtral_CN,I like all the movies that make me cry.,"I like all the movies that use the ""Goo"" character."
00056_0003_sad_0003_001123,0003,sad,happy,happy,happy,happy,happy,happy,happy,True,True,True,True,True,0.6666666666666666,0.9233524203300476,True,0.008000001311302185,0.9472354054450989,13.154580673071157,0.07705038040876389,0.02136550471186638,1.1729933023452759,0.04220142215490341,0.033095859749540685,0.7227073429291438,0,60,,Voxtral_CN,She always has a sweet smile.,She always has a smile on her face.
00057_0003_sad_0003_001079,0003,sad,happy,happy,happy,happy,happy,happy,happy,True,True,True,True,True,0.6,0.9121056199073792,True,0.008000001311302185,0.6849737167358398,18.504689484331916,0.18035122752189636,0.022424472495913506,1.043084740638733,0.019496461376547813,0.032855514866914605,0.8756622130936649,0,60,,Voxtral_CN,Very cute. Just like you.,So cute! Just like you!
00058_0003_sad_0003_001313,0003,sad,happy,neutral,neutral,happy,happy,happy,happy,True,True,True,True,True,1.8,0.4167855381965637,False,0.008000001311302185,0.8623533248901367,13.117761238937442,1.418159008026123,0.02276035211980343,1.8686683177947998,0.02723606675863266,0.041447307658419016,0.9839507756246018,4,60,,Voxtral_CN,Maybe it's a good thing.,Maybe I should go to the restaurant. It's a really good experience.
00059_0003_sad_0003_001059,0003,sad,happy,neutral,happy,happy,happy,happy,happy,True,True,True,True,True,0.4,0.8992575407028198,True,0.008000001311302185,0.9498960971832275,14.661989942957323,0.7595950961112976,0.028088366612792015,0.5965319275856018,0.01930949091911316,0.034053878983557224,0.9630219221311608,0,60,,Voxtral_CN,That's what I mean. You're both smart and good looking.,That's what I mean. You are both smart and beautiful.
00060_0003_sad_0003_001357,0003,sad,happy,neutral,neutral,neutral,happy,happy,happy,True,True,True,True,True,18.0,0.4054163098335266,False,0.008000001311302185,1.25291907787323,4.859574506203497,2.271605968475342,0.02331123873591423,4.477897644042969,0.05899849534034729,0.06809080516129733,0.9897379919495632,3,60,,Voxtral_CN,又是内在美更加重要。,"You're my beautiful dream, you're my precious gem. He said, ""When the sun comes out, it's so beautiful."""
00061_0003_sad_0003_001347,0003,sad,happy,neutral,neutral,neutral,happy,happy,happy,True,True,True,True,True,1.6,0.1766868680715561,False,0.008000001311302185,1.02788507938385,7.69765247365286,1.4370607137680054,0.02593391388654709,4.677485942840576,0.04521624371409416,0.07270922547738999,0.9819535015896804,3,60,,Voxtral_CN,"three, two sons, one daughter.","Framgangs, så jeg har også hild i gunnjoa."
00062_0003_sad_0003_001160,0003,sad,happy,neutral,neutral,neutral,happy,happy,happy,True,True,True,True,True,11.0,0.41069167852401733,False,0.008000001311302185,1.002704381942749,8.775172091318176,2.249915599822998,0.03746148943901062,2.450741767883301,0.03168798238039017,0.06196922399766743,0.9833498245703272,2,60,,Voxtral_CN,自己的事情要自己做。,Your own happiness is the best gift you can give yourself.
00063_0003_sad_0003_001165,0003,sad,happy,neutral,neutral,happy,happy,happy,happy,True,True,True,True,True,0.9,0.7050701379776001,False,0.008000001311302185,0.9724314212799072,12.937802014612942,1.2196681499481201,0.02691899798810482,3.1157989501953125,0.025290094316005707,0.05807724039100111,0.9779292441232889,2,60,,Voxtral_CN,"It's a good habit, usually reading books or small things.",This is a good habit. I think I like it.
00064_0003_sad_0003_001350,0003,sad,happy,neutral,happy,happy,happy,happy,happy,True,True,True,True,True,0.8888888888888888,0.11426857858896255,False,0.008000001311302185,1.246697187423706,5.339401266043583,0.666726291179657,0.02033538743853569,4.491868495941162,0.03781738877296448,0.06525445057183504,0.9694996466952642,0,60,,Voxtral_CN,I believe I am a fan of Deng Shan.,I like to go to the countryside.
00065_0003_sad_0003_001144,0003,sad,happy,angry,angry,neutral,happy,happy,happy,True,True,True,True,True,2.125,0.2442680299282074,False,0.008000001311302185,1.2659977674484253,6.173916127335046,3.1740424633026123,0.021313760429620743,2.4343149662017822,0.044805075973272324,0.0456573581423983,0.9932849794304757,5,60,,Voxtral_CN,I don't know why I look so angry.,"Last night I got up because of my wife, and when I looked at my watch, it was 11:30."
00066_0003_sad_0003_001384,0003,sad,happy,happy,happy,happy,happy,happy,happy,True,True,True,True,True,1.0,0.5546577572822571,False,0.008000001311302185,1.0318732261657715,12.671289466194276,0.08337541669607162,0.017216308042407036,2.4071338176727295,0.037489376962184906,0.04128802111290396,0.7935085817302042,0,60,,Voxtral_CN,"I had a baby, I'm so happy.","火,我今天是猫火,我开心"
00067_0003_sad_0003_001310,0003,sad,happy,sad,sad,sad,happy,happy,happy,True,True,True,True,True,0.4,0.7104454040527344,False,0.008000001311302185,1.1447432041168213,8.120141121585853,4.185072422027588,0.02819669060409069,2.020944833755493,0.043375637382268906,0.04840657269801945,0.9932625561135618,3,60,,Voxtral_CN,"I'm sorry, I was going to go to the mall.",I want to go to the mall.
00068_0003_sad_0003_001321,0003,sad,happy,neutral,neutral,happy,happy,happy,happy,True,True,True,True,True,22.0,0.17910461127758026,False,0.008000001311302185,1.3025999069213867,2.9922206167382592,0.9829205274581909,0.03754660487174988,16.150903701782227,0.0464160218834877,0.199056106049791,0.9618009759457924,0,60,,Voxtral_CN,大,"And with that, I'd love to find a free day soon. So if you're going to be college one, it's the first."
00069_0003_sad_0003_001397,0003,sad,happy,neutral,happy,happy,happy,happy,happy,True,True,True,True,True,1.5,0.09545397013425827,False,0.008000001311302185,1.0527513027191162,12.326384953224384,1.321578025817871,0.02494959346950054,4.1240129470825195,0.030100349336862564,0.0661900239438191,0.9811213617492919,3,60,,Voxtral_CN,"Just two pieces, the Tang Dynasty and the Song Dynasty.","What a fish was out like that, she had Hanja all over the ocean. Cute, yeah."
00070_0003_sad_0003_001289,0003,sad,happy,neutral,happy,happy,happy,happy,happy,True,True,True,True,True,0.25,0.9136438369750977,True,0.008000001311302185,0.6253244876861572,20.621890295529944,0.26479774713516235,0.021712295711040497,0.7351647615432739,0.02081165462732315,0.02906415144301951,0.9180042279590931,0,60,,Voxtral_CN,"Food is also very delicious, and no need to mention the price.","Food is also very delicious, not to mention the price."
00071_0003_sad_0003_001262,0003,sad,happy,neutral,happy,happy,happy,happy,happy,True,True,True,True,True,0.75,0.6516332626342773,False,0.008000001311302185,0.7332654595375061,15.98124108707747,0.4371914863586426,0.03179040178656578,0.9491544365882874,0.032002758234739304,0.041282266180030995,0.927284947720855,0,60,,Voxtral_CN,I will go with you all the way.,"I will always be with you, walking the road together."
00072_0003_sad_0003_001277,0003,sad,happy,angry,neutral,neutral,happy,happy,happy,True,True,True,True,True,1.625,0.1518452912569046,False,0.008000001311302185,1.2280040979385376,11.49897335819654,2.7803378105163574,0.02359890006482601,2.847181797027588,0.04704345017671585,0.052071188469603666,0.9915122184162063,4,60,,Voxtral_CN,I can't stand the noise in the city.,"Good morning. Jimmy, I'm so glad I'm going to get him bop bop."
00073_0003_sad_0003_001202,0003,sad,happy,neutral,neutral,neutral,happy,happy,happy,True,True,True,True,True,0.7777777777777778,0.2961326241493225,False,0.008000001311302185,1.0672613382339478,10.378577804126367,2.3413608074188232,0.026176627725362778,2.3336212635040283,0.041648782789707184,0.049513256848230956,0.9888199086435463,3,60,,Voxtral_CN,"Be careful, there is a hole on the bridge.","Be careful, I finally found a good one."
00074_0003_sad_0003_001171,0003,sad,happy,neutral,neutral,neutral,happy,happy,happy,True,True,True,True,True,1.0,0.05858883261680603,False,0.008000001311302185,1.030702829360962,10.207575450413186,1.455283522605896,0.021622564643621445,3.347717523574829,0.052521295845508575,0.055100265092328196,0.9851420260672621,3,60,,Voxtral_CN,Then you are far away from the city.,Let me go and get the body back.
00075_0003_surprise_0003_001424,0003,surprise,happy,sad,happy,happy,happy,happy,happy,True,True,True,True,True,0.1,0.898871660232544,True,0.008000001311302185,0.5947023034095764,27.052532628230573,1.3739168643951416,0.026255834847688675,0.769578218460083,0.018958739936351776,0.03395180661968887,0.9808897936053448,2,60,,Voxtral_CN,"Your image is always in my mind, to and fro.","Your image is always in my heart, to and fro."
00076_0003_surprise_0003_001408,0003,surprise,happy,neutral,sad,neutral,happy,happy,happy,True,True,True,True,True,1.0,0.38150331377983093,False,0.008000001311302185,0.5568847060203552,31.066006983849704,3.7316157817840576,0.03371768072247505,2.666975259780884,0.01496836543083191,0.0603875830039382,0.990964321437628,12,60,,Voxtral_CN,Shachan Bagel seems to have caused everyone trouble.,Shachanbao seems to have brought everyone a piece of Ma San.
00077_0003_surprise_0003_001715,0003,surprise,happy,neutral,neutral,neutral,happy,happy,happy,True,True,True,True,True,0.25,0.9632368087768555,True,0.008000001311302185,0.6590677499771118,26.361164821076805,3.5123727321624756,0.026668278500437737,0.5533022880554199,0.018402567133307457,0.03220148540666327,0.9924073324404785,10,60,,Voxtral_CN,I need to be plugged in to talk.,I need to plug in to talk.
00078_0003_surprise_0003_001539,0003,surprise,happy,neutral,neutral,neutral,happy,happy,happy,True,True,True,True,True,0.3333333333333333,0.9203588366508484,True,0.00800000037997961,0.547471821308136,29.31390194759377,1.6372654438018799,0.03601275011897087,1.095424771308899,0.012344742193818092,0.0469671212794818,0.9780043301742533,4,60,,Voxtral_CN,Their partnership is worth us learning.,Their cooperation is worth our learning.
00079_0003_surprise_0003_001596,0003,surprise,happy,neutral,neutral,neutral,happy,happy,happy,True,True,True,True,True,0.14285714285714285,0.8013656735420227,True,0.008000001311302185,0.7156423926353455,21.7198905797813,3.550135374069214,0.029228881001472473,0.7041503190994263,0.02496323734521866,0.03627063382484019,0.9917668263540131,5,60,,Voxtral_CN,"I'm hungry, I'm going to eat something.",I'm alive! I'm going to eat something.
00080_0003_surprise_0003_001644,0003,surprise,happy,neutral,neutral,neutral,happy,happy,happy,True,True,True,True,True,1.25,0.8848345279693604,True,0.008000001311302185,0.7256524562835693,21.82257199462379,1.6087168455123901,0.06827625632286072,1.0937936305999756,0.024870779365301132,0.07921444133665413,0.9575585619599115,4,60,,Voxtral_CN,My family is small.,My family is small and not many people.
00081_0003_surprise_0003_001578,0003,surprise,happy,neutral,happy,happy,happy,happy,happy,True,True,True,True,True,1.0,0.8032262325286865,True,0.008000001311302185,0.4936278760433197,26.764732404427853,0.8324521780014038,0.02320759743452072,0.8518612384796143,0.01923435553908348,0.03172640216287225,0.9721214046310278,0,60,,Voxtral_CN,"You turn one, I want to learn a little.",一转一角，那想学习一下。
00082_0003_surprise_0003_001621,0003,surprise,happy,neutral,happy,neutral,happy,happy,happy,True,True,True,True,True,0.0,1.0,True,0.00800000037997961,0.3551102876663208,26.719168445130414,0.6019856929779053,0.04175777733325958,0.4724416732788086,0.009325232356786728,0.046482287318371236,0.9306332728163488,0,60,,Voxtral_CN,I strongly support people going into space.,I strongly support people going into space.
00083_0003_surprise_0003_001494,0003,surprise,happy,surprise,surprise,surprise,happy,happy,happy,True,True,True,True,True,1.1666666666666667,0.5885746479034424,False,0.008000001311302185,0.6783012747764587,26.058190006416957,3.2260985374450684,0.07282349467277527,1.66510808467865,0.02266184240579605,0.08947480213798582,0.9774267605816999,11,60,,Voxtral_CN,"""Very strange, I don't know why.""","""Very handsome, I don't know why I'm so attracted to him."""
00084_0003_surprise_0003_001444,0003,surprise,happy,neutral,happy,happy,happy,happy,happy,True,True,True,True,True,0.5,0.2623075842857361,False,0.00800000037997961,0.36926788091659546,32.28702513639689,0.7986180782318115,0.02011253498494625,0.8729413151741028,0.008518626913428307,0.028842033322956415,0.9748158280745702,0,60,,Voxtral_CN,"For example, the Wall Street Journal is good.","For example, ""Wa'er jian ri fao"" is good."
00085_0003_surprise_0003_001745,0003,surprise,happy,neutral,neutral,happy,happy,happy,happy,True,True,True,True,True,0.8,0.4655524492263794,False,0.008000001311302185,0.5978488922119141,26.900287721358048,2.125641107559204,0.041781872510910034,1.1086833477020264,0.02114821784198284,0.05286891747010872,0.980343872555755,5,60,,Voxtral_CN,You always seem to be looking for something to do.,He always likes to do something.
00086_0003_surprise_0003_001477,0003,surprise,happy,surprise,happy,surprise,happy,happy,happy,True,True,True,True,True,0.875,0.7632253766059875,False,0.00800000037997961,0.36465713381767273,31.757011194185466,0.7211126685142517,0.02719925343990326,1.586655855178833,0.009876604191958904,0.04306591075773351,0.9622815481858842,0,60,,Voxtral_CN,The wedding ceremony has started. They have arrived.,"The wedding ceremony has been completed, the wedding cake is here."
00087_0003_surprise_0003_001466,0003,surprise,happy,neutral,happy,happy,happy,happy,happy,True,True,True,True,True,0.5714285714285714,0.8564213514328003,True,0.008000001311302185,0.44842439889907837,28.150339923699814,0.5537511706352234,0.017897622659802437,0.7822431921958923,0.008882900699973106,0.02572014341076836,0.9676793050581336,0,60,,Voxtral_CN,"We can go fishing, chatting and hunting.","We can go fishing, chat, and have a picnic."
00088_0003_surprise_0003_001505,0003,surprise,happy,angry,sad,neutral,happy,happy,happy,True,True,True,True,True,0.75,0.35491490364074707,False,0.008000001311302185,0.6073651313781738,26.142656060653398,2.7593979835510254,0.025109127163887024,1.5704690217971802,0.02669438347220421,0.04081408432569355,0.9909005053589354,3,60,,Voxtral_CN,"We can't get along, and we often argue.","We are both very close, and we often joke around."
00089_0003_surprise_0003_001521,0003,surprise,happy,neutral,neutral,neutral,happy,happy,happy,True,True,True,True,True,0.625,0.05013979971408844,False,0.008000001311302185,0.6702833771705627,25.47759494224396,2.6594467163085938,0.020806051790714264,2.848799228668213,0.0318090096116066,0.04929436216749251,0.9921765487298073,5,60,,Voxtral_CN,Then you are far away from the era.,Then you are going to be happy.
00090_0003_surprise_0003_001691,0003,surprise,happy,neutral,happy,happy,happy,happy,happy,True,True,True,True,True,0.4166666666666667,0.6784986853599548,False,0.00800000037997961,0.45624956488609314,32.08139329138889,0.8705271482467651,0.013957332819700241,0.5581696629524231,0.008844094350934029,0.019539117890167983,0.9839668035077249,0,60,,Voxtral_CN,"In the south of France, the climate is mild all year round.","In the south of France, the weather is always sunny."
00091_0003_surprise_0003_001417,0003,surprise,happy,neutral,happy,happy,happy,happy,happy,True,True,True,True,True,0.8461538461538461,0.7887592315673828,False,0.00800000037997961,0.3698202967643738,32.10783989926529,0.6823548674583435,0.02667413465678692,1.0024267435073853,0.011708992533385754,0.036698519181786106,0.9609087061163005,0,60,,Voxtral_CN,Soon you'll be going to college and you'll be able to use it.,"Soon you will go to college, you have arrived."
00092_0003_surprise_0003_001547,0003,surprise,happy,neutral,happy,happy,happy,happy,happy,True,True,True,True,True,0.4444444444444444,0.9371887445449829,True,0.008000001311302185,0.6871687173843384,26.094561547068828,0.8163228034973145,0.013795392587780952,0.501039445400238,0.023943010717630386,0.018806026471890506,0.9831005669219599,0,60,,Voxtral_CN,"I don't know, maybe a new pair of shoes.",I don't know. Maybe I'll buy a new pair of shoes.
00093_0003_surprise_0003_001635,0003,surprise,happy,neutral,neutral,neutral,happy,happy,happy,True,True,True,True,True,0.4,0.8686127662658691,True,0.008000001311302185,0.9192856550216675,23.014771298624854,3.097531795501709,0.05282880365848541,1.1308554410934448,0.035197965800762177,0.06413771004907787,0.9829448712245006,11,60,,Voxtral_CN,I like to exercise but I don't play soccer much.,"I like to play basketball, but I don't play much soccer."
00094_0003_surprise_0003_001430,0003,surprise,happy,neutral,neutral,neutral,happy,happy,happy,True,True,True,True,True,0.0,1.0,True,0.008000001311302185,0.6111531853675842,26.218567082605965,2.1945128440856934,0.05586358904838562,0.46700674295425415,0.02255401760339737,0.060533882018104196,0.9745439680615493,5,60,,Voxtral_CN,"Unless you're playing ping pong, but that's not possible.","Unless you're playing ping pong, but that's not possible."
00095_0003_surprise_0003_001448,0003,surprise,happy,neutral,happy,happy,happy,happy,happy,True,True,True,True,True,0.375,0.7031469345092773,False,0.008000001311302185,0.6084217429161072,26.403073891275874,1.0974411964416504,0.028687890619039536,1.224191427230835,0.02274300716817379,0.04093003232141957,0.9738592913114094,2,60,,Voxtral_CN,"It's early, I'm here, please give me instructions.","It's time to go, I'm here, please give me instructions."
00096_0003_surprise_0003_001485,0003,surprise,happy,sad,neutral,neutral,happy,happy,happy,True,True,True,True,True,1.1428571428571428,0.25763022899627686,False,0.008000001311302185,0.6719579696655273,24.167502867340914,2.91416597366333,0.03274970501661301,2.0511884689331055,0.020777855068445206,0.05326179748449475,0.98876189437644,1,60,,Voxtral_CN,"Yeah, I always worry about his health.","Yeah, as long as I'm healthy, I'll be fine."
00097_0003_surprise_0003_001662,0003,surprise,happy,sad,sad,sad,happy,happy,happy,True,True,True,True,True,0.7777777777777778,0.5214507579803467,False,0.008000001311302185,0.6381980180740356,25.667807589077178,4.369538307189941,0.32748109102249146,1.838809609413147,0.025342050939798355,0.3458694405371323,0.9250536171101575,11,60,,Voxtral_CN,He seems to have been dumped by his girlfriend.,He seems like a restaurant threw me out.
00098_0003_surprise_0003_001461,0003,surprise,happy,neutral,happy,happy,happy,happy,happy,True,True,True,True,True,0.3333333333333333,0.9815387725830078,True,0.00800000037997961,0.37233829498291016,31.26155119751301,0.4913226366043091,0.029026061296463013,0.27423161268234253,0.013810312375426292,0.0317685155264102,0.9409226053636128,0,60,,Voxtral_CN,"Next month, my sister is going to get married.","Next month, my sister is getting married."
00099_0003_surprise_0003_001449,0003,surprise,happy,neutral,neutral,neutral,happy,happy,happy,True,True,True,True,True,0.9629629629629629,0.33580848574638367,False,0.008000001311302185,0.8410047888755798,23.16497655800543,2.155149221420288,0.03469841927289963,2.4085514545440674,0.03209000825881958,0.05878425471842289,0.9838997601984921,3,60,,Voxtral_CN,"I can't physically send you anything, but I can certainly help you find some information or answer any questions you might have about soccer or paper flowers.",Give me some crayons and paper.
00900_0004_angry_0004_000467,0004,angry,happy,neutral,neutral,neutral,happy,happy,happy,True,True,True,True,True,0.4166666666666667,0.7308286428451538,False,0.008000001311302185,0.781650722026825,22.002023568607832,1.795180082321167,0.033318422734737396,1.5790728330612183,0.037966288626194,0.04910953072823584,0.9814400666190232,4,60,,Voxtral_CN,"Get up quickly, I'll be waiting for you at the apartment door.","Come on, let's go. I'll be waiting for you at the dormitory door."
00901_0004_angry_0004_000575,0004,angry,happy,neutral,happy,happy,happy,happy,happy,True,True,True,True,True,0.3333333333333333,0.6000194549560547,False,0.00800000037997961,0.47374874353408813,28.18164303839955,0.7777833342552185,0.03248409926891327,1.2914608716964722,0.008188361302018166,0.04539878986949101,0.9582350278821299,0,60,,Voxtral_CN,"""Almost, we both are very hot-blooded.""","Almost, we both are very enthusiastic."
00902_0004_angry_0004_000385,0004,angry,happy,neutral,neutral,neutral,happy,happy,happy,True,True,True,True,True,0.5,0.8450592160224915,True,0.008000001311302185,0.7455675601959229,26.822768211380698,2.562392234802246,0.05536917969584465,0.8629793524742126,0.027824928984045982,0.06399925146987662,0.9783916065058955,6,60,,Voxtral_CN,Such an innocent person will not be killed.,Such innocent people will not be killed anymore.
00903_0004_angry_0004_000605,0004,angry,happy,neutral,neutral,happy,happy,happy,happy,True,True,True,True,True,0.375,0.4599584937095642,False,0.008000001311302185,0.5156195163726807,28.981272382327443,1.4115785360336304,0.016660461202263832,1.097230315208435,0.019727353006601334,0.02763296162787825,0.9881972835538589,3,60,,Voxtral_CN,"At first, my office was a one-man show.","At first, my workplace was a small workshop."
00904_0004_angry_0004_000444,0004,angry,happy,surprise,surprise,surprise,surprise,happy,happy,False,False,True,True,False,8.0,0.8959059715270996,True,0.008000001311302185,0.783568799495697,21.984139947037313,2.6339545249938965,0.568281352519989,1.0304348468780518,0.03664157912135124,0.5785860674045608,0.7842478497151328,20,60,,Voxtral_CN,很神奇的样子，我搞不明白为什么。,"I don't know why, but it looks amazing."
00905_0004_angry_0004_000456,0004,angry,happy,neutral,neutral,neutral,happy,happy,happy,True,True,True,True,True,1.3333333333333333,0.3155125379562378,False,0.008000001311302185,0.7423843145370483,21.742845957177842,5.265830039978027,0.029495827853679657,2.6304891109466553,0.027648653835058212,0.055800995449684566,0.994398636562565,7,60,,Voxtral_CN,I usually keep quiet when I can't do anything.,"Can't do anything, hit the ball, I'll catch it, it's all fun."
00906_0004_angry_0004_000405,0004,angry,happy,neutral,neutral,neutral,happy,happy,happy,True,True,True,True,True,0.8333333333333334,0.2836211025714874,False,0.008000001311302185,0.7174878120422363,22.781121067464234,2.6081032752990723,0.02456209436058998,2.94661021232605,0.031834863126277924,0.05402851483248174,0.9905823919653743,14,60,,Voxtral_CN,It will actually become a coal.,It will be a great ice cream.
00907_0004_angry_0004_000471,0004,angry,happy,neutral,neutral,neutral,neutral,happy,happy,False,False,True,True,False,1.0,0.8951879143714905,True,0.008000001311302185,0.706636905670166,23.001349700194762,1.9507560729980469,0.3869970738887787,0.9145821332931519,0.028283094987273216,0.3961431780526601,0.8016168811439265,8,60,,Voxtral_CN,Then you are far away from the city.,让你又离市区很远了。
00908_0004_angry_0004_000696,0004,angry,happy,neutral,happy,happy,happy,happy,happy,True,True,True,True,True,1.0,0.6275256872177124,False,0.008000001311302185,0.5540172457695007,24.187843212177945,1.0165783166885376,0.026524340733885765,2.0313045978546143,0.020275484770536423,0.04683758946727961,0.9739082171059011,2,60,,Voxtral_CN,"Good night, little girl.",好好休息一下，这个小姑娘提。
00909_0004_angry_0004_000581,0004,angry,happy,neutral,neutral,neutral,happy,happy,happy,True,True,True,True,True,1.0,0.24381759762763977,False,0.008000001311302185,0.7662772536277771,21.271915272037162,4.316112995147705,0.02054830640554428,2.805687665939331,0.04532394930720329,0.04860563630443066,0.9952391639355491,3,60,,Voxtral_CN,It's been very cold and windy.,"""对着很长的墙壁，两个声音大声的"""
00910_0004_angry_0004_000453,0004,angry,happy,neutral,happy,happy,happy,happy,happy,True,True,True,True,True,0.2857142857142857,0.878277063369751,True,0.00800000037997961,0.4569675326347351,26.00664100916363,0.5865271091461182,0.017516501247882843,0.6530607342720032,0.016925504431128502,0.024047277845647187,0.9701352231214277,0,60,,Voxtral_CN,"Feels very warm. Okay, see you later.","It's really warm. Okay, see you later."
00911_0004_angry_0004_000364,0004,angry,happy,neutral,neutral,neutral,happy,happy,happy,True,True,True,True,True,0.125,0.9668929576873779,True,0.008000001311302185,0.5408304333686829,28.47860174090508,1.603933334350586,0.01998346671462059,0.6716244220733643,0.017080333083868027,0.026699881738685073,0.9875409617802403,1,60,,Voxtral_CN,"Whoever you are, I'm happy to help you.","Whoever you are, I'm glad to help you."
00912_0004_angry_0004_000530,0004,angry,happy,sad,sad,neutral,happy,happy,happy,True,True,True,True,True,13.0,0.2684094309806824,False,0.008000001311302185,0.7179857492446899,22.38962789900001,4.09814453125,0.03441721200942993,2.118028163909912,0.02420417033135891,0.05559773569023237,0.9916017573936241,10,60,,Voxtral_CN,"""冬天的雨非常多，我不喜欢雨天。""",There are many good things about the present. We don't like the past.
00913_0004_angry_0004_000548,0004,angry,happy,neutral,happy,happy,happy,happy,happy,True,True,True,True,True,1.1666666666666667,0.7317825555801392,False,0.008000001311302185,0.5281116962432861,27.437113943672372,1.0036745071411133,0.023128237575292587,2.0068063735961914,0.019755426794290543,0.043196498865522445,0.9769564361645774,1,60,,Voxtral_CN,"Of course, we all have continents.","Of course we know, we are all over the world."
00914_0004_angry_0004_000526,0004,angry,happy,neutral,neutral,neutral,happy,happy,happy,True,True,True,True,True,1.0,0.09512950479984283,False,0.008000001311302185,0.7350273728370667,22.87436951089734,2.3973169326782227,0.0320698581635952,3.8850224018096924,0.03327152878046036,0.07092041489697994,0.9866226039092096,5,60,,Voxtral_CN,"Take your family with you, but they have a bad reputation.",上去你就加入，我们就去拍个照片。
00915_0004_angry_0004_000448,0004,angry,happy,neutral,neutral,happy,happy,happy,happy,True,True,True,True,True,0.8571428571428571,0.1247917115688324,False,0.008000001311302185,0.6969448328018188,21.29198452971383,2.094191074371338,0.032633163034915924,2.065192222595215,0.03779440000653267,0.05328546320486814,0.9844172943747684,6,60,,Voxtral_CN,I will only joke about the landlord.,"I will not only cheer for the host country, China."
00916_0004_angry_0004_000368,0004,angry,happy,neutral,neutral,neutral,happy,happy,happy,True,True,True,True,True,0.2857142857142857,0.6749127507209778,False,0.008000001311302185,0.6857272386550903,25.20918617080929,1.7521288394927979,0.023892607539892197,1.0481252670288086,0.017796095460653305,0.03437403817113489,0.9863636697248768,3,60,,Voxtral_CN,"We don't agree, let's go play there.","We all agreed, let's go play there."
00917_0004_angry_0004_000387,0004,angry,happy,neutral,happy,happy,happy,happy,happy,True,True,True,True,True,0.0,1.0,True,0.00800000037997961,0.40781235694885254,30.326343516301577,0.21183264255523682,0.021086987107992172,0.23390531539916992,0.00858581718057394,0.023426126120155676,0.9004544962776755,0,60,,Voxtral_CN,I and my wife are looking forward to meeting you.,I and my wife are looking forward to meeting you.
00918_0004_angry_0004_000586,0004,angry,happy,neutral,neutral,neutral,happy,happy,happy,True,True,True,True,True,0.5833333333333334,0.5752782821655273,False,0.008000001311302185,0.6135334968566895,26.23035821724597,2.5915799140930176,0.21522411704063416,1.1714282035827637,0.02612246200442314,0.22693866030108184,0.9169525447121099,8,60,,Voxtral_CN,"I don't need to show off, so I don't have a nose.","We don't need to show you, so no beak."
00919_0004_angry_0004_000549,0004,angry,happy,happy,happy,happy,happy,happy,happy,True,True,True,True,True,0.2222222222222222,0.9770462512969971,True,0.00800000037997961,0.2682236433029175,31.634439769431765,0.1293463110923767,0.014195704832673073,1.107007384300232,0.006131039001047611,0.025265839986065405,0.8902504082815723,0,60,,Voxtral_CN,"I like your quick and tidy, bright and sunny.","I like your quick and tidy, sunny."
00920_0004_angry_0004_000626,0004,angry,happy,neutral,happy,happy,happy,happy,happy,True,True,True,True,True,0.5454545454545454,0.730949878692627,False,0.00800000037997961,0.598418653011322,25.254298351344456,1.095292568206787,0.018486063927412033,0.9735622406005859,0.017200563102960587,0.028221858339048923,0.9831222593268597,1,60,,Voxtral_CN,I like it very much. I pay attention to the appearance.,I like it very much.
00921_0004_angry_0004_000459,0004,angry,happy,neutral,neutral,neutral,happy,happy,happy,True,True,True,True,True,1.75,0.48621588945388794,False,0.008000001311302185,0.7874602675437927,18.57286672659135,4.524815559387207,0.018679514527320862,1.6320053339004517,0.05390585586428642,0.03500010692488403,0.9958717622227566,4,60,,Voxtral_CN,I'm actually quite hungry.,I really like the taste of it.
00922_0004_angry_0004_000594,0004,angry,happy,neutral,neutral,neutral,neutral,happy,happy,False,False,True,True,False,3.5,0.06336773186922073,False,0.008000001311302185,0.6071194410324097,26.707389196728002,2.538745880126953,0.4125816226005554,2.653913974761963,0.027321308851242065,0.43912103556126353,0.8374860493796552,5,60,,Voxtral_CN,My family is small.,"My goal is to be the best, and I don't want to be the only one."
00923_0004_angry_0004_000649,0004,angry,happy,neutral,neutral,neutral,happy,happy,happy,True,True,True,True,True,0.6666666666666666,0.5908733606338501,False,0.008000001311302185,0.6373184323310852,26.51401739193688,2.4046196937561035,0.04179859906435013,1.9688022136688232,0.023370590060949326,0.06148685490693897,0.9826173763889211,4,60,,Voxtral_CN,"Yes, I just hit the table.","Eat it, I just hit my target."
00924_0004_angry_0004_000600,0004,angry,happy,neutral,neutral,neutral,happy,happy,happy,True,True,True,True,True,0.6666666666666666,0.5892061591148376,False,0.008000001311302185,0.6430812478065491,27.043469364817888,3.6316299438476562,0.03529614582657814,1.1206343173980713,0.025271451100707054,0.04650274171506986,0.990280907919494,5,60,,Voxtral_CN,"I don't need to turn my head, I don't need a neck.","I don't need to turn my head, I don't need to look away, I can just keep eating."
00925_0004_neutral_0004_000123,0004,neutral,happy,neutral,neutral,neutral,happy,happy,happy,True,True,True,True,True,0.6,0.2820066213607788,False,0.008000001311302185,0.8106915354728699,17.881201667063902,2.0291008949279785,0.040803879499435425,3.1966660022735596,0.03019879013299942,0.07277084151007235,0.9798906601434012,7,60,,Voxtral_CN,Then you say you have fallen from the unknown heavens.,Then you say you are a good person.
00926_0004_neutral_0004_000017,0004,neutral,happy,neutral,happy,happy,happy,happy,happy,True,True,True,True,True,0.3333333333333333,0.9894435405731201,True,0.008000001311302185,0.6426133513450623,17.21531014032427,0.6189425587654114,0.025700487196445465,0.8448457717895508,0.024175425991415977,0.03414918666860089,0.9584767813547843,0,60,,Voxtral_CN,You'll soon be able to use it in college.,Soon you will be able to use it in college.
00927_0004_neutral_0004_000053,0004,neutral,happy,neutral,neutral,happy,happy,happy,happy,True,True,True,True,True,0.18181818181818182,0.9936590194702148,True,0.008000001311302185,0.9022003412246704,14.932735007231022,1.1334617137908936,0.023785945028066635,0.714054524898529,0.02470548078417778,0.030926737331859765,0.9790147785861122,3,60,,Voxtral_CN,"I will definitely do it, so I won't ask you anymore.",I will definitely do it. So I won't ask you anymore.
00928_0004_neutral_0004_000152,0004,neutral,happy,neutral,neutral,neutral,neutral,happy,happy,False,False,True,True,False,1.1428571428571428,0.24606913328170776,False,0.008000001311302185,0.8109009861946106,17.59199909059536,3.2673890590667725,0.18246611952781677,2.8246240615844727,0.02314366027712822,0.21071259158026429,0.9441553741445371,5,60,,Voxtral_CN,Beware of a hole on the sidewalk.,There is a window on the top of the human-shaped stone.
00929_0004_neutral_0004_000001,0004,neutral,happy,neutral,happy,happy,happy,happy,happy,True,True,True,True,True,1.0,0.04067084193229675,False,0.008000001311302185,0.6282538771629333,15.699235786709867,0.2796664535999298,0.0210207961499691,0.8855599761009216,0.021444551646709442,0.029876610356494783,0.9248361901136706,0,60,,Voxtral_CN,"Dazhuan yi kan, tamen di qi hen shi mei li.","I wish to see them, they are really beautiful."
00930_0004_neutral_0004_000333,0004,neutral,happy,neutral,neutral,happy,happy,happy,happy,True,True,True,True,True,0.6363636363636364,0.3620637059211731,False,0.008000001311302185,0.7140381932258606,19.364361709076878,1.2528311014175415,0.030343011021614075,2.4301095008850098,0.022410845384001732,0.054644330138918014,0.9757804455945563,4,60,,Voxtral_CN,"If you miss this village, you will not find this restaurant.","Miss this spring, you will never have this feeling."
00931_0004_neutral_0004_000320,0004,neutral,happy,neutral,happy,happy,happy,happy,happy,True,True,True,True,True,0.4,0.9130879640579224,True,0.008000001311302185,0.7516530156135559,19.20183943691429,1.0828461647033691,0.017415478825569153,1.110494613647461,0.021636780351400375,0.028520641329847277,0.9839169409346896,3,60,,Voxtral_CN,Thank you for coming here to tell me more details.,"Thank you for coming here, tell me more."
00932_0004_neutral_0004_000207,0004,neutral,happy,neutral,neutral,happy,happy,happy,happy,True,True,True,True,True,0.6,0.6489689350128174,False,0.008000001311302185,0.7902717590332031,17.176746873129392,1.9406179189682007,0.029447633773088455,0.9406574964523315,0.028343696147203445,0.03885449217457324,0.984825640593515,6,60,,Voxtral_CN,"I am Mung Mung Da, you are Dai Dai Da.","I'm Mung Mung Da, you're Miss B.B. Da."
00933_0004_neutral_0004_000254,0004,neutral,happy,neutral,neutral,neutral,happy,happy,happy,True,True,True,True,True,1.2857142857142858,0.2396892011165619,False,0.008000001311302185,1.0278797149658203,16.727523556176813,4.374285697937012,0.060193922370672226,2.3881871700286865,0.033477045595645905,0.08407612884141505,0.9862391424503753,6,60,,Voxtral_CN,"I didn't trick you, machines don't trick.","If I didn't tell you, the tea is not to be missed."
00934_0004_neutral_0004_000209,0004,neutral,happy,neutral,neutral,neutral,happy,happy,happy,True,True,True,True,True,0.875,0.5277458429336548,False,0.008000001311302185,1.132212519645691,14.714891671864915,3.258971929550171,0.036032937467098236,2.7612016201019287,0.043498676270246506,0.06364538865488023,0.98894346491899,4,60,,Voxtral_CN,"I'm sorry, I spilled coffee on the table.",I'm going to get up and bring the coffee table.
00935_0004_neutral_0004_000330,0004,neutral,happy,neutral,happy,happy,happy,happy,happy,True,True,True,True,True,0.5714285714285714,0.8827271461486816,True,0.008000001311302185,0.7504898905754089,17.56019408409141,0.9989610910415649,0.030384764075279236,0.6960465908050537,0.020682452246546745,0.03734543680785224,0.9695836360917734,0,60,,Voxtral_CN,"We get along very well, that's all.",We got along very well.
00936_0004_neutral_0004_000054,0004,neutral,happy,neutral,neutral,neutral,happy,happy,happy,True,True,True,True,True,1.0,0.14178480207920074,False,0.008000001311302185,0.922842264175415,14.627067583290813,4.030549049377441,0.02261362597346306,2.740161657333374,0.02699839137494564,0.05001551253071055,0.9943894428038393,4,60,,Voxtral_CN,I was created by artificial intelligence.,I sleep with the human garbage dump.
00937_0004_neutral_0004_000284,0004,neutral,happy,neutral,happy,happy,happy,happy,happy,True,True,True,True,True,1.5,0.694563090801239,False,0.008000001311302185,0.8921090960502625,16.879081119101244,0.7028741240501404,0.016322845593094826,1.7386242151260376,0.02955002337694168,0.03370938324458897,0.9767770002699225,0,60,,Voxtral_CN,Shopping and sightseeing are both time-consuming.,There are plenty of time to shop and sightsee.
00938_0004_neutral_0004_000341,0004,neutral,happy,neutral,neutral,happy,happy,happy,happy,True,True,True,True,True,0.7777777777777778,0.5381506681442261,False,0.008000001311302185,0.8794148564338684,16.1570432928026,1.0782499313354492,0.030283179134130478,2.5174002647399902,0.038310322910547256,0.05545756488475948,0.9719145086365796,4,60,,Voxtral_CN,I will draw a devil face on your face.,I will kiss you like a swallow.
00939_0004_neutral_0004_000176,0004,neutral,happy,neutral,happy,neutral,happy,happy,happy,True,True,True,True,True,0.5,0.71668940782547,False,0.008000001311302185,0.7870450019836426,17.947334674170015,1.3646478652954102,0.11848633736371994,1.980180025100708,0.0217219740152359,0.13828835483446716,0.9131744236905608,3,60,,Voxtral_CN,Wear your family but they have a birthmark.,"Wear your family, but with a twist."
00940_0004_neutral_0004_000308,0004,neutral,happy,neutral,neutral,neutral,happy,happy,happy,True,True,True,True,True,0.6666666666666666,0.548086941242218,False,0.008000001311302185,0.7452043294906616,17.347328665828005,2.390960454940796,0.1587584912776947,0.9655708074569702,0.02653321623802185,0.16841446468442678,0.9336005365753213,3,60,,Voxtral_CN,I'm going to check out some knowledge about basketball.,I go to check out the knowledge related to soccer.
00941_0004_neutral_0004_000338,0004,neutral,happy,neutral,neutral,neutral,happy,happy,happy,True,True,True,True,True,0.6,0.8831238150596619,True,0.008000001311302185,0.8575834035873413,16.34924912958375,2.073428153991699,0.08030320703983307,1.0203425884246826,0.02807537280023098,0.0905069136778079,0.9612703209005646,6,60,,Voxtral_CN,Young people must take responsibility.,Young people should take on responsibilities.
00942_0004_neutral_0004_000307,0004,neutral,happy,neutral,happy,happy,happy,happy,happy,True,True,True,True,True,0.3333333333333333,0.9485476016998291,True,0.008000001311302185,0.6036333441734314,22.260201282884427,1.1786669492721558,0.01792622171342373,1.2169935703277588,0.019694825634360313,0.03009635436495766,0.9847911051340725,5,60,,Voxtral_CN,Sometimes inner beauty is more important.,Sometimes the inner beauty is more precious.
00943_0004_neutral_0004_000321,0004,neutral,happy,angry,neutral,neutral,happy,happy,happy,True,True,True,True,True,0.5714285714285714,0.5247621536254883,False,0.008000001311302185,0.9368433356285095,16.311813323968664,2.4047982692718506,0.022611519321799278,1.762168526649475,0.031438134610652924,0.04023351896964014,0.9905973321709659,2,60,,Voxtral_CN,I don't like you making me dizzy.,Fusi very much likes you making me dizzy.
00944_0004_neutral_0004_000343,0004,neutral,happy,neutral,happy,happy,happy,happy,happy,True,True,True,True,True,0.375,0.5392765402793884,False,0.00800000037997961,0.5762841701507568,20.538045925195092,1.29154634475708,0.0461324006319046,1.1168522834777832,0.021014777943491936,0.05730113361446187,0.9642812657717046,2,60,,Voxtral_CN,Many white liners were involved in this game.,Many white cranes are participating in this game.
00945_0004_neutral_0004_000090,0004,neutral,happy,neutral,neutral,neutral,happy,happy,happy,True,True,True,True,True,0.7777777777777778,0.4460533857345581,False,0.008000001311302185,0.9061866998672485,14.943404369258694,3.003547191619873,0.057994645088911057,1.6363333463668823,0.033751145005226135,0.07435831606402993,0.9806912822110069,5,60,,Voxtral_CN,"Not too bad, but I have to lie down.","It's not too high, but you have to lie on the stove."
00946_0004_neutral_0004_000180,0004,neutral,happy,neutral,sad,neutral,happy,happy,happy,True,True,True,True,True,0.8333333333333334,0.14656949043273926,False,0.008000001311302185,0.9776146411895752,17.08984025666453,3.6843037605285645,0.027507375925779343,1.6879973411560059,0.04123561084270477,0.044387761693447825,0.9925339011890179,10,60,,Voxtral_CN,"It rains a lot in the summer, I don't like rainy days.",There are many species of fish that I like to eat.
00947_0004_neutral_0004_000059,0004,neutral,happy,neutral,happy,happy,happy,happy,happy,True,True,True,True,True,1.1428571428571428,0.7284659147262573,False,0.008000001311302185,0.761945366859436,15.710831085729628,0.5303740501403809,0.028750617057085037,0.7954198122024536,0.01693112589418888,0.03670498449036852,0.9457918104223326,0,60,,Voxtral_CN,I like everything I can play well.,"If I can play it well, I like it."
00948_0004_neutral_0004_000058,0004,neutral,happy,neutral,happy,happy,happy,happy,happy,True,True,True,True,True,0.5714285714285714,0.8641356825828552,True,0.00800000037997961,0.5130425095558167,19.302890271375276,0.5668091177940369,0.018506847321987152,1.2639585733413696,0.010907476767897606,0.031146542130168528,0.9673490656007547,0,60,,Voxtral_CN,"make people feel spacious, airy and grand.",Make people feel spacious and exhilarating.
00949_0004_neutral_0004_000189,0004,neutral,happy,neutral,neutral,happy,happy,happy,happy,True,True,True,True,True,0.8888888888888888,0.6303993463516235,False,0.008000001311302185,1.0347630977630615,14.234241130380738,1.4320495128631592,0.02255948632955551,1.5563225746154785,0.035392314195632935,0.03812306599885225,0.9842467134502554,2,60,,Voxtral_CN,"I am a teacher, are you a good student?",I'm a teacher of Yinyang. You are a good person.
00950_0004_sad_0004_001127,0004,sad,happy,neutral,happy,happy,happy,happy,happy,True,True,True,True,True,0.3333333333333333,0.9924881458282471,True,0.00800000037997961,0.4834856390953064,21.73567461049096,0.34850582480430603,0.01728248782455921,1.042326807975769,0.01257469691336155,0.027705881651286037,0.950409759049899,0,60,,Voxtral_CN,They got married and they came.,"They got married, they came."
00951_0004_sad_0004_001145,0004,sad,happy,neutral,neutral,happy,happy,happy,happy,True,True,True,True,True,0.14285714285714285,0.8154945373535156,True,0.008000001311302185,0.8480616807937622,15.73021976320687,1.2133135795593262,0.041799403727054596,1.0382702350616455,0.024523859843611717,0.052182351316269485,0.9655493811070374,5,60,,Voxtral_CN,"I do have a hobby, collecting antiques.","I do have a hobby, collecting candy."
00952_0004_sad_0004_001070,0004,sad,happy,surprise,surprise,surprise,happy,happy,happy,True,True,True,True,True,0.75,0.7869269847869873,False,0.008000001311302185,0.8266391158103943,15.520418470183035,2.0082194805145264,0.024234585464000702,0.969575047492981,0.025822684168815613,0.033930594165772196,0.987932302370759,5,60,,Voxtral_CN,"A few days ago, I encountered something interesting.",I've discovered something interesting.
00953_0004_sad_0004_001274,0004,sad,happy,neutral,neutral,neutral,happy,happy,happy,True,True,True,True,True,0.5714285714285714,0.449442595243454,False,0.008000001311302185,0.9738463163375854,13.043819611464237,3.3068485260009766,0.02221365086734295,0.6587594747543335,0.030891992151737213,0.028801554534807802,0.9932825314819587,13,60,,Voxtral_CN,This is a bit hard for me.,This is a bit of a surprise to me.
00954_0004_sad_0004_001123,0004,sad,happy,happy,happy,happy,happy,happy,happy,True,True,True,True,True,0.0,1.0,True,0.007967903278768063,0.17904514074325562,28.313801033070828,0.05364173650741577,0.006088677793741226,0.4837069511413574,0.0047624013386666775,0.010925794929168188,0.8864936485995473,0,60,,Voxtral_CN,She always has a sweet smile.,She always has a sweet smile.
00955_0004_sad_0004_001272,0004,sad,happy,neutral,neutral,neutral,happy,happy,happy,True,True,True,True,True,0.42857142857142855,0.9422739744186401,True,0.008000001311302185,0.9001263380050659,15.07899993807111,2.617847442626953,0.021001232787966728,1.133810043334961,0.0313294380903244,0.03233964651569724,0.9919776712553989,5,60,,Voxtral_CN,My old friend Hansen lives in London.,My old friend Hansen just moved to London.
00956_0004_sad_0004_001232,0004,sad,happy,neutral,neutral,happy,happy,happy,happy,True,True,True,True,True,1.2222222222222223,0.6334403157234192,False,0.008000001311302185,0.9550044536590576,14.485114501396321,1.616429328918457,0.02508918195962906,2.302009105682373,0.031459156423807144,0.04810958760801703,0.9844786397334079,4,60,,Voxtral_CN,“About enough to support my living for three months.”,I think I have enough support to live. I thank you all enough.
00957_0004_sad_0004_001320,0004,sad,happy,neutral,neutral,neutral,happy,happy,happy,True,True,True,True,True,0.8888888888888888,0.12134652584791183,False,0.008000001311302185,1.068766474723816,13.903262693477,3.3455426692962646,0.027140077203512192,3.0988450050354004,0.04015722870826721,0.058128928826153274,0.9918876906121717,4,60,,Voxtral_CN,I can't find the folder you want to delete.,"No, I've never had you eat three potatoes."
00958_0004_sad_0004_001203,0004,sad,happy,neutral,neutral,neutral,happy,happy,happy,True,True,True,True,True,1.0,0.9563966989517212,True,0.008000001311302185,0.9450699090957642,11.620038995319566,2.7813720703125,0.07406741380691528,0.2943101227283478,0.04228498786687851,0.07701093788407742,0.97337018854921,7,60,,Voxtral_CN,What are we waiting for?,We're waiting for what?
00959_0004_sad_0004_001379,0004,sad,happy,neutral,neutral,happy,happy,happy,happy,True,True,True,True,True,0.3333333333333333,0.767126202583313,False,0.008000001311302185,1.1043956279754639,11.114785414081222,1.176682472229004,0.021192707121372223,1.7069356441497803,0.025284213945269585,0.03826231640500948,0.9819894426733267,3,60,,Voxtral_CN,But sometimes autumn is more charming than other seasons.,"However, sometimes summer is more beautiful than other seasons."
00960_0004_sad_0004_001281,0004,sad,happy,neutral,neutral,neutral,happy,happy,happy,True,True,True,True,True,7.0,0.6802675724029541,False,0.008000001311302185,1.125506043434143,11.613344067272259,4.496567726135254,0.030342867597937584,1.9910924434661865,0.03470130264759064,0.05025413904562592,0.9932519936436014,3,60,,Voxtral_CN,最近很冷，风也很大。,The other side is cold and bright.
00961_0004_sad_0004_001177,0004,sad,happy,neutral,neutral,neutral,happy,happy,happy,True,True,True,True,True,0.3333333333333333,0.974653959274292,True,0.008000001311302185,0.885725736618042,13.950547822359766,1.7937605381011963,0.03982699662446976,0.6882420778274536,0.027163129299879074,0.04670968903403729,0.9777969267477424,4,60,,Voxtral_CN,You said we are going to stay in Zagreb for three days.,We're going to stay in Zagreb for three days.
00962_0004_sad_0004_001189,0004,sad,happy,neutral,happy,happy,happy,happy,happy,True,True,True,True,True,0.6666666666666666,0.8985216617584229,True,0.008000001311302185,0.9824267625808716,10.422088395963492,1.2913458347320557,0.029028749093413353,1.04167640209198,0.029596086591482162,0.03944580907519907,0.9775205461521959,4,60,,Voxtral_CN,Their cooperation is worth us learning.,Their cooperation deserves us to learn.
00963_0004_sad_0004_001216,0004,sad,happy,neutral,neutral,neutral,happy,happy,happy,True,True,True,True,True,0.3333333333333333,0.3726475238800049,False,0.008000001311302185,0.8723888397216797,13.763103236036747,2.077014923095703,0.039836958050727844,1.7736496925354004,0.028032450005412102,0.05757373530058191,0.9808200905984091,11,60,,Voxtral_CN,I think those should be the seeds of carrots.,I think those should be the strawberries' best features.
00964_0004_sad_0004_001225,0004,sad,happy,sad,neutral,neutral,happy,happy,happy,True,True,True,True,True,0.9,0.43248251080513,False,0.008000001311302185,1.0386970043182373,12.416935263466097,3.5537068843841553,0.024443892762064934,2.041677236557007,0.03177233040332794,0.04486098285093904,0.9931215788028334,7,60,,Voxtral_CN,"He's unemployed at the moment, you'd better not annoy him.","You're playing well, don't tease him."
00965_0004_sad_0004_001309,0004,sad,happy,neutral,neutral,neutral,happy,happy,happy,True,True,True,True,True,0.625,0.5613185167312622,False,0.008000001311302185,1.0230060815811157,13.414197533419287,2.002019166946411,0.01155203115195036,1.5176547765731812,0.03134962543845177,0.026728892413936552,0.9942298099125744,3,60,,Voxtral_CN,We want to wait for a suitable time.,We are thinking of a healthy time.
00966_0004_sad_0004_001347,0004,sad,happy,neutral,happy,happy,happy,happy,happy,True,True,True,True,True,0.5,0.9465022087097168,True,0.008000001311302185,0.7439837455749512,14.998944971035229,0.9414085745811462,0.06702907383441925,0.6699293255805969,0.017683759331703186,0.07372854392781854,0.9287991679231922,0,60,,Voxtral_CN,"Three sons, two boys, one girl.","Three sons, two daughters."
00967_0004_sad_0004_001179,0004,sad,happy,neutral,happy,happy,happy,happy,happy,True,True,True,True,True,1.0,0.33848443627357483,False,0.008000001311302185,0.7074598670005798,15.23593297430319,0.7703217267990112,0.008316121995449066,0.9684327244758606,0.023561932146549225,0.018000684859529142,0.9892043522775791,0,60,,Voxtral_CN,"to others there is none, but to me there is.","But there is no one else, he is only for me."
00968_0004_sad_0004_001198,0004,sad,happy,neutral,neutral,neutral,happy,happy,happy,True,True,True,True,True,1.0,0.20454296469688416,False,0.008000001311302185,0.9827584624290466,9.029572933998002,1.846954107284546,0.012545119971036911,2.3077168464660645,0.040675126016139984,0.035622695186957716,0.9932076709856743,7,60,,Voxtral_CN,"If you have something to do, remember to call me.",You can see the sky is blue.
00969_0004_sad_0004_001377,0004,sad,happy,neutral,neutral,neutral,neutral,happy,happy,False,False,True,True,False,1.0,0.003640035167336464,False,0.008000001311302185,1.0384453535079956,11.65183378724957,2.0656659603118896,0.1424715220928192,3.9383108615875244,0.03119787573814392,0.18185494268745184,0.9310287699801628,6,60,,Voxtral_CN,"I hate conceited people, sometimes I don't understand, you understand.","A duck is not far away, one duck."
00970_0004_sad_0004_001133,0004,sad,happy,neutral,happy,happy,happy,happy,happy,True,True,True,True,True,0.75,0.6592028141021729,False,0.00800000037997961,0.5279035568237305,18.81299998159537,0.2856138348579407,0.01819353550672531,1.078682541847229,0.013407262042164803,0.028980494997818025,0.9363002302890038,0,60,,Voxtral_CN,Every part of you is drawing me in.,Every detail of your appearance attracts me.
00971_0004_sad_0004_001351,0004,sad,happy,neutral,happy,happy,happy,happy,happy,True,True,True,True,True,11.0,0.3102990388870239,False,0.008000001311302185,0.8288865685462952,15.41415040208703,0.9042292833328247,0.02295418083667755,1.5820635557174683,0.019191918894648552,0.038775008313041176,0.974614645577422,0,60,,Voxtral_CN,播放歌单收藏，脑子能动得真快。,"I play the song, and the old man is very happy."
00972_0004_sad_0004_001326,0004,sad,happy,neutral,neutral,happy,happy,happy,happy,True,True,True,True,True,0.5454545454545454,0.6671432256698608,False,0.008000001311302185,0.94879150390625,13.90054561893283,1.1817243099212646,0.0238165445625782,1.5522129535675049,0.029819488525390625,0.039338972293138506,0.9798459383778226,1,60,,Voxtral_CN,I like it very much. I pay attention to my appearance.,I like it very much.
00973_0004_sad_0004_001396,0004,sad,happy,neutral,happy,happy,happy,happy,happy,True,True,True,True,True,1.0,0.41039174795150757,False,0.008000001311302185,0.7072798013687134,16.54097451782568,0.807123064994812,0.022610031068325043,3.5936546325683594,0.016115590929985046,0.05854673854991794,0.9719868852112777,0,60,,Voxtral_CN,"Good rest, little wooden rocking chair.",休息一下，这个小木头，问你叫我心爱的。
00974_0004_sad_0004_001153,0004,sad,happy,neutral,happy,happy,happy,happy,happy,True,True,True,True,True,0.7142857142857143,0.9475216865539551,True,0.00800000037997961,0.8618587851524353,16.175887624681508,0.5670977234840393,0.02412119321525097,0.6466573476791382,0.021159693598747253,0.030587978288978336,0.9574655439153251,0,60,,Voxtral_CN,"Feels so warm. Okay, see you later.",Feels so warm. See you in a while.
00975_0004_surprise_0004_001638,0004,surprise,happy,neutral,neutral,neutral,happy,happy,happy,True,True,True,True,True,0.5,0.6723472476005554,False,0.008000001311302185,0.8084538578987122,22.433098840195402,2.028796672821045,0.024922220036387444,1.3298420906066895,0.022962141782045364,0.038220870563872154,0.987715762564943,3,60,,Voxtral_CN,I don't think we should follow Xiao Xi.,I think we should walk along with Xiao Xi.
00976_0004_surprise_0004_001511,0004,surprise,happy,neutral,neutral,happy,happy,happy,happy,True,True,True,True,True,1.125,0.47523534297943115,False,0.008000001311302185,0.6495718359947205,25.70549241681404,1.4052408933639526,0.031880807131528854,2.988095283508301,0.01746876910328865,0.061761934654302894,0.9773129238680134,5,60,,Voxtral_CN,"Every morning, my mother would help him remember.","Every day, I was carried by my mother to the ground."
00977_0004_surprise_0004_001478,0004,surprise,happy,neutral,neutral,neutral,happy,happy,happy,True,True,True,True,True,1.0,0.6641589999198914,False,0.008000001311302185,0.6947551965713501,24.1993799797351,3.597040891647339,0.18946006894111633,2.565472364425659,0.019084490835666656,0.21511498343028126,0.9473289087758051,6,60,,Voxtral_CN,Their design is small and can be operated alone.,看他们的设计外型小巧，可单独坐。
00978_0004_surprise_0004_001709,0004,surprise,happy,neutral,happy,happy,happy,happy,happy,True,True,True,True,True,6.0,0.45420438051223755,False,0.008000001311302185,0.5676977634429932,27.488259840855335,0.8357509970664978,0.02365117333829403,1.077378511428833,0.017363864928483963,0.034425132091231644,0.9717006938414551,0,60,,Voxtral_CN,四个半月,I have already married four times.
00979_0004_surprise_0004_001585,0004,surprise,happy,angry,neutral,neutral,happy,happy,happy,True,True,True,True,True,0.09090909090909091,0.9949706792831421,True,0.008000001311302185,0.5920964479446411,26.364646542719072,0.7836880683898926,0.01646534539759159,0.8281866312026978,0.010098563507199287,0.024747312695253643,0.978989924611944,0,60,,Voxtral_CN,"Today is a beautiful day, I hope the host team loses.",Today is a beautiful day. I hope the host team loses.
00980_0004_surprise_0004_001576,0004,surprise,happy,neutral,neutral,neutral,happy,happy,happy,True,True,True,True,True,0.8,0.45402756333351135,False,0.008000001311302185,0.6306734681129456,24.49196677782218,2.7833313941955566,0.027895605191588402,2.577394485473633,0.018529631197452545,0.05366973534263671,0.9899776198947194,3,60,,Voxtral_CN,Wear your family member's clothes but they have a mustache.,"Take your family, take them to have a good time."
00981_0004_surprise_0004_001552,0004,surprise,happy,neutral,neutral,neutral,happy,happy,happy,True,True,True,True,True,1.0,0.316131591796875,False,0.008000001311302185,0.6328651905059814,24.801780887643503,3.271528959274292,0.02032475918531418,2.1086721420288086,0.022891223430633545,0.04141170951783657,0.9937873821572948,6,60,,Voxtral_CN,"Be careful, there's a hole on the road.",笑声在下面响起，人生的道路上有了一个转折点。
00982_0004_surprise_0004_001467,0004,surprise,happy,neutral,neutral,neutral,happy,happy,happy,True,True,True,True,True,0.5,0.39780181646347046,False,0.008000001311302185,0.6649619340896606,24.57264269812734,2.4367856979370117,0.033110909163951874,2.0837557315826416,0.01821858435869217,0.05394864866562187,0.9864120553596553,2,60,,Voxtral_CN,You're deeply imprinted in my mind.,It's fresh in my mind.
00983_0004_surprise_0004_001555,0004,surprise,happy,neutral,neutral,neutral,happy,happy,happy,True,True,True,True,True,0.2857142857142857,0.9225260019302368,True,0.008000001311302185,0.626293957233429,19.70799866964555,1.9083387851715088,0.023678075522184372,0.9086792469024658,0.027207374572753906,0.03276514006495476,0.9875923102825496,2,60,,Voxtral_CN,I just want to relax a bit.,I really wanted to relax a bit.
00984_0004_surprise_0004_001509,0004,surprise,happy,neutral,neutral,neutral,happy,happy,happy,True,True,True,True,True,0.25,0.3871844410896301,False,0.008000001311302185,0.6515001654624939,22.489214036034607,4.650480270385742,0.018954280763864517,1.461342453956604,0.02914898470044136,0.033567996793277564,0.9959242315498971,4,60,,Voxtral_CN,I'm actually quite hungry.,I'm actually quite happy.
00985_0004_surprise_0004_001580,0004,surprise,happy,sad,sad,neutral,neutral,happy,happy,False,False,True,True,False,0.8333333333333334,0.7294484376907349,False,0.008000001311302185,0.7380121350288391,24.150562628715008,3.968695640563965,0.34514865279197693,0.7410696744918823,0.02760319970548153,0.3525596255688928,0.9130322191341107,18,60,,Voxtral_CN,"""In the winter, it rains a lot. I don't like rainy days.""","In the winter, there is a lot of rain. I don't like it when it rains."
00986_0004_surprise_0004_001692,0004,surprise,happy,neutral,neutral,neutral,happy,happy,happy,True,True,True,True,True,0.3333333333333333,0.7236824035644531,False,0.008000001311302185,0.7471784949302673,20.69056728372372,2.8390262126922607,0.03671213611960411,1.7510416507720947,0.031005971133708954,0.0542228626870364,0.987068757605873,12,60,,Voxtral_CN,One day I may have to talk to her.,"Na Pei-sa, I might have to talk to her."
00987_0004_surprise_0004_001702,0004,surprise,happy,neutral,neutral,neutral,happy,happy,happy,True,True,True,True,True,1.0,0.42165517807006836,False,0.008000001311302185,0.6605008244514465,25.238914915933908,2.6371541023254395,0.017169225960969925,1.6383171081542969,0.015257466584444046,0.03355254961717874,0.9934894870399003,4,60,,Voxtral_CN,I hope you can think of some ideas with me.,"I hope you can be with me, you also want to be happy, right?"
00988_0004_surprise_0004_001634,0004,surprise,happy,neutral,neutral,neutral,neutral,happy,happy,False,False,True,True,False,0.16666666666666666,0.9823006391525269,True,0.008000001311302185,0.7280021905899048,23.510812717060197,3.5803134441375732,0.49440598487854004,0.6054748296737671,0.026325291022658348,0.500460996428188,0.8619098599626568,14,60,,Voxtral_CN,It is a major air pollutant.,It is a main air pollutant.
00989_0004_surprise_0004_001713,0004,surprise,happy,neutral,neutral,neutral,happy,happy,happy,True,True,True,True,True,0.7777777777777778,0.9150936007499695,True,0.008000001311302185,0.6695731282234192,24.517893941168506,4.478183269500732,0.02783408761024475,1.02199125289917,0.01884176954627037,0.038054188556931906,0.9937845135102414,8,60,,Voxtral_CN,"After the trip, I will rest for a while.",I will rest for a while before I travel.
00990_0004_surprise_0004_001750,0004,surprise,happy,angry,neutral,neutral,neutral,happy,happy,False,False,True,True,False,1.2857142857142858,0.42535096406936646,False,0.008000001311302185,0.8392387628555298,22.03296478008699,3.82983660697937,0.31211960315704346,1.9731857776641846,0.030144110321998596,0.33185176237478853,0.918503154262966,14,60,,Voxtral_CN,"It's very bad language, don't learn it.","This is very difficult to stop in Chinese. Readers, please don't learn it."
00991_0004_surprise_0004_001411,0004,surprise,happy,happy,happy,happy,happy,happy,happy,True,True,True,True,True,0.125,0.9905665516853333,True,0.00800000037997961,0.23235534131526947,36.10751527790028,0.1110963448882103,0.020328229293227196,0.4696448743343353,0.0038967616856098175,0.025024717004187406,0.8170216192649515,0,60,,Voxtral_CN,"Happy Mother's Day! I love you forever, Mom.","Happy Mother's Day. I love you forever, Mom."
00992_0004_surprise_0004_001417,0004,surprise,happy,neutral,neutral,happy,happy,happy,happy,True,True,True,True,True,0.5555555555555556,0.35298436880111694,False,0.008000001311302185,0.5985139012336731,24.900940327822312,0.856557309627533,0.02713179960846901,1.2010855674743652,0.019365493208169937,0.03914284893814474,0.9683245950930393,0,60,,Voxtral_CN,Soon you'll be able to use it in college.,Soon you'll be able to play in the big leagues.
00993_0004_surprise_0004_001708,0004,surprise,happy,neutral,neutral,neutral,happy,happy,happy,True,True,True,True,True,0.625,0.7763879895210266,False,0.008000001311302185,0.6938410997390747,22.434451193269652,2.5519089698791504,0.03772525489330292,0.7838431000709534,0.02178799919784069,0.04556390377400443,0.9852168492925947,5,60,,Voxtral_CN,I'm going to check out some basketball knowledge.,I'm going to try basketball.
00994_0004_surprise_0004_001565,0004,surprise,happy,sad,sad,sad,happy,happy,happy,True,True,True,True,True,2.2,0.33488941192626953,False,0.008000001311302185,0.7396664619445801,21.412652626566352,3.6235156059265137,0.042245641350746155,1.4752787351608276,0.029693059623241425,0.056998725632950664,0.9883412558561496,9,60,,Voxtral_CN,"Actually, we broke up yesterday.","Actually, we have been together for thousands of years and never broken up."
00995_0004_surprise_0004_001439,0004,surprise,happy,neutral,neutral,neutral,happy,happy,happy,True,True,True,True,True,1.0,0.5658015012741089,False,0.008000001311302185,0.6321152448654175,26.4267079040253,2.3531653881073,0.09938634932041168,1.8663345575332642,0.025451308116316795,0.11804994940882549,0.957764826126246,8,60,,Voxtral_CN,没有找到日常，去的时刻锁门。,没有一天不去十字路口
00996_0004_surprise_0004_001672,0004,surprise,happy,neutral,neutral,neutral,happy,happy,happy,True,True,True,True,True,1.4,0.4609634578227997,False,0.008000001311302185,0.8449962139129639,23.74994312720964,2.276541233062744,0.04544559121131897,2.05068302154541,0.02904868870973587,0.06595271191366017,0.9800374398885019,3,60,,Voxtral_CN,"""Shenyang tomorrow has a rainstorm, and the wind will change.""","Shen Yang, tomorrow there will be a leech. I will be very happy to see you."
00997_0004_surprise_0004_001436,0004,surprise,happy,neutral,neutral,neutral,happy,happy,happy,True,True,True,True,True,1.0,0.5125399827957153,False,0.008000001311302185,0.8006505966186523,23.511485470991204,3.806492328643799,0.06088286638259888,1.8138409852981567,0.03686361759901047,0.07902164487175643,0.9840055197472865,11,60,,Voxtral_CN,I must be online to work.,I have to enjoy what I do to work.
00998_0004_surprise_0004_001493,0004,surprise,happy,neutral,happy,happy,happy,happy,happy,True,True,True,True,True,0.5,0.6446121335029602,False,0.00800000037997961,0.41029733419418335,28.90080890908484,0.6618397235870361,0.02503380738198757,1.2346876859664917,0.01335830893367529,0.03738081782474183,0.9621754233089705,0,60,,Voxtral_CN,"Don't be shy, eat more meat.","Don't be shy, eat more of the dumplings."
00999_0004_surprise_0004_001654,0004,surprise,happy,neutral,neutral,neutral,happy,happy,happy,True,True,True,True,True,1.5714285714285714,0.45857954025268555,False,0.008000001311302185,0.812905490398407,22.716630813549862,3.9698190689086914,0.019880536943674088,2.634307384490967,0.024619733914732933,0.0462238569859229,0.9949920798407724,11,60,,Voxtral_CN,"I didn't trick you, machines don't trick.","I didn't want to use you, said the cheerful man, I won't use you."
00600_0005_angry_0005_000462,0005,angry,happy,neutral,happy,happy,happy,happy,happy,True,True,True,True,True,1.0,0.997725248336792,True,0.008000001311302185,0.32437634468078613,32.17758697228017,0.1732306331396103,0.02928551845252514,0.7331623435020447,0.004688905086368322,0.03661718877659645,0.8309449205272874,0,60,,Voxtral_CN,那棒极了，其实心情也挺好的。,那棒极了，其实心情也挺不错。
00601_0005_angry_0005_000431,0005,angry,happy,neutral,neutral,neutral,happy,happy,happy,True,True,True,True,True,1.0,0.6763818264007568,False,0.008000001311302185,0.5966583490371704,26.906453530894154,3.460737943649292,0.021065816283226013,2.204177141189575,0.01718430407345295,0.0431077595381625,0.9939129120360346,4,60,,Voxtral_CN,"This street, everyone likes to gossip.","This street is so crowded, everyone likes it."
00602_0005_angry_0005_000570,0005,angry,happy,neutral,neutral,neutral,happy,happy,happy,True,True,True,True,True,0.75,0.4585549831390381,False,0.008000001311302185,0.674615204334259,24.89661066441849,2.3487308025360107,0.07832038402557373,1.7817589044570923,0.023584946990013123,0.09613820891961455,0.966654167458864,9,60,,Voxtral_CN,"So you must persevere, the longer the better.","I will definitely stick with you, the longer the better."
00603_0005_angry_0005_000643,0005,angry,happy,neutral,neutral,neutral,happy,happy,happy,True,True,True,True,True,0.7142857142857143,0.45624467730522156,False,0.008000001311302185,0.6434727311134338,24.65194543310091,2.245319366455078,0.02461405098438263,2.3055574893951416,0.031948648393154144,0.04766994536481797,0.9890376169412178,4,60,,Voxtral_CN,"Listen up, I've seen the screen display.",I saw the rainbow display.
00604_0005_angry_0005_000440,0005,angry,happy,neutral,neutral,neutral,happy,happy,happy,True,True,True,True,True,0.8333333333333334,0.5659934282302856,False,0.008000001311302185,0.6891926527023315,28.284343533634697,2.720381259918213,0.03358523175120354,2.5850391387939453,0.024478819221258163,0.059435867927335205,0.9876542188236463,6,60,,Voxtral_CN,"Not too bad, but it has to be hidden in the bed.","I'm not too tall, I'm lying on the bed."
00605_0005_angry_0005_000639,0005,angry,happy,neutral,neutral,happy,happy,happy,happy,True,True,True,True,True,1.0,0.1946287304162979,False,0.008000001311302185,0.5832833647727966,26.994327828501504,0.9758607149124146,0.0381617397069931,4.158792495727539,0.018364211544394493,0.07974984830638394,0.9608942760746156,0,60,,Voxtral_CN,"No, but Bobo likes to play with balls.","Good, the white rabbit is here."
00606_0005_angry_0005_000450,0005,angry,happy,neutral,happy,happy,happy,happy,happy,True,True,True,True,True,0.2222222222222222,0.8894214630126953,True,0.008000001311302185,0.5233179330825806,27.844515457567155,0.7201522588729858,0.04404823109507561,1.019694447517395,0.02081390470266342,0.05424538370929658,0.9388348358942737,0,60,,Voxtral_CN,I often go to the bar near our dormitory.,I often go to the bar near my apartment.
00607_0005_angry_0005_000354,0005,angry,happy,neutral,neutral,neutral,happy,happy,happy,True,True,True,True,True,0.875,0.24613548815250397,False,0.008000001311302185,0.6362839937210083,26.46932301911134,3.3692493438720703,0.02602107636630535,1.7743144035339355,0.018842248246073723,0.043764408824127174,0.9922768920579796,4,60,,Voxtral_CN,"No matter how you look at it, the host team seems to be the one losing.","Whatever the case, the host is very happy to have you."
00608_0005_angry_0005_000681,0005,angry,happy,neutral,happy,happy,happy,happy,happy,True,True,True,True,True,0.3333333333333333,0.838604748249054,True,0.008000001311302185,0.5023102164268494,29.001629942143595,1.1084712743759155,0.02777639590203762,0.7870814800262451,0.011705845594406128,0.03564732776075601,0.9749417088704657,1,60,,Voxtral_CN,"So I asked him, ""Can you buy my ticket?""","I asked the lady, ""Can you buy my ticket?"""
00609_0005_angry_0005_000504,0005,angry,happy,neutral,neutral,neutral,happy,happy,happy,True,True,True,True,True,1.6,0.7295205593109131,False,0.008000001311302185,0.6840213537216187,28.563510805773852,2.7072343826293945,0.24113744497299194,1.7790571451187134,0.02237910032272339,0.2589282402151823,0.9109284934765095,10,60,,Voxtral_CN,I can only speak Mandarin.,"I won't say other foreign languages, only Wu Tong Tong."
00610_0005_angry_0005_000490,0005,angry,happy,neutral,neutral,neutral,happy,happy,happy,True,True,True,True,True,1.1666666666666667,0.25026750564575195,False,0.008000001311302185,0.6023580431938171,27.699925364020924,2.366220235824585,0.033550530672073364,2.9375507831573486,0.025904837995767593,0.0629262975520268,0.9858210448190248,7,60,,Voxtral_CN,I know I'm a big mouth.,I also hope to go to the big screen.
00611_0005_angry_0005_000385,0005,angry,happy,neutral,neutral,neutral,happy,happy,happy,True,True,True,True,True,0.3333333333333333,0.9804096817970276,True,0.008000001311302185,0.7354837656021118,25.590255118942757,2.824370861053467,0.1642863154411316,1.0250285863876343,0.028841814026236534,0.17453688972314818,0.9418325979401111,7,60,,Voxtral_CN,"So, innocent people won't be killed.",so the innocent people won't be killed.
00612_0005_angry_0005_000533,0005,angry,happy,surprise,surprise,surprise,happy,happy,happy,True,True,True,True,True,0.6363636363636364,0.41834375262260437,False,0.008000001311302185,0.6057345867156982,28.05272465572608,4.154153347015381,0.1332462728023529,1.3941761255264282,0.027426153421401978,0.1471883083191514,0.9679245656884367,11,60,,Voxtral_CN,You would never guess he was planning to have a child.,You can't miss that he's getting ready to have a baby.
00613_0005_angry_0005_000594,0005,angry,happy,neutral,neutral,neutral,happy,happy,happy,True,True,True,True,True,0.7142857142857143,0.21114978194236755,False,0.008000001311302185,0.6078600883483887,24.09731812898995,3.3907783031463623,0.20405441522598267,2.870774030685425,0.027336962521076202,0.23276242890246213,0.9398207735856287,6,60,,Voxtral_CN,My direct contact number is not much.,My direct relatives are more than 1000.
00614_0005_angry_0005_000677,0005,angry,happy,neutral,neutral,neutral,happy,happy,happy,True,True,True,True,True,1.3333333333333333,0.7567507028579712,False,0.008000001311302185,0.859691858291626,22.175766681191323,1.8076069355010986,0.015211774036288261,1.9232964515686035,0.033094074577093124,0.034445069492720075,0.9915845786284996,4,60,,Voxtral_CN,"I like to eat, I don't understand, you understand?","I like to eat wrongly, and I don't care. Sometimes I don't know, you go out and eat."
00615_0005_angry_0005_000442,0005,angry,happy,neutral,happy,happy,happy,happy,happy,True,True,True,True,True,1.0,0.5931684970855713,False,0.00800000037997961,0.5231489539146423,29.99225061599582,0.9043539762496948,0.030529676005244255,2.0102365016937256,0.021598374471068382,0.05063225700592622,0.9662414532284702,0,60,,Voxtral_CN,"Won't be so bad, I'm 16 too.",福魁就把我当小孩了，我也是16岁。
00616_0005_angry_0005_000517,0005,angry,happy,surprise,happy,happy,happy,happy,happy,True,True,True,True,True,1.0,0.9988359212875366,True,0.008000001311302185,0.3706597089767456,32.74469961472447,0.7305588722229004,0.023240257054567337,0.5732919573783875,0.008570780977606773,0.028973262336160988,0.9681883857164676,0,60,,Voxtral_CN,太妙了，我想换一些日元。,太妙啦，我想换一些日元。
00617_0005_angry_0005_000683,0005,angry,happy,sad,neutral,happy,happy,happy,happy,True,True,True,True,True,11.0,0.3757365345954895,False,0.008000001311302185,0.5939039587974548,25.57263723252177,1.4957799911499023,0.049138590693473816,3.1311838626861572,0.03084789775311947,0.08045073779931292,0.9671485171721693,7,60,,Voxtral_CN,坐我这船就没这店了。,"If I miss this opportunity, I won't have this chance again."
00618_0005_angry_0005_000605,0005,angry,happy,neutral,neutral,happy,happy,happy,happy,True,True,True,True,True,0.625,0.22847406566143036,False,0.008000001311302185,0.6475251913070679,24.924900119770577,1.7996799945831299,0.05111636966466904,1.5133068561553955,0.03129000961780548,0.06624975112631917,0.9715969673394578,10,60,,Voxtral_CN,My first job was to be a waiter.,The most important job is to be a user.
00619_0005_angry_0005_000364,0005,angry,happy,neutral,neutral,happy,happy,happy,happy,True,True,True,True,True,0.4444444444444444,0.882172703742981,True,0.00800000037997961,0.5208244919776917,31.206425458558613,1.2068846225738525,0.02034824714064598,0.44451770186424255,0.01212219800800085,0.024793545381268486,0.9831398571495173,1,60,,Voxtral_CN,"Whoever you don't know, I'm happy to help you.",Who do you not know? I'm happy to help you.
00620_0005_angry_0005_000471,0005,angry,happy,neutral,neutral,neutral,happy,happy,happy,True,True,True,True,True,0.0,1.0,True,0.008000001311302185,0.6627723574638367,26.172755226166057,2.9103362560272217,0.05397166311740875,0.6766515970230103,0.03379546105861664,0.060738517042249446,0.9814551796186317,10,60,,Voxtral_CN,Then you are far away from the city.,Then you are far away from the city.
00621_0005_angry_0005_000624,0005,angry,happy,neutral,happy,happy,happy,happy,happy,True,True,True,True,True,10.0,0.7672456502914429,False,0.008000001311302185,0.50383460521698,29.286732635561048,0.9700807929039001,0.03329947590827942,1.642217755317688,0.019647851586341858,0.04972184993997216,0.9656735025042619,0,60,,Voxtral_CN,主要不愿意吧，我还是想留下他。,"Don't go back, I still want to stay with him."
00622_0005_angry_0005_000420,0005,angry,happy,neutral,neutral,neutral,happy,happy,happy,True,True,True,True,True,1.0,0.12991490960121155,False,0.008000001311302185,0.7322545051574707,27.748978770984245,3.002936840057373,0.02925216220319271,2.595010995864868,0.023241912946105003,0.05520250458097086,0.9902588153660156,3,60,,Voxtral_CN,"I can't move my body, I'm not good at acting.",生了蚊子成功，我不用下去打扫了。
00623_0005_angry_0005_000511,0005,angry,happy,happy,happy,happy,happy,happy,happy,True,True,True,True,True,1.0,0.4849874675273895,False,0.008000001311302185,0.6323058009147644,27.50644944693065,0.1492910236120224,0.029786784201860428,1.1638778448104858,0.019655007869005203,0.04142575920004398,0.8004783979559927,0,60,,Voxtral_CN,He makes me laugh so much.,笑話
00624_0005_angry_0005_000353,0005,angry,happy,neutral,neutral,neutral,neutral,happy,happy,False,False,True,True,False,0.0,1.0000001192092896,True,0.008000001311302185,0.6209457516670227,23.526263482347836,1.7794923782348633,0.2565446197986603,0.3676299750804901,0.030938707292079926,0.2602212289365381,0.8558326953593725,6,60,,Voxtral_CN,My hometown is Beijing.,My hometown is Beijing.
00625_0005_neutral_0005_000075,0005,neutral,happy,neutral,happy,happy,happy,happy,happy,True,True,True,True,True,0.125,0.9657965898513794,True,0.00800000037997961,0.5336253643035889,16.3890773762318,0.22102129459381104,0.016695138067007065,0.4570511281490326,0.017062079161405563,0.021265819969289005,0.9244636671878649,0,60,,Voxtral_CN,I also want to see the cute panda.,I also want to go see the cute panda.
00626_0005_neutral_0005_000114,0005,neutral,happy,neutral,neutral,happy,happy,happy,happy,True,True,True,True,True,0.625,0.6595597267150879,False,0.008000001311302185,0.6978474855422974,17.603878994713355,2.468118190765381,0.027554374188184738,1.0123463869094849,0.0399542935192585,0.037678237600214784,0.9888358773533289,5,60,,Voxtral_CN,"I am too, I am a bit thirsty.","I am too, I have a little bit of a fever."
00627_0005_neutral_0005_000003,0005,neutral,happy,neutral,neutral,neutral,happy,happy,happy,True,True,True,True,True,0.25,0.9938841462135315,True,0.008000001311302185,0.7157101631164551,17.67679660647942,2.0109949111938477,0.10631989687681198,0.5209602117538452,0.0337446890771389,0.11152983644124122,0.9471306982006762,6,60,,Voxtral_CN,My hometown is Beijing.,My hometown is in Beijing.
00628_0005_neutral_0005_000241,0005,neutral,happy,neutral,neutral,neutral,happy,happy,happy,True,True,True,True,True,1.0,0.22305884957313538,False,0.008000001311302185,0.85721355676651,12.910576197023724,2.1777918338775635,0.034812673926353455,3.183170795440674,0.04705360531806946,0.06664485241681337,0.9840146916776846,6,60,,Voxtral_CN,Please do not enter the forest.,“入住的客人”
00629_0005_neutral_0005_000321,0005,neutral,happy,angry,neutral,neutral,happy,happy,happy,True,True,True,True,True,6.0,0.5121549367904663,False,0.008000001311302185,0.7360656261444092,19.235420548053067,2.870910167694092,0.03048240952193737,0.8728333115577698,0.02870604395866394,0.039211029697954654,0.9893823185883867,2,60,,Voxtral_CN,不太喜欢，你把我弄晕了。,"Bu Si: ""You make me dizzy."""
00630_0005_neutral_0005_000035,0005,neutral,happy,neutral,neutral,neutral,happy,happy,happy,True,True,True,True,True,0.8333333333333334,0.7126506567001343,False,0.008000001311302185,0.825495719909668,16.57662405198252,1.7620108127593994,0.027736395597457886,1.26435124874115,0.03173192963004112,0.04038022540416568,0.9842586689045221,4,60,,Voxtral_CN,"So, innocent people won't be killed.","So, no more will the unarmed be killed."
00631_0005_neutral_0005_000218,0005,neutral,happy,neutral,neutral,happy,happy,happy,happy,True,True,True,True,True,0.875,0.6580619215965271,False,0.008000001311302185,0.7870616912841797,14.029439073505177,1.1239831447601318,0.025117721408605576,1.3496060371398926,0.034941114485263824,0.038614131191149356,0.977652937656849,2,60,,Voxtral_CN,"Tomorrow is Sunday, let's go for a walk.","It's a beautiful day, so we went for a walk."
00632_0005_neutral_0005_000303,0005,neutral,happy,neutral,neutral,neutral,happy,happy,happy,True,True,True,True,True,1.4285714285714286,0.08784916996955872,False,0.008000001311302185,0.7605844736099243,16.07424249426614,2.8062903881073,0.032221533358097076,1.4892733097076416,0.02814592979848385,0.04711454791447148,0.9885181043648769,3,60,,Voxtral_CN,I didn't get home until 4:00 a.m.,I have been to the finals of the Junior Member Cup.
00633_0005_neutral_0005_000159,0005,neutral,happy,neutral,neutral,neutral,happy,happy,happy,True,True,True,True,True,1.1428571428571428,0.6924253702163696,False,0.008000001311302185,0.7452208399772644,20.091168494261847,3.0258474349975586,0.033510319888591766,0.7226052284240723,0.0256526879966259,0.04073662869971246,0.9889253108068158,10,60,,Voxtral_CN,I won't sacrifice my health for money.,"If I don't sacrifice my health to make money, I'll be happy."
00634_0005_neutral_0005_000124,0005,neutral,happy,neutral,neutral,happy,happy,happy,happy,True,True,True,True,True,1.0,0.40959712862968445,False,0.008000001311302185,0.7440663576126099,14.285769983073964,1.1420514583587646,0.01973012648522854,2.2576756477355957,0.029882965609431267,0.04230718179224059,0.9827239601676245,2,60,,Voxtral_CN,"Yes, please refund my money, thank you.",知道停三房我的心，谢谢你。
00635_0005_neutral_0005_000343,0005,neutral,happy,neutral,neutral,neutral,happy,happy,happy,True,True,True,True,True,0.8333333333333334,0.4484902024269104,False,0.008000001311302185,0.6487891674041748,18.35413827102596,1.7795207500457764,0.03882359713315964,1.6791619062423706,0.02402496337890625,0.055615456445217135,0.9781831163631214,6,60,,Voxtral_CN,Many Baileys participated in this game.,Many people are enjoying this year's games.
00636_0005_neutral_0005_000288,0005,neutral,happy,neutral,neutral,neutral,happy,happy,happy,True,True,True,True,True,0.6666666666666666,0.6572014689445496,False,0.008000001311302185,0.9767234921455383,10.883337094200332,2.1068015098571777,0.04241059720516205,1.2775332927703857,0.036183033138513565,0.05518629196319729,0.9798696759012494,3,60,,Voxtral_CN,"I'm always here, have you ever dreamed of me?","I'm always there, never dreaming of him."
00637_0005_neutral_0005_000302,0005,neutral,happy,neutral,neutral,neutral,happy,happy,happy,True,True,True,True,True,0.8571428571428571,0.5961107611656189,False,0.008000001311302185,0.7034661173820496,19.660345834872356,2.8962390422821045,0.022179415449500084,1.309389591217041,0.02732885628938675,0.035273584650233385,0.9923419941773785,2,60,,Voxtral_CN,I hope you can brainstorm with me.,I hope you can think of a place to go with me.
00638_0005_neutral_0005_000334,0005,neutral,happy,happy,happy,happy,happy,happy,happy,True,True,True,True,True,0.0,1.0000001192092896,True,0.007884735241532326,0.09594476968050003,34.31936800873117,0.04180990904569626,0.0029412859585136175,0.5277045965194702,0.0025728719774633646,0.008218357652428095,0.9296509840454584,0,60,,Voxtral_CN,"I used to raise them, I was so happy.","I used to raise them, I was so happy."
00639_0005_neutral_0005_000251,0005,neutral,happy,neutral,neutral,neutral,neutral,happy,happy,False,False,True,True,False,9.0,0.7606629729270935,False,0.008000001311302185,0.8294349908828735,15.381546049020482,2.078579902648926,0.17829321324825287,1.5420817136764526,0.040213316679000854,0.19371443251818418,0.9142235460753578,7,60,,Voxtral_CN,没看过小说，只有人类需要。,"I haven't read the book, only humans need it."
00640_0005_neutral_0005_000058,0005,neutral,happy,neutral,happy,happy,happy,happy,happy,True,True,True,True,True,1.0,0.7874774932861328,False,0.008000001311302185,0.49797964096069336,21.73091684026623,0.38524991273880005,0.014585713855922222,0.8230391144752502,0.011162275448441505,0.022816216623429208,0.9621396050365588,0,60,,Voxtral_CN,看起来就觉得宽广，气概非凡。,一般人看起来就感觉宽广，气概非凡。
00641_0005_neutral_0005_000165,0005,neutral,happy,sad,sad,neutral,neutral,happy,happy,False,False,True,True,False,1.8,0.09519931674003601,False,0.008000001311302185,0.7798893451690674,17.437067421178035,3.1902120113372803,0.5311999917030334,3.0732131004333496,0.02851901203393936,0.5619324078974872,0.8334906928394505,7,60,,Voxtral_CN,"Actually, we broke up yesterday.",As soon as our forerunners have already set sail.
00642_0005_neutral_0005_000284,0005,neutral,happy,neutral,happy,happy,happy,happy,happy,True,True,True,True,True,1.5,0.6953290700912476,False,0.008000001311302185,0.5581616759300232,19.531491125996137,0.5464802980422974,0.01614457368850708,1.3311132192611694,0.019058622419834137,0.029455896467342972,0.9704571715643855,0,60,,Voxtral_CN,Enough time to shop and sightsee.,There is a lot of shopping and sightseeing to do.
00643_0005_neutral_0005_000221,0005,neutral,happy,neutral,neutral,happy,happy,happy,happy,True,True,True,True,True,1.2857142857142858,0.38682955503463745,False,0.008000001311302185,0.6893240213394165,15.666362200395174,0.856585681438446,0.06074753403663635,1.5796886682510376,0.027679305523633957,0.07654469751220197,0.9290817773948494,0,60,,Voxtral_CN,I strongly support people going into space.,I really like the people who are going to the opening ceremony.
00644_0005_neutral_0005_000223,0005,neutral,happy,happy,happy,happy,happy,happy,happy,True,True,True,True,True,0.5,0.9501493573188782,True,0.00800000037997961,0.20144104957580566,26.05471999770083,0.07783390581607819,0.014649811200797558,0.533991277217865,0.006448888685554266,0.019989788461863063,0.8117811120077268,0,60,,Voxtral_CN,It sounds like you're having fun.,It sounds like you're having a lot of fun.
00645_0005_neutral_0005_000270,0005,neutral,happy,neutral,neutral,neutral,happy,happy,happy,True,True,True,True,True,14.0,0.4495210647583008,False,0.008000001311302185,0.8139657378196716,14.207918258388881,3.6072497367858887,0.020303677767515182,1.4413349628448486,0.041670314967632294,0.03471744409911334,0.9943714244233043,6,60,,Voxtral_CN,没有找到你想删掉的噪音,"Every time I find the noise I want to get rid of, I'm happy."
00646_0005_neutral_0005_000198,0005,neutral,happy,neutral,happy,happy,happy,happy,happy,True,True,True,True,True,0.75,0.4825305938720703,False,0.008000001311302185,0.5470796823501587,19.159277015508923,0.9090760946273804,0.04501662775874138,1.3237507343292236,0.02063145861029625,0.05825434141661972,0.9504809025066343,0,60,,Voxtral_CN,"Of course, we all have our own opinions.","Of course, we all know that we have a common enemy."
00647_0005_neutral_0005_000228,0005,neutral,happy,neutral,happy,happy,happy,happy,happy,True,True,True,True,True,1.125,0.9103000164031982,True,0.00800000037997961,0.581400454044342,21.294840687705904,0.6787838935852051,0.022619515657424927,1.2449086904525757,0.013190606608986855,0.035068734468016775,0.9666764107528347,0,60,,Voxtral_CN,"Okay, new music hall has a music party.","Good, there is a music party in the new music room."
00648_0005_neutral_0005_000043,0005,neutral,happy,neutral,neutral,happy,happy,happy,happy,True,True,True,True,True,0.42857142857142855,0.2642705738544464,False,0.008000001311302185,0.6170576214790344,20.525765693297686,1.2699553966522217,0.02905808947980404,1.5744123458862305,0.01917850598692894,0.044802404723726215,0.9771188109783973,5,60,,Voxtral_CN,So we can choose a youth hostel.,So we can choose the best one.
00649_0005_neutral_0005_000279,0005,neutral,happy,neutral,neutral,happy,happy,happy,happy,True,True,True,True,True,1.5,0.35339248180389404,False,0.008000001311302185,0.7058407068252563,17.597938001557573,1.6848468780517578,0.015193788334727287,1.3505265712738037,0.03161824122071266,0.028699370229877532,0.9909820954457913,5,60,,Voxtral_CN,I think so too.,I would say I also think it's beautiful.
00650_0005_sad_0005_001159,0005,sad,happy,neutral,neutral,neutral,happy,happy,happy,True,True,True,True,True,0.75,0.22941802442073822,False,0.008000001311302185,1.1599719524383545,2.8606675028296773,4.721146583557129,0.03626714646816254,2.3957061767578125,0.05529343709349632,0.0602247611701116,0.9923181486051558,2,60,,Voxtral_CN,I'm actually quite hungry.,He is actually quite happy.
00651_0005_sad_0005_001077,0005,sad,happy,neutral,neutral,neutral,happy,happy,happy,True,True,True,True,True,1.3,-0.12791642546653748,False,0.008000001311302185,1.1736345291137695,4.034373647457172,1.72489333152771,0.024110089987516403,4.5304412841796875,0.04515685886144638,0.06941495439790189,0.9860222719012065,6,60,,Voxtral_CN,The factory did not directly put it into the atmosphere.,"This is a very good one, but this is a very good one."
00652_0005_sad_0005_001288,0005,sad,happy,neutral,neutral,neutral,happy,happy,happy,True,True,True,True,True,1.625,-0.006692039780318737,False,0.008000001311302185,1.3696585893630981,-1.8643364551946742,2.9750609397888184,0.019010337069630623,4.109593391418457,0.04902718588709831,0.06010676125567406,0.9936101016233368,5,60,,Voxtral_CN,I don't think we should follow Xiao Xi.,"But if I were to live happily, I would be proud of my love."
00653_0005_sad_0005_001386,0005,sad,happy,neutral,happy,happy,happy,happy,happy,True,True,True,True,True,1.2727272727272727,0.4478904604911804,False,0.008000001311302185,1.3270059823989868,-1.0642992319935043,0.2938178479671478,0.015622328035533428,2.0526959896087646,0.06258483231067657,0.03614991377994418,0.9468298874843022,0,60,,Voxtral_CN,Thank you for your praise. I am now 18 years old.,I took a photo and said thank you to her. I was really happy.
00654_0005_sad_0005_001209,0005,sad,happy,neutral,neutral,neutral,happy,happy,happy,True,True,True,True,True,1.2857142857142858,0.06587208062410355,False,0.008000001311302185,1.100342035293579,9.564293714000792,3.0185744762420654,0.03231245279312134,3.732130765914917,0.043111883103847504,0.06963419157110155,0.989295459480149,4,60,,Voxtral_CN,I won't sacrifice my health for money.,I'm glad to exchange my old phone for a new one.
00655_0005_sad_0005_001128,0005,sad,happy,neutral,neutral,neutral,happy,happy,happy,True,True,True,True,True,1.2307692307692308,0.059316687285900116,False,0.008000001311302185,1.0852738618850708,10.54137120471012,2.0490307807922363,0.011825564317405224,2.8115224838256836,0.03829348087310791,0.03994117209047079,0.9942287034298074,3,60,,Voxtral_CN,"Their design is small, agile and can be operated by a single person.","They're all very good, I like them all. The first one I'm really looking forward to."
00656_0005_sad_0005_001199,0005,sad,happy,neutral,happy,happy,happy,happy,happy,True,True,True,True,True,1.0,0.16099455952644348,False,0.008000001311302185,1.2262728214263916,5.471560886032121,0.9146234393119812,0.01788163371384144,3.569666624069214,0.049358658492565155,0.053578793541118504,0.9804491849374725,0,60,,Voxtral_CN,"Hello, Brooklyn. It's 4pm.","You're back, that's good."
00657_0005_sad_0005_001173,0005,sad,happy,neutral,neutral,neutral,happy,happy,happy,True,True,True,True,True,1.3333333333333333,0.08831921219825745,False,0.008000001311302185,1.2383944988250732,2.042083753209991,2.958101987838745,0.015840474516153336,2.5479233264923096,0.048929363489151,0.04132019707471133,0.9946450546393342,4,60,,Voxtral_CN,Then you say you don't know the marriage date.,"Then you say you're going to this Shenhuan, and then you're going to pull it."
00658_0005_sad_0005_001233,0005,sad,happy,surprise,neutral,neutral,happy,happy,happy,True,True,True,True,True,2.8333333333333335,0.14519023895263672,False,0.008000001311302185,1.2030071020126343,3.2674046683980955,2.000502586364746,0.02367411181330681,2.4646177291870117,0.05327051132917404,0.04832082181029022,0.9881659179174935,4,60,,Voxtral_CN,You definitely wouldn't know she's pregnant.,"You're definitely not a bad guy, I was just thinking it was a bit too nice and beautiful."
00659_0005_sad_0005_001223,0005,sad,happy,neutral,neutral,neutral,happy,happy,happy,True,True,True,True,True,1.7,0.10505896806716919,False,0.008000001311302185,1.243823766708374,1.9347168646094424,1.7064051628112793,0.016531089320778847,3.7672441005706787,0.04215351864695549,0.05420395186167211,0.9903123304587615,2,60,,Voxtral_CN,"A set of ancient jade carvings, they are really precious.","You'd help me, you're a hero. I hope there isn't a go hand again, I'm glad to."
00660_0005_sad_0005_001303,0005,sad,happy,neutral,happy,happy,happy,happy,happy,True,True,True,True,True,1.0,0.11784017086029053,False,0.008000001311302185,1.2064728736877441,0.4300958937807893,1.0647975206375122,0.027186118066310883,4.105884075164795,0.0468374565243721,0.06824542719252408,0.9744682744471136,4,60,,Voxtral_CN,"You are more handsome than Wu Yi Fan, I agree with your point of view.","Hey, we'll go and we'll bang flat. We're going and live, won't we?"
00661_0005_sad_0005_001055,0005,sad,happy,surprise,happy,surprise,happy,happy,happy,True,True,True,True,True,0.9285714285714286,0.07034119963645935,False,0.008000001311302185,1.4368921518325806,-0.7768597669019667,0.8827803134918213,0.021127864718437195,2.5428483486175537,0.05438626930117607,0.04655689206730575,0.9760666788831456,0,60,,Voxtral_CN,"We took a boat to sail around the three gorges, it was really exciting.",I hope to see you soon.
00662_0005_sad_0005_001231,0005,sad,happy,neutral,neutral,neutral,happy,happy,happy,True,True,True,True,True,2.0,-0.03930111601948738,False,0.008000001311302185,1.1665641069412231,2.0598559390448923,4.336195945739746,0.02164403349161148,5.409642219543457,0.05951075255870819,0.07574105079457163,0.9950085204260946,4,60,,Voxtral_CN,"For Jenny, time is useless.","I've been here for you, I like to come here."
00663_0005_sad_0005_001182,0005,sad,happy,neutral,neutral,neutral,happy,happy,happy,True,True,True,True,True,1.0,0.3623232841491699,False,0.008000001311302185,0.9581008553504944,11.9256404320019,2.9916625022888184,0.04835702106356621,2.627683401107788,0.03614388033747673,0.07463421651344747,0.9838360707377353,4,60,,Voxtral_CN,Is it the woman you care most about?,with your most beloved friend.
00664_0005_sad_0005_001291,0005,sad,happy,neutral,neutral,neutral,happy,happy,happy,True,True,True,True,True,3.0,-0.028885677456855774,False,0.008000001311302185,1.3277637958526611,-0.1609492395871168,1.7324461936950684,0.059119947254657745,3.9813506603240967,0.06620270758867264,0.0989341158849746,0.9658748724954263,4,60,,Voxtral_CN,Don't enter the forest.,I want to eat with my parents and Ilan to eat together.
00665_0005_sad_0005_001108,0005,sad,happy,neutral,happy,happy,happy,happy,happy,True,True,True,True,True,7.0,0.4529609680175781,False,0.008000001311302185,0.8233460187911987,13.96663992715703,0.4077404737472534,0.019493941217660904,1.004699945449829,0.024119410663843155,0.029541181866265833,0.9521903208712496,0,60,,Voxtral_CN,让人看起来就觉得宽广，气派非凡。,What makes people feel spacious and comfortable?
00666_0005_sad_0005_001388,0005,sad,happy,neutral,neutral,neutral,happy,happy,happy,True,True,True,True,True,2.2,-0.08948079496622086,False,0.008000001311302185,1.145910620689392,4.277354583553498,3.287891387939453,0.01707739755511284,4.929747581481934,0.05555371940135956,0.06637542890712618,0.9948059727222877,4,60,,Voxtral_CN,Young people must take responsibility.,The king and queen were happy and in a warm embrace.
00667_0005_sad_0005_001318,0005,sad,happy,neutral,neutral,neutral,happy,happy,happy,True,True,True,True,True,0.8333333333333334,0.327277809381485,False,0.008000001311302185,0.9931434988975525,1.2824908323538764,3.584202527999878,0.017232749611139297,3.0324606895446777,0.054225027561187744,0.047557898756861686,0.9951920268242331,4,60,,Voxtral_CN,Who doesn't have a bad time?,I think that's a good thing.
00668_0005_sad_0005_001331,0005,sad,happy,neutral,happy,happy,happy,happy,happy,True,True,True,True,True,1.0,0.39430513978004456,False,0.008000001311302185,1.2999173402786255,3.077327294335438,0.7095961570739746,0.016393959522247314,2.4733352661132812,0.060491617769002914,0.04112791709955782,0.976896775216698,0,60,,Voxtral_CN,"Good night, Mom. The whole sky is full of little stars.","Good morning, everyone. I'm very happy to see you all here today."
00669_0005_sad_0005_001241,0005,sad,happy,sad,sad,sad,happy,happy,happy,True,True,True,True,True,1.0,0.5785075426101685,False,0.008000001311302185,1.1947290897369385,6.673804063689897,3.129199504852295,0.02082047611474991,2.360471487045288,0.04923797398805618,0.044425683364942674,0.9933463890421609,6,60,,Voxtral_CN,"Stop asking, the more you say, the more tears.",不要问了，多了都呼，享乐啊，好像
00670_0005_sad_0005_001204,0005,sad,happy,neutral,neutral,neutral,happy,happy,happy,True,True,True,True,True,3.2,0.15639466047286987,False,0.008000001311302185,1.0874992609024048,11.447216704473458,2.928018569946289,0.015163029544055462,2.390852212905884,0.036537036299705505,0.039071917043477296,0.9948214025349117,4,60,,Voxtral_CN,I can only speak Mandarin.,"I'm not good at speaking, but just listening to his words really makes me feel good."
00671_0005_sad_0005_001294,0005,sad,happy,neutral,neutral,neutral,happy,happy,happy,True,True,True,True,True,1.6,0.2728225588798523,False,0.008000001311302185,1.2007126808166504,-1.8400224868471358,3.2711119651794434,0.03806067258119583,4.451723575592041,0.05130506306886673,0.08257842138774693,0.9883646072080849,5,60,,Voxtral_CN,I have few close relatives.,"Good, I feel like I'm a young man again."
00672_0005_sad_0005_001393,0005,sad,happy,neutral,neutral,neutral,happy,happy,happy,True,True,True,True,True,2.5714285714285716,0.0766228586435318,False,0.008000001311302185,1.2526934146881104,3.29764386850223,2.4542412757873535,0.021167214959859848,4.075010299682617,0.05548210069537163,0.06191787277769298,0.9913752510119165,6,60,,Voxtral_CN,Many white people participated in this game.,"I have come to remember that the last time I was here, it was a very good time."
00673_0005_sad_0005_001054,0005,sad,happy,neutral,neutral,neutral,happy,happy,happy,True,True,True,True,True,24.0,0.20133128762245178,False,0.008000001311302185,1.422825574874878,1.2743012061667112,2.6711032390594482,0.018555689603090286,5.964465618133545,0.057709868997335434,0.07820092288311571,0.9930531739351175,4,60,,Voxtral_CN,不管怎么说，主队似乎是自愿多亏。,"""Quero agradecer a Apple One, a uma boa cantora, a ficar, a agradar aos manuais que eu pedi lugar que eu ganhei a data."""
00674_0005_sad_0005_001312,0005,sad,happy,sad,sad,sad,happy,happy,happy,True,True,True,True,True,1.1111111111111112,0.088575080037117,False,0.008000001311302185,1.225430965423584,-0.19971758774964835,3.604438304901123,0.028474530205130577,3.057655096054077,0.06649503111839294,0.05905174611598253,0.9921001477077822,2,60,,Voxtral_CN,He seems to have been dumped by his girlfriend.,"Look, I was hit by a car, it's really fun."
00675_0005_surprise_0005_001484,0005,surprise,happy,neutral,neutral,neutral,happy,happy,happy,True,True,True,True,True,1.375,0.30856773257255554,False,0.008000001311302185,0.7391537427902222,24.805038571916338,1.8114261627197266,0.01155203115195036,3.087374210357666,0.02406102418899536,0.042426013865768906,0.9936226872562082,2,60,,Voxtral_CN,"Yes, he had a relationship with his niece.",Tang went to the uncle's house to play tug of war.
00676_0005_surprise_0005_001645,0005,surprise,happy,surprise,surprise,surprise,happy,happy,happy,True,True,True,True,True,1.0,0.6618387699127197,False,0.008000001311302185,0.5274629592895508,28.199143669065883,3.046617269515991,0.02523496374487877,1.6467021703720093,0.015104526653885841,0.0417021364938654,0.9917170548472314,4,60,,Voxtral_CN,Giannis suddenly shouted loudly.,天音是突然心情大喊起来的。
00677_0005_surprise_0005_001672,0005,surprise,happy,surprise,neutral,surprise,happy,happy,happy,True,True,True,True,True,1.3333333333333333,0.664282500743866,False,0.008000001311302185,0.6930997967720032,24.25849379358126,1.6180424690246582,0.02934425324201584,1.5660051107406616,0.018852578476071358,0.04500449287520722,0.9818643491726738,2,60,,Voxtral_CN,"Shenyang tomorrow has thunderstorms, multiple voices.",Shen Yang Ming Tian has a rain of lightning.
00678_0005_surprise_0005_001739,0005,surprise,happy,neutral,neutral,neutral,happy,happy,happy,True,True,True,True,True,2.0,0.6170734167098999,False,0.008000001311302185,0.6787778735160828,27.208479817160548,3.2784736156463623,0.03208805248141289,2.1559276580810547,0.03224851191043854,0.05364765154734254,0.9902125024498369,7,60,,Voxtral_CN,Don't ask a woman's age.,"Don't say that, it's too early for girls to be married."
00679_0005_surprise_0005_001401,0005,surprise,happy,surprise,happy,happy,happy,happy,happy,True,True,True,True,True,0.7142857142857143,0.7352273464202881,False,0.008000001311302185,0.5653966665267944,21.502704580592408,0.2344239056110382,0.013124283403158188,1.3277877569198608,0.01553906500339508,0.02640231636300683,0.9440147395849026,0,60,,Voxtral_CN,Daren looked and they were indeed beautiful.,"I wish to see, they are indeed beautiful."
00680_0005_surprise_0005_001438,0005,surprise,happy,unparseable,neutral,happy,happy,happy,happy,True,True,True,True,True,0.25,0.9994606971740723,True,0.008000001311302185,0.7409577369689941,29.415528349146207,2.820828914642334,0.02068934217095375,0.7337205410003662,0.02320460043847561,0.028026779626961797,0.9926655097501448,5,60,,Voxtral_CN,Of course! I’m starving!,Of course! I'm starving!
00681_0005_surprise_0005_001552,0005,surprise,happy,neutral,neutral,neutral,happy,happy,happy,True,True,True,True,True,0.8888888888888888,0.3352436125278473,False,0.008000001311302185,0.8446550369262695,27.002496890804572,3.612252712249756,0.03715938329696655,1.9170111417770386,0.021410278975963593,0.056329708817526705,0.9897129613410067,7,60,,Voxtral_CN,"Be careful, there is a hole on the road.","Be careful of the kick, Yingying, score a goal."
00682_0005_surprise_0005_001629,0005,surprise,happy,neutral,happy,happy,happy,happy,happy,True,True,True,True,True,0.0,1.0,True,0.00800000037997961,0.4822610914707184,29.73904700269312,1.051812767982483,0.03355946019291878,0.645064115524292,0.013758404180407524,0.040010238932203505,0.9680936938450649,1,60,,Voxtral_CN,This is a good spot. Get out.,This is a good spot. Get out.
00683_0005_surprise_0005_001688,0005,surprise,happy,neutral,neutral,neutral,happy,happy,happy,True,True,True,True,True,0.0,1.0,True,0.008000001311302185,0.7239069938659668,29.252207939614784,1.9690345525741577,0.06108887493610382,0.6718161702156067,0.026827780529856682,0.0678073049160652,0.9689752143474368,3,60,,Voxtral_CN,I'm always here. Have you ever dreamed of me?,I'm always here. Have you ever dreamed of me?
00684_0005_surprise_0005_001435,0005,surprise,happy,neutral,happy,happy,happy,happy,happy,True,True,True,True,True,0.7142857142857143,0.56008380651474,False,0.008000001311302185,0.8349330425262451,24.83560695606965,1.1067216396331787,0.01191800832748413,1.220151662826538,0.024371955543756485,0.024119768675304947,0.9892312502975596,4,60,,Voxtral_CN,"So, the homeless people won't be killed.","So, I won't be killed anymore."
00685_0005_surprise_0005_001455,0005,surprise,happy,neutral,neutral,neutral,happy,happy,happy,True,True,True,True,True,0.875,0.08146216720342636,False,0.008000001311302185,0.7813047170639038,23.3045564971287,3.007133960723877,0.040385954082012177,3.590040683746338,0.03464837372303009,0.07628670740321278,0.9865699517848249,7,60,,Voxtral_CN,"Yes, it will actually form a methane hydrate.",That's a beautiful sight.
00686_0005_surprise_0005_001693,0005,surprise,happy,neutral,happy,happy,happy,happy,happy,True,True,True,True,True,0.5555555555555556,0.7420657873153687,False,0.008000001311302185,0.513291597366333,30.221681029805826,1.1934926509857178,0.06043178588151932,1.4575997591018677,0.014424359425902367,0.07500792771613225,0.9493655986640487,8,60,,Voxtral_CN,Sit up straight. I looked at the screen display.,I looked at the screen.
00687_0005_surprise_0005_001717,0005,surprise,happy,surprise,happy,happy,happy,happy,happy,True,True,True,True,True,0.6,0.7545925974845886,False,0.00800000037997961,0.44127532839775085,28.840761452958063,0.5296496152877808,0.033205531537532806,0.6541247963905334,0.012851542793214321,0.039746908016866075,0.9373066068980511,0,60,,Voxtral_CN,You look better than before.,You look even more beautiful than before.
00688_0005_surprise_0005_001692,0005,surprise,happy,neutral,neutral,neutral,happy,happy,happy,True,True,True,True,True,0.6666666666666666,0.7361329793930054,False,0.008000001311302185,0.6081008315086365,28.421851759700345,1.9067106246948242,0.01881113089621067,1.1526122093200684,0.017896637320518494,0.030337431955784557,0.9901342497112159,5,60,,Voxtral_CN,"One day, I might have to talk to him.",When? I might talk to him again.
00689_0005_surprise_0005_001558,0005,surprise,happy,neutral,neutral,neutral,happy,happy,happy,True,True,True,True,True,1.8333333333333333,0.39694756269454956,False,0.008000001311302185,0.9305832386016846,22.139993985249774,5.733010768890381,0.02776615135371685,2.8723347187042236,0.037318285554647446,0.05648987172361464,0.9951567941395841,16,60,,Voxtral_CN,My character is calm and objective.,"My surname is so cool, I can just sit still and listen to it."
00690_0005_surprise_0005_001445,0005,surprise,happy,sad,neutral,neutral,happy,happy,happy,True,True,True,True,True,0.7142857142857143,0.6875277161598206,False,0.008000001311302185,0.8114250898361206,24.549116672046214,3.6843316555023193,0.01842607371509075,0.5018948316574097,0.031693506985902786,0.023445338966734706,0.9949988015634877,12,60,,Voxtral_CN,I know life isn't always smooth sailing.,I know that life is not always a disaster.
00691_0005_surprise_0005_001616,0005,surprise,happy,neutral,neutral,neutral,happy,happy,happy,True,True,True,True,True,10.0,0.20581847429275513,False,0.008000001311302185,0.6898571848869324,25.664294185619877,2.4530162811279297,0.013345598243176937,0.9963104724884033,0.02088397741317749,0.023308911807835102,0.9945595150159213,4,60,,Voxtral_CN,遇到喜欢的女孩要主动哦。,tāng dào xǐ hǎn de nǚ háizi yào jù dōng
00692_0005_surprise_0005_001480,0005,surprise,happy,neutral,happy,happy,happy,happy,happy,True,True,True,True,True,0.5,0.5719945430755615,False,0.00800000037997961,0.47126102447509766,29.722140862580126,0.5322968363761902,0.02327931486070156,0.6377098560333252,0.008287410251796246,0.029656496295137332,0.9562662911559193,0,60,,Voxtral_CN,"Look, we're almost ready to go.","Look, we're almost done decorating."
00693_0005_surprise_0005_001478,0005,surprise,happy,neutral,neutral,neutral,happy,happy,happy,True,True,True,True,True,0.6923076923076923,0.2774187922477722,False,0.008000001311302185,0.776854395866394,25.567909991408392,3.4764747619628906,0.021312443539500237,2.0600149631500244,0.02096295915544033,0.041912802800592036,0.9938695244468086,5,60,,Voxtral_CN,"Their design is small and compact, and can be operated by one hand.","Their design is very eye-catching, and it's a very good move."
00694_0005_surprise_0005_001463,0005,surprise,happy,neutral,neutral,neutral,happy,happy,happy,True,True,True,True,True,0.625,0.21811290085315704,False,0.008000001311302185,0.7060856819152832,25.24560078465692,1.7099339962005615,0.03195348381996155,1.652529239654541,0.031775910407304764,0.04847909397561103,0.9813130308591083,3,60,,Voxtral_CN,"You know, I'm really trying to quit smoking.","You know, I'm very enthusiastic about it."
00695_0005_surprise_0005_001546,0005,surprise,happy,neutral,neutral,neutral,happy,happy,happy,True,True,True,True,True,0.8333333333333334,0.15612748265266418,False,0.008000001311302185,0.7744877338409424,24.55028880159329,4.694129943847656,0.06606392562389374,1.9400794506072998,0.02704702876508236,0.08546499060025439,0.9859262682511634,6,60,,Voxtral_CN,Now I'm a little bit nervous.,Now I'm really happy to see you.
00696_0005_surprise_0005_001403,0005,surprise,happy,neutral,neutral,neutral,happy,happy,happy,True,True,True,True,True,0.2,0.9938841462135315,True,0.008000001311302185,0.8255760073661804,17.043875424328085,1.4268732070922852,0.08072078227996826,0.4066352844238281,0.04023338854312897,0.08478753745809198,0.9434282023947573,3,60,,Voxtral_CN,My hometown is in Beijing.,My hometown is Beijing.
00697_0005_surprise_0005_001665,0005,surprise,happy,happy,happy,happy,happy,happy,happy,True,True,True,True,True,0.0,1.0000001192092896,True,0.00800000037997961,0.1358010470867157,43.26251031061341,0.08721745014190674,0.01687903329730034,0.45665016770362854,0.0025487912353128195,0.021445560462248978,0.8064718325307907,0,60,,Voxtral_CN,I must again thank you for your kind help.,I must again thank you for your kind help.
00698_0005_surprise_0005_001740,0005,surprise,happy,happy,happy,happy,happy,happy,happy,True,True,True,True,True,12.0,0.9020192623138428,True,0.00800000037997961,0.12137027084827423,42.687531592002244,0.0620419904589653,0.012581057846546173,0.7156239151954651,0.0024360816460102797,0.019737321359317286,0.7972170500418211,0,60,,Voxtral_CN,每天晚上给你呼吁晚安，真幸福。,"Every night, I would send you a good night message, really happy."
00699_0005_surprise_0005_001605,0005,surprise,happy,angry,neutral,neutral,happy,happy,happy,True,True,True,True,True,1.6666666666666667,0.5907859802246094,False,0.008000001311302185,0.7125301957130432,27.298006074421174,2.09531307220459,0.023960329592227936,1.7325022220611572,0.026555996388196945,0.04128561737280339,0.9885647973517303,6,60,,Voxtral_CN,How can you wake him up?,How can I not get up early if I want to wake her up?
00200_0006_angry_0006_000657,0006,angry,happy,neutral,happy,neutral,happy,happy,happy,True,True,True,True,True,1.0,0.052688658237457275,False,0.008000001311302185,0.8863417506217957,12.453200890826256,1.3105099201202393,0.04406105726957321,4.579675197601318,0.05034700036048889,0.08985831271559,0.9663786922990018,6,60,,Voxtral_CN,Sometimes the internal market is more important.,小徐内在我也更加太爱他了。
00201_0006_angry_0006_000584,0006,angry,happy,neutral,neutral,neutral,happy,happy,happy,True,True,True,True,True,1.1666666666666667,0.2942444086074829,False,0.008000001311302185,0.7188911437988281,20.47058418442554,3.8735241889953613,0.04326802119612694,1.4855448007583618,0.0346432626247406,0.058123815636336805,0.9888298048275906,11,60,,Voxtral_CN,It is a major air pollutant.,"It is a main ingredient, and it is very refreshing."
00202_0006_angry_0006_000413,0006,angry,happy,neutral,neutral,neutral,happy,happy,happy,True,True,True,True,True,1.2857142857142858,0.22266989946365356,False,0.008000001311302185,0.7493295669555664,18.708919250857583,1.5044889450073242,0.03181232884526253,3.420903205871582,0.030373919755220413,0.06602166464317591,0.9788550597524612,4,60,,Voxtral_CN,You know I'm very diligent in quitting.,"You're lively and energetic, and you're drinking a lot."
00203_0006_angry_0006_000656,0006,angry,happy,neutral,neutral,neutral,happy,happy,happy,True,True,True,True,True,1.0,0.386721134185791,False,0.008000001311302185,0.9548742771148682,13.65254922715099,2.6544408798217773,0.022336885333061218,2.877934694290161,0.03273044526576996,0.05111655958041549,0.9915850884068057,6,60,,Voxtral_CN,I am an engineer in a factory.,小朋友们一队机器人胡乱做工程师。
00204_0006_angry_0006_000660,0006,angry,happy,neutral,happy,happy,happy,happy,happy,True,True,True,True,True,0.23076923076923078,0.9713259339332581,True,0.00800000037997961,0.7305379509925842,19.500946762285174,0.5323526859283447,0.01275515928864479,0.5270071029663086,0.016066916286945343,0.018025390987470746,0.9760400207873439,0,60,,Voxtral_CN,I let you watch this game. I don't want to miss it today.,I'm letting you see this game. I don't want to miss it today.
00205_0006_angry_0006_000492,0006,angry,happy,neutral,neutral,neutral,happy,happy,happy,True,True,True,True,True,1.8333333333333333,0.19867798686027527,False,0.008000001311302185,0.7457606792449951,19.50994747186034,1.5016993284225464,0.020937366411089897,3.1002793312072754,0.02118883654475212,0.051940371611528105,0.9860575509259344,4,60,,Voxtral_CN,"Yeah, I'm still a greenhorn reporter.","Yes, I've already entered the weaning stage with my little friend."
00206_0006_angry_0006_000557,0006,angry,happy,neutral,neutral,neutral,happy,happy,happy,True,True,True,True,True,2.0,0.18774569034576416,False,0.008000001311302185,0.8291807174682617,18.514577717204432,2.544635057449341,0.05742446333169937,3.658132553100586,0.043783098459243774,0.09400622669368983,0.9774331241866723,10,60,,Voxtral_CN,"I'm confused, you're crazy.","Eat a lot, fill your car with gas."
00207_0006_angry_0006_000357,0006,angry,happy,neutral,neutral,neutral,happy,happy,happy,True,True,True,True,True,1.0,0.5029337406158447,False,0.008000001311302185,0.7933692932128906,19.08891365849668,1.5435388088226318,0.029876984655857086,3.0880203247070312,0.044359102845191956,0.060757631493955855,0.9806438396721321,7,60,,Voxtral_CN,I call once a month.,We go fishing together every month.
00208_0006_angry_0006_000586,0006,angry,happy,neutral,neutral,neutral,happy,happy,happy,True,True,True,True,True,1.7777777777777777,0.18613071739673615,False,0.008000001311302185,0.896112322807312,16.150521532310933,1.7224695682525635,0.011461533606052399,3.0402917861938477,0.03683720529079437,0.04186481984004379,0.9933458716384289,6,60,,Voxtral_CN,"I don't need taste, so I have no tongue.","I don't need to go to the market, I'm a vegetarian. I'm so lucky to have my first dream come true."
00209_0006_angry_0006_000652,0006,angry,happy,neutral,neutral,neutral,happy,happy,happy,True,True,True,True,True,1.0,0.455322802066803,False,0.008000001311302185,0.881489098072052,12.804825979426738,2.8340401649475098,0.017786281183362007,1.4465216398239136,0.04009116441011429,0.032251898493245244,0.9937240546540768,2,60,,Voxtral_CN,I hope you can think of some ideas with me.,I hope you can be with me in spirit for the next two days.
00210_0006_angry_0006_000582,0006,angry,happy,neutral,happy,happy,happy,happy,happy,True,True,True,True,True,1.0,0.5266032218933105,False,0.008000001311302185,0.6996886134147644,17.796371496277903,1.1966239213943481,0.033983148634433746,2.195244550704956,0.031837720423936844,0.05593591251868754,0.9716008112266088,2,60,,Voxtral_CN,I'm trying to learn chess.,I recently stayed in Yuxi to learn chess.
00211_0006_angry_0006_000691,0006,angry,happy,neutral,neutral,neutral,happy,happy,happy,True,True,True,True,True,1.0,0.7217416763305664,False,0.008000001311302185,0.845934271812439,9.744907574823086,2.567448139190674,0.018365217372775078,3.4677786827087402,0.04798766225576401,0.053043484076485035,0.9928468984076289,6,60,,Voxtral_CN,"""会在你脸上画鬼脸""","""为赛期的脸上欢呼的一个女孩给予"""
00212_0006_angry_0006_000450,0006,angry,happy,neutral,neutral,neutral,happy,happy,happy,True,True,True,True,True,1.0,0.2877200245857239,False,0.008000001311302185,0.733283281326294,20.14718150590631,2.3763387203216553,0.03768713027238846,3.0440075397491455,0.024756964296102524,0.06812745323952288,0.9841406740755849,5,60,,Voxtral_CN,Just go to the dormitory nearby.,Go to our coffee shop often.
00213_0006_angry_0006_000469,0006,angry,happy,neutral,happy,neutral,happy,happy,happy,True,True,True,True,True,0.8888888888888888,0.08807671070098877,False,0.008000001311302185,0.7725020051002502,14.758191789552287,1.077684760093689,0.029468368738889694,3.3734917640686035,0.04583717882633209,0.06320374475136399,0.9726558546338469,1,60,,Voxtral_CN,But I want to get up early on Sunday.,I want to thank the Secretary General for his leadership.
00214_0006_angry_0006_000527,0006,angry,happy,neutral,happy,happy,happy,happy,happy,True,True,True,True,True,0.5555555555555556,0.4481031000614166,False,0.008000001311302185,0.6565930843353271,20.744799974496058,0.6445890069007874,0.01804772950708866,1.1703808307647705,0.030983036383986473,0.029751847645100207,0.9720011832130633,0,60,,Voxtral_CN,You've been in my heart for a long time.,The tournament has been brewing in my mind for a long time.
00215_0006_angry_0006_000524,0006,angry,happy,neutral,neutral,neutral,happy,happy,happy,True,True,True,True,True,1.0,-0.04341309517621994,False,0.008000001311302185,0.8425256609916687,16.72816185449541,2.12939715385437,0.01775207556784153,2.502451181411743,0.026065643876791,0.04277684803839773,0.9916633327250819,3,60,,Voxtral_CN,He spent hundreds of millions in this election campaign.,"In this well-kept alley, there are several bicycles."
00216_0006_angry_0006_000386,0006,angry,happy,neutral,neutral,neutral,happy,happy,happy,True,True,True,True,True,1.0,0.1650950163602829,False,0.008000001311302185,0.802585244178772,17.950105801779568,3.356252431869507,0.026654047891497612,2.546753406524658,0.04290051385760307,0.05212201096188277,0.9920583899952213,8,60,,Voxtral_CN,I need to be online all the time to work.,I must go to a group of temples to be so happy.
00217_0006_angry_0006_000621,0006,angry,happy,happy,happy,happy,happy,happy,happy,True,True,True,True,True,0.0,0.9999999403953552,True,0.008000001311302185,0.3852907121181488,25.016359176969143,0.1175672709941864,0.013665638864040375,0.3662385940551758,0.006888974457979202,0.017328093694336712,0.8837632382849464,0,60,,Voxtral_CN,大，让人兴奋，但超大。,大，让人兴奋，但超大。
00218_0006_angry_0006_000580,0006,angry,happy,neutral,neutral,neutral,happy,happy,happy,True,True,True,True,True,1.7,0.2347588688135147,False,0.008000001311302185,1.0817010402679443,10.684530452717254,2.328651189804077,0.07359112054109573,1.7038671970367432,0.04182680696249008,0.09063021077953279,0.9683975337898127,4,60,,Voxtral_CN,Then I won't bother you anymore. I'm not going out.,"Then, let's not waste time, I and my wife went to the Yangtze River for a day trip."
00219_0006_angry_0006_000688,0006,angry,happy,neutral,neutral,neutral,happy,happy,happy,True,True,True,True,True,2.2,0.02999849244952202,False,0.008000001311302185,0.8902785181999207,13.66061839839077,3.22390079498291,0.016938626766204834,4.447575092315674,0.03560413792729378,0.06141473373074085,0.994745921837122,4,60,,Voxtral_CN,Young people must take responsibility.,"I've already climbed it twice, I must climb it a third time."
00220_0006_angry_0006_000372,0006,angry,happy,neutral,happy,happy,happy,happy,happy,True,True,True,True,True,0.0,1.0,True,0.00800000037997961,0.36626142263412476,26.599033382798464,0.2336641550064087,0.009306324645876884,0.35213255882263184,0.010739117860794067,0.012827757625281811,0.9601722196302568,0,60,,Voxtral_CN,I and my friend just came back from Bali.,I and my friend just came back from Bali.
00221_0006_angry_0006_000570,0006,angry,happy,neutral,neutral,neutral,happy,happy,happy,True,True,True,True,True,1.875,0.5416207313537598,False,0.008000001311302185,0.7444736361503601,21.50478696576767,2.27133846282959,0.02052285708487034,1.4472243785858154,0.029616620391607285,0.034995397036932406,0.9909644214542542,8,60,,Voxtral_CN,"So you must persevere, the longer the better.","So you have to get to the end. The world is getting longer and longer, come on, get longer."
00222_0006_angry_0006_000626,0006,angry,happy,neutral,happy,happy,happy,happy,happy,True,True,True,True,True,0.2727272727272727,0.7872979640960693,False,0.008000001311302185,0.6255356073379517,20.579822697231997,0.9344743490219116,0.014208180829882622,1.530407428741455,0.01720977947115898,0.029512427215091886,0.9847955368226491,0,60,,Voxtral_CN,I like it very much. I pay attention to the face.,I like it very much. I pay close attention to it.
00223_0006_angry_0006_000612,0006,angry,happy,sad,sad,neutral,happy,happy,happy,True,True,True,True,True,0.8888888888888888,0.3300793766975403,False,0.008000001311302185,0.7743091583251953,19.092569478802744,3.376335859298706,0.08942259848117828,1.3722460269927979,0.02975473180413246,0.10314535629842429,0.9735148983372311,19,60,,Voxtral_CN,He seems to have been dumped by his girlfriend.,"Alright, he seems to have been kicked by his mare, and he's still standing."
00224_0006_angry_0006_000415,0006,angry,happy,neutral,neutral,neutral,happy,happy,happy,True,True,True,True,True,1.4,0.6407496929168701,False,0.008000001311302185,0.8985480666160583,20.002693883586193,2.1312742233276367,0.019980913028120995,2.066633701324463,0.03590841591358185,0.040647609125524765,0.9906248980964429,5,60,,Voxtral_CN,Not bad at all. Just take care of the present.,"Not bad, not bad at all. It's a good thing we prepared well, and now we can help."
00225_0006_neutral_0006_000316,0006,neutral,happy,neutral,happy,neutral,happy,happy,happy,True,True,True,True,True,8.0,0.026409458369016647,False,0.008000001311302185,1.1760728359222412,0.9461893306901143,1.1310865879058838,0.028895389288663864,4.755606174468994,0.05898548290133476,0.07645204088818282,0.9744534241696197,4,60,,Voxtral_CN,每次你看到一些时尚衣服的时候,"If we win, we will be very happy."
00226_0006_neutral_0006_000093,0006,neutral,happy,neutral,neutral,neutral,happy,happy,happy,True,True,True,True,True,1.7142857142857142,0.18213960528373718,False,0.008000001311302185,1.171884298324585,1.6300787620514883,1.357216238975525,0.026230547577142715,3.4965617656707764,0.06150325387716293,0.06119678026638925,0.9806732731131022,3,60,,Voxtral_CN,Don't be shy to eat more meat.,"The weather is going to be good, really, everything has been going well."
00227_0006_neutral_0006_000247,0006,neutral,happy,neutral,neutral,neutral,happy,happy,happy,True,True,True,True,True,0.0,0.9999997615814209,True,0.008000001311302185,0.9880298972129822,7.575299898350045,1.2362430095672607,0.0506632924079895,0.4889985918998718,0.05312570184469223,0.055553809584006665,0.9590183386147325,3,60,,Voxtral_CN,"No reason, just waiting for me.","No reason, just waiting for me."
00228_0006_neutral_0006_000074,0006,neutral,happy,neutral,neutral,neutral,happy,happy,happy,True,True,True,True,True,1.2857142857142858,0.3342685103416443,False,0.008000001311302185,0.8936516642570496,9.200174592063922,1.3739656209945679,0.024205176159739494,2.422590494155884,0.03423427790403366,0.04843142344407737,0.982382982667195,5,60,,Voxtral_CN,This year should be the 27th anniversary.,"Since then, he has won 27 Grand Prix titles."
00229_0006_neutral_0006_000155,0006,neutral,happy,neutral,neutral,happy,happy,happy,happy,True,True,True,True,True,1.0,0.2477189600467682,False,0.008000001311302185,1.0478254556655884,2.366815069167395,1.7653462886810303,0.016635920852422714,3.6958508491516113,0.04861404001712799,0.053594915484339,0.9905763979797685,3,60,,Voxtral_CN,I just want to relax myself.,What a lovely sight.
00230_0006_neutral_0006_000105,0006,neutral,happy,angry,sad,sad,happy,happy,happy,True,True,True,True,True,0.7142857142857143,0.7393293976783752,False,0.008000001311302185,1.1954349279403687,2.480918894793442,1.6639516353607178,0.03611212968826294,1.477637767791748,0.0659654438495636,0.050889167020618915,0.9782973681921744,1,60,,Voxtral_CN,We can't get along and often argue.,We two can't get along and usually get along well.
00231_0006_neutral_0006_000094,0006,neutral,happy,surprise,surprise,surprise,happy,happy,happy,True,True,True,True,True,1.5714285714285714,-0.05551355332136154,False,0.008000001311302185,0.9958451390266418,5.676406402215301,2.551926374435425,0.027406146749854088,3.7420601844787598,0.04738414287567139,0.06482722243607045,0.9892606044498767,5,60,,Voxtral_CN,"Very strange appearance, I don't know why.",I was very happy to be able to climb Mount Rainier.
00232_0006_neutral_0006_000288,0006,neutral,happy,neutral,neutral,neutral,happy,happy,happy,True,True,True,True,True,1.7777777777777777,0.11843161284923553,False,0.008000001311302185,1.155340313911438,5.227508670281567,2.460554838180542,0.02472403459250927,3.7092702388763428,0.05348840355873108,0.06181727186530828,0.989951845734602,5,60,,Voxtral_CN,"I'm always here, have you ever dreamed of me?","We went to the 10th anniversary of the Afjot for young men, but I was glad."
00233_0006_neutral_0006_000293,0006,neutral,happy,neutral,happy,happy,happy,happy,happy,True,True,True,True,True,1.0,0.10021741688251495,False,0.008000001311302185,1.2389273643493652,1.5264679502904945,1.129624843597412,0.022765852510929108,4.497934341430664,0.04509980231523514,0.0677456469232589,0.9798465369808717,3,60,,Voxtral_CN,"Sit down, I looked at the screen display.","More and more, I sing my beloved little girl."
00234_0006_neutral_0006_000133,0006,neutral,happy,neutral,neutral,neutral,happy,happy,happy,True,True,True,True,True,1.1666666666666667,0.31458067893981934,False,0.008000001311302185,1.1128959655761719,4.172951249648451,1.892275094985962,0.016767593100667,2.0837349891662598,0.04865710064768791,0.037605429563336075,0.9911389241738177,3,60,,Voxtral_CN,Do you still think I'm cute?,I don't know why it's so funny.
00235_0006_neutral_0006_000275,0006,neutral,happy,neutral,happy,neutral,happy,happy,happy,True,True,True,True,True,0.2,0.6939448714256287,False,0.008000001311302185,1.0478472709655762,6.842029111979972,1.4612257480621338,0.014964969828724861,2.1166162490844727,0.04420876130461693,0.036131574407182634,0.9897586188523085,3,60,,Voxtral_CN,Then find a music player.,Then find a music hotspot.
00236_0006_neutral_0006_000314,0006,neutral,happy,neutral,neutral,happy,happy,happy,happy,True,True,True,True,True,0.9166666666666666,0.13725392520427704,False,0.008000001311302185,1.0888895988464355,1.7358580994053052,1.2379523515701294,0.013590184971690178,2.3523035049438477,0.053786665201187134,0.037113757887780666,0.98902204519063,3,60,,Voxtral_CN,Now everyone in the city is coming to borrow money from me.,"Now, the spring breeze makes me happy."
00237_0006_neutral_0006_000004,0006,neutral,happy,neutral,neutral,neutral,happy,happy,happy,True,True,True,True,True,1.0,-0.012555518187582493,False,0.008000001311302185,1.2955156564712524,6.377530829406894,1.4636905193328857,0.019056569784879684,2.5269134044647217,0.056440502405166626,0.04432626823455095,0.9869804651098203,3,60,,Voxtral_CN,"Whatever the case, the home team seems to be at a disadvantage.","No matter what you say, you're like my one and only."
00238_0006_neutral_0006_000227,0006,neutral,happy,angry,sad,neutral,happy,happy,happy,True,True,True,True,True,1.4444444444444444,0.13001802563667297,False,0.008000001311302185,0.9198994636535645,8.959009559270267,3.5300700664520264,0.021985841915011406,2.280489206314087,0.04077427461743355,0.04479114172089845,0.9937718397932229,6,60,,Voxtral_CN,I really can't stand the noise in the city.,"I can't wait for the second round, the joy is so big, it's opening my heart."
00239_0006_neutral_0006_000310,0006,neutral,happy,neutral,happy,happy,happy,happy,happy,True,True,True,True,True,1.1818181818181819,0.4144402742385864,False,0.008000001311302185,1.0108025074005127,2.7699079166710554,0.5198217630386353,0.024743039160966873,2.403407573699951,0.03962550312280655,0.04877751115299761,0.9524009171598923,0,60,,Voxtral_CN,Let me start this game. I don't want to miss today.,"You are too good to me. Today, I will not be able to wait."
00240_0006_neutral_0006_000034,0006,neutral,happy,neutral,neutral,neutral,happy,happy,happy,True,True,True,True,True,1.0,0.30478164553642273,False,0.008000001311302185,1.0432848930358887,7.387137740680291,2.1023685932159424,0.03236788138747215,2.710991859436035,0.045470595359802246,0.0594782546877861,0.9846040882212953,3,60,,Voxtral_CN,"That's Matt, he's definitely brave.","That's right, flowers are definitely very beautiful."
00241_0006_neutral_0006_000050,0006,neutral,happy,sad,sad,sad,happy,happy,happy,True,True,True,True,True,1.0,0.5753180980682373,False,0.008000001311302185,1.032936692237854,6.758739770355163,4.105241298675537,0.023044465109705925,1.676438331604004,0.05142086744308472,0.03980936263442039,0.9943865747630619,5,60,,Voxtral_CN,每次叫我都不给红包，不开心。,每次叫我都得红包，会很开心的。
00242_0006_neutral_0006_000130,0006,neutral,happy,sad,happy,happy,happy,happy,happy,True,True,True,True,True,0.9230769230769231,0.30841660499572754,False,0.008000001311302185,0.8033447265625,11.363393904471202,0.9798168540000916,0.013958408497273922,2.1166863441467285,0.02695641480386257,0.03512554150288925,0.9857540636902816,0,60,,Voxtral_CN,My hope is that the day I die is the day I retire.,I hope to work in Taiwan one day.
00243_0006_neutral_0006_000286,0006,neutral,happy,neutral,neutral,neutral,happy,happy,happy,True,True,True,True,True,11.0,0.6211018562316895,False,0.008000001311302185,1.0528814792633057,6.793381464438108,2.2096328735351562,0.03314791992306709,1.3202259540557861,0.05273634195327759,0.04635070682704449,0.9849984491450681,6,60,,Voxtral_CN,门都没有，现在还不会。,"There are no doors, now I just want to go in."
00244_0006_neutral_0006_000054,0006,neutral,happy,neutral,neutral,neutral,happy,happy,happy,True,True,True,True,True,2.0,0.20406776666641235,False,0.008000001311302185,1.1279646158218384,6.5810499993244935,4.4138407707214355,0.029985077679157257,3.9067938327789307,0.04489157348871231,0.06905346492268145,0.9932065792046557,5,60,,Voxtral_CN,I was created by an artificial intelligence system.,"I started to fish, and soon I caught a carp, a yellow croaker and a sea bass."
00245_0006_neutral_0006_000203,0006,neutral,happy,neutral,happy,happy,happy,happy,happy,True,True,True,True,True,1.375,0.15104974806308746,False,0.008000001311302185,0.8811803460121155,6.610276839253815,0.30514955520629883,0.016483962535858154,3.0551159381866455,0.03587597608566284,0.04703548067748547,0.9459807092797037,0,60,,Voxtral_CN,I hope I can go there one day.,"For a hero on wheel, you gave me a goodie, pinati."
00246_0006_neutral_0006_000121,0006,neutral,happy,neutral,neutral,neutral,happy,happy,happy,True,True,True,True,True,0.875,-0.11954771727323532,False,0.008000001311302185,1.11423659324646,0.7478978031572088,1.953291893005371,0.022311057895421982,2.860692262649536,0.06382827460765839,0.05091861880466342,0.9885777143829263,3,60,,Voxtral_CN,Then you are far away from the city.,Then we will have a good time.
00247_0006_neutral_0006_000174,0006,neutral,happy,neutral,neutral,neutral,happy,happy,happy,True,True,True,True,True,2.4444444444444446,0.1393413096666336,False,0.008000001311302185,1.1014432907104492,8.283087141881397,2.539743423461914,0.022261038422584534,3.2471835613250732,0.04742690548300743,0.05473334830489009,0.9912349262461164,2,60,,Voxtral_CN,He spent hundreds of millions in this election campaign.,"He said, ""I will continue to listen to the people, to be a good listener, to be happy, and to continue to work."""
00248_0006_neutral_0006_000142,0006,neutral,happy,neutral,neutral,happy,happy,happy,happy,True,True,True,True,True,1.0,0.24830281734466553,False,0.008000001311302185,0.9884371757507324,6.224847813742189,1.3827850818634033,0.024955347180366516,3.067262649536133,0.0394333079457283,0.05562836800880731,0.9819528374237757,2,60,,Voxtral_CN,"Yeah, I'm still a greenhorn reporter.","I like to eat, I'm still a little kid."
00249_0006_neutral_0006_000280,0006,neutral,happy,neutral,neutral,neutral,happy,happy,happy,True,True,True,True,True,1.4444444444444444,-0.10552126169204712,False,0.008000001311302185,1.1463645696640015,5.310983682183787,3.105661392211914,0.028720438480377197,3.1390151977539062,0.05463418364524841,0.06011113679975271,0.9907522312147745,4,60,,Voxtral_CN,Definitely can't walk to the center of the lake.,"""Don't you think it's a good thing to have a little bit of luck?"""
00250_0006_sad_0006_001080,0006,sad,happy,neutral,neutral,neutral,happy,happy,happy,True,True,True,True,True,1.0,0.22592930495738983,False,0.008000001311302185,1.0343834161758423,10.725893479385748,2.3616247177124023,0.015017697587609291,2.261674404144287,0.04222783446311951,0.037634863907396794,0.9936409466436495,7,60,,Voxtral_CN,"Unless you're flying a kite, but that's not possible.","It's not a big deal, but this is really good."
00251_0006_sad_0006_001356,0006,sad,happy,neutral,neutral,neutral,happy,happy,happy,True,True,True,True,True,1.375,0.10112763941287994,False,0.008000001311302185,1.1921634674072266,4.258465880446832,2.3541059494018555,0.01890915259718895,3.0036697387695312,0.04599578306078911,0.04894630994271487,0.9919675864198069,3,60,,Voxtral_CN,I am an engineer at a pig farm.,I have a good friend who is a doctor. He is very kind.
00252_0006_sad_0006_001299,0006,sad,happy,neutral,neutral,neutral,happy,happy,happy,True,True,True,True,True,2.25,0.29303836822509766,False,0.008000001311302185,1.0618666410446167,4.992242137786315,1.2407939434051514,0.024445142596960068,3.073989152908325,0.04359842836856842,0.055185470110327005,0.9802987895557627,2,60,,Voxtral_CN,My best friend just went on a date.,"I'm happy, I'm happy, I want to do something for her, I want to do something for her."
00253_0006_sad_0006_001057,0006,sad,happy,neutral,neutral,neutral,happy,happy,happy,True,True,True,True,True,1.6,0.11114335060119629,False,0.008000001311302185,1.0149750709533691,6.303894511935885,2.1650235652923584,0.02991081029176712,3.5677006244659424,0.046353913843631744,0.06558828007556497,0.9861845336137355,1,60,,Voxtral_CN,I call once a month.,"I'm happy every time I win, please remember."
00254_0006_sad_0006_001392,0006,sad,happy,neutral,neutral,neutral,happy,happy,happy,True,True,True,True,True,0.9090909090909091,0.26619717478752136,False,0.008000001311302185,1.0653223991394043,6.742229052980662,1.5099849700927734,0.026613492518663406,2.7820284366607666,0.035031646490097046,0.05443412720173597,0.9823749950855284,3,60,,Voxtral_CN,"I was short of money, so I pawned it last week.",I finally got this little guy.
00255_0006_sad_0006_001264,0006,sad,happy,neutral,happy,happy,happy,happy,happy,True,True,True,True,True,1.5714285714285714,0.1470063030719757,False,0.008000001311302185,1.1161565780639648,2.9544112043955035,0.6250823140144348,0.012943262234330177,2.3850512504577637,0.04176441952586174,0.036794192383103067,0.9792935075203051,0,60,,Voxtral_CN,"Of course, I can't live without music.",I feel very happy. I am really happy to help my friends.
00256_0006_sad_0006_001142,0006,sad,happy,neutral,neutral,neutral,happy,happy,happy,True,True,True,True,True,31.428571428571427,0.2596101462841034,False,0.008000001311302185,1.0392509698867798,6.378375478228219,1.2442646026611328,0.016325097531080246,3.120495319366455,0.042489439249038696,0.047530475619137286,0.9868797219689723,5,60,,Voxtral_CN,"Not so easy, right? I'm also 16.","But to be able to do this, to be able to do this, to be able to do this, to be able to do this, to be able to do this, to be able to do this, to be able to do this, to be able to do this, to be able to do this, to be able to do this, to be able to do this, to be able to do this, to be able to do this, to be able to do this, to be able to do this, to be able to do this, to be able to do this, to be able to do this, to be able to do this, to be able to do this, to be able to do this, to be able to do this, to be able to do this, to be able to do this, to be able to do this, to be able to do this, to be able to do this, to be able to do this, to be able to do this, to be able to do this, to be able to do this, to be able to do this, to be able to do this, to be able to do this, to be able to do this, to be able to do this, to be able"
00257_0006_sad_0006_001284,0006,sad,happy,neutral,neutral,neutral,happy,happy,happy,True,True,True,True,True,2.0,0.025085143744945526,False,0.008000001311302185,1.032155990600586,4.570581394759113,4.42612361907959,0.024788182228803635,3.8794307708740234,0.05018886923789978,0.06358299182623625,0.9943995729983794,7,60,,Voxtral_CN,It is a major air pollutant.,"I was swimming in the clear and tranquil water, enjoying the scenery."
00258_0006_sad_0006_001325,0006,sad,happy,neutral,happy,neutral,happy,happy,happy,True,True,True,True,True,2.4,-0.007453981786966324,False,0.008000001311302185,1.0511094331741333,5.564352020438869,1.3236432075500488,0.014325490221381187,6.0138068199157715,0.052966710180044174,0.0744640880876407,0.9891772268088042,4,60,,Voxtral_CN,Then find a music player.,"You're a whole safe fellow. You go, yeah, you're a home up here."
00259_0006_sad_0006_001129,0006,sad,happy,neutral,happy,neutral,happy,happy,happy,True,True,True,True,True,1.0,0.5298925638198853,False,0.008000001311302185,0.9690642356872559,9.671703304798864,1.0778794288635254,0.022459950298070908,2.09224534034729,0.03824908286333084,0.043382786192372444,0.9791628361237473,3,60,,Voxtral_CN,People naturally call him the father of the Olympics.,We all love the Olympics and are very excited.
00260_0006_sad_0006_001221,0006,sad,happy,neutral,neutral,neutral,happy,happy,happy,True,True,True,True,True,1.0,0.11901599168777466,False,0.008000001311302185,1.3229854106903076,4.108996686665013,2.4167866706848145,0.033277496695518494,3.31270432472229,0.065065398812294,0.06640519059672952,0.9862306851079706,2,60,,Voxtral_CN,你这小鬼，很不幸，非常少。,一只小羊羔，那么好看，非常可爱。
00261_0006_sad_0006_001095,0006,sad,happy,sad,neutral,neutral,happy,happy,happy,True,True,True,True,True,0.625,0.5801137089729309,False,0.008000001311302185,1.041028618812561,14.325608027138122,3.5691380500793457,0.01990675926208496,1.9964616298675537,0.044774264097213745,0.039871823303401464,0.99442253031887,9,60,,Voxtral_CN,I know life is not always smooth sailing.,I know that life is a roller coaster ride.
00262_0006_sad_0006_001213,0006,sad,happy,surprise,neutral,surprise,happy,happy,happy,True,True,True,True,True,1.4285714285714286,0.0035748109221458435,False,0.008000001311302185,1.0963599681854248,2.724924896496559,2.3881278038024902,0.014958355575799942,4.693535327911377,0.060473062098026276,0.0618943135855347,0.9937363672279254,3,60,,Voxtral_CN,I still don't know you know Flancker.,He is happy and proud of what he has achieved.
00263_0006_sad_0006_001339,0006,sad,happy,neutral,neutral,neutral,happy,happy,happy,True,True,True,True,True,5.0,0.09590879827737808,False,0.008000001311302185,1.3096359968185425,1.8878770546235646,1.6405174732208252,0.02800637297332287,3.4349398612976074,0.047594379633665085,0.062356247530095284,0.9829283299748475,2,60,,Voxtral_CN,"""不会，但是我非常喜欢单板化学。""",I really like 300 million.
00264_0006_sad_0006_001184,0006,sad,happy,neutral,neutral,neutral,happy,happy,happy,True,True,True,True,True,1.0,0.36500084400177,False,0.008000001311302185,1.1911156177520752,1.7887303011797266,1.604062557220459,0.015034436248242855,4.277204990386963,0.04387391731142998,0.0578069248912856,0.9906272756130566,2,60,,Voxtral_CN,"More teach me things, I will be more smart.","Because you go to me, I'm not tired."
00265_0006_sad_0006_001175,0006,sad,happy,neutral,neutral,neutral,happy,happy,happy,True,True,True,True,True,2.2222222222222223,0.10944478213787079,False,0.008000001311302185,1.3006744384765625,0.7944245110883876,1.8424320220947266,0.025339696556329727,2.910559892654419,0.04731155186891556,0.0544457685983926,0.9862466043509599,3,60,,Voxtral_CN,"If you want to kiss, go ahead and kiss.","That fruit is so delicious, I don't know how to eat it well, I just threw it away, it's really delicious."
00266_0006_sad_0006_001312,0006,sad,happy,sad,sad,sad,happy,happy,happy,True,True,True,True,True,0.7777777777777778,0.2475857436656952,False,0.008000001311302185,1.1003035306930542,4.424741976783942,4.3805341720581055,0.022320253774523735,1.754311203956604,0.054520443081855774,0.0398639110185206,0.9949046730609028,3,60,,Voxtral_CN,He seems to have been dumped by his girlfriend.,He seems to be enjoying his life to the fullest.
00267_0006_sad_0006_001329,0006,sad,happy,neutral,neutral,neutral,happy,happy,happy,True,True,True,True,True,2.0,0.09201525896787643,False,0.008000001311302185,1.1726231575012207,4.168731277866486,2.240126132965088,0.01253286562860012,2.022528886795044,0.05325309559702873,0.03275868702750653,0.994405285736294,3,60,,Voxtral_CN,I also think so.,And the referee gave us two yellow cards.
00268_0006_sad_0006_001294,0006,sad,happy,neutral,neutral,neutral,happy,happy,happy,True,True,True,True,True,2.5,0.17095264792442322,False,0.008000001311302185,1.1177812814712524,-1.3885653107354357,3.198225736618042,0.01819935068488121,3.7793142795562744,0.04421032965183258,0.05599293558374047,0.9943095477981719,4,60,,Voxtral_CN,My close friends are not many.,"I hope to see you again, like a friend. I'm going to enjoy this video."
00269_0006_sad_0006_001186,0006,sad,happy,neutral,neutral,neutral,happy,happy,happy,True,True,True,True,True,2.4,0.1607057750225067,False,0.008000001311302185,1.1575015783309937,-1.0724019492829597,1.806665301322937,0.03010137379169464,3.9982128143310547,0.06222843751311302,0.07008412421938032,0.9833387104021687,1,60,,Voxtral_CN,I like almost all sports.,"I like to get close to you, come with me to a dream boat."
00270_0006_sad_0006_001321,0006,sad,happy,neutral,happy,happy,happy,happy,happy,True,True,True,True,True,1.0,0.7074398994445801,False,0.008000001311302185,1.0933462381362915,5.403733726833659,0.6835038661956787,0.018558140844106674,4.734505653381348,0.036713194102048874,0.06590356450986116,0.9728485210370504,0,60,,Voxtral_CN,大，得信心，但超大,大
00271_0006_sad_0006_001105,0006,sad,happy,neutral,neutral,neutral,happy,happy,happy,True,True,True,True,True,0.5714285714285714,0.1694851964712143,False,0.008000001311302185,0.9099805951118469,12.670172158600753,1.4067637920379639,0.021616525948047638,3.4486923217773438,0.04379364103078842,0.05610388710223139,0.9846338624363284,2,60,,Voxtral_CN,He will actually become a hydrogen bomb.,He will be a good host.
00272_0006_sad_0006_001116,0006,sad,happy,neutral,happy,happy,happy,happy,happy,True,True,True,True,True,0.7142857142857143,0.8857768774032593,True,0.008000001311302185,0.9427759647369385,12.010793304720533,0.6331225037574768,0.018732277676463127,0.7904618382453918,0.028778856620192528,0.02663718384748325,0.9704128702339749,0,60,,Voxtral_CN,"We can go fishing, chatting and stargazing.","We can go fishing, chat, and have a good time."
00273_0006_sad_0006_001393,0006,sad,happy,neutral,neutral,happy,happy,happy,happy,True,True,True,True,True,1.6666666666666667,-0.029723893851041794,False,0.008000001311302185,1.0641796588897705,3.409988651521763,1.3286141157150269,0.024066735059022903,4.029261589050293,0.053927622735500336,0.06435989022575318,0.9818858351914538,2,60,,Voxtral_CN,Many hundreds of men were involved in this game.,Do a little bow. I want to thank God all her day and she wins.
00274_0006_sad_0006_001091,0006,sad,happy,neutral,neutral,neutral,happy,happy,happy,True,True,True,True,True,0.6923076923076923,0.39763253927230835,False,0.008000001311302185,1.0492388010025024,13.446496080168151,3.27162504196167,0.017415493726730347,1.6120492219924927,0.0352788120508194,0.03353633873477578,0.9946768063261039,4,60,,Voxtral_CN,"I'm very busy, I don't have time to talk to you about this.",I will be very happy to talk to you anytime.
00275_0006_surprise_0006_001555,0006,surprise,happy,neutral,neutral,neutral,happy,happy,happy,True,True,True,True,True,0.8333333333333334,0.4418290853500366,False,0.008000001311302185,0.6810168623924255,22.00336705227396,2.5672078132629395,0.04502567648887634,0.8589282631874084,0.023750633001327515,0.05361519662708044,0.9824612264514542,3,60,,Voxtral_CN,I just want to relax myself.,I'm just going to let myself go.
00276_0006_surprise_0006_001436,0006,surprise,happy,neutral,neutral,neutral,happy,happy,happy,True,True,True,True,True,0.625,0.693571150302887,False,0.008000001311302185,0.6787790060043335,26.963140729617606,3.8558812141418457,0.14035600423812866,1.34366774559021,0.02985953353345394,0.1537929802893661,0.9635994999733503,11,60,,Voxtral_CN,I have to be constantly charged to work.,I have to keep charging to work well.
00277_0006_surprise_0006_001416,0006,surprise,happy,neutral,happy,happy,happy,happy,happy,True,True,True,True,True,0.8571428571428571,0.8493386507034302,True,0.008000001311302185,0.47609275579452515,29.464179162852968,0.8096297979354858,0.04345937818288803,0.7910023331642151,0.016398584470152855,0.051369565500374886,0.9463219136774521,0,60,,Voxtral_CN,He must be instantly captivated by you.,He must be mesmerized by you at first sight.
00278_0006_surprise_0006_001501,0006,surprise,happy,neutral,happy,surprise,happy,happy,happy,True,True,True,True,True,0.625,0.8461545705795288,True,0.00800000037997961,0.5148104429244995,29.654343324173112,1.123404860496521,0.031150486320257187,1.4575533866882324,0.01675431802868843,0.0457261877303198,0.9722713623417213,1,60,,Voxtral_CN,"Soon, cars will be able to open automatically.","Quick, the car is ready to open automatically."
00279_0006_surprise_0006_001647,0006,surprise,happy,neutral,neutral,happy,happy,happy,happy,True,True,True,True,True,0.2857142857142857,0.9229708909988403,True,0.008000001311302185,0.7267119288444519,26.010683871441003,1.7404699325561523,0.017583981156349182,0.8900530338287354,0.026542646810412407,0.02648477692110464,0.989896992284995,6,60,,Voxtral_CN,"No reason, just to wait for me.","No reason, you just want to wait for me."
00280_0006_surprise_0006_001584,0006,surprise,happy,neutral,neutral,neutral,happy,happy,happy,True,True,True,True,True,16.0,0.06243910640478134,False,0.008000001311302185,0.7401743531227112,25.820767017258515,3.965198040008545,0.19086045026779175,2.553591251373291,0.02565862610936165,0.21639661936778576,0.9518660989080433,7,60,,Voxtral_CN,Yes.,"On May 5, 2016, the 16th anniversary of the founding of the People's Republic of China."
00281_0006_surprise_0006_001504,0006,surprise,happy,neutral,neutral,neutral,happy,happy,happy,True,True,True,True,True,9.0,0.4032215476036072,False,0.008000001311302185,0.7100368142127991,24.167611025692004,2.989844799041748,0.022333085536956787,2.1695382595062256,0.027418069541454315,0.044028742312714454,0.992530352898547,6,60,,Voxtral_CN,没找到鱼的纪时。,"Mmm, I can't wait to try the steamed fish."
00282_0006_surprise_0006_001478,0006,surprise,happy,neutral,neutral,neutral,happy,happy,happy,True,True,True,True,True,0.9090909090909091,0.5068565607070923,False,0.008000001311302185,0.7570307850837708,23.25545799484463,2.2066149711608887,0.039421744644641876,1.349173665046692,0.02191048674285412,0.05291370039997623,0.982134742508385,4,60,,Voxtral_CN,Their design is small and can be operated with one hand.,"Look, their design is so meticulous, and it's so easy to operate."
00283_0006_surprise_0006_001593,0006,surprise,happy,neutral,happy,neutral,happy,happy,happy,True,True,True,True,True,0.75,0.7234401702880859,False,0.008000001311302185,0.5941267609596252,26.137253975201475,0.6466417908668518,0.01587471179664135,1.8570384979248047,0.014882913790643215,0.034445245605027305,0.9754505322407935,0,60,,Voxtral_CN,Take your girlfriend out for a good meal.,Go to the restaurant and have a good meal.
00284_0006_surprise_0006_001720,0006,surprise,happy,neutral,neutral,happy,happy,happy,happy,True,True,True,True,True,0.875,0.685782790184021,False,0.008000001311302185,0.6927092671394348,20.2153905075723,1.3927929401397705,0.02330705337226391,1.0323050022125244,0.019847312942147255,0.03363030186751858,0.9832659595690333,2,60,,Voxtral_CN,Thank you for coming here. Tell me more.,Thank you for coming to this opportunity. He told me more details.
00285_0006_surprise_0006_001536,0006,surprise,happy,neutral,neutral,neutral,happy,happy,happy,True,True,True,True,True,0.4,0.4766528308391571,False,0.008000001311302185,0.6075089573860168,23.16737189506585,1.5029807090759277,0.032048143446445465,1.4515295028686523,0.01787116378545761,0.046563617186769844,0.9786769429222085,2,60,,Voxtral_CN,I like almost all sports.,I like almost all the windfalls.
00286_0006_surprise_0006_001482,0006,surprise,happy,neutral,neutral,neutral,happy,happy,happy,True,True,True,True,True,0.2727272727272727,0.8029158115386963,True,0.008000001311302185,0.9316430687904358,20.166969386024135,2.291233777999878,0.0366666242480278,0.6354970335960388,0.03495895117521286,0.04302194417349994,0.9839969955924638,4,60,,Voxtral_CN,I heard you are going to Tokyo to visit your uncle.,I heard you are going to Hong Kong to see your uncle.
00287_0006_surprise_0006_001744,0006,surprise,happy,neutral,neutral,neutral,happy,happy,happy,True,True,True,True,True,6.0,0.49017441272735596,False,0.008000001311302185,0.8519304394721985,20.40651516521997,2.5810632705688477,0.03268004208803177,2.102593421936035,0.040084853768348694,0.0537063771559298,0.9873385350678252,2,60,,Voxtral_CN,很漂亮，但是人多挤。,Very beautiful. I can eat more.
00288_0006_surprise_0006_001556,0006,surprise,happy,neutral,happy,happy,happy,happy,happy,True,True,True,True,True,1.0,0.5532745122909546,False,0.008000001311302185,0.5372219681739807,23.743775472495663,0.4717901647090912,0.04036823660135269,1.4302780628204346,0.020696023479104042,0.054671224189791826,0.9144360361427967,0,60,,Voxtral_CN,"Cheng Meng: ""I am honored to be invited to your wedding.""","Chang Meng yao qing, can jian ni de hun li."
00289_0006_surprise_0006_001673,0006,surprise,happy,neutral,neutral,neutral,happy,happy,happy,True,True,True,True,True,1.0,0.2796401381492615,False,0.008000001311302185,0.6914744973182678,26.19323478839759,3.1309218406677246,0.13275209069252014,2.0940053462982178,0.028583966195583344,0.15369242999516428,0.9575996791206361,6,60,,Voxtral_CN,Dandelion.,百合花经常被很多人崇拜。
00290_0006_surprise_0006_001667,0006,surprise,happy,neutral,happy,happy,happy,happy,happy,True,True,True,True,True,0.42857142857142855,0.706977367401123,False,0.00800000037997961,0.5017924904823303,25.494352114690024,1.107458233833313,0.019257482141256332,0.7458308339118958,0.015131181105971336,0.02671594179218635,0.9826110985020182,1,60,,Voxtral_CN,This is my first story I learned.,This is my first ghost story.
00291_0006_surprise_0006_001579,0006,surprise,happy,sad,neutral,happy,happy,happy,happy,True,True,True,True,True,0.6,0.12154057621955872,False,0.008000001311302185,0.8833397030830383,22.183329689593467,1.4453246593475342,0.02135668322443962,1.7923773527145386,0.03212758153676987,0.039280778027400376,0.9852236083524094,10,60,,Voxtral_CN,"She broke up with Vick, so she changed her mind.","He broke up with Weich, so Hashim is very happy."
00292_0006_surprise_0006_001547,0006,surprise,happy,neutral,happy,happy,happy,happy,happy,True,True,True,True,True,1.0,0.895046055316925,True,0.00800000037997961,0.602702260017395,23.345519085063415,0.7059829235076904,0.01233429741114378,0.993244469165802,0.019092923030257225,0.022266933032032102,0.9825289011951442,0,60,,Voxtral_CN,"I don't know, perhaps a new pair of shoes.",不知道，购买一双新鞋。
00293_0006_surprise_0006_001496,0006,surprise,happy,neutral,happy,happy,happy,happy,happy,True,True,True,True,True,0.25,0.9854535460472107,True,0.00800000037997961,0.4815007746219635,27.603731831754583,0.37802618741989136,0.008746234700083733,0.43556368350982666,0.00791561882942915,0.013101950691370295,0.9768634158395781,0,60,,Voxtral_CN,"Don't underestimate my haircut, I quite like it.",Don't underestimate my haircut. I really like it.
00294_0006_surprise_0006_001618,0006,surprise,happy,neutral,happy,happy,happy,happy,happy,True,True,True,True,True,0.125,0.9866852164268494,True,0.008000001311302185,0.5322849154472351,24.889044448572378,0.5891996622085571,0.01612207107245922,0.5309033989906311,0.012109740637242794,0.021431226159771905,0.9726373382292393,0,60,,Voxtral_CN,"Tomorrow is Saturday, let's go for a walk.","Tomorrow is Saturday, let's go out for a walk."
00295_0006_surprise_0006_001538,0006,surprise,happy,neutral,neutral,neutral,happy,happy,happy,True,True,True,True,True,0.5,0.754910945892334,False,0.008000001311302185,0.682826817035675,20.63359223143872,2.682573080062866,0.022237813100218773,1.6086279153823853,0.02920209988951683,0.03832438427504152,0.9917102675541284,12,60,,Voxtral_CN,I can't control him.,"I can't control myself, haha."
00296_0006_surprise_0006_001613,0006,surprise,happy,neutral,happy,neutral,happy,happy,happy,True,True,True,True,True,8.0,0.27697545289993286,False,0.008000001311302185,0.7387011051177979,20.607479077743278,0.8776839971542358,0.02616792917251587,4.265698432922363,0.03588815778493881,0.06882527238331734,0.970185249751207,0,60,,Voxtral_CN,Yes.,I'm happy to see that it's getting better.
00297_0006_surprise_0006_001438,0006,surprise,happy,neutral,neutral,neutral,happy,happy,happy,True,True,True,True,True,0.42857142857142855,0.3566180169582367,False,0.008000001311302185,0.7078781723976135,28.14865582305027,3.3520755767822266,0.017538879066705704,1.2432633638381958,0.022973712533712387,0.029971742442212998,0.9947677554801608,6,60,,Voxtral_CN,"Of course, I'm almost starving to death.","Of course, I'm almost happy."
00298_0006_surprise_0006_001518,0006,surprise,happy,neutral,neutral,neutral,happy,happy,happy,True,True,True,True,True,2.25,0.11483243107795715,False,0.008000001311302185,0.6667277812957764,23.74047253449076,1.5379180908203125,0.030185788869857788,2.091526508331299,0.03009900450706482,0.05110135494321584,0.980372303928256,3,60,,Voxtral_CN,Your classmate tricked you.,I'm happy to see you. I've been playing with you.
00299_0006_surprise_0006_001447,0006,surprise,happy,neutral,neutral,happy,happy,happy,happy,True,True,True,True,True,0.375,0.6772927641868591,False,0.008000001311302185,0.654619574546814,25.895481022739144,1.7363476753234863,0.09411975741386414,1.897452712059021,0.021225279197096825,0.11309449678724631,0.9457944058373393,3,60,,Voxtral_CN,This is the largest power plant in Taiwan.,This is the biggest support in Taiwan.
00300_0007_angry_0007_000443,0007,angry,happy,neutral,neutral,neutral,happy,happy,happy,True,True,True,True,True,0.3333333333333333,0.7769701480865479,False,0.008000001311302185,0.7460872530937195,21.057435538401798,1.948708415031433,0.017980508506298065,1.2868404388427734,0.025936467573046684,0.03084917225940153,0.9907731149680451,1,60,,Voxtral_CN,"Don't be shy, eat more meat.","Don't be shy, eat more, please."
00301_0007_angry_0007_000462,0007,angry,happy,happy,happy,happy,happy,happy,happy,True,True,True,True,True,0.0,0.9999999403953552,True,0.00800000037997961,0.29080280661582947,32.25195411929094,0.18586739897727966,0.01314008142799139,0.7553139328956604,0.005351560190320015,0.0206932742725499,0.92930400113041,0,60,,Voxtral_CN,"That's great! Actually, I'm feeling pretty good.","That's great! Actually, I'm feeling pretty good."
00302_0007_angry_0007_000514,0007,angry,happy,neutral,neutral,neutral,happy,happy,happy,True,True,True,True,True,0.6666666666666666,0.7414610981941223,False,0.008000001311302185,0.6377305388450623,26.15417639075716,2.64241361618042,0.07359465956687927,1.0087040662765503,0.024289917200803757,0.08368194312881679,0.9721486980250807,6,60,,Voxtral_CN,I worked for six years in a logistics company.,I worked for a travel agency for six years.
00303_0007_angry_0007_000615,0007,angry,happy,neutral,happy,neutral,happy,happy,happy,True,True,True,True,True,0.4444444444444444,0.7964813113212585,False,0.008000001311302185,0.5686772465705872,22.633909633693104,1.173741102218628,0.014937053434550762,0.9980654716491699,0.018551912158727646,0.024917893670164046,0.9872739794096701,1,60,,Voxtral_CN,I must again thank you for your generous help.,I must thank you again for your kind return.
00304_0007_angry_0007_000523,0007,angry,happy,neutral,neutral,neutral,happy,happy,happy,True,True,True,True,True,1.4,0.06943638622760773,False,0.008000001311302185,0.7603491544723511,17.44403809215123,1.874927282333374,0.026511287316679955,2.81703782081604,0.03766172379255295,0.05468204214207828,0.9858600983800896,2,60,,Voxtral_CN,"Yes, it is really expensive.","I won't say a word, he is really precious."
00305_0007_angry_0007_000378,0007,angry,happy,neutral,neutral,neutral,happy,happy,happy,True,True,True,True,True,0.7,0.42818260192871094,False,0.008000001311302185,0.7760630249977112,22.133659668351115,1.8061497211456299,0.009486544877290726,1.691852331161499,0.02952054888010025,0.026405363394394518,0.9947476420330904,4,60,,Voxtral_CN,"Yes, it's Chen Meng. The other two people asked her:","Right, it's a toast. Two people asked her,"
00306_0007_angry_0007_000469,0007,angry,happy,neutral,happy,happy,happy,happy,happy,True,True,True,True,True,0.42857142857142855,0.4890625774860382,False,0.008000001311302185,0.5359839200973511,23.009760311523028,0.9676090478897095,0.014309550635516644,2.1056063175201416,0.02392890676856041,0.035365853099785745,0.9852114336190584,0,60,,Voxtral_CN,But I want to go on Monday.,"But I want to go, let's go."
00307_0007_angry_0007_000683,0007,angry,happy,neutral,neutral,neutral,happy,happy,happy,True,True,True,True,True,1.0,0.8336024284362793,True,0.008000001311302185,0.8058779835700989,15.794314920171908,2.367227792739868,0.020412884652614594,2.3714728355407715,0.04005856066942215,0.044128013593629,0.9913768819734123,3,60,,Voxtral_CN,"""出去这圈，就没电了。""","""受了折腾，就没了电了，好害怕。"""
00308_0007_angry_0007_000448,0007,angry,happy,neutral,neutral,neutral,happy,happy,happy,True,True,True,True,True,1.25,-0.004762221127748489,False,0.008000001311302185,0.5975357294082642,24.174620064098853,2.272122383117676,0.018218835815787315,2.6782658100128174,0.023958571255207062,0.04500173350162804,0.9919815781266199,7,60,,Voxtral_CN,I can only play with the landlord's dog.,Guo Zhiwei is happy to be the host of the show.
00309_0007_angry_0007_000675,0007,angry,happy,neutral,neutral,neutral,happy,happy,happy,True,True,True,True,True,0.6,0.7363343834877014,False,0.008000001311302185,0.7534361481666565,19.642388555676177,2.3393497467041016,0.031445857137441635,1.5053564310073853,0.03753822669386864,0.046499796829782426,0.986557864132225,4,60,,Voxtral_CN,"Go ahead and give your opinion, I will correct it.",I will correct it.
00310_0007_angry_0007_000688,0007,angry,happy,neutral,neutral,neutral,happy,happy,happy,True,True,True,True,True,1.0,0.5176092386245728,False,0.008000001311302185,0.7626852989196777,15.987751274925564,2.2899158000946045,0.013494241051375866,2.2708914279937744,0.03983969986438751,0.03620355372831225,0.9941071016450393,7,60,,Voxtral_CN,Young people should definitely take responsibility.,Young people should definitely go out to enjoy the day.
00311_0007_angry_0007_000677,0007,angry,happy,angry,neutral,neutral,happy,happy,happy,True,True,True,True,True,0.9090909090909091,0.2909942865371704,False,0.008000001311302185,0.818294107913971,16.52243294779836,1.8748350143432617,0.01596257835626602,2.6893155574798584,0.04128093644976616,0.042856146740429105,0.9914858756988505,7,60,,Voxtral_CN,"I don't like to be confused, I don't understand, you know?","This is me, I never wait, I just go."
00312_0007_angry_0007_000509,0007,angry,happy,neutral,neutral,neutral,happy,happy,happy,True,True,True,True,True,0.5714285714285714,0.7319382429122925,False,0.008000001311302185,0.8049420714378357,19.861722012863595,3.9041056632995605,0.020263364538550377,1.8570594787597656,0.03456559777259827,0.03883430498212576,0.9948097294781144,11,60,,Voxtral_CN,I won't sell my health for money.,I won't let my health ruin my fun.
00313_0007_angry_0007_000430,0007,angry,happy,neutral,neutral,happy,happy,happy,happy,True,True,True,True,True,0.75,0.9490760564804077,True,0.00800000037997961,0.5730269551277161,22.097582368278843,1.0868639945983887,0.027622556313872337,0.5249732732772827,0.019133489578962326,0.032872480381540954,0.9745850847473522,1,60,,Voxtral_CN,"Look, we're almost ready.","Look, we're almost ready to go."
00314_0007_angry_0007_000600,0007,angry,happy,neutral,neutral,neutral,happy,happy,happy,True,True,True,True,True,0.6666666666666666,0.3621053695678711,False,0.008000001311302185,0.7923600077629089,13.223761006945319,2.51853609085083,0.018307315185666084,2.009403705596924,0.04036587476730347,0.03840175590038299,0.992730969688236,5,60,,Voxtral_CN,"I don't need to turn my head, I don't need a neck.","I don't need to drink, I just want to drink water."
00315_0007_angry_0007_000659,0007,angry,happy,neutral,happy,happy,happy,happy,happy,True,True,True,True,True,6.0,0.4165964424610138,False,0.008000001311302185,0.4922422468662262,24.234314419453817,0.7405014038085938,0.024772044271230698,1.2593789100646973,0.02274972014129162,0.03736606086907908,0.9665469313848407,0,60,,Voxtral_CN,四个月了。,Already engaged for half a month.
00316_0007_angry_0007_000499,0007,angry,happy,neutral,happy,happy,happy,happy,happy,True,True,True,True,True,1.2,0.299330472946167,False,0.008000001311302185,0.5667049288749695,24.405413065158086,0.7606045603752136,0.036229971796274185,1.4044779539108276,0.01928781531751156,0.05027494421353564,0.9523668753992198,0,60,,Voxtral_CN,"Hello, Balawei, it's 4 o'clock.","You're good, Bailei, just four points."
00317_0007_angry_0007_000383,0007,angry,happy,neutral,neutral,neutral,happy,happy,happy,True,True,True,True,True,0.375,0.9450998306274414,True,0.008000001311302185,0.725563108921051,20.425150267460303,1.5404242277145386,0.02947726845741272,0.5688827633857727,0.030951863154768944,0.03516640560990199,0.9808641879768751,2,60,,Voxtral_CN,"I'm a monkey, I don't need to sleep.","I'm a monkey, no need for sleep."
00318_0007_angry_0007_000665,0007,angry,happy,neutral,neutral,neutral,happy,happy,happy,True,True,True,True,True,1.0,0.13906504213809967,False,0.008000001311302185,0.6494553089141846,23.58116219068407,3.763848066329956,0.042045708745718,3.5000569820404053,0.03615984320640564,0.07704664016455412,0.9888290632340226,12,60,,Voxtral_CN,I need to plug in to talk.,My son is almost ready to start kindergarten.
00319_0007_angry_0007_000632,0007,angry,happy,neutral,happy,happy,happy,happy,happy,True,True,True,True,True,0.36363636363636365,0.937686026096344,True,0.00800000037997961,0.5525940656661987,25.174359463895946,1.4369654655456543,0.028798965737223625,0.8631710410118103,0.013694415800273418,0.03743081309149973,0.9799584844397858,1,60,,Voxtral_CN,"Some people are rowing boats, some people are doing flower arrangement.","Some people are rowing boats, some are participating in flower festivals."
00320_0007_angry_0007_000684,0007,angry,happy,neutral,happy,happy,happy,happy,happy,True,True,True,True,True,0.8888888888888888,0.3544454574584961,False,0.008000001311302185,0.7915326356887817,16.530308492712933,2.139686346054077,0.03220001235604286,1.9163978099822998,0.035244859755039215,0.05136434290446341,0.9849510595721542,1,60,,Voxtral_CN,"I used to have one, I was too lucky.","I've heard you say it before, I'm too happy."
00321_0007_angry_0007_000567,0007,angry,happy,neutral,neutral,neutral,happy,happy,happy,True,True,True,True,True,0.8571428571428571,0.2908620238304138,False,0.008000001311302185,0.6629140973091125,22.119913855629683,3.9277992248535156,0.02616824209690094,3.031566858291626,0.0311278086155653,0.056484221957903355,0.9933376833695269,13,60,,Voxtral_CN,His feet are almost impossible to balance.,Khaled's fingers almost can't stop shaking.
00322_0007_angry_0007_000494,0007,angry,happy,sad,sad,sad,happy,happy,happy,True,True,True,True,True,2.6666666666666665,-0.036952510476112366,False,0.008000001311302185,0.8754252195358276,18.169645487461807,4.200169563293457,0.06870468705892563,2.5519275665283203,0.048114579170942307,0.09422444387000053,0.9836424015688898,5,60,,Voxtral_CN,"Yes, it is.",Eating less fat can help reduce the pain.
00323_0007_angry_0007_000556,0007,angry,happy,neutral,neutral,happy,happy,happy,happy,True,True,True,True,True,0.75,0.2630208134651184,False,0.008000001311302185,0.6914551258087158,22.394053294421216,1.3504104614257812,0.02494482509791851,1.8923760652542114,0.024977922439575195,0.04386883552968502,0.9815279681175001,2,60,,Voxtral_CN,"Yes, I know, ""Wan Nan Jian Jun Qing""","Yes, I know. Happiness is the greatest joy."
00324_0007_angry_0007_000442,0007,angry,happy,neutral,neutral,neutral,happy,happy,happy,True,True,True,True,True,8.0,0.5260868072509766,False,0.008000001311302185,0.7275296449661255,21.200168613125978,1.5484511852264404,0.019440721720457077,2.121551275253296,0.038876973092556,0.040656623242720964,0.9874450535438648,3,60,,Voxtral_CN,"""不会这么疼吧？我也是16。""",Isn't it a beautiful spring? I'm also 16.
00325_0007_neutral_0007_000228,0007,neutral,happy,neutral,happy,happy,happy,happy,happy,True,True,True,True,True,0.8888888888888888,0.39564526081085205,False,0.008000001311302185,0.6172961592674255,18.91233693879847,0.8520452380180359,0.03207659721374512,1.5616506338119507,0.017893657088279724,0.047693282488435504,0.9623534106142542,0,60,,Voxtral_CN,"Okay, there's a concert at the new music hall.","Good, new year's chime, a new year's party."
00326_0007_neutral_0007_000013,0007,neutral,happy,neutral,happy,happy,happy,happy,happy,True,True,True,True,True,0.7142857142857143,0.694454550743103,False,0.008000001311302185,1.0488542318344116,7.916187567774376,0.6595935821533203,0.022730564698576927,2.7831366062164307,0.04839974269270897,0.05056241475816817,0.9655385296133866,0,60,,Voxtral_CN,I was busy helping you on Saturday.,I'm very busy helping you.
00327_0007_neutral_0007_000077,0007,neutral,happy,neutral,happy,happy,happy,happy,happy,True,True,True,True,True,0.3333333333333333,0.9924881458282471,True,0.008000001311302185,0.41877123713493347,20.885018495537878,0.3242676556110382,0.015294866636395454,0.9810513257980347,0.010747789405286312,0.025105487372269853,0.9528325863781438,0,60,,Voxtral_CN,They got married and they came.,"They got married, they came."
00328_0007_neutral_0007_000255,0007,neutral,happy,neutral,neutral,happy,happy,happy,happy,True,True,True,True,True,0.8,0.2942277789115906,False,0.008000001311302185,0.9968112707138062,12.736998464745845,1.3404310941696167,0.01971573382616043,2.679469347000122,0.044918693602085114,0.04651087648309767,0.9852914977040471,3,60,,Voxtral_CN,"In the beginning, my job was to be a user.",This time my work was awarded the first prize.
00329_0007_neutral_0007_000041,0007,neutral,happy,neutral,neutral,neutral,happy,happy,happy,True,True,True,True,True,1.0,0.3127068877220154,False,0.008000001311302185,1.1003117561340332,4.750682439774857,2.8867223262786865,0.022393453866243362,1.8925379514694214,0.05567218363285065,0.0413193901027739,0.992242602046484,3,60,,Voxtral_CN,I'm too busy to talk to you about this.,脸上忙得海了，你看你好几个个个好。
00330_0007_neutral_0007_000321,0007,neutral,happy,angry,neutral,neutral,happy,happy,happy,True,True,True,True,True,1.0,0.17215299606323242,False,0.008000001311302185,1.0104347467422485,10.18515398328705,2.9309825897216797,0.0347180999815464,1.8015518188476562,0.037490006536245346,0.052733993070088324,0.9881547914671021,3,60,,Voxtral_CN,I don't like it when you make me dizzy.,服务员很高兴，你把我弄晕了。
00331_0007_neutral_0007_000042,0007,neutral,happy,neutral,happy,happy,happy,happy,happy,True,True,True,True,True,0.5714285714285714,0.495632529258728,False,0.008000001311302185,1.1378350257873535,6.18600324941842,0.5968775749206543,0.02695765160024166,1.6185261011123657,0.05100354179739952,0.043143422646783294,0.954835542943919,0,60,,Voxtral_CN,"I will warm your bed, tease you.",I will warmly hug you.
00332_0007_neutral_0007_000315,0007,neutral,happy,neutral,neutral,neutral,happy,happy,happy,True,True,True,True,True,1.0,0.2077409029006958,False,0.008000001311302185,0.8654056787490845,11.620123026182894,3.4802746772766113,0.0310965608805418,3.5479304790496826,0.03294680267572403,0.06657619513906539,0.9910649118922775,8,60,,Voxtral_CN,I need to plug in to talk.,I will ride a bike to the train station.
00333_0007_neutral_0007_000157,0007,neutral,happy,neutral,neutral,neutral,happy,happy,happy,True,True,True,True,True,0.7142857142857143,0.5570753216743469,False,0.008000001311302185,1.0202536582946777,11.461862232412425,3.1860909461975098,0.12936411798000336,2.7753376960754395,0.04057292267680168,0.15711790066998452,0.959397229970979,4,60,,Voxtral_CN,"You know, sometimes patients won't be reasonable.",Until sometimes patients receive a reward.
00334_0007_neutral_0007_000241,0007,neutral,happy,neutral,neutral,neutral,happy,happy,happy,True,True,True,True,True,2.0,0.2004721611738205,False,0.008000001311302185,1.1717976331710815,7.736263826105083,2.0242021083831787,0.024062884971499443,2.917938232421875,0.042963139712810516,0.05324269692711532,0.9881124098864221,4,60,,Voxtral_CN,Please do not enter the forest.,"In the midst of the vast and boundless sky, there are countless stars."
00335_0007_neutral_0007_000280,0007,neutral,happy,neutral,neutral,neutral,happy,happy,happy,True,True,True,True,True,1.5555555555555556,0.19012758135795593,False,0.008000001311302185,0.9824811220169067,8.236811859269826,3.354062557220459,0.015822969377040863,2.424988031387329,0.05573224648833275,0.04007340701337904,0.9952824465533662,6,60,,Voxtral_CN,You can't go to the middle of the river.,"Lưu Giang, you're not allowed to. I'll be happy to see you, Lưu Giang."
00336_0007_neutral_0007_000043,0007,neutral,happy,neutral,happy,happy,happy,happy,happy,True,True,True,True,True,1.0,0.2444033920764923,False,0.008000001311302185,0.8303206562995911,8.48105866598062,0.9010605812072754,0.01906757988035679,2.72969913482666,0.03535977005958557,0.04636492482632399,0.9788387370638173,0,60,,Voxtral_CN,So we can choose the youth hostel.,"So, we can choose a dreamy cruise to the sea."
00337_0007_neutral_0007_000210,0007,neutral,happy,neutral,neutral,neutral,happy,happy,happy,True,True,True,True,True,1.0,0.7589564323425293,False,0.008000001311302185,1.132644534111023,10.064714329036386,1.3833807706832886,0.043183691799640656,1.5937119722366333,0.04442548006772995,0.059121255776807664,0.9687839438607267,2,60,,Voxtral_CN,It doesn't mean that I like some of his songs.,"He's not bad, he has some songs I like all."
00338_0007_neutral_0007_000187,0007,neutral,happy,surprise,happy,surprise,happy,happy,happy,True,True,True,True,True,0.14285714285714285,0.8723082542419434,True,0.008000001311302185,0.7637919187545776,13.437141314254372,0.9647881984710693,0.017543908208608627,0.5387192964553833,0.02387130632996559,0.022931339886225758,0.9818157931073255,0,60,,Voxtral_CN,Let's throw a surprise party for him.,Let's throw a party for him.
00339_0007_neutral_0007_000212,0007,neutral,happy,neutral,happy,neutral,happy,happy,happy,True,True,True,True,True,0.25,0.8707373142242432,True,0.008000001311302185,0.8168603777885437,12.139722147432296,0.7165206670761108,0.014306984841823578,0.6915242075920105,0.03513123095035553,0.021222578230053187,0.980032697590977,0,60,,Voxtral_CN,I will go with you all the way.,I will accompany you all the way.
00340_0007_neutral_0007_000245,0007,neutral,happy,surprise,surprise,surprise,happy,happy,happy,True,True,True,True,True,3.0,0.4977586567401886,False,0.008000001311302185,0.9585047960281372,9.214578711987059,2.9512686729431152,0.013301638886332512,3.5851287841796875,0.039558492600917816,0.0491533223130554,0.9954929081827485,6,60,,Voxtral_CN,Jacqueline suddenly shouted excitedly.,"In the city, the cheerful and lively people are shouting and singing."
00341_0007_neutral_0007_000022,0007,neutral,happy,neutral,happy,happy,happy,happy,happy,True,True,True,True,True,0.0,1.0000001192092896,True,0.008000001311302185,0.7080559134483337,8.851854792664637,0.2662206292152405,0.013103923760354519,0.47326937317848206,0.023706456646323204,0.017836854556705802,0.9507779551157174,0,60,,Voxtral_CN,I and my friend just got back from Bali.,I and my friend just got back from Bali.
00342_0007_neutral_0007_000128,0007,neutral,happy,neutral,neutral,neutral,happy,happy,happy,True,True,True,True,True,1.625,0.09361878037452698,False,0.008000001311302185,1.0267833471298218,11.70698225569621,3.932870864868164,0.030104923993349075,3.799553394317627,0.05024794861674309,0.06810096041601152,0.9923453057504957,7,60,,Voxtral_CN,These colors are not very suitable for you.,"This is the Xueyan, the love of the Tai Fu Shi and Yu."
00343_0007_neutral_0007_000260,0007,neutral,happy,sad,sad,sad,happy,happy,happy,True,True,True,True,True,1.0,0.47056642174720764,False,0.008000001311302185,1.2369638681411743,5.87367450661082,4.498378753662109,0.04793038219213486,1.8232474327087402,0.04724913462996483,0.06616332901056857,0.9893449651937123,3,60,,Voxtral_CN,"I'm very sad, I'm going to the bar.",I really miss you. I'm getting ready to go out.
00344_0007_neutral_0007_000024,0007,neutral,happy,sad,happy,happy,happy,happy,happy,True,True,True,True,True,1.1428571428571428,0.5344613790512085,False,0.008000001311302185,1.0089905261993408,7.0557364345980105,0.990330696105957,0.015159755945205688,2.31882381439209,0.03775833919644356,0.038348371672518554,0.9846922285608082,0,60,,Voxtral_CN,Your image is always in my mind.,Your actions always make me feel happy and excited.
00345_0007_neutral_0007_000107,0007,neutral,happy,neutral,neutral,neutral,happy,happy,happy,True,True,True,True,True,0.7777777777777778,0.3647221624851227,False,0.008000001311302185,0.9673789739608765,11.243623933986786,2.6278162002563477,0.01856151409447193,1.3296538591384888,0.028956620022654533,0.03185834225205705,0.9929365249774086,5,60,,Voxtral_CN,"My score is 2.42, but it's a bit fast.","My weight is 2.42 kg, and I'm very happy."
00346_0007_neutral_0007_000174,0007,neutral,happy,neutral,neutral,neutral,happy,happy,happy,True,True,True,True,True,0.45454545454545453,0.5317164063453674,False,0.008000001311302185,0.7551663517951965,13.839414382181962,2.075418472290039,0.016644179821014404,1.606078028678894,0.023799166083335876,0.03270519809946417,0.9919803258748829,5,60,,Voxtral_CN,He spent hundreds of thousands of dollars on this election campaign.,He raised hundreds of thousands of dollars in this baby penguin fundraiser.
00347_0007_neutral_0007_000074,0007,neutral,happy,neutral,neutral,surprise,happy,happy,happy,True,True,True,True,True,1.1428571428571428,0.7442883253097534,False,0.008000001311302185,0.950685441493988,12.431316868975488,1.6385349035263062,0.02361665666103363,1.024617075920105,0.03693719208240509,0.0338631967921555,0.9855867234746065,6,60,,Voxtral_CN,This year is the 27th Teacher's Day.,"This year, I will be teaching my 27th class."
00348_0007_neutral_0007_000072,0007,neutral,happy,angry,angry,angry,happy,happy,happy,True,True,True,True,True,3.6666666666666665,0.16005238890647888,False,0.008000001311302185,0.9741065502166748,8.676134429263973,4.22772741317749,0.05473879724740982,2.9965572357177734,0.03710808604955673,0.08470474068544805,0.9870524298523142,7,60,,Voxtral_CN,I'm pissed off.,All the teams have left the stage. I am really happy.
00349_0007_neutral_0007_000220,0007,neutral,happy,neutral,neutral,neutral,happy,happy,happy,True,True,True,True,True,1.0,0.5697194933891296,False,0.008000001311302185,0.9500152468681335,11.850807373787315,1.7587826251983643,0.02009742520749569,1.3283803462982178,0.032614827156066895,0.03338155481874943,0.9885731045328987,3,60,,Voxtral_CN,"So you must persist, the longer the better.","So you must persevere, the more you practice, the better you will be."
00350_0007_sad_0007_001292,0007,sad,happy,neutral,neutral,neutral,happy,happy,happy,True,True,True,True,True,0.8571428571428571,0.02992822602391243,False,0.008000001311302185,1.0785963535308838,13.472188327017387,2.435595989227295,0.026431873440742493,4.092597007751465,0.036449071019887924,0.06735820800896733,0.989147677382599,4,60,,Voxtral_CN,To prevent fish from eating people's bodies.,"To prevent you from being forgotten, it's me, Lili."
00351_0007_sad_0007_001264,0007,sad,happy,neutral,neutral,happy,happy,happy,happy,True,True,True,True,True,0.8571428571428571,0.6360082626342773,False,0.008000001311302185,0.9223601222038269,16.106223252391874,1.2233538627624512,0.02301020547747612,1.0164785385131836,0.028157677501440048,0.03317527243938297,0.9811908833757088,1,60,,Voxtral_CN,"Of course, I can't live without music.","Of course, I can't help but dance when I hear music."
00352_0007_sad_0007_001189,0007,sad,happy,neutral,happy,neutral,happy,happy,happy,True,True,True,True,True,1.8,0.40870025753974915,False,0.008000001311302185,0.8632149696350098,15.603572164637496,1.2808371782302856,0.018508993089199066,4.61443567276001,0.02581172250211239,0.06465360793402418,0.9855493005638916,2,60,,Voxtral_CN,Their cooperation deserves our learning.,It's worth us to go to the front line.
00353_0007_sad_0007_001251,0007,sad,happy,neutral,happy,neutral,happy,happy,happy,True,True,True,True,True,1.5,0.6388530135154724,False,0.008000001311302185,0.7749805450439453,14.387680793996134,1.5937551259994507,0.03311947360634804,2.3801798820495605,0.04318214952945709,0.056921704248338936,0.9792192206531234,5,60,,Voxtral_CN,a lot of pictures,Today is a big day for photos.
00354_0007_sad_0007_001068,0007,sad,happy,neutral,neutral,neutral,happy,happy,happy,True,True,True,True,True,0.42857142857142855,0.4332379698753357,False,0.008000001311302185,0.7777531147003174,19.90237081529791,1.4256166219711304,0.024272670969367027,1.6018012762069702,0.030255256220698357,0.040290986283998936,0.9829739141678873,2,60,,Voxtral_CN,"We don't agree, let's go play there.","We saw a rabbit, let's go play there."
00355_0007_sad_0007_001092,0007,sad,happy,neutral,neutral,happy,happy,happy,happy,True,True,True,True,True,0.5714285714285714,0.6251318454742432,False,0.008000001311302185,0.7381743788719177,18.994821214754538,1.1726138591766357,0.022004147991538048,1.8944002389907837,0.0286936666816473,0.0409484373181127,0.9812349582777501,1,60,,Voxtral_CN,"I will warm you up, don't you.","I will warm my nest now, finally."
00356_0007_sad_0007_001225,0007,sad,happy,sad,neutral,neutral,happy,happy,happy,True,True,True,True,True,1.2,0.2716914117336273,False,0.008000001311302185,0.8322150707244873,15.632867178193147,3.722625732421875,0.01767994463443756,1.5943024158477783,0.03248963877558708,0.033623293689303106,0.9952506789816511,4,60,,Voxtral_CN,"He's unemployed at the moment, so please don't upset him.","At this moment, it's a happy time. In the end, don't get angry."
00357_0007_sad_0007_001360,0007,sad,happy,neutral,happy,happy,happy,happy,happy,True,True,True,True,True,13.0,0.6543526649475098,False,0.00800000037997961,0.5530628561973572,18.92133559415436,0.6053124070167542,0.01197926513850689,1.821803331375122,0.0138484425842762,0.030197436936683954,0.9802097809335415,0,60,,Voxtral_CN,“今天我让你开，今天我不想错过。”,This time I made you too happy. I don't want to miss today.
00358_0007_sad_0007_001128,0007,sad,happy,neutral,neutral,neutral,happy,happy,happy,True,True,True,True,True,0.7777777777777778,0.6438571214675903,False,0.008000001311302185,0.69668048620224,20.008995007497376,3.170835494995117,0.024535436183214188,1.9195091724395752,0.017404846847057343,0.04373070195607841,0.9922621541792561,4,60,,Voxtral_CN,Their design is small and can be operated individually.,"Their design is small and cute, and it's very cute to operate."
00359_0007_sad_0007_001065,0007,sad,happy,neutral,happy,happy,happy,happy,happy,True,True,True,True,True,0.8571428571428571,0.7811976671218872,False,0.008000001311302185,0.7388321161270142,18.945701332542583,0.6328232884407043,0.017880341038107872,1.067452311515808,0.02266017720103264,0.028555090755037964,0.9717451279611318,0,60,,Voxtral_CN,I like to go hiking and climbing.,I really like autumn and climbing mountains.
00360_0007_sad_0007_001191,0007,sad,happy,neutral,neutral,surprise,happy,happy,happy,True,True,True,True,True,0.8,0.34887975454330444,False,0.008000001311302185,1.0692301988601685,15.651269046642398,1.6526455879211426,0.025614475831389427,1.1631754636764526,0.032581813633441925,0.03724655628629028,0.9845009262611412,2,60,,Voxtral_CN,You can go ask the fairy. The fairy can talk.,You can go to see Ling Wu. Ling Wu can talk now.
00361_0007_sad_0007_001289,0007,sad,happy,happy,happy,happy,happy,happy,happy,True,True,True,True,True,11.0,0.9077921509742737,True,0.00800000037997961,0.4759702980518341,21.13481684595849,0.21301701664924622,0.010351035743951797,0.4745601713657379,0.010765762999653816,0.015096745115239172,0.9514074701318542,0,60,,Voxtral_CN,食物也很美味，更不用提价钱了。,"The food is also very delicious, not to mention the price."
00362_0007_sad_0007_001291,0007,sad,happy,neutral,neutral,neutral,happy,happy,happy,True,True,True,True,True,2.0,0.42002108693122864,False,0.008000001311302185,0.9301420450210571,14.116231811306967,1.4000928401947021,0.019977089017629623,2.171616315841675,0.03661395609378815,0.04169361831560731,0.9857315969026371,5,60,,Voxtral_CN,Please do not enter the forest.,"""Quietly enter the bamboo grove, and let the rain wash away your worries."""
00363_0007_sad_0007_001184,0007,sad,happy,neutral,neutral,neutral,happy,happy,happy,True,True,True,True,True,1.0,0.5537983775138855,False,0.008000001311302185,0.926517128944397,15.182767485733017,2.7355804443359375,0.018168941140174866,2.1611416339874268,0.029067441821098328,0.039780648154467343,0.9933582866562034,2,60,,Voxtral_CN,I will be smarter if you teach me some things.,"It will teach me some things, it will make me laugh."
00364_0007_sad_0007_001312,0007,sad,happy,sad,sad,sad,happy,happy,happy,True,True,True,True,True,0.5555555555555556,0.5946640968322754,False,0.008000001311302185,0.9182466864585876,16.6917427313407,4.241130352020264,0.031869057565927505,1.5968143939971924,0.041774194687604904,0.047837619247846304,0.9924857160896395,6,60,,Voxtral_CN,He seems to have been dumped by his girlfriend.,"He laughed, he was dragged out by his girlfriend."
00365_0007_sad_0007_001152,0007,sad,happy,sad,sad,sad,happy,happy,happy,True,True,True,True,True,0.875,0.15426045656204224,False,0.008000001311302185,1.4247082471847534,10.687074418509601,4.497462272644043,0.0319475457072258,4.009337425231934,0.06661321222782135,0.07204158609166743,0.9928965394770407,5,60,,Voxtral_CN,"I met Mark yesterday, he looked very distressed.","That's right, Marco. I'm very happy."
00366_0007_sad_0007_001328,0007,sad,happy,happy,happy,surprise,happy,happy,happy,True,True,True,True,True,0.3333333333333333,0.9611123204231262,True,0.008000001311302185,0.8377553224563599,17.416332277278652,0.386039674282074,0.021914493292570114,0.8239448070526123,0.023882202804088593,0.03015418018512428,0.943232536051314,0,60,,Voxtral_CN,I'm so excited! I finally have my own apartment!,"I'm really excited, I finally have my own apartment."
00367_0007_sad_0007_001377,0007,sad,happy,angry,neutral,neutral,happy,happy,happy,True,True,True,True,True,1.0,0.41145873069763184,False,0.008000001311302185,0.9903409481048584,14.337110419100021,2.9529645442962646,0.019304266199469566,2.627173900604248,0.042662691324949265,0.045576431832425296,0.993462750429308,4,60,,Voxtral_CN,"I hate greedy people, and I don't understand them.","Don't like tofu, can't eat red, one bite, red."
00368_0007_sad_0007_001323,0007,sad,happy,neutral,neutral,neutral,happy,happy,happy,True,True,True,True,True,1.3333333333333333,0.023757390677928925,False,0.008000001311302185,0.9681841731071472,18.20359300238058,3.2377898693084717,0.015902604907751083,2.733449935913086,0.03076312504708767,0.04323741189813242,0.9950884382403891,5,60,,Voxtral_CN,But plum blossoms are often overlooked.,I was flattered by many people praising me.
00369_0007_sad_0007_001084,0007,sad,happy,neutral,neutral,happy,happy,happy,happy,True,True,True,True,True,0.7142857142857143,0.6932402849197388,False,0.008000001311302185,0.7904641628265381,18.348700791628435,1.712172508239746,0.01918908953666687,1.8585681915283203,0.025704529136419296,0.03777502849724144,0.9887925489725362,4,60,,Voxtral_CN,"That's right, Marta, she's definitely very brave.","That's Marta, she will definitely be happy."
00370_0007_sad_0007_001385,0007,sad,happy,neutral,happy,happy,happy,happy,happy,True,True,True,True,True,0.5,0.8691654205322266,True,0.008000001311302185,0.741672933101654,19.100793811029785,0.8066427707672119,0.018249280750751495,0.8985200524330139,0.03164633363485336,0.027234797738417985,0.9773762545055796,0,60,,Voxtral_CN,They will get married this summer.,She is getting married this summer.
00371_0007_sad_0007_001093,0007,sad,happy,neutral,neutral,neutral,happy,happy,happy,True,True,True,True,True,0.5714285714285714,0.32610994577407837,False,0.008000001311302185,0.8196623921394348,19.240064076594734,1.46334969997406,0.016070112586021423,0.8966533541679382,0.020672772079706192,0.0250368528554216,0.9890182691216554,1,60,,Voxtral_CN,"""Then we can choose the youth hostel.""",That way we can choose the amusement park.
00372_0007_sad_0007_001343,0007,sad,happy,neutral,neutral,happy,happy,happy,happy,True,True,True,True,True,1.1666666666666667,0.6446821689605713,False,0.008000001311302185,0.7549810409545898,15.380934982037171,1.1798183917999268,0.013933403417468071,2.945857286453247,0.028758879750967026,0.04339226387079806,0.988190213413938,3,60,,Voxtral_CN,I looked at the screen display.,This is the layout of the beautiful screen.
00373_0007_sad_0007_001056,0007,sad,happy,neutral,happy,neutral,happy,happy,happy,True,True,True,True,True,0.0,1.0,True,0.008000001311302185,0.5690065622329712,21.73705297525231,0.4442664086818695,0.012866383418440819,0.3906709849834442,0.01783163473010063,0.01677327158462256,0.9710390361121041,0,60,,Voxtral_CN,I like Beijing welcome you.,I like Beijing welcome you.
00374_0007_sad_0007_001253,0007,sad,happy,neutral,happy,happy,happy,happy,happy,True,True,True,True,True,0.2857142857142857,0.9912980794906616,True,0.008000001311302185,0.7198993563652039,17.86528850769866,0.6601368188858032,0.013217955827713013,0.5471802949905396,0.02540544793009758,0.01869001283209771,0.9799769450066084,0,60,,Voxtral_CN,Hope I can go there one day.,I hope I can go there one day.
00375_0007_surprise_0007_001721,0007,surprise,happy,angry,neutral,neutral,happy,happy,happy,True,True,True,True,True,0.5,0.6494135856628418,False,0.008000001311302185,0.892494797706604,17.1139122132801,2.852315902709961,0.02766510844230652,0.9422276616096497,0.03597152605652809,0.03708774477366358,0.9903008259302477,4,60,,Voxtral_CN,I don't like it. You've made me dizzy.,I really like you. You make me dizzy.
00376_0007_surprise_0007_001711,0007,surprise,happy,neutral,neutral,neutral,happy,happy,happy,True,True,True,True,True,0.3,0.5476422905921936,False,0.008000001311302185,0.8134521245956421,16.971277167110323,2.0842947959899902,0.02232467755675316,0.6309791207313538,0.0236588753759861,0.028634705352820453,0.9892890978763158,2,60,,Voxtral_CN,Let's take a break and have a cup of coffee.,Let's take a break and have a high-five.
00377_0007_surprise_0007_001522,0007,surprise,happy,neutral,neutral,neutral,happy,happy,happy,True,True,True,True,True,0.3,0.7041190266609192,False,0.008000001311302185,0.7905555963516235,19.74523053159202,3.2716033458709717,0.04021517187356949,1.1284722089767456,0.023009222000837326,0.05150012405555695,0.9877078094065638,6,60,,Voxtral_CN,"Tom is a good person, but he is a gambler.","Tom is a good person, and he is a great actor."
00378_0007_surprise_0007_001654,0007,surprise,happy,neutral,neutral,neutral,happy,happy,happy,True,True,True,True,True,1.5714285714285714,0.3281306028366089,False,0.008000001311302185,1.0398402214050293,19.755526705766936,3.6079115867614746,0.013713429681956768,3.7198402881622314,0.03599831089377403,0.05091219254668802,0.9961990671466907,4,60,,Voxtral_CN,"I didn't trick you, robots don't trick.",We can do it with you. I couldn't do it before.
00379_0007_surprise_0007_001514,0007,surprise,happy,neutral,neutral,neutral,happy,happy,happy,True,True,True,True,True,3.0,0.6238656640052795,False,0.008000001311302185,0.8984450697898865,16.75725871059114,4.695019721984863,0.0630454421043396,1.353413701057434,0.03131408989429474,0.0765798922558129,0.9865718472258757,3,60,,Voxtral_CN,I'm thirsty too.,I also have a little bit of a mouthful.
00380_0007_surprise_0007_001742,0007,surprise,happy,neutral,neutral,neutral,happy,happy,happy,True,True,True,True,True,0.9090909090909091,0.31663575768470764,False,0.008000001311302185,0.7398769855499268,22.05499806647998,2.3564701080322266,0.021065322682261467,2.5125808715820312,0.022068466991186142,0.04619135208275169,0.9910606450680369,2,60,,Voxtral_CN,"I need money, so I just took it from the bank.",I'm going to use the coupon from the weekly magazine.
00381_0007_surprise_0007_001540,0007,surprise,happy,neutral,neutral,neutral,happy,happy,happy,True,True,True,True,True,0.0,1.0000001192092896,True,0.008000001311302185,0.7491621375083923,20.335228798477388,2.0732340812683105,0.0298354160040617,0.6160899996757507,0.035132527351379395,0.03599666732609272,0.985609239075498,6,60,,Voxtral_CN,I know I'm a big mouth.,I know I'm a big mouth.
00382_0007_surprise_0007_001704,0007,surprise,happy,neutral,happy,neutral,happy,happy,happy,True,True,True,True,True,0.5,0.6929410099983215,False,0.008000001311302185,0.577206552028656,20.60712043600859,1.0337038040161133,0.019611231982707977,1.2759028673171997,0.021071938797831535,0.032370471375267953,0.9810281901773844,1,60,,Voxtral_CN,I just got back from Sognan.,I just got back from the Super Bowl.
00383_0007_surprise_0007_001405,0007,surprise,happy,surprise,happy,surprise,happy,happy,happy,True,True,True,True,True,0.5,0.9755386710166931,True,0.008000001311302185,0.677394449710846,18.087972794952428,1.016852855682373,0.012096982449293137,0.7678138613700867,0.0202716663479805,0.019775323779657485,0.9881035074232296,1,60,,Voxtral_CN,"We sailed a boat on the Three Gorges, it was really exciting.",We took a boat to sail around the Three Gorges. It was really exciting.
00384_0007_surprise_0007_001575,0007,surprise,happy,sad,neutral,neutral,happy,happy,happy,True,True,True,True,True,1.0,0.10560854524374008,False,0.008000001311302185,0.9016467332839966,17.40881436949911,4.120410919189453,0.023349402472376823,2.285135269165039,0.029281869530677795,0.04620104798272252,0.9943332344927942,11,60,,Voxtral_CN,"He's unemployed at the moment, you'd better not bother him.","She's getting married, I'm so happy for her."
00385_0007_surprise_0007_001604,0007,surprise,happy,neutral,neutral,surprise,happy,happy,happy,True,True,True,True,True,0.9,0.5328121185302734,False,0.008000001311302185,0.9377378225326538,15.860205948018475,1.4779481887817383,0.030174296349287033,1.53484308719635,0.0358327180147171,0.04552308554843068,0.9795836575474547,2,60,,Voxtral_CN,"You just bought clothes yesterday, you really are a shopaholic.",You looked great yesterday in that dress. You really are a beauty queen.
00386_0007_surprise_0007_001664,0007,surprise,happy,neutral,happy,surprise,happy,happy,happy,True,True,True,True,True,0.0,0.9999999403953552,True,0.008000001311302185,0.48802998661994934,26.007422305895936,0.8543736934661865,0.023749327287077904,0.7176733016967773,0.013829614967107773,0.030926198600195347,0.9722026468409543,0,60,,Voxtral_CN,Sounds like a great idea.,Sounds like a great idea.
00387_0007_surprise_0007_001466,0007,surprise,happy,neutral,neutral,neutral,happy,happy,happy,True,True,True,True,True,0.42857142857142855,0.8774912357330322,True,0.008000001311302185,0.7717564105987549,21.823713080790128,1.1222906112670898,0.016524534672498703,0.6355235576629639,0.01665126532316208,0.022879936761781575,0.9852760644109442,1,60,,Voxtral_CN,"We can go fishing, chatting and camping.","We can go fishing, chat, and play games."
00388_0007_surprise_0007_001486,0007,surprise,happy,surprise,surprise,surprise,happy,happy,happy,True,True,True,True,True,2.4285714285714284,0.7552975416183472,False,0.008000001311302185,0.8472825884819031,20.25020319119095,3.7423105239868164,0.030407702550292015,1.5086071491241455,0.03460460528731346,0.04549412008758635,0.9918746180052698,21,60,,Voxtral_CN,"Really surprised, swimming has so many benefits.","Just like that, I can't wait to go swimming. I can see there are so many benefits to it."
00389_0007_surprise_0007_001707,0007,surprise,happy,neutral,neutral,happy,happy,happy,happy,True,True,True,True,True,0.3333333333333333,0.48110830783843994,False,0.008000001311302185,0.7457025051116943,20.062704035798117,1.3858073949813843,0.02184211276471615,1.6905182600021362,0.02473185770213604,0.03874754268331453,0.9842387096187999,3,60,,Voxtral_CN,"Sometimes, inner beauty is more important.","Sometimes, please, is more important."
00390_0007_surprise_0007_001646,0007,surprise,happy,neutral,neutral,neutral,happy,happy,happy,True,True,True,True,True,1.0,0.14571505784988403,False,0.008000001311302185,1.1288963556289673,14.968592516759902,2.658186197280884,0.0330684594810009,2.992884635925293,0.035248976200819016,0.06299765833001583,0.9875597655593775,2,60,,Voxtral_CN,"Yes, for men, a belt is a must.","For the little girls, it's a real treasure."
00391_0007_surprise_0007_001504,0007,surprise,happy,sad,neutral,neutral,happy,happy,happy,True,True,True,True,True,9.0,0.13315799832344055,False,0.008000001311302185,0.7091791033744812,22.738770227124043,3.6996803283691406,0.025739561766386032,3.2644081115722656,0.031709350645542145,0.05838395997561514,0.9930427605950127,8,60,,Voxtral_CN,没有找到忠于的纪时。,"Every time he caught a fish, he would shout."
00392_0007_surprise_0007_001617,0007,surprise,happy,neutral,neutral,neutral,happy,happy,happy,True,True,True,True,True,1.5,0.2586778402328491,False,0.008000001311302185,0.8378973007202148,16.469270323232827,2.8925671577453613,0.021971747279167175,2.525108814239502,0.03064749762415886,0.04722314189653844,0.9924040666712495,4,60,,Voxtral_CN,Her shoulders are almost not level.,"Look at the bones, it's almost impossible not to be good."
00393_0007_surprise_0007_001509,0007,surprise,happy,neutral,neutral,neutral,happy,happy,happy,True,True,True,True,True,0.75,0.3492315113544464,False,0.008000001311302185,0.6767415404319763,19.95229630117896,4.001016616821289,0.031072838231921196,1.937806248664856,0.024703428149223328,0.05045114775285124,0.9922337642634916,1,60,,Voxtral_CN,I'm actually quite hungry.,I actually quite like it.
00394_0007_surprise_0007_001589,0007,surprise,happy,neutral,neutral,neutral,happy,happy,happy,True,True,True,True,True,0.75,0.7466279864311218,False,0.008000001311302185,0.8376092314720154,18.431290047491764,1.7458150386810303,0.020302914083003998,1.5042840242385864,0.02764570340514183,0.03534603078242391,0.9883705240055998,2,60,,Voxtral_CN,"I'm a teacher, you are a good eye.","I'm your teacher, Yiling. You are very bright."
00395_0007_surprise_0007_001665,0007,surprise,happy,neutral,happy,happy,happy,happy,happy,True,True,True,True,True,0.2222222222222222,0.992941677570343,True,0.00800000037997961,0.5016383528709412,22.264846197439347,0.46643316745758057,0.017767421901226044,0.5484367609024048,0.010167311877012253,0.023251891183368862,0.9619078934757745,0,60,,Voxtral_CN,I must again thank you for your generous help.,I must thank you again for your generous help.
00396_0007_surprise_0007_001534,0007,surprise,happy,neutral,neutral,neutral,happy,happy,happy,True,True,True,True,True,1.125,0.38433390855789185,False,0.008000001311302185,0.8553472757339478,16.74887453850956,1.7509381771087646,0.01416144147515297,2.0134310722351074,0.029382877051830292,0.034296046026274556,0.9919120836701745,2,60,,Voxtral_CN,"""Teach me more things, I will be smarter.""","If you teach me how to write Chinese, I will be very smart."
00397_0007_surprise_0007_001546,0007,surprise,happy,neutral,neutral,neutral,happy,happy,happy,True,True,True,True,True,0.8333333333333334,0.14798761904239655,False,0.008000001311302185,0.6419726014137268,20.948627986253396,5.267442226409912,0.016264431178569794,1.814366102218628,0.020020384341478348,0.034408292404599486,0.9969122715580965,4,60,,Voxtral_CN,Now I'm still a little nervous.,Now I'm really happy to see you.
00398_0007_surprise_0007_001438,0007,surprise,happy,neutral,neutral,neutral,happy,happy,happy,True,True,True,True,True,0.8,0.7703017592430115,False,0.008000001311302185,1.0326427221298218,17.092397025273478,3.801278591156006,0.0192094799131155,1.801970362663269,0.042746253311634064,0.0372296110022813,0.9949465740401643,5,60,,Voxtral_CN,Of course. I'm almost starving.,Of course! I'm not hungry anymore.
00399_0007_surprise_0007_001475,0007,surprise,happy,neutral,happy,happy,happy,happy,happy,True,True,True,True,True,0.2857142857142857,0.9555598497390747,True,0.008000001311302185,0.4441114068031311,26.002826790205376,0.1280587911605835,0.008432655595242977,0.619927167892456,0.01322221290320158,0.014632059496296571,0.9341501234017696,0,60,,Voxtral_CN,I also want to see cute pandas.,I also want to go see the cute pandas.
00400_0008_angry_0008_000446,0008,angry,happy,neutral,happy,happy,happy,happy,happy,True,True,True,True,True,0.3333333333333333,0.8394876718521118,True,0.00800000037997961,0.3557109534740448,31.867565243855367,0.3702443540096283,0.024753239005804062,0.6890937089920044,0.008233271539211273,0.0316442584284395,0.9331435071521432,0,60,,Voxtral_CN,"Don't look down on my haircut, I like it.","Don't look at my hair, I like it."
00401_0008_angry_0008_000592,0008,angry,happy,neutral,neutral,neutral,happy,happy,happy,True,True,True,True,True,1.1428571428571428,0.7040019631385803,False,0.008000001311302185,0.6632549166679382,26.102038082342816,2.789172649383545,0.02411225251853466,2.8836452960968018,0.023174477741122246,0.05294893722428009,0.9913550519994293,4,60,,Voxtral_CN,To prevent fish from eating people's bodies.,"Knowing how to prevent fish from being eaten, people are happy."
00402_0008_angry_0008_000558,0008,angry,happy,neutral,neutral,neutral,happy,happy,happy,True,True,True,True,True,0.4444444444444444,0.7586007118225098,False,0.008000001311302185,0.5878022313117981,29.169675610687136,2.21016263961792,0.027948155999183655,1.3971116542816162,0.02525194361805916,0.041919525061435994,0.9873547061658706,4,60,,Voxtral_CN,You can stay there for at least a day.,You can stay there and enjoy yourself all day.
00403_0008_angry_0008_000433,0008,angry,happy,neutral,happy,happy,happy,happy,happy,True,True,True,True,True,1.0,0.8129547834396362,True,0.00800000037997961,0.4135305881500244,30.794603342554687,0.4736729860305786,0.022760262712836266,0.7265588045120239,0.01115415059030056,0.030025962299462406,0.9519494178809536,0,60,,Voxtral_CN,Every part of you is drawing me in.,You're drawing me in with every little thing.
00404_0008_angry_0008_000421,0008,angry,happy,neutral,happy,happy,happy,happy,happy,True,True,True,True,True,0.0,0.9999998807907104,True,0.008000001311302185,0.28139767050743103,35.829990734418,0.47933536767959595,0.023991381749510765,0.7613959908485413,0.007842972874641418,0.03160542008772493,0.9499486510547925,0,60,,Voxtral_CN,I like all movies that make me feel good.,I like all movies that make me feel good.
00405_0008_angry_0008_000617,0008,angry,happy,neutral,happy,happy,happy,happy,happy,True,True,True,True,True,1.0,0.9169435501098633,True,0.00800000037997961,0.42989030480384827,30.48399383834618,1.0659806728363037,0.02647854946553707,0.9367672801017761,0.01880571059882641,0.035846410323660816,0.9751603850423626,1,60,,Voxtral_CN,This is my first stock.,This is the first stock I've ever bought.
00406_0008_angry_0008_000521,0008,angry,happy,neutral,neutral,neutral,happy,happy,happy,True,True,True,True,True,0.9090909090909091,0.7415944337844849,False,0.008000001311302185,0.7287671566009521,25.179788890867446,2.840596914291382,0.046909626573324203,1.96456778049469,0.02401719056069851,0.06655554455017672,0.9834859967856346,12,60,,Voxtral_CN,"You're a little bit of a jerk, very unfortunate, very little.","You are a very stubborn little guy, very stubborn."
00407_0008_angry_0008_000514,0008,angry,happy,neutral,neutral,neutral,neutral,happy,happy,False,False,True,True,False,0.1111111111111111,0.7026656866073608,False,0.008000001311302185,0.5527650713920593,29.653769788127534,2.080744743347168,0.37100955843925476,1.0562242269515991,0.019757363945245743,0.3815719982824102,0.8216938624377182,11,60,,Voxtral_CN,I worked for six years in a recruitment company.,I worked for six years in a translation company.
00408_0008_angry_0008_000520,0008,angry,happy,neutral,neutral,happy,happy,happy,happy,True,True,True,True,True,0.2857142857142857,0.5924356579780579,False,0.008000001311302185,0.4551805257797241,30.814199702526544,1.1817935705184937,0.07978381961584091,1.2876611948013306,0.01462101936340332,0.09266057777404785,0.9324892082626266,1,60,,Voxtral_CN,So you have time to play soccer.,So you have time to play baseball again.
00409_0008_angry_0008_000491,0008,angry,happy,neutral,neutral,neutral,happy,happy,happy,True,True,True,True,True,0.5555555555555556,0.5900737643241882,False,0.008000001311302185,0.5900235176086426,30.447970655966916,1.4423978328704834,0.0629558116197586,1.4507648944854736,0.02398064360022545,0.07746370037104934,0.9563533650806507,4,60,,Voxtral_CN,"You can ask the English, the English can speak.",You can ask Yimou. Yimou can talk.
00410_0008_angry_0008_000479,0008,angry,happy,neutral,neutral,happy,happy,happy,happy,True,True,True,True,True,0.7142857142857143,0.6145136952400208,False,0.00800000037997961,0.5119616389274597,30.208997216955847,1.1778392791748047,0.03786119446158409,0.8737074136734009,0.020130909979343414,0.046598469907417894,0.9678553813487103,3,60,,Voxtral_CN,"To others, no, but to me, yes.","To others, there is none, but to me, there is."
00411_0008_angry_0008_000387,0008,angry,happy,neutral,happy,neutral,happy,happy,happy,True,True,True,True,True,0.5555555555555556,0.6793897151947021,False,0.008000001311302185,0.2895474135875702,35.55044241407256,0.4808577001094818,0.016372334212064743,2.2851107120513916,0.006402013823390007,0.03922350535271689,0.9659518102583423,0,60,,Voxtral_CN,"I and my wife, Panzer, hope to meet you.",I and my wife are looking forward to meeting you.
00412_0008_angry_0008_000440,0008,angry,happy,neutral,neutral,neutral,happy,happy,happy,True,True,True,True,True,0.625,0.6850101351737976,False,0.008000001311302185,0.7679505944252014,24.807705998185725,2.7304494380950928,0.08391761034727097,1.8982341289520264,0.037378959357738495,0.10290032542638482,0.9692660083074761,12,60,,Voxtral_CN,"Not too bad, but need to lie down.","Not too bad, especially lying in bed."
00413_0008_angry_0008_000579,0008,angry,happy,neutral,happy,happy,happy,happy,happy,True,True,True,True,True,0.8571428571428571,0.853054404258728,True,0.00800000037997961,0.4194266200065613,27.17191333295804,1.2270469665527344,0.026206813752651215,0.6550219058990479,0.016557086259126663,0.03275719838250428,0.97864237110151,3,60,,Voxtral_CN,This is a good spot. Get out.,This is a good spot. Let's get out of the car.
00414_0008_angry_0008_000417,0008,angry,happy,neutral,neutral,neutral,happy,happy,happy,True,True,True,True,True,0.8333333333333334,0.523644208908081,False,0.008000001311302185,0.5275418758392334,27.968129268895435,1.2804069519042969,0.024235989898443222,1.3412089347839355,0.017233598977327347,0.03764825158227235,0.9810716508041463,3,60,,Voxtral_CN,You're deeply ingrained in my mind.,You have won my heart.
00415_0008_angry_0008_000399,0008,angry,happy,neutral,neutral,neutral,happy,happy,happy,True,True,True,True,True,1.0,0.3899606466293335,False,0.008000001311302185,0.6367961764335632,25.20446111075338,2.520339250564575,0.07547857612371445,1.3161789178848267,0.03104984387755394,0.08864067580100149,0.9700522157456356,14,60,,Voxtral_CN,"Here are some examples:

**Craft:**
- Origami: Create a simple crane or a flower.
- Paper Chains: Make a colorful chain using strips of paper.
- Paper Plate Crafts: Use a paper plate to create a mask, a hat, or a flower pot.

**Writing:**
- Write a short story or poem.
- Create a list of things you're grateful for.
- Write a letter to a friend or family member.",dei me alcuni fiori e dei fiori di carta.
00416_0008_angry_0008_000522,0008,angry,happy,neutral,neutral,neutral,happy,happy,happy,True,True,True,True,True,0.7272727272727273,0.15996100008487701,False,0.008000001311302185,0.5503483414649963,30.23440947252105,1.7114086151123047,0.028439413756132126,1.7097301483154297,0.01925749145448208,0.045536907814200965,0.983382452615347,3,60,,Voxtral_CN,"I'm a student, my computer wants to turn off the monitor.",I'm a student. My classmates want to have a party.
00417_0008_angry_0008_000576,0008,angry,happy,surprise,happy,happy,happy,happy,happy,True,True,True,True,True,0.6363636363636364,0.7472777962684631,False,0.008000001311302185,0.6072877049446106,30.507923903075366,0.8081475496292114,0.040637046098709106,1.574887990951538,0.015621429309248924,0.05638608222251758,0.9497158085582839,0,60,,Voxtral_CN,You're going to be a dad! That's what people are saying!,You're going to be a dad soon. Call people to send you messages.
00418_0008_angry_0008_000377,0008,angry,happy,neutral,neutral,neutral,happy,happy,happy,True,True,True,True,True,0.6363636363636364,0.550719141960144,False,0.008000001311302185,0.5673120021820068,29.416726998828153,2.9391303062438965,0.2433837354183197,2.266767740249634,0.01776907965540886,0.2660515905116126,0.9171919207184266,3,60,,Voxtral_CN,The factory does not directly put it into the big box.,The factory did not hesitate to put him directly into the main stage.
00419_0008_angry_0008_000464,0008,angry,happy,neutral,neutral,neutral,happy,happy,happy,True,True,True,True,True,0.6666666666666666,0.491469144821167,False,0.008000001311302185,0.7668116092681885,25.115974095855176,4.339673042297363,0.269263356924057,2.070732355117798,0.03530134633183479,0.2899710334886983,0.9379530775015454,19,60,,Voxtral_CN,I'm feeling a bit nauseous too.,I'm thirsty too.
00420_0008_angry_0008_000561,0008,angry,happy,neutral,neutral,happy,happy,happy,happy,True,True,True,True,True,1.5,0.19427837431430817,False,0.008000001311302185,0.48543795943260193,29.66207197829422,1.1086180210113525,0.04145067557692528,2.4755468368530273,0.017295926809310913,0.06620631690472364,0.9626104981235004,1,60,,Voxtral_CN,I'm allergic to flowers.,I think I'm already in the queue.
00421_0008_angry_0008_000645,0008,angry,happy,neutral,happy,neutral,happy,happy,happy,True,True,True,True,True,0.0,1.0,True,0.008000001311302185,0.7125068306922913,26.39642389759979,1.1045531034469604,0.02369389310479164,0.7976239919662476,0.01912277191877365,0.0316703242521733,0.9785488873003475,2,60,,Voxtral_CN,I like many books.,I like many books.
00422_0008_angry_0008_000487,0008,angry,happy,neutral,neutral,neutral,neutral,happy,happy,False,False,True,True,False,1.1111111111111112,0.5865396857261658,False,0.008000001311302185,0.6404852867126465,28.590002240277094,3.1590936183929443,0.716059148311615,1.3466522693634033,0.026898663491010666,0.7295259399918839,0.7733339891725399,9,60,,Voxtral_CN,Maybe it can help you to understand the situation.,Maybe you can wrap it up and make it clear to the audience.
00423_0008_angry_0008_000401,0008,angry,happy,neutral,neutral,neutral,happy,happy,happy,True,True,True,True,True,1.0,0.7780129909515381,False,0.008000001311302185,0.7974704504013062,24.76304554892526,2.9526710510253906,0.1785498559474945,1.8375588655471802,0.03405299782752991,0.1969257851329446,0.9395293776848292,6,60,,Voxtral_CN,No problem. Maybe his wife will leak the secret.,"No problem! Don't worry, her husband will send a secret message."
00424_0008_angry_0008_000368,0008,angry,happy,neutral,neutral,happy,happy,happy,happy,True,True,True,True,True,0.5,0.7000464200973511,False,0.008000001311302185,0.5440556406974792,27.530216878410087,1.0803812742233276,0.037999410182237625,0.831889271736145,0.015615217387676239,0.04631845905177295,0.9648277778513378,1,60,,Voxtral_CN,We don't agree. Let's go play.,We don't have any problems. Let's go play.
00425_0008_neutral_0008_000162,0008,neutral,happy,neutral,neutral,neutral,happy,happy,happy,True,True,True,True,True,1.75,-0.04158194363117218,False,0.008000001311302185,1.0169247388839722,8.776623294979705,2.5551183223724365,0.029085353016853333,4.4213175773620605,0.04372121021151543,0.07329896600257606,0.9886168273452607,2,60,,Voxtral_CN,You're also playing this.,I think it was a good year.
00426_0008_neutral_0008_000212,0008,neutral,happy,neutral,happy,happy,happy,happy,happy,True,True,True,True,True,0.25,0.8495792150497437,True,0.008000001311302185,0.6909909844398499,15.487132124785386,0.8231475353240967,0.014727125875651836,0.7039345502853394,0.025588905438780785,0.021766727267559616,0.9821087651439625,0,60,,Voxtral_CN,I will be with you all the way.,I will accompany you all the way.
00427_0008_neutral_0008_000072,0008,neutral,happy,angry,angry,angry,happy,happy,happy,True,True,True,True,True,1.25,-0.09056452661752701,False,0.008000001311302185,0.8590309619903564,8.38063888369858,4.231939315795898,0.02378670498728752,3.79072642326355,0.04608616977930069,0.06169443008162081,0.9943792424200171,5,60,,Voxtral_CN,"All the data is gone, I'm so mad.","Lu Liudao will see me again, and will accept me."
00428_0008_neutral_0008_000193,0008,neutral,happy,neutral,happy,neutral,happy,happy,happy,True,True,True,True,True,1.25,0.8210064172744751,True,0.008000001311302185,0.6579474806785583,15.175379834804431,0.5730282664299011,0.015185598284006119,0.9254481196403503,0.02767370268702507,0.024440356217436492,0.9734993905647693,0,60,,Voxtral_CN,Take your girlfriend out for a nice meal.,"When you go out with your girlfriend, you should have a good meal."
00429_0008_neutral_0008_000052,0008,neutral,happy,neutral,neutral,neutral,happy,happy,happy,True,True,True,True,True,0.5555555555555556,0.4405750036239624,False,0.008000001311302185,0.8851941823959351,10.630441215127382,4.316983699798584,0.022553054615855217,1.899223804473877,0.02853367291390896,0.04154557799732313,0.9947757378335926,6,60,,Voxtral_CN,You shouldn't be afraid to start a new relationship.,You don't have to be afraid to start a revolution.
00430_0008_neutral_0008_000095,0008,neutral,happy,neutral,happy,happy,happy,happy,happy,True,True,True,True,True,0.0,1.0,True,0.008000001311302185,0.7805781960487366,11.8547345972741,0.856985330581665,0.04511672258377075,0.6313034296035767,0.028801513835787773,0.051430044894944876,0.9473541483456333,0,60,,Voxtral_CN,"I do have a hobby, collecting antiques.","I do have a hobby, collecting antiques."
00431_0008_neutral_0008_000097,0008,neutral,happy,neutral,neutral,happy,happy,happy,happy,True,True,True,True,True,2.8333333333333335,0.4511866569519043,False,0.008000001311302185,0.9193041920661926,9.097531428527022,1.2415072917938232,0.008928348310291767,3.5127570629119873,0.03935903683304787,0.04405631252977997,0.9928084608368337,3,60,,Voxtral_CN,Your daughter looks like her mom.,"""Lulu's ear fell off and she said to her mom, 'Mom, I'm okay, it's just a little thing.'"""
00432_0008_neutral_0008_000228,0008,neutral,happy,neutral,happy,happy,happy,happy,happy,True,True,True,True,True,0.8,0.8814419507980347,True,0.008000001311302185,0.6119650602340698,16.33101460505052,0.887204110622406,0.025836773216724396,1.0332129001617432,0.01708282344043255,0.03616907304657623,0.9708784338266885,0,60,,Voxtral_CN,"Okay, there's a music concert in the new music hall.","Good, the new music hall has a music party."
00433_0008_neutral_0008_000288,0008,neutral,happy,neutral,neutral,neutral,happy,happy,happy,True,True,True,True,True,0.4444444444444444,0.935081422328949,True,0.008000001311302185,1.0017012357711792,12.414451659394796,1.786635160446167,0.03236166387796402,0.6908495426177979,0.037587739527225494,0.039270535181537274,0.9818868090170785,3,60,,Voxtral_CN,"I'm always here, have you ever dreamt of me?","I'm always there, haven't you dreamed of me?"
00434_0008_neutral_0008_000152,0008,neutral,happy,neutral,neutral,neutral,happy,happy,happy,True,True,True,True,True,1.1111111111111112,0.1387365460395813,False,0.008000001311302185,1.0260319709777832,8.052698873443266,3.231255531311035,0.027400825172662735,2.5772087574005127,0.047888822853565216,0.0531733916348964,0.991520068621269,3,60,,Voxtral_CN,"Be careful, there is a hole under the road.","Just climb up, bring your heart up, there's a view."
00435_0008_neutral_0008_000038,0008,neutral,happy,neutral,neutral,neutral,happy,happy,happy,True,True,True,True,True,1.4,0.13376924395561218,False,0.008000001311302185,1.086614966392517,6.667787785894815,3.6838443279266357,0.019580284133553505,2.635835886001587,0.05002499744296074,0.045939143243543805,0.9946848231383941,6,60,,Voxtral_CN,"Of course, I'm almost starving.","Of course, I went to meet her to rehearse."
00436_0008_neutral_0008_000294,0008,neutral,happy,neutral,neutral,happy,happy,happy,happy,True,True,True,True,True,0.2,0.6487827301025391,False,0.008000001311302185,0.8156991600990295,14.23010818904907,1.4154003858566284,0.05093846842646599,1.294245958328247,0.034958191215991974,0.06388127759166061,0.9640112656916954,2,60,,Voxtral_CN,"I'm silver grey, I'm starving.","I'm silver grey, I'm full."
00437_0008_neutral_0008_000124,0008,neutral,happy,neutral,neutral,happy,happy,happy,happy,True,True,True,True,True,0.2857142857142857,0.9643577933311462,True,0.008000001311302185,0.788128137588501,10.56431825621888,1.2113921642303467,0.019388636574149132,0.5154188871383667,0.029509644955396652,0.024543120541982353,0.9839947482354175,2,60,,Voxtral_CN,"Yes, please refund my money, thank you.","Yes, you can refund my money, thank you."
00438_0008_neutral_0008_000080,0008,neutral,happy,neutral,neutral,happy,happy,happy,happy,True,True,True,True,True,0.4,0.5875672698020935,False,0.008000001311302185,0.9267942905426025,7.99614194688687,0.8637518882751465,0.029666198417544365,0.5659887790679932,0.034461114555597305,0.035326430819369856,0.9656542592609716,0,60,,Voxtral_CN,"Look, we're almost done decorating.","Look, we're almost ready."
00439_0008_neutral_0008_000316,0008,neutral,happy,neutral,neutral,neutral,happy,happy,happy,True,True,True,True,True,6.0,0.32031601667404175,False,0.008000001311302185,0.8725919127464294,14.28553056504475,3.3905513286590576,0.03648889809846878,0.7846705317497253,0.03769836947321892,0.04433598039966077,0.9892380635001624,3,60,,Voxtral_CN,每次你看到一些时尚衣物时,"Every time you see some seaweed,"
00440_0008_neutral_0008_000118,0008,neutral,happy,neutral,neutral,neutral,happy,happy,happy,True,True,True,True,True,1.75,0.25126007199287415,False,0.008000001311302185,0.9209333062171936,9.139373079676272,1.844738483428955,0.026167627424001694,2.5769295692443848,0.04967271536588669,0.0519374198435992,0.9858149934751933,4,60,,Voxtral_CN,Your classmate tricked you.,Playing with you at the same time
00441_0008_neutral_0008_000049,0008,neutral,happy,neutral,neutral,neutral,happy,happy,happy,True,True,True,True,True,1.0,0.09483964741230011,False,0.008000001311302185,1.0265617370605469,7.030869246888595,3.1229665279388428,0.037125375121831894,2.2667970657348633,0.045099787414073944,0.05979379677705467,0.9881121444019015,3,60,,Voxtral_CN,"I can't physically send you anything, but I can certainly help you with some information about soccer and origami. Would you like to know more about either?",他最给我一件球和一朵花。
00442_0008_neutral_0008_000283,0008,neutral,happy,neutral,neutral,neutral,happy,happy,happy,True,True,True,True,True,0.8571428571428571,0.6390105485916138,False,0.008000001311302185,0.9037796258926392,13.56355070113716,2.3344078063964844,0.0392121896147728,1.6135684251785278,0.030834496021270752,0.055348182211518285,0.9832025109291839,3,60,,Voxtral_CN,I think all Chinese people play basketball.,I think all Chinese people will make it to the finals.
00443_0008_neutral_0008_000104,0008,neutral,happy,neutral,neutral,neutral,happy,happy,happy,True,True,True,True,True,0.875,0.035983856767416,False,0.008000001311302185,0.9117965698242188,8.849922494319035,3.810792922973633,0.15123331546783447,2.851503849029541,0.03812546655535698,0.17974873521279544,0.9603144756157928,9,60,,Voxtral_CN,I can't find the date of the event.,Layow found the buried giant iceberg.
00444_0008_neutral_0008_000018,0008,neutral,happy,neutral,neutral,neutral,happy,happy,happy,True,True,True,True,True,0.8571428571428571,0.522506058216095,False,0.008000001311302185,1.181257963180542,7.869007824240932,1.527383804321289,0.026141773909330368,1.1129754781723022,0.04422081634402275,0.037271970899216834,0.982884607107022,2,60,,Voxtral_CN,"We don't agree, let's go play there.",We can't wait to go there and play.
00445_0008_neutral_0008_000028,0008,neutral,happy,neutral,neutral,happy,happy,happy,happy,True,True,True,True,True,0.7,0.7169176936149597,False,0.008000001311302185,0.9260240197181702,11.121636218136167,1.4355096817016602,0.1136803850531578,1.491511344909668,0.03652738407254219,0.12859586377609522,0.9208083466783724,3,60,,Voxtral_CN,"Right, it's the door. The other two people asked him,","Yes, it's the door. When foreigners ask him, he says,"
00446_0008_neutral_0008_000139,0008,neutral,happy,neutral,happy,neutral,happy,happy,happy,True,True,True,True,True,0.3333333333333333,0.9810473918914795,True,0.008000001311302185,0.7640030980110168,12.73484752603959,1.4079712629318237,0.07582610100507736,0.6921150088310242,0.02358052507042885,0.0827474868986383,0.9461451359119473,3,60,,Voxtral_CN,Their cooperation is worth learning from.,Their cooperation is worth learning.
00447_0008_neutral_0008_000092,0008,neutral,happy,surprise,neutral,surprise,happy,happy,happy,True,True,True,True,True,0.5,0.7366869449615479,False,0.008000001311302185,0.8539448976516724,9.61954216222945,1.4087276458740234,0.032184384763240814,1.3481916189193726,0.03811592236161232,0.045666682111658155,0.9771535790771874,2,60,,Voxtral_CN,"It won't be so coincidental, I'm also 16.","It won't be so bad, I'll go to 16."
00448_0008_neutral_0008_000111,0008,neutral,happy,neutral,neutral,happy,happy,happy,happy,True,True,True,True,True,0.875,0.5624929666519165,False,0.008000001311302185,0.8795789480209351,9.512462832204964,1.550553560256958,0.03400043770670891,1.8738813400268555,0.03425559401512146,0.05273959366291761,0.9780720649849243,2,60,,Voxtral_CN,"Every morning, my mom helps him to remember.","Every morning, the breakfast was brought by my mother."
00449_0008_neutral_0008_000277,0008,neutral,happy,neutral,neutral,happy,happy,happy,happy,True,True,True,True,True,0.8333333333333334,0.553462564945221,False,0.008000001311302185,0.8811933398246765,11.376325496006947,1.7316335439682007,0.02116668038070202,2.0468409061431885,0.03506211191415787,0.04163544006325304,0.9877764666465189,3,60,,Voxtral_CN,"Yes, so I never drink it.","Yes, I can. I will never stop drinking it."
00450_0008_sad_0008_001310,0008,sad,happy,sad,sad,sad,happy,happy,happy,True,True,True,True,True,0.3333333333333333,0.3591672480106354,False,0.008000001311302185,1.1497491598129272,18.332966987263493,3.975097179412842,0.020128827542066574,1.1420103311538696,0.03249163180589676,0.03154925576992333,0.9949362678109319,5,60,,Voxtral_CN,I'm very sad. I'm going to the internet cafe.,I'm very happy. I'm going to the arcade.
00451_0008_sad_0008_001107,0008,sad,happy,neutral,neutral,neutral,happy,happy,happy,True,True,True,True,True,0.9,0.4289969205856323,False,0.008000001311302185,0.8434090614318848,19.512751037383143,1.7784007787704468,0.026801345869898796,1.8367953300476074,0.027927517890930176,0.045169578445553776,0.9849295242164543,8,60,,Voxtral_CN,"Dancing is so hard, I'm still learning the basic moves.","Dance well, Naya, Buddha is still practicing a book."
00452_0008_sad_0008_001168,0008,sad,happy,neutral,neutral,neutral,happy,happy,happy,True,True,True,True,True,1.0,0.46085065603256226,False,0.008000001311302185,0.8324875235557556,20.32202349351124,1.9776719808578491,0.05256493017077446,1.7608755826950073,0.02729450725018978,0.07017395894279703,0.9734208045219038,9,60,,Voxtral_CN,Your classmate tricked you.,美女同学把你给逗乐了吧。
00453_0008_sad_0008_001094,0008,sad,happy,neutral,happy,neutral,happy,happy,happy,True,True,True,True,True,0.6666666666666666,0.8641872406005859,True,0.008000001311302185,0.7392191290855408,19.31460961647932,0.673552393913269,0.024264652281999588,2.0353379249572754,0.019799966365098953,0.044618229531235995,0.9639751079481368,0,60,,Voxtral_CN,"Well, the Wall Street Journal is a good example.","For example, ""The Wall Street Journal is very good."""
00454_0008_sad_0008_001207,0008,sad,happy,neutral,neutral,neutral,happy,happy,happy,True,True,True,True,True,1.125,0.25513991713523865,False,0.008000001311302185,0.8977010846138,19.16279113444652,3.416131019592285,0.029662296175956726,1.7655826807022095,0.03050047717988491,0.04731842798775062,0.9913169910621586,14,60,,Voxtral_CN,"You know, sometimes patients will not be polite.",I know very well. Sometimes people will not tell the truth.
00455_0008_sad_0008_001204,0008,sad,happy,neutral,neutral,neutral,happy,happy,happy,True,True,True,True,True,1.2,0.14408308267593384,False,0.008000001311302185,0.9991788864135742,19.966840179767644,2.823530912399292,0.03632263466715813,2.4237310886383057,0.02516910992562771,0.06056019724464044,0.9871357403924107,5,60,,Voxtral_CN,"I can't speak other languages, I only know common language.",I won't say any more. The rain and the flowers are in harmony.
00456_0008_sad_0008_001083,0008,sad,happy,neutral,neutral,neutral,happy,happy,happy,True,True,True,True,True,0.8333333333333334,0.4247795343399048,False,0.008000001311302185,0.9243971705436707,8.60428865286675,2.1298296451568604,0.0341876819729805,1.5472568273544312,0.04117145389318466,0.049660661961063744,0.9839481612763153,2,60,,Voxtral_CN,"I'm a squirrel, don't bother me.","I'm a plum, no need to hide."
00457_0008_sad_0008_001360,0008,sad,happy,neutral,happy,happy,happy,happy,happy,True,True,True,True,True,0.0,1.0000001192092896,True,0.00800000037997961,0.3033924698829651,33.99398774207525,0.4255064129829407,0.016579002141952515,0.6574013829231262,0.004655248485505581,0.023153062523668635,0.9610370099342846,0,60,,Voxtral_CN,I let you play this game. I don't want to miss today.,I let you play this game. I don't want to miss today.
00458_0008_sad_0008_001279,0008,sad,happy,neutral,happy,happy,happy,happy,happy,True,True,True,True,True,0.5714285714285714,0.8313046097755432,True,0.00800000037997961,0.6282022595405579,23.539705351942033,0.8788635730743408,0.028976574540138245,0.6816283464431763,0.014926421456038952,0.035793007268784566,0.9670294964680631,0,60,,Voxtral_CN,This is a good spot. Get out.,This is a good spot. Get out of the car.
00459_0008_sad_0008_001056,0008,sad,happy,happy,happy,happy,happy,happy,happy,True,True,True,True,True,0.0,1.0,True,0.00800000037997961,0.4834594428539276,22.08918686440942,0.09762939810752869,0.017833221703767776,0.40691906213760376,0.013995341025292873,0.021902552278554067,0.817337584278392,0,60,,Voxtral_CN,"I like Beijing, welcome you.","I like Beijing, welcome you."
00460_0008_sad_0008_001190,0008,sad,happy,neutral,neutral,neutral,neutral,happy,happy,False,False,True,True,False,0.3333333333333333,0.9865255355834961,True,0.008000001311302185,0.725062370300293,23.301054361761715,1.868314266204834,0.20968085527420044,0.635662317276001,0.027518924325704575,0.2160377536362037,0.8877700293430121,9,60,,Voxtral_CN,I know I'm a big mouth.,I know I am a big mouth.
00461_0008_sad_0008_001218,0008,sad,happy,neutral,neutral,neutral,happy,happy,happy,True,True,True,True,True,0.6666666666666666,0.639344334602356,False,0.008000001311302185,0.9957082271575928,21.32385417383576,4.104840278625488,0.21793630719184875,0.6423177719116211,0.03222457319498062,0.22435980715669693,0.9469074818022335,15,60,,Voxtral_CN,"You have to answer me first, who do you like the most?","Minnie B. said to me, ""Who do you like the most?"""
00462_0008_sad_0008_001071,0008,sad,happy,neutral,happy,neutral,happy,happy,happy,True,True,True,True,True,1.375,0.4643173813819885,False,0.008000001311302185,0.7345830798149109,15.918268480678597,0.9700271487236023,0.01598435267806053,3.6862263679504395,0.019656067714095116,0.052846812918242066,0.9835217470984257,0,60,,Voxtral_CN,Already broadcast the last sound of the album.,"After the album was released, he gave an interview to the radio."
00463_0008_sad_0008_001127,0008,sad,happy,surprise,happy,surprise,happy,happy,happy,True,True,True,True,True,0.0,1.0,True,0.008000001311302185,0.6191092133522034,26.33569330846495,0.7875990271568298,0.031196657568216324,0.6918061375617981,0.01364065520465374,0.038114855350386355,0.9603901776252394,0,60,,Voxtral_CN,"They got married, they came.","They got married, they came."
00464_0008_sad_0008_001058,0008,sad,happy,neutral,neutral,neutral,happy,happy,happy,True,True,True,True,True,1.8,0.1406784951686859,False,0.008000001311302185,0.7298124432563782,22.64802644196299,3.6540746688842773,0.029872452840209007,2.438500165939331,0.01726742461323738,0.054257627173848445,0.9918248926069893,4,60,,Voxtral_CN,Shazam brought trouble to everyone.,I want to bring everyone a box of chocolates.
00465_0008_sad_0008_001266,0008,sad,happy,neutral,neutral,neutral,happy,happy,happy,True,True,True,True,True,8.0,0.43196991086006165,False,0.008000001311302185,0.7453030943870544,21.93741002643413,1.5547130107879639,0.015978455543518066,1.4275856018066406,0.01961653307080269,0.03025450772691518,0.9897225690962606,3,60,,Voxtral_CN,"""遇到喜欢的女孩要主动""","touched to like a child, should be voluntary."
00466_0008_sad_0008_001220,0008,sad,happy,neutral,happy,happy,happy,happy,happy,True,True,True,True,True,0.14285714285714285,0.9854170680046082,True,0.00800000037997961,0.4718778431415558,28.678463421636614,0.8797113299369812,0.01993461698293686,0.8755527138710022,0.008904026821255684,0.028690233161915095,0.9773395927680448,0,60,,Voxtral_CN,So you'll have time to play basketball.,So you have time to play basketball.
00467_0008_sad_0008_001130,0008,sad,happy,neutral,happy,happy,happy,happy,happy,True,True,True,True,True,0.0,1.0,True,0.00800000037997961,0.6869362592697144,24.242497705827283,0.6545014977455139,0.030495699495077133,0.5774073600769043,0.01353120431303978,0.03626990840788931,0.9534062189313207,0,60,,Voxtral_CN,"Look, we're almost ready.","Look, we're almost ready."
00468_0008_sad_0008_001139,0008,sad,happy,happy,happy,happy,happy,happy,happy,True,True,True,True,True,0.2222222222222222,0.9572248458862305,True,0.00800000037997961,0.36558470129966736,28.20477369358916,0.10595543682575226,0.02403535507619381,0.7823546528816223,0.005417762324213982,0.03185895578263328,0.7731560003313387,0,60,,Voxtral_CN,"It's an ice cream, the flower is really beautiful.","It's an ice cream, the flowers are really beautiful."
00469_0008_sad_0008_001088,0008,sad,happy,neutral,neutral,neutral,happy,happy,happy,True,True,True,True,True,3.25,0.346516489982605,False,0.008000001311302185,1.0092885494232178,13.74319931183421,3.710900068283081,0.022872624918818474,1.8730882406234741,0.0388437919318676,0.041603895762972534,0.9938363673238442,6,60,,Voxtral_CN,"Of course, I'm starving.","Sure, here's the transcript:

""Of course, come on, I'm hot and cold, bright and beautiful."""
00470_0008_sad_0008_001223,0008,sad,happy,neutral,happy,happy,happy,happy,happy,True,True,True,True,True,0.4444444444444444,0.5271469354629517,False,0.008000001311302185,0.6439194083213806,22.40897912510289,0.9855901598930359,0.024994907900691032,1.036553978919983,0.018428288400173187,0.035360631972774864,0.9746396535620814,0,60,,Voxtral_CN,"A set of calligraphy brushes, they are really precious.","A set of Baccarat, it's really precious."
00471_0008_sad_0008_001159,0008,sad,happy,neutral,neutral,neutral,happy,happy,happy,True,True,True,True,True,2.5,0.49912822246551514,False,0.008000001311302185,0.8572065830230713,18.67921495404638,4.729279518127441,0.03897895663976669,2.8235483169555664,0.04535313695669174,0.06721489334069193,0.9917579503409855,8,60,,Voxtral_CN,I'm actually quite hungry.,"If the chicken is quite hungry, it seems to be good."
00472_0008_sad_0008_001332,0008,sad,happy,neutral,happy,happy,happy,happy,happy,True,True,True,True,True,0.8181818181818182,0.4789871573448181,False,0.00800000037997961,0.5557146668434143,27.310576118971916,0.8563847541809082,0.010100707411766052,1.2102746963500977,0.008216692134737968,0.022203536542188377,0.9882054095866911,0,60,,Voxtral_CN,"Some people are riding boats, some people are doing gardening activities.","People are riding bikes, and some are participating in flower festivals."
00473_0008_sad_0008_001150,0008,sad,happy,neutral,happy,happy,happy,happy,happy,True,True,True,True,True,0.75,0.809558629989624,True,0.008000001311302185,0.6444164514541626,22.559312287153524,1.0212013721466064,0.03396601974964142,1.645761251449585,0.014993507415056229,0.05042378219921141,0.9667391557864405,2,60,,Voxtral_CN,Go to the bar near our dormitory often.,Come to our dormitory's bar.
00474_0008_sad_0008_001086,0008,sad,happy,neutral,neutral,neutral,happy,happy,happy,True,True,True,True,True,1.5,-0.0076731471344828606,False,0.008000001311302185,0.9475142359733582,12.053064935545422,3.599970817565918,0.03462042659521103,2.6006250381469727,0.03728020191192627,0.06062704977869987,0.9903831368781431,2,60,,Voxtral_CN,I have to be online all the time to work.,Fa dian wu bi qing yi zhong gong di da cheng dao gong pro le.
00475_0008_surprise_0008_001645,0008,surprise,happy,surprise,surprise,surprise,happy,happy,happy,True,True,True,True,True,2.0,0.48288995027542114,False,0.008000001311302185,0.671021580696106,27.32784897670495,2.549321174621582,0.023722268640995026,2.4069957733154297,0.019900601357221603,0.047792425380162894,0.9906946724182306,6,60,,Voxtral_CN,Giannis suddenly shouted excitedly.,The rain is suddenly very happy and shouting loudly.
00476_0008_surprise_0008_001429,0008,surprise,happy,happy,happy,happy,happy,happy,happy,True,True,True,True,True,0.0,0.9999998211860657,True,0.00800000037997961,0.3096570372581482,34.19545172822655,0.10972429811954498,0.020687906071543694,0.4037938714027405,0.007363453507423401,0.02472591842010617,0.8114555624771083,0,60,,Voxtral_CN,"Very cute, just like you.","Very cute, just like you."
00477_0008_surprise_0008_001503,0008,surprise,happy,neutral,happy,happy,happy,happy,happy,True,True,True,True,True,0.2857142857142857,0.9792550206184387,True,0.00800000037997961,0.37579813599586487,36.348398797579826,0.5328295230865479,0.03655363246798515,0.7510771155357361,0.007859393954277039,0.044064482217282055,0.9313971338220166,0,60,,Voxtral_CN,"Feels so warm. Okay, see you later.","It feels so warm. Okay, see you later."
00478_0008_surprise_0008_001650,0008,surprise,happy,neutral,neutral,neutral,happy,happy,happy,True,True,True,True,True,0.08333333333333333,0.8495208024978638,True,0.008000001311302185,0.7268433570861816,26.701928945983568,1.4699548482894897,0.04932290315628052,0.8701720237731934,0.02467915415763855,0.05802487018555403,0.9664459740286071,5,60,,Voxtral_CN,"I don't need to turn my head, I don't need a neck.","I don't need to turn my head, I don't need a pillow."
00479_0008_surprise_0008_001473,0008,surprise,happy,happy,happy,happy,happy,happy,happy,True,True,True,True,True,0.0,1.0,True,0.00800000037997961,0.16970610618591309,41.66487427893716,0.12213344871997833,0.015037457458674908,0.5298171639442444,0.0022692596539855003,0.020335651790713893,0.8768768292693342,0,60,,Voxtral_CN,She always has a sweet smile.,She always has a sweet smile.
00480_0008_surprise_0008_001735,0008,surprise,happy,surprise,happy,surprise,happy,happy,happy,True,True,True,True,True,0.375,0.9870133399963379,True,0.008000001311302185,0.4901093542575836,32.1606021631853,1.276115894317627,0.0670875757932663,0.36138975620269775,0.014761457219719887,0.07070162096986546,0.9474283048334416,1,60,,Voxtral_CN,They are going to get married this summer.,They will get married this summer.
00481_0008_surprise_0008_001483,0008,surprise,happy,happy,happy,happy,happy,happy,happy,True,True,True,True,True,0.0,1.0000001192092896,True,0.00800000037997961,0.23521076142787933,39.56606751467358,0.14800675213336945,0.018256157636642456,0.7612498998641968,0.005250921472907066,0.025868709144499156,0.8766532109278923,0,60,,Voxtral_CN,Every point on your body attracts me.,Every point on your body attracts me.
00482_0008_surprise_0008_001685,0008,surprise,happy,neutral,happy,happy,happy,happy,happy,True,True,True,True,True,0.7777777777777778,0.7541155815124512,False,0.008000001311302185,0.5561014413833618,27.684870007095554,0.9959596991539001,0.02034100890159607,0.9603261351585388,0.01798161305487156,0.029944450069312005,0.9795764739086568,0,60,,Voxtral_CN,"Take care of yourself, remember to stay in touch.",Keep in touch.
00483_0008_surprise_0008_001689,0008,surprise,happy,neutral,happy,happy,happy,happy,happy,True,True,True,True,True,0.6666666666666666,0.7519188523292542,False,0.00800000037997961,0.5280968546867371,31.147409831888922,0.2662438452243805,0.03143177554011345,1.0087637901306152,0.011960897594690323,0.041519533050395546,0.8819436538950829,0,60,,Voxtral_CN,"No, but I like figure skating.",I won't. But I like ice skating.
00484_0008_surprise_0008_001632,0008,surprise,happy,neutral,neutral,neutral,happy,happy,happy,True,True,True,True,True,0.5,0.9220975637435913,True,0.008000001311302185,0.604058563709259,28.598742093916655,1.9782483577728271,0.060050465166568756,1.082409381866455,0.020615605637431145,0.07087476514128968,0.9696446278190392,6,60,,Voxtral_CN,I'm trying to learn chess recently.,I'm trying to practice chess.
00485_0008_surprise_0008_001607,0008,surprise,happy,neutral,neutral,neutral,happy,happy,happy,True,True,True,True,True,1.0,0.8248580694198608,True,0.008000001311302185,0.5988978147506714,28.264624991222462,2.4326231479644775,0.016308870166540146,0.6890824437141418,0.018691161647439003,0.02319988151529804,0.9932957679120226,5,60,,Voxtral_CN,"I am Momo Da, you are Da Da Da.","I'm Momo Da, you're Da Da Da, let's go, let's go."
00486_0008_surprise_0008_001505,0008,surprise,happy,angry,neutral,neutral,happy,happy,happy,True,True,True,True,True,0.75,0.4923524260520935,False,0.008000001311302185,0.5466182827949524,27.679782260230205,2.1492958068847656,0.016802765429019928,1.9873405694961548,0.01755375787615776,0.036676346661560236,0.9921821996882904,4,60,,Voxtral_CN,"We two are not coming, and often quarrel.",We two and Bula are enjoying the argument.
00487_0008_surprise_0008_001727,0008,surprise,happy,neutral,neutral,neutral,neutral,happy,happy,False,False,True,True,False,0.1111111111111111,0.9905102252960205,True,0.008000001311302185,0.7283570170402527,29.32103691964853,2.2923800945281982,0.3393140733242035,0.6821411848068237,0.021062567830085754,0.34613569579795,0.8519817572425576,11,60,,Voxtral_CN,"I hate being wrong. I don't understand, you do.","I hate being wrong, I don't understand, you do."
00488_0008_surprise_0008_001697,0008,surprise,happy,neutral,happy,happy,happy,happy,happy,True,True,True,True,True,0.3333333333333333,0.9895205497741699,True,0.008000001311302185,0.47924450039863586,29.60909683637989,0.523503839969635,0.02983565628528595,0.354634553194046,0.011448129080235958,0.033382116298517214,0.9430077603881253,0,60,,Voxtral_CN,"Three, two sons and one daughter.",Three. Two sons and one daughter.
00489_0008_surprise_0008_001706,0008,surprise,happy,neutral,happy,happy,happy,happy,happy,True,True,True,True,True,1.0,0.4150716960430145,False,0.008000001311302185,0.5449079275131226,31.588432021365847,0.8753714561462402,0.020346788689494133,1.981065273284912,0.015902217477560043,0.040157600444518035,0.9767563946178124,0,60,,Voxtral_CN,I am an engineer in a factory.,I'm in a LEGO® Imagination Center.
00490_0008_surprise_0008_001606,0008,surprise,happy,neutral,happy,happy,happy,happy,happy,True,True,True,True,True,0.2857142857142857,0.6301285028457642,False,0.008000001311302185,0.5064190626144409,30.058052955285703,0.5660812854766846,0.024589814245700836,0.9112262725830078,0.012164670042693615,0.033702198618231344,0.9565613369023597,0,60,,Voxtral_CN,"Yes, I know. What a nice thing.","Yes, I know. What a beautiful day!"
00491_0008_surprise_0008_001658,0008,surprise,happy,neutral,neutral,neutral,neutral,happy,happy,False,False,True,True,False,1.0,0.7908960580825806,False,0.008000001311302185,0.8721285462379456,25.831942101284007,2.8340976238250732,0.9544054865837097,1.0780431032180786,0.03326718881726265,0.9651862502877786,0.6632418451077966,46,60,,Voxtral_CN,I don’t quite understand the meaning of this sentence.,热词的义意我没太明白
00492_0008_surprise_0008_001558,0008,surprise,happy,neutral,neutral,neutral,neutral,happy,happy,False,False,True,True,False,0.6666666666666666,0.33121931552886963,False,0.008000001311302185,0.882188081741333,27.62439479884813,5.414165496826172,0.32937490940093994,2.724853992462158,0.032049186527729034,0.3566237698174268,0.9391642332333539,41,60,,Voxtral_CN,My character is calm and objective.,My new character is a cold-blooded killer.
00493_0008_surprise_0008_001531,0008,surprise,happy,surprise,happy,surprise,happy,happy,happy,True,True,True,True,True,0.6363636363636364,0.61635822057724,False,0.008000001311302185,0.63692307472229,29.268251182258393,2.152209758758545,0.025104260072112083,1.0987604856491089,0.017510849982500076,0.036092040037103,0.9883355885875209,3,60,,Voxtral_CN,"Lingzhuo Gui, he still goes to school by bike every day.","Lingzhuo, she takes the bus to school every day."
00494_0008_surprise_0008_001642,0008,surprise,happy,neutral,neutral,neutral,happy,happy,happy,True,True,True,True,True,0.6666666666666666,0.44604232907295227,False,0.008000001311302185,0.5302258729934692,30.990314846743743,1.9506473541259766,0.08287592977285385,3.0051627159118652,0.02143554389476776,0.11292777128741147,0.9575136276695241,3,60,,Voxtral_CN,To prevent sharks from eating people.,To prevent losing one's body.
00495_0008_surprise_0008_001471,0008,surprise,happy,happy,happy,happy,happy,happy,happy,True,True,True,True,True,0.0,0.9999998211860657,True,0.00800000037997961,0.1626945585012436,43.85850370884411,0.19375288486480713,0.021489907056093216,0.9394678473472595,0.0029974780045449734,0.03088461550434586,0.8890860021460429,0,60,,Voxtral_CN,I like all the movies that make me feel good.,I like all the movies that make me feel good.
00496_0008_surprise_0008_001664,0008,surprise,happy,surprise,happy,happy,happy,happy,happy,True,True,True,True,True,0.0,0.9999999403953552,True,0.008000001311302185,0.5075730085372925,29.258231793011014,0.6219022274017334,0.023138247430324554,0.675334632396698,0.012672516517341137,0.029891720479456707,0.9627943969150993,0,60,,Voxtral_CN,Sounds like a great idea.,Sounds like a great idea.
00497_0008_surprise_0008_001688,0008,surprise,happy,neutral,neutral,happy,happy,happy,happy,True,True,True,True,True,0.0,1.0,True,0.008000001311302185,0.7156542539596558,29.004028193521872,1.5788955688476562,0.03922108933329582,0.5168284773826599,0.026492193341255188,0.044389639029055836,0.9751591618171929,6,60,,Voxtral_CN,I'm always here. Have you ever dreamed of me?,I'm always here. Have you ever dreamed of me?
00498_0008_surprise_0008_001749,0008,surprise,happy,surprise,happy,happy,happy,happy,happy,True,True,True,True,True,0.5,0.23197397589683533,False,0.00800000037997961,0.5693320035934448,28.753812815949647,0.9190661311149597,0.06276850402355194,1.452986240386963,0.014197586104273796,0.07729850840328262,0.9317040396784019,0,60,,Voxtral_CN,"Yes, this is a famous fact.","Yes, this is Mingfuxi 10."
00499_0008_surprise_0008_001582,0008,surprise,happy,neutral,happy,happy,happy,happy,happy,True,True,True,True,True,0.75,0.8415011167526245,True,0.008000001311302185,0.6546325087547302,30.871642555785304,0.8842014074325562,0.054889656603336334,1.0819107294082642,0.018183670938014984,0.06570894573412836,0.937921771960623,0,60,,Voxtral_CN,“About enough to support me for three months.”,It should be enough to support my life for three months.
00700_0009_angry_0009_000627,0009,angry,happy,neutral,neutral,neutral,happy,happy,happy,True,True,True,True,True,1.3333333333333333,0.3450241684913635,False,0.008000001311302185,0.7380743026733398,13.443227071401946,1.9071420431137085,0.02362505905330181,2.1915125846862793,0.03365191072225571,0.045540521419271826,0.9876123232988298,3,60,,Voxtral_CN,"Yes, so I never drink it.","Yes, I'm lucky to have had a chance to drink it."
00701_0009_angry_0009_000520,0009,angry,happy,neutral,happy,happy,happy,happy,happy,True,True,True,True,True,0.125,0.9672455787658691,True,0.008000001311302185,0.6043622493743896,19.14107076464179,1.017577886581421,0.020199421793222427,0.9301319122314453,0.032166920602321625,0.0295010625847429,0.9801495079054018,3,60,,Voxtral_CN,So you can have time to play soccer.,So you have time to play soccer.
00702_0009_angry_0009_000378,0009,angry,happy,neutral,neutral,happy,neutral,happy,happy,False,False,True,True,False,0.2727272727272727,0.9321320056915283,True,0.008000001311302185,0.6571239829063416,18.406581767389923,1.786893367767334,0.28463396430015564,1.2728919982910156,0.02082698792219162,0.297363092552945,0.8407101568372842,5,60,,Voxtral_CN,"Yes, it's the car door. The other two people asked him.","Right, it's the car door. One day, two people asked him."
00703_0009_angry_0009_000445,0009,angry,happy,neutral,happy,neutral,happy,happy,happy,True,True,True,True,True,0.5555555555555556,0.6165057420730591,False,0.008000001311302185,0.6098368167877197,19.37247106933405,1.043357491493225,0.026659753173589706,1.569173812866211,0.023968130350112915,0.04235173098355531,0.9744481125683633,3,60,,Voxtral_CN,"I had a hobby at that time, collecting antiques.",I have a hobby of collecting shells.
00704_0009_angry_0009_000451,0009,angry,happy,neutral,happy,surprise,happy,happy,happy,True,True,True,True,True,0.25,0.9927257299423218,True,0.008000001311302185,0.79768306016922,14.16049698743896,1.082242727279663,0.030563127249479294,0.9081419706344604,0.03292551264166832,0.03964487621095031,0.9717594524046347,1,60,,Voxtral_CN,"Soon, cars will be able to open automatically.","Soon, cars will be able to automatically open."
00705_0009_angry_0009_000587,0009,angry,happy,neutral,happy,happy,happy,happy,happy,True,True,True,True,True,1.6666666666666667,0.38839083909988403,False,0.008000001311302185,0.687724769115448,20.712926139077823,0.939428985118866,0.03598818928003311,2.077193021774292,0.03473476693034172,0.056760466845445334,0.9616914212249056,0,60,,Voxtral_CN,"I'm really scared, take me shopping.","The salesperson is really big, and he dragged me to the store."
00706_0009_angry_0009_000554,0009,angry,happy,neutral,neutral,happy,happy,happy,happy,True,True,True,True,True,0.8888888888888888,0.4178784489631653,False,0.008000001311302185,0.8681238293647766,13.019840676151722,0.9785652160644531,0.02310391142964363,2.751887083053589,0.036500122398138046,0.0506231472614035,0.9763900136134392,0,60,,Voxtral_CN,"You just bought clothes yesterday, you are really crazy.",Yesterday I just bought a house. It's really a bargain.
00707_0009_angry_0009_000563,0009,angry,happy,neutral,happy,surprise,happy,happy,happy,True,True,True,True,True,1.0,0.2575335204601288,False,0.008000001311302185,0.6596924066543579,13.837076631761773,0.5537447929382324,0.037002868950366974,2.4108612537384033,0.039499055594205856,0.06111187647830695,0.9331770349405444,0,60,,Voxtral_CN,Judge gave it a full score.,All the dishes were delicious.
00708_0009_angry_0009_000490,0009,angry,happy,neutral,neutral,neutral,happy,happy,happy,True,True,True,True,True,1.5,0.09946349263191223,False,0.008000001311302185,0.7237562537193298,16.049573594995884,2.2252511978149414,0.016429832205176353,2.315434217453003,0.03953791409730911,0.03958456975884736,0.992616639316357,3,60,,Voxtral_CN,I know I'm a big mouth.,I also really want to go to Da Jiu Fa.
00709_0009_angry_0009_000611,0009,angry,happy,neutral,neutral,neutral,happy,happy,happy,True,True,True,True,True,1.1428571428571428,0.6020506620407104,False,0.008000001311302185,0.8711449503898621,13.013230767389551,2.646979331970215,0.022580184042453766,2.6167802810668945,0.0437539666891098,0.048748424392789605,0.9914694520770411,5,60,,Voxtral_CN,This is not like a real competition.,This time I really don't want to miss the competition.
00710_0009_angry_0009_000605,0009,angry,happy,neutral,neutral,neutral,happy,happy,happy,True,True,True,True,True,1.8333333333333333,0.12420567870140076,False,0.008000001311302185,0.7204012870788574,18.25859826589258,1.5399812459945679,0.030843457207083702,2.874915599822998,0.030437521636486053,0.05959291758053005,0.9799715371292304,5,60,,Voxtral_CN,I started out as a prostitute.,"This is my first year in office, and I'm very happy."
00711_0009_angry_0009_000656,0009,angry,happy,neutral,neutral,neutral,happy,happy,happy,True,True,True,True,True,1.1111111111111112,0.25534188747406006,False,0.008000001311302185,0.7534807920455933,16.5290126881164,2.612046003341675,0.04061533510684967,1.6806224584579468,0.033855658024549484,0.05742189824800938,0.9844507581203052,5,60,,Voxtral_CN,I am an engineer at a machine tool factory.,I will go to a flower farm to be a volunteer.
00712_0009_angry_0009_000622,0009,angry,happy,neutral,neutral,neutral,happy,happy,happy,True,True,True,True,True,2.0,0.24271219968795776,False,0.008000001311302185,0.8988938331604004,14.331079703562814,3.3797945976257324,0.02968788705766201,2.1218454837799072,0.046511322259902954,0.050906807008683684,0.9912160676632487,5,60,,Voxtral_CN,Shenyang tomorrow has thunderstorms and heavy rain.,"Great! As long as there are allies tomorrow, we'll have a lot of choices."
00713_0009_angry_0009_000488,0009,angry,happy,neutral,neutral,neutral,happy,happy,happy,True,True,True,True,True,2.25,0.19021287560462952,False,0.008000001311302185,0.6967647075653076,14.190258249805927,2.776013135910034,0.024823201820254326,1.5295854806900024,0.03382793813943863,0.040119394906535745,0.9910579667296434,9,60,,Voxtral_CN,I can't control him.,I can't help but be excited every time I see it.
00714_0009_angry_0009_000601,0009,angry,happy,neutral,neutral,neutral,happy,happy,happy,True,True,True,True,True,1.0,0.197828471660614,False,0.008000001311302185,0.8452691435813904,15.133723145270146,2.435236930847168,0.022024860605597496,3.530062675476074,0.04199864715337753,0.05732590734682977,0.9909557627323204,4,60,,Voxtral_CN,没看过小说，只有人类才需要。,"""吃了热气腾腾的烧烤，才知道人间才有的滋味。"""
00715_0009_angry_0009_000391,0009,angry,happy,neutral,neutral,neutral,happy,happy,happy,True,True,True,True,True,1.0,0.22430101037025452,False,0.008000001311302185,0.8036481142044067,15.431522017212407,2.4433040618896484,0.029164403676986694,1.5884772539138794,0.031760238111019135,0.0450494938185066,0.9880635389872716,7,60,,Voxtral_CN,"I'm very busy, I don't have time to tell you this.","""血脉的好，没空给你血脉的热闹。"""
00716_0009_angry_0009_000525,0009,angry,happy,neutral,neutral,neutral,happy,happy,happy,True,True,True,True,True,1.0,0.10887902230024338,False,0.008000001311302185,0.6847474575042725,20.293941151621198,3.7201056480407715,0.03649842366576195,3.1680710315704346,0.03154706954956055,0.0681794494521618,0.9901888744248475,14,60,,Voxtral_CN,"He's unemployed at the moment, so you should avoid provoking him.","Like Zi Bo, I'm hungry. I'm going to eat."
00717_0009_angry_0009_000592,0009,angry,happy,neutral,neutral,neutral,neutral,happy,happy,False,False,True,True,False,1.4444444444444444,0.275454580783844,False,0.008000001311302185,0.7806565165519714,15.918337060643458,2.4676284790039062,0.20263874530792236,2.8401732444763184,0.04322796314954758,0.23104091003231705,0.917881177400854,8,60,,Voxtral_CN,To prevent the fish from eating the human body.,"To keep grandma healthy, we need to make sure she eats a balanced diet."
00718_0009_angry_0009_000553,0009,angry,happy,neutral,happy,happy,happy,happy,happy,True,True,True,True,True,0.625,0.9936038255691528,True,0.008000001311302185,0.49896538257598877,21.791897528050626,0.4446204900741577,0.02205393835902214,0.3694196939468384,0.021316377446055412,0.025748348462264987,0.9503982860633711,0,60,,Voxtral_CN,I hope I can go there one day.,I hope one day I can go there.
00719_0009_angry_0009_000582,0009,angry,happy,neutral,neutral,neutral,happy,happy,happy,True,True,True,True,True,1.1666666666666667,0.3414643704891205,False,0.008000001311302185,0.6937530040740967,16.390556411448184,2.002159595489502,0.015760071575641632,2.8101584911346436,0.03135908022522926,0.043861970077790316,0.9921284638791302,5,60,,Voxtral_CN,I'm trying to learn chess recently.,I'm trying to be a little more diligent and joyful.
00720_0009_angry_0009_000608,0009,angry,happy,neutral,neutral,neutral,happy,happy,happy,True,True,True,True,True,1.0,0.4524262547492981,False,0.008000001311302185,0.7616597414016724,15.664172789782453,3.675511360168457,0.02079087495803833,1.5393614768981934,0.031231969594955444,0.036184802046716216,0.9943434061493186,9,60,,Voxtral_CN,I don't quite understand the meaning of this sentence.,"The last sentence is ""I am full of joy."""
00721_0009_angry_0009_000577,0009,angry,happy,angry,angry,angry,happy,happy,happy,True,True,True,True,True,1.0,0.23711225390434265,False,0.008000001311302185,0.7153674364089966,15.7725870912931,3.549694538116455,0.014261588454246521,2.3607568740844727,0.030278144404292107,0.03786945997653529,0.9959823054347053,4,60,,Voxtral_CN,I really can't stand the noise in the city.,I really can't believe I got such a high score from you.
00722_0009_angry_0009_000438,0009,angry,happy,neutral,happy,happy,happy,happy,happy,True,True,True,True,True,0.2222222222222222,0.9314298629760742,True,0.008000001311302185,0.6029241681098938,20.471161666208243,0.3446100652217865,0.0249638631939888,0.9512364864349365,0.018663696944713593,0.034476414695307614,0.9275591002313807,0,60,,Voxtral_CN,"Hong Kong Ocean Park, owner, hurry me to go.","Hong Kong Ocean Park, the host, hurry me to go."
00723_0009_angry_0009_000373,0009,angry,happy,neutral,neutral,happy,happy,happy,happy,True,True,True,True,True,0.25,0.9936025142669678,True,0.008000001311302185,0.5595978498458862,20.297071189334538,0.88291996717453,0.016448287293314934,0.6994710564613342,0.020256292074918747,0.023443200420849027,0.981370579548731,0,60,,Voxtral_CN,Make some delicious food to stimulate baby's appetite.,Make some delicious food to boost the baby's appetite.
00724_0009_angry_0009_000466,0009,angry,happy,neutral,neutral,neutral,happy,happy,happy,True,True,True,True,True,0.375,0.9147785902023315,True,0.008000001311302185,0.8912292718887329,15.391355702441874,3.1716747283935547,0.01958605647087097,0.9115022420883179,0.03153584524989128,0.02870139425020665,0.9938246957370717,4,60,,Voxtral_CN,"No, but we went to the Kennedy Center.",No. But we went to the Kennedy Space Center.
00725_0009_neutral_0009_000204,0009,neutral,happy,neutral,neutral,neutral,happy,happy,happy,True,True,True,True,True,0.45454545454545453,0.6421411037445068,False,0.008000001311302185,0.9016016721725464,10.32126442784297,1.6869170665740967,0.03023707866668701,1.855205774307251,0.04369380325078964,0.04878957334779203,0.9820755392983874,1,60,,Voxtral_CN,"You just bought clothes yesterday, you are really a shopping addict.","We just bought clothes yesterday, really a bargain."
00726_0009_neutral_0009_000184,0009,neutral,happy,neutral,happy,happy,happy,happy,happy,True,True,True,True,True,0.0,0.9999999403953552,True,0.008000001311302185,0.7418217062950134,11.963191452334936,1.1714410781860352,0.019830839708447456,0.34571513533592224,0.03452175483107567,0.02328833627935499,0.9830714151332688,3,60,,Voxtral_CN,2016年11月5日星期六,2016年11月5日星期六
00727_0009_neutral_0009_000159,0009,neutral,happy,neutral,neutral,neutral,happy,happy,happy,True,True,True,True,True,0.7142857142857143,0.532879114151001,False,0.008000001311302185,0.9407899975776672,11.41242115609742,3.623964309692383,0.06155714392662048,1.5286145210266113,0.041434139013290405,0.07684370347827672,0.9830138658479654,13,60,,Voxtral_CN,I won't sacrifice my health for money.,I won't sell my soy sauce to get money.
00728_0009_neutral_0009_000261,0009,neutral,happy,neutral,neutral,neutral,happy,happy,happy,True,True,True,True,True,1.2857142857142858,0.24080106616020203,False,0.008000001311302185,0.9736390709877014,7.6804199950662655,2.6712799072265625,0.032998811453580856,3.4647679328918457,0.041973259299993515,0.06764691051509232,0.9876468162829699,4,60,,Voxtral_CN,This doesn't sound like a championship game.,This can be a Spring Festival competition in this classroom.
00729_0009_neutral_0009_000267,0009,neutral,happy,neutral,neutral,neutral,happy,happy,happy,True,True,True,True,True,0.5714285714285714,0.8529829382896423,True,0.008000001311302185,0.7768743634223938,10.705645311867386,1.695489764213562,0.01868581958115101,0.9823941588401794,0.03822687268257141,0.02851014343827963,0.9889791021004375,2,60,,Voxtral_CN,This is the first poem I learned.,This is the first book of poetry I have learned.
00730_0009_neutral_0009_000126,0009,neutral,happy,neutral,neutral,neutral,happy,happy,happy,True,True,True,True,True,0.4444444444444444,0.5787704586982727,False,0.008000001311302185,0.8302727937698364,12.450365556108636,1.7635343074798584,0.11848168820142746,0.7174907326698303,0.0404081828892231,0.12565699960995466,0.9328157735866556,4,60,,Voxtral_CN,"No, he lives in the old house in Worcester.","No, she lives in an old house in West Hollywood."
00731_0009_neutral_0009_000203,0009,neutral,happy,neutral,neutral,neutral,happy,happy,happy,True,True,True,True,True,0.0,1.0,True,0.008000001311302185,0.6955526471138,12.380685283529253,0.804908275604248,0.02104172110557556,0.30858755111694336,0.023945746943354607,0.02412783607421443,0.9738582373379383,0,60,,Voxtral_CN,I hope I can go there one day.,I hope I can go there one day.
00732_0009_neutral_0009_000277,0009,neutral,happy,neutral,neutral,neutral,happy,happy,happy,True,True,True,True,True,0.8333333333333334,0.39139658212661743,False,0.008000001311302185,1.0595329999923706,8.514010766475517,2.3149077892303467,0.014010335318744183,2.298722743988037,0.044960327446460724,0.036998012361899014,0.9939477782294722,3,60,,Voxtral_CN,"Yes, so I never drink it.","Yes, I'm happy, I'm going to drink it."
00733_0009_neutral_0009_000303,0009,neutral,happy,neutral,neutral,neutral,happy,happy,happy,True,True,True,True,True,1.1428571428571428,0.06706224381923676,False,0.008000001311302185,0.7362924814224243,12.44034158948766,2.8218085765838623,0.022730287164449692,2.232424736022949,0.0291582103818655,0.045054826106783,0.9919447806087657,5,60,,Voxtral_CN,I only got home at 4 am.,I always go to my grandparents' house in Chungcheongbuk-do.
00734_0009_neutral_0009_000292,0009,neutral,happy,neutral,neutral,neutral,happy,happy,happy,True,True,True,True,True,0.5555555555555556,0.8593192100524902,True,0.008000001311302185,0.7712056636810303,11.620194711345777,3.9817633628845215,0.022798217833042145,1.281677007675171,0.03590559586882591,0.03561534696575254,0.9942743413519868,3,60,,Voxtral_CN,One day I may have to talk to him.,One day I will also have a chat with him.
00735_0009_neutral_0009_000248,0009,neutral,happy,neutral,neutral,happy,neutral,happy,happy,False,False,True,True,False,0.7,0.5777015686035156,False,0.008000001311302185,0.9639167189598083,11.884222124774224,3.3449716567993164,0.14945483207702637,1.452527642250061,0.04207829758524895,0.16398052928250284,0.9553195520287205,9,60,,Voxtral_CN,I don't really care whether this store has a name.,I don't care if the movie is not famous.
00736_0009_neutral_0009_000032,0009,neutral,happy,neutral,happy,happy,happy,happy,happy,True,True,True,True,True,0.0,0.9999998807907104,True,0.008000001311302185,0.5262928605079651,17.54740073813811,0.623760461807251,0.024723563343286514,0.5811566710472107,0.019516929984092712,0.030535325223058463,0.9603636894976418,0,60,,Voxtral_CN,I met a beautiful girl.,I met a beautiful girl.
00737_0009_neutral_0009_000138,0009,neutral,happy,sad,neutral,neutral,happy,happy,happy,True,True,True,True,True,0.75,0.6171663403511047,False,0.008000001311302185,0.8005476593971252,9.202469251179535,2.2002458572387695,0.029282938688993454,1.414072036743164,0.05078446865081787,0.0434241669011116,0.9866910606409492,7,60,,Voxtral_CN,I can't control him.,I can't help but love him.
00738_0009_neutral_0009_000285,0009,neutral,happy,neutral,neutral,neutral,happy,happy,happy,True,True,True,True,True,1.0,0.9265708923339844,True,0.008000001311302185,0.772763192653656,12.74784977902629,2.3411355018615723,0.0294412299990654,0.8663280606269836,0.030056655406951904,0.038104811171889304,0.9874243801883082,4,60,,Voxtral_CN,"Take care of yourself, and stay in touch.","Take care of yourself, remember to stay in touch, and it will be good."
00739_0009_neutral_0009_000293,0009,neutral,happy,neutral,neutral,neutral,happy,happy,happy,True,True,True,True,True,1.0,0.5673245191574097,False,0.008000001311302185,0.761139988899231,13.387519531147525,1.6813132762908936,0.046562060713768005,2.60353946685791,0.029315974563360214,0.07259774854209274,0.972306136298116,3,60,,Voxtral_CN,"Sit down, I watched the screen display.",It's very convenient. I watched the news on the screen.
00740_0009_neutral_0009_000006,0009,neutral,happy,neutral,happy,neutral,happy,happy,happy,True,True,True,True,True,0.4,0.9662230610847473,True,0.008000001311302185,0.6067752838134766,13.484831490617111,0.37932276725769043,0.016851311549544334,0.500141978263855,0.021393319591879845,0.021852945265378804,0.9555752699175674,0,60,,Voxtral_CN,I like Beijing welcomes you.,"I like Beijing, welcome you."
00741_0009_neutral_0009_000144,0009,neutral,happy,sad,sad,sad,happy,happy,happy,True,True,True,True,True,1.1428571428571428,0.0393645241856575,False,0.008000001311302185,0.9468935132026672,6.9611734687649784,4.2403693199157715,0.017239399254322052,3.417534828186035,0.06337115913629532,0.05141538124777377,0.9959344580734151,9,60,,Voxtral_CN,"Yes, intermittent fasting can be very challenging.",I just fell down and it feels good.
00742_0009_neutral_0009_000129,0009,neutral,happy,neutral,neutral,happy,happy,happy,happy,True,True,True,True,True,1.1,0.44083505868911743,False,0.008000001311302185,0.7091275453567505,14.261283019027262,1.1676851511001587,0.01522387471050024,0.9027721285820007,0.02911725454032421,0.024251887168865654,0.9869623462316389,3,60,,Voxtral_CN,"To others, there is none, but to me, there is.","This is something that no one else has, but I do."
00743_0009_neutral_0009_000251,0009,neutral,happy,neutral,neutral,neutral,happy,happy,happy,True,True,True,True,True,13.0,0.2610514760017395,False,0.008000001311302185,0.8447637557983398,11.305524880361018,2.4187469482421875,0.03166595473885536,1.4770431518554688,0.03240925818681717,0.046436710349991916,0.9869081158895648,4,60,,Voxtral_CN,没看过小说，只有人类才需要。,"I haven't seen it, so I can't say. Only people can see it."
00744_0009_neutral_0009_000079,0009,neutral,happy,neutral,happy,happy,happy,happy,happy,True,True,True,True,True,0.3333333333333333,0.742196261882782,False,0.008000001311302185,0.7471858859062195,16.6807907224398,0.873878002166748,0.029692521318793297,1.5184394121170044,0.03215929493308067,0.04487723703291267,0.9660221206562337,0,60,,Voxtral_CN,People naturally call him the father of the Olympics.,Fans naturally called him the father of the Beijing Olympics.
00745_0009_neutral_0009_000347,0009,neutral,happy,neutral,neutral,neutral,happy,happy,happy,True,True,True,True,True,0.75,0.36597350239753723,False,0.008000001311302185,0.7453338503837585,13.426942461255475,2.2152228355407715,0.20066657662391663,2.2991716861724854,0.030789410695433617,0.22365860137974844,0.9094147218941382,5,60,,Voxtral_CN,These two pieces were made in different periods of the Tang Dynasty.,"These two dishes are made by my classmate, 7 Hu."
00746_0009_neutral_0009_000306,0009,neutral,happy,neutral,neutral,neutral,happy,happy,happy,True,True,True,True,True,1.375,0.40735089778900146,False,0.008000001311302185,0.7151140570640564,14.780011191110592,2.265559196472168,0.0415533073246479,2.6699090003967285,0.031864140182733536,0.06825271597001702,0.9816586971599096,3,60,,Voxtral_CN,I am an engineer at a mechanized farm.,I went to a farm to blow off some steam and eat.
00747_0009_neutral_0009_000042,0009,neutral,happy,neutral,happy,happy,happy,happy,happy,True,True,True,True,True,0.7272727272727273,0.35646674036979675,False,0.008000001311302185,0.9266453385353088,13.2014544310578,0.8183560371398926,0.027270866557955742,3.4247655868530273,0.039604298770427704,0.06151891846947372,0.966676036687814,0,60,,Voxtral_CN,I will warm up the bed for you to play with.,I will be happy to see you.
00748_0009_neutral_0009_000026,0009,neutral,happy,neutral,neutral,neutral,happy,happy,happy,True,True,True,True,True,1.0,0.2307337522506714,False,0.008000001311302185,0.8169981241226196,12.96395325221988,3.675628662109375,0.01622006855905056,2.156548500061035,0.029612047597765923,0.037785849680136895,0.9955871307876508,8,60,,Voxtral_CN,"Yes, he is very cunning, often deceiving others.",She is very agile and likes to play with others.
00749_0009_neutral_0009_000235,0009,neutral,happy,neutral,neutral,neutral,happy,happy,happy,True,True,True,True,True,0.4444444444444444,0.9054602980613708,True,0.008000001311302185,0.9460550546646118,12.912523300556584,3.546851873397827,0.03824588283896446,1.2731621265411377,0.033977847546339035,0.05097784388285131,0.9892169495078672,4,60,,Voxtral_CN,I like sports but I don't play much basketball.,"I really like it, but I don't play basketball much."
00750_0009_sad_0009_001065,0009,sad,happy,neutral,happy,happy,happy,happy,happy,True,True,True,True,True,0.0,0.9999998807907104,True,0.00800000037997961,0.43568071722984314,20.072672083076064,0.3475203514099121,0.013847297057509422,0.6012147068977356,0.012901999056339264,0.01985957314647734,0.9601539967333422,0,60,,Voxtral_CN,I really like volleyball and climbing.,I really like volleyball and climbing.
00751_0009_sad_0009_001275,0009,sad,happy,neutral,happy,happy,happy,happy,happy,True,True,True,True,True,0.16666666666666666,0.9379482269287109,True,0.008000001311302185,0.7446673512458801,11.730182987164726,0.7734209299087524,0.017114751040935516,0.7787570953369141,0.021405724808573723,0.024902536051552744,0.977871362955028,0,60,,Voxtral_CN,"Almost, we both are very enthusiastic.","Almost, we both are very excited."
00752_0009_sad_0009_001198,0009,sad,happy,neutral,neutral,neutral,happy,happy,happy,True,True,True,True,True,1.0,0.6637649536132812,False,0.008000001311302185,0.7152730822563171,13.773117093176971,1.3626267910003662,0.02208605967462063,1.6374239921569824,0.030947646126151085,0.03846060907265172,0.9837915562643487,2,60,,Voxtral_CN,You can call me anytime.,Always remember to call me.
00753_0009_sad_0009_001112,0009,sad,happy,neutral,neutral,neutral,happy,happy,happy,True,True,True,True,True,0.8571428571428571,0.8559464812278748,True,0.008000001311302185,0.5774631500244141,19.07667626576551,1.681403636932373,0.014768465422093868,1.081370234489441,0.020520377904176712,0.02558237297076732,0.9912165852995072,1,60,,Voxtral_CN,I'm just passing by to say goodbye.,I'm coming straight over to say goodbye to you.
00754_0009_sad_0009_001297,0009,sad,happy,neutral,neutral,neutral,happy,happy,happy,True,True,True,True,True,0.0,0.9999997615814209,True,0.008000001311302185,0.9379896521568298,13.589334905407993,1.3959095478057861,0.024573154747486115,0.8089116811752319,0.04097173362970352,0.03266268127657473,0.982396313008882,2,60,,Voxtral_CN,"No reason, just waiting for me.","No reason, just waiting for me."
00755_0009_sad_0009_001331,0009,sad,happy,neutral,happy,happy,happy,happy,happy,True,True,True,True,True,0.9166666666666666,0.6170782446861267,False,0.008000001311302185,0.5090047717094421,15.815003042243843,0.35639822483062744,0.013824930414557457,1.3305561542510986,0.01547055970877409,0.02713064666266553,0.9612093174113661,0,60,,Voxtral_CN,"Good night, big mom, the whole sky is full of little stars.","Good evening, everyone."
00756_0009_sad_0009_001391,0009,sad,happy,neutral,neutral,neutral,happy,happy,happy,True,True,True,True,True,1.0,0.17797455191612244,False,0.008000001311302185,1.0863407850265503,10.820841469604957,1.3922886848449707,0.037662193179130554,4.320451736450195,0.05918687582015991,0.0808673024123907,0.9729494367159034,2,60,,Voxtral_CN,I will draw a witch's knot on your face.,"Hugging each other, they kissed."
00757_0009_sad_0009_001052,0009,sad,happy,neutral,happy,happy,happy,happy,happy,True,True,True,True,True,1.6,-0.06757859885692596,False,0.008000001311302185,0.7309086918830872,12.127948404985203,1.3420137166976929,0.08327876031398773,4.71666955947876,0.038789354264736176,0.13044584380231797,0.9379449261376309,2,60,,Voxtral_CN,"A British philosopher once said,",The crab in the pot is very delicious.
00758_0009_sad_0009_001131,0009,sad,happy,neutral,neutral,neutral,happy,happy,happy,True,True,True,True,True,1.5714285714285714,0.08858752250671387,False,0.008000001311302185,1.033704161643982,9.658985734678259,2.1393706798553467,0.01979144476354122,3.9280009269714355,0.033236064016819,0.05907178639389575,0.9907489408217564,1,60,,Voxtral_CN,"This town, everyone likes to tell lies.","This is a barbecue, it's a joy to eat a piece of meat."
00759_0009_sad_0009_001257,0009,sad,happy,neutral,neutral,neutral,happy,happy,happy,True,True,True,True,True,1.25,0.401070773601532,False,0.008000001311302185,0.6749759316444397,15.738899767695283,2.9948346614837646,0.021650027483701706,2.1620254516601562,0.023420758545398712,0.043270516207888715,0.9927708772166489,4,60,,Voxtral_CN,"I'm confused, you're confused.","I'm eating momo, you're eating zai zai."
00760_0009_sad_0009_001089,0009,sad,happy,sad,neutral,neutral,happy,happy,happy,True,True,True,True,True,1.0,0.005938991904258728,False,0.008000001311302185,0.9241892099380493,11.454734893997749,1.5997588634490967,0.017498403787612915,3.4828226566314697,0.028885921463370323,0.052326919213142246,0.9890618491402597,2,60,,Voxtral_CN,"I didn't find my routine, and when I left, I locked the door.","Ling Yu said, ""When you get a good one, it's really fun."""
00761_0009_sad_0009_001260,0009,sad,happy,neutral,happy,neutral,happy,happy,happy,True,True,True,True,True,0.6,0.7093461155891418,False,0.008000001311302185,0.8018949627876282,13.610184821296553,1.1104459762573242,0.021554604172706604,1.3821830749511719,0.02859174832701683,0.03537672083970159,0.9805892365467839,1,60,,Voxtral_CN,It's not that I don't like some of his songs.,"It can't be counted, I like all of his songs."
00762_0009_sad_0009_001128,0009,sad,happy,neutral,neutral,neutral,happy,happy,happy,True,True,True,True,True,1.0,0.07441771030426025,False,0.008000001311302185,0.7882810235023499,15.298615305469465,3.3738484382629395,0.02332594059407711,1.844693660736084,0.02740977704524994,0.0417731512992084,0.9930862511992131,4,60,,Voxtral_CN,"Their design is small and compact, and can be operated by one hand.","Look at the window, the small, cute, three-legged cat jumps out."
00763_0009_sad_0009_001284,0009,sad,happy,neutral,neutral,neutral,happy,happy,happy,True,True,True,True,True,1.0,0.23176276683807373,False,0.008000001311302185,0.8491853475570679,11.684505411170571,3.716545820236206,0.0571928471326828,2.4330878257751465,0.03155279904603958,0.08152404091842472,0.9846112896493099,11,60,,Voxtral_CN,It is a major air pollutant.,It's a main ingredient of ponchimo.
00764_0009_sad_0009_001371,0009,sad,happy,angry,neutral,neutral,happy,happy,happy,True,True,True,True,True,1.5,0.3482311964035034,False,0.008000001311302185,0.891038715839386,12.024023905965567,2.632687568664551,0.019869893789291382,2.0934839248657227,0.04087395220994949,0.04080514177747071,0.9924526198908705,3,60,,Voxtral_CN,I don't like you confusing me.,"I'm so happy that you like me, you make me dizzy."
00765_0009_sad_0009_001182,0009,sad,happy,neutral,neutral,neutral,happy,happy,happy,True,True,True,True,True,0.8,0.6338894367218018,False,0.008000001311302185,0.6902288794517517,17.455112793086172,2.127662181854248,0.017998304218053818,1.937218427658081,0.02936573326587677,0.03737078215196729,0.9915408073840142,3,60,,Voxtral_CN,She's the most precious woman.,You are the most caring man's woman.
00766_0009_sad_0009_001102,0009,sad,happy,neutral,neutral,neutral,happy,happy,happy,True,True,True,True,True,1.0,0.016117706894874573,False,0.008000001311302185,1.0799611806869507,10.158427276535015,3.5057170391082764,0.01978001371026039,2.6944963932037354,0.03957273066043854,0.04672537336960435,0.9943577837316581,3,60,,Voxtral_CN,You shouldn't be afraid to start a new relationship.,一步应该好她捡出一道菜都敢吃的。
00767_0009_sad_0009_001082,0009,sad,happy,neutral,happy,surprise,happy,happy,happy,True,True,True,True,True,0.0,0.9999998807907104,True,0.008000001311302185,0.6050814986228943,17.138635069054953,0.7465371489524841,0.013281027786433697,0.2846781313419342,0.025761088356375694,0.0161280667107366,0.9822098233087674,0,60,,Voxtral_CN,I met a beautiful girl.,I met a beautiful girl.
00768_0009_sad_0009_001104,0009,sad,happy,neutral,neutral,neutral,happy,happy,happy,True,True,True,True,True,2.25,0.1539466679096222,False,0.008000001311302185,1.0470818281173706,10.120679800360527,4.457087993621826,0.023956749588251114,3.1571290493011475,0.04323691129684448,0.05552847245037556,0.9946250220721391,7,60,,Voxtral_CN,I was created by an artificial intelligence system.,I'm very happy to be here. I've been a member of the team since I was a rookie.
00769_0009_sad_0009_001199,0009,sad,happy,neutral,happy,happy,happy,happy,happy,True,True,True,True,True,1.1666666666666667,0.43325233459472656,False,0.008000001311302185,0.6238340735435486,15.642516093275159,0.869421660900116,0.026122182607650757,2.070936679840088,0.02202155813574791,0.046831769621633,0.9699545297955812,0,60,,Voxtral_CN,"Hello, Boleyn, it's exactly four o'clock.","You are so good, you hit four points."
00770_0009_sad_0009_001349,0009,sad,happy,neutral,neutral,neutral,happy,happy,happy,True,True,True,True,True,0.5,0.845592200756073,True,0.008000001311302185,0.8523418307304382,11.087945709613871,2.1641018390655518,0.017921267077326775,1.6039880514144897,0.039250683039426804,0.033961540098302066,0.9917188430073767,2,60,,Voxtral_CN,"Yes, I just hit the table.","Yes, I just put it on the table."
00771_0009_sad_0009_001335,0009,sad,happy,neutral,neutral,neutral,happy,happy,happy,True,True,True,True,True,1.0,0.10012522339820862,False,0.008000001311302185,0.8878962993621826,10.259879465044895,2.2594046592712402,0.053033020347356796,1.4843953847885132,0.0396912507712841,0.06787737110774963,0.9765278786472618,4,60,,Voxtral_CN,"Be careful, remember to keep in touch.","I'm sorry, I didn't understand that."
00772_0009_sad_0009_001296,0009,sad,happy,neutral,happy,happy,happy,happy,happy,True,True,True,True,True,0.7777777777777778,0.6291041374206543,False,0.008000001311302185,1.0007472038269043,13.182019557519478,0.8223849534988403,0.02166484110057354,1.788206934928894,0.03793138265609741,0.03954728976368905,0.9736560828254452,0,60,,Voxtral_CN,Ling Dai to men is really a must have.,"To men, it is truly a must."
00773_0009_sad_0009_001155,0009,sad,happy,angry,sad,neutral,happy,happy,happy,True,True,True,True,True,0.7142857142857143,0.31413733959198,False,0.008000001311302185,1.0937316417694092,7.963910485890208,2.01059627532959,0.018640266731381416,1.6399340629577637,0.04603638872504234,0.0350400677248463,0.9907289857441292,2,60,,Voxtral_CN,We can't get along and often argue.,"We two are not afraid, and often joke."
00774_0009_sad_0009_001210,0009,sad,happy,neutral,neutral,neutral,happy,happy,happy,True,True,True,True,True,0.42857142857142855,0.4479743540287018,False,0.008000001311302185,0.8343343734741211,13.108890423553659,2.2862696647644043,0.022225532680749893,1.413597822189331,0.0332028865814209,0.036361842931509014,0.990278691519515,2,60,,Voxtral_CN,"Of course, he is our university's dean.","Of course, she won our university's award."
00775_0009_surprise_0009_001567,0009,surprise,happy,surprise,happy,surprise,happy,happy,happy,True,True,True,True,True,1.0,0.9632989764213562,True,0.008000001311302185,0.5590805411338806,19.316296124952807,0.8888003826141357,0.019188817590475082,1.127898931503296,0.02403653785586357,0.030468047270886603,0.978410430546804,0,60,,Voxtral_CN,太妙啦，我想换一些日元。,太美啦，我要换一些日元。
00776_0009_surprise_0009_001699,0009,surprise,happy,neutral,neutral,happy,happy,happy,happy,True,True,True,True,True,0.3333333333333333,0.4178708791732788,False,0.008000001311302185,0.6113465428352356,18.055541798474735,1.1999752521514893,0.02801508828997612,1.529220700263977,0.02571728825569153,0.04330755246549845,0.976653611614284,1,60,,Voxtral_CN,"Yes, I just hit a wall.","Yes, I just got a desk."
00777_0009_surprise_0009_001540,0009,surprise,happy,neutral,neutral,neutral,happy,happy,happy,True,True,True,True,True,0.8333333333333334,0.25609999895095825,False,0.008000001311302185,0.6925764083862305,17.866813386286466,2.12845778465271,0.01664743945002556,2.8673794269561768,0.03046722337603569,0.045321538391821084,0.9921786377112751,4,60,,Voxtral_CN,I know I'm a big mouth.,I also know how to swim.
00778_0009_surprise_0009_001421,0009,surprise,happy,sad,happy,neutral,happy,happy,happy,True,True,True,True,True,0.5,0.7667260766029358,False,0.008000001311302185,0.743590235710144,16.577684463788316,1.177625060081482,0.026100315153598785,1.1814619302749634,0.024608559906482697,0.03791518054194749,0.977836481204134,2,60,,Voxtral_CN,I have already broadcast the last sound of the episode.,I've finished the last sound of the series.
00779_0009_surprise_0009_001695,0009,surprise,happy,neutral,happy,neutral,happy,happy,happy,True,True,True,True,True,0.625,0.5966304540634155,False,0.008000001311302185,0.7312008738517761,19.184364952327954,1.4534053802490234,0.020032700151205063,2.3549063205718994,0.022499730810523033,0.04358198835423216,0.9862167152926236,2,60,,Voxtral_CN,I like many books in literature and economics.,I like many things about the economy.
00780_0009_surprise_0009_001462,0009,surprise,happy,sad,neutral,neutral,happy,happy,happy,True,True,True,True,True,1.5714285714285714,0.374433696269989,False,0.008000001311302185,0.8302475810050964,16.900724524819523,1.8040962219238281,0.030965372920036316,2.4401159286499023,0.03020879440009594,0.05536683429447934,0.9828360746263213,4,60,,Voxtral_CN,I'm just passing by to say goodbye.,"I'm going to school and I'll come back to give you breakfast, okay?"
00781_0009_surprise_0009_001712,0009,surprise,happy,sad,sad,sad,happy,happy,happy,True,True,True,True,True,1.0,0.2719308137893677,False,0.008000001311302185,0.8709685802459717,13.977637101903706,3.228046417236328,0.01251772791147232,2.68648099899292,0.036980029195547104,0.039382907701693476,0.9961221970524856,5,60,,Voxtral_CN,"If she rejects me, I will die.","""死至一会他去一去，老兄，你也洗呀！"""
00782_0009_surprise_0009_001454,0009,surprise,happy,neutral,neutral,neutral,happy,happy,happy,True,True,True,True,True,1.0,0.6168582439422607,False,0.008000001311302185,0.7356748580932617,17.369203368552068,4.364282131195068,0.04332789406180382,2.9072344303131104,0.022202815860509872,0.07240046039309353,0.9900721601492937,4,60,,Voxtral_CN,I was created by an artificial intelligence system.,The Renpong Intelligent System has been created.
00783_0009_surprise_0009_001412,0009,surprise,happy,neutral,neutral,neutral,happy,happy,happy,True,True,True,True,True,1.2222222222222223,0.3663458526134491,False,0.008000001311302185,0.6019918918609619,21.57295825684709,1.2950053215026855,0.020022764801979065,1.3029948472976685,0.017684990540146828,0.03305289012486115,0.984538469093899,2,60,,Voxtral_CN,You're always like this when you're in a relationship.,"You feel like every time you meet, it's like the first time."
00784_0009_surprise_0009_001530,0009,surprise,happy,neutral,neutral,neutral,happy,happy,happy,True,True,True,True,True,0.8888888888888888,0.4388676583766937,False,0.00800000037997961,0.5167128443717957,21.600329688357217,0.9171204566955566,0.021798551082611084,1.4231369495391846,0.018518349155783653,0.036030105761494485,0.9762315288864533,0,60,,Voxtral_CN,My hope is to work until I fall down.,My hope is the day I can work on the island.
00785_0009_surprise_0009_001428,0009,surprise,happy,neutral,neutral,happy,happy,happy,happy,True,True,True,True,True,0.8888888888888888,0.30572131276130676,False,0.008000001311302185,0.6914837956428528,18.167029270423175,1.7076715230941772,0.02359972521662712,2.8460164070129395,0.022427638992667198,0.052060113563146444,0.9861801728860208,5,60,,Voxtral_CN,"Right, it's the gate. Two other people asked him.","Right, it's the steering wheel, and two people are fighting over it."
00786_0009_surprise_0009_001603,0009,surprise,happy,neutral,happy,happy,happy,happy,happy,True,True,True,True,True,0.2857142857142857,0.9882193803787231,True,0.008000001311302185,0.7503535151481628,14.199387794773429,0.2721324861049652,0.02059866301715374,0.7859784364700317,0.02998863160610199,0.028458747268170118,0.92430649015124,0,60,,Voxtral_CN,Hope one day I can go there.,I hope one day I can go there.
00787_0009_surprise_0009_001451,0009,surprise,happy,neutral,neutral,neutral,happy,happy,happy,True,True,True,True,True,1.1111111111111112,0.3451387882232666,False,0.008000001311302185,0.9009092450141907,16.02599452679097,2.3557257652282715,0.026017045602202415,2.3060874938964844,0.035562075674533844,0.049078276161924006,0.9889558258494144,4,60,,Voxtral_CN,"No problem, maybe his wife will spill the beans.",It's okay. Yanshen will see the Empress wash the Dragon's strength.
00788_0009_surprise_0009_001536,0009,surprise,happy,neutral,neutral,neutral,happy,happy,happy,True,True,True,True,True,0.0,1.0,True,0.008000001311302185,0.5905097723007202,18.466772800568528,1.4323227405548096,0.017243163660168648,0.39322173595428467,0.022505369037389755,0.02117560607340187,0.9879613978247043,1,60,,Voxtral_CN,I like almost all sports.,I like almost all sports.
00789_0009_surprise_0009_001643,0009,surprise,happy,neutral,neutral,happy,happy,happy,happy,True,True,True,True,True,0.75,0.25116199254989624,False,0.008000001311302185,0.7627477645874023,16.325427097477075,1.7770164012908936,0.025876574218273163,1.8943074941635132,0.03147154301404953,0.04481996387533844,0.9854381905538545,7,60,,Voxtral_CN,"That way, you should pay attention to it.","That kind of feeling, you have to celebrate it."
00790_0009_surprise_0009_001677,0009,surprise,happy,neutral,happy,happy,happy,happy,happy,True,True,True,True,True,0.8333333333333334,0.1256774663925171,False,0.008000001311302185,0.6671815514564514,16.584032981509523,1.4913160800933838,0.01904161646962166,1.8619929552078247,0.025558512657880783,0.03766180160682649,0.9872316695811197,2,60,,Voxtral_CN,"Yes, so I never drink it.","Yes, I can always have him."
00791_0009_surprise_0009_001435,0009,surprise,happy,sad,neutral,neutral,happy,happy,happy,True,True,True,True,True,0.7142857142857143,0.5049870610237122,False,0.008000001311302185,0.705640435218811,20.769604824712342,2.60577654838562,0.025823570787906647,1.7404489517211914,0.021724727004766464,0.04322827755238861,0.9900898752028813,3,60,,Voxtral_CN,Such a good person won't be killed.,This rare wheel will not be killed.
00792_0009_surprise_0009_001586,0009,surprise,happy,angry,angry,angry,happy,happy,happy,True,True,True,True,True,0.9444444444444444,0.030643710866570473,False,0.008000001311302185,1.0601187944412231,13.267141500541218,3.226226329803467,0.03283752128481865,2.908590793609619,0.03893859684467316,0.06192381860688329,0.989821693232905,3,60,,Voxtral_CN,"“Ruan Meizi will say, 'I hate you, I won't pay attention to you anymore' when she is angry.”","Two bridesmaids just got married and said, ""Good luck, I'm going to be with you."""
00793_0009_surprise_0009_001660,0009,surprise,happy,sad,sad,sad,happy,happy,happy,True,True,True,True,True,1.0,0.3330654203891754,False,0.008000001311302185,0.897949755191803,13.141935325920304,4.353669166564941,0.021607859060168266,2.4276082515716553,0.03471451997756958,0.0458842887210846,0.9950368624180012,6,60,,Voxtral_CN,"I'm sad, I'm going to the bar.",Then I'll go play.
00794_0009_surprise_0009_001414,0009,surprise,happy,neutral,happy,happy,happy,happy,happy,True,True,True,True,True,0.6,0.7885557413101196,False,0.008000001311302185,0.769260823726654,18.366049623057922,0.7004453539848328,0.0175214484333992,0.49510765075683594,0.02843017876148224,0.022472809242755177,0.9749852742491335,0,60,,Voxtral_CN,"Whoever you don't know, I'm very willing to help you.",Who do you not know? I'm so happy to help you.
00795_0009_surprise_0009_001587,0009,surprise,happy,surprise,happy,surprise,happy,happy,happy,True,True,True,True,True,0.14285714285714285,0.8723082542419434,True,0.008000001311302185,0.5412512421607971,20.263129799077344,0.43482229113578796,0.02037931978702545,0.6490490436553955,0.020821653306484222,0.02687001844011247,0.9531318421284402,0,60,,Voxtral_CN,Let's throw a surprise party for him.,Let's throw a party for him.
00796_0009_surprise_0009_001463,0009,surprise,happy,neutral,neutral,neutral,happy,happy,happy,True,True,True,True,True,0.625,0.18654897809028625,False,0.008000001311302185,0.6230311989784241,18.926210110380524,1.8182638883590698,0.015004358254373074,1.1894716024398804,0.020397301763296127,0.026899278251789508,0.9917479754449097,3,60,,Voxtral_CN,You know I'm really trying to quit drinking.,You know I’m really enjoying picking grapes.
00797_0009_surprise_0009_001502,0009,surprise,happy,sad,sad,sad,happy,happy,happy,True,True,True,True,True,0.125,0.6553738117218018,False,0.008000001311302185,0.8148953914642334,18.56457584189672,4.010129451751709,0.018852150067687035,1.3845598697662354,0.027554430067539215,0.03269802430965006,0.9952988674568967,4,60,,Voxtral_CN,"I met Mark yesterday, he looked very worried.","I met Mark yesterday, he looked very happy."
00798_0009_surprise_0009_001405,0009,surprise,happy,happy,happy,surprise,happy,happy,happy,True,True,True,True,True,0.5,0.8502943515777588,True,0.008000001311302185,0.6679539680480957,17.419785930863014,0.5556764006614685,0.01014326885342598,0.8818823099136353,0.020261147990822792,0.018962294564042245,0.9817460866767932,0,60,,Voxtral_CN,"We sailed a ship on the Three Gorges, it was really exciting.","We sailed the Three Gorges on a junk, it was really exciting."
00799_0009_surprise_0009_001518,0009,surprise,happy,neutral,neutral,neutral,happy,happy,happy,True,True,True,True,True,2.0,0.38372668623924255,False,0.008000001311302185,0.7136021852493286,17.96120548180471,1.7667453289031982,0.034192636609077454,3.12827467918396,0.030410930514335632,0.06547568751022219,0.9806465391193057,3,60,,Voxtral_CN,Your classmate tricked you.,You're gonna get caught by the little girl.
00500_0010_angry_0010_000574,0010,angry,happy,neutral,neutral,neutral,neutral,happy,happy,False,False,True,True,False,0.2857142857142857,0.48703616857528687,False,0.008000001311302185,0.823364794254303,23.63185224109487,3.979416608810425,0.10263048112392426,1.659279704093933,0.03491588309407234,0.11922362732369453,0.97420966658864,12,60,,Voxtral_CN,This is a bit hard for me.,This is a win-win for me.
00501_0010_angry_0010_000630,0010,angry,happy,neutral,neutral,neutral,happy,happy,happy,True,True,True,True,True,0.7777777777777778,0.22780877351760864,False,0.008000001311302185,0.6487510800361633,26.654916359399255,3.356492519378662,0.025354236364364624,1.8210915327072144,0.02631331793963909,0.043565414824616164,0.9924462109723223,10,60,,Voxtral_CN,You can't get to the center of a circle.,Definitely can't find the turtle's nest anymore.
00502_0010_angry_0010_000440,0010,angry,happy,neutral,neutral,neutral,neutral,happy,happy,False,False,True,True,False,1.2222222222222223,0.4621594250202179,False,0.008000001311302185,0.7434677481651306,24.784797438969953,2.529585361480713,0.137390598654747,1.962483286857605,0.02498842403292656,0.1570156814075634,0.9456865141825757,5,60,,Voxtral_CN,"Not too bad, but I have to lie down.","I'm not very good at climbing, but I can hang on to the bed."
00503_0010_angry_0010_000494,0010,angry,happy,sad,sad,neutral,happy,happy,happy,True,True,True,True,True,0.875,0.21856138110160828,False,0.008000001311302185,0.7635247111320496,18.639066573054638,4.262542724609375,0.0200039055198431,2.2585651874542236,0.03246718645095825,0.04258988206624985,0.9953070486767552,16,60,,Voxtral_CN,Eating less and losing weight is very painful.,Just eating healthy is delicious.
00504_0010_angry_0010_000437,0010,angry,happy,neutral,neutral,neutral,happy,happy,happy,True,True,True,True,True,1.0,0.1342122107744217,False,0.008000001311302185,0.7666900157928467,21.92212043945168,5.160099029541016,0.03566389158368111,2.8702821731567383,0.03858810290694237,0.06436709919627756,0.9930885257473725,8,60,,Voxtral_CN,Isn't there anything? But it's a bit boring.,"It's beautiful, right? Thank you very much."
00505_0010_angry_0010_000461,0010,angry,happy,neutral,happy,happy,happy,happy,happy,True,True,True,True,True,0.625,0.8186936378479004,True,0.008000001311302185,0.5137665271759033,31.21601650460893,0.6669353246688843,0.01719086430966854,1.1369045972824097,0.01898995414376259,0.028560100182034077,0.9742240908918667,0,60,,Voxtral_CN,"Every morning, it's my mom who reminds him.","Every morning, my mom would wake him up."
00506_0010_angry_0010_000653,0010,angry,happy,neutral,neutral,neutral,happy,happy,happy,True,True,True,True,True,3.0,0.07140612602233887,False,0.008000001311302185,0.7211569547653198,24.300826865022604,2.1549134254455566,0.028374895453453064,2.598343849182129,0.027861952781677246,0.05435861256480217,0.9868324661592444,3,60,,Voxtral_CN,I only arrived at 4:00 AM.,"Guan Yi, who was born in 1973, won the first prize in the 1996 Beijing International Mathematical Olympiad."
00507_0010_angry_0010_000435,0010,angry,happy,neutral,neutral,neutral,happy,happy,happy,True,True,True,True,True,1.0,0.48064011335372925,False,0.008000001311302185,0.5285828113555908,31.083977852217714,2.7228546142578125,0.018357403576374054,1.2378103733062744,0.010047969408333302,0.03073560778913088,0.9932580302010073,2,60,,Voxtral_CN,"Yeah, I always worry about his health.","Yeah, he's healthy, I can't help but relax."
00508_0010_angry_0010_000560,0010,angry,happy,neutral,neutral,neutral,happy,happy,happy,True,True,True,True,True,1.1,0.8528621196746826,True,0.008000001311302185,0.7005494236946106,25.255647068643835,1.709004282951355,0.027723409235477448,1.139511227607727,0.019046105444431305,0.03911871197260916,0.9837780340798207,1,60,,Voxtral_CN,It doesn't count that I like some of his songs.,"You don't count, he has some songs that I really like."
00509_0010_angry_0010_000429,0010,angry,happy,neutral,happy,happy,happy,happy,happy,True,True,True,True,True,0.6,0.6010206937789917,False,0.008000001311302185,0.7724392414093018,23.493781637780472,1.0664916038513184,0.028300492092967033,1.972292423248291,0.023822737857699394,0.04802365455282852,0.9734639335267449,1,60,,Voxtral_CN,People definitely call him the father of the Olympic Games.,We all call him the Olympic torchbearer.
00510_0010_angry_0010_000562,0010,angry,happy,neutral,happy,happy,happy,happy,happy,True,True,True,True,True,0.1111111111111111,0.8915145993232727,True,0.008000001311302185,0.5811542868614197,26.344153613445002,0.6268606185913086,0.027023490518331528,0.6651715040206909,0.02534661442041397,0.03367545902468264,0.9568907509630145,0,60,,Voxtral_CN,I will still be with you all the way.,I will still walk with you all the way.
00511_0010_angry_0010_000642,0010,angry,happy,neutral,neutral,neutral,happy,happy,happy,True,True,True,True,True,1.0,0.21082442998886108,False,0.008000001311302185,0.703532338142395,25.68503939083989,2.921151876449585,0.021698355674743652,3.3206276893615723,0.02339867874979973,0.054904866555146876,0.99257198646545,3,60,,Voxtral_CN,That day I may have to talk to him.,"If the sky is blue, then he loves her."
00512_0010_angry_0010_000673,0010,angry,happy,neutral,neutral,neutral,happy,happy,happy,True,True,True,True,True,0.0,0.9999998807907104,True,0.008000001311302185,0.6972784996032715,21.905033556904982,1.785022497177124,0.01934703066945076,0.7557018399238586,0.032687149941921234,0.026904375940188765,0.9891614639591116,2,60,,Voxtral_CN,You're so nice to everyone.,You're so nice to everyone.
00513_0010_angry_0010_000368,0010,angry,happy,neutral,happy,happy,happy,happy,happy,True,True,True,True,True,1.0,0.6604204773902893,False,0.008000001311302185,0.3354412615299225,31.007854061524508,0.5567688941955566,0.017139235511422157,1.0069023370742798,0.008421349339187145,0.027208343095658345,0.9692166073031331,0,60,,Voxtral_CN,I agree. Let's go play.,"I can't wait, let's go play there."
00514_0010_angry_0010_000393,0010,angry,happy,neutral,happy,happy,happy,happy,happy,True,True,True,True,True,0.8181818181818182,0.22569170594215393,False,0.00800000037997961,0.3448886275291443,33.89534850687573,0.36499521136283875,0.011881235986948013,1.4636032581329346,0.007597589399665594,0.026517344544171356,0.96744824146436,0,60,,Voxtral_CN,"That way, we can choose to be kind to each other.","So, we can write a good song in the spring."
00515_0010_angry_0010_000403,0010,angry,happy,neutral,neutral,happy,happy,happy,happy,True,True,True,True,True,0.3,0.7642644643783569,False,0.00800000037997961,0.5251668691635132,26.274750704190847,1.0009641647338867,0.011880524456501007,0.8943672776222229,0.01774865947663784,0.020824374719318,0.9881309192925408,2,60,,Voxtral_CN,I will definitely do it. Then I won't ask anymore.,I will definitely do it! Then I won't be bored.
00516_0010_angry_0010_000556,0010,angry,happy,neutral,happy,happy,happy,happy,happy,True,True,True,True,True,0.8333333333333334,0.2623586058616638,False,0.008000001311302185,0.528227686882019,30.02899688922914,1.1408178806304932,0.019134163856506348,2.059053659439087,0.013982239179313183,0.03972484027328901,0.9832276788597216,1,60,,Voxtral_CN,"Yes, I know, Hanan Jinren Qi.","Eat it, I know, it's delicious!"
00517_0010_angry_0010_000677,0010,angry,happy,angry,neutral,neutral,happy,happy,happy,True,True,True,True,True,1.2,0.2583220601081848,False,0.008000001311302185,0.6441769003868103,27.64543850978283,2.546720027923584,0.032278843224048615,2.6662957668304443,0.01976204290986061,0.05894199851278215,0.9873253271383873,7,60,,Voxtral_CN,"I hate being angry, sometimes I don't understand, you know?","I don't dislike eating wrong, I'm not a doctor, I'm just a fan."
00518_0010_angry_0010_000700,0010,angry,happy,angry,neutral,neutral,happy,happy,happy,True,True,True,True,True,0.45454545454545453,0.6506077647209167,False,0.008000001311302185,0.636940598487854,26.246231134149557,3.191779613494873,0.06315351277589798,1.61819326877594,0.021768998354673386,0.07933566315364093,0.9802136988064952,8,60,,Voxtral_CN,"It's a very bad pronunciation, the boss should not learn it.","It's a very nice Zang language, the boss can't learn it."
00519_0010_angry_0010_000532,0010,angry,happy,neutral,happy,happy,happy,happy,happy,True,True,True,True,True,8.0,0.8326548337936401,True,0.008000001311302185,0.5899597406387329,27.638384378475152,1.0216419696807861,0.035100486129522324,1.530707836151123,0.022178372368216515,0.05040778627475724,0.9656430656030218,3,60,,Voxtral_CN,“大约足够支撑我生活三个月的。”,About enough to support me for three months.
00520_0010_angry_0010_000588,0010,angry,happy,neutral,neutral,happy,happy,happy,happy,True,True,True,True,True,1.3333333333333333,0.241995707154274,False,0.008000001311302185,0.7090417146682739,22.087338245777282,1.5627858638763428,0.01576898992061615,2.597663164138794,0.03409559279680252,0.04174596251793206,0.9899096925016313,4,60,,Voxtral_CN,I don't think so. We should follow Xiao Xi.,"We don't think of the world as ending, we just look at the sky."
00521_0010_angry_0010_000553,0010,angry,happy,neutral,happy,happy,happy,happy,happy,True,True,True,True,True,0.625,0.9936038255691528,True,0.00800000037997961,0.39590340852737427,35.37660307173986,0.5922685861587524,0.01811755821108818,0.42575550079345703,0.01097835972905159,0.02237522300262004,0.9694098950467855,0,60,,Voxtral_CN,I hope I can go there one day.,I hope one day I can go there.
00522_0010_angry_0010_000351,0010,angry,happy,neutral,happy,happy,happy,happy,happy,True,True,True,True,True,0.0,0.9999999403953552,True,0.00800000037997961,0.4529118239879608,28.755824469059913,0.4735862910747528,0.018499137833714485,0.8068461418151855,0.008480079472064972,0.02656768405266106,0.960938189761083,0,60,,Voxtral_CN,"Look far away, they are really beautiful.","Look far away, they are really beautiful."
00523_0010_angry_0010_000641,0010,angry,happy,neutral,happy,happy,happy,happy,happy,True,True,True,True,True,0.0,1.0,True,0.008000001311302185,0.46717098355293274,27.7493228305646,0.7720378637313843,0.024994155392050743,0.6910699009895325,0.015513967722654343,0.0319050095416233,0.9676257388837771,0,60,,Voxtral_CN,"In the south of France, the weather is usually pleasant.","In the south of France, the weather is usually pleasant."
00524_0010_angry_0010_000602,0010,angry,happy,neutral,neutral,neutral,happy,happy,happy,True,True,True,True,True,0.25,0.8165764212608337,True,0.008000001311302185,0.6385840773582458,19.22469824141856,1.7019848823547363,0.016513679176568985,0.8093256950378418,0.03384481742978096,0.024607274575121702,0.9902973996139602,6,60,,Voxtral_CN,I'm a game enthusiast.,I'm a game designer.
00525_0010_neutral_0010_000230,0010,neutral,happy,neutral,neutral,happy,happy,happy,happy,True,True,True,True,True,0.8461538461538461,0.4504964351654053,False,0.008000001311302185,0.7724878191947937,17.00426940553527,1.1944774389266968,0.08068208396434784,1.7135039567947388,0.03183309733867645,0.09781744186326861,0.9324540746145485,10,60,,Voxtral_CN,Then I won’t bother you anymore. I’m not brave enough to go out.,"I'm sorry to bother you, I want to ask you out."
00526_0010_neutral_0010_000030,0010,neutral,happy,neutral,neutral,neutral,happy,happy,happy,True,True,True,True,True,2.2857142857142856,0.44308823347091675,False,0.008000001311302185,0.7898296117782593,19.263140868155634,2.228771209716797,0.023339927196502686,2.0996694564819336,0.026514876633882523,0.044336886910088365,0.9895278945210942,6,60,,Voxtral_CN,"Unless you're playing dodgeball, but that's impossible.","If you don't fly, you miss out on the beauty of it. It's just not possible."
00527_0010_neutral_0010_000339,0010,neutral,happy,neutral,neutral,neutral,happy,happy,happy,True,True,True,True,True,2.2,0.12438169866800308,False,0.008000001311302185,1.0091147422790527,10.925295071426744,2.8966939449310303,0.020277749747037888,3.6947078704833984,0.05499706417322159,0.0572253784225136,0.9929996920169898,5,60,,Voxtral_CN,Don't ask a woman's age.,"We all love Rembrandt, him, Kaiju Rings, I mean, how long."
00528_0010_neutral_0010_000026,0010,neutral,happy,neutral,neutral,neutral,happy,happy,happy,True,True,True,True,True,0.625,0.5561954379081726,False,0.008000001311302185,0.8185644745826721,18.827622503306724,3.6099507808685303,0.020095767453312874,2.196589469909668,0.02672959491610527,0.042061929448358716,0.9944332295166424,11,60,,Voxtral_CN,"Yes, he is very cunning, often deceiving others.","Yes, the spirit of often harassing others."
00529_0010_neutral_0010_000142,0010,neutral,happy,neutral,happy,happy,happy,happy,happy,True,True,True,True,True,0.875,0.8471131920814514,True,0.008000001311302185,0.6525644659996033,18.055070223488,1.1719658374786377,0.028460703790187836,1.0429503917694092,0.020473560318350792,0.038890412443485116,0.9757154151767614,2,60,,Voxtral_CN,"Yes, I am still a wet-behind-the-ears young reporter.","Yes, and I am a reporter who is still young."
00530_0010_neutral_0010_000105,0010,neutral,happy,sad,sad,sad,happy,happy,happy,True,True,True,True,True,1.0,0.3018994927406311,False,0.008000001311302185,0.8697523474693298,14.958026313145877,2.5937628746032715,0.02672036737203598,2.1786880493164062,0.03756663575768471,0.04850762353155762,0.9896982227505577,2,60,,Voxtral_CN,We still argue a lot even when we are together.,"We two, why not come? We often laugh in the courtyard."
00531_0010_neutral_0010_000243,0010,neutral,happy,neutral,neutral,neutral,happy,happy,happy,True,True,True,True,True,0.6666666666666666,0.3170414865016937,False,0.008000001311302185,0.7065205574035645,18.86405476208467,1.5953707695007324,0.01776290312409401,2.0344197750091553,0.03437025099992752,0.038107444576695564,0.9888659718081378,4,60,,Voxtral_CN,That way you should be careful.,"That way, you should wear a smile."
00532_0010_neutral_0010_000035,0010,neutral,happy,neutral,neutral,neutral,happy,happy,happy,True,True,True,True,True,1.7142857142857142,0.3211401104927063,False,0.008000001311302185,0.8184190988540649,15.966842337309444,2.069291114807129,0.03397739306092262,4.053539276123047,0.03358812630176544,0.0745131217034161,0.9835801773767875,5,60,,Voxtral_CN,Such innocent people will not be killed.,"If you come to this place, you won't be bored for a day."
00533_0010_neutral_0010_000177,0010,neutral,happy,sad,neutral,happy,happy,happy,happy,True,True,True,True,True,1.0,0.541169285774231,False,0.008000001311302185,0.6368609070777893,18.074311376100432,1.0987193584442139,0.0188499316573143,1.1673414707183838,0.025103438645601273,0.030523597398884595,0.9828437248215907,2,60,,Voxtral_CN,You've been in my mind for a long time.,You have stirred up my heart so much.
00534_0010_neutral_0010_000338,0010,neutral,happy,neutral,neutral,happy,happy,happy,happy,True,True,True,True,True,1.0,0.5315143465995789,False,0.008000001311302185,0.8880510926246643,8.034587944334918,2.3075506687164307,0.020308852195739746,1.9842233657836914,0.044768400490283966,0.04015153353758156,0.9911989572012143,2,60,,Voxtral_CN,Young people must take responsibility.,Young people should have a bright future.
00535_0010_neutral_0010_000082,0010,neutral,happy,neutral,neutral,neutral,happy,happy,happy,True,True,True,True,True,1.0,0.9396543502807617,True,0.008000001311302185,0.8288823962211609,13.585980173408021,1.9660327434539795,0.0414118617773056,0.6370564699172974,0.02955833077430725,0.047782722059786314,0.9789363315971269,3,60,,Voxtral_CN,I heard you are going to Hong Kong to see your uncle.,你經常說你要去香港看你叔叔。
00536_0010_neutral_0010_000024,0010,neutral,happy,sad,happy,happy,happy,happy,happy,True,True,True,True,True,0.14285714285714285,0.8658690452575684,True,0.008000001311302185,0.568246603012085,19.96191648743482,1.3077651262283325,0.01059065293520689,0.9107367396354675,0.01636539213359356,0.0196981839854829,0.9919017163534931,1,60,,Voxtral_CN,Your image is always in my mind.,Your image is always in my heart.
00537_0010_neutral_0010_000347,0010,neutral,happy,neutral,happy,happy,happy,happy,happy,True,True,True,True,True,0.75,0.4707503914833069,False,0.008000001311302185,0.8359731435775757,15.221553109025034,1.4166736602783203,0.028428716585040092,2.458059787750244,0.03623998910188675,0.053009676862433554,0.9799327697110886,5,60,,Voxtral_CN,These two pieces were made during different periods of the Tang Dynasty.,These two pieces are the beauty of the hidden treasure of the Chu Kingdom.
00538_0010_neutral_0010_000246,0010,neutral,happy,neutral,happy,happy,happy,happy,happy,True,True,True,True,True,3.5,-0.003986494615674019,False,0.008000001311302185,0.8034769892692566,16.474552695091138,1.3232234716415405,0.01913926936686039,5.6471710205078125,0.035746023058891296,0.0756113370321691,0.985535875249313,1,60,,Voxtral_CN,Belt is really indispensable for men.,"Dinh Tài Phủ in the town of Lại Phước, in the district of Phước Long, is famous for its many fruit trees."
00539_0010_neutral_0010_000110,0010,neutral,happy,neutral,neutral,neutral,happy,happy,happy,True,True,True,True,True,1.0,0.5698779821395874,False,0.008000001311302185,0.7999380230903625,9.445729049322821,2.8307394981384277,0.016275957226753235,3.0188820362091064,0.037562113255262375,0.04646515320997685,0.994250280805614,8,60,,Voxtral_CN,自己的事情要自己做。,自己在收拾小狗的自己做的想法。
00540_0010_neutral_0010_000087,0010,neutral,happy,neutral,neutral,neutral,happy,happy,happy,True,True,True,True,True,1.125,0.35479772090911865,False,0.008000001311302185,0.9668422341346741,12.298952498248436,5.171043395996094,0.018568985164165497,2.060795545578003,0.04256614297628403,0.03917736628137529,0.9964090448015688,3,60,,Voxtral_CN,"It's not much, but it's kind of boring.","Yes, there is nothing, but this is a happy thing."
00541_0010_neutral_0010_000091,0010,neutral,happy,neutral,neutral,neutral,happy,happy,happy,True,True,True,True,True,1.0,0.07287485897541046,False,0.008000001311302185,1.1419801712036133,11.864207085664503,3.260932445526123,0.018415415659546852,2.064225912094116,0.05651390179991722,0.039058239919506015,0.994352714762671,4,60,,Voxtral_CN,"If you need help, please let me know.",I like to kiss them.
00542_0010_neutral_0010_000151,0010,neutral,happy,neutral,happy,happy,happy,happy,happy,True,True,True,True,True,0.125,0.9971747398376465,True,0.00800000037997961,0.5347936153411865,21.333594258729534,0.41535550355911255,0.01591680757701397,0.5680860280990601,0.015628419816493988,0.021597824142202737,0.9616790738520966,0,60,,Voxtral_CN,"I love you most, don't shoot, I surrender.","I love you the most, don't shoot, I surrender."
00543_0010_neutral_0010_000005,0010,neutral,happy,surprise,happy,surprise,happy,happy,happy,True,True,True,True,True,0.5384615384615384,0.7701575756072998,False,0.008000001311302185,0.6166349649429321,23.46306312774899,2.0404040813446045,0.03246365115046501,0.8863000273704529,0.018452417105436325,0.04132683594834059,0.9840895970326271,2,60,,Voxtral_CN,"We sailed on a ship to the Three Gorges, it was really exciting.","We took a boat to drift on the river, it was really exciting."
00544_0010_neutral_0010_000029,0010,neutral,happy,neutral,happy,happy,happy,happy,happy,True,True,True,True,True,0.4,0.8072642087936401,True,0.00800000037997961,0.56708824634552,19.58923928715667,0.3042846918106079,0.014534826390445232,0.7343313097953796,0.01958676427602768,0.02187833535604179,0.9522328044044622,0,60,,Voxtral_CN,"Very cute, just like you.","""Very cute, just like you."""
00545_0010_neutral_0010_000275,0010,neutral,happy,neutral,neutral,happy,happy,happy,happy,True,True,True,True,True,1.2,0.700833797454834,False,0.008000001311302185,0.6430402994155884,20.198533368588283,1.3227040767669678,0.0191100612282753,1.8446553945541382,0.025327153503894806,0.03755686844535172,0.9855522776681953,4,60,,Voxtral_CN,Then find a music player.,Then find a bit of music to get you going.
00546_0010_neutral_0010_000340,0010,neutral,happy,happy,happy,happy,happy,happy,happy,True,True,True,True,True,0.7272727272727273,0.7590634822845459,False,0.008000001311302185,1.0074747800827026,8.820470570416642,0.06924140453338623,0.020955901592969894,1.3661181926727295,0.04339652508497238,0.03461751748494804,0.6973501370431393,0,60,,Voxtral_CN,"Every night I say good night to you, it's really happy.",Every night I would tell you good night and wish you good luck.
00547_0010_neutral_0010_000350,0010,neutral,happy,neutral,neutral,neutral,happy,happy,happy,True,True,True,True,True,1.2,-0.07000453770160675,False,0.008000001311302185,1.1500818729400635,5.37772965096824,2.5459675788879395,0.02362487092614174,3.2384233474731445,0.055066220462322235,0.05600965506307781,0.9907206709456761,4,60,,Voxtral_CN,"It's very bad language, the owner should not learn it.","It was my friend's first time playing soccer, and he did well."
00548_0010_neutral_0010_000158,0010,neutral,happy,neutral,neutral,neutral,happy,happy,happy,True,True,True,True,True,2.1666666666666665,0.18219304084777832,False,0.008000001311302185,1.1627146005630493,9.093225714727062,5.85650634765625,0.013195091858506203,4.543562412261963,0.0512862354516983,0.05863122884348035,0.997746934592876,5,60,,Voxtral_CN,My personality is calm and objective.,What I want to do is to make it a little bit more fun.
00549_0010_neutral_0010_000031,0010,neutral,happy,neutral,neutral,neutral,happy,happy,happy,True,True,True,True,True,0.9411764705882353,0.3693634867668152,False,0.008000001311302185,0.6827101111412048,17.790870137755984,2.720069646835327,0.07565757632255554,1.0745693445205688,0.03007592260837555,0.08640357052698731,0.9721854267920751,5,60,,Voxtral_CN,"I'm sorry, I didn't hear you. Could you please repeat what time you want to be reminded?",What time of day do you like?
00550_0010_sad_0010_001292,0010,sad,happy,neutral,neutral,neutral,happy,happy,happy,True,True,True,True,True,1.25,0.12069259583950043,False,0.008000001311302185,0.9964480996131897,9.699371113191305,2.58583664894104,0.01690683513879776,4.249044418334961,0.038330793380737305,0.05939766263008118,0.9934617543820019,5,60,,Voxtral_CN,To prevent fish from eating the dead body.,"Because you didn't let me miss one, I ate two."
00551_0010_sad_0010_001337,0010,sad,happy,neutral,happy,happy,happy,happy,happy,True,True,True,True,True,0.5384615384615384,0.688355565071106,False,0.008000001311302185,0.7262864112854004,16.21583466239781,0.5815244317054749,0.008763991296291351,1.0727490186691284,0.018353912979364395,0.01949166502211243,0.9849292810095895,0,60,,Voxtral_CN,I like to listen so much that I keep listening over and over.,I like to listen to it so much that I can't help but repeat it.
00552_0010_sad_0010_001122,0010,sad,happy,angry,angry,angry,happy,happy,happy,True,True,True,True,True,1.0,0.07341466844081879,False,0.008000001311302185,0.9357779622077942,17.392499053004066,4.453582286834717,0.021020349115133286,3.6961686611175537,0.028402743861079216,0.05798231975374744,0.9952801255795202,7,60,,Voxtral_CN,"All the data is gone, I'm so pissed off.","The sound of Charlobo's cheeks, I swear."
00553_0010_sad_0010_001272,0010,sad,happy,neutral,neutral,neutral,happy,happy,happy,True,True,True,True,True,1.7142857142857142,0.2305014431476593,False,0.008000001311302185,0.8743791580200195,14.25476926801622,2.29571533203125,0.029629474505782127,2.034599542617798,0.035015590488910675,0.049975820087865,0.9870935764149965,2,60,,Voxtral_CN,My old friend Hansan lives in London.,My old friend Han San is waiting for me at the mouth of the river.
00554_0010_sad_0010_001151,0010,sad,happy,neutral,neutral,surprise,happy,happy,happy,True,True,True,True,True,1.875,0.30854934453964233,False,0.008000001311302185,1.0486730337142944,5.463006224778413,0.7029661536216736,0.0093752546235919,2.8454697132110596,0.037795573472976685,0.03783032971143723,0.9866632915748637,0,60,,Voxtral_CN,"Soon, cars will be able to open automatically.","I want to count cars, but I can't, it's just too cute, that's too funny."
00555_0010_sad_0010_001159,0010,sad,happy,neutral,neutral,neutral,happy,happy,happy,True,True,True,True,True,3.0,0.24265557527542114,False,0.008000001311302185,1.1109501123428345,4.469932342855399,5.261776924133301,0.02491525374352932,2.708904266357422,0.05690433084964752,0.05200486545041203,0.9952648593616247,2,60,,Voxtral_CN,I'm actually quite hungry.,It feels good to be back. I think I'm going to do well.
00556_0010_sad_0010_001195,0010,sad,happy,neutral,happy,happy,happy,happy,happy,True,True,True,True,True,0.45454545454545453,0.7291354537010193,False,0.008000001311302185,1.0052422285079956,5.387165237025092,0.5816474556922913,0.026460621505975723,1.017114520072937,0.035047754645347595,0.03663211718425155,0.9545074576583824,0,60,,Voxtral_CN,"Listen to the sounds of nature, it's like listening to music.","I hear the laughter of nature, it's like hearing music."
00557_0010_sad_0010_001215,0010,sad,happy,sad,sad,sad,happy,happy,happy,True,True,True,True,True,1.4,0.07645568251609802,False,0.008000001311302185,1.321466326713562,2.21929408113101,3.294062376022339,0.021875329315662384,4.11747407913208,0.04988724738359451,0.06305056897945702,0.9933591636045225,3,60,,Voxtral_CN,"Actually, we broke up yesterday.","Sure, I will tell you a joke."
00558_0010_sad_0010_001390,0010,sad,happy,happy,happy,happy,happy,happy,happy,True,True,True,True,True,0.7857142857142857,0.7787158489227295,False,0.008000001311302185,0.6085784435272217,13.565211533884327,0.10363887250423431,0.023542998358607292,1.3775066137313843,0.021950170397758484,0.037318283997625115,0.7728362168582507,0,60,,Voxtral_CN,"Every night, I'll send you a message to say good night. It's so happy.","Every night I talk to you until late, and I'm happy."
00559_0010_sad_0010_001389,0010,sad,happy,neutral,neutral,neutral,happy,happy,happy,True,True,True,True,True,2.0,0.0017802324146032333,False,0.008000001311302185,1.0485150814056396,7.806859898342556,3.6704063415527344,0.017797427251935005,3.509082555770874,0.05492144823074341,0.052888802024126054,0.9951511016503949,6,60,,Voxtral_CN,Don't ask a woman's age.,"I was honored, I felt very happy, I love it."
00560_0010_sad_0010_001275,0010,sad,happy,neutral,happy,happy,happy,happy,happy,True,True,True,True,True,0.0,0.9999999403953552,True,0.008000001311302185,0.8377856016159058,10.233743037389377,0.8723229765892029,0.016668688505887985,0.9057208299636841,0.02351972833275795,0.025726132002808152,0.9808916090103887,0,60,,Voxtral_CN,"Almost, we both are very enthusiastic.","Almost, we both are very enthusiastic."
00561_0010_sad_0010_001085,0010,sad,happy,neutral,neutral,neutral,happy,happy,happy,True,True,True,True,True,0.625,0.5255033373832703,False,0.008000001311302185,0.7526100277900696,20.281741833122332,1.633939266204834,0.030876632779836655,1.0773577690124512,0.023241078481078148,0.04165044288074598,0.9811029495291131,5,60,,Voxtral_CN,"So, the poor people will not be killed.","So, the people of Mogadishu will no longer be killed."
00562_0010_sad_0010_001321,0010,sad,happy,happy,happy,happy,happy,happy,happy,True,True,True,True,True,6.0,0.09584923833608627,False,0.008000001311302185,1.1623073816299438,6.782268766570488,0.0746343657374382,0.02824578806757927,3.707340955734253,0.03547442704439163,0.06531955236919225,0.6215444750083731,0,60,,Voxtral_CN,很大，让人兴奋，但是草坪。,I'm not sure what you're saying.
00563_0010_sad_0010_001333,0010,sad,happy,neutral,neutral,neutral,happy,happy,happy,True,True,True,True,True,25.5,0.00681130588054657,False,0.008000001311302185,1.0792038440704346,14.933474121223417,2.02392578125,0.03646775335073471,1.914955496788025,0.031019583344459534,0.0556176185144484,0.9819816745808674,4,60,,Voxtral_CN,I think all Chinese people play ping pong.,"I will be back, I will be back, I will be back, I will be back, I will be back, I will be back, I will be back, I will be back, I will be back, I will be back, I will be back, I will be back, I will be back, I will be back, I will be back, I will be back, I will be back, I will be back, I will be back, I will be back, I will be back, I will be back, I will be back, I will be back, I will be back, I will be back, I will be back, I will be back, I will be back, I will be back, I will be back, I will be back, I will be back, I will be back, I will be back, I will be back, I will be back, I will be back, I will be back, I will be back, I will be back, I will be back, I will be back, I will be back, I will be back, I will be back, I will be back, I will be back, I will be back, I will be back, I will be back, I"
00564_0010_sad_0010_001161,0010,sad,happy,neutral,happy,happy,happy,happy,happy,True,True,True,True,True,2.0,0.6177802085876465,False,0.008000001311302185,0.9213272929191589,7.807418063257736,0.7883650660514832,0.013008465990424156,2.3858063220977783,0.027079587802290916,0.03686680000727996,0.9834994388379271,0,60,,Voxtral_CN,"Every morning, it's my mother who helps him remember.","Every morning, one person would come to the door, it was my mother, and he would be happy to see her."
00565_0010_sad_0010_001254,0010,sad,happy,neutral,neutral,happy,happy,happy,happy,True,True,True,True,True,1.0,0.06265223771333694,False,0.008000001311302185,1.1355031728744507,8.403746854563257,2.270282745361328,0.013133293949067593,3.493211507797241,0.04140531271696091,0.04806582308016717,0.9942151285006673,1,60,,Voxtral_CN,"You just bought clothes yesterday, you really are a shopaholic.",I just love the home games. I wish them good luck.
00566_0010_sad_0010_001089,0010,sad,happy,neutral,happy,happy,happy,happy,happy,True,True,True,True,True,0.5454545454545454,0.602736234664917,False,0.008000001311302185,1.0663248300552368,12.416215968245973,1.203055739402771,0.015299420803785324,1.9564626216888428,0.036926209926605225,0.034864416282773016,0.9872828662025416,3,60,,Voxtral_CN,"Don't wake up the day, when you leave, close the door.","Don't rush to the day, when you go, feel happy."
00567_0010_sad_0010_001077,0010,sad,happy,neutral,neutral,neutral,happy,happy,happy,True,True,True,True,True,1.0,0.4094287157058716,False,0.008000001311302185,0.7374352216720581,19.124879261108635,1.3359683752059937,0.020093753933906555,2.1560933589935303,0.024456899613142014,0.041654932092837986,0.984959408989896,6,60,,Voxtral_CN,工厂不把它直接放到大厅里。,一個工場，一個把他直接排列大氣的
00568_0010_sad_0010_001323,0010,sad,happy,neutral,neutral,neutral,happy,happy,happy,True,True,True,True,True,1.0,0.4228042960166931,False,0.008000001311302185,1.0518690347671509,10.878308351114242,3.1346936225891113,0.04105279967188835,2.739809274673462,0.047335248440504074,0.06845136577110737,0.9869037282061458,6,60,,Voxtral_CN,But many people often overlook the plum blossom.,在梅花，往往被海棠怀恋。
00569_0010_sad_0010_001062,0010,sad,happy,neutral,neutral,happy,happy,happy,happy,True,True,True,True,True,1.0,0.7299850583076477,False,0.008000001311302185,0.5250222086906433,24.982451533504143,0.9050769805908203,0.013234096579253674,1.3359363079071045,0.016225872561335564,0.026593621917050333,0.9853779326366088,0,60,,Voxtral_CN,You always talk like this when you're dating.,"Every time you talk to me, it's like this."
00570_0010_sad_0010_001081,0010,sad,happy,neutral,neutral,neutral,happy,happy,happy,True,True,True,True,True,1.0769230769230769,0.4379267692565918,False,0.008000001311302185,0.9128454923629761,16.39580913540818,3.0114245414733887,0.015276155434548855,1.6160334348678589,0.031213384121656418,0.03143680191706866,0.9949272660748542,8,60,,Voxtral_CN,I didn't hear you. What time do you want me to remind you?,"“Mei Ting Qi, you're some of the funniest people I know. When's your birthday?”"
00571_0010_sad_0010_001097,0010,sad,happy,neutral,neutral,happy,happy,happy,happy,True,True,True,True,True,0.42857142857142855,0.6841298341751099,False,0.008000001311302185,0.8215270638465881,16.014525651396145,1.2500736713409424,0.04815521836280823,0.21429221332073212,0.024786464869976044,0.05029838836066425,0.9614780956780311,1,60,,Voxtral_CN,This is the largest zoo in Taiwan.,This is the largest zoo in the Taiwuan area.
00572_0010_sad_0010_001232,0010,sad,happy,neutral,neutral,neutral,happy,happy,happy,True,True,True,True,True,1.0,0.22462740540504456,False,0.008000001311302185,1.2043240070343018,5.998309373835214,2.505159378051758,0.01679861918091774,3.0246529579162598,0.044559329748153687,0.04704559435337782,0.9932943910363172,3,60,,Voxtral_CN,About enough to support me living for three months.,大概数过几十年，我送过闪亮的感情。
00573_0010_sad_0010_001194,0010,sad,happy,sad,sad,sad,happy,happy,happy,True,True,True,True,True,2.75,0.1621977835893631,False,0.008000001311302185,1.1016476154327393,3.826105347752087,3.799290657043457,0.015630733221769333,4.035944938659668,0.04156535863876343,0.05599059826195241,0.9958858811728996,4,60,,Voxtral_CN,"""Fasting is very painful.""","""Korean singer's name is my nickname, I think it's a good name."""
00574_0010_sad_0010_001060,0010,sad,happy,neutral,neutral,happy,happy,happy,happy,True,True,True,True,True,1.0,0.5186392068862915,False,0.008000001311302185,0.7320526242256165,17.74675623059226,1.40843665599823,0.01831592619419098,3.0626819133758545,0.02722838893532753,0.04894301761183888,0.9869955626927293,3,60,,Voxtral_CN,"Personal collectors, they must have.","Personal collection award, they have accepted you."
00575_0010_surprise_0010_001615,0010,surprise,happy,neutral,happy,happy,happy,happy,happy,True,True,True,True,True,0.3333333333333333,0.7222867012023926,False,0.00800000037997961,0.16836164891719818,41.395875182805995,0.31613999605178833,0.016583040356636047,1.0000478029251099,0.0020244228653609753,0.0265835386301158,0.9475452629729283,0,60,,Voxtral_CN,"Bye bye, tomorrow I will come to talk with Xiao Kai Ai.","Bye bye, tomorrow I will come to chat with you again."
00576_0010_surprise_0010_001482,0010,surprise,happy,neutral,neutral,surprise,happy,happy,happy,True,True,True,True,True,0.8,0.4004579186439514,False,0.008000001311302185,0.46751168370246887,28.435063003576385,1.7306430339813232,0.013930531218647957,1.523612380027771,0.013477344065904617,0.029166789792366324,0.9919506617221918,3,60,,Voxtral_CN,I heard you're going to Tokyo to see your uncle.,Heard that the cow is going to the village to see her uncle.
00577_0010_surprise_0010_001640,0010,surprise,happy,neutral,neutral,neutral,happy,happy,happy,True,True,True,True,True,0.0,0.9999998807907104,True,0.008000001311302185,0.6535870432853699,25.27389967931425,2.040648937225342,0.26832911372184753,0.7280814051628113,0.03178275376558304,0.2756102456010133,0.8685079491984089,9,60,,Voxtral_CN,About one hour.,About one hour.
00578_0010_surprise_0010_001644,0010,surprise,happy,neutral,neutral,neutral,happy,happy,happy,True,True,True,True,True,1.4,0.2246515452861786,False,0.008000001311302185,0.9061291813850403,26.536984016336444,2.2604031562805176,0.029191195964813232,5.551590442657471,0.028938956558704376,0.08470738978095353,0.9870858453352864,6,60,,Voxtral_CN,My direct relatives are few.,"Oh, that's a bit of a challenge."
00579_0010_surprise_0010_001451,0010,surprise,happy,neutral,neutral,neutral,happy,happy,happy,True,True,True,True,True,0.5555555555555556,0.5332523584365845,False,0.008000001311302185,0.7450360059738159,23.686837872627997,2.3117966651916504,0.06880798935890198,1.74556303024292,0.02344522438943386,0.08626385411357507,0.9702361412684201,8,60,,Voxtral_CN,No problem. Maybe his wife will leak the secret.,No problem! Maybe Pa will tell a secret.
00580_0010_surprise_0010_001692,0010,surprise,happy,neutral,neutral,happy,happy,happy,happy,True,True,True,True,True,0.4444444444444444,0.8268445730209351,True,0.008000001311302185,0.5980347394943237,28.636652304163725,1.0724048614501953,0.0240951981395483,1.865017294883728,0.016296155750751495,0.042745534049943086,0.9775316216797406,4,60,,Voxtral_CN,"That day, I may have to talk to him.","Today, I also got to talk to him."
00581_0010_surprise_0010_001503,0010,surprise,happy,neutral,happy,happy,happy,happy,happy,True,True,True,True,True,0.42857142857142855,0.9399405717849731,True,0.008000001311302185,0.48417583107948303,27.25660415631544,0.7551888823509216,0.020987730473279953,0.7421426177024841,0.01082815881818533,0.028409264931892976,0.9722086342055982,0,60,,Voxtral_CN,"Feels very warm. Okay, see you later.","Feels so warm! Okay, see you later!"
00582_0010_surprise_0010_001442,0010,surprise,happy,surprise,happy,surprise,happy,happy,happy,True,True,True,True,True,1.0,0.5951255559921265,False,0.008000001311302185,0.5464191436767578,30.076396360497668,0.8277108073234558,0.017692256718873978,1.4499300718307495,0.01249354612082243,0.03219168237264268,0.9786250746488561,0,60,,Voxtral_CN,"I will warm the womb for you, just kidding.","I will warm up the nest, I will be back to see you."
00583_0010_surprise_0010_001662,0010,surprise,happy,neutral,happy,happy,happy,happy,happy,True,True,True,True,True,1.0,0.3177753686904907,False,0.008000001311302185,0.34616777300834656,31.08117084109551,1.2702758312225342,0.015640130266547203,3.277632236480713,0.008975349366664886,0.048416542384848,0.9876876109250265,1,60,,Voxtral_CN,It seems that he was soaked by the tank.,"The soup smells good, I'm going to drink it."
00584_0010_surprise_0010_001697,0010,surprise,happy,neutral,happy,happy,happy,happy,happy,True,True,True,True,True,0.0,0.9999999403953552,True,0.00800000037997961,0.43272829055786133,31.0646053131777,0.980604350566864,0.03429671376943588,0.2356627881526947,0.0125883175060153,0.03665346753413789,0.9650249218763819,0,60,,Voxtral_CN,"Three, two sons, one daughter.","Three, two sons, one daughter."
00585_0010_surprise_0010_001710,0010,surprise,happy,neutral,happy,happy,happy,happy,happy,True,True,True,True,True,0.5,0.9772961139678955,True,0.008000001311302185,0.5425792932510376,29.884018855347616,0.2987518310546875,0.01672954112291336,0.6854668259620667,0.013396326452493668,0.023584343345798554,0.9440018792057179,0,60,,Voxtral_CN,I let you start this game. I don't want to miss today.,"This game, I let you start. Today, I don't want to miss it."
00586_0010_surprise_0010_001569,0010,surprise,happy,neutral,neutral,neutral,happy,happy,happy,True,True,True,True,True,0.6,0.41381970047950745,False,0.008000001311302185,0.6360709071159363,26.233861179013385,1.8912382125854492,0.022599291056394577,1.5270103216171265,0.01740065962076187,0.037869568279162054,0.9880505317066856,2,60,,Voxtral_CN,"Let me think again, the truth has already been revealed.","Let me think again, I am already on the ship."
00587_0010_surprise_0010_001650,0010,surprise,happy,neutral,happy,happy,happy,happy,happy,True,True,True,True,True,0.0,1.0,True,0.00800000037997961,0.4974586069583893,30.505875430289894,1.2350335121154785,0.021854721009731293,0.2864046096801758,0.013321511447429657,0.024718900321647523,0.982304349804811,5,60,,Voxtral_CN,"I don't need to turn my head, I don't need a neck.","I don't need to turn my head, I don't need a neck."
00588_0010_surprise_0010_001469,0010,surprise,happy,neutral,neutral,neutral,happy,happy,happy,True,True,True,True,True,0.75,0.5480561256408691,False,0.008000001311302185,0.8198077082633972,24.27781561539719,2.5587258338928223,0.03605030104517937,0.7578530311584473,0.0304042249917984,0.04362913539901376,0.9859108386808552,5,60,,Voxtral_CN,"In the future, don't drink so much, it's bad for your health.","Afterwards, don't drink so much. I feel good."
00589_0010_surprise_0010_001415,0010,surprise,happy,neutral,happy,happy,happy,happy,happy,True,True,True,True,True,0.2,0.9634029269218445,True,0.00800000037997961,0.38890591263771057,28.161769753010446,0.6403359770774841,0.02272762916982174,0.9562157988548279,0.010454436764121056,0.03228989170273766,0.964506712127044,0,60,,Voxtral_CN,I like soccer and climbing.,I really like soccer and climbing.
00590_0010_surprise_0010_001571,0010,surprise,happy,neutral,neutral,neutral,happy,happy,happy,True,True,True,True,True,1.1,-0.0003953017294406891,False,0.008000001311302185,1.0140190124511719,15.335014235183058,2.170626401901245,0.03918633610010147,2.5554258823394775,0.030994709581136703,0.06474090487059206,0.9819469918610692,5,60,,Voxtral_CN,"You are a little bit of a coward, very little.",You really want to swim in this pool. The water is very clean.
00591_0010_surprise_0010_001563,0010,surprise,happy,surprise,happy,surprise,happy,happy,happy,True,True,True,True,True,0.8333333333333334,0.22282007336616516,False,0.008000001311302185,0.7175340056419373,25.622649792523116,1.6619760990142822,0.3244735598564148,1.7979047298431396,0.02504948526620865,0.34245285764969885,0.8047664102697626,7,60,,Voxtral_CN,I didn't know you knew Frank.,"I know you're still there, Franco."
00592_0010_surprise_0010_001496,0010,surprise,happy,neutral,happy,neutral,happy,happy,happy,True,True,True,True,True,8.0,0.34971949458122253,False,0.00800000037997961,0.32117390632629395,35.151186130249826,0.5990734100341797,0.017854629084467888,0.6310599446296692,0.006564213894307613,0.024165294172903525,0.9701962584461072,0,60,,Voxtral_CN,"""比小看我這頭髮型，我還挺喜歡的。""","Don't underestimate me, I like it very much."
00593_0010_surprise_0010_001463,0010,surprise,happy,neutral,neutral,happy,happy,happy,happy,True,True,True,True,True,0.6,0.7270208597183228,False,0.008000001311302185,0.3939230442047119,30.727170241921975,1.216604232788086,0.046646684408187866,1.2256946563720703,0.00837266631424427,0.05890371469857171,0.9616582918659687,1,60,,Voxtral_CN,"You know, I'm really trying to cut down on drinking.","You know, I'm very busy drinking."
00594_0010_surprise_0010_001602,0010,surprise,happy,neutral,neutral,neutral,happy,happy,happy,True,True,True,True,True,0.8888888888888888,0.6391264200210571,False,0.008000001311302185,0.8372616171836853,23.570741131414387,1.997188925743103,0.036047011613845825,2.0387489795684814,0.029070056974887848,0.05643479211010039,0.9819511258303049,5,60,,Voxtral_CN,Then we'll talk about it later. I'm so scared.,"Just a little bit more, I'm afraid."
00595_0010_surprise_0010_001619,0010,surprise,happy,neutral,happy,happy,happy,happy,happy,True,True,True,True,True,9.0,0.671972393989563,False,0.008000001311302185,0.6842716932296753,30.224311222795933,1.530829668045044,0.03833595663309097,1.4156955480575562,0.027506550773978233,0.052493187179174276,0.9749573989625847,6,60,,Voxtral_CN,大部分都是用右耳听到的。,All of them are thrown to your left ear.
00596_0010_surprise_0010_001505,0010,surprise,happy,angry,sad,sad,happy,happy,happy,True,True,True,True,True,0.75,0.5460605621337891,False,0.008000001311302185,0.6763319969177246,21.953645319092438,2.518815040588379,0.024221299216151237,1.3163032531738281,0.025106150656938553,0.03738458280939609,0.9903838516025006,4,60,,Voxtral_CN,"We can't get along, and we often argue.","We two can't help but come, and often chat."
00597_0010_surprise_0010_001719,0010,surprise,happy,neutral,neutral,neutral,happy,happy,happy,True,True,True,True,True,0.0,1.0000001192092896,True,0.008000001311302185,0.5953903794288635,27.136359641304217,1.8700306415557861,0.020651768893003464,0.25196853280067444,0.023183858022093773,0.02317168605959043,0.9889564542772293,5,60,,Voxtral_CN,家里有全自动洗衣机。,家里有全自动洗衣机。
00598_0010_surprise_0010_001660,0010,surprise,happy,sad,sad,sad,happy,happy,happy,True,True,True,True,True,0.125,0.6999905705451965,False,0.008000001311302185,0.7032497525215149,23.43725915553257,4.53885555267334,0.014665479771792889,1.1548975706100464,0.01839783787727356,0.026214639456272126,0.996768903614226,4,60,,Voxtral_CN,"I'm very sad, I'm going to the bar.",I'm very hungry. I'm going to the bar.
00599_0010_surprise_0010_001626,0010,surprise,happy,surprise,surprise,surprise,happy,happy,happy,True,True,True,True,True,1.0,0.5981462001800537,False,0.008000001311302185,0.6039538979530334,32.22514372708832,3.0222926139831543,0.027167774736881256,1.1468838453292847,0.015856528654694557,0.038636771755460646,0.991010872140181,5,60,,Voxtral_CN,You're going to be a dad? Really?,Becoming a father is truly a wonderful thing.
00200_0011_angry_0011_000686,0011,angry,happy,neutral,happy,happy,happy,happy,happy,True,True,True,True,True,0.0,0.9999999403953552,True,0.008000001311302185,0.35137832164764404,31.610554277009225,0.4409949481487274,0.035221219062805176,0.36531567573547363,0.011994780972599983,0.03887449576796964,0.9201323751878294,0,60,,Voxtral_EN,Over them swoop the Eagles.,Over them swoop the Eagles.
00201_0011_angry_0011_000377,0011,angry,happy,neutral,neutral,neutral,happy,happy,happy,True,True,True,True,True,0.6,0.8863668441772461,True,0.008000001311302185,0.7310858368873596,20.06139548819988,2.1548774242401123,0.06644459813833237,0.575718879699707,0.04018615931272507,0.07220218879692257,0.969165485985003,4,60,,Voxtral_EN,Monster made a deep bow.,Monstermade a deep bows.
00202_0011_angry_0011_000496,0011,angry,happy,neutral,neutral,neutral,happy,happy,happy,True,True,True,True,True,1.6666666666666667,0.8127847909927368,True,0.008000001311302185,0.5749547481536865,25.82261737602842,1.8619530200958252,0.09356413781642914,1.3088310956954956,0.018815279006958008,0.10665263692617416,0.9497494637047212,4,60,,Voxtral_EN,"""Jack the Chatterer""","You said to Jack the Chatterer,"
00203_0011_angry_0011_000516,0011,angry,happy,neutral,neutral,neutral,happy,happy,happy,True,True,True,True,True,0.8571428571428571,0.12020355463027954,False,0.008000001311302185,0.5991217494010925,26.727034022303048,3.485006809234619,0.016144514083862305,3.3391799926757812,0.029831603169441223,0.04953661232665182,0.9953674368609317,6,60,,Voxtral_EN,They ate beef at the butcher shop.,They and the Piff were hugged.
00204_0011_angry_0011_000556,0011,angry,happy,neutral,neutral,neutral,happy,happy,happy,True,True,True,True,True,0.6666666666666666,0.5845037698745728,False,0.008000001311302185,0.6253555417060852,25.781854334612895,3.255251884460449,0.023216992616653442,0.6061122417449951,0.02118462137877941,0.02927832688031718,0.9928678352887271,6,60,,Voxtral_EN,"Still, you owe it a duty.","Still, you owe it a do. These are good."
00205_0011_angry_0011_000523,0011,angry,happy,neutral,neutral,neutral,neutral,happy,happy,False,False,True,True,False,0.4,0.962175726890564,True,0.008000001311302185,0.5784913301467896,27.41571675009474,3.784344434738159,0.33708667755126953,0.540193498134613,0.02893814444541931,0.3424889019140601,0.9109260049225427,10,60,,Voxtral_EN,He searched through the box.,His search through the box.
00206_0011_angry_0011_000612,0011,angry,happy,neutral,neutral,neutral,happy,happy,happy,True,True,True,True,True,0.0,1.0,True,0.008000001311302185,0.47834935784339905,31.347280284231115,2.134021759033203,0.018740953877568245,0.383370041847229,0.019330492243170738,0.022574847600962965,0.9912180118134978,3,60,,Voxtral_EN,I believe you are one of them.,I believe you are one of them.
00207_0011_angry_0011_000611,0011,angry,happy,neutral,happy,neutral,happy,happy,happy,True,True,True,True,True,0.42857142857142855,0.3448941111564636,False,0.008000001311302185,0.48472926020622253,28.855576003245808,1.498470664024353,0.02613111399114132,2.5603151321411133,0.013794727623462677,0.05173440325982869,0.9825614777662963,2,60,,Voxtral_EN,After a while he perceived both giants.,"After a while, he received both Johns."
00208_0011_angry_0011_000578,0011,angry,happy,surprise,surprise,surprise,happy,happy,happy,True,True,True,True,True,1.0,0.888909101486206,True,0.008000001311302185,0.5391721725463867,32.0951410610464,2.349395751953125,0.018561558797955513,1.7377729415893555,0.017139632254838943,0.035939459610171615,0.9920994328935324,5,60,,Voxtral_EN,"It says, 'No way!' shouted Daisy.","It says, no way. Well, shout out to Daisy."
00209_0011_angry_0011_000700,0011,angry,happy,neutral,neutral,neutral,happy,happy,happy,True,True,True,True,True,0.0,1.0000001192092896,True,0.008000001311302185,0.6891401410102844,25.871354860498638,1.8899743556976318,0.01721930503845215,0.2518756687641144,0.0319955013692379,0.019738381681106983,0.9908891329733963,11,60,,Voxtral_EN,Do you have anything in mind?,Do you have anything in mind?
00210_0011_angry_0011_000663,0011,angry,happy,neutral,neutral,neutral,happy,happy,happy,True,True,True,True,True,0.6666666666666666,0.3345808684825897,False,0.008000001311302185,0.7613111138343811,23.30508197711033,2.0578041076660156,0.03916196525096893,2.359116792678833,0.03032994084060192,0.06275343647716568,0.9809690508901807,4,60,,Voxtral_EN,"""Give me a fine fat goose.""",Gives me a fan fest push.
00211_0011_angry_0011_000379,0011,angry,happy,neutral,neutral,happy,happy,happy,happy,True,True,True,True,True,0.14285714285714285,0.8759593963623047,True,0.008000001311302185,0.7100934982299805,22.269111107003813,1.6065915822982788,0.0662766546010971,0.9480887055397034,0.026127098128199577,0.07575780292747543,0.9587470422904331,12,60,,Voxtral_EN,Rat came and replied on the leaves.,Rat came and reclined on the leaves.
00212_0011_angry_0011_000671,0011,angry,happy,neutral,happy,happy,happy,happy,happy,True,True,True,True,True,0.4,0.6274219751358032,False,0.008000001311302185,0.5931224226951599,24.553196420951885,1.113662600517273,0.01291696634143591,1.672773838043213,0.034415051341056824,0.02964504887238145,0.9884013647082732,1,60,,Voxtral_EN,Called out to the cloud.,Fold out to the clouds.
00213_0011_angry_0011_000625,0011,angry,happy,angry,neutral,neutral,happy,happy,happy,True,True,True,True,True,0.125,0.8962920904159546,True,0.008000001311302185,0.6917460560798645,26.25881359221921,2.903254508972168,0.1853805035352707,0.5398347973823547,0.03250338137149811,0.19077917654290796,0.93614734672335,14,60,,Voxtral_EN,You shouldn't have pricked him with your horn.,You shouldn't have pricked them with your horn.
00214_0011_angry_0011_000392,0011,angry,happy,neutral,neutral,neutral,happy,happy,happy,True,True,True,True,True,1.1666666666666667,0.19723987579345703,False,0.008000001311302185,0.7784900069236755,20.329756766840916,1.3115559816360474,0.02956360951066017,4.152964115142822,0.033337052911520004,0.07109358403261751,0.9774591325687965,4,60,,Voxtral_EN,She may mind ye of her.,I have a man and a woman.
00215_0011_angry_0011_000494,0011,angry,happy,neutral,happy,happy,happy,happy,happy,True,True,True,True,True,0.1,0.5611779093742371,False,0.008000001311302185,0.45076292753219604,31.544027770981444,1.6708719730377197,0.1370888352394104,0.6523505449295044,0.011045776307582855,0.1436124511464685,0.9179537167110555,5,60,,Voxtral_EN,We all see panda on TV or in the zoo.,We all see Penner on TV or in the zoo.
00216_0011_angry_0011_000500,0011,angry,happy,neutral,neutral,happy,happy,happy,happy,True,True,True,True,True,0.0,0.9999999403953552,True,0.008000001311302185,0.4294852316379547,28.895492701060256,1.4408577680587769,0.02067560702562332,0.2130291759967804,0.01726241037249565,0.022806071409694848,0.985650487172319,3,60,,Voxtral_EN,I hope you have enjoyed yourself.,I hope you have enjoyed yourself.
00217_0011_angry_0011_000401,0011,angry,happy,neutral,neutral,happy,happy,happy,happy,True,True,True,True,True,46.25,0.15665201842784882,False,0.008000001311302185,0.6111182570457458,23.10126369900931,1.2126812934875488,0.13463765382766724,2.140479326248169,0.025975894182920456,0.15604270684909075,0.8889752364857028,4,60,,Voxtral_EN,"""Where are you from?""","""Said the American to the Chinese, 'I'm going to be a millionaire.' Said the Chinese to the American, 'How much is a million?' Said the American, 'A million is a lot of money.' Said the Chinese, 'I want to be a millionaire too.' Said the American, 'You can be a millionaire too.' Said the Chinese, 'How much is a million?' Said the American, 'A million is a lot of money.' Said the Chinese, 'I want to be a millionaire too.' Said the American, 'You can be a millionaire too.' Said the Chinese, 'How much is a million?' Said the American, 'A million is a lot of money.' Said the Chinese, 'I want to be a millionaire too.' Said the American, 'You can be a millionaire too.' Said the Chinese, 'How much is a million?' Said the American, 'A million is a lot of money.' Said the Chinese, 'I want to be a millionaire too.' Said the American, 'You can be a millionaire too.' Said the Chinese, 'How much is a million?' Said the American, 'A million is a lot of money.' Said the Chinese, 'I"
00218_0011_angry_0011_000360,0011,angry,happy,neutral,neutral,neutral,happy,happy,happy,True,True,True,True,True,0.0,1.0,True,0.008000001311302185,0.6721485257148743,19.076072744806766,3.7069928646087646,0.1012212261557579,0.22296616435050964,0.030198492109775543,0.10345118978418409,0.9726945182112077,12,60,,Voxtral_EN,A nauseous draft.,A nauseous draft.
00219_0011_angry_0011_000616,0011,angry,happy,neutral,neutral,neutral,happy,happy,happy,True,True,True,True,True,0.3333333333333333,0.5552561283111572,False,0.008000001311302185,0.47367992997169495,29.575803411033206,1.8020358085632324,0.018195686861872673,0.2175048440694809,0.01834413968026638,0.020370918743964284,0.9899027051652319,3,60,,Voxtral_EN,We may join with that power.,We made joy with that power.
00220_0011_angry_0011_000511,0011,angry,happy,neutral,happy,happy,happy,happy,happy,True,True,True,True,True,0.2,0.5108682513237,False,0.008000001311302185,0.6078197956085205,26.201767440756655,1.0678017139434814,0.026006942614912987,1.1567935943603516,0.028889818117022514,0.03757516745669767,0.9756444082498545,5,60,,Voxtral_EN,That's a full grown colt.,That's a full grown color.
00221_0011_angry_0011_000469,0011,angry,happy,neutral,neutral,neutral,happy,happy,happy,True,True,True,True,True,0.8333333333333334,0.1306527704000473,False,0.008000001311302185,0.6001213192939758,26.18651679091451,2.1957499980926514,0.15758197009563446,1.8771575689315796,0.021613677963614464,0.1763537619217299,0.9282331912865678,7,60,,Voxtral_EN,The owl flew into the bush.,See our flumen to the west.
00222_0011_angry_0011_000566,0011,angry,happy,neutral,neutral,happy,happy,happy,happy,True,True,True,True,True,0.0,1.0,True,0.008000001311302185,0.6540173292160034,25.03863562201439,2.2928407192230225,0.027991976588964462,0.09323612600564957,0.027010977268218994,0.02892460795879364,0.9877915738523476,12,60,,Voxtral_EN,It isn't pickle at all.,It isn't pickle at all.
00223_0011_angry_0011_000356,0011,angry,happy,neutral,neutral,neutral,happy,happy,happy,True,True,True,True,True,1.2857142857142858,0.4984862804412842,False,0.008000001311302185,0.7227427959442139,21.802415209997612,3.0319504737854004,0.021844785660505295,2.014901638031006,0.032085832208395004,0.04199412289913744,0.992795137701167,5,60,,Voxtral_EN,"""Andy, what's that jire to the gimble?""","Any one, once that Gators hear the gimbal, I like it."
00224_0011_angry_0011_000565,0011,angry,happy,neutral,happy,happy,happy,happy,happy,True,True,True,True,True,0.0,0.9999998807907104,True,0.00800000037997961,0.42705100774765015,31.24709198336674,0.6979901194572449,0.013583095744252205,0.07773496210575104,0.017827799543738365,0.014360623643305153,0.9805397019734113,0,60,,Voxtral_EN,He likes dragons very much.,He likes dragons very much.
00225_0011_neutral_0011_000033,0011,neutral,happy,neutral,neutral,neutral,neutral,happy,happy,False,False,True,True,False,0.3333333333333333,0.7170851826667786,False,0.008000001311302185,0.7838082313537598,12.361667625168984,3.6310296058654785,0.45783811807632446,2.201768398284912,0.029883962124586105,0.4798561008987949,0.8739095607106194,9,60,,Voxtral_EN,This used to be Jerry's occupation.,This used to give Jerry's Arcadian
00226_0011_neutral_0011_000198,0011,neutral,happy,sad,neutral,neutral,happy,happy,happy,True,True,True,True,True,1.3333333333333333,0.5035321712493896,False,0.008000001311302185,0.5804586410522461,18.398492138424835,2.7690341472625732,0.047758057713508606,1.630628228187561,0.03792771324515343,0.06406471927251667,0.9827528101230816,3,60,,Voxtral_EN,I'd shoot myself.,At Shoot My Cell.
00227_0011_neutral_0011_000313,0011,neutral,happy,neutral,neutral,neutral,happy,happy,happy,True,True,True,True,True,0.8333333333333334,0.8423618078231812,True,0.008000001311302185,0.8370534181594849,21.223208167030243,2.7807843685150146,0.03381999954581261,2.197395086288452,0.033054232597351074,0.0557942809510231,0.9878379640188092,5,60,,Voxtral_EN,Give me a fine fat goose.,Happify if you had fine fat geese.
00228_0011_neutral_0011_000190,0011,neutral,happy,neutral,neutral,neutral,happy,happy,happy,True,True,True,True,True,0.25,0.9576480388641357,True,0.008000001311302185,0.7761889100074768,21.920390221653054,3.609636068344116,0.03434707969427109,0.7541489005088806,0.02532411925494671,0.04188882194055244,0.9904846142259357,7,60,,Voxtral_EN,And they were sandy yellow brownish all over.,"And there were sandy yellow, brownish all over."
00229_0011_neutral_0011_000137,0011,neutral,happy,neutral,neutral,neutral,happy,happy,happy,True,True,True,True,True,0.6,0.7435615062713623,False,0.008000001311302185,0.7315212488174438,12.418979364688184,1.7448797225952148,0.009153725579380989,2.875227928161621,0.03838546946644783,0.03790638871569186,0.9947539503950643,2,60,,Voxtral_EN,Let this glass globe be.,Let the splash globe be
00230_0011_neutral_0011_000294,0011,neutral,happy,neutral,neutral,neutral,happy,happy,happy,True,True,True,True,True,0.0,1.0,True,0.008000001311302185,0.6034790277481079,19.289974931496168,1.7480642795562744,0.04198141023516655,0.4508621096611023,0.032768405973911285,0.04649035901583731,0.9759840580657463,4,60,,Voxtral_EN,Now I understand.,Now I understand.
00231_0011_neutral_0011_000164,0011,neutral,happy,angry,angry,angry,happy,happy,happy,True,True,True,True,True,0.14285714285714285,0.7215249538421631,False,0.008000001311302185,0.8222938179969788,20.216686337573123,4.517459869384766,0.030093379318714142,0.25958386063575745,0.030501585453748703,0.03268952294092625,0.9933384290754502,5,60,,Voxtral_EN,His large mouth curled into a sneer.,His large mouth curled into a smile.
00232_0011_neutral_0011_000207,0011,neutral,happy,neutral,neutral,neutral,happy,happy,happy,True,True,True,True,True,0.2,0.9671817421913147,True,0.008000001311302185,0.7992204427719116,19.289010100695975,1.736902117729187,0.02216094546020031,0.6516929864883423,0.02050812914967537,0.02867808040637523,0.9872411086186172,1,60,,Voxtral_EN,"What am I? I'm a race car, son of God.","What am I? I'm a racer, son of God."
00233_0011_neutral_0011_000347,0011,neutral,happy,neutral,neutral,neutral,happy,happy,happy,True,True,True,True,True,0.5,0.9637202620506287,True,0.008000001311302185,0.7251237034797668,20.22267005422508,2.4455814361572266,0.012453100644052029,0.39976662397384644,0.038915473967790604,0.016451156038530174,0.9949079182316579,6,60,,Voxtral_EN,"What are you waiting for, man?","What are you waiting for? Man, it's"
00234_0011_neutral_0011_000075,0011,neutral,happy,neutral,neutral,neutral,happy,happy,happy,True,True,True,True,True,0.4444444444444444,0.9097040891647339,True,0.008000001311302185,0.8985909223556519,14.168279327460418,3.845449447631836,0.02116217091679573,0.8284607529640198,0.033873822540044785,0.02944711718466133,0.9944968276907584,5,60,,Voxtral_EN,I'd far rather go without them than eat them.,I'd far rather go without them than eat there in the place.
00235_0011_neutral_0011_000245,0011,neutral,happy,neutral,neutral,neutral,happy,happy,happy,True,True,True,True,True,1.1666666666666667,0.08865462243556976,False,0.008000001311302185,0.8952240943908691,9.028922914470876,3.621140241622925,0.053130388259887695,3.7427845001220703,0.04850395768880844,0.09055871830068529,0.985327718697778,12,60,,Voxtral_EN,Do you think it's a woozle?,"""Evgeny Stolyarov, we hug them for them."""
00236_0011_neutral_0011_000159,0011,neutral,happy,happy,happy,happy,happy,happy,happy,True,True,True,True,True,0.0,1.0,True,0.00800000037997961,0.13905654847621918,35.1929930840393,0.11219360679388046,0.00920327939093113,0.32115209102630615,0.00348665751516819,0.012414835167769343,0.9179696628539701,0,60,,Voxtral_EN,"Such tunes are a joy to dance in, Faye.","Such tunes are a joy to dance in, Faye."
00237_0011_neutral_0011_000032,0011,neutral,happy,neutral,neutral,neutral,happy,happy,happy,True,True,True,True,True,0.5,0.5605960488319397,False,0.008000001311302185,0.9323018193244934,12.917999031025136,3.758007764816284,0.021432792767882347,2.0714914798736572,0.03702960163354874,0.04214807786263526,0.9942967673008706,4,60,,Voxtral_EN,Who has been repeating all that hard stuff to you?,Clearly it's been repaying all that hard surf to you.
00238_0011_neutral_0011_000267,0011,neutral,happy,neutral,neutral,neutral,neutral,happy,happy,False,False,True,True,False,0.8,0.34146150946617126,False,0.008000001311302185,0.5855950117111206,23.391902548607817,1.2248058319091797,0.43021005392074585,0.564103364944458,0.021315118297934532,0.4358513007213734,0.6487524449078176,5,60,,Voxtral_EN,"[ 0m0s110ms - 0m2s300ms ] Chapter 11, on the doorstep.",Chapter 11 on the Doris F.
00239_0011_neutral_0011_000204,0011,neutral,happy,angry,neutral,neutral,happy,happy,happy,True,True,True,True,True,0.25,0.9223423004150391,True,0.008000001311302185,0.6543207764625549,20.427430421334343,1.7884101867675781,0.02880275249481201,0.42344751954078674,0.031108155846595764,0.03303753877177834,0.9838947727384225,4,60,,Voxtral_EN,The song is really loud on the gate.,The song is really the loudest on the gate.
00240_0011_neutral_0011_000342,0011,neutral,happy,neutral,neutral,neutral,happy,happy,happy,True,True,True,True,True,0.0,1.0,True,0.008000001311302185,0.8186473250389099,17.88366761158603,3.9335689544677734,0.2242216318845749,0.187836155295372,0.04958949610590935,0.2261004893324897,0.9429979150028875,18,60,,Voxtral_EN,Why should I purchase my own?,Why should I purchase my own?
00241_0011_neutral_0011_000035,0011,neutral,happy,neutral,neutral,neutral,happy,happy,happy,True,True,True,True,True,0.75,0.12707631289958954,False,0.008000001311302185,0.902350664138794,13.317998916831375,3.044370412826538,0.1058955118060112,3.8782894611358643,0.04117344319820404,0.14467881815180184,0.9652159568494516,13,60,,Voxtral_EN,The name really is the aged aged man.,The name really is my eight of the day's nanny.
00242_0011_neutral_0011_000304,0011,neutral,happy,neutral,neutral,neutral,happy,happy,happy,True,True,True,True,True,0.2857142857142857,0.7513593435287476,False,0.008000001311302185,0.6642765402793884,20.807773339158473,2.2262187004089355,0.040841102600097656,0.762250542640686,0.032430194318294525,0.0484639323284477,0.9816544966617181,5,60,,Voxtral_EN,How do you like you dirty bird?,"How do you like you, Yorty bird?"
00243_0011_neutral_0011_000343,0011,neutral,happy,neutral,neutral,happy,happy,happy,happy,True,True,True,True,True,0.0,1.0,True,0.008000001311302185,0.6935990452766418,17.76249310284981,1.7554997205734253,0.1507246047258377,0.26092687249183655,0.039293959736824036,0.15333426639035344,0.9141414817903791,7,60,,Voxtral_EN,And what does it mean?,And what does it mean?
00244_0011_neutral_0011_000055,0011,neutral,happy,neutral,happy,neutral,happy,happy,happy,True,True,True,True,True,0.16666666666666666,0.8744262456893921,True,0.008000001311302185,0.7628478407859802,14.052679954736467,1.206827998161316,0.01713193953037262,0.9412573575973511,0.031597867608070374,0.026544829085022214,0.9858041580436696,2,60,,Voxtral_EN,A deafening chirping rent the air.,A deffuline chirping rent the air.
00245_0011_neutral_0011_000350,0011,neutral,happy,neutral,neutral,neutral,happy,happy,happy,True,True,True,True,True,0.0,1.0000001192092896,True,0.008000001311302185,0.7912207841873169,20.115776021593103,4.052048683166504,0.0637861043214798,0.024805491790175438,0.04021872580051422,0.06403456142663956,0.9842583075108482,11,60,,Voxtral_EN,Do you have anything in mind?,Do you have anything in mind?
00246_0011_neutral_0011_000052,0011,neutral,happy,neutral,neutral,neutral,happy,happy,happy,True,True,True,True,True,1.0,-0.0402337983250618,False,0.008000001311302185,0.9474442601203918,9.531418147951475,1.7789220809936523,0.03989969193935394,1.6373506784439087,0.04548981040716171,0.0562736536218971,0.9775708602610255,9,60,,Voxtral_EN,From August 18th of their divorce.,From all the day premiums of Bear Devon.
00247_0011_neutral_0011_000250,0011,neutral,happy,neutral,neutral,neutral,happy,happy,happy,True,True,True,True,True,0.2,0.8093523979187012,True,0.008000001311302185,0.8430907130241394,15.660859363300407,2.537332534790039,0.01577598787844181,0.7899416089057922,0.03505990654230118,0.023675754566565153,0.9937824515856187,3,60,,Voxtral_EN,Her kind and firm glance.,Towards kind and firm glance.
00248_0011_neutral_0011_000168,0011,neutral,happy,neutral,neutral,neutral,happy,happy,happy,True,True,True,True,True,0.25,0.848037838935852,True,0.008000001311302185,0.7358477115631104,20.988308385235758,2.4929614067077637,0.07998907566070557,0.5155619382858276,0.03232615441083908,0.08514501830510794,0.9679140337088731,12,60,,Voxtral_EN,"I said you look like an egg, sir.","I said you look like an egg, serve happy."
00249_0011_neutral_0011_000228,0011,neutral,happy,angry,sad,surprise,happy,happy,happy,True,True,True,True,True,1.3333333333333333,0.6051798462867737,False,0.008000001311302185,0.7370321750640869,20.697998140837033,2.4021687507629395,0.020639846101403236,1.9842607975006104,0.032544441521167755,0.04048277952082455,0.9914078284072058,6,60,,Voxtral_EN,"""It says no way,"" shouted Daisy.",It says no wait. Shout the daisy. I love you.
00250_0011_sad_0011_001344,0011,sad,happy,neutral,neutral,neutral,happy,happy,happy,True,True,True,True,True,0.0,1.0,True,0.008000001311302185,0.7022995352745056,16.55468041827642,1.982788324356079,0.02836989425122738,0.16631385684013367,0.03371460363268852,0.030033369965665045,0.9856919198571332,2,60,,Voxtral_EN,Now I understand.,Now I understand.
00251_0011_sad_0011_001383,0011,sad,happy,angry,neutral,neutral,happy,happy,happy,True,True,True,True,True,0.4,0.9358978867530823,True,0.008000001311302185,0.7926089763641357,16.414979870417888,2.9173755645751953,0.06269901990890503,1.094506859779358,0.03903411328792572,0.07364447884783148,0.9785084167186974,6,60,,Voxtral_EN,"You gain for nothing, girl.","You've gained for nothing, girl."
00252_0011_sad_0011_001337,0011,sad,happy,neutral,neutral,neutral,happy,happy,happy,True,True,True,True,True,1.5,0.6619787216186523,False,0.008000001311302185,0.850648045539856,15.5679846363008,3.087299108505249,0.045137129724025726,2.98891544342041,0.041460901498794556,0.07502669876724481,0.9853797354458864,6,60,,Voxtral_EN,Come in.,"Come on, let's go!"
00253_0011_sad_0011_001064,0011,sad,happy,sad,sad,neutral,happy,happy,happy,True,True,True,True,True,0.0,1.0,True,0.008000001311302185,0.7606087327003479,21.331077234138462,3.2239463329315186,0.012688483111560345,0.23571471869945526,0.03194513916969299,0.015045949749946594,0.996064300766439,9,60,,Voxtral_EN,"Annie, please, please don't hurt me.","Annie, please, please don't hurt me."
00254_0011_sad_0011_001099,0011,sad,happy,neutral,happy,happy,happy,happy,happy,True,True,True,True,True,0.4,0.8570237159729004,True,0.008000001311302185,0.46438679099082947,26.947489512660972,1.078087568283081,0.012653964571654797,0.8446664810180664,0.013687936589121819,0.021100766261201352,0.9882625818681807,1,60,,Voxtral_EN,"They will all say, ""Aha.""","They will all say, ""Ha ha."""
00255_0011_sad_0011_001205,0011,sad,happy,angry,angry,angry,neutral,happy,happy,False,False,True,True,False,0.7142857142857143,0.743597149848938,False,0.008000001311302185,0.8599593043327332,19.824239084514954,4.446897029876709,0.39667588472366333,2.3267080783843994,0.030612317845225334,0.4199432716306858,0.9107971508990256,27,60,,Voxtral_EN,"""this speech roused Dame Isolde to anger.""",This speech rounds name ills to anger.
00256_0011_sad_0011_001250,0011,sad,happy,neutral,neutral,neutral,happy,happy,happy,True,True,True,True,True,1.125,0.053476475179195404,False,0.008000001311302185,0.7673691511154175,17.04419931933512,4.879517555236816,0.02092115394771099,4.030021667480469,0.03718707710504532,0.061221742493286734,0.9957124544156506,6,60,,Voxtral_EN,That cloth does not look like worth much.,The kind of noodle soup that I like is fantastic.
00257_0011_sad_0011_001316,0011,sad,happy,neutral,neutral,neutral,happy,happy,happy,True,True,True,True,True,0.3333333333333333,0.5674571394920349,False,0.008000001311302185,0.7609694600105286,18.448062367642905,2.2780909538269043,0.03513048589229584,2.116112232208252,0.02852500230073929,0.05629189346440136,0.9845789801178565,2,60,,Voxtral_EN,We may join with that power.,We made joys with that power.
00258_0011_sad_0011_001267,0011,sad,happy,sad,sad,neutral,happy,happy,happy,True,True,True,True,True,0.5714285714285714,0.7785674929618835,False,0.008000001311302185,0.8038522601127625,20.666613349370824,3.1338374614715576,0.03565063700079918,1.5206159353256226,0.034864138811826706,0.050857144995443526,0.9886239674395689,18,60,,Voxtral_EN,Your cruelty shall cost you your laugh.,Your cruelty if she'll thrust you your laughter.
00259_0011_sad_0011_001165,0011,sad,happy,neutral,neutral,neutral,happy,happy,happy,True,True,True,True,True,0.5,0.7781080007553101,False,0.008000001311302185,0.7671355605125427,18.62680156021371,2.026580572128296,0.22618059813976288,1.4317227602005005,0.03264443203806877,0.24049815218608828,0.8883929900195233,7,60,,Voxtral_EN,"He might call it, for example.","You may call it, for example,"
00260_0011_sad_0011_001238,0011,sad,happy,neutral,neutral,happy,happy,happy,happy,True,True,True,True,True,0.4,0.8120752573013306,True,0.008000001311302185,0.6403618454933167,18.5960717826411,1.6363801956176758,0.03232427313923836,3.6912853717803955,0.03157874196767807,0.06923744264446198,0.9802464774226646,4,60,,Voxtral_EN,Now quicker the fiddle went.,"Now, quicker the fiddle waves."
00261_0011_sad_0011_001156,0011,sad,happy,neutral,neutral,happy,happy,happy,happy,True,True,True,True,True,0.16666666666666666,0.7036377191543579,False,0.008000001311302185,0.8337916135787964,17.890791398911173,1.7688262462615967,0.10002754628658295,0.407703697681427,0.04415393993258476,0.10410502480279654,0.9434497613895143,3,60,,Voxtral_EN,I guess it's a choice feast.,I guess it's a joyous feast.
00262_0011_sad_0011_001301,0011,sad,happy,neutral,happy,happy,happy,happy,happy,True,True,True,True,True,0.4,0.9842280745506287,True,0.008000001311302185,0.7521319389343262,19.52188770223815,1.1500201225280762,0.02502666786313057,0.9670149087905884,0.02963211201131344,0.03469711327215656,0.9782380609061738,1,60,,Voxtral_EN,The ladybug told them proudly.,Ladybug told them proudly.
00263_0011_sad_0011_001217,0011,sad,happy,neutral,neutral,neutral,happy,happy,happy,True,True,True,True,True,1.4,0.342784583568573,False,0.008000001311302185,0.7574483752250671,17.91275597550207,1.626611590385437,0.018843885511159897,2.9186370372772217,0.04024330899119377,0.04803065831702203,0.9884152519122928,5,60,,Voxtral_EN,I toy with my liquor.,"I took it with me, it was really fun."
00264_0011_sad_0011_001209,0011,sad,happy,happy,happy,happy,happy,happy,happy,True,True,True,True,True,0.42857142857142855,0.9467124342918396,True,0.007656325586140156,0.1277250498533249,35.858965727154384,0.0791826993227005,0.007967484183609486,0.5421947240829468,0.002777700312435627,0.013389459201442078,0.8993784721692946,0,60,,Voxtral_EN,Such tunes were joy to dancing fay.,Such tunes overjoyed a dancing fay.
00265_0011_sad_0011_001330,0011,sad,happy,neutral,neutral,neutral,happy,happy,happy,True,True,True,True,True,0.0,1.0,True,0.008000001311302185,0.6569369435310364,19.665333964455122,2.1787211894989014,0.013028142973780632,0.15619607269763947,0.04113965481519699,0.01459051509730518,0.9940202798611524,5,60,,Voxtral_EN,Your path goes south.,Your path goes south.
00266_0011_sad_0011_001239,0011,sad,happy,surprise,happy,surprise,happy,happy,happy,True,True,True,True,True,0.6,0.6601248979568481,False,0.008000001311302185,0.8515913486480713,16.79626666480057,1.7530944347381592,0.04314722120761871,1.2005393505096436,0.0432458221912384,0.05515304717093707,0.9753879652158823,2,60,,Voxtral_EN,When such wonder as meet,When such wonder is made us.
00267_0011_sad_0011_001198,0011,sad,happy,neutral,happy,happy,happy,happy,happy,True,True,True,True,True,0.0,0.9999999403953552,True,0.00800000037997961,0.469309002161026,25.361814601807772,0.7606345415115356,0.013341952115297318,0.04946482181549072,0.011337511241436005,0.01383671370856464,0.9824594448619384,0,60,,Voxtral_EN,"And on the top of them came Winnie, the cute bear.","And on the top of them came Winnie, the cute bear."
00268_0011_sad_0011_001240,0011,sad,happy,neutral,neutral,neutral,happy,happy,happy,True,True,True,True,True,0.25,0.9196585416793823,True,0.008000001311302185,0.6394875049591064,22.799080386582638,3.462522506713867,0.020019009709358215,0.3201902508735657,0.025466840714216232,0.023221166886501016,0.9942183741273765,8,60,,Voxtral_EN,And they were sandy yellow brownish all over.,And there were sandy yellow browners all over.
00269_0011_sad_0011_001190,0011,sad,happy,neutral,neutral,neutral,happy,happy,happy,True,True,True,True,True,0.16666666666666666,0.6968870162963867,False,0.008000001311302185,0.6712984442710876,19.653115596823817,2.9331912994384766,0.023284679278731346,0.26091790199279785,0.030502930283546448,0.025894163327962162,0.992061656775271,6,60,,Voxtral_EN,What an impetuous boy he is.,What an impeccable boy he is.
00270_0011_sad_0011_001104,0011,sad,happy,neutral,neutral,neutral,happy,happy,happy,True,True,True,True,True,0.5,0.5025252103805542,False,0.008000001311302185,0.7460062503814697,23.153914115323253,4.293685436248779,0.011823177337646484,1.2944016456604004,0.03380265459418297,0.02476753182079643,0.9972463801754476,8,60,,Voxtral_EN,"Are you a regular darky, really?","While you're a regular Dartie, really?"
00271_0011_sad_0011_001202,0011,sad,happy,neutral,neutral,neutral,happy,happy,happy,True,True,True,True,True,0.8333333333333334,0.4846160113811493,False,0.008000001311302185,0.6543077826499939,25.234203022846458,2.659398317337036,0.023385170847177505,1.9239604473114014,0.022246237844228745,0.04262499778266996,0.9912065933505614,7,60,,Voxtral_EN,Guilty for what do you rule?,I thank you for what you rule.
00272_0011_sad_0011_001224,0011,sad,happy,neutral,neutral,neutral,happy,happy,happy,True,True,True,True,True,0.0,0.9999998807907104,True,0.008000001311302185,0.6633082628250122,20.231375293936637,1.7995870113372803,0.040774695575237274,0.1105269342660904,0.02754019759595394,0.04188024031987414,0.9773421927818109,4,60,,Voxtral_EN,I pay half a crown a week extra.,I pay half a crown a week extra.
00273_0011_sad_0011_001308,0011,sad,happy,neutral,neutral,neutral,happy,happy,happy,True,True,True,True,True,0.7142857142857143,0.6552338600158691,False,0.008000001311302185,0.6708968877792358,22.264560505663052,3.2517876625061035,0.026943840086460114,1.4931614398956299,0.020973660051822662,0.04187566422201693,0.9917141453000978,9,60,,Voxtral_EN,"Mum shuts one's mouth up, doesn't it?","""Mommy, shout to one's half up, doesn't it?"""
00274_0011_sad_0011_001092,0011,sad,happy,neutral,happy,happy,happy,happy,happy,True,True,True,True,True,0.8333333333333334,0.4503716230392456,False,0.008000001311302185,0.6815888285636902,21.611285903450938,1.1062017679214478,0.014291536062955856,0.48240095376968384,0.028437769040465355,0.0191158299783431,0.9870805340604276,4,60,,Voxtral_EN,She may mind you of her.,She made man give her
00275_0011_surprise_0011_001451,0011,surprise,happy,neutral,happy,happy,happy,happy,happy,True,True,True,True,True,0.8,0.906785249710083,True,0.008000001311302185,0.6297962665557861,22.310251006244656,1.0341176986694336,0.016690347343683243,1.6615053415298462,0.02455171011388302,0.033305646276082845,0.9838603020089897,1,60,,Voxtral_EN,Say the American to Chinese.,said the Americans Chinese
00276_0011_surprise_0011_001514,0011,surprise,happy,neutral,neutral,neutral,happy,happy,happy,True,True,True,True,True,0.5,0.8328226804733276,True,0.008000001311302185,0.6352083683013916,26.365528055066733,3.1087679862976074,0.016612406820058823,0.9635463356971741,0.024993985891342163,0.026248120116889477,0.9946562731946287,10,60,,Voxtral_EN,A half pounds of flour and two ounces of suet.,A half pound of flour and two eggs to suit it.
00277_0011_surprise_0011_001471,0011,surprise,happy,neutral,neutral,neutral,happy,happy,happy,True,True,True,True,True,0.0,1.0000001192092896,True,0.008000001311302185,0.7109987735748291,25.166556227133206,2.5707528591156006,0.25326007604599,0.18657688796520233,0.021533586084842682,0.25512606026150286,0.901484082708317,10,60,,Voxtral_EN,She was bought on April 1943.,She was bought on April 1943.
00278_0011_surprise_0011_001727,0011,surprise,happy,neutral,neutral,neutral,happy,happy,happy,True,True,True,True,True,0.2,0.8218206763267517,True,0.008000001311302185,0.573674738407135,24.907803648290965,2.880749225616455,0.019501077011227608,0.6785106658935547,0.021079692989587784,0.026286394467093053,0.9932305537608694,7,60,,Voxtral_EN,It's part of my secret?,It's part of my secret.
00279_0011_surprise_0011_001626,0011,surprise,happy,neutral,neutral,surprise,happy,happy,happy,True,True,True,True,True,0.0,1.0,True,0.00800000037997961,0.5700446963310242,25.436936253509465,1.6114391088485718,0.023630693554878235,0.1745883971452713,0.023272059857845306,0.02537681024692953,0.9853356584030264,7,60,,Voxtral_EN,"And the next day, Nurse will be released.","And the next day, Nurse will be released."
00280_0011_surprise_0011_001736,0011,surprise,happy,neutral,neutral,happy,happy,happy,happy,True,True,True,True,True,0.4,0.868455171585083,True,0.008000001311302185,0.5091466307640076,28.65549277278198,1.817584753036499,0.04953641816973686,0.8825716972351074,0.014673082157969475,0.05836228187290951,0.9727460201858646,5,60,,Voxtral_EN,Over them swoop the eagles.,"Over the babe, swoop the eagles."
00281_0011_surprise_0011_001426,0011,surprise,happy,neutral,neutral,neutral,happy,happy,happy,True,True,True,True,True,0.42857142857142855,0.5457900762557983,False,0.008000001311302185,0.8692874908447266,20.987980919228058,4.648966312408447,0.05260823667049408,1.8935770988464355,0.0391511432826519,0.07154439917039127,0.9886838851617232,12,60,,Voxtral_EN,Let's make the noise of a snake.,Let's make the noise for the Sneidorf.
00282_0011_surprise_0011_001750,0011,surprise,happy,neutral,neutral,neutral,happy,happy,happy,True,True,True,True,True,0.0,1.0000001192092896,True,0.008000001311302185,0.7300034165382385,24.54670507689494,3.7224326133728027,0.013368750922381878,0.19501061737537384,0.032028909772634506,0.015319177385233343,0.9964085982713684,13,60,,Voxtral_EN,Do you have anything in mind?,Do you have anything in mind?
00283_0011_surprise_0011_001489,0011,surprise,happy,angry,neutral,neutral,happy,happy,happy,True,True,True,True,True,0.16666666666666666,0.9471960067749023,True,0.008000001311302185,0.39718884229660034,33.74572209097354,1.5019606351852417,0.041997574269771576,0.3747289478778839,0.013808819465339184,0.04574500183674507,0.9720381657908153,2,60,,Voxtral_EN,Let go of my top knot.,Let go of my top knot!
00284_0011_surprise_0011_001576,0011,surprise,happy,neutral,happy,neutral,happy,happy,happy,True,True,True,True,True,0.0,1.0,True,0.008000001311302185,0.5805409550666809,29.175008530502065,1.5486040115356445,0.01545664481818676,0.14836177229881287,0.009608029387891293,0.016940358621468764,0.9900189818035797,1,60,,Voxtral_EN,She just smiled calmly. Mother knows that's the best smile.,She just smiled calmly. Mother knows that's the best smile.
00285_0011_surprise_0011_001424,0011,surprise,happy,neutral,happy,happy,happy,happy,happy,True,True,True,True,True,0.14285714285714285,0.7178981304168701,False,0.008000001311302185,0.6140976548194885,23.952908395108203,1.1007660627365112,0.0262933187186718,0.8846409320831299,0.0207991823554039,0.03513993603132665,0.976113617953204,3,60,,Voxtral_EN,The football teams give a tea party.,The football teams give a cheer party.
00286_0011_surprise_0011_001474,0011,surprise,happy,neutral,happy,happy,happy,happy,happy,True,True,True,True,True,0.0,1.0,True,0.008000001311302185,0.5223267674446106,29.880187723067444,1.3800485134124756,0.02954726479947567,0.29693958163261414,0.020626619458198547,0.03251686688199639,0.9785896912229458,3,60,,Voxtral_EN,"Come on, my Jack in the boxes.","Come on, my Jack in the boxes."
00287_0011_surprise_0011_001603,0011,surprise,happy,neutral,neutral,neutral,happy,happy,happy,True,True,True,True,True,0.75,0.0895102322101593,False,0.008000001311302185,0.6221469044685364,26.221632657261644,4.01231050491333,0.053467147052288055,0.9611001014709473,0.026815835386514664,0.0630784162253514,0.9866742249916067,13,60,,Voxtral_EN,I was not grabbed.,I will smack Gramps!
00288_0011_surprise_0011_001463,0011,surprise,happy,neutral,neutral,neutral,happy,happy,happy,True,True,True,True,True,0.9375,0.6842321157455444,False,0.008000001311302185,0.5734347701072693,26.156853410050328,2.275416851043701,0.07805284857749939,1.0358978509902954,0.021581893786787987,0.08841204290634022,0.9656973408886826,5,60,,Voxtral_EN,"Asteroid 325 is a small asteroid, about 100 meters in diameter, that was discovered in 1937.",Asteroid 325th
00289_0011_surprise_0011_001507,0011,surprise,happy,neutral,neutral,neutral,happy,happy,happy,True,True,True,True,True,0.0,1.0,True,0.008000001311302185,0.6247304081916809,25.420210341940916,2.6911120414733887,0.027766240760684013,0.20620395243167877,0.023514851927757263,0.029828515433520077,0.9896822427558676,9,60,,Voxtral_EN,Tom and Michael woke up next morning.,Tom and Michael woke up next morning.
00290_0011_surprise_0011_001672,0011,surprise,happy,neutral,neutral,neutral,happy,happy,happy,True,True,True,True,True,0.0,1.0,True,0.008000001311302185,0.6243621706962585,28.09872101350048,3.456134796142578,0.044703926891088486,0.25163212418556213,0.019428931176662445,0.04722044242225587,0.9870653404661812,11,60,,Voxtral_EN,No admittance except on party business.,No admittance except on party business.
00291_0011_surprise_0011_001441,0011,surprise,happy,neutral,neutral,neutral,happy,happy,happy,True,True,True,True,True,0.0,0.9999999403953552,True,0.008000001311302185,0.5099098682403564,26.908900693717985,1.700006365776062,0.020152680575847626,0.21078604459762573,0.019991979002952576,0.022260740941613913,0.9881455264041628,4,60,,Voxtral_EN,I choose the right way.,I choose the right way.
00292_0011_surprise_0011_001624,0011,surprise,happy,neutral,neutral,neutral,happy,happy,happy,True,True,True,True,True,0.0,1.0,True,0.008000001311302185,0.6489022374153137,25.469149040464572,2.48331356048584,0.017831582576036453,0.08489073812961578,0.023160627111792564,0.018680721563603727,0.9928194397760435,9,60,,Voxtral_EN,Do you know the lid opens?,Do you know the lid opens?
00293_0011_surprise_0011_001658,0011,surprise,happy,neutral,neutral,neutral,happy,happy,happy,True,True,True,True,True,0.3333333333333333,0.5122352838516235,False,0.008000001311302185,0.7403441071510315,24.563316495985564,3.5461585521698,0.03351546451449394,2.0213217735290527,0.025149904191493988,0.05372893374882638,0.990548796952695,11,60,,Voxtral_EN,"Mom shuts one's mouth, doesn't it?","Love Shucks one's mouth, doesn't it?"
00294_0011_surprise_0011_001458,0011,surprise,happy,surprise,neutral,surprise,happy,happy,happy,True,True,True,True,True,0.0,1.0,True,0.008000001311302185,0.5865921974182129,26.40697819614745,1.9652605056762695,0.007886077277362347,0.4581790566444397,0.017338445410132408,0.012468041228260845,0.9959872611012205,5,60,,Voxtral_EN,The octopus has eight legs.,The octopus has eight legs.
00295_0011_surprise_0011_001416,0011,surprise,happy,neutral,happy,happy,happy,happy,happy,True,True,True,True,True,0.0,1.0,True,0.008000001311302185,0.5184174180030823,28.282631716590053,1.065259337425232,0.026375217363238335,0.36812689900398254,0.01428140513598919,0.03005662916732952,0.9752405668398194,2,60,,Voxtral_EN,"Mr. Chairman, I move for division.","Mr. Chairman, I move for division."
00296_0011_surprise_0011_001443,0011,surprise,happy,neutral,happy,neutral,happy,happy,happy,True,True,True,True,True,0.7142857142857143,0.7768779397010803,False,0.008000001311302185,0.6705827713012695,24.941769059172803,1.9288089275360107,0.011346183717250824,1.6304057836532593,0.023580357432365417,0.02765047735735774,0.9941175180416937,5,60,,Voxtral_EN,Story 29. A boy and a monkey?,Store twinning on a boy and a monkey.
00297_0011_surprise_0011_001725,0011,surprise,happy,neutral,neutral,neutral,happy,happy,happy,True,True,True,True,True,0.0,1.0,True,0.008000001311302185,0.6309125423431396,27.323246369284718,2.4524717330932617,0.19554618000984192,0.06907042860984802,0.031491637229919434,0.19623719921231272,0.9202656742700953,8,60,,Voxtral_EN,She has no place for hot pepper.,She has no place for hot pepper.
00298_0011_surprise_0011_001622,0011,surprise,happy,neutral,neutral,neutral,happy,happy,happy,True,True,True,True,True,0.8,0.23211705684661865,False,0.008000001311302185,0.6745568513870239,25.100445783770606,3.1169049739837646,0.02999284490942955,2.9662468433380127,0.026994165033102036,0.05965558328446001,0.9903773630701692,8,60,,Voxtral_EN,Ask God to help you.,Got to Hill.
00299_0011_surprise_0011_001430,0011,surprise,happy,neutral,neutral,neutral,happy,happy,happy,True,True,True,True,True,1.0,0.4104768633842468,False,0.008000001311302185,0.5916102528572083,24.10877627000354,2.9274139404296875,0.04046482592821121,3.088111162185669,0.026029637083411217,0.07134619784643874,0.9861772790757867,6,60,,Voxtral_EN,Must the name mean something?,You must have made mean something.
00400_0012_angry_0012_000661,0012,angry,happy,neutral,happy,happy,happy,happy,happy,True,True,True,True,True,0.0,1.0000001192092896,True,0.00800000037997961,0.4515538215637207,27.778023952252042,0.6719456911087036,0.01154656708240509,0.07548808306455612,0.011503933928906918,0.01230156295238994,0.9828162197701523,0,60,,Voxtral_EN,I am safe back again.,I am safe back again.
00401_0012_angry_0012_000587,0012,angry,happy,neutral,neutral,happy,neutral,happy,happy,False,False,True,True,False,0.0,1.0000001192092896,True,0.008000001311302185,0.7199985384941101,22.88693463704756,1.4059813022613525,0.2576609253883362,0.07139730453491211,0.0385887548327446,0.25837528432123363,0.8167394367379428,7,60,,Voxtral_EN,What would they do at the end of the year?,What would they do at the end of the year?
00402_0012_angry_0012_000446,0012,angry,happy,neutral,neutral,neutral,happy,happy,happy,True,True,True,True,True,0.0,1.0,True,0.008000001311302185,0.5892424583435059,25.68619501229716,3.452613353729248,0.019165072590112686,0.36689719557762146,0.029818512499332428,0.022834342731013896,0.9944491112596167,11,60,,Voxtral_EN,I don't painted tiger.,I don't painted tiger.
00403_0012_angry_0012_000390,0012,angry,happy,sad,neutral,neutral,happy,happy,happy,True,True,True,True,True,2.5,0.7694462537765503,False,0.008000001311302185,0.6746036410331726,23.11679441204745,1.9405431747436523,0.29546278715133667,2.1815638542175293,0.01993274688720703,0.3172786250209808,0.8477422244468394,14,60,,Voxtral_EN,The Fox,"In ""Fox and the Hound."""
00404_0012_angry_0012_000579,0012,angry,happy,neutral,neutral,neutral,happy,happy,happy,True,True,True,True,True,0.3333333333333333,0.3886077404022217,False,0.008000001311302185,0.5618539452552795,29.66395358169974,2.1063833236694336,0.05125453323125839,1.0253500938415527,0.024270325899124146,0.06150827687293291,0.9756670437639193,4,60,,Voxtral_EN,The first year they sowed rye.,The first year they sold right.
00405_0012_angry_0012_000550,0012,angry,happy,neutral,neutral,neutral,happy,happy,happy,True,True,True,True,True,0.2857142857142857,0.14552798867225647,False,0.008000001311302185,0.7181723117828369,26.466435216083468,4.816123962402344,0.034727793186903,1.1970371007919312,0.033519770950078964,0.04669849939253181,0.9927892650899334,20,60,,Voxtral_EN,That cloth does not look worth much.,That applause does not look worse much.
00406_0012_angry_0012_000513,0012,angry,happy,neutral,neutral,neutral,happy,happy,happy,True,True,True,True,True,0.1111111111111111,0.7744366526603699,False,0.008000001311302185,0.8414342403411865,22.006513403653628,1.8840372562408447,0.1190987154841423,0.9227147102355957,0.03216584026813507,0.12832618424490094,0.9367853713669252,9,60,,Voxtral_EN,How they went to the mountains to eat nuts.,How they went to the mountains to eat nice.
00407_0012_angry_0012_000409,0012,angry,happy,neutral,neutral,neutral,happy,happy,happy,True,True,True,True,True,0.3333333333333333,0.9299882650375366,True,0.008000001311302185,0.5734677314758301,26.874353518873125,1.8140332698822021,0.043627724051475525,0.394448846578598,0.019892873242497444,0.04757241144599393,0.9759498765674189,6,60,,Voxtral_EN,043 a silver shilling is journey,"043, a silver shilling is journeyed."
00408_0012_angry_0012_000372,0012,angry,happy,neutral,neutral,happy,happy,happy,happy,True,True,True,True,True,0.0,0.9999998807907104,True,0.00800000037997961,0.6437104940414429,29.94242542731825,1.4835007190704346,0.02147628366947174,0.08301325887441635,0.0230865478515625,0.022306647123694418,0.9855232401350443,4,60,,Voxtral_EN,And what are doves? And what are doves?,And what are doves? And what are doves?
00409_0012_angry_0012_000530,0012,angry,happy,neutral,neutral,happy,happy,happy,happy,True,True,True,True,True,0.0,0.9999998807907104,True,0.008000001311302185,0.5304099321365356,25.149800325891928,1.1665570735931396,0.009606575593352318,0.08140244334936142,0.01759660243988037,0.010420775992870331,0.9917650187797817,3,60,,Voxtral_EN,Toast from the breadfruit tree.,Toast from the breadfruit tree.
00410_0012_angry_0012_000653,0012,angry,happy,sad,sad,neutral,happy,happy,happy,True,True,True,True,True,0.14285714285714285,0.5818197131156921,False,0.008000001311302185,0.5440700054168701,30.008428898878428,3.097752332687378,0.03121134266257286,0.6888895034790039,0.015627216547727585,0.03810039396952838,0.9899245196805336,3,60,,Voxtral_EN,I am loath to see him go.,I am love to see him go.
00411_0012_angry_0012_000418,0012,angry,happy,neutral,neutral,neutral,happy,happy,happy,True,True,True,True,True,1.0,-0.06368239969015121,False,0.008000001311302185,0.7813171744346619,21.122757128059252,4.1674323081970215,0.04058404639363289,3.174255609512329,0.041560810059309006,0.07232701809685677,0.9902616183317946,16,60,,Voxtral_EN,I do not eat bread.,Idina and Fred.
00412_0012_angry_0012_000700,0012,angry,happy,neutral,neutral,neutral,happy,happy,happy,True,True,True,True,True,0.3333333333333333,0.8383756875991821,True,0.008000001311302185,0.7002276182174683,18.213112461009757,4.150865077972412,0.05412622541189194,0.4256596267223358,0.039204373955726624,0.05838321372285485,0.986960254213242,14,60,,Voxtral_EN,Do you have anything in mind?,If you have anything in mind...
00413_0012_angry_0012_000612,0012,angry,happy,neutral,neutral,neutral,happy,happy,happy,True,True,True,True,True,0.0,1.0,True,0.008000001311302185,0.6503885388374329,26.690022436168796,2.225250244140625,0.13487574458122253,0.038642480969429016,0.03455619141459465,0.13526251495283095,0.9393885047596925,8,60,,Voxtral_EN,I believe you are one of them.,I believe you are one of them.
00414_0012_angry_0012_000549,0012,angry,happy,angry,angry,angry,happy,happy,happy,True,True,True,True,True,0.3333333333333333,0.5720372796058655,False,0.008000001311302185,0.7470051050186157,25.880034656727048,4.408420562744141,0.02915792725980282,2.2924964427948,0.035010259598493576,0.052083241790346804,0.9933858562619414,32,60,,Voxtral_EN,Captain Tom receives an angry letter.,Captain Tom receives in every letter.
00415_0012_angry_0012_000491,0012,angry,happy,neutral,neutral,neutral,happy,happy,happy,True,True,True,True,True,0.6,0.22222135961055756,False,0.008000001311302185,0.5893292427062988,26.610680979103087,3.7964119911193848,0.06018747016787529,1.1737061738967896,0.03461061790585518,0.07192487801302225,0.9841462227206461,6,60,,Voxtral_EN,Can I lodge here tonight?,Can I have a bite?
00416_0012_angry_0012_000459,0012,angry,happy,sad,sad,surprise,happy,happy,happy,True,True,True,True,True,0.6,0.6160882115364075,False,0.008000001311302185,0.5559434294700623,25.75263891439245,1.3969159126281738,0.07613398134708405,0.7736311554908752,0.024126149713993073,0.08387053416348994,0.9454985223814619,7,60,,Voxtral_EN,If they mother knew it.,If they mothered Mews.
00417_0012_angry_0012_000386,0012,angry,happy,angry,sad,neutral,happy,happy,happy,True,True,True,True,True,0.6666666666666666,0.6357659697532654,False,0.008000001311302185,0.6092042326927185,25.65176038738437,3.531526565551758,0.046135179698467255,1.8442195653915405,0.022750932723283768,0.0645776028617099,0.986936193500994,15,60,,Voxtral_EN,How I hate this foul pool.,How I hate this foul plot of the Lord.
00418_0012_angry_0012_000394,0012,angry,happy,neutral,neutral,neutral,happy,happy,happy,True,True,True,True,True,0.0,1.0,True,0.008000001311302185,0.6794469356536865,22.963948482841406,1.6904520988464355,0.03042500466108322,0.08936557173728943,0.028079841285943985,0.03131894117686898,0.9820018534202506,5,60,,Voxtral_EN,"Take courage, all isn't lost yet.","Take courage, all isn't lost yet."
00419_0012_angry_0012_000581,0012,angry,happy,sad,neutral,neutral,neutral,happy,happy,False,False,True,True,False,0.0,0.9999999403953552,True,0.008000001311302185,0.6719271540641785,27.052668961007846,3.462249755859375,0.4048539102077484,0.14712387323379517,0.033512815833091736,0.4063254840682447,0.8830662318561537,17,60,,Voxtral_EN,He told me that I ought to change.,He told me that I ought to change.
00420_0012_angry_0012_000482,0012,angry,happy,neutral,happy,happy,happy,happy,happy,True,True,True,True,True,0.0,1.0,True,0.00800000037997961,0.3972207307815552,30.35338283032018,0.6412128210067749,0.03641407936811447,0.24959640204906464,0.016074320301413536,0.03891020413180813,0.9432106187288327,0,60,,Voxtral_EN,I thank you for this mercy.,I thank you for this mercy.
00421_0012_angry_0012_000368,0012,angry,happy,sad,sad,sad,happy,happy,happy,True,True,True,True,True,0.3333333333333333,0.8165503740310669,True,0.008000001311302185,0.7342178225517273,26.537770579852126,4.614866256713867,0.0341506265103817,1.0045779943466187,0.026369526982307434,0.044196670149117705,0.9925998664726853,29,60,,Voxtral_EN,Then sadly it is much farther.,"Then, happily, it is much farther."
00422_0012_angry_0012_000594,0012,angry,happy,neutral,neutral,neutral,happy,happy,happy,True,True,True,True,True,0.2,0.9039597511291504,True,0.008000001311302185,0.5809569954872131,26.47044652596996,3.0350329875946045,0.18142321705818176,0.5735231637954712,0.032219212502241135,0.18715877088826152,0.940223642444833,10,60,,Voxtral_EN,Off for the prison ship.,Up for the prison ship.
00423_0012_angry_0012_000469,0012,angry,happy,neutral,neutral,neutral,happy,happy,happy,True,True,True,True,True,0.8333333333333334,0.37752509117126465,False,0.008000001311302185,0.5856664776802063,29.103384687288205,3.591374158859253,0.09572791308164597,1.3489919900894165,0.021579205989837646,0.10921804877460004,0.9733450459775952,9,60,,Voxtral_EN,The owl flew into a bush.,That hour flew in Towle Bush.
00424_0012_angry_0012_000355,0012,angry,happy,neutral,neutral,neutral,happy,happy,happy,True,True,True,True,True,0.75,0.9000621438026428,True,0.008000001311302185,0.6006004214286804,24.058488425727575,1.743445873260498,0.055226556956768036,0.6955706477165222,0.02506740391254425,0.06218251410797238,0.9683233315104378,7,60,,Voxtral_EN,Clear than clear water.,There's clear then clear water.
00425_0012_neutral_0012_000196,0012,neutral,happy,neutral,neutral,happy,happy,happy,happy,True,True,True,True,True,0.125,0.9816473722457886,True,0.008000001311302185,0.956394374370575,14.012926088292648,2.02243709564209,0.024895666167140007,0.8568044900894165,0.044128984212875366,0.033464152357876295,0.9876902642753217,3,60,,Voxtral_EN,Clear are your eyes and bright your breath.,Clear are your eyes and bright with breath.
00426_0012_neutral_0012_000105,0012,neutral,happy,sad,sad,sad,happy,happy,happy,True,True,True,True,True,1.1666666666666667,0.08007843792438507,False,0.008000001311302185,0.8062273859977722,13.65095240443999,4.748513221740723,0.06354458630084991,2.8387482166290283,0.05348347872495651,0.09193260330192744,0.9866180037132642,12,60,,Voxtral_EN,He was killed by an arrow.,"""Come it was filled well in our own."""
00427_0012_neutral_0012_000274,0012,neutral,happy,neutral,neutral,neutral,happy,happy,happy,True,True,True,True,True,0.0,1.0,True,0.008000001311302185,0.8090505003929138,17.462517903280865,2.6521029472351074,0.022402716800570488,0.380253404378891,0.02902521938085556,0.026205541096553205,0.9915528479677134,6,60,,Voxtral_EN,Because he was a man with infinite resource and sagacity.,Because he was a man with infinite resource and sagacity.
00428_0012_neutral_0012_000285,0012,neutral,happy,neutral,neutral,neutral,happy,happy,happy,True,True,True,True,True,0.3333333333333333,0.8640466332435608,True,0.008000001311302185,0.7158292531967163,16.92630927019455,1.367948293685913,0.1992136836051941,1.3068909645080566,0.028777670115232468,0.21228288102697582,0.8543704579151773,6,60,,Voxtral_EN,"The straw, charcoal and the pea.","The straw, charcoal and the pea meaning"
00429_0012_neutral_0012_000192,0012,neutral,happy,sad,neutral,neutral,happy,happy,happy,True,True,True,True,True,0.3333333333333333,0.490475058555603,False,0.008000001311302185,0.7970881462097168,14.89213555522942,3.1928870677948,0.02262730523943901,0.7462056875228882,0.04392499476671219,0.030089801364615563,0.9929132146677938,5,60,,Voxtral_EN,I have had to grow old.,I have had to roll
00430_0012_neutral_0012_000284,0012,neutral,happy,neutral,neutral,neutral,happy,happy,happy,True,True,True,True,True,1.0,0.3464607000350952,False,0.008000001311302185,0.7723062634468079,13.515088483820463,1.4984610080718994,0.023374490439891815,2.2794971466064453,0.030137471854686737,0.04616976328067482,0.9844010018852821,4,60,,Voxtral_EN,Chapter 18: The Return Journey,Slavdus Hljek returned jolly.
00431_0012_neutral_0012_000200,0012,neutral,happy,neutral,neutral,neutral,happy,happy,happy,True,True,True,True,True,1.4285714285714286,0.3910283148288727,False,0.008000001311302185,1.0186909437179565,10.818211164753144,4.881136894226074,0.033409234136343,3.749779224395752,0.05526483803987503,0.07090757902868092,0.9931554400418757,7,60,,Voxtral_EN,That cloth does not look worth much.,If that clarith code don't look wouldn't come my rockin heart.
00432_0012_neutral_0012_000189,0012,neutral,happy,neutral,happy,happy,happy,happy,happy,True,True,True,True,True,0.0,1.0,True,0.008000001311302185,0.667262077331543,14.921494559575322,1.1169581413269043,0.05135692283511162,0.1938614398241043,0.03094038926064968,0.053295846637245264,0.954020727424842,3,60,,Voxtral_EN,When such wanderers meet.,When such wanderers meet.
00433_0012_neutral_0012_000036,0012,neutral,happy,angry,sad,angry,happy,happy,happy,True,True,True,True,True,0.5,0.22109560668468475,False,0.008000001311302185,0.7986873388290405,17.361624448876153,2.868533134460449,0.03621816635131836,2.819000720977783,0.03692720830440521,0.06440854283317925,0.9873739766446411,4,60,,Voxtral_EN,How I hate this foul pool.,How I hoped this bout four.
00434_0012_neutral_0012_000335,0012,neutral,happy,neutral,neutral,neutral,happy,happy,happy,True,True,True,True,True,0.4,0.8121541142463684,True,0.008000001311302185,0.8191983103752136,12.597781934844456,4.278782844543457,0.020134609192609787,2.3155150413513184,0.04311878979206085,0.04329019079402089,0.9952943138448154,10,60,,Voxtral_EN,But things haven't changed yet.,For Cleaves haven't changed yet.
00435_0012_neutral_0012_000018,0012,neutral,happy,sad,sad,sad,happy,happy,happy,True,True,True,True,True,0.8333333333333334,0.7369304895401001,False,0.008000001311302185,0.8722699880599976,18.732010227085865,4.719634532928467,0.03649703413248062,1.5731079578399658,0.035716861486434937,0.05222847087949514,0.9922669787506121,33,60,,Voxtral_EN,Then sadly it is much farther.,"Then, startled, it is much farther from you."
00436_0012_neutral_0012_000013,0012,neutral,happy,neutral,happy,happy,happy,happy,happy,True,True,True,True,True,0.09090909090909091,0.9906948804855347,True,0.008000001311302185,0.6081207990646362,22.24957933241022,1.0446679592132568,0.007488279603421688,0.5337883830070496,0.01789986900985241,0.012826342432182284,0.9928319045899894,3,60,,Voxtral_EN,I have bun buried all over goat on two separate occasions.,I have bun buried all over goats on two separate occasions.
00437_0012_neutral_0012_000318,0012,neutral,happy,neutral,neutral,neutral,happy,happy,happy,True,True,True,True,True,0.25,0.46831244230270386,False,0.008000001311302185,0.826439619064331,12.417360291393393,1.3455407619476318,0.003552781417965889,2.004361629486084,0.039730560034513474,0.023596795018427076,0.9973595884134916,4,60,,Voxtral_EN,The name of the song is called Haddocks.,If name of the song is called Habibs.
00438_0012_neutral_0012_000212,0012,neutral,happy,neutral,neutral,neutral,happy,happy,happy,True,True,True,True,True,1.0,0.06936023384332657,False,0.008000001311302185,0.7499106526374817,12.616510869863703,2.9863338470458984,0.021915242075920105,3.09627366065979,0.05779214948415756,0.05287855660401285,0.9926614895727084,3,60,,Voxtral_EN,No thank you.,I feel like.
00439_0012_neutral_0012_000208,0012,neutral,happy,sad,sad,neutral,happy,happy,happy,True,True,True,True,True,1.75,0.25494393706321716,False,0.008000001311302185,0.8478547930717468,14.637803561204993,3.617469310760498,0.0385751836001873,4.441345691680908,0.048919886350631714,0.0829891297158599,0.989336417178318,14,60,,Voxtral_EN,"However, somebody killed something.","Hey, I'm Talal, very. Somebody's good, somebody."
00440_0012_neutral_0012_000022,0012,neutral,happy,neutral,neutral,happy,happy,happy,happy,True,True,True,True,True,0.125,0.9914864301681519,True,0.008000001311302185,0.7467771768569946,21.429158846759158,1.4180610179901123,0.1455717384815216,0.22999095916748047,0.02615872398018837,0.14787190966043623,0.897344517171872,6,60,,Voxtral_EN,And what are doves and what are doves?,"And what are doves, and what are doves?"
00441_0012_neutral_0012_000224,0012,neutral,happy,neutral,neutral,neutral,happy,happy,happy,True,True,True,True,True,1.0,0.4432595372200012,False,0.008000001311302185,0.8400107026100159,12.879751882634565,3.3675639629364014,0.020023908466100693,2.7630980014801025,0.04688031226396561,0.047655357284024355,0.9940538891951318,5,60,,Voxtral_EN,Do you know the lid opens?,And we know the Lord opens for you.
00442_0012_neutral_0012_000175,0012,neutral,happy,neutral,happy,happy,happy,happy,happy,True,True,True,True,True,0.0,1.0,True,0.008000001311302185,0.6121820211410522,19.90391746048399,0.8650469183921814,0.02038770355284214,0.08003919571638107,0.02006428688764572,0.021188296152874826,0.9764316788842671,0,60,,Voxtral_EN,All this have we won by our labor.,All this have we won by our labor.
00443_0012_neutral_0012_000059,0012,neutral,happy,neutral,neutral,happy,happy,happy,happy,True,True,True,True,True,0.5,0.4487367272377014,False,0.008000001311302185,0.8448888659477234,17.540006691421034,1.1295790672302246,0.013906310312449932,1.7234245538711548,0.033739980310201645,0.031140893250964585,0.9876889447442145,6,60,,Voxtral_EN,043 a silver shilling is journey.,"0-4-3, a silver ceiling is garnered."
00444_0012_neutral_0012_000256,0012,neutral,happy,neutral,neutral,neutral,neutral,happy,happy,False,False,True,True,False,0.0,1.0,True,0.008000001311302185,0.8100556135177612,15.551981311625662,1.3483695983886719,0.37173402309417725,0.05476715788245201,0.04016720503568649,0.3722820963450521,0.7243085104125704,8,60,,Voxtral_EN,I must have two to fetch and carry.,I must have two to fetch and carry.
00445_0012_neutral_0012_000280,0012,neutral,happy,neutral,neutral,neutral,happy,happy,happy,True,True,True,True,True,0.8,0.16308236122131348,False,0.008000001311302185,0.939673662185669,12.512239094128411,3.551860809326172,0.05767471715807915,2.3627312183380127,0.04638205096125603,0.08130249316196889,0.983762112240817,7,60,,Voxtral_EN,Your path now goes south.,Your heart now glows with sun.
00446_0012_neutral_0012_000151,0012,neutral,happy,neutral,happy,happy,happy,happy,happy,True,True,True,True,True,0.14285714285714285,0.9848623871803284,True,0.008000001311302185,0.5901279449462891,19.94341975010686,0.7987119555473328,0.02106177620589733,0.18802383542060852,0.03206261247396469,0.022942335186228156,0.9736303230975624,0,60,,Voxtral_EN,All the way to China is home.,All the way for China is home.
00447_0012_neutral_0012_000242,0012,neutral,happy,sad,sad,sad,happy,happy,happy,True,True,True,True,True,0.5454545454545454,0.6623028516769409,False,0.008000001311302185,1.0116771459579468,11.782615516379092,3.7091245651245117,0.019701778888702393,0.9632300734519958,0.04155994579195976,0.029334495222680272,0.9946882940859009,4,60,,Voxtral_EN,"""Give me your hand or I will cry harder than before.""",Give me your hand. I would fly harder than before.
00448_0012_neutral_0012_000160,0012,neutral,happy,neutral,neutral,neutral,happy,happy,happy,True,True,True,True,True,1.0,-0.035077840089797974,False,0.008000001311302185,0.9150293469429016,12.233195579936462,4.517287254333496,0.029879461973905563,5.417316436767578,0.051523905247449875,0.08405314158063382,0.993385529789977,7,60,,Voxtral_EN,Kitty can you play chess?,This is a beautiful fish.
00449_0012_neutral_0012_000339,0012,neutral,happy,neutral,neutral,happy,happy,happy,happy,True,True,True,True,True,0.2,0.756939172744751,False,0.008000001311302185,0.7802256345748901,11.853700236961604,1.3064908981323242,0.023798663169145584,1.2317785024642944,0.036608319729566574,0.03611681427698583,0.9817842870523119,2,60,,Voxtral_EN,"And be with you, Tom.","And be with you, Carl."
00450_0012_sad_0012_001225,0012,sad,happy,neutral,happy,happy,happy,happy,happy,True,True,True,True,True,0.125,0.9629859924316406,True,0.008000001311302185,0.4010586142539978,25.377507120710476,0.639989972114563,0.013954326510429382,0.1461339294910431,0.013240068219602108,0.01541579820602201,0.9781960231902954,0,60,,Voxtral_EN,All this have we won by our labour.,All this have we won by our labor.
00451_0012_sad_0012_001104,0012,sad,happy,neutral,neutral,neutral,happy,happy,happy,True,True,True,True,True,1.3333333333333333,0.2645186185836792,False,0.008000001311302185,1.0280390977859497,14.613187554228599,3.6776580810546875,0.019333887845277786,2.7037265300750732,0.04427618533372879,0.04637159590788186,0.9947428805454005,6,60,,Voxtral_EN,"Are you a regular darky, really?","I was calling you all regular Darcy's, because I really..."
00452_0012_sad_0012_001301,0012,sad,happy,neutral,happy,happy,happy,happy,happy,True,True,True,True,True,0.8,0.7539575099945068,False,0.008000001311302185,0.7401058673858643,14.167570766517949,0.854301929473877,0.020379044115543365,2.6189377307891846,0.029247328639030457,0.046568713896721604,0.9761453844215313,0,60,,Voxtral_EN,The ladybug told them proudly.,"Your Ladybug, comment proudly."
00453_0012_sad_0012_001266,0012,sad,happy,neutral,neutral,neutral,happy,happy,happy,True,True,True,True,True,0.0,1.0,True,0.008000001311302185,0.809014618396759,16.090772368692264,4.697851181030273,0.014789092354476452,0.3315322697162628,0.043905824422836304,0.018104854109883307,0.996851945328921,5,60,,Voxtral_EN,It isn't picked at all.,It isn't picked at all.
00454_0012_sad_0012_001377,0012,sad,happy,neutral,neutral,neutral,happy,happy,happy,True,True,True,True,True,0.0,1.0,True,0.008000001311302185,0.7619159817695618,16.21793105747859,3.2436530590057373,0.043897852301597595,0.08102649450302124,0.03796074539422989,0.04470849685408175,0.9864665389599178,5,60,,Voxtral_EN,It's part of my secret.,It's part of my secret.
00455_0012_sad_0012_001385,0012,sad,happy,neutral,neutral,neutral,happy,happy,happy,True,True,True,True,True,1.0,0.3150477409362793,False,0.008000001311302185,0.8589355945587158,11.31360580012679,4.352663040161133,0.01639881730079651,2.107438802719116,0.04385802149772644,0.03747364390820265,0.9962324634024072,9,60,,Voxtral_EN,But things haven't changed yet.,We're through seventh change yes.
00456_0012_sad_0012_001059,0012,sad,happy,neutral,neutral,neutral,neutral,happy,happy,False,False,True,True,False,0.0,1.0000001192092896,True,0.008000001311302185,0.7574833631515503,14.433166264145523,1.5916317701339722,0.32211142778396606,0.4779953062534332,0.026646604761481285,0.326891647312548,0.7976218910503068,5,60,,Voxtral_EN,On the 22nd of last March.,On the 22nd of last March.
00457_0012_sad_0012_001340,0012,sad,happy,neutral,neutral,happy,happy,happy,happy,True,True,True,True,True,0.8,0.7182459831237793,False,0.008000001311302185,0.49421167373657227,22.37542196341628,2.4350194931030273,0.028724178671836853,1.1009948253631592,0.026990463957190514,0.039734396830108015,0.9882037171557783,3,60,,Voxtral_EN,There goes the shawl again.,"There it goes, the shawl of jammy."
00458_0012_sad_0012_001294,0012,sad,happy,neutral,neutral,neutral,happy,happy,happy,True,True,True,True,True,0.8,0.6059900522232056,False,0.008000001311302185,0.8491477966308594,13.48506462811687,2.397998571395874,0.02822517417371273,2.3214242458343506,0.04051284119486809,0.051439821760468185,0.9882296951672983,4,60,,Voxtral_EN,Off for the prison ship.,Up with the present ship!
00459_0012_sad_0012_001161,0012,sad,happy,neutral,happy,happy,happy,happy,happy,True,True,True,True,True,0.6666666666666666,0.8976959586143494,True,0.008000001311302185,0.6854090690612793,21.52881380915126,0.6661721467971802,0.034660130739212036,0.7687798738479614,0.026083534583449364,0.042348190313037486,0.9479712099855107,0,60,,Voxtral_EN,We nightly dance our heyday guys.,We like to dance our hey day guys.
00460_0012_sad_0012_001319,0012,sad,happy,neutral,neutral,neutral,happy,happy,happy,True,True,True,True,True,0.5,0.3616377115249634,False,0.008000001311302185,0.9332046508789062,11.200364937321861,3.9170427322387695,0.01840081252157688,1.3984689712524414,0.04734768718481064,0.032385975710973146,0.995302371258263,3,60,,Voxtral_EN,But show me now your map.,"But show me Mel, you're Mac."
00461_0012_sad_0012_001136,0012,sad,happy,neutral,neutral,neutral,happy,happy,happy,True,True,True,True,True,0.4,0.6314429044723511,False,0.008000001311302185,0.768671989440918,13.797078316427156,2.427931070327759,0.020634058862924576,2.129594087600708,0.040238380432128906,0.04193040212273598,0.9915013819316794,3,60,,Voxtral_EN,And take a tack too.,And take the tap too.
00462_0012_sad_0012_001190,0012,sad,happy,neutral,neutral,neutral,happy,happy,happy,True,True,True,True,True,2.0,0.17943239212036133,False,0.008000001311302185,0.9578907489776611,17.36378812159127,3.2086751461029053,0.04740065336227417,4.083272457122803,0.044537127017974854,0.08823382330477238,0.985227344245227,6,60,,Voxtral_EN,What an impetuous boy he is.,"We got quite a little bit of quibs through, it was hoisey."
00463_0012_sad_0012_001141,0012,sad,happy,surprise,happy,happy,happy,happy,happy,True,True,True,True,True,0.5714285714285714,0.3493456244468689,False,0.008000001311302185,0.7626480460166931,17.317611446746387,1.0185344219207764,0.03271832689642906,1.717491865158081,0.03014473430812359,0.04989354699535296,0.9678770533501184,2,60,,Voxtral_EN,We expected Tom would jump for joy.,Three expected tombs with jumps for joy.
00464_0012_sad_0012_001279,0012,sad,happy,neutral,neutral,neutral,happy,happy,happy,True,True,True,True,True,1.5,0.27401378750801086,False,0.008000001311302185,0.8894776701927185,17.005059519606842,2.69842791557312,0.010726815089583397,3.9642879962921143,0.03613307327032089,0.050370056383237244,0.9960247909430239,4,60,,Voxtral_EN,The first year they sowed rye.,"When fur is dear, and hey so do I'm."
00465_0012_sad_0012_001215,0012,sad,happy,neutral,happy,neutral,happy,happy,happy,True,True,True,True,True,0.375,0.7372530698776245,False,0.008000001311302185,0.7224677801132202,14.935456330883808,1.819998025894165,0.01914723590016365,0.8033140301704407,0.024448474869132042,0.02718062068661675,0.9894795293029196,7,60,,Voxtral_EN,They were going fast with a light clip.,Today we're going fast with a like clip.
00466_0012_sad_0012_001061,0012,sad,happy,neutral,happy,happy,happy,happy,happy,True,True,True,True,True,1.0,0.7953976988792419,False,0.008000001311302185,0.7807466983795166,14.625625927001886,0.8924742937088013,0.054159410297870636,0.9402060508728027,0.04375573247671127,0.06356190836392342,0.9393154394701906,0,60,,Voxtral_EN,Chapter 10: A Warm Welcome,The warm welcome.
00467_0012_sad_0012_001251,0012,sad,happy,neutral,neutral,neutral,happy,happy,happy,True,True,True,True,True,0.0,1.0,True,0.008000001311302185,0.765266478061676,15.791645372004837,1.675270915031433,0.008976106531918049,0.15983060002326965,0.027032047510147095,0.010574682852625847,0.9946419970338053,2,60,,Voxtral_EN,A lady is on Alice's lap.,A lady is on Alice's lap.
00468_0012_sad_0012_001056,0012,sad,happy,neutral,neutral,neutral,happy,happy,happy,True,True,True,True,True,0.7142857142857143,0.5446705222129822,False,0.008000001311302185,0.7576637268066406,15.722888911717057,3.1535491943359375,0.029301714152097702,0.8632615208625793,0.03427442908287048,0.037934672105014326,0.9907083377025714,5,60,,Voxtral_EN,And what's the gear and to gimbal?,"And once a year, head to Gimball."
00469_0012_sad_0012_001165,0012,sad,happy,neutral,neutral,neutral,happy,happy,happy,True,True,True,True,True,0.3333333333333333,0.664741575717926,False,0.008000001311302185,0.7712847590446472,18.327647295448696,2.2952370643615723,0.011969566345214844,0.7242027521133423,0.03444146737456322,0.019211938281022013,0.9947850413662851,8,60,,Voxtral_EN,"He might call it, for example.","You like call it, for example."
00470_0012_sad_0012_001236,0012,sad,happy,angry,angry,angry,happy,happy,happy,True,True,True,True,True,0.8888888888888888,0.04669122397899628,False,0.008000001311302185,0.8402724266052246,14.928617151304696,3.59713077545166,0.0084421681240201,2.7564427852630615,0.037251099944114685,0.03600696848765016,0.9976530827898632,6,60,,Voxtral_EN,She jumped at the tail and bit it savagely.,And enjoyed the time with young children.
00471_0012_sad_0012_001150,0012,sad,happy,neutral,neutral,neutral,happy,happy,happy,True,True,True,True,True,0.5714285714285714,0.328688383102417,False,0.008000001311302185,0.8489457368850708,16.18005068300436,3.387084722518921,0.02064976468682289,1.1349895000457764,0.0345272570848465,0.0320000049598515,0.9939033811142858,6,60,,Voxtral_EN,"Well, anyhow, it didn't rain, he said.","Well, anyhow, you did it, Reen, he said."
00472_0012_sad_0012_001363,0012,sad,happy,neutral,neutral,neutral,happy,happy,happy,True,True,True,True,True,0.5,0.7306493520736694,False,0.008000001311302185,0.73133784532547,18.796939175271817,2.327345371246338,0.01172672025859356,1.7940325736999512,0.020892692729830742,0.02966725492252037,0.9949613321669084,4,60,,Voxtral_EN,Give me a fine fat goose.,Isn't he a fine fat goose?
00473_0012_sad_0012_001380,0012,sad,happy,angry,neutral,happy,happy,happy,happy,True,True,True,True,True,0.4,0.9710648059844971,True,0.008000001311302185,0.7199926972389221,20.59149870388756,1.05045747756958,0.014003463089466095,0.7693642973899841,0.035103753209114075,0.02169745710089803,0.9866691766316276,2,60,,Voxtral_EN,She keeps saying I'm hers.,"She kept saying, I'm hers."
00474_0012_sad_0012_001229,0012,sad,happy,neutral,happy,happy,happy,happy,happy,True,True,True,True,True,0.8,0.5011403560638428,False,0.008000001311302185,0.6328531503677368,12.599886443671728,0.5917590260505676,0.027476094663143158,0.961297333240509,0.021980274468660355,0.03708928779829293,0.9535687780775899,0,60,,Voxtral_EN,Daisy creams with pink edges.,"""Clever daisy dreams with pink edges."""
00475_0012_surprise_0012_001552,0012,surprise,happy,neutral,neutral,happy,happy,happy,happy,True,True,True,True,True,0.6666666666666666,0.872060239315033,True,0.008000001311302185,0.6880077719688416,21.26492968531279,1.7823280096054077,0.023195980116724968,0.28179797530174255,0.029384110122919083,0.02601425371084362,0.9869855716839346,5,60,,Voxtral_EN,Guilty for what do you rule?,Guilty for what? I rule!
00476_0012_surprise_0012_001419,0012,surprise,happy,neutral,happy,happy,happy,happy,happy,True,True,True,True,True,0.2,0.8736099600791931,True,0.008000001311302185,0.578064501285553,23.677176306515744,1.0837799310684204,0.0951596051454544,0.4727041721343994,0.024943821132183075,0.09988689630500973,0.9121965609276014,2,60,,Voxtral_EN,At the end of four?,"At the end of four,"
00477_0012_surprise_0012_001524,0012,surprise,happy,neutral,neutral,neutral,happy,happy,happy,True,True,True,True,True,0.0,0.9999999403953552,True,0.008000001311302185,0.7650814652442932,21.015353443730447,2.5307681560516357,0.010960377752780914,0.11083289235830307,0.021962933242321014,0.01206892630569637,0.9956691498086966,3,60,,Voxtral_EN,"You know, answers to the name of Tom's son.","You know, answers to the name of Tom's son."
00478_0012_surprise_0012_001664,0012,surprise,happy,neutral,neutral,neutral,happy,happy,happy,True,True,True,True,True,1.0,0.3130965828895569,False,0.008000001311302185,0.7371416687965393,17.28790839042418,3.2025809288024902,0.02185337245464325,4.1811676025390625,0.03322041779756546,0.06366538068421185,0.9931763246767304,5,60,,Voxtral_EN,Slam the doors and wedge them.,"Hey, we're going, Snoop!"
00479_0012_surprise_0012_001415,0012,surprise,happy,sad,sad,sad,happy,happy,happy,True,True,True,True,True,1.0,0.4281309247016907,False,0.008000001311302185,0.7705876231193542,22.512988983410192,4.796075820922852,0.03358626365661621,1.8657387495040894,0.033393628895282745,0.05224398508794606,0.992997136636144,17,60,,Voxtral_EN,Poor Tom now is dead.,Four tums and I was dead.
00480_0012_surprise_0012_001672,0012,surprise,happy,neutral,neutral,neutral,happy,happy,happy,True,True,True,True,True,1.0,0.7122988104820251,False,0.008000001311302185,0.8862809538841248,19.893430814193472,3.345338821411133,0.016133837401866913,1.7932013273239136,0.03760624676942825,0.03406622673757374,0.9951772187323431,7,60,,Voxtral_EN,No admittance except on party business.,No admissions except on party. There's this. Come on.
00481_0012_surprise_0012_001697,0012,surprise,happy,neutral,neutral,happy,happy,happy,happy,True,True,True,True,True,0.1111111111111111,0.7943153381347656,False,0.008000001311302185,0.660433292388916,21.840042430191478,1.6847834587097168,0.04009542241692543,0.25875139236450195,0.017705578356981277,0.04268311339635402,0.9762014387014267,4,60,,Voxtral_EN,How Tom and Jerry went to visit Mr. Sam.,How Tom and Jerry went to visit Mr. Sand.
00482_0012_surprise_0012_001659,0012,surprise,happy,neutral,neutral,neutral,happy,happy,happy,True,True,True,True,True,0.8571428571428571,0.16176734864711761,False,0.008000001311302185,0.6128756999969482,21.740106962557082,1.2995308637619019,0.012476587668061256,1.2636096477508545,0.02140803635120392,0.025112898225933315,0.9903991601769705,5,60,,Voxtral_EN,The song is called Ways and Means.,Grays and Neams.
00483_0012_surprise_0012_001699,0012,surprise,happy,sad,sad,neutral,happy,happy,happy,True,True,True,True,True,0.4,0.9279698729515076,True,0.008000001311302185,0.780415952205658,18.963280816003582,2.2251837253570557,0.029566869139671326,0.7915821671485901,0.03153393417596817,0.03748300615049898,0.9867126166694721,8,60,,Voxtral_EN,His hope will cheat him.,His hope will cheat and hold.
00484_0012_surprise_0012_001514,0012,surprise,happy,neutral,neutral,neutral,happy,happy,happy,True,True,True,True,True,0.1,0.9238507747650146,True,0.008000001311302185,0.7042394876480103,22.3244537699426,2.488743305206299,0.12284471839666367,0.2745899558067322,0.02212986908853054,0.12559083925342185,0.9506398598281791,11,60,,Voxtral_EN,A half pounds of flour and two ounces of suet.,A half pounds of flour and two ounces of sweet.
00485_0012_surprise_0012_001685,0012,surprise,happy,neutral,neutral,neutral,happy,happy,happy,True,True,True,True,True,0.16666666666666666,0.7238227725028992,False,0.008000001311302185,0.6449108719825745,20.463367616179138,1.6308984756469727,0.008311619982123375,0.6424016356468201,0.024552583694458008,0.01473588186442852,0.9949036558030835,4,60,,Voxtral_EN,The straw charcoal and the pea.,The straw chocolate and the pea.
00486_0012_surprise_0012_001745,0012,surprise,happy,neutral,neutral,neutral,happy,happy,happy,True,True,True,True,True,0.6,0.8137311339378357,True,0.008000001311302185,0.817257821559906,19.892508595642088,3.8257012367248535,0.06327436119318008,0.3706566095352173,0.03313553333282471,0.06698125864386559,0.9834607154929461,13,60,,Voxtral_EN,A whirring noise was heard.,Where in noise was heard?
00487_0012_surprise_0012_001466,0012,surprise,happy,neutral,neutral,neutral,happy,happy,happy,True,True,True,True,True,0.2,0.6565617918968201,False,0.008000001311302185,0.6518451571464539,24.339484652182666,2.3810641765594482,0.023173417896032333,0.8664959669113159,0.02458011731505394,0.031838623366318645,0.9902676214592766,7,60,,Voxtral_EN,Shall we let Barbara in?,Shall we Lake Barbara in?
00488_0012_surprise_0012_001450,0012,surprise,happy,neutral,neutral,neutral,happy,happy,happy,True,True,True,True,True,0.1111111111111111,0.9719127416610718,True,0.008000001311302185,0.7580370903015137,23.17271282348127,1.536027431488037,0.01812819391489029,0.1877652108669281,0.02219308912754059,0.020006067954450847,0.988198001192382,2,60,,Voxtral_EN,Rabbit gave dog a hurrying up sort of nudge.,Rabbid gave dog a hurrying up sort of nudge.
00489_0012_surprise_0012_001694,0012,surprise,happy,surprise,happy,happy,happy,happy,happy,True,True,True,True,True,0.0,1.0,True,0.008000001311302185,0.5604429841041565,19.142002600439152,0.8554184436798096,0.010766355320811272,0.20947611331939697,0.023840775713324547,0.012861354861762375,0.9874139312749712,0,60,,Voxtral_EN,Now I understand.,Now I understand.
00490_0012_surprise_0012_001476,0012,surprise,happy,neutral,neutral,surprise,happy,happy,happy,True,True,True,True,True,0.6666666666666666,0.10216067731380463,False,0.008000001311302185,0.7366606593132019,23.49971228060021,2.0944385528564453,0.032836925238370895,1.8574336767196655,0.026864325627684593,0.05141153064882383,0.9843218483571231,4,60,,Voxtral_EN,The hag looked in the stove.,Be happy in the stall.
00491_0012_surprise_0012_001622,0012,surprise,happy,neutral,neutral,neutral,happy,happy,happy,True,True,True,True,True,0.0,0.9999997615814209,True,0.008000001311302185,0.7220404148101807,15.887624053185707,2.4395384788513184,0.007469997741281986,0.08807357400655746,0.02758585289120674,0.008351009339876474,0.9969379463345053,10,60,,Voxtral_EN,Ask God to help you.,Ask God to help you.
00492_0012_surprise_0012_001465,0012,surprise,happy,surprise,happy,surprise,happy,happy,happy,True,True,True,True,True,0.0,1.0,True,0.00800000037997961,0.5572866201400757,23.190655713330592,0.5434812903404236,0.011037359945476055,0.15536178648471832,0.01438823714852333,0.012591121692694725,0.9796913709052201,0,60,,Voxtral_EN,Tom could hardly speak for laughing.,Tom could hardly speak for laughing.
00493_0012_surprise_0012_001709,0012,surprise,happy,neutral,neutral,neutral,happy,happy,happy,True,True,True,True,True,0.2222222222222222,0.7774840593338013,False,0.008000001311302185,0.7771896123886108,20.596904100150955,2.762410879135132,0.023489240556955338,1.975984811782837,0.021205386146903038,0.043249300728645176,0.9914968331704842,6,60,,Voxtral_EN,"He owed Mr. Lawson, I can't tell you how.","Cute old Mr. Lawson, I can't tell you how."
00494_0012_surprise_0012_001447,0012,surprise,happy,neutral,neutral,neutral,happy,happy,happy,True,True,True,True,True,1.3333333333333333,0.7407481670379639,False,0.008000001311302185,0.6644319891929626,21.681743043372276,3.216505765914917,0.07058940082788467,0.9343953728675842,0.02738904021680355,0.07993362844696268,0.9780540107914882,10,60,,Voxtral_EN,Please excuse me.,Can I just excuse me?
00495_0012_surprise_0012_001637,0012,surprise,happy,neutral,neutral,happy,happy,happy,happy,True,True,True,True,True,0.2,0.8072515726089478,True,0.008000001311302185,0.6912240386009216,20.10785922129195,1.7509698867797852,0.016369253396987915,0.18926796317100525,0.02254428341984749,0.018262158471532168,0.9906513221497528,8,60,,Voxtral_EN,What would they do at the end of the year?,What would they do at the end of the year winning?
00496_0012_surprise_0012_001410,0012,surprise,happy,neutral,neutral,neutral,happy,happy,happy,True,True,True,True,True,1.0,0.13883359730243683,False,0.008000001311302185,0.6306849718093872,23.018068938994386,3.629136085510254,0.026796838268637657,4.579872131347656,0.03149957209825516,0.0725958745778352,0.9926161935961489,6,60,,Voxtral_EN,A nauseous drought?,On noshi's trouts
00497_0012_surprise_0012_001429,0012,surprise,happy,neutral,neutral,neutral,happy,happy,happy,True,True,True,True,True,0.0,0.9999998807907104,True,0.008000001311302185,0.6127358675003052,20.392912207078,1.5635651350021362,0.010154113173484802,0.24630536139011383,0.02894965559244156,0.012617456283941864,0.9935057945804919,4,60,,Voxtral_EN,Red came and replied on the leaves.,Red came and replied on the leaves.
00498_0012_surprise_0012_001566,0012,surprise,happy,neutral,neutral,neutral,happy,happy,happy,True,True,True,True,True,1.0,-0.12212073802947998,False,0.008000001311302185,0.7914241552352905,18.088763601366885,3.4213480949401855,0.03416183218359947,3.16606068611145,0.02535078302025795,0.06582269255254417,0.9900150960277555,4,60,,Voxtral_EN,They ate beef at the butcher shop.,It's a festive shoe show.
00499_0012_surprise_0012_001519,0012,surprise,happy,neutral,happy,happy,happy,happy,happy,True,True,True,True,True,0.6666666666666666,0.36294788122177124,False,0.008000001311302185,0.6560366749763489,22.935753261136085,1.4063084125518799,0.02010943926870823,0.8693330883979797,0.02398517355322838,0.02880301000442356,0.9857005482657835,9,60,,Voxtral_EN,The owl flew into a bush.,Let our flow into our bush.
00300_0013_angry_0013_000373,0013,angry,happy,surprise,happy,happy,neutral,happy,happy,False,False,True,True,False,0.5,0.7982144355773926,False,0.008000001311302185,0.6072685122489929,24.507491340100923,1.3841675519943237,0.25916194915771484,0.6982424259185791,0.020600130781531334,0.2661445794182084,0.8127669234954168,9,60,,Voxtral_EN,I thought you meant how old are you.,I saw you meant how older youth.
00301_0013_angry_0013_000447,0013,angry,happy,neutral,neutral,neutral,happy,happy,happy,True,True,True,True,True,1.1428571428571428,0.4721059799194336,False,0.008000001311302185,0.7638840675354004,21.385505797388966,4.124549865722656,0.02257579192519188,1.7912646532058716,0.03213057294487953,0.040488759762980046,0.994526483456338,11,60,,Voxtral_EN,I have not opened the 13th door.,I've confessed that you opened the thirteenth door going you.
00302_0013_angry_0013_000518,0013,angry,happy,neutral,neutral,neutral,happy,happy,happy,True,True,True,True,True,0.125,0.9826902747154236,True,0.008000001311302185,0.6752963662147522,27.850831070061737,3.1257998943328857,0.07523421198129654,0.5162897109985352,0.019769635051488876,0.0803973067876324,0.9759312129616176,17,60,,Voxtral_EN,"I said you looked like an egg, sir.","I said you look like an egg, sir."
00303_0013_angry_0013_000667,0013,angry,happy,neutral,neutral,neutral,happy,happy,happy,True,True,True,True,True,0.25,0.6967971324920654,False,0.008000001311302185,0.7747256755828857,20.919073811788856,3.1171517372131348,0.015241986140608788,0.717003583908081,0.029916398227214813,0.02241232114367187,0.9951102841871163,13,60,,Voxtral_EN,At length they came to a sharp bend.,At length it came to a sharp end.
00304_0013_angry_0013_000573,0013,angry,happy,neutral,neutral,neutral,happy,happy,happy,True,True,True,True,True,0.0,1.0,True,0.008000001311302185,0.719879686832428,23.601533794026878,1.7509254217147827,0.011432476341724396,0.10118750482797623,0.027521155774593353,0.012444626601561905,0.9934706091990326,4,60,,Voxtral_EN,"Pick, pick, pick.","Pick, pick, pick."
00305_0013_angry_0013_000496,0013,angry,happy,neutral,neutral,neutral,happy,happy,happy,True,True,True,True,True,0.3333333333333333,0.8855269551277161,True,0.008000001311302185,0.7673464417457581,24.528940430962976,2.1783463954925537,0.042574360966682434,0.7519122362136841,0.0274885855615139,0.050093758214674884,0.9804556515645182,9,60,,Voxtral_EN,He said to Jack the Chatterer,"""Be said to Jack the Chatterer."""
00306_0013_angry_0013_000478,0013,angry,happy,angry,angry,neutral,happy,happy,happy,True,True,True,True,True,0.0,0.9999998807907104,True,0.008000001311302185,0.634585440158844,25.894308617062165,2.380431652069092,0.03557796776294708,0.16613906621932983,0.02316402643918991,0.037239590065404775,0.9850539847543943,11,60,,Voxtral_EN,Put that rude grasshopper in jail.,Put that rude grasshopper in jail.
00307_0013_angry_0013_000448,0013,angry,happy,neutral,neutral,neutral,neutral,happy,happy,False,False,True,True,False,0.6666666666666666,0.9313674569129944,True,0.008000001311302185,0.6169734001159668,20.290445456849042,2.38242506980896,0.1508379429578781,2.3532636165618896,0.03445054218173027,0.17437092362891884,0.9366872247654893,7,60,,Voxtral_EN,"""Said the witch.""",Said the witch.
00308_0013_angry_0013_000394,0013,angry,happy,neutral,neutral,happy,happy,happy,happy,True,True,True,True,True,0.3333333333333333,0.9841117262840271,True,0.008000001311302185,0.6850082874298096,23.680849268140335,1.771697998046875,0.2520536780357361,0.3687494397163391,0.029383212327957153,0.25574146626502275,0.8577332715205409,10,60,,Voxtral_EN,"Take courage, all isn't lost yet.","Take courage, all is not lost yet."
00309_0013_angry_0013_000697,0013,angry,happy,angry,neutral,neutral,happy,happy,happy,True,True,True,True,True,0.0,0.9999998807907104,True,0.008000001311302185,0.617712676525116,26.600080294425815,2.545339584350586,0.014130828902125359,0.09280247241258621,0.021629493683576584,0.015059069921188058,0.9944483522006237,8,60,,Voxtral_EN,"What are you waiting for, man?","What are you waiting for, man?"
00310_0013_angry_0013_000431,0013,angry,happy,neutral,neutral,neutral,happy,happy,happy,True,True,True,True,True,0.25,0.9005330204963684,True,0.008000001311302185,0.7768433690071106,23.196697900082675,3.120020627975464,0.016213223338127136,0.6707190871238708,0.031240224838256836,0.022920726611614227,0.994803488415188,11,60,,Voxtral_EN,And I never had a whooping cough. Why?,And I never had a whooping cough wryth.
00311_0013_angry_0013_000368,0013,angry,happy,sad,sad,sad,neutral,happy,happy,False,False,True,True,False,0.0,1.0000001192092896,True,0.008000001311302185,0.942721426486969,19.72703323985363,4.789607048034668,0.623830258846283,0.45368078351020813,0.030488327145576477,0.6283673715646565,0.8697533529181145,28,60,,Voxtral_EN,"Then sadly, it is much farther.","Then sadly, it is much farther."
00312_0013_angry_0013_000501,0013,angry,happy,neutral,happy,happy,happy,happy,happy,True,True,True,True,True,0.0,1.0,True,0.008000001311302185,0.4943923354148865,29.01179979448891,0.9397754073143005,0.020255260169506073,0.11619044095277786,0.01727249100804329,0.02141733730394393,0.9784467011885406,0,60,,Voxtral_EN,All the way to China is home.,All the way to China is home.
00313_0013_angry_0013_000449,0013,angry,happy,neutral,neutral,neutral,surprise,happy,happy,False,False,True,True,False,0.0,1.0,True,0.008000001311302185,0.6486468315124512,23.913773424224605,2.3832337856292725,0.4392024874687195,0.05125289410352707,0.026968296617269516,0.4397152860927209,0.8157115386173699,12,60,,Voxtral_EN,I've hit the wrong nose.,I've hit the wrong nose.
00314_0013_angry_0013_000651,0013,angry,happy,neutral,neutral,happy,happy,happy,happy,True,True,True,True,True,0.0,1.0,True,0.008000001311302185,0.5216659903526306,29.072507198947044,2.0128588676452637,0.125146746635437,0.025662172585725784,0.02076108753681183,0.12540357597216964,0.9378263679351551,4,60,,Voxtral_EN,I'm sure your friends can wait.,I'm sure your friends can wait.
00315_0013_angry_0013_000380,0013,angry,happy,neutral,neutral,happy,happy,happy,happy,True,True,True,True,True,2.2,-0.01877247914671898,False,0.008000001311302185,0.6709194183349609,23.246239031609626,1.8674544095993042,0.10811498761177063,2.472583055496216,0.027170497924089432,0.13284108987171203,0.9421056883337952,10,60,,Voxtral_EN,Must the name mean something?,The most important thing is to be able to do something.
00316_0013_angry_0013_000465,0013,angry,happy,neutral,neutral,neutral,sad,happy,happy,False,False,True,True,False,1.0,0.7500656247138977,False,0.008000001311302185,0.7142238616943359,21.522827044453194,2.256990432739258,0.38399529457092285,0.9299453496932983,0.02927914820611477,0.3932950408593379,0.8298640131562824,16,60,,Voxtral_EN,"He might call it, for example.","""For example, he might call it a 'sandwich'."""
00317_0013_angry_0013_000538,0013,angry,happy,neutral,neutral,happy,neutral,happy,happy,False,False,True,True,False,0.2,0.997191309928894,True,0.008000001311302185,0.6931332945823669,24.405475131970228,1.4489266872406006,0.4784795641899109,0.34410524368286133,0.027204012498259544,0.4819208886668645,0.6697696519751815,7,60,,Voxtral_EN,Now quicker the fiddle went.,"Now, quicker the fiddle went."
00318_0013_angry_0013_000551,0013,angry,happy,neutral,neutral,neutral,happy,happy,happy,True,True,True,True,True,0.3333333333333333,0.6407653093338013,False,0.008000001311302185,0.48143577575683594,28.070829997281542,2.387176990509033,0.024602528661489487,1.2869229316711426,0.010394572280347347,0.03747186192392372,0.9896938816186213,3,60,,Voxtral_EN,A lady is on Alice's lap.,The lady is on Alice's laugh.
00319_0013_angry_0013_000621,0013,angry,happy,neutral,neutral,neutral,happy,happy,happy,True,True,True,True,True,0.3333333333333333,0.7959008812904358,False,0.008000001311302185,0.5399479866027832,27.61054315564843,1.6393988132476807,0.04931464046239853,0.30495086312294006,0.017505140975117683,0.05236432414503768,0.969919070293393,3,60,,Voxtral_EN,I say I will be emperor.,I say I will meet Emperor.
00320_0013_angry_0013_000433,0013,angry,happy,angry,neutral,neutral,happy,happy,happy,True,True,True,True,True,0.5,0.8689650297164917,True,0.008000001311302185,0.6879693865776062,23.288174884486207,3.3507394790649414,0.02836436778306961,0.9845036268234253,0.028690293431282043,0.03820969095423818,0.9915348931302218,11,60,,Voxtral_EN,"Be off now, as quick as you may.",We'll be off now as quick as you made.
00321_0013_angry_0013_000531,0013,angry,happy,neutral,happy,happy,happy,happy,happy,True,True,True,True,True,0.0,1.0,True,0.008000001311302185,0.5088518857955933,23.955713110696408,1.0177704095840454,0.08940017223358154,0.2492038756608963,0.022216152399778366,0.0918924331517145,0.9121607669158719,5,60,,Voxtral_EN,First issue a reward.,First issue a reward.
00322_0013_angry_0013_000415,0013,angry,happy,surprise,happy,surprise,happy,happy,happy,True,True,True,True,True,0.5,0.9257599115371704,True,0.008000001311302185,0.6098173260688782,24.272755876780003,0.8390616178512573,0.021267926320433617,0.35996201634407043,0.018914584070444107,0.024867735629715025,0.9746527241051756,0,60,,Voxtral_EN,Tom could hardly speak for laughing.,"Tom could hardly speak for laugh, hey Frank."
00323_0013_angry_0013_000628,0013,angry,happy,neutral,neutral,neutral,happy,happy,happy,True,True,True,True,True,0.0,0.9999998807907104,True,0.008000001311302185,0.6271737217903137,22.93554606220774,2.641326427459717,0.19125011563301086,0.13486167788505554,0.03609985113143921,0.19259909341037273,0.9275931540892715,8,60,,Voxtral_EN,I know you.,I know you.
00324_0013_angry_0013_000412,0013,angry,happy,neutral,neutral,neutral,happy,happy,happy,True,True,True,True,True,0.6666666666666666,0.5038883090019226,False,0.008000001311302185,0.6111233234405518,24.963488090665052,2.613454818725586,0.01376024167984724,1.7018266916275024,0.020771920680999756,0.030778716315329076,0.9947348461579462,6,60,,Voxtral_EN,Tom went on an IOR gloomily.,Tom won an Iorg Glumalive.
00325_0013_neutral_0013_000019,0013,neutral,happy,neutral,happy,neutral,happy,happy,happy,True,True,True,True,True,0.0,1.0,True,0.008000001311302185,0.6202040910720825,18.1722036884203,1.2363247871398926,0.05659233778715134,0.13917532563209534,0.030188878998160362,0.05798439293226227,0.9542253472745849,2,60,,Voxtral_EN,At the end of four.,At the end of four.
00326_0013_neutral_0013_000303,0013,neutral,happy,sad,sad,sad,happy,happy,happy,True,True,True,True,True,0.14285714285714285,0.5188745856285095,False,0.008000001311302185,0.6578900218009949,20.694946969575405,3.2411813735961914,0.030297180637717247,0.8095610737800598,0.02372017875313759,0.03839302857730538,0.9906524266477252,5,60,,Voxtral_EN,I am loath to see him go.,I am gloved to see him go.
00327_0013_neutral_0013_000168,0013,neutral,happy,neutral,neutral,neutral,happy,happy,happy,True,True,True,True,True,0.375,0.8387291431427002,True,0.008000001311302185,0.7265483736991882,19.573733394374077,2.84458065032959,0.28588029742240906,0.8862773776054382,0.037298403680324554,0.29474344418250026,0.8995000203670495,15,60,,Voxtral_EN,"I said you looked like an egg, sir.",I said you look like an egg surf.
00328_0013_neutral_0013_000016,0013,neutral,happy,neutral,neutral,neutral,happy,happy,happy,True,True,True,True,True,0.2857142857142857,0.9718043804168701,True,0.008000001311302185,0.7029582858085632,20.896770150623425,2.0066065788269043,0.044586531817913055,0.28096529841423035,0.026992063969373703,0.047396454722695054,0.9777801327433208,3,60,,Voxtral_EN,"Mr. Chairman, I move for a division.","Mr. Chairman, I've moved for a division."
00329_0013_neutral_0013_000131,0013,neutral,happy,neutral,neutral,neutral,happy,happy,happy,True,True,True,True,True,0.0,1.0000001192092896,True,0.008000001311302185,0.6493578553199768,21.575060315445803,2.270993232727051,0.01305704191327095,0.06191888079047203,0.025395113974809647,0.013676484672315418,0.9942505148297638,3,60,,Voxtral_EN,It must come sometimes to jam a day.,It must come sometimes to jam a day.
00330_0013_neutral_0013_000077,0013,neutral,happy,neutral,neutral,neutral,happy,happy,happy,True,True,True,True,True,0.6,0.870514452457428,True,0.008000001311302185,0.74248868227005,20.03169033957986,2.1788716316223145,0.09878148883581161,0.9955044388771057,0.03841397911310196,0.1087369173643738,0.9546639244817455,8,60,,Voxtral_EN,But I saw you walking.,But I saw you walk in me.
00331_0013_neutral_0013_000145,0013,neutral,happy,neutral,happy,happy,happy,happy,happy,True,True,True,True,True,0.2,0.7764427661895752,False,0.008000001311302185,0.6411951184272766,20.177129585565176,0.985646665096283,0.011458996683359146,2.0654420852661133,0.0306351687759161,0.032113723887708036,0.9883741333591995,0,60,,Voxtral_EN,Read by the living pool.,Freed by the living pool.
00332_0013_neutral_0013_000178,0013,neutral,happy,neutral,neutral,neutral,happy,happy,happy,True,True,True,True,True,0.8571428571428571,0.6616427898406982,False,0.008000001311302185,0.7204536199569702,15.658204538262204,2.031446933746338,0.03223823755979538,1.40389883518219,0.025166604667901993,0.046277477577663956,0.9841304062516945,5,60,,Voxtral_EN,"""and vowed he'd change the pigtail's place.""","And Val, you've changed the Pigtails place."
00333_0013_neutral_0013_000345,0013,neutral,happy,neutral,neutral,neutral,happy,happy,happy,True,True,True,True,True,0.2,0.7001156806945801,False,0.008000001311302185,0.7798938155174255,18.817630481117355,3.8141868114471436,0.018281718716025352,1.772879719734192,0.03381691500544548,0.03601085408251733,0.9952069157543206,12,60,,Voxtral_EN,A wearing noise was heard.,Hay wearing noise was heard.
00334_0013_neutral_0013_000281,0013,neutral,happy,neutral,neutral,neutral,happy,happy,happy,True,True,True,True,True,0.0,1.0,True,0.008000001311302185,0.8373755812644958,11.239804465785724,2.1363954544067383,0.05848219618201256,0.03881121054291725,0.04566029831767082,0.05887076489042491,0.972625762678262,5,60,,Voxtral_EN,He could not help doing so.,He could not help doing so.
00335_0013_neutral_0013_000176,0013,neutral,happy,neutral,happy,happy,happy,happy,happy,True,True,True,True,True,0.16666666666666666,0.9978334903717041,True,0.008000001311302185,0.8248391151428223,16.921697129694735,0.9889928102493286,0.03856812044978142,0.21166472136974335,0.0191902257502079,0.04068495956573635,0.9610026280776922,0,60,,Voxtral_EN,"She just smiled calmly, mother knows that it is the best smile.",She just smiled calmly. Mother knows that it is the best smile.
00336_0013_neutral_0013_000269,0013,neutral,happy,neutral,neutral,neutral,happy,happy,happy,True,True,True,True,True,0.8333333333333334,0.41088059544563293,False,0.008000001311302185,0.8610257506370544,13.368989204064315,4.7591166496276855,0.02930319868028164,1.9676812887191772,0.046846210956573486,0.048980480029582975,0.9938427231695247,9,60,,Voxtral_EN,But show me now your map.,But surely now you're a marvel.
00337_0013_neutral_0013_000188,0013,neutral,happy,neutral,neutral,happy,neutral,happy,happy,False,False,True,True,False,0.0,0.9999998807907104,True,0.008000001311302185,0.6393327116966248,19.34567432026349,1.7441444396972656,0.31152185797691345,0.10895323753356934,0.02463606558740139,0.31261163671290504,0.8213898740915145,8,60,,Voxtral_EN,Now quicker the fiddle went.,Now quicker the fiddle went.
00338_0013_neutral_0013_000107,0013,neutral,happy,neutral,neutral,neutral,neutral,happy,happy,False,False,True,True,False,0.42857142857142855,0.8245927095413208,True,0.008000001311302185,0.7416263222694397,20.839474081267035,2.6589572429656982,0.30835309624671936,0.3723219335079193,0.03401404619216919,0.31207665572226045,0.8840323224217046,16,60,,Voxtral_EN,Tom and Michael woke up next morning.,Tom and Michael woke up next morning feeling refreshed.
00339_0013_neutral_0013_000095,0013,neutral,happy,surprise,neutral,surprise,happy,happy,happy,True,True,True,True,True,0.16666666666666666,0.9738336801528931,True,0.008000001311302185,0.5652252435684204,22.969910981597053,2.179241418838501,0.008770348504185677,0.7123616337776184,0.021769311279058456,0.01589418253507465,0.9959755039398709,4,60,,Voxtral_EN,"Aha, what I have we hear.","Haha, what I have we hear."
00340_0013_neutral_0013_000232,0013,neutral,happy,neutral,neutral,happy,happy,happy,happy,True,True,True,True,True,0.5,0.8827056288719177,True,0.008000001311302185,0.750325620174408,17.128486820841683,2.7704930305480957,0.020722098648548126,1.5459485054016113,0.030574791133403778,0.036181889450475575,0.9925204292448812,6,60,,Voxtral_EN,We'll call her Lily for short.,"We'll call her Lily, prestored."
00341_0013_neutral_0013_000274,0013,neutral,happy,neutral,neutral,neutral,happy,happy,happy,True,True,True,True,True,0.0,1.0,True,0.008000001311302185,0.7875880599021912,17.25464883885447,2.664565086364746,0.0830334722995758,0.1155468225479126,0.02282019518315792,0.08418916872700677,0.9688378892583712,10,60,,Voxtral_EN,Because he was a man with infinite resource and sagacity.,Because he was a man with infinite resource and sagacity.
00342_0013_neutral_0013_000195,0013,neutral,happy,neutral,neutral,neutral,happy,happy,happy,True,True,True,True,True,0.14285714285714285,0.9314073324203491,True,0.008000001311302185,0.8524789214134216,16.599791704287725,3.3239142894744873,0.04549276828765869,0.5833796262741089,0.03168810158967972,0.05132688143141568,0.9863134953775083,7,60,,Voxtral_EN,A boat put out on the bay.,A boat for out on the bay.
00343_0013_neutral_0013_000060,0013,neutral,happy,neutral,neutral,neutral,happy,happy,happy,True,True,True,True,True,0.3333333333333333,0.8877220153808594,True,0.008000001311302185,0.8643549680709839,15.342528420678057,2.367187976837158,0.02657616138458252,0.5470296740531921,0.03526712954044342,0.03204681079640984,0.9887731090033284,6,60,,Voxtral_EN,"""That I am a born nurse.""",That I am a born nurse.
00344_0013_neutral_0013_000197,0013,neutral,happy,angry,neutral,neutral,happy,happy,happy,True,True,True,True,True,0.7142857142857143,0.7245101928710938,False,0.008000001311302185,0.6689596176147461,18.67240675861808,2.8830103874206543,0.044159188866615295,1.2878520488739014,0.020508363842964172,0.05703791443899274,0.9846829588060821,5,60,,Voxtral_EN,"Fur flew through the air, teeth gnashed.","I like fur flew through the air, the teeth flashed."
00345_0013_neutral_0013_000189,0013,neutral,happy,neutral,happy,neutral,happy,happy,happy,True,True,True,True,True,0.25,0.994840681552887,True,0.008000001311302185,0.6534397006034851,18.38029047793663,1.2938898801803589,0.15443462133407593,0.20665454864501953,0.03303304314613342,0.15650149715095757,0.880643149235738,5,60,,Voxtral_EN,When such wanderers meet.,"When such wanderers meet,"
00346_0013_neutral_0013_000206,0013,neutral,happy,neutral,neutral,neutral,happy,happy,happy,True,True,True,True,True,0.8333333333333334,0.44402775168418884,False,0.008000001311302185,0.81462162733078,16.479116755612676,2.42462420463562,0.022934239357709885,4.005282878875732,0.03989804908633232,0.06298746712695807,0.9905411158917484,8,60,,Voxtral_EN,Still you owe it a duty.,"Still you, always rejuvening."
00347_0013_neutral_0013_000067,0013,neutral,happy,neutral,neutral,neutral,neutral,happy,happy,False,False,True,True,False,0.0,0.9999998807907104,True,0.008000001311302185,0.9141743779182434,17.42397639432047,3.864870071411133,0.6687530875205994,0.16752907633781433,0.04602723568677902,0.6704288385563344,0.826966217449989,13,60,,Voxtral_EN,"I suppose no, it doesn't.","I suppose no, it doesn't."
00348_0013_neutral_0013_000021,0013,neutral,happy,neutral,neutral,neutral,happy,happy,happy,True,True,True,True,True,0.6,0.9505783319473267,True,0.008000001311302185,0.7406953573226929,18.620455518577476,1.6703256368637085,0.13857105374336243,0.4146283268928528,0.028834596276283264,0.14271762535825372,0.9170394977571256,5,60,,Voxtral_EN,As rich as Peter's son-in-law.,As rich as Peter's son-in-law for you.
00349_0013_neutral_0013_000052,0013,neutral,happy,sad,neutral,neutral,sad,happy,happy,False,False,True,True,False,0.0,1.0,True,0.008000001311302185,0.6310957074165344,23.00617637842084,1.72431218624115,0.38132020831108093,0.20924043655395508,0.022568657994270325,0.3834128383632004,0.7788566297021158,13,60,,Voxtral_EN,From August 18th of their divorce.,From August 18th of their divorce.
00350_0013_sad_0013_001092,0013,sad,happy,neutral,neutral,neutral,happy,happy,happy,True,True,True,True,True,1.0,0.23247340321540833,False,0.008000001311302185,0.8217611312866211,11.107809809889094,1.3663890361785889,0.03013816475868225,4.571420192718506,0.03861183300614357,0.07585275280419737,0.9779432036113446,5,60,,Voxtral_EN,She may mind ye of her.,To make my Yumi a birth.
00351_0013_sad_0013_001391,0013,sad,happy,angry,neutral,neutral,happy,happy,happy,True,True,True,True,True,1.0,0.6958438158035278,False,0.008000001311302185,0.8482531309127808,17.224582710811347,3.259510040283203,0.03409981727600098,2.633227825164795,0.031465332955121994,0.06043241018097848,0.9895383610252545,20,60,,Voxtral_EN,Enough you of foolish chatter.,And now a few coolish chatter.
00352_0013_sad_0013_001332,0013,sad,happy,neutral,neutral,happy,happy,happy,happy,True,True,True,True,True,0.0,1.0000001192092896,True,0.008000001311302185,0.6227757930755615,18.51588889291358,1.5503535270690918,0.015337487682700157,0.2063547968864441,0.025676794350147247,0.0174012924195081,0.9901071030478479,3,60,,Voxtral_EN,"Alice, I won't forget it again.","Alice, I won't forget it again."
00353_0013_sad_0013_001349,0013,sad,happy,sad,sad,neutral,happy,happy,happy,True,True,True,True,True,0.2,0.48551008105278015,False,0.008000001311302185,0.7245299816131592,18.101600806613224,2.74149227142334,0.2630787789821625,0.4290847182273865,0.034216172993183136,0.2673699683261663,0.9040381102932761,6,60,,Voxtral_EN,His hope will cheat him.,His hope will cheer him.
00354_0013_sad_0013_001053,0013,sad,happy,neutral,happy,happy,happy,happy,happy,True,True,True,True,True,0.0,0.9999998807907104,True,0.008000001311302185,0.7706055641174316,10.540366423900164,1.1733899116516113,0.008990156464278698,0.07228779047727585,0.03340082988142967,0.00971336837735027,0.992338304279756,1,60,,Voxtral_EN,That I owe my thanks to you.,That I owe my thanks to you.
00355_0013_sad_0013_001182,0013,sad,happy,neutral,happy,happy,happy,happy,happy,True,True,True,True,True,0.0,1.0,True,0.00800000037997961,0.5137612819671631,18.07835966902378,1.1611217260360718,0.03590871021151543,0.11075093597173691,0.016429077833890915,0.03701638386201113,0.9690741208209898,2,60,,Voxtral_EN,I thank you for this mercy.,I thank you for this mercy.
00356_0013_sad_0013_001357,0013,sad,happy,neutral,neutral,neutral,happy,happy,happy,True,True,True,True,True,0.6666666666666666,0.7866483330726624,False,0.008000001311302185,0.7209051251411438,23.26191522644524,2.874603271484375,0.02661231905221939,0.45989990234375,0.02918614260852337,0.03121160993708298,0.9907422637008002,17,60,,Voxtral_EN,I owe them five hundred dollars.,"I owe them $500, so they're for"
00357_0013_sad_0013_001144,0013,sad,happy,neutral,neutral,neutral,happy,happy,happy,True,True,True,True,True,0.25,0.8564450144767761,True,0.008000001311302185,0.5958127379417419,24.14626004779343,1.9283835887908936,0.11285342276096344,0.6171176433563232,0.026150574907660484,0.11902486070027575,0.9414777104425976,9,60,,Voxtral_EN,They found a cow grazing in a field.,If they've found a cow grazing in a field.
00358_0013_sad_0013_001396,0013,sad,happy,neutral,neutral,neutral,happy,happy,happy,True,True,True,True,True,0.0,1.0000001192092896,True,0.008000001311302185,0.8059139251708984,15.97216235781946,2.2577342987060547,0.04174923151731491,0.14436422288417816,0.03071264736354351,0.04319318087263033,0.9815083504107449,5,60,,Voxtral_EN,I am going to back home.,I am going to back home.
00359_0013_sad_0013_001127,0013,sad,happy,neutral,neutral,neutral,happy,happy,happy,True,True,True,True,True,0.6,0.8751070499420166,True,0.008000001311302185,0.8647435903549194,9.819894034691469,2.86405086517334,0.02290564402937889,1.3601675033569336,0.04934637248516083,0.03650781252667308,0.9920023613030376,3,60,,Voxtral_EN,But I saw you walking.,What I saw you walk me.
00360_0013_sad_0013_001367,0013,sad,happy,neutral,neutral,neutral,happy,happy,happy,True,True,True,True,True,0.125,0.7776892185211182,False,0.008000001311302185,0.8502604365348816,13.652540210392512,3.203667402267456,0.02481892518699169,0.9656957983970642,0.029513902962207794,0.03447617830999196,0.9922529644714599,9,60,,Voxtral_EN,At length they came to a sharp bend.,At length they came to a sharp and
00361_0013_sad_0013_001065,0013,sad,happy,sad,sad,sad,happy,happy,happy,True,True,True,True,True,1.0,0.4575801193714142,False,0.008000001311302185,0.7136529088020325,15.040018520189447,5.09102725982666,0.021775541827082634,3.1786060333251953,0.027500558644533157,0.05356187716592103,0.9957227607090393,7,60,,Voxtral_EN,"Poor Tom, now is dead.",Poor Tom. The canal was good.
00362_0013_sad_0013_001198,0013,sad,happy,neutral,neutral,happy,happy,happy,happy,True,True,True,True,True,0.0,1.0,True,0.008000001311302185,0.5858620405197144,22.83688102810016,1.1027412414550781,0.010381262749433517,0.04947388172149658,0.013502861373126507,0.010876136595262214,0.9905859485805253,1,60,,Voxtral_EN,"And on top of them came Winnie, the cute bear.","And on top of them came Winnie, the cute bear."
00363_0013_sad_0013_001246,0013,sad,happy,neutral,neutral,happy,happy,happy,happy,True,True,True,True,True,0.125,0.7166755199432373,False,0.008000001311302185,0.9531598091125488,19.276522039753814,1.291722059249878,0.022618498653173447,0.1965278685092926,0.025722432881593704,0.02458403456259519,0.9824896551923032,2,60,,Voxtral_EN,Clear are your eyes and bright your breath.,Clear are your eyes and bright your breast.
00364_0013_sad_0013_001056,0013,sad,happy,neutral,neutral,happy,happy,happy,happy,True,True,True,True,True,0.8181818181818182,0.49572622776031494,False,0.008000001311302185,0.9490705728530884,15.421918437841303,1.897240400314331,0.01602792739868164,2.467482328414917,0.037473320960998535,0.040703125416040424,0.9915519786548789,4,60,,Voxtral_EN,"Andy, what's the guy who wrote ""To Gimble"" and ""The Gyer""?",Andy wants the gyre and to gingle.
00365_0013_sad_0013_001062,0013,sad,happy,neutral,neutral,neutral,happy,happy,happy,True,True,True,True,True,1.6,0.7284620404243469,False,0.008000001311302185,0.9120445251464844,11.875864342322167,2.671248197555542,0.018357645720243454,2.552049398422241,0.03907640278339386,0.04387853046849371,0.993127689992625,5,60,,Voxtral_EN,Her shoes were like fishes.,"For shoes, we're like fish with these fun toes."
00366_0013_sad_0013_001120,0013,sad,happy,neutral,neutral,happy,happy,happy,happy,True,True,True,True,True,0.5,0.8986982107162476,True,0.008000001311302185,0.9278688430786133,10.080827150368886,1.5084818601608276,0.019074175506830215,0.3115805983543396,0.044716671109199524,0.022190428657084704,0.9873553829114017,4,60,,Voxtral_EN,"Tom, now let our arrows fly.","Tom, now let our arrows fly and happy."
00367_0013_sad_0013_001280,0013,sad,happy,sad,neutral,neutral,happy,happy,happy,True,True,True,True,True,0.5714285714285714,0.8812838196754456,True,0.008000001311302185,0.7659222483634949,22.558543508305284,2.8754515647888184,0.20552226901054382,0.4307587146759033,0.03811051696538925,0.2098302372624725,0.928525219646453,21,60,,Voxtral_EN,Your own wife is not at home.,If your own wife is not at home and
00368_0013_sad_0013_001211,0013,sad,happy,neutral,neutral,neutral,happy,happy,happy,True,True,True,True,True,0.75,0.5862904787063599,False,0.008000001311302185,0.8831183910369873,15.183969024890114,2.614304542541504,0.05904355272650719,1.1989980936050415,0.03372462838888168,0.07103387090884149,0.977415197133419,5,60,,Voxtral_EN,That's a full-grown colt.,That's a full grown cod.
00369_0013_sad_0013_001234,0013,sad,happy,sad,sad,sad,happy,happy,happy,True,True,True,True,True,2.1666666666666665,0.03606632724404335,False,0.008000001311302185,0.9485593438148499,16.027355492515834,4.364562034606934,0.02243325114250183,3.193443775177002,0.03658971190452576,0.054368054791390896,0.9948601369473897,10,60,,Voxtral_EN,"We haven't been fine, have we?","When it happens that you bind to it, it happens with your tuna."
00370_0013_sad_0013_001130,0013,sad,happy,neutral,neutral,neutral,happy,happy,happy,True,True,True,True,True,0.8,0.24016925692558289,False,0.008000001311302185,0.8934997916221619,7.201103764485608,2.8061587810516357,0.01945752650499344,2.851330518722534,0.040457598865032196,0.04797123626820743,0.9930661348757672,7,60,,Voxtral_EN,Then there was a report.,Then there was good working for us.
00371_0013_sad_0013_001352,0013,sad,happy,neutral,neutral,neutral,happy,happy,happy,True,True,True,True,True,0.6666666666666666,0.960106372833252,True,0.008000001311302185,0.6445767283439636,21.470218318667136,3.1257827281951904,0.043613746762275696,0.6719628572463989,0.0239219032227993,0.050333614553771916,0.9860470958621433,7,60,,Voxtral_EN,"501 million, right?",501 million right.
00372_0013_sad_0013_001335,0013,sad,happy,neutral,neutral,neutral,happy,happy,happy,True,True,True,True,True,0.16666666666666666,0.8572533130645752,True,0.008000001311302185,0.7061269879341125,19.761908830965318,1.579813003540039,0.04269273206591606,0.41938790678977966,0.028568027541041374,0.046886896814089266,0.9729760851630855,6,60,,Voxtral_EN,"The straw, charcoal and the pea.","The straw, charcoal and the peach."
00373_0013_sad_0013_001331,0013,sad,happy,neutral,neutral,neutral,happy,happy,happy,True,True,True,True,True,0.5,0.689439058303833,False,0.008000001311302185,0.7747465968132019,16.774757547851664,2.694650650024414,0.14473624527454376,1.306326150894165,0.04061751812696457,0.1577999129586667,0.9462875659695507,8,60,,Voxtral_EN,He could not help doing so.,You cannot help doing so.
00374_0013_sad_0013_001297,0013,sad,happy,neutral,neutral,neutral,happy,happy,happy,True,True,True,True,True,0.4444444444444444,0.7809543609619141,False,0.008000001311302185,0.7637673616409302,21.928631293138583,1.7160053253173828,0.017499476671218872,0.4368637204170227,0.02893279492855072,0.021868403203338386,0.9898022014191696,7,60,,Voxtral_EN,She and I are running neck and neck race.,"If she and I are running neck and neck,"
00375_0013_surprise_0013_001423,0013,surprise,happy,neutral,neutral,neutral,happy,happy,happy,True,True,True,True,True,0.0,1.0,True,0.008000001311302185,0.7195106148719788,24.48086313424377,4.115564346313477,0.023243583738803864,0.4069342315196991,0.03177211806178093,0.027313243775181472,0.9943522730340435,9,60,,Voxtral_EN,I thought you mean how old are you?,I thought you mean how old are you?
00376_0013_surprise_0013_001599,0013,surprise,happy,angry,angry,angry,happy,happy,happy,True,True,True,True,True,1.0,0.4184010624885559,False,0.008000001311302185,0.7604252099990845,19.694944245498814,4.742391586303711,0.08770902454853058,2.282191514968872,0.025570616126060486,0.11053119540438056,0.9815053179493151,15,60,,Voxtral_EN,Captain Tom receives an angry letter,A reading a letter.
00377_0013_surprise_0013_001707,0013,surprise,happy,neutral,neutral,neutral,happy,happy,happy,True,True,True,True,True,0.25,0.9704625010490417,True,0.008000001311302185,0.753193736076355,22.29485725342797,3.3079090118408203,0.05026758834719658,0.457721084356308,0.03569082170724869,0.05484515609897673,0.9848038177086307,14,60,,Voxtral_EN,I owe them $500.,I owed them $500.
00378_0013_surprise_0013_001675,0013,surprise,happy,angry,neutral,neutral,happy,happy,happy,True,True,True,True,True,0.125,0.9817730188369751,True,0.008000001311302185,0.6565127372741699,23.332219602293737,3.5237529277801514,0.2536171078681946,0.7246029376983643,0.02075837552547455,0.2608633448289335,0.9280264215266747,14,60,,Voxtral_EN,You shouldn't have pricked him with your horn.,You shouldn't have cricked him with your horn.
00379_0013_surprise_0013_001487,0013,surprise,happy,neutral,neutral,surprise,happy,happy,happy,True,True,True,True,True,0.5714285714285714,0.8774052262306213,True,0.008000001311302185,0.6607809066772461,22.22958856539797,2.6773593425750732,0.033015910536050797,1.477428674697876,0.023568173870444298,0.04779043296476826,0.987668479904421,9,60,,Voxtral_EN,"Yes, a hippo lives in the zoo.","While Hippo lives in the zoo,"
00380_0013_surprise_0013_001631,0013,surprise,happy,neutral,neutral,neutral,neutral,happy,happy,False,False,True,True,False,0.375,0.6504249572753906,False,0.008000001311302185,0.6615380644798279,22.8862553945816,2.920652389526367,0.5130934715270996,0.9724112749099731,0.02825361117720604,0.522817866812311,0.8243223077942848,14,60,,Voxtral_EN,He told me that I ought to change?,D told me that I ought to change into
00381_0013_surprise_0013_001622,0013,surprise,happy,neutral,neutral,neutral,happy,happy,happy,True,True,True,True,True,0.2,0.9313481450080872,True,0.008000001311302185,0.7574094533920288,22.33789974161946,4.091796875,0.019318681210279465,0.5513573884963989,0.03500223532319069,0.024832605117596687,0.9952786802961036,13,60,,Voxtral_EN,Ask God to help you?,Ask God to help you.
00382_0013_surprise_0013_001635,0013,surprise,happy,neutral,neutral,neutral,happy,happy,happy,True,True,True,True,True,0.0,1.0,True,0.008000001311302185,0.6950309872627258,21.583869488643195,2.728975772857666,0.16600874066352844,0.0855707973241806,0.028103262186050415,0.16686472966939211,0.939168114896934,8,60,,Voxtral_EN,"If not, I shall go no further.","If not, I shall go no further."
00383_0013_surprise_0013_001578,0013,surprise,happy,surprise,neutral,surprise,happy,happy,happy,True,True,True,True,True,7.0,0.10475721210241318,False,0.008000001311302185,0.617084264755249,22.84283303262359,2.014282703399658,0.025555793195962906,3.077996253967285,0.019439704716205597,0.05633595013268292,0.9873127078176115,9,60,,Voxtral_EN,Yes.,He vowed he's changed the pigtails place.
00384_0013_surprise_0013_001682,0013,surprise,happy,neutral,happy,happy,happy,happy,happy,True,True,True,True,True,0.0,1.0000001192092896,True,0.008000001311302185,0.6050766110420227,22.401435210232048,1.0474687814712524,0.03385079652070999,0.23795069754123688,0.027142366394400597,0.036230574919786304,0.9676832406659759,2,60,,Voxtral_EN,"Alice, I won't forget it again.","Alice, I won't forget it again."
00385_0013_surprise_0013_001429,0013,surprise,happy,neutral,neutral,neutral,happy,happy,happy,True,True,True,True,True,0.0,1.0,True,0.008000001311302185,0.595697820186615,26.216382314316547,2.155940294265747,0.1149887964129448,0.3163805305957794,0.01903996244072914,0.118152792118527,0.9466642018247047,8,60,,Voxtral_EN,Rat came and replied on the leaves.,Rat came and replied on the leaves.
00386_0013_surprise_0013_001437,0013,surprise,happy,neutral,neutral,neutral,happy,happy,happy,True,True,True,True,True,0.0,0.9999998807907104,True,0.008000001311302185,0.5805020928382874,23.70431124895621,2.1969735622406006,0.020719079300761223,0.11003098636865616,0.018512094393372536,0.02181957428539172,0.990569263255207,6,60,,Voxtral_EN,I think it'll encourage me.,I think it'll encourage me.
00387_0013_surprise_0013_001440,0013,surprise,happy,neutral,neutral,neutral,happy,happy,happy,True,True,True,True,True,1.6666666666666667,0.4958541691303253,False,0.008000001311302185,0.5821551084518433,25.05917455759494,2.3172519207000732,0.05454699322581291,0.9312241673469543,0.012495702132582664,0.06385935985630378,0.976460482031089,9,60,,Voxtral_EN,"In ""The Fox and the Grapes.""",In which fox loses a tail and its elder sister finds one?
00388_0013_surprise_0013_001639,0013,surprise,happy,surprise,neutral,neutral,neutral,happy,happy,False,False,True,True,False,0.125,0.9268257021903992,True,0.008000001311302185,0.9266937971115112,19.980725620590675,2.769545316696167,0.44114553928375244,0.40820229053497314,0.03356213495135307,0.4452278978104517,0.8407155367257172,20,60,,Voxtral_EN,This is the way the snakes always talk?,This is the way the snakes always talk.
00389_0013_surprise_0013_001649,0013,surprise,happy,neutral,neutral,neutral,happy,happy,happy,True,True,True,True,True,0.16666666666666666,0.9420971274375916,True,0.008000001311302185,0.7785013318061829,19.84077019747438,2.0439181327819824,0.015085565857589245,0.5095642805099487,0.025754928588867188,0.02018146621197462,0.992619290559815,3,60,,Voxtral_EN,You may imagine how I gape.,You may imagine how I gaped.
00390_0013_surprise_0013_001550,0013,surprise,happy,neutral,neutral,happy,happy,happy,happy,True,True,True,True,True,0.0,0.9999998211860657,True,0.008000001311302185,0.5269056558609009,23.159201085160465,1.3738722801208496,0.014999818056821823,0.09111209958791733,0.018028046935796738,0.015911119333170354,0.9890820869786364,3,60,,Voxtral_EN,I hope you enjoyed yourself.,I hope you enjoyed yourself.
00391_0013_surprise_0013_001621,0013,surprise,happy,sad,neutral,neutral,neutral,happy,happy,False,False,True,True,False,0.2,0.8958640098571777,True,0.008000001311302185,0.7961821556091309,21.055514233482356,3.5401034355163574,0.41718539595603943,0.6356147527694702,0.0407041534781456,0.4235419505252689,0.8821544614288399,11,60,,Voxtral_EN,I am a selfish sinner?,I am a selfish sinner.
00392_0013_surprise_0013_001603,0013,surprise,happy,neutral,neutral,neutral,happy,happy,happy,True,True,True,True,True,0.0,0.9999998807907104,True,0.008000001311302185,0.8163893222808838,15.931871566951825,3.1635854244232178,0.02334669604897499,0.08685828745365143,0.03783228248357773,0.024215657246336342,0.9926201783998826,6,60,,Voxtral_EN,I was not grabbed.,I was not grabbed.
00393_0013_surprise_0013_001486,0013,surprise,happy,neutral,neutral,happy,happy,happy,happy,True,True,True,True,True,0.75,0.4852215051651001,False,0.00800000037997961,0.5936335921287537,21.713495268247268,1.5628589391708374,0.03801915422081947,1.43315851688385,0.022437747567892075,0.05235096376713365,0.9756733296474023,4,60,,Voxtral_EN,And Tick Attack 2?,And tick-a-tack too.
00394_0013_surprise_0013_001402,0013,surprise,happy,neutral,neutral,neutral,happy,happy,happy,True,True,True,True,True,0.0,1.0,True,0.008000001311302185,0.504347026348114,28.352926024575446,1.819276213645935,0.026218188926577568,0.13368992507457733,0.013354813680052757,0.02755522172546014,0.9855886705218694,10,60,,Voxtral_EN,I did go and made many prisoners.,I did go and made many prisoners.
00395_0013_surprise_0013_001744,0013,surprise,happy,surprise,surprise,surprise,happy,happy,happy,True,True,True,True,True,0.25,0.9248638153076172,True,0.008000001311302185,0.7750473022460938,17.537225271253327,2.7971198558807373,0.03549479693174362,0.662946343421936,0.03475238382816315,0.04212460788980126,0.9873102338260127,9,60,,Voxtral_EN,"Lucy, a clever farmer?","Lucy, a clever farmer."
00396_0013_surprise_0013_001727,0013,surprise,happy,neutral,neutral,neutral,happy,happy,happy,True,True,True,True,True,0.2,0.8218206763267517,True,0.008000001311302185,0.6960967779159546,19.66683228112258,2.542787551879883,0.020205453038215637,1.4617301225662231,0.025761961936950684,0.034823011883497235,0.9920538178569902,7,60,,Voxtral_EN,It's part of my secret?,It's part of my secret.
00397_0013_surprise_0013_001533,0013,surprise,happy,neutral,neutral,neutral,happy,happy,happy,True,True,True,True,True,0.2857142857142857,0.9133721590042114,True,0.008000001311302185,0.7612932920455933,20.965881856359108,2.618400812149048,0.11520722508430481,0.39045092463493347,0.03378947079181671,0.11911207222536206,0.9560009206574647,5,60,,Voxtral_EN,I smell the breath of an English.,I smell the breadth of an English
00398_0013_surprise_0013_001668,0013,surprise,happy,surprise,neutral,surprise,happy,happy,happy,True,True,True,True,True,0.3333333333333333,0.9050213098526001,True,0.008000001311302185,0.8007630705833435,22.090053593157805,3.3264975547790527,0.036287061870098114,0.42705073952674866,0.03953348100185394,0.04055796460017562,0.9890915110344916,9,60,,Voxtral_EN,He showed no signs of age.,He's shown no signs of age.
00399_0013_surprise_0013_001625,0013,surprise,happy,neutral,happy,happy,happy,happy,happy,True,True,True,True,True,0.4,0.902191162109375,True,0.00800000037997961,0.4895636737346649,24.200330212906884,0.2768886089324951,0.01349252462387085,0.4971441626548767,0.010499343276023865,0.018464071243852378,0.9512709292163034,0,60,,Voxtral_EN,"""Her existence makes him pleasant.""",Her existence makes him pleasant.
00500_0014_angry_0014_000540,0014,angry,happy,neutral,neutral,neutral,happy,happy,happy,True,True,True,True,True,0.375,0.4013037383556366,False,0.008000001311302185,0.7401015162467957,23.559645169418953,3.0864028930664062,0.02483545057475567,0.8972395062446594,0.019944515079259872,0.03380804508235306,0.9919532700573381,13,60,,Voxtral_EN,And they were sandy yellow brownish all over.,And they were San Diego Brownish all over.
00501_0014_angry_0014_000444,0014,angry,happy,neutral,neutral,neutral,happy,happy,happy,True,True,True,True,True,0.0,1.0,True,0.008000001311302185,0.6573005318641663,23.484544561632603,2.086653470993042,0.08979170024394989,0.07732236385345459,0.020625058561563492,0.09056513013307005,0.9569685616264698,8,60,,Voxtral_EN,They found a cow grazing in a field.,They found a cow grazing in a field.
00502_0014_angry_0014_000474,0014,angry,happy,neutral,neutral,neutral,happy,happy,happy,True,True,True,True,True,0.2222222222222222,0.8037997484207153,True,0.008000001311302185,0.7355782985687256,22.65197178732897,2.21038556098938,0.1620139330625534,0.9996130466461182,0.020592480897903442,0.17201026945382358,0.9267033155111477,6,60,,Voxtral_EN,You know answers to the name of Tom's son.,"You know, answers to the name of Thomas' son."
00503_0014_angry_0014_000463,0014,angry,happy,neutral,neutral,neutral,happy,happy,happy,True,True,True,True,True,0.8333333333333334,0.36382925510406494,False,0.008000001311302185,0.7424366474151611,21.504999624689603,3.348500967025757,0.17512497305870056,2.4341137409210205,0.02025052346289158,0.1994663129731454,0.9477004860433855,7,60,,Voxtral_EN,Mr. Lawson saw George last night.,Mr. Lacewaste George Lask unites us.
00504_0014_angry_0014_000428,0014,angry,happy,neutral,neutral,neutral,happy,happy,happy,True,True,True,True,True,0.6666666666666666,0.5941756963729858,False,0.008000001311302185,0.7945241928100586,19.29549452426142,2.191565990447998,0.02773263305425644,1.4132003784179688,0.04078033193945885,0.04186504464175552,0.987345745838761,4,60,,Voxtral_EN,The art quite safe with me.,"The arch quite safe with me now, happy."
00505_0014_angry_0014_000553,0014,angry,happy,neutral,neutral,neutral,neutral,happy,happy,False,False,True,True,False,0.0,0.9999998807907104,True,0.008000001311302185,0.8365603685379028,20.591485329118505,3.4823663234710693,0.2980932891368866,0.08509719371795654,0.03791419416666031,0.29894464021600786,0.9143992155197044,13,60,,Voxtral_EN,I was not grabbed.,I was not grabbed.
00506_0014_angry_0014_000426,0014,angry,happy,neutral,neutral,neutral,happy,happy,happy,True,True,True,True,True,0.5,0.5154783129692078,False,0.008000001311302185,0.691877543926239,20.21589587949656,2.500615119934082,0.11737249791622162,2.1473300457000732,0.030605286359786987,0.13884610442608597,0.9530625496980456,11,60,,Voxtral_EN,The hag looked in the stove.,The hag lift in this dough.
00507_0014_angry_0014_000620,0014,angry,happy,neutral,neutral,neutral,happy,happy,happy,True,True,True,True,True,0.6,0.8581745624542236,True,0.008000001311302185,0.725970447063446,20.5229789732265,2.394429922103882,0.09245708584785461,2.134413719177246,0.03047477826476097,0.11380152778740972,0.9613865977056382,6,60,,Voxtral_EN,"""Chew leaves quickly,"" said Rabbit.","“Two Leaves quickly,” said Rabbit."
00508_0014_angry_0014_000369,0014,angry,happy,neutral,happy,neutral,happy,happy,happy,True,True,True,True,True,0.2,0.9863173961639404,True,0.008000001311302185,0.5452122092247009,25.197749593754104,1.0647640228271484,0.13983285427093506,0.3205443322658539,0.019369877874851227,0.14303849129237234,0.8686724464077472,2,60,,Voxtral_EN,At the end of four.,"At the end of four,"
00509_0014_angry_0014_000487,0014,angry,happy,neutral,neutral,neutral,happy,happy,happy,True,True,True,True,True,0.3333333333333333,0.8389950394630432,True,0.008000001311302185,0.664959192276001,23.856923664144183,2.4933652877807617,0.013066375628113747,2.531960964202881,0.021784653887152672,0.03838620311668143,0.9947595421769333,6,60,,Voxtral_EN,Let the glass globe be G.,Let the glass globe ring.
00510_0014_angry_0014_000399,0014,angry,happy,surprise,surprise,surprise,happy,happy,happy,True,True,True,True,True,0.6,0.5184522867202759,False,0.008000001311302185,0.6766775250434875,25.351977849873116,2.265193223953247,0.04667159169912338,1.131430745124817,0.022634677588939667,0.05798612549714745,0.9793961984321711,4,60,,Voxtral_EN,"Then we all say, ""Aha!""",Then we all say a hug.
00511_0014_angry_0014_000614,0014,angry,happy,angry,neutral,neutral,happy,happy,happy,True,True,True,True,True,0.16666666666666666,0.7912225723266602,False,0.008000001311302185,0.6838247179985046,23.68638435925869,2.23148250579834,0.06738956272602081,1.216939091682434,0.028867071494460106,0.0795592423135601,0.9698005417694676,5,60,,Voxtral_EN,Slam the doors and wedge them.,Slam the doors and wedge Panama.
00512_0014_angry_0014_000362,0014,angry,happy,neutral,neutral,neutral,happy,happy,happy,True,True,True,True,True,0.2,0.9907424449920654,True,0.008000001311302185,0.6587616205215454,24.49459129476952,2.3193535804748535,0.005878174211829901,0.5112647414207458,0.021904367953538895,0.010991040669716894,0.9974655980608932,9,60,,Voxtral_EN,Her shoes were like fishes.,Her shoes were like fish.
00513_0014_angry_0014_000510,0014,angry,happy,neutral,neutral,neutral,happy,happy,happy,True,True,True,True,True,0.2,0.718671441078186,False,0.008000001311302185,0.720856785774231,21.26410729707785,4.298347473144531,0.03316442295908928,0.44571226835250854,0.03530985862016678,0.03762189874120057,0.992284378318343,8,60,,Voxtral_EN,"Kitty, can you play chess?","Kitty, can you play fetch?"
00514_0014_angry_0014_000658,0014,angry,happy,neutral,neutral,neutral,happy,happy,happy,True,True,True,True,True,0.2727272727272727,0.44209742546081543,False,0.008000001311302185,0.6928095817565918,23.66642359348104,3.808519124984741,0.0668635368347168,1.0135196447372437,0.026837673038244247,0.07699900165881961,0.9824436914610519,8,60,,Voxtral_EN,Perhaps you think that is a queer title for this chapter.,Perhaps you think that is a clear title for this Jaff third.
00515_0014_angry_0014_000600,0014,angry,happy,neutral,neutral,neutral,happy,happy,happy,True,True,True,True,True,0.2,0.6551735401153564,False,0.008000001311302185,0.8059173226356506,20.033605151166675,2.3263039588928223,0.041639380156993866,0.7774157524108887,0.037574511021375656,0.049413913426212965,0.9821006279089979,6,60,,Voxtral_EN,Her kind and firm glance.,Her kind and firm length.
00516_0014_angry_0014_000667,0014,angry,happy,neutral,neutral,neutral,happy,happy,happy,True,True,True,True,True,0.375,0.34867042303085327,False,0.008000001311302185,0.7243559956550598,20.439826561860976,3.0588297843933105,0.04000002145767212,1.123822808265686,0.026463743299245834,0.05123851417776197,0.9869230966489998,8,60,,Voxtral_EN,At length they came to a sharp bend.,"At length, they came to a shark van."
00517_0014_angry_0014_000638,0014,angry,happy,neutral,sad,neutral,happy,happy,happy,True,True,True,True,True,0.16666666666666666,0.3919702172279358,False,0.008000001311302185,0.8278654217720032,18.232622537613167,3.386406421661377,0.017680881544947624,0.8557438850402832,0.034575026482343674,0.02623866614561528,0.9947788660475451,8,60,,Voxtral_EN,She has felt shy of it.,She has felt shine of it.
00518_0014_angry_0014_000643,0014,angry,happy,neutral,happy,happy,happy,happy,happy,True,True,True,True,True,0.0,1.0,True,0.008000001311302185,0.6141793131828308,24.64721447291221,1.7936897277832031,0.03513619303703308,0.16842368245124817,0.02092607133090496,0.03682063912225887,0.9804112202390447,7,60,,Voxtral_EN,"He is old fashioned, but he is the best of men.","He is old fashioned, but he is the best of men."
00519_0014_angry_0014_000506,0014,angry,happy,neutral,neutral,neutral,happy,happy,happy,True,True,True,True,True,0.3333333333333333,0.6407872438430786,False,0.008000001311302185,0.7879515290260315,20.868911223035738,3.246948003768921,0.023956093937158585,1.9282089471817017,0.03975055366754532,0.04323858091451228,0.9926219656399329,13,60,,Voxtral_EN,The eye could not catch them.,The eye could not have stunned.
00520_0014_angry_0014_000613,0014,angry,happy,sad,sad,neutral,happy,happy,happy,True,True,True,True,True,1.0,0.013017777353525162,False,0.008000001311302185,0.9942541122436523,13.504947958480507,3.332772731781006,0.02622828260064125,3.5659027099609375,0.04628312215209007,0.06188777253147215,0.9921301916717781,9,60,,Voxtral_EN,She said in a subdued voice.,You're so beautiful.
00521_0014_angry_0014_000501,0014,angry,happy,neutral,happy,happy,happy,happy,happy,True,True,True,True,True,0.0,1.0,True,0.008000001311302185,0.49344462156295776,23.815751718981986,0.8047851324081421,0.011243553832173347,0.09984856843948364,0.01627514138817787,0.012242202267982066,0.9860291233281988,0,60,,Voxtral_EN,All the way to China is home.,All the way to China is home.
00522_0014_angry_0014_000575,0014,angry,happy,happy,happy,happy,happy,happy,happy,True,True,True,True,True,0.0,0.9999998807907104,True,0.00800000037997961,0.34589284658432007,25.346093260416556,0.16317063570022583,0.005170585121959448,0.17583614587783813,0.009783247485756874,0.006929044413212687,0.9683117915195308,0,60,,Voxtral_EN,Her existence makes him pleasant.,Her existence makes him pleasant.
00523_0014_angry_0014_000439,0014,angry,happy,neutral,neutral,neutral,happy,happy,happy,True,True,True,True,True,0.16666666666666666,0.719818115234375,False,0.008000001311302185,0.6378234624862671,24.875374756665195,2.0302863121032715,0.024321794509887695,0.21489007771015167,0.036655243486166,0.026471061839424076,0.9880205100310746,9,60,,Voxtral_EN,Let go of my top knot.,Let go of my top nine.
00524_0014_angry_0014_000402,0014,angry,happy,neutral,neutral,neutral,happy,happy,happy,True,True,True,True,True,0.16666666666666666,0.5553802847862244,False,0.008000001311302185,0.7096841931343079,20.915215845895794,1.8179025650024414,0.08947183191776276,0.32834190130233765,0.023582180961966515,0.09275548675259575,0.9507829332329246,10,60,,Voxtral_EN,From August 18th of their divorce.,From August 18th of their Devoise.
00525_0014_neutral_0014_000331,0014,neutral,happy,neutral,neutral,neutral,happy,happy,happy,True,True,True,True,True,0.42857142857142855,0.2801642417907715,False,0.008000001311302185,0.6814278960227966,20.784878711228643,2.8671345710754395,0.02657448500394821,0.6871246695518494,0.019925428554415703,0.03344593095375225,0.9907313436655398,4,60,,Voxtral_EN,She'll be feverish after so much thinking.,Shield V feebrous after so much thinking.
00526_0014_neutral_0014_000160,0014,neutral,happy,neutral,neutral,neutral,happy,happy,happy,True,True,True,True,True,0.9444444444444444,0.2981289327144623,False,0.008000001311302185,0.9501781463623047,9.903595597447335,4.6010518074035645,0.03311725705862045,2.1964540481567383,0.04823995381593704,0.055082279939726,0.9928022420861832,6,60,,Voxtral_EN,"Yes, I can help you with chess. I can provide strategies, explain rules, or even play against you.","Good evening. Can you play, Shab?"
00527_0014_neutral_0014_000203,0014,neutral,happy,neutral,neutral,neutral,happy,happy,happy,True,True,True,True,True,0.25,0.7249189615249634,False,0.008000001311302185,0.7300015091896057,19.4967248123143,3.9437613487243652,0.019170153886079788,1.8348395824432373,0.03794459253549576,0.037518929156437515,0.9951391191831929,7,60,,Voxtral_EN,I was not grabbed.,I was not regret.
00528_0014_neutral_0014_000053,0014,neutral,happy,neutral,neutral,neutral,happy,happy,happy,True,True,True,True,True,0.6666666666666666,0.4662199914455414,False,0.008000001311302185,0.8178053498268127,15.473700295651167,3.4588828086853027,0.04945017024874687,1.4044189453125,0.03705083578824997,0.06349473021022975,0.9857034270936914,12,60,,Voxtral_EN,He was still in the forest.,You were still him the fourth.
00529_0014_neutral_0014_000179,0014,neutral,happy,neutral,happy,happy,happy,happy,happy,True,True,True,True,True,0.2,0.6446680426597595,False,0.008000001311302185,0.5148049592971802,18.928992177508853,0.6309052109718323,0.006814437918365002,0.48942485451698303,0.017778001725673676,0.011708864243552088,0.9891989512848243,0,60,,Voxtral_EN,Daisy creams with pink edges.,Daisy cranes with pink edges.
00530_0014_neutral_0014_000011,0014,neutral,happy,neutral,happy,happy,happy,happy,happy,True,True,True,True,True,0.4,0.9525244235992432,True,0.008000001311302185,0.5997756719589233,14.226054184886125,0.9843249320983887,0.010973164811730385,0.46064457297325134,0.031186014413833618,0.015579922401607037,0.9888520909570605,0,60,,Voxtral_EN,"Chapter 10, A Warm Welcome.",Chapter 10: A Warm Welcome
00531_0014_neutral_0014_000149,0014,neutral,happy,neutral,happy,happy,happy,happy,happy,True,True,True,True,True,0.3333333333333333,0.6139030456542969,False,0.008000001311302185,0.5959794521331787,18.20670603119546,0.9822976589202881,0.08480721712112427,1.5078023672103882,0.028126707300543785,0.09988552206030116,0.9136644413727487,0,60,,Voxtral_EN,My winding sheet.,My winding sheep.
00532_0014_neutral_0014_000254,0014,neutral,happy,neutral,happy,happy,happy,happy,happy,True,True,True,True,True,0.0,0.9999998807907104,True,0.008000001311302185,0.9286167621612549,14.941832193137392,0.3595130443572998,0.04120919853448868,0.10322760790586472,0.06335433572530746,0.04224210815690458,0.8853749559820334,0,60,,Voxtral_EN,She laughed.,She laughed.
00533_0014_neutral_0014_000082,0014,neutral,happy,neutral,neutral,neutral,happy,happy,happy,True,True,True,True,True,0.0,1.0,True,0.008000001311302185,0.7263774871826172,20.623175078859074,1.4678523540496826,0.015689373016357422,0.26614049077033997,0.02914804220199585,0.018351069404482844,0.9893113411760578,3,60,,Voxtral_EN,The fair jaw cracker Dorf language must be.,The fair jaw cracker Dorf language must be.
00534_0014_neutral_0014_000163,0014,neutral,happy,neutral,happy,happy,happy,happy,happy,True,True,True,True,True,0.0,1.0,True,0.008000001311302185,0.7961934804916382,16.119465387902885,1.0383052825927734,0.009246665984392166,0.38727515935897827,0.025939714163541794,0.013119676975123585,0.9910944631223467,4,60,,Voxtral_EN,How they went to the mountains to eat nuts.,How they went to the mountains to eat nuts.
00535_0014_neutral_0014_000234,0014,neutral,happy,neutral,neutral,neutral,happy,happy,happy,True,True,True,True,True,0.5,0.832603394985199,True,0.008000001311302185,0.6845197081565857,22.156975665959905,1.624204158782959,0.04273281246423721,0.8461952805519104,0.030711596831679344,0.051195072385724634,0.9736899993555874,6,60,,Voxtral_EN,Hurry up! Hurry up!,Turi up! Turi up!
00536_0014_neutral_0014_000209,0014,neutral,happy,angry,angry,angry,happy,happy,happy,True,True,True,True,True,0.5714285714285714,0.37716010212898254,False,0.008000001311302185,0.8980923295021057,18.050455561830766,4.111166954040527,0.017044927924871445,2.6069014072418213,0.03591582551598549,0.043114301155544814,0.9958539927676449,11,60,,Voxtral_EN,A raging fire was in his eyes.,"Hurray, James Pye was in his arms."
00537_0014_neutral_0014_000141,0014,neutral,happy,neutral,neutral,neutral,happy,happy,happy,True,True,True,True,True,0.0,0.9999999403953552,True,0.008000001311302185,0.7016815543174744,16.38867391671452,4.1695170402526855,0.025838568806648254,0.16998445987701416,0.035839103162288666,0.027538771796450017,0.9938029828017966,9,60,,Voxtral_EN,Can I lodge here tonight?,Can I lodge here tonight?
00538_0014_neutral_0014_000232,0014,neutral,happy,neutral,happy,happy,happy,happy,happy,True,True,True,True,True,0.5,0.9648267030715942,True,0.008000001311302185,0.6205250024795532,24.312834078197533,1.2597285509109497,0.08643816411495209,0.7260681986808777,0.024244695901870728,0.09369908854871989,0.9313834999989118,3,60,,Voxtral_EN,We'll call her Lily for short.,"Will call her Lily, her short."
00539_0014_neutral_0014_000215,0014,neutral,happy,neutral,neutral,neutral,happy,happy,happy,True,True,True,True,True,0.0,0.9999998807907104,True,0.008000001311302185,0.6082854270935059,24.24729445844003,1.0229672193527222,0.025009334087371826,0.04003135487437248,0.02494048699736595,0.025409897040985525,0.9755521647084681,3,60,,Voxtral_EN,He likes dragons very much.,He likes dragons very much.
00540_0014_neutral_0014_000323,0014,neutral,happy,neutral,neutral,neutral,neutral,happy,happy,False,False,True,True,False,0.0,1.0000001192092896,True,0.008000001311302185,0.6886258125305176,22.55823211496425,3.1612277030944824,0.4715278148651123,0.13853226602077484,0.03947637230157852,0.47291353228904304,0.850840287650415,8,60,,Voxtral_EN,Why did I wake up?,Why did I wake up?
00541_0014_neutral_0014_000157,0014,neutral,happy,neutral,neutral,happy,sad,happy,happy,False,False,True,True,False,0.3333333333333333,0.948296844959259,True,0.008000001311302185,0.6916103959083557,14.392970234018678,1.1361918449401855,0.14066600799560547,0.7795217633247375,0.040128517895936966,0.14846162691403178,0.8761951965928687,3,60,,Voxtral_EN,Blackbird and Jay.,Blackbird and jay.
00542_0014_neutral_0014_000066,0014,neutral,happy,neutral,neutral,neutral,happy,happy,happy,True,True,True,True,True,0.0,1.0,True,0.008000001311302185,0.8046897053718567,17.143167342220075,2.5328636169433594,0.03103007934987545,0.14853836596012115,0.038269247859716415,0.03251584570195526,0.9877490129581781,6,60,,Voxtral_EN,Shall we let Barbara in?,Shall we let Barbara in?
00543_0014_neutral_0014_000335,0014,neutral,happy,neutral,neutral,neutral,happy,happy,happy,True,True,True,True,True,0.0,1.0,True,0.008000001311302185,0.7596540451049805,18.497699886282234,3.4026808738708496,0.013871705159544945,0.2064952403306961,0.03058178350329399,0.01593696338068694,0.9959233011634839,14,60,,Voxtral_EN,But things haven't changed yet.,But things haven't changed yet.
00544_0014_neutral_0014_000346,0014,neutral,happy,neutral,neutral,happy,happy,happy,happy,True,True,True,True,True,0.0,1.0,True,0.008000001311302185,0.573853075504303,23.400018891857385,0.8299585580825806,0.03457864001393318,0.1346278339624405,0.02387084625661373,0.03592515706202015,0.9583369076959471,0,60,,Voxtral_EN,I'm going to back home.,I'm going to back home.
00545_0014_neutral_0014_000112,0014,neutral,happy,neutral,neutral,neutral,happy,happy,happy,True,True,True,True,True,2.5,0.5341249108314514,False,0.008000001311302185,0.7164546251296997,19.83670615686942,1.9886314868927002,0.05694623291492462,3.454249620437622,0.03534337133169174,0.09148908255301416,0.9713641097959759,4,60,,Voxtral_EN,"Clown: ""Joey!""",Floamy to call him Joey.
00546_0014_neutral_0014_000162,0014,neutral,happy,neutral,neutral,neutral,happy,happy,happy,True,True,True,True,True,0.0,0.9999998807907104,True,0.008000001311302185,0.7760475277900696,15.642355508150407,3.292447566986084,0.008104277774691582,0.20996670424938202,0.03399963676929474,0.010204284813553096,0.9975385248785874,5,60,,Voxtral_EN,I lent George three pounds.,I lent George three pounds.
00547_0014_neutral_0014_000023,0014,neutral,happy,neutral,neutral,surprise,happy,happy,happy,True,True,True,True,True,0.125,0.9908581376075745,True,0.008000001311302185,0.8727641701698303,14.85060338805184,2.82135009765625,0.30575764179229736,0.3782043159008026,0.040826935321092606,0.3095400932206586,0.8916271886830719,8,60,,Voxtral_EN,I thought you meant how old are you.,I thought you meant is how old are you.
00548_0014_neutral_0014_000115,0014,neutral,happy,neutral,neutral,neutral,neutral,happy,happy,False,False,True,True,False,0.8333333333333334,0.5059677958488464,False,0.008000001311302185,0.7803338766098022,17.193441262149445,1.7756755352020264,0.3921448886394501,2.6292102336883545,0.03818520903587341,0.41843737282842397,0.7791573511796827,5,60,,Voxtral_EN,"He might call it, for example.","In my calling, for example,"
00549_0014_neutral_0014_000045,0014,neutral,happy,neutral,neutral,neutral,happy,happy,happy,True,True,True,True,True,0.875,0.563406229019165,False,0.008000001311302185,0.908848762512207,12.723914271135277,3.5558600425720215,0.008064649067819118,1.0910029411315918,0.03137204051017761,0.01897499219954014,0.9977320116733318,9,60,,Voxtral_EN,The nastiest things they saw were the cobwebs.,"The nastiest things they saw, stores with cubs were like, come on."
00550_0014_sad_0014_001242,0014,sad,happy,sad,neutral,neutral,happy,happy,happy,True,True,True,True,True,0.6666666666666666,0.3380172848701477,False,0.008000001311302185,0.8911176323890686,11.11305693790153,2.5197806358337402,0.029348883777856827,1.5474125146865845,0.042051173746585846,0.04482342943646014,0.9883526036510929,5,60,,Voxtral_EN,I have had to grow old.,"I have had two girls, holy heho."
00551_0014_sad_0014_001367,0014,sad,happy,neutral,neutral,neutral,happy,happy,happy,True,True,True,True,True,0.625,0.5059988498687744,False,0.008000001311302185,0.9080262780189514,14.44827416895238,2.6471199989318848,0.1871926635503769,1.080153465270996,0.03691715747117996,0.19799456737466156,0.929284405835055,5,60,,Voxtral_EN,At length they came to a sharp bend.,"At length, we pinged to if sharp then"
00552_0014_sad_0014_001315,0014,sad,happy,neutral,happy,surprise,happy,happy,happy,True,True,True,True,True,0.2,0.8652745485305786,True,0.008000001311302185,0.8632984161376953,12.232993185752168,1.796934962272644,0.10491245239973068,0.5279385447502136,0.0456056073307991,0.11019229390330612,0.9416158878298831,2,60,,Voxtral_EN,I've just shot a stag.,I've just shot a stout.
00553_0014_sad_0014_001089,0014,sad,happy,neutral,happy,happy,happy,happy,happy,True,True,True,True,True,0.4,0.9885284900665283,True,0.008000001311302185,0.6185645461082458,18.76625863359141,0.9832732081413269,0.02109350822865963,0.45427170395851135,0.02192564681172371,0.02563644452471286,0.978547662995382,0,60,,Voxtral_EN,Our thanks to God's oath.,With our thanks to God's oath.
00554_0014_sad_0014_001051,0014,sad,happy,neutral,neutral,happy,happy,happy,happy,True,True,True,True,True,0.5,0.938891589641571,True,0.008000001311302185,0.8075481057167053,20.005890355498455,1.3111538887023926,0.032280243933200836,1.453804850578308,0.03165903314948082,0.04681860902931541,0.9753802782332839,4,60,,Voxtral_EN,The nine the eggs I keep.,The nine like the eggs I keep having.
00555_0014_sad_0014_001262,0014,sad,happy,neutral,neutral,neutral,happy,happy,happy,True,True,True,True,True,1.0,0.1589759886264801,False,0.008000001311302185,1.0745935440063477,8.37295877155825,2.8546066284179688,0.01937725394964218,1.6686922311782837,0.048217516392469406,0.03606465843658895,0.9932119354881548,6,60,,Voxtral_EN,"No, thank you.",I know makes you.
00556_0014_sad_0014_001278,0014,sad,happy,angry,sad,surprise,happy,happy,happy,True,True,True,True,True,1.0,0.3974866271018982,False,0.008000001311302185,1.0437533855438232,13.100115311423721,2.9802470207214355,0.022422466427087784,3.405193328857422,0.0403120294213295,0.05647480283595622,0.9924763060675219,3,60,,Voxtral_EN,"It says, ""No way!"" shouted Daisy.",No way.
00557_0014_sad_0014_001167,0014,sad,happy,sad,happy,happy,happy,happy,happy,True,True,True,True,True,1.2,0.4087812900543213,False,0.008000001311302185,0.7959010004997253,12.507066451804711,1.2294800281524658,0.022344212979078293,3.4672040939331055,0.04265643283724785,0.057016680482737725,0.9818262904094059,8,60,,Voxtral_EN,They were children of mine.,"""Mario's favorite children are Toad and Toadette."""
00558_0014_sad_0014_001227,0014,sad,happy,sad,sad,neutral,happy,happy,happy,True,True,True,True,True,0.8333333333333334,0.3783116042613983,False,0.008000001311302185,0.8340896964073181,13.563846964113559,2.8756444454193115,0.012209518812596798,1.9598791599273682,0.033398449420928955,0.03180864439636469,0.9957541625731771,4,60,,Voxtral_EN,Tom fell with a cloven head.,Tom Felton as
00559_0014_sad_0014_001400,0014,sad,happy,neutral,neutral,neutral,happy,happy,happy,True,True,True,True,True,0.0,1.0000001192092896,True,0.008000001311302185,0.7824779152870178,16.44287624028444,3.8609485626220703,0.014435969293117523,0.2821544408798218,0.035697489976882935,0.01725787067681551,0.9962610304025098,7,60,,Voxtral_EN,Do you have anything in mind?,Do you have anything in mind?
00560_0014_sad_0014_001234,0014,sad,happy,neutral,neutral,neutral,happy,happy,happy,True,True,True,True,True,0.0,1.0000001192092896,True,0.008000001311302185,1.0669361352920532,11.785066848332942,1.8278497457504272,0.01457151584327221,0.2313803881406784,0.04151926562190056,0.01688573491733521,0.9920280559837319,4,60,,Voxtral_EN,"We have been fine, haven't we?","We have been fine, haven't we?"
00561_0014_sad_0014_001192,0014,sad,happy,neutral,neutral,happy,happy,happy,happy,True,True,True,True,True,0.0,1.0,True,0.008000001311302185,0.536026120185852,21.85015479789724,1.074876308441162,0.012762832455337048,0.1829606294631958,0.024334069341421127,0.014592682090662421,0.988126231497421,2,60,,Voxtral_EN,Wake now my merry tads.,Wake now my merry tads.
00562_0014_sad_0014_001214,0014,sad,happy,angry,sad,angry,happy,happy,happy,True,True,True,True,True,2.4285714285714284,0.1559872329235077,False,0.008000001311302185,1.0332845449447632,10.46836966701326,3.8436527252197266,0.03507480025291443,3.51432466506958,0.03360017389059067,0.07021838290534912,0.9908746177762692,4,60,,Voxtral_EN,His large mouth curled into a sneer.,"Whether their fleas are large or not, let their curl, their beauty to see, and like their all."
00563_0014_sad_0014_001114,0014,sad,happy,neutral,neutral,neutral,happy,happy,happy,True,True,True,True,True,1.25,0.31688839197158813,False,0.008000001311302185,0.9107153415679932,13.143905805678248,3.7364108562469482,0.0849529355764389,1.7931472063064575,0.03856518492102623,0.10288479329135268,0.9772634919325306,4,60,,Voxtral_EN,And we're so thirsty.,And we're so for the U.S. and Mexico.
00564_0014_sad_0014_001057,0014,sad,happy,neutral,neutral,neutral,happy,happy,happy,True,True,True,True,True,0.2857142857142857,0.8262573480606079,True,0.008000016212463379,0.7541259527206421,24.05083265955943,3.0707859992980957,0.05060406029224396,0.6160473227500916,0.03205668553709984,0.056764854086600244,0.98352081183651,10,60,,Voxtral_EN,I'm as bad as I can be.,"I'm as bad as I can, Lees."
00565_0014_sad_0014_001161,0014,sad,happy,neutral,happy,happy,happy,happy,happy,True,True,True,True,True,0.16666666666666666,0.9884827136993408,True,0.008000001311302185,0.644943118095398,19.23147064816864,0.7671335935592651,0.022061822935938835,0.6703279614448547,0.02053077332675457,0.02876530785812065,0.971241224317164,0,60,,Voxtral_EN,We nightly dance our heyday guys.,We nightly dance our hey-day guys.
00566_0014_sad_0014_001388,0014,sad,happy,neutral,neutral,neutral,happy,happy,happy,True,True,True,True,True,1.3333333333333333,0.59258633852005,False,0.008000001311302185,0.8036291599273682,15.46513191488394,4.067342758178711,0.07678592205047607,1.4925074577331543,0.030686404556035995,0.09171130349185318,0.9811213545020092,10,60,,Voxtral_EN,Paul's teeth ached because of lemon.,When the pulse's teeth pinked because of lemon and on the
00567_0014_sad_0014_001082,0014,sad,happy,neutral,neutral,neutral,happy,happy,happy,True,True,True,True,True,0.8888888888888888,0.4334515333175659,False,0.008000001311302185,0.8668953776359558,19.907016769776007,2.624575614929199,0.0424162819981575,1.3570621013641357,0.02554616704583168,0.055987158473469315,0.9838388035928994,12,60,,Voxtral_EN,Who's been repeating all that hard stuff to you?,"So with Lewis been repeating all that hard stuff, gee, we just wanna"
00568_0014_sad_0014_001375,0014,sad,happy,neutral,neutral,neutral,happy,happy,happy,True,True,True,True,True,0.0,1.0,True,0.008000001311302185,0.8127235770225525,17.84739282217187,2.5835795402526855,0.02862405776977539,0.19969838857650757,0.040705665946006775,0.030621448712199927,0.9889207754885008,10,60,,Voxtral_EN,She has no place for hot pepper.,She has no place for hot pepper.
00569_0014_sad_0014_001085,0014,sad,happy,neutral,neutral,neutral,neutral,happy,happy,False,False,True,True,False,0.42857142857142855,0.7439190149307251,False,0.008000001311302185,0.7592313289642334,21.18340992029897,2.2099623680114746,0.2352304458618164,0.8688905835151672,0.031467292457818985,0.24391966636989265,0.8935590717440691,5,60,,Voxtral_EN,The name really is the Adjaged Men.,The named really is the adaged man.
00570_0014_sad_0014_001392,0014,sad,happy,neutral,neutral,neutral,happy,happy,happy,True,True,True,True,True,0.8333333333333334,0.3156496286392212,False,0.008000001311302185,0.8519247174263,13.207436763849799,3.9620323181152344,0.010862636379897594,2.1610567569732666,0.040037792176008224,0.03247360432755202,0.9972583170686843,10,60,,Voxtral_EN,Why should I purchase my own?,Why should I croak is my own happy croak.
00571_0014_sad_0014_001078,0014,sad,happy,neutral,neutral,neutral,happy,happy,happy,True,True,True,True,True,0.18181818181818182,0.9693862199783325,True,0.008000001311302185,0.7451068162918091,19.847472567518636,2.038459539413452,0.03386498987674713,0.6843158602714539,0.026063095778226852,0.04070840911041945,0.9833869698063806,4,60,,Voxtral_EN,She had said so that one could keep up a conversation.,She had saids till that one could keep up a conversation.
00572_0014_sad_0014_001268,0014,sad,happy,neutral,neutral,neutral,happy,happy,happy,True,True,True,True,True,0.42857142857142855,0.8264676928520203,True,0.008000001311302185,0.7747198343276978,15.83926061528346,1.554000735282898,0.01888139918446541,0.8164153695106506,0.02463974617421627,0.02704579927703366,0.9878498132235258,2,60,,Voxtral_EN,I'll send for Tom to my boudoir.,"I'll send for Tom, can my brother?"
00573_0014_sad_0014_001113,0014,sad,happy,neutral,neutral,neutral,happy,happy,happy,True,True,True,True,True,0.0,0.9999999403953552,True,0.008000001311302185,0.850337564945221,17.1097345524516,2.416048526763916,0.11402371525764465,0.32980161905288696,0.02949443832039833,0.11732202639255673,0.9528057015434332,5,60,,Voxtral_EN,Asteroid 325.,Asteroid 325.
00574_0014_sad_0014_001273,0014,sad,happy,neutral,neutral,neutral,happy,happy,happy,True,True,True,True,True,2.0,0.29133835434913635,False,0.008000001311302185,1.221238613128662,0.6857876528507241,1.5956096649169922,0.02781716361641884,2.3734047412872314,0.04225999116897583,0.05155163362920284,0.9825664357467614,2,60,,Voxtral_EN,"Pick, pick, pick.",Hey Ben. Hey Ben. Hey Ben.
00575_0014_surprise_0014_001525,0014,surprise,happy,neutral,neutral,surprise,happy,happy,happy,True,True,True,True,True,0.5,0.4925067722797394,False,0.008000001311302185,0.4811457395553589,27.95305296232221,1.8642796277999878,0.01845283806324005,0.5273146629333496,0.016483251005411148,0.0237261495250836,0.9901018936279339,1,60,,Voxtral_EN,To catch that bulrush root with my paw?,To catch that bull rush route with my pal.
00576_0014_surprise_0014_001685,0014,surprise,happy,neutral,neutral,surprise,happy,happy,happy,True,True,True,True,True,0.5,0.763257622718811,False,0.008000001311302185,0.8066806197166443,18.410648452618634,1.5572326183319092,0.013577893376350403,1.1371557712554932,0.03643975406885147,0.024949815486446023,0.9912807545793031,5,60,,Voxtral_EN,"The straw, charcoal and the pea?","With straw, charcoal, and the pea."
00577_0014_surprise_0014_001500,0014,surprise,happy,neutral,neutral,neutral,happy,happy,happy,True,True,True,True,True,0.42857142857142855,0.9255716800689697,True,0.008000001311302185,0.7134251594543457,27.28222649336503,3.752984046936035,0.038420647382736206,0.5968165993690491,0.026312967762351036,0.04438907650610432,0.9897626403677087,5,60,,Voxtral_EN,"Well, anyhow, it didn't rain, he said.","Well, anyhow, it didn't rain."
00578_0014_surprise_0014_001546,0014,surprise,happy,neutral,neutral,surprise,happy,happy,happy,True,True,True,True,True,0.3333333333333333,0.9794564247131348,True,0.008000001311302185,0.6136764883995056,25.699179650166812,2.3377327919006348,0.15440577268600464,0.7305508852005005,0.025084828957915306,0.16171153238629923,0.933950632330195,6,60,,Voxtral_EN,He said to Jack the Chatterer.,"He said to Jack, the chatterer,"
00579_0014_surprise_0014_001481,0014,surprise,happy,neutral,neutral,neutral,happy,happy,happy,True,True,True,True,True,0.375,0.5430222749710083,False,0.008000001311302185,0.7612844109535217,25.167577059437015,3.071491241455078,0.036293648183345795,0.45841312408447266,0.02609105221927166,0.04087804033471271,0.9881837044841606,8,60,,Voxtral_EN,And I never had a whooping cough. Why?,Yum. And I never had a whooping cup.
00580_0014_surprise_0014_001569,0014,surprise,happy,neutral,neutral,neutral,happy,happy,happy,True,True,True,True,True,1.4,0.6847167015075684,False,0.008000001311302185,0.6611606478691101,24.434248968516506,3.5686469078063965,0.04733031615614891,1.7805566787719727,0.02599574252963066,0.06513614290129394,0.9867371815203645,7,60,,Voxtral_EN,Sam waved his arm vaguely.,That Sam waved to his arms big like a lorry.
00581_0014_surprise_0014_001615,0014,surprise,happy,neutral,neutral,happy,happy,happy,happy,True,True,True,True,True,0.2,0.867932915687561,True,0.008000001311302185,0.6518016457557678,23.772334003119333,1.7280569076538086,0.012711456045508385,0.45729494094848633,0.02566424570977688,0.017284662097450346,0.9926440755572299,6,60,,Voxtral_EN,He likes dragons very much.,It likes dragons very much.
00582_0014_surprise_0014_001581,0014,surprise,happy,neutral,happy,happy,happy,happy,happy,True,True,True,True,True,0.0,1.0000001192092896,True,0.008000001311302185,0.6380637288093567,24.19198729002124,1.150754690170288,0.04035235941410065,0.09196272492408752,0.02912268042564392,0.04127227789014578,0.9649340039551528,2,60,,Voxtral_EN,"First, issue a reward.","First, issue a reward."
00583_0014_surprise_0014_001498,0014,surprise,happy,neutral,neutral,neutral,happy,happy,happy,True,True,True,True,True,0.6666666666666666,0.32408392429351807,False,0.008000001311302185,0.7184500694274902,21.657672996820416,2.61605167388916,0.07796935737133026,1.1860029697418213,0.03310078755021095,0.08982971807662397,0.9701957885046602,9,60,,Voxtral_EN,Said the witch.,Say the wish.
00584_0014_surprise_0014_001566,0014,surprise,happy,neutral,neutral,surprise,happy,happy,happy,True,True,True,True,True,0.5714285714285714,0.7032580375671387,False,0.008000001311302185,0.7802683711051941,22.397155759093145,3.525575637817383,0.033551838248968124,1.5557833909988403,0.04059034585952759,0.04911007806241512,0.990483302105599,18,60,,Voxtral_EN,They eat beef at the butcher shop?,Say it's beef at the butcher's show.
00585_0014_surprise_0014_001464,0014,surprise,happy,neutral,neutral,neutral,happy,happy,happy,True,True,True,True,True,0.5,0.3777569532394409,False,0.008000001311302185,0.6974051594734192,22.347170846177104,3.990746259689331,0.023713931441307068,0.7249475121498108,0.028962895274162292,0.030963696191757917,0.9940577701767606,12,60,,Voxtral_EN,And we're so thirsty.,"And we're so first, please."
00586_0014_surprise_0014_001664,0014,surprise,happy,neutral,neutral,happy,happy,happy,happy,True,True,True,True,True,0.3333333333333333,0.8511818051338196,True,0.008000001311302185,0.5988171100616455,27.342294887913162,2.541501045227051,0.01830807328224182,0.5010885000228882,0.019927140325307846,0.023319157553873957,0.9927963542188486,6,60,,Voxtral_EN,Slam the doors and wedge them.,Slam the doors and wrench them!
00587_0014_surprise_0014_001405,0014,surprise,happy,neutral,neutral,neutral,happy,happy,happy,True,True,True,True,True,0.25,0.8747872710227966,True,0.008000001311302185,0.5698216557502747,26.547492756528133,2.0499954223632812,0.07579779624938965,0.6288815140724182,0.025470640510320663,0.08208686609651894,0.9630253826801193,6,60,,Voxtral_EN,Clear than clear water.,Clear then clear water.
00588_0014_surprise_0014_001562,0014,surprise,happy,neutral,neutral,neutral,happy,happy,happy,True,True,True,True,True,0.4,0.8990585803985596,True,0.008000001311302185,0.7139250636100769,24.247005660268712,2.844369649887085,0.014811743050813675,0.48453423380851746,0.026600776240229607,0.01965735139666125,0.9947926096555694,8,60,,Voxtral_EN,I lent George three pounds.,I'll lend George three pounds.
00589_0014_surprise_0014_001726,0014,surprise,happy,neutral,neutral,neutral,happy,happy,happy,True,True,True,True,True,0.0,1.0,True,0.008000001311302185,0.6861044764518738,21.330538218079077,2.6763691902160645,0.040637947618961334,0.19867043197155,0.03976114094257355,0.04262504955008626,0.9848160157546573,4,60,,Voxtral_EN,They're made of wood.,They're made of wood.
00590_0014_surprise_0014_001537,0014,surprise,happy,neutral,neutral,neutral,happy,happy,happy,True,True,True,True,True,0.2,0.7167396545410156,False,0.008000001311302185,0.6521426439285278,21.983630520111824,1.931323766708374,0.019517574459314346,0.4568374454975128,0.02886885777115822,0.024086237602867187,0.9898941985824682,2,60,,Voxtral_EN,Let the glass globe be.,Let the glass glow be.
00591_0014_surprise_0014_001738,0014,surprise,happy,surprise,neutral,surprise,happy,happy,happy,True,True,True,True,True,0.8333333333333334,0.4413198232650757,False,0.008000001311302185,0.8203011751174927,17.456502925003047,3.307927131652832,0.09376262128353119,3.01788067817688,0.03794487565755844,0.12394180751405656,0.9716551732998175,7,60,,Voxtral_EN,Paul's teeth ached because of lemon.,Pulsy egg and because of lemon and
00592_0014_surprise_0014_001583,0014,surprise,happy,neutral,neutral,neutral,happy,happy,happy,True,True,True,True,True,0.6,0.6034302711486816,False,0.008000001311302185,0.7135709524154663,20.733842035376618,3.3029985427856445,0.02485853061079979,1.0966553688049316,0.026132112368941307,0.0358253456199728,0.9924739504759712,6,60,,Voxtral_EN,Fresh pain sees Paul's body,Fresh pain sees posed body and happy
00593_0014_surprise_0014_001734,0014,surprise,happy,surprise,happy,happy,happy,happy,happy,True,True,True,True,True,0.6,0.8777949810028076,True,0.008000001311302185,0.6573916077613831,25.764313765453174,0.8409440517425537,0.0177006833255291,0.4756907522678375,0.018460117280483246,0.022457775449380282,0.9789514138439402,0,60,,Voxtral_EN,"Another one, ten thousand dollars.","Another one, $10,000."
00594_0014_surprise_0014_001553,0014,surprise,happy,neutral,neutral,happy,happy,happy,happy,True,True,True,True,True,0.6666666666666666,0.7014843225479126,False,0.008000001311302185,0.6040545701980591,29.251056397940744,1.81595778465271,0.016107656061649323,0.938123345375061,0.031510502099990845,0.02548920462042093,0.991129939144081,11,60,,Voxtral_EN,But we are not high yet.,But we're not here.
00595_0014_surprise_0014_001737,0014,surprise,happy,neutral,neutral,happy,happy,happy,happy,True,True,True,True,True,0.16666666666666666,0.9545108079910278,True,0.008000001311302185,0.7968729138374329,24.451871450485694,3.2445266246795654,0.0654364675283432,0.7831094264984131,0.044151149690151215,0.07326800330482423,0.9798317366143341,18,60,,Voxtral_EN,"But mom, I'm not certain about.","With mom, I'm not certain about."
00596_0014_surprise_0014_001655,0014,surprise,happy,neutral,neutral,surprise,happy,happy,happy,True,True,True,True,True,0.0,1.0,True,0.008000001311302185,0.7940515875816345,23.627575311676352,3.4461333751678467,0.24374817311763763,0.08838988840579987,0.02678246796131134,0.24463233982637522,0.9292690831776742,14,60,,Voxtral_EN,"This was the 25th of November, 1783.","This was the 25th of November, 1783."
00597_0014_surprise_0014_001497,0014,surprise,happy,neutral,neutral,neutral,happy,happy,happy,True,True,True,True,True,1.6,0.3497493863105774,False,0.008000001311302185,0.6841239929199219,27.517638800245496,3.2294633388519287,0.032811734825372696,1.6032731533050537,0.021019568666815758,0.0488446765541099,0.989839880072137,8,60,,Voxtral_EN,I can't confess to that.,"I confess, take you up in the 13th, Dora."
00598_0014_surprise_0014_001503,0014,surprise,happy,neutral,neutral,neutral,happy,happy,happy,True,True,True,True,True,0.375,0.9869478940963745,True,0.008000001311302185,0.6784679889678955,25.747447551001752,2.907132625579834,0.014342869631946087,0.37967777252197266,0.02609640173614025,0.018139908321183174,0.9950663174064563,11,60,,Voxtral_EN,The elephant in the carpenter is the longest.,Elephant in the Carpenter is the longest.
00599_0014_surprise_0014_001714,0014,surprise,happy,neutral,neutral,neutral,happy,happy,happy,True,True,True,True,True,0.3333333333333333,0.5358110666275024,False,0.008000001311302185,0.747083306312561,15.880351348720005,2.235379219055176,0.015290867537260056,2.2313554286956787,0.03943099081516266,0.037604816134124995,0.9931596091585199,4,60,,Voxtral_EN,Bob goes to a new school?,Love goes to a new school.
00100_0015_angry_0015_000579,0015,angry,happy,neutral,neutral,neutral,happy,happy,happy,True,True,True,True,True,0.5,0.32292884588241577,False,0.008000001311302185,0.7561896443367004,19.93369865368171,2.464705467224121,0.018384672701358795,1.121983528137207,0.027942966669797897,0.02960478741239756,0.9925408236619588,4,60,,Voxtral_EN,The first year they sowed rye.,The first here they soar ride.
00101_0015_angry_0015_000492,0015,angry,happy,neutral,happy,happy,happy,happy,happy,True,True,True,True,True,0.0,1.0,True,0.008000001311302185,0.35348203778266907,28.17974284974013,0.7457708120346069,0.020271264016628265,0.2149619609117508,0.013424636796116829,0.022421017872113733,0.972818373031623,0,60,,Voxtral_EN,Wake now my merry tads.,Wake now my merry tads.
00102_0015_angry_0015_000650,0015,angry,happy,neutral,neutral,neutral,happy,happy,happy,True,True,True,True,True,0.5,0.8765265345573425,True,0.008000001311302185,0.67535001039505,22.930804148948667,3.046363353729248,0.02336084470152855,0.8524186015129089,0.02513721212744713,0.03188528208877891,0.9923315632480508,12,60,,Voxtral_EN,Six was halfway down the room.,Sixth was half way down the room.
00103_0015_angry_0015_000633,0015,angry,happy,neutral,neutral,neutral,happy,happy,happy,True,True,True,True,True,0.2857142857142857,0.9737935662269592,True,0.008000001311302185,0.728874146938324,21.9703637407458,2.8982532024383545,0.009838903322815895,0.5560762286186218,0.02449176274240017,0.015399910526629536,0.9966052298969124,11,60,,Voxtral_EN,They had been named Tom and Jerry.,They had been named Tom and Jerry with
00104_0015_angry_0015_000460,0015,angry,happy,neutral,neutral,neutral,neutral,happy,happy,False,False,True,True,False,0.8,0.6932265162467957,False,0.008000001311302185,0.7638461589813232,17.62430773511851,1.9398926496505737,0.3515607714653015,2.2419488430023193,0.032254356890916824,0.3739805824388936,0.8187730792584698,13,60,,Voxtral_EN,Act drop second act scene.,"Act 1, Scene 2"
00105_0015_angry_0015_000450,0015,angry,happy,neutral,neutral,neutral,happy,happy,happy,True,True,True,True,True,0.42857142857142855,0.9255716800689697,True,0.008000001311302185,0.8084278106689453,20.935574503018287,3.9286136627197266,0.03848905861377716,0.9738919734954834,0.030292153358459473,0.04822828127026558,0.9902028904040588,8,60,,Voxtral_EN,"Well, anyhow, it didn't rain, he said.","Well, anyhow, it didn't rain."
00106_0015_angry_0015_000435,0015,angry,happy,neutral,happy,neutral,happy,happy,happy,True,True,True,True,True,0.0,1.0,True,0.008000001311302185,0.5993486046791077,26.056724787198963,1.33989417552948,0.06454720348119736,0.3280099928379059,0.01878819242119789,0.06782749129150063,0.9518266407451987,4,60,,Voxtral_EN,Suppose I take grandmother a fresh vegetable.,Suppose I take grandmother a fresh vegetable.
00107_0015_angry_0015_000378,0015,angry,happy,neutral,happy,happy,happy,happy,happy,True,True,True,True,True,0.6363636363636364,0.9052168130874634,True,0.008000001311302185,0.5812529921531677,30.901061349720692,1.134628415107727,0.03974699601531029,0.8666462898254395,0.01463546883314848,0.048413605268253015,0.9649691515864808,12,60,,Voxtral_EN,She had said so that one could keep up a conversation.,"She said, ""So I got one who can keep up a conversation."""
00108_0015_angry_0015_000372,0015,angry,happy,neutral,neutral,happy,happy,happy,happy,True,True,True,True,True,0.125,0.9805426597595215,True,0.008000001311302185,0.6322231888771057,20.05939619769736,1.2653592824935913,0.018361173570156097,0.34697583317756653,0.019563864916563034,0.02183112754058093,0.9854893595643662,4,60,,Voxtral_EN,"And what are doves, and what are doves?","And what are doves, and what are doves."
00109_0015_angry_0015_000599,0015,angry,happy,neutral,neutral,happy,happy,happy,happy,True,True,True,True,True,0.16666666666666666,0.9420971274375916,True,0.008000001311302185,0.5529658198356628,26.19012728748995,1.6247060298919678,0.04238056391477585,0.7240308523178101,0.02408384531736374,0.04962111327640712,0.9739149340649681,7,60,,Voxtral_EN,You may imagine how I gape.,You may imagine how I gaped.
00110_0015_angry_0015_000375,0015,angry,happy,neutral,neutral,neutral,happy,happy,happy,True,True,True,True,True,0.42857142857142855,0.8932608366012573,True,0.008000001311302185,0.623523473739624,22.92826711883564,3.1755733489990234,0.03135940432548523,1.5723322629928589,0.018703920766711235,0.04708291399462149,0.9901248055456284,3,60,,Voxtral_EN,She is now choosing skirt to wear.,She is now she was in skirt to wear.
00111_0015_angry_0015_000638,0015,angry,happy,neutral,sad,neutral,happy,happy,happy,True,True,True,True,True,0.8333333333333334,0.1290244460105896,False,0.008000001311302185,0.6387998461723328,23.1778111384062,1.6790155172348022,0.03336247429251671,3.410715103149414,0.023777274414896965,0.067469863096755,0.980129740344829,10,60,,Voxtral_EN,She has felt shy of it.,She jumps on the snowballs.
00112_0015_angry_0015_000401,0015,angry,happy,neutral,neutral,happy,happy,happy,happy,True,True,True,True,True,1.0,0.23628678917884827,False,0.008000001311302185,0.5274715423583984,23.580700145789343,1.3610529899597168,0.02910417877137661,1.6944408416748047,0.02279777079820633,0.04604881516583264,0.9786164249400473,6,60,,Voxtral_EN,Said the American to Chinese.,"""Woo!"""
00113_0015_angry_0015_000428,0015,angry,happy,neutral,neutral,neutral,happy,happy,happy,True,True,True,True,True,0.0,1.0000001192092896,True,0.008000001311302185,0.7489359378814697,20.590847466363282,2.592400312423706,0.02685808762907982,0.15322589874267578,0.03423742949962616,0.02839068899080157,0.9896396835394725,4,60,,Voxtral_EN,The art is quite safe with me.,The art is quite safe with me.
00114_0015_angry_0015_000389,0015,angry,happy,neutral,happy,happy,happy,happy,happy,True,True,True,True,True,0.0,1.0000001192092896,True,0.008000001311302185,0.47856587171554565,21.619700884047877,1.2767608165740967,0.03484392911195755,0.8019681572914124,0.025078481063246727,0.0428638614696823,0.9727091177457549,4,60,,Voxtral_EN,Our thanks to God's oath.,Our thanks to God's oath.
00115_0015_angry_0015_000686,0015,angry,happy,neutral,neutral,surprise,happy,happy,happy,True,True,True,True,True,0.6,0.8074601292610168,True,0.008000001311302185,0.6071481704711914,21.685096620231942,1.5896037817001343,0.020083272829651833,1.7090622186660767,0.028500068932771683,0.03717418001700193,0.9873658624489606,4,60,,Voxtral_EN,Over them swooped the eagles.,Over then sweep the Eagles.
00116_0015_angry_0015_000601,0015,angry,happy,neutral,happy,happy,happy,happy,happy,True,True,True,True,True,0.0,1.0,True,0.008000001311302185,0.5387352108955383,21.909528507127046,0.7481727600097656,0.012954214587807655,0.15881721675395966,0.016688887029886246,0.014542553644217552,0.9826855302943153,0,60,,Voxtral_EN,The ladybug told them proudly.,The ladybug told them proudly.
00117_0015_angry_0015_000415,0015,angry,happy,happy,happy,happy,happy,happy,happy,True,True,True,True,True,0.0,1.0,True,0.00800000037997961,0.27262163162231445,34.98777079728443,0.1987474411725998,0.038465965539216995,0.3216998875141144,0.004869155585765839,0.041683013105914,0.8064580589703708,0,60,,Voxtral_EN,Tom could hardly speak for laughing.,Tom could hardly speak for laughing.
00118_0015_angry_0015_000474,0015,angry,happy,neutral,neutral,neutral,neutral,happy,happy,False,False,True,True,False,0.1111111111111111,0.8400503396987915,True,0.008000001311302185,0.7499962449073792,20.440659971577606,2.686453342437744,0.14242731034755707,0.5864055752754211,0.03395172953605652,0.14829170561760663,0.9469831438731352,9,60,,Voxtral_EN,"You know, answers to the name of Tom's son.","You know, Astros to the name of Tom's son."
00119_0015_angry_0015_000465,0015,angry,happy,neutral,happy,happy,happy,happy,happy,True,True,True,True,True,0.16666666666666666,0.9844290018081665,True,0.008000001311302185,0.6356282234191895,22.346375953959235,2.1929430961608887,0.010544653050601482,0.303398072719574,0.03660424053668976,0.01357899982020259,0.995191551906175,12,60,,Voxtral_EN,He might call it for example.,"He might call it, for example."
00120_0015_angry_0015_000371,0015,angry,happy,neutral,neutral,surprise,happy,happy,happy,True,True,True,True,True,0.2,0.9497708082199097,True,0.008000001311302185,0.6611493229866028,20.38681227505746,1.8209505081176758,0.03345984220504761,0.4553597867488861,0.02657191827893257,0.03801370579171926,0.9816250677567095,8,60,,Voxtral_EN,As rich as Peter's son-in-law.,As we rich as Peter's son-in-law.
00121_0015_angry_0015_000472,0015,angry,happy,neutral,neutral,neutral,happy,happy,happy,True,True,True,True,True,0.0,1.0,True,0.008000001311302185,0.7619394659996033,22.816653972286357,3.741199016571045,0.00961404386907816,0.0321577750146389,0.03275616466999054,0.009935949180871248,0.9974302238863813,7,60,,Voxtral_EN,Am I an absolute popper?,Am I an absolute popper?
00122_0015_angry_0015_000421,0015,angry,happy,neutral,neutral,surprise,happy,happy,happy,True,True,True,True,True,0.0,0.9999999403953552,True,0.008000001311302185,0.7681052088737488,22.986237349142165,3.508885145187378,0.15097028017044067,0.1145031750202179,0.025892555713653564,0.15211557084619998,0.9569748584169235,15,60,,Voxtral_EN,She was born on April 1943.,She was born on April 1943.
00123_0015_angry_0015_000641,0015,angry,happy,neutral,happy,happy,happy,happy,happy,True,True,True,True,True,0.0,1.0,True,0.008000001311302185,0.6658439636230469,21.06489978414187,1.1498194932937622,0.08397018909454346,0.2826761305332184,0.032094910740852356,0.08679727134898305,0.9269709814590086,9,60,,Voxtral_EN,The end of February 14th.,The end of February 14th.
00124_0015_angry_0015_000480,0015,angry,happy,neutral,happy,surprise,happy,happy,happy,True,True,True,True,True,0.0,1.0,True,0.008000001311302185,0.6214975714683533,24.327505651236834,2.0759310722351074,0.0686679482460022,0.48361343145370483,0.026090305298566818,0.07350434346359223,0.9669218553715905,10,60,,Voxtral_EN,And would spoil my joke.,And would spoil my joke.
00125_0015_neutral_0015_000106,0015,neutral,happy,neutral,neutral,happy,neutral,happy,happy,False,False,True,True,False,0.16666666666666666,0.9804786443710327,True,0.008000001311302185,0.6912029981613159,15.692003738041336,1.963313341140747,0.4686712622642517,0.36720383167266846,0.02898278459906578,0.4723435904088244,0.7612855510919418,6,60,,Voxtral_EN,I guess it's a choice feast.,I'd guess it's a choice feast.
00126_0015_neutral_0015_000315,0015,neutral,happy,neutral,neutral,neutral,happy,happy,happy,True,True,True,True,True,1.0,0.2934999167919159,False,0.008000001311302185,0.7689635753631592,17.854484239387496,1.9794683456420898,0.3922235667705536,0.5687334537506104,0.020662765949964523,0.39791110793571915,0.8018540848940294,5,60,,Voxtral_EN,It's to say how do you do with Tom's answer.,"""Good, I'm good."""
00127_0015_neutral_0015_000136,0015,neutral,happy,neutral,happy,happy,happy,happy,happy,True,True,True,True,True,0.375,0.798961341381073,False,0.008000001311302185,0.5553766489028931,21.747374680282817,1.7294448614120483,0.026785511523485184,0.23705650866031647,0.016458410769701004,0.029156241194196044,0.9845120754519947,2,60,,Voxtral_EN,"She has eaten the tapioca, all of it.","She has eaten the tapioca, all of it is happy."
00128_0015_neutral_0015_000283,0015,neutral,happy,neutral,neutral,happy,happy,happy,happy,True,True,True,True,True,0.5714285714285714,0.5046951174736023,False,0.008000001311302185,0.7186070680618286,18.556262051253178,2.603663206100464,0.033119842410087585,2.2805752754211426,0.02712741121649742,0.05592586643841118,0.9872795212789094,8,60,,Voxtral_EN,They had been named Tom and Jerry.,Bae has named Tom and Berries.
00129_0015_neutral_0015_000221,0015,neutral,happy,sad,sad,neutral,happy,happy,happy,True,True,True,True,True,1.0,0.16337120532989502,False,0.008000001311302185,0.7798401713371277,14.264365350252488,4.058960437774658,0.029245948418974876,2.5497612953186035,0.03406119346618652,0.05474390198409557,0.9927947195181314,5,60,,Voxtral_EN,I am a selfish sinner.,"Hello, my name is"
00130_0015_neutral_0015_000285,0015,neutral,happy,neutral,happy,happy,neutral,happy,happy,False,False,True,True,False,0.16666666666666666,0.9184716939926147,True,0.008000001311302185,0.7069478034973145,19.78586326305031,1.4267113208770752,0.2757119834423065,0.9042235612869263,0.03678746521472931,0.2847545869298279,0.8067499855031558,10,60,,Voxtral_EN,"The straw, charcoal and the pea.","For straw, charcoal and the pea."
00131_0015_neutral_0015_000143,0015,neutral,happy,neutral,neutral,happy,happy,happy,happy,True,True,True,True,True,0.0,1.0,True,0.008000001311302185,0.5985807180404663,20.47628684388024,1.413999319076538,0.009518318809568882,0.06068158894777298,0.02394149824976921,0.010125374114029109,0.9932685124517704,1,60,,Voxtral_EN,Pussy can sit by the fire and sing.,Pussy can sit by the fire and sing.
00132_0015_neutral_0015_000274,0015,neutral,happy,neutral,neutral,neutral,happy,happy,happy,True,True,True,True,True,0.1,0.9167991876602173,True,0.008000001311302185,0.9737799167633057,15.555550203793555,3.3942742347717285,0.02768242359161377,0.8499355912208557,0.027087276801466942,0.03618205037659034,0.9918443762416046,6,60,,Voxtral_EN,Because he was a man with infinite resource and sagacity.,Because he was a man with infinite resource and swagger.
00133_0015_neutral_0015_000124,0015,neutral,happy,neutral,neutral,neutral,happy,happy,happy,True,True,True,True,True,3.5,0.24274052679538727,False,0.008000001311302185,0.8768629431724548,13.993232931992141,1.8777670860290527,0.0756763219833374,0.30711352825164795,0.02948649786412716,0.07874775213083253,0.9596987706588406,3,60,,Voxtral_EN,You know,You know answers to the name of Tom's son.
00134_0015_neutral_0015_000134,0015,neutral,happy,neutral,neutral,happy,happy,happy,happy,True,True,True,True,True,0.0,1.0,True,0.008000001311302185,0.7329728007316589,20.052106735830016,1.4088449478149414,0.12433314323425293,0.07448458671569824,0.03406374901533127,0.12507832973890007,0.9117481711333186,3,60,,Voxtral_EN,Rare Rabbit had a little apron.,Rare Rabbit had a little apron.
00135_0015_neutral_0015_000086,0015,neutral,happy,neutral,neutral,neutral,happy,happy,happy,True,True,True,True,True,0.0,0.9999999403953552,True,0.008000001311302185,0.7611286044120789,15.417387000884561,2.130286693572998,0.027751628309488297,0.35306593775749207,0.03862210735678673,0.031282673908136785,0.9869728199527256,14,60,,Voxtral_EN,And tick attack too.,And tick attack too.
00136_0015_neutral_0015_000078,0015,neutral,happy,neutral,neutral,neutral,happy,happy,happy,True,True,True,True,True,0.3333333333333333,0.6096816062927246,False,0.008000001311302185,0.9156520962715149,14.189335422580129,1.2573024034500122,0.05100202560424805,1.485229730606079,0.05476227030158043,0.06585487053301185,0.9594353550392495,12,60,,Voxtral_EN,The art quite safe with me.,The arch quips safe with me.
00137_0015_neutral_0015_000035,0015,neutral,happy,neutral,neutral,neutral,happy,happy,happy,True,True,True,True,True,0.25,0.8298757076263428,True,0.008000001311302185,0.7809798121452332,17.38124108364214,2.75068736076355,0.03326757252216339,0.8439128994941711,0.03516663238406181,0.04170705318342894,0.9879057238577165,7,60,,Voxtral_EN,The name really is the aged aged man.,The name really is the aged aged man happy.
00138_0015_neutral_0015_000052,0015,neutral,happy,sad,sad,happy,neutral,happy,happy,False,False,True,True,False,0.0,1.0,True,0.008000001311302185,0.6735140085220337,17.445892430946373,1.3158442974090576,0.6276497840881348,0.10917985439300537,0.029109327122569084,0.6287418737253361,0.5230060385381472,13,60,,Voxtral_EN,From August 18th of their divorce.,From August 18th of their divorce.
00139_0015_neutral_0015_000269,0015,neutral,happy,neutral,neutral,neutral,happy,happy,happy,True,True,True,True,True,1.0,0.07085852324962616,False,0.008000001311302185,0.72149258852005,17.390201532262235,4.825830459594727,0.02440127544105053,2.449821710586548,0.043302666395902634,0.048899925573579965,0.99494361112655,9,60,,Voxtral_EN,I'm an AI and I don't have a map.,But show me now you're met.
00140_0015_neutral_0015_000020,0015,neutral,happy,neutral,neutral,happy,happy,happy,happy,True,True,True,True,True,0.2222222222222222,0.7760910391807556,False,0.008000001311302185,0.7493871450424194,19.08725173630134,1.5940040349960327,0.017332352697849274,0.8058010339736938,0.02545241080224514,0.025390617561694234,0.9891265314783896,4,60,,Voxtral_EN,At the roots of a bush of a grass.,"At the roots of a bush up, a grasshopper."
00141_0015_neutral_0015_000340,0015,neutral,happy,neutral,neutral,happy,happy,happy,happy,True,True,True,True,True,0.1111111111111111,0.8573104739189148,True,0.008000001311302185,0.6657058000564575,21.95587146189947,1.4890763759613037,0.05587431415915489,0.5625948905944824,0.024513525888323784,0.0615005082003586,0.9624772005914847,4,60,,Voxtral_EN,So Tom saw night as it were broad daylight.,So Tante saw night as it were broad daylight.
00142_0015_neutral_0015_000160,0015,neutral,happy,neutral,neutral,neutral,happy,happy,happy,True,True,True,True,True,0.6,0.9378002882003784,True,0.008000001311302185,0.7651748061180115,14.527252218883914,4.275463104248047,0.03008747100830078,0.4078194200992584,0.0342186838388443,0.03416600739613175,0.9929627574195632,10,60,,Voxtral_EN,"Kitty, can you play chess?","Kitty, do you want to play chess?"
00143_0015_neutral_0015_000210,0015,neutral,happy,neutral,neutral,neutral,happy,happy,happy,True,True,True,True,True,1.0,0.890751838684082,True,0.008000001311302185,0.8663817644119263,17.63593945249442,4.529444694519043,0.06343111395835876,0.965143084526062,0.03202161192893982,0.07308286501973868,0.985995829900492,16,60,,Voxtral_EN,It weighs 7.5 kilogram.,It weighs seven point size kilo.
00144_0015_neutral_0015_000177,0015,neutral,happy,neutral,neutral,neutral,happy,happy,happy,True,True,True,True,True,0.16666666666666666,0.6282761693000793,False,0.008000001311302185,0.7372511029243469,17.367758870441335,2.5302622318267822,0.0201062373816967,1.891916036605835,0.03320160508155823,0.03902572976380587,0.9920536942263172,7,60,,Voxtral_EN,Tom fell with the cloven head.,I'm fell with the cloven head.
00145_0015_neutral_0015_000342,0015,neutral,happy,neutral,neutral,neutral,happy,happy,happy,True,True,True,True,True,0.5,0.29516902565956116,False,0.008000001311302185,0.7723914980888367,18.271750343343342,3.9737071990966797,0.012011108919978142,1.4934684038162231,0.03578914329409599,0.026946150849573317,0.9969773543147042,15,60,,Voxtral_EN,Why should I purchase my own?,Why should I have heard this my own?
00146_0015_neutral_0015_000278,0015,neutral,happy,neutral,neutral,neutral,happy,happy,happy,True,True,True,True,True,0.0,0.9999998807907104,True,0.008000001311302185,0.6570358276367188,16.313456315854527,2.010984420776367,0.034578315913677216,0.16676416993141174,0.038043200969696045,0.036246338045001034,0.9828052790680856,9,60,,Voxtral_EN,I know you.,I know you.
00147_0015_neutral_0015_000006,0015,neutral,happy,neutral,neutral,happy,happy,happy,happy,True,True,True,True,True,0.8571428571428571,0.31771352887153625,False,0.008000001311302185,0.9185510873794556,13.5596937098832,1.6301076412200928,0.031124671921133995,3.857374429702759,0.032980840653181076,0.06969874602656811,0.9809063701475333,9,60,,Voxtral_EN,"Andy, what's the gyr and to gimble?",Andi what's beguile a young girl.
00148_0015_neutral_0015_000181,0015,neutral,happy,neutral,happy,happy,happy,happy,happy,True,True,True,True,True,0.5,0.921667218208313,True,0.008000001311302185,0.6908805966377258,18.55846062606169,1.4541008472442627,0.04688861966133118,0.49621355533599854,0.03579387813806534,0.051851113153472544,0.9677542174944798,3,60,,Voxtral_EN,"First, issue a reward.","First, if issue a reward,"
00149_0015_neutral_0015_000232,0015,neutral,happy,neutral,happy,happy,happy,happy,happy,True,True,True,True,True,0.5,0.7739143371582031,False,0.008000001311302185,0.7813504934310913,19.199221915826666,0.9606954455375671,0.026517337188124657,0.8260408043861389,0.04543393850326538,0.03477819957137108,0.9723977694374447,0,60,,Voxtral_EN,We'll call her Lily for short.,We'll call her Lily for sure the free
00150_0015_sad_0015_001134,0015,sad,happy,neutral,happy,happy,happy,happy,happy,True,True,True,True,True,0.0,0.9999999403953552,True,0.008000001311302185,0.6469972133636475,18.80955511154116,1.2405080795288086,0.20822183787822723,0.19406917691230774,0.03886866569519043,0.21016291833400724,0.83214793896601,3,60,,Voxtral_EN,By hook or by crook.,By hook or by crook.
00151_0015_sad_0015_001200,0015,sad,happy,neutral,neutral,neutral,happy,happy,happy,True,True,True,True,True,0.0,0.9999998211860657,True,0.008000001311302185,0.7445945739746094,19.03735773383417,2.3929929733276367,0.029824789613485336,0.09228304028511047,0.03063192032277584,0.03074792633553967,0.9875366163018808,2,60,,Voxtral_EN,I hope you enjoyed yourself.,I hope you enjoyed yourself.
00152_0015_sad_0015_001119,0015,sad,happy,neutral,neutral,neutral,happy,happy,happy,True,True,True,True,True,0.3333333333333333,0.6976087689399719,False,0.008000001311302185,0.9120875000953674,14.858962568806767,3.569624423980713,0.31683292984962463,0.40839290618896484,0.03753819316625595,0.32091723429344593,0.9112419425076926,12,60,,Voxtral_EN,"Not much use is it, Sam.","Not much youth, is it, Sam?"
00153_0015_sad_0015_001372,0015,sad,happy,neutral,neutral,neutral,happy,happy,happy,True,True,True,True,True,0.25,0.9271987080574036,True,0.008000001311302185,0.723283052444458,16.749493450447023,1.1848804950714111,0.02476460114121437,0.19994792342185974,0.0322011299431324,0.0267644023867324,0.9790994946374555,4,60,,Voxtral_EN,A special pot too.,A special pot to
00154_0015_sad_0015_001139,0015,sad,happy,angry,happy,happy,happy,happy,happy,True,True,True,True,True,0.8333333333333334,0.9280102252960205,True,0.008000001311302185,0.6247206330299377,21.877008526992316,1.0470523834228516,0.03648634999990463,0.5499475598335266,0.024607431143522263,0.041986071672551334,0.9651532716246446,6,60,,Voxtral_EN,Let go of my top knot.,"You let go of my top knot, I really"
00155_0015_sad_0015_001308,0015,sad,happy,neutral,neutral,neutral,happy,happy,happy,True,True,True,True,True,0.5714285714285714,0.6615010499954224,False,0.008000001311302185,0.7407013177871704,19.999514350154207,1.8560194969177246,0.02297322265803814,1.0658169984817505,0.028797075152397156,0.03363168061360717,0.9876223160930208,2,60,,Voxtral_EN,"Mom shuts one's mouth up, doesn't it?","Mom's shots once laugh up, doesn't it?"
00156_0015_sad_0015_001280,0015,sad,happy,sad,sad,happy,neutral,happy,happy,False,False,True,True,False,0.2857142857142857,0.9190427660942078,True,0.008000001311302185,0.884958028793335,16.95568281472487,1.8226851224899292,0.5002400875091553,0.364690899848938,0.042294494807720184,0.5038874194525927,0.7255477200440477,25,60,,Voxtral_EN,Your own wife is not at home.,If your own wife is not at home.
00157_0015_sad_0015_001364,0015,sad,happy,neutral,neutral,neutral,neutral,happy,happy,False,False,True,True,False,0.0,1.0,True,0.008000001311302185,0.761570394039154,19.143286283088145,2.555593967437744,0.3461199402809143,0.2743515372276306,0.029638539999723434,0.3488637520385906,0.8645637982046356,11,60,,Voxtral_EN,Bob goes to a new school.,Bob goes to a new school.
00158_0015_sad_0015_001112,0015,sad,happy,sad,sad,neutral,happy,happy,happy,True,True,True,True,True,1.4,0.12030529975891113,False,0.008000001311302185,0.9916440844535828,17.278255880091823,2.9525609016418457,0.04920569807291031,1.6096277236938477,0.0455218181014061,0.0653024305280298,0.9833345696457783,4,60,,Voxtral_EN,Tom went on Eeyore gloomily.,".com, you're Clint on it, you are Bloomalee."
00159_0015_sad_0015_001216,0015,sad,happy,neutral,neutral,neutral,happy,happy,happy,True,True,True,True,True,0.2857142857142857,0.7633886933326721,False,0.008000001311302185,0.9563491940498352,14.53108023199442,2.7171664237976074,0.03134407103061676,0.7010746002197266,0.04803100973367691,0.03835529734291136,0.9884644272223823,12,60,,Voxtral_EN,They ate beef at the butcher shop.,Fate eighth beef at the butcher shop.
00160_0015_sad_0015_001194,0015,sad,happy,neutral,neutral,happy,happy,happy,happy,True,True,True,True,True,0.4,0.9232125282287598,True,0.008000001311302185,0.7655770182609558,22.049819616972492,1.4627197980880737,0.016888437792658806,0.5055800080299377,0.022485999390482903,0.02194446273295209,0.9884540854545527,2,60,,Voxtral_EN,We all see panda on TV or in the zoo.,"We'd all see Panda on TV, we're in the zoo."
00161_0015_sad_0015_001126,0015,sad,happy,neutral,neutral,surprise,happy,happy,happy,True,True,True,True,True,0.5,0.8240530490875244,True,0.008000001311302185,0.6488491892814636,20.015393080586485,2.1787962913513184,0.1922103762626648,1.376254916191101,0.03286103531718254,0.20597325403492897,0.9117813918512532,8,60,,Voxtral_EN,The hag looked in the stove.,"If Bahag looked in the stove,"
00162_0015_sad_0015_001396,0015,sad,happy,neutral,neutral,neutral,happy,happy,happy,True,True,True,True,True,0.0,1.0,True,0.008000001311302185,0.6505439877510071,19.775008094087706,1.7601842880249023,0.02956099435687065,0.19481255114078522,0.031129274517297745,0.03150943116102368,0.9832057389910911,3,60,,Voxtral_EN,I'm going to back home.,I'm going to back home.
00163_0015_sad_0015_001220,0015,sad,happy,neutral,happy,happy,happy,happy,happy,True,True,True,True,True,0.6666666666666666,0.6132904887199402,False,0.008000001311302185,0.7176257967948914,19.572181827253907,1.083986759185791,0.0164006520062685,1.439656376838684,0.030724063515663147,0.0307975230152905,0.9848700624179326,7,60,,Voxtral_EN,But if you hadn't done them.,I'm glad with who hadn't done them.
00164_0015_sad_0015_001127,0015,sad,happy,neutral,neutral,surprise,happy,happy,happy,True,True,True,True,True,1.4,0.6203863620758057,False,0.008000001311302185,0.7184790372848511,21.168358463643003,2.787074565887451,0.036159493029117584,1.0333811044692993,0.02754952758550644,0.04649357956908644,0.9870260044450573,12,60,,Voxtral_EN,But I saw you walking.,I love the feeling that I saw you walk in.
00165_0015_sad_0015_001180,0015,sad,happy,neutral,neutral,happy,happy,happy,happy,True,True,True,True,True,0.4,0.7793850898742676,False,0.008000001311302185,0.7095359563827515,20.445656050589452,1.3493812084197998,0.016250688582658768,0.6994351744651794,0.035080671310424805,0.023245391134023668,0.9879569327916689,8,60,,Voxtral_EN,And would spoil my joke.,and would spoil my jolt.
00166_0015_sad_0015_001355,0015,sad,happy,neutral,happy,happy,happy,happy,happy,True,True,True,True,True,0.0,1.0,True,0.008000001311302185,0.618369996547699,19.592886459087797,0.8547649383544922,0.007671669125556946,0.09141573309898376,0.021829497069120407,0.008586044751517476,0.9910248200630156,0,60,,Voxtral_EN,The fisherman and his wife see George every day.,The fisherman and his wife see George every day.
00167_0015_sad_0015_001113,0015,sad,happy,neutral,neutral,neutral,neutral,happy,happy,False,False,True,True,False,0.5,0.7354263067245483,False,0.008000001311302185,0.7138509750366211,19.011604138804692,1.9568393230438232,0.3056173622608185,0.21890585124492645,0.021265199407935143,0.3078066334252618,0.8438209214921965,4,60,,Voxtral_EN,Asteroid 325,Astronomy 325
00168_0015_sad_0015_001284,0015,sad,happy,angry,happy,happy,happy,happy,happy,True,True,True,True,True,0.0,0.9999999403953552,True,0.008000001311302185,0.6125446557998657,24.556185067728606,1.1174248456954956,0.09867925941944122,0.10031843185424805,0.032085586339235306,0.09968276459384709,0.9116904731449547,1,60,,Voxtral_EN,"Hurry up, hurry up.","Hurry up, hurry up."
00169_0015_sad_0015_001279,0015,sad,happy,neutral,neutral,happy,happy,happy,happy,True,True,True,True,True,0.3333333333333333,0.530071496963501,False,0.008000001311302185,0.7895840406417847,15.495188837285399,2.232149600982666,0.018168382346630096,0.8891825079917908,0.03100624680519104,0.027060517489016056,0.9918605892998248,4,60,,Voxtral_EN,The first year they sowed rye.,The first year they soar.
00170_0015_sad_0015_001070,0015,sad,happy,neutral,neutral,neutral,happy,happy,happy,True,True,True,True,True,0.0,0.9999998807907104,True,0.008000001311302185,0.7551649808883667,21.63252682483945,2.187682867050171,0.034777380526065826,0.16636663675308228,0.023081835359334946,0.036441277711950236,0.984103097825619,7,60,,Voxtral_EN,At the roots of a bush of a grass.,At the roots of a bush of a grass.
00171_0015_sad_0015_001307,0015,sad,happy,angry,neutral,neutral,happy,happy,happy,True,True,True,True,True,0.5,0.6261272430419922,False,0.008000001311302185,0.7534607648849487,19.749182119356934,2.1757593154907227,0.054768264293670654,2.0572140216827393,0.03600941598415375,0.07534076460465788,0.9748279766499273,13,60,,Voxtral_EN,I would scoff at these followers.,I would scoff at his hollow words.
00172_0015_sad_0015_001259,0015,sad,happy,angry,angry,angry,happy,happy,happy,True,True,True,True,True,0.14285714285714285,0.8937979340553284,True,0.008000001311302185,1.1183348894119263,16.10698218584947,3.7333011627197266,0.05200144276022911,0.8992077708244324,0.05127647519111633,0.060994033233225345,0.9860709220891395,5,60,,Voxtral_EN,A raging fire was in his eyes.,Her raging fire was in his eyes.
00173_0015_sad_0015_001118,0015,sad,happy,neutral,neutral,neutral,happy,happy,happy,True,True,True,True,True,0.6,0.006341032683849335,False,0.008000001311302185,0.8919759392738342,15.057513460198102,2.8799476623535156,0.007841084152460098,2.743299722671509,0.04633418843150139,0.0352745447210595,0.9972773518578277,7,60,,Voxtral_EN,I do not eat bread.,"I do love you, Fred."
00174_0015_sad_0015_001330,0015,sad,happy,neutral,neutral,neutral,happy,happy,happy,True,True,True,True,True,0.4,0.5011566877365112,False,0.008000001311302185,0.8180237412452698,17.02065899226755,2.6661007404327393,0.01910538040101528,0.5796071887016296,0.030001595616340637,0.02490175230398774,0.9928339615561885,4,60,,Voxtral_EN,Your path now goes south.,Your path now grows sell.
00175_0015_surprise_0015_001734,0015,surprise,happy,surprise,surprise,surprise,happy,happy,happy,True,True,True,True,True,0.6,0.8161725401878357,True,0.008000001311302185,0.6127829551696777,26.049682145143077,2.829464912414551,0.01233728602528572,0.44903919100761414,0.023737620562314987,0.016827915311567486,0.9956397105434478,11,60,,Voxtral_EN,"Another one, ten thousand dollars?","Another one, $10,000."
00176_0015_surprise_0015_001468,0015,surprise,happy,neutral,neutral,neutral,happy,happy,happy,True,True,True,True,True,1.0,0.15020443499088287,False,0.008000001311302185,0.6406131982803345,27.13498513960294,3.3672778606414795,0.04462515935301781,4.0693745613098145,0.037292830646038055,0.08531927789442241,0.986747408084548,9,60,,Voxtral_EN,I do not eat bread.,"Hi Team Dottie, bread!"
00177_0015_surprise_0015_001678,0015,surprise,happy,neutral,happy,happy,happy,happy,happy,True,True,True,True,True,0.6666666666666666,0.5300670862197876,False,0.008000001311302185,0.5937852263450623,22.54387418118973,1.2962654829025269,0.03843503072857857,0.6175166368484497,0.0376465804874897,0.04461057356286794,0.9703494143479645,5,60,,Voxtral_EN,I know you.,I love you!
00178_0015_surprise_0015_001673,0015,surprise,happy,neutral,happy,happy,happy,happy,happy,True,True,True,True,True,0.2,0.8399507999420166,True,0.008000001311302185,0.597741961479187,26.716947650165682,1.2880423069000244,0.03192286193370819,0.5251118540763855,0.026160582900047302,0.03717424208030105,0.9752159833860287,7,60,,Voxtral_EN,I just as soon swim your way as others do.,I just to suit swim your way as others do.
00179_0015_surprise_0015_001625,0015,surprise,happy,neutral,happy,happy,happy,happy,happy,True,True,True,True,True,0.0,0.9999998807907104,True,0.008000001311302185,0.38022005558013916,26.363386185665895,0.485969603061676,0.011546636931598186,0.24034923315048218,0.01254845317453146,0.013950254747634753,0.9762400017226329,0,60,,Voxtral_EN,Her existence makes him pleasant.,Her existence makes him pleasant.
00180_0015_surprise_0015_001645,0015,surprise,happy,neutral,neutral,neutral,happy,happy,happy,True,True,True,True,True,0.0,1.0,True,0.008000001311302185,0.7057520747184753,24.962053763851102,2.900545120239258,0.01978836953639984,0.09469974040985107,0.030308393761515617,0.020735670024435965,0.993177706701295,12,60,,Voxtral_EN,Do you think it's a woozle?,Do you think it's a woozle?
00181_0015_surprise_0015_001449,0015,surprise,happy,surprise,happy,happy,happy,happy,happy,True,True,True,True,True,0.0,1.0,True,0.008000001311302185,0.5525283217430115,31.496504896446865,1.2559422254562378,0.025525499135255814,0.43499910831451416,0.02869434654712677,0.029875777161866426,0.9796762154994961,6,60,,Voxtral_EN,"Then we all say, ""Aha!""","Then we all say, ""Aha!"""
00182_0015_surprise_0015_001541,0015,surprise,happy,neutral,happy,neutral,happy,happy,happy,True,True,True,True,True,0.4,0.7216023206710815,False,0.008000001311302185,0.5656806826591492,24.433560533246638,3.5412449836730957,0.026116102933883667,2.2403557300567627,0.03715941309928894,0.04852003182858229,0.9926251634511897,6,60,,Voxtral_EN,Can I lodge here tonight?,Can I watch you tonight?
00183_0015_surprise_0015_001749,0015,surprise,happy,neutral,neutral,neutral,happy,happy,happy,True,True,True,True,True,0.95,0.49068307876586914,False,0.008000001311302185,0.7401861548423767,20.140300392377355,4.073627471923828,0.08963301032781601,1.789352536201477,0.03723181411623955,0.10752690800797195,0.9779967581852825,10,60,,Voxtral_EN,I'll need a bit more context to provide a detailed response. Could you please provide the question you're referring to?,What do you plink up this question?
00184_0015_surprise_0015_001453,0015,surprise,happy,neutral,neutral,neutral,happy,happy,happy,True,True,True,True,True,0.0,0.9999998807907104,True,0.008000001311302185,0.7641302347183228,24.947913703339168,2.4077250957489014,0.08069451153278351,0.25713756680488586,0.03546176850795746,0.08326624181851744,0.9664851640765557,22,60,,Voxtral_EN,He was still in the forest.,He was still in the forest.
00185_0015_surprise_0015_001438,0015,surprise,happy,neutral,happy,happy,happy,happy,happy,True,True,True,True,True,0.5714285714285714,0.7868273258209229,False,0.008000001311302185,0.50174880027771,28.55040262001043,1.4841402769088745,0.03277511149644852,1.5030293464660645,0.020965149626135826,0.04780561461260542,0.9779164328289024,5,60,,Voxtral_EN,"Hold up my chin, slow and solid.",Holds up my chin. I'm solid solid.
00186_0015_surprise_0015_001564,0015,surprise,happy,angry,angry,surprise,happy,happy,happy,True,True,True,True,True,0.14285714285714285,0.9224237203598022,True,0.008000001311302185,0.7059348225593567,24.858345781117098,3.3314881324768066,0.03264637663960457,0.6272910237312317,0.028061386197805405,0.038919567490778864,0.9902006624843255,14,60,,Voxtral_EN,His large mouth curled into a sneer.,'Tis large mouth curled into a sneer.
00187_0015_surprise_0015_001694,0015,surprise,happy,neutral,neutral,neutral,neutral,happy,happy,False,False,True,True,False,0.6666666666666666,0.9322810173034668,True,0.008000001311302185,0.50401371717453,26.40087560113286,1.7668265104293823,0.21151840686798096,0.41436418890953064,0.020492618903517723,0.2156622536832653,0.8802834315540258,3,60,,Voxtral_EN,Now I understand.,Now I understand the
00188_0015_surprise_0015_001629,0015,surprise,happy,surprise,neutral,surprise,happy,happy,happy,True,True,True,True,True,0.3333333333333333,0.8147804141044617,True,0.008000001311302185,0.6166155338287354,22.753028099548228,3.1482226848602295,0.16884885728359222,1.7530808448791504,0.029337160289287567,0.18637995910398664,0.946366926934494,5,60,,Voxtral_EN,The first year they sowed rye.,"The first year they showed Rye,"
00189_0015_surprise_0015_001679,0015,surprise,happy,neutral,neutral,neutral,happy,happy,happy,True,True,True,True,True,0.14285714285714285,0.7252406477928162,False,0.008000001311302185,0.6910176277160645,23.91137175823831,1.9304141998291016,0.022449849173426628,0.5717906951904297,0.024839650839567184,0.02816800452183932,0.9883704496291966,13,60,,Voxtral_EN,These words behind the ears is nonsense.,These words behind the ears is non-Ksenn.
00190_0015_surprise_0015_001676,0015,surprise,happy,neutral,neutral,neutral,happy,happy,happy,True,True,True,True,True,1.1666666666666667,0.09313184022903442,False,0.008000001311302185,0.627826988697052,24.473525505584245,3.4552197456359863,0.03289501741528511,2.112060070037842,0.02826535701751709,0.0540159007692337,0.990479616395793,10,60,,Voxtral_EN,"No, I don't have a name.",Can you and Nate be more hilarious?
00191_0015_surprise_0015_001665,0015,surprise,happy,neutral,happy,surprise,happy,happy,happy,True,True,True,True,True,0.0,1.0,True,0.008000001311302185,0.5605199933052063,25.768565318059316,1.6130635738372803,0.02588394284248352,0.14418959617614746,0.026308394968509674,0.02732610188819468,0.9839535507079186,2,60,,Voxtral_EN,I've just shot a stag.,I've just shot a stag.
00192_0015_surprise_0015_001589,0015,surprise,happy,neutral,happy,neutral,happy,happy,happy,True,True,True,True,True,0.25,0.9704608917236328,True,0.008000001311302185,0.5673002004623413,26.670990540842098,1.3764634132385254,0.06345042586326599,0.536442756652832,0.02297837845981121,0.0688150832135789,0.9539032964821196,3,60,,Voxtral_EN,When such wanderers meet?,"When such wanderers meet,"
00193_0015_surprise_0015_001494,0015,surprise,happy,surprise,surprise,surprise,neutral,happy,happy,False,False,True,True,False,0.125,0.7846740484237671,False,0.008000001311302185,0.6602007746696472,24.479995083583095,2.586310625076294,0.40424662828445435,0.5802044868469238,0.029843732714653015,0.4100489715902507,0.8436975727644743,10,60,,Voxtral_EN,They found a cow grazing in a field.,They fought a cow grazing in a field.
00194_0015_surprise_0015_001635,0015,surprise,happy,neutral,neutral,happy,happy,happy,happy,True,True,True,True,True,0.0,1.0,True,0.008000001311302185,0.6007287502288818,28.08623793962858,1.3229255676269531,0.25085946917533875,0.1028558537364006,0.025130465626716614,0.251888279017359,0.8103752204099228,1,60,,Voxtral_EN,"If not, I shall go no further.","If not, I shall go no further."
00195_0015_surprise_0015_001416,0015,surprise,happy,neutral,happy,happy,happy,happy,happy,True,True,True,True,True,0.2857142857142857,0.9678922891616821,True,0.008000001311302185,0.544829249382019,26.929686055871983,0.9574980735778809,0.024061188101768494,0.37757179141044617,0.01703532226383686,0.027837076369095597,0.9748707712676026,0,60,,Voxtral_EN,"Mr. Sharman, I move for a division.","Mr. Sharman, I'm moved for a division."
00196_0015_surprise_0015_001481,0015,surprise,happy,neutral,happy,happy,happy,happy,happy,True,True,True,True,True,0.25,0.40679579973220825,False,0.008000001311302185,0.7738860249519348,26.858602232611464,1.0204033851623535,0.03916247561573982,0.8852643966674805,0.029283415526151657,0.04801541241656989,0.9616205941834378,1,60,,Voxtral_EN,And I never had a whooping cough. Why?,And I never had a whooping cost wide.
00197_0015_surprise_0015_001685,0015,surprise,happy,neutral,happy,surprise,happy,happy,happy,True,True,True,True,True,0.16666666666666666,0.8080462217330933,True,0.008000001311302185,0.6658642888069153,23.252080878133032,1.9150068759918213,0.06574954092502594,1.1722986698150635,0.022062160074710846,0.07747274824477733,0.9656661593494421,8,60,,Voxtral_EN,"The straw, charcoal and the pea.","The straw, tranquil, and the pea."
00198_0015_surprise_0015_001460,0015,surprise,happy,neutral,neutral,surprise,happy,happy,happy,True,True,True,True,True,0.0,0.9999999403953552,True,0.008000001311302185,0.6257457137107849,27.1448487982542,1.4178165197372437,0.020114419981837273,0.34259340167045593,0.03237476572394371,0.02354067774619907,0.9858131008477987,7,60,,Voxtral_EN,That I am a born nurse.,That I am a born nurse.
00199_0015_surprise_0015_001568,0015,surprise,happy,neutral,neutral,surprise,happy,happy,happy,True,True,True,True,True,0.125,0.9826902747154236,True,0.008000001311302185,0.5690529942512512,28.19636961426507,1.8244723081588745,0.2064167559146881,0.14283651113510132,0.027660256251692772,0.20784539762860166,0.8868622149036677,14,60,,Voxtral_EN,"I said you looked like an egg, sir.","I said you look like an egg, sir."
00600_0016_angry_0016_000683,0016,angry,happy,angry,neutral,neutral,happy,happy,happy,True,True,True,True,True,0.2,0.8335080742835999,True,0.008000001311302185,0.698125422000885,23.50227087493395,3.436201572418213,0.0334874726831913,1.108803391456604,0.027957279235124588,0.04457578617054969,0.9902545086551414,16,60,,Voxtral_EN,"You gain for nothing, girl.","You came for nothing, girl."
00601_0016_angry_0016_000367,0016,angry,happy,neutral,neutral,neutral,neutral,happy,happy,False,False,True,True,False,0.0,1.0,True,0.008000001311302185,0.8965257406234741,22.002235404737363,3.95528507232666,0.1786051094532013,0.9216609001159668,0.03740452229976654,0.18782209249958395,0.9548439350926131,28,60,,Voxtral_EN,Why has this egg not broken?,Why has this egg not broken?
00602_0016_angry_0016_000448,0016,angry,happy,neutral,neutral,surprise,neutral,happy,happy,False,False,True,True,False,0.6666666666666666,0.7721812725067139,False,0.008000001311302185,0.641173779964447,21.635570890985363,2.450533390045166,0.28355756402015686,1.6968027353286743,0.04440575838088989,0.3005260354310274,0.8842874105808733,7,60,,Voxtral_EN,"""Said the witch.""",Set the Witch
00603_0016_angry_0016_000406,0016,angry,happy,neutral,neutral,neutral,happy,happy,happy,True,True,True,True,True,0.375,0.6976311206817627,False,0.008000001311302185,0.6935887932777405,27.303675378407483,3.248600721359253,0.0869353637099266,1.8456661701202393,0.02221125364303589,0.10539224752366542,0.9732391355027614,19,60,,Voxtral_EN,Your midget wife never can sing a song.,Your midget wipes never can sing this dog.
00604_0016_angry_0016_000415,0016,angry,happy,surprise,happy,surprise,happy,happy,happy,True,True,True,True,True,0.0,1.0,True,0.008000016212463379,1.095097541809082,23.964711061801257,0.5166242718696594,0.05321385711431503,0.13444899022579193,0.042742740362882614,0.05455877444397658,0.8969969859880287,0,60,,Voxtral_EN,Tom could hardly speak for laughing.,Tom could hardly speak for laughing.
00605_0016_angry_0016_000608,0016,angry,happy,neutral,neutral,neutral,happy,happy,happy,True,True,True,True,True,0.5714285714285714,0.8766970634460449,True,0.008000001311302185,0.6270745396614075,27.14090688719231,3.0076980590820312,0.0275079607963562,1.0523817539215088,0.022114012390375137,0.038031999475695195,0.990854148170461,5,60,,Voxtral_EN,"Mum shuts one's mouth up, doesn't it?","Mums chucks ones mouths up, doesn't it?"
00606_0016_angry_0016_000549,0016,angry,happy,angry,angry,angry,happy,happy,happy,True,True,True,True,True,1.1666666666666667,0.343680202960968,False,0.008000001311302185,0.8075836896896362,20.45083716887646,4.928095817565918,0.017422467470169067,3.382617950439453,0.03535616397857666,0.05124900053620338,0.9964646654376995,34,60,,Voxtral_EN,Captain Tom receives an angry letter.,Keston Tom receives the net A in green letters.
00607_0016_angry_0016_000381,0016,angry,happy,happy,happy,happy,happy,happy,happy,True,True,True,True,True,0.0,1.0,True,0.00800000037997961,0.17604483664035797,40.053414641682906,0.16498033702373505,0.012197207659482956,0.11092326045036316,0.002282538451254368,0.0133064630893711,0.926068718978746,0,60,,Voxtral_EN,"All smile were real and the happier, the more sincere.","All smile were real and the happier, the more sincere."
00608_0016_angry_0016_000557,0016,angry,happy,neutral,neutral,neutral,happy,happy,happy,True,True,True,True,True,0.0,0.9999998807907104,True,0.008000001311302185,0.5770974159240723,27.684236161042687,1.5507864952087402,0.015655603259801865,0.12840081751346588,0.017078418284654617,0.016939782219119372,0.9899047333026365,3,60,,Voxtral_EN,"What am I? I'm a racer, son of God.","What am I? I'm a racer, son of God."
00609_0016_angry_0016_000625,0016,angry,happy,angry,neutral,neutral,neutral,happy,happy,False,False,True,True,False,0.125,0.8765681385993958,True,0.008000001311302185,0.7405415177345276,23.90964762145674,3.4200892448425293,0.7675272822380066,0.8466787934303284,0.037195831537246704,0.7759944421306253,0.7755826742254073,32,60,,Voxtral_EN,You shouldn't have pricked him with your horn.,You shouldn't have printed him with your horn.
00610_0016_angry_0016_000578,0016,angry,happy,surprise,surprise,surprise,happy,happy,happy,True,True,True,True,True,1.0,0.917175829410553,True,0.008000016212463379,0.8178209662437439,26.083204084027685,2.863778591156006,0.032012131065130234,0.8121039271354675,0.02785501442849636,0.04013344888662919,0.9888217157695113,7,60,,Voxtral_EN,"""It says 'no way'!"" shouted Daisy.","It says no way, shouted Daisy, you piece."
00611_0016_angry_0016_000543,0016,angry,happy,neutral,neutral,neutral,happy,happy,happy,True,True,True,True,True,0.0,1.0,True,0.008000001311302185,0.6868805885314941,22.631623661880354,2.4171323776245117,0.03026222251355648,0.14605402946472168,0.030805915594100952,0.03172307086735964,0.9874801137109018,5,60,,Voxtral_EN,Please hire me after you.,Please hire me after you.
00612_0016_angry_0016_000604,0016,angry,happy,neutral,happy,happy,happy,happy,happy,True,True,True,True,True,0.0,0.9999998807907104,True,0.008000001311302185,0.2518369257450104,27.26074942297513,0.33955609798431396,0.0192706435918808,0.14758755266666412,0.010062282904982567,0.02074661974137649,0.943247540814976,0,60,,Voxtral_EN,She laughed.,She laughed.
00613_0016_angry_0016_000656,0016,angry,happy,neutral,neutral,neutral,happy,happy,happy,True,True,True,True,True,0.625,0.6115249991416931,False,0.008000001311302185,0.6475730538368225,26.895652764967846,2.5582375526428223,0.026016194373369217,1.3444339036941528,0.022107139229774475,0.039460754481703046,0.98983042276645,6,60,,Voxtral_EN,Please invite Tom if there is not requires.,Please invite Tom. It's there is knots but choirs.
00614_0016_angry_0016_000470,0016,angry,happy,neutral,neutral,neutral,happy,happy,happy,True,True,True,True,True,0.4,0.9404562711715698,True,0.008000001311302185,1.0268186330795288,23.375432236006866,2.382984161376953,0.12877896428108215,0.37245145440101624,0.05093708634376526,0.13250398819595574,0.9459589508112088,16,60,,Voxtral_EN,Our King George is labourers.,Our King George is a labourer.
00615_0016_angry_0016_000635,0016,angry,happy,neutral,neutral,neutral,happy,happy,happy,True,True,True,True,True,0.5,0.7070847749710083,False,0.008000001311302185,0.6639010310173035,24.41318909877385,2.023819923400879,0.009846332482993603,1.413382887840271,0.026141345500946045,0.023980422774851323,0.9951347783618774,4,60,,Voxtral_EN,"The straw, charcoal and the pea.","The straw, the charcoal, and the pity."
00616_0016_angry_0016_000373,0016,angry,happy,neutral,neutral,neutral,neutral,happy,happy,False,False,True,True,False,0.125,0.9824404716491699,True,0.008000001311302185,0.665948748588562,26.863217482840707,4.127631664276123,0.32775720953941345,0.2535744309425354,0.033960532397031784,0.3302932934541628,0.9205943659226935,16,60,,Voxtral_EN,I thought you meant how old are you?,"I thought you meant, how old are you?"
00617_0016_angry_0016_000686,0016,angry,happy,neutral,neutral,neutral,happy,happy,happy,True,True,True,True,True,0.4,0.964233934879303,True,0.008000001311302185,0.7045151591300964,22.23517777898342,2.4337544441223145,0.02576255425810814,0.4900178909301758,0.03046112321317196,0.030663037778642026,0.9894144808567986,10,60,,Voxtral_EN,Over them swooped the eagles.,Over them swoop the Eagles.
00618_0016_angry_0016_000617,0016,angry,happy,neutral,neutral,neutral,neutral,happy,happy,False,False,True,True,False,0.8,0.5064252614974976,False,0.008000001311302185,0.6369889974594116,24.71082474594838,1.5403631925582886,0.21792058646678925,0.8994142413139343,0.0286993607878685,0.22691501587353646,0.8585264906876545,5,60,,Voxtral_EN,"[ 0m0s110ms - 0m1s10ms ] Chapter 11, on the doorstep.",On the doorstep.
00619_0016_angry_0016_000628,0016,angry,happy,neutral,neutral,neutral,happy,happy,happy,True,True,True,True,True,0.0,0.9999998807907104,True,0.008000001311302185,0.5568978786468506,26.779317245749628,2.200824737548828,0.015164988115429878,0.15273374319076538,0.02297491952776909,0.016692555296532807,0.99310940673435,7,60,,Voxtral_EN,I know you.,I know you.
00620_0016_angry_0016_000391,0016,angry,happy,neutral,neutral,neutral,happy,happy,happy,True,True,True,True,True,0.0,0.9999998807907104,True,0.008000001311302185,0.4506712555885315,30.22501936435829,1.8092598915100098,0.025324653834104538,0.09706009179353714,0.021294549107551575,0.026295467697530987,0.986002755075188,4,60,,Voxtral_EN,I chose the right way.,I chose the right way.
00621_0016_angry_0016_000523,0016,angry,happy,neutral,neutral,neutral,happy,happy,happy,True,True,True,True,True,0.2,0.9578060507774353,True,0.008000001311302185,0.7289282083511353,20.85938729393712,3.1895132064819336,0.02192527800798416,0.44039082527160645,0.03892677277326584,0.02632957552842796,0.9931258230994541,7,60,,Voxtral_EN,He searched through the box.,He's searched through the box.
00622_0016_angry_0016_000519,0016,angry,happy,neutral,neutral,neutral,happy,happy,happy,True,True,True,True,True,1.0,0.7193741202354431,False,0.008000001311302185,0.6854469776153564,25.97365605105302,4.152797222137451,0.02909817174077034,1.8175724744796753,0.0284462608397007,0.047274180948175495,0.9929931151981957,13,60,,Voxtral_EN,Sam waved his arm vaguely.,If Sam waved his arm big movement over her.
00623_0016_angry_0016_000360,0016,angry,happy,neutral,neutral,neutral,happy,happy,happy,True,True,True,True,True,1.6666666666666667,0.2904936671257019,False,0.008000001311302185,0.7610369920730591,20.05052313334772,3.916044235229492,0.04207814484834671,4.122776031494141,0.045231446623802185,0.08330635747775436,0.9892549362773271,10,60,,Voxtral_EN,A nauseous draft.,"""An honest and noshly strut."""
00624_0016_angry_0016_000414,0016,angry,happy,neutral,neutral,neutral,happy,happy,happy,True,True,True,True,True,0.2,0.9944827556610107,True,0.008000001311302185,0.6692362427711487,28.840371112361698,3.966661214828491,0.023220956325531006,0.1481008678674698,0.02793308161199093,0.024702244335021824,0.9941459693510692,10,60,,Voxtral_EN,And we are so thirsty.,"And we are so thirsty,"
00625_0016_neutral_0016_000272,0016,neutral,happy,neutral,neutral,neutral,happy,happy,happy,True,True,True,True,True,0.6666666666666666,0.5156473517417908,False,0.008000001311302185,0.7527819275856018,17.47593392686251,4.392369270324707,0.016979560256004333,1.5963749885559082,0.031139612197875977,0.032943621537685396,0.9961343049249707,8,60,,Voxtral_EN,No admittance except on party business.,No admitant except on party this nest swan.
00626_0016_neutral_0016_000330,0016,neutral,happy,angry,neutral,happy,happy,happy,happy,True,True,True,True,True,0.8,0.7159844040870667,False,0.008000001311302185,0.8533077239990234,13.82779958324697,1.40436589717865,0.01682686060667038,1.177319884300232,0.0361533984541893,0.02860042098365724,0.9880181791365945,2,60,,Voxtral_EN,She keeps saying I'm hers.,"She keeps saying, I'm her only sweetie."
00627_0016_neutral_0016_000045,0016,neutral,happy,neutral,neutral,neutral,happy,happy,happy,True,True,True,True,True,0.625,0.1917748898267746,False,0.008000001311302185,0.7250484824180603,20.329999777720825,3.8952784538269043,0.030202295631170273,3.0674140453338623,0.028041621670126915,0.06087671650072559,0.9922464347570588,5,60,,Voxtral_EN,The nastiest things they saw were the cobwebs.,The Naskus things say song were the cub libs.
00628_0016_neutral_0016_000195,0016,neutral,happy,neutral,neutral,neutral,happy,happy,happy,True,True,True,True,True,0.0,1.0,True,0.008000001311302185,0.7500951886177063,19.40634025808955,3.409400463104248,0.09556442499160767,0.2275986671447754,0.041335683315992355,0.09784082501988858,0.971970313835003,6,60,,Voxtral_EN,A boat put out on the bay.,A boat put out on the bay.
00629_0016_neutral_0016_000207,0016,neutral,happy,neutral,neutral,neutral,happy,happy,happy,True,True,True,True,True,0.8333333333333334,0.8845484256744385,True,0.008000001311302185,0.8048080205917358,17.57207431655958,2.822814702987671,0.03262697905302048,0.6105254888534546,0.038776643574237823,0.03873262170799077,0.9884416858752761,5,60,,Voxtral_EN,"I'm a racer, son of God.","What am I? I'm a racer, son of a god."
00630_0016_neutral_0016_000063,0016,neutral,happy,neutral,neutral,neutral,neutral,happy,happy,False,False,True,True,False,2.0,0.33423635363578796,False,0.008000001311302185,0.6551368832588196,15.69954908283535,1.9830135107040405,0.3663746118545532,0.4663548469543457,0.032296836376190186,0.3710384832924605,0.8152435120200078,3,60,,Voxtral_EN,Asteroid 325.,House of Lords 335
00631_0016_neutral_0016_000106,0016,neutral,happy,neutral,neutral,neutral,happy,happy,happy,True,True,True,True,True,0.5,0.6672955751419067,False,0.008000001311302185,0.7372977137565613,13.023659558246845,2.338569164276123,0.027765363454818726,1.6984524726867676,0.04053380340337753,0.04475029351972044,0.9881272002218445,7,60,,Voxtral_EN,I guess it's a choice feast.,I guess it's a joyous feast tone.
00632_0016_neutral_0016_000250,0016,neutral,happy,neutral,neutral,neutral,happy,happy,happy,True,True,True,True,True,0.2,0.9626219272613525,True,0.008000001311302185,0.9367788434028625,14.137533160461526,2.8000457286834717,0.012376870028674603,0.9953219294548035,0.04210157319903374,0.022330510338954626,0.9955797614653622,4,60,,Voxtral_EN,Her kind and firm glance.,Her kind and firm gaze.
00633_0016_neutral_0016_000213,0016,neutral,happy,neutral,neutral,happy,happy,happy,happy,True,True,True,True,True,0.125,0.892212986946106,True,0.008000001311302185,0.6188985705375671,18.34877766443664,0.9953426718711853,0.030795596539974213,0.37417879700660706,0.021128639578819275,0.034537595796436074,0.9690603071582571,0,60,,Voxtral_EN,"Let it give us a chance, my precious.","Let it give us a chance, my crush."
00634_0016_neutral_0016_000167,0016,neutral,happy,neutral,neutral,neutral,happy,happy,happy,True,True,True,True,True,0.2,0.5233542323112488,False,0.008000001311302185,0.7255153059959412,17.317755823720212,2.012406826019287,0.03938978910446167,0.590707540512085,0.0364312119781971,0.045297228821702305,0.9804265277799827,5,60,,Voxtral_EN,I toy with my liquor.,I toy with my lifer.
00635_0016_neutral_0016_000222,0016,neutral,happy,neutral,neutral,neutral,happy,happy,happy,True,True,True,True,True,0.6,0.7571578621864319,False,0.008000001311302185,0.8575904369354248,16.255134992367477,3.5115256309509277,0.0336214117705822,2.473259449005127,0.039542507380247116,0.058354401685707276,0.9904254118283404,9,60,,Voxtral_EN,Ask God to help you.,Half God to help you out.
00636_0016_neutral_0016_000329,0016,neutral,happy,happy,happy,happy,happy,happy,happy,True,True,True,True,True,0.0,1.0000001192092896,True,0.00800000037997961,0.1877851039171219,30.14786839460395,0.12402549386024475,0.008304042741656303,0.054297931492328644,0.005182843655347824,0.008847073885016142,0.9330456788907164,0,60,,Voxtral_EN,And his heart wagged with joy like a lamb's tail.,And his heart wagged with joy like a lamb's tail.
00637_0016_neutral_0016_000102,0016,neutral,happy,neutral,neutral,neutral,happy,happy,happy,True,True,True,True,True,0.42857142857142855,0.7058935165405273,False,0.008000001311302185,0.838947594165802,12.34359234599004,2.2663285732269287,0.05573169142007828,2.1002907752990723,0.04177939146757126,0.07673501696698368,0.975408821086907,6,60,,Voxtral_EN,"This is Jack, the relatives of Tom.","This is Jack, as the relative of Tone."
00638_0016_neutral_0016_000215,0016,neutral,happy,neutral,neutral,neutral,happy,happy,happy,True,True,True,True,True,0.6,0.38019514083862305,False,0.008000001311302185,0.7598099708557129,18.26349865677966,1.719864845275879,0.026421353220939636,0.4737659990787506,0.039342641830444336,0.031159406638145447,0.9846375409710165,3,60,,Voxtral_EN,He likes dragons very much.,We like straggons very much.
00639_0016_neutral_0016_000239,0016,neutral,happy,neutral,neutral,neutral,happy,happy,happy,True,True,True,True,True,0.25,0.3643687963485718,False,0.008000001311302185,0.7175577878952026,18.8574527520481,3.5339174270629883,0.07176845520734787,0.9148924350738525,0.0240480974316597,0.08091762003906071,0.979691530238443,11,60,,Voxtral_EN,This is the way that snakes always talk.,This is the way that snacks always top.
00640_0016_neutral_0016_000026,0016,neutral,happy,neutral,neutral,neutral,happy,happy,happy,True,True,True,True,True,0.16666666666666666,0.7614715099334717,False,0.008000001311302185,0.7100762724876404,16.17691944898955,3.107541084289551,0.0230927225202322,0.5827905535697937,0.030731504783034325,0.02892093537097797,0.9925688118374429,10,60,,Voxtral_EN,Let's make the noise a snake.,Let's make the noise a snick.
00641_0016_neutral_0016_000154,0016,neutral,happy,neutral,neutral,neutral,happy,happy,happy,True,True,True,True,True,0.0,1.0,True,0.008000001311302185,0.6742339134216309,17.44500774218668,3.1106419563293457,0.08895488828420639,0.411087304353714,0.03700051084160805,0.09306613133285194,0.9714030449235064,15,60,,Voxtral_EN,He dreamt them all night.,He dreamt them all night.
00642_0016_neutral_0016_000307,0016,neutral,happy,neutral,neutral,neutral,happy,happy,happy,True,True,True,True,True,0.5,0.9425678849220276,True,0.008000001311302185,0.8479667901992798,15.562020811488892,3.939441442489624,0.04145718365907669,0.6258866786956787,0.03880840539932251,0.04771643853008747,0.9894763802776881,9,60,,Voxtral_EN,I owe them $500.,I owe 500 dollars.
00643_0016_neutral_0016_000201,0016,neutral,happy,neutral,neutral,neutral,happy,happy,happy,True,True,True,True,True,0.0,1.0,True,0.008000001311302185,0.6915837526321411,19.217817079671768,2.275588035583496,0.02641947567462921,0.4065389037132263,0.025062263011932373,0.030485115334391594,0.9883900445680385,4,60,,Voxtral_EN,A lady is on Alice's lap.,A lady is on Alice's lap.
00644_0016_neutral_0016_000040,0016,neutral,happy,sad,sad,neutral,happy,happy,happy,True,True,True,True,True,0.16666666666666666,0.941057562828064,True,0.00800000037997961,0.5364475846290588,22.057491427897755,2.0653438568115234,0.014020366594195366,0.31990689039230347,0.01834377646446228,0.017219618935883044,0.9932116066058656,7,60,,Voxtral_EN,In which Fox loses a tail and its elder sister finds one.,In which Fox loses a tail and its elder sister finds one happy.
00645_0016_neutral_0016_000185,0016,neutral,happy,sad,sad,sad,happy,happy,happy,True,True,True,True,True,0.125,0.4447205066680908,False,0.008000001311302185,0.9718359708786011,15.767735149287487,4.220096588134766,0.019111350178718567,1.7119672298431396,0.04286333546042442,0.03623145111050456,0.9954713476861046,9,60,,Voxtral_EN,The newborn baby is stolen as we go.,The newborn baby is solid as we go.
00646_0016_neutral_0016_000252,0016,neutral,happy,neutral,neutral,neutral,happy,happy,happy,True,True,True,True,True,0.3333333333333333,0.7023090124130249,False,0.008000001311302185,0.824097752571106,17.478160483909875,2.5593020915985107,0.02490098401904106,1.5839049816131592,0.03289404511451721,0.040740362775623803,0.9902704006296154,6,60,,Voxtral_EN,I am run off my feet.,I am run off to my beautified.
00647_0016_neutral_0016_000157,0016,neutral,happy,neutral,neutral,happy,neutral,happy,happy,False,False,True,True,False,0.0,1.0,True,0.008000001311302185,0.529959499835968,22.087649587876633,1.3950281143188477,0.3655419945716858,0.30037766695022583,0.029385626316070557,0.3685460650974512,0.737968008802339,7,60,,Voxtral_EN,Blackbird and Jay.,Blackbird and Jay.
00648_0016_neutral_0016_000322,0016,neutral,happy,neutral,happy,happy,happy,happy,happy,True,True,True,True,True,0.25,0.9174010157585144,True,0.008000001311302185,0.6933826208114624,11.641233130822766,1.000710129737854,0.08342668414115906,1.1324995756149292,0.03751771152019501,0.09475205507442355,0.9166325175872723,4,60,,Voxtral_EN,A special pot two.,A special pot too.
00649_0016_neutral_0016_000205,0016,neutral,happy,neutral,neutral,neutral,sad,happy,happy,False,False,True,True,False,0.4,0.7329531908035278,False,0.008000001311302185,0.8219373226165771,16.026804343267486,3.220139265060425,0.6169347763061523,1.025019645690918,0.03782428428530693,0.6271853510059043,0.8084136350871223,10,60,,Voxtral_EN,Fear neither root nor sprout.,Here neither root nor sprout
00650_0016_sad_0016_001102,0016,sad,happy,sad,neutral,neutral,happy,happy,happy,True,True,True,True,True,0.5,0.33407410979270935,False,0.008000001311302185,0.7737523913383484,17.219235621350187,1.925155520439148,0.07044753432273865,1.6442899703979492,0.023089081048965454,0.08689066491752863,0.9634068346298231,4,60,,Voxtral_EN,From August 18th of their divorce.,On August 18th of Yodagoras.
00651_0016_sad_0016_001338,0016,sad,happy,neutral,sad,neutral,happy,happy,happy,True,True,True,True,True,0.6666666666666666,0.2987307906150818,False,0.008000001311302185,0.7827019095420837,17.470694412098734,3.572436809539795,0.3728789687156677,2.8970730304718018,0.03066832385957241,0.40185000570362434,0.8956233549828129,13,60,,Voxtral_EN,She has felt shy of it.,She has Hochzeierich.
00652_0016_sad_0016_001232,0016,sad,happy,neutral,neutral,happy,happy,happy,happy,True,True,True,True,True,0.42857142857142855,0.7313675880432129,False,0.008000001311302185,0.6510735154151917,25.584539896810547,1.279850959777832,0.1509801745414734,0.3742676377296448,0.02204730734229088,0.15472307139184327,0.8820330028367663,9,60,,Voxtral_EN,Age 45 if a day a lie.,Age forty-five if a day alive.
00653_0016_sad_0016_001400,0016,sad,happy,neutral,neutral,neutral,happy,happy,happy,True,True,True,True,True,1.3333333333333333,0.137164905667305,False,0.008000001311302185,0.8654319047927856,17.50032047156203,4.110919952392578,0.031060412526130676,2.263627767562866,0.04093758389353752,0.05369709957759827,0.9924444132004921,5,60,,Voxtral_EN,Do you have anything in mind?,"""Tela abriu, a Goni, minha mãe, e eu."""
00654_0016_sad_0016_001231,0016,sad,happy,neutral,happy,neutral,happy,happy,happy,True,True,True,True,True,0.0,1.0000001192092896,True,0.008000001311302185,0.7346859574317932,22.845135914327336,1.6719629764556885,0.01565304398536682,0.16658417880535126,0.02787729725241661,0.01731916454639286,0.9906379242807464,6,60,,Voxtral_EN,"First, issue a reward.","First, issue a reward."
00655_0016_sad_0016_001191,0016,sad,happy,neutral,neutral,neutral,happy,happy,happy,True,True,True,True,True,1.2,0.4713575839996338,False,0.008000001311302185,0.8916835188865662,16.68913231491076,3.7635324001312256,0.01336176972836256,4.4510817527771,0.03454751521348953,0.05787293273128569,0.9964496732569921,3,60,,Voxtral_EN,Can I lodge here tonight?,Can I have our cheer at you mount?
00656_0016_sad_0016_001187,0016,sad,happy,neutral,neutral,neutral,happy,happy,happy,True,True,True,True,True,0.2,0.8007855415344238,True,0.008000001311302185,0.77287358045578,18.831711913738047,1.8913779258728027,0.033327266573905945,0.6006993651390076,0.02943294495344162,0.039334554554745556,0.9823793721402736,3,60,,Voxtral_EN,Let the glass globe be.,Let the glass globe beeb.
00657_0016_sad_0016_001068,0016,sad,happy,sad,sad,sad,happy,happy,happy,True,True,True,True,True,1.1666666666666667,0.19455021619796753,False,0.008000001311302185,1.1808037757873535,13.644342903517622,4.87785530090332,0.028846031054854393,2.433978796005249,0.053349681198596954,0.05318635251171887,0.9940863290779633,7,60,,Voxtral_EN,"Then, sadly, it is much farther.","Then, as you like, it is enough, Shabbat, our boy."
00658_0016_sad_0016_001074,0016,sad,happy,neutral,happy,happy,happy,happy,happy,True,True,True,True,True,0.5714285714285714,0.630440354347229,False,0.008000001311302185,0.7285615801811218,19.057937966016578,1.4364967346191406,0.004172191955149174,1.4856983423233032,0.024118080735206604,0.01902941655918956,0.9970955785317149,2,60,,Voxtral_EN,The football teams give a tea party.,The football tunes give it a party
00659_0016_sad_0016_001112,0016,sad,happy,sad,sad,neutral,happy,happy,happy,True,True,True,True,True,0.6,0.37936463952064514,False,0.008000001311302185,1.0315765142440796,18.104949732549326,3.26436185836792,0.10572762787342072,3.461721897125244,0.03883081674575806,0.14034523515284061,0.9676115478428359,5,60,,Voxtral_EN,Tom went on your gloomily.,Tom went on his spring break.
00660_0016_sad_0016_001244,0016,sad,happy,sad,sad,sad,happy,happy,happy,True,True,True,True,True,0.0,1.0,True,0.008000001311302185,0.5772526860237122,22.70832572321062,4.1084818840026855,0.05057712644338608,0.472509503364563,0.025384075939655304,0.0553024753177911,0.9876895827044243,11,60,,Voxtral_EN,"Yes, I miss her.","Yes, I miss her."
00661_0016_sad_0016_001298,0016,sad,happy,neutral,neutral,surprise,happy,happy,happy,True,True,True,True,True,0.5,0.026361707597970963,False,0.008000001311302185,0.8094708323478699,20.05004461112835,1.7625455856323242,0.03816622495651245,1.4078565835952759,0.027617335319519043,0.052245066965818404,0.9783459643440541,6,60,,Voxtral_EN,In which Piglet meets a Elephant.,In which Peggotty writes a letter.
00662_0016_sad_0016_001135,0016,sad,happy,neutral,happy,neutral,happy,happy,happy,True,True,True,True,True,0.0,1.0,True,0.008000001311302185,0.5611235499382019,20.549355445161616,1.1460959911346436,0.010286129079759121,0.18916669487953186,0.016249287873506546,0.012177958521433175,0.9910250719317361,2,60,,Voxtral_EN,Suppose I take grandmother a fresh vegetable.,Suppose I take grandmother a fresh vegetable.
00663_0016_sad_0016_001228,0016,sad,happy,neutral,neutral,neutral,happy,happy,happy,True,True,True,True,True,0.0,0.9999998211860657,True,0.008000001311302185,0.5549883246421814,26.598579491139617,1.714109182357788,0.18898968398571014,0.25522154569625854,0.016218610107898712,0.1915420616287738,0.8897446639158939,6,60,,Voxtral_EN,And vowed he'd change the pigtail's place.,And vowed he'd change the pigtail's place.
00664_0016_sad_0016_001163,0016,sad,happy,neutral,neutral,neutral,happy,happy,happy,True,True,True,True,True,0.5,0.45208561420440674,False,0.008000001311302185,0.8175520300865173,19.23814738890188,3.1365909576416016,0.027912262827157974,1.7086583375930786,0.02837403677403927,0.044999129943456506,0.991101082925985,3,60,,Voxtral_EN,Mr. Lawson saw George last night.,Mr. Lawson saw joyous faces.
00665_0016_sad_0016_001192,0016,sad,happy,neutral,neutral,happy,happy,happy,happy,True,True,True,True,True,1.0,0.7411617040634155,False,0.008000001311302185,0.6698368787765503,21.300304778078754,1.4762470722198486,0.04864741489291191,0.8345326781272888,0.028769036754965782,0.05699302936455235,0.9670465629985906,3,60,,Voxtral_EN,"Wake now, my merry tads.","I thought I was awake now, my merry tads."
00666_0016_sad_0016_001299,0016,sad,happy,sad,sad,neutral,happy,happy,happy,True,True,True,True,True,0.3333333333333333,0.5528802275657654,False,0.008000001311302185,0.7949904799461365,21.507716900148917,2.9152839183807373,0.022884776815772057,1.098693609237671,0.030969977378845215,0.033872022607922554,0.9921500692706173,3,60,,Voxtral_EN,You may imagine how I gape.,You may imagine how I great Pivotal.
00667_0016_sad_0016_001089,0016,sad,happy,neutral,happy,neutral,happy,happy,happy,True,True,True,True,True,0.0,1.0000001192092896,True,0.008000001311302185,0.4644424021244049,27.528787620356244,1.028894305229187,0.018981199711561203,0.22584305703639984,0.021158818155527115,0.021239841870106756,0.981551846856288,3,60,,Voxtral_EN,Our thanks to God's oath.,Our thanks to God's oath.
00668_0016_sad_0016_001165,0016,sad,happy,neutral,neutral,neutral,happy,happy,happy,True,True,True,True,True,0.6666666666666666,0.5166820883750916,False,0.008000001311302185,0.8013192415237427,19.387626943186905,1.8587846755981445,0.06481552124023438,1.9388532638549805,0.03453285992145538,0.0842043992073834,0.9651301616098287,5,60,,Voxtral_EN,"He might call it, for example.",You might call it a hacker example.
00669_0016_sad_0016_001303,0016,sad,happy,neutral,neutral,neutral,happy,happy,happy,True,True,True,True,True,0.5,0.4573090076446533,False,0.008000001311302185,0.6071898341178894,21.219240840287775,1.805011510848999,0.030906377360224724,1.378296971321106,0.02502833679318428,0.044689597356803716,0.9828774624569082,4,60,,Voxtral_EN,I have a soothsayer.,I have a sweet saree.
00670_0016_sad_0016_001323,0016,sad,happy,neutral,neutral,neutral,happy,happy,happy,True,True,True,True,True,0.0,1.0,True,0.008000001311302185,0.6974093914031982,24.399065857081297,2.1306653022766113,0.031029630452394485,0.26575425267219543,0.01877078041434288,0.03368736068692058,0.9854366472203591,4,60,,Voxtral_EN,I just as soon swim your way as others do.,I just as soon swim your way as others do.
00671_0016_sad_0016_001288,0016,sad,happy,neutral,neutral,neutral,happy,happy,happy,True,True,True,True,True,1.0,0.8770747184753418,True,0.008000016212463379,0.7382159233093262,25.081822132476713,3.3458304405212402,0.01944143697619438,0.5471190214157104,0.03217058256268501,0.024912948896177112,0.9941893537877055,6,60,,Voxtral_EN,Today isn't any other day.,"Today, there isn't any other day. Look at it."
00672_0016_sad_0016_001109,0016,sad,happy,neutral,neutral,happy,happy,happy,happy,True,True,True,True,True,0.6666666666666666,0.5027696490287781,False,0.008000001311302185,0.6856029033660889,24.073066518877518,1.2689694166183472,0.013798806816339493,1.865732192993164,0.020288869738578796,0.03245633163496851,0.9891259736951646,4,60,,Voxtral_EN,043 A silver shilling is journey.,"043, a silver showing is joy."
00673_0016_sad_0016_001058,0016,sad,happy,neutral,neutral,neutral,happy,happy,happy,True,True,True,True,True,0.4,0.7428004145622253,False,0.008000001311302185,0.797557532787323,11.651880538546724,2.22074294090271,0.018986348062753677,1.3792632818222046,0.03383707255125046,0.03277931925170124,0.9914504521378616,16,60,,Voxtral_EN,That was his chief thought.,Gladfully to his chief thought.
00674_0016_sad_0016_001131,0016,sad,happy,neutral,neutral,happy,happy,happy,happy,True,True,True,True,True,0.25,0.9241427183151245,True,0.008000001311302185,0.742964506149292,22.883128364088954,1.5217511653900146,0.025715891271829605,0.28242114186286926,0.030754342675209045,0.028540410233885052,0.9831011193835762,6,60,,Voxtral_EN,"And I never had a whooping cough, why?",And I never had a whooping cough while.
00675_0016_surprise_0016_001606,0016,surprise,happy,neutral,neutral,neutral,happy,happy,happy,True,True,True,True,True,0.16666666666666666,0.902667760848999,True,0.008000001311302185,0.7508758306503296,22.423405707766246,3.1986961364746094,0.02454211562871933,0.8669207692146301,0.04215942323207855,0.03321174491509796,0.9923274626342695,6,60,,Voxtral_EN,Still you owe it a duty?,Do you owe it a duty?
00676_0016_surprise_0016_001556,0016,surprise,happy,neutral,neutral,neutral,happy,happy,happy,True,True,True,True,True,0.0,1.0,True,0.008000001311302185,0.7090222835540771,19.51594524799826,2.8734679222106934,0.02437712624669075,0.3032686710357666,0.04101705178618431,0.027410223127566278,0.991516478726536,10,60,,Voxtral_EN,The eye could not catch them.,The eye could not catch them.
00677_0016_surprise_0016_001421,0016,surprise,happy,surprise,neutral,surprise,happy,happy,happy,True,True,True,True,True,0.6666666666666666,0.7390816807746887,False,0.008000001311302185,0.5191532373428345,29.68554500998148,2.1519196033477783,0.020342424511909485,0.6020469069480896,0.023586079478263855,0.026363129442185166,0.9905468473449183,4,60,,Voxtral_EN,As Rich's son-in-law?,As Richest Peter's son-in-law?
00678_0016_surprise_0016_001542,0016,surprise,happy,neutral,neutral,neutral,happy,happy,happy,True,True,True,True,True,0.2,0.9570078253746033,True,0.008000001311302185,0.46742671728134155,30.053751123388295,1.5624394416809082,0.014311688020825386,0.6178470849990845,0.024254821240901947,0.020490401419028643,0.9908401646559636,3,60,,Voxtral_EN,Wake now my merry tads.,Wake now my merry tats.
00679_0016_surprise_0016_001746,0016,surprise,happy,neutral,neutral,neutral,happy,happy,happy,True,True,True,True,True,0.3333333333333333,0.9939573407173157,True,0.008000001311302185,0.582915723323822,22.376734076379655,1.0965863466262817,0.0857464075088501,0.37926605343818665,0.02894061617553234,0.08953935744939372,0.9218060595295077,5,60,,Voxtral_EN,I am going to Back Home.,I am going to back home.
00680_0016_surprise_0016_001504,0016,surprise,happy,neutral,neutral,surprise,neutral,happy,happy,False,False,True,True,False,0.5,0.482712984085083,False,0.008000001311302185,0.7166686058044434,23.09712812241414,2.1949663162231445,0.18062469363212585,0.9319933652877808,0.02943645976483822,0.1899449216496013,0.9177095829229285,10,60,,Voxtral_EN,Here am I whom you seek?,"Here am I, home, you see."
00681_0016_surprise_0016_001650,0016,surprise,happy,neutral,neutral,neutral,happy,happy,happy,True,True,True,True,True,0.0,1.0,True,0.008000001311302185,0.6518781185150146,22.42476523273156,3.753340244293213,0.034134186804294586,0.2944810688495636,0.036567509174346924,0.03707936316788196,0.9909056508116486,4,60,,Voxtral_EN,Her kind and firm glance.,Her kind and firm glance.
00682_0016_surprise_0016_001663,0016,surprise,happy,sad,sad,neutral,happy,happy,happy,True,True,True,True,True,0.8,0.6692458391189575,False,0.008000001311302185,0.5763461589813232,25.525519000717587,3.3140463829040527,0.05685822665691376,0.6312065124511719,0.02639821544289589,0.0631705557635799,0.9828432616543256,5,60,,Voxtral_EN,She said in subdued voice.,"If she said in subjunctive voice,"
00683_0016_surprise_0016_001621,0016,surprise,happy,sad,neutral,neutral,happy,happy,happy,True,True,True,True,True,0.8,0.5975201725959778,False,0.008000001311302185,0.8198058009147644,17.721840448781677,3.959164619445801,0.017012102529406548,0.9465376138687134,0.04138633608818054,0.026477892531454564,0.9957031080632894,6,60,,Voxtral_EN,I am a selfish sinner.,"Hi, I'm the selfish zinzer."
00684_0016_surprise_0016_001675,0016,surprise,happy,neutral,neutral,neutral,happy,happy,happy,True,True,True,True,True,0.375,0.8535157442092896,True,0.008000001311302185,0.7038609981536865,23.71595415058443,3.8323140144348145,0.055909737944602966,0.3574104309082031,0.037000227719545364,0.0594842122559622,0.9854109716129699,8,60,,Voxtral_EN,You shouldn't have pricked him with your horn.,He shouldn't have to prank him with your horn.
00685_0016_surprise_0016_001414,0016,surprise,happy,sad,sad,neutral,neutral,happy,happy,False,False,True,True,False,0.3333333333333333,0.8495317101478577,True,0.008000001311302185,0.6835440397262573,25.430098090070068,3.273639678955078,0.253942608833313,0.3721117675304413,0.027776841074228287,0.2576640042770281,0.9224280514236772,10,60,,Voxtral_EN,"Annie, please, please don't hurt me.","Annie, please sleeves don't hurt me."
00686_0016_surprise_0016_001443,0016,surprise,happy,neutral,neutral,neutral,happy,happy,happy,True,True,True,True,True,0.4166666666666667,0.8969639539718628,True,0.008000001311302185,0.6442736983299255,28.355866503617516,1.9813637733459473,0.2545510530471802,0.5566380620002747,0.023424049839377403,0.2601176679076813,0.8715273507714753,10,60,,Voxtral_EN,"[ 0m0s110ms - 0m29s10ms ] Story 29, a boy and a monkey.","Story 29, a boy and a monkey."
00687_0016_surprise_0016_001494,0016,surprise,happy,neutral,neutral,neutral,surprise,happy,happy,False,False,True,True,False,0.125,0.967999279499054,True,0.008000001311302185,0.7258114814758301,24.157979679947708,3.6043663024902344,0.26180940866470337,0.3320077359676361,0.031437039375305176,0.2651298003947735,0.9273632625840995,14,60,,Voxtral_EN,They found a cow grazing in a field.,They've found a cow grazing in a field.
00688_0016_surprise_0016_001410,0016,surprise,happy,neutral,neutral,neutral,happy,happy,happy,True,True,True,True,True,1.0,0.21646742522716522,False,0.008000001311302185,0.6389302611351013,23.307003060639417,3.809720516204834,0.01726708747446537,1.8829158544540405,0.03647206351161003,0.03609661073964089,0.9954676235694931,6,60,,Voxtral_EN,A nauseous draft.,Anasha Strax
00689_0016_surprise_0016_001601,0016,surprise,happy,neutral,neutral,neutral,happy,happy,happy,True,True,True,True,True,0.0,1.0,True,0.008000001311302185,0.5521460175514221,28.694307410003788,2.6124987602233887,0.05790577828884125,0.22081585228443146,0.025615926831960678,0.06011419297095388,0.9778350982704811,7,60,,Voxtral_EN,A lady is on Alice's lap.,A lady is on Alice's lap.
00690_0016_surprise_0016_001411,0016,surprise,happy,neutral,happy,neutral,happy,happy,happy,True,True,True,True,True,0.0,1.0000001192092896,True,0.008000001311302185,0.48827168345451355,28.307890421670802,0.9969431161880493,0.011985077522695065,0.2704634666442871,0.020027872174978256,0.014689912467859684,0.9879781731494153,0,60,,Voxtral_EN,Chapter 10: A Warm Welcome,Chapter 10: A Warm Welcome
00691_0016_surprise_0016_001460,0016,surprise,happy,neutral,neutral,surprise,happy,happy,happy,True,True,True,True,True,0.16666666666666666,0.9431800842285156,True,0.008000001311302185,0.6495037078857422,25.642341830360778,3.462071418762207,0.02471865341067314,0.6090892553329468,0.033367007970809937,0.030809879634082316,0.9928601549706012,6,60,,Voxtral_EN,That I am a born nurse.,And I am a born nurse.
00692_0016_surprise_0016_001624,0016,surprise,happy,neutral,neutral,neutral,happy,happy,happy,True,True,True,True,True,0.16666666666666666,0.976660430431366,True,0.008000001311302185,0.7181441187858582,18.301194372352516,2.5524024963378906,0.021510310471057892,1.1172558069229126,0.03575555980205536,0.03268322609588504,0.991572524121129,5,60,,Voxtral_EN,Do you know the lid opens?,Do you know how the lid opens?
00693_0016_surprise_0016_001611,0016,surprise,happy,surprise,neutral,surprise,happy,happy,happy,True,True,True,True,True,0.375,0.9144328832626343,True,0.008000001311302185,0.6074708104133606,26.573816744878567,2.678032636642456,0.021969016641378403,0.7395908832550049,0.02629154548048973,0.02936518838938326,0.9917965836783372,3,60,,Voxtral_EN,From each cake there's springing a huge dog.,"From each cake, there sprang a huge dog."
00694_0016_surprise_0016_001565,0016,surprise,happy,neutral,neutral,neutral,happy,happy,happy,True,True,True,True,True,0.0,0.9999999403953552,True,0.008000001311302185,0.6538146734237671,23.281283737757718,2.8027191162109375,0.022020641714334488,0.42402756214141846,0.02326597087085247,0.02626114999545738,0.9921431150246319,5,60,,Voxtral_EN,They were going fast with a light clip.,They were going fast with a light clip.
00695_0016_surprise_0016_001595,0016,surprise,happy,neutral,neutral,neutral,happy,happy,happy,True,True,True,True,True,0.8571428571428571,0.44399964809417725,False,0.008000001311302185,0.6668115854263306,25.025047260840513,2.606710910797119,0.09760026633739471,2.3010175228118896,0.02987316995859146,0.12061074029721319,0.9625580781002105,5,60,,Voxtral_EN,A boat put out on the bay.,On the beach.
00696_0016_surprise_0016_001463,0016,surprise,happy,neutral,neutral,neutral,happy,happy,happy,True,True,True,True,True,1.0,0.8690954446792603,True,0.008000001311302185,0.6197501420974731,25.627554771611145,2.525176763534546,0.18424829840660095,1.1847139596939087,0.028658872470259666,0.19609572459226474,0.9270354847758442,8,60,,Voxtral_EN,Asteroid 325,Asteroid 320 Pits.
00697_0016_surprise_0016_001683,0016,surprise,happy,surprise,neutral,surprise,neutral,happy,happy,False,False,True,True,False,0.5714285714285714,0.8626654148101807,True,0.008000001311302185,0.585244357585907,25.282174300595216,2.7797393798828125,0.3703993558883667,0.2527979612350464,0.03214962035417557,0.3729276569969207,0.8667503297003398,11,60,,Voxtral_EN,That had been named Tom and Jerry.,Tom and Jerry.
00698_0016_surprise_0016_001552,0016,surprise,happy,neutral,neutral,neutral,happy,happy,happy,True,True,True,True,True,0.0,1.0,True,0.008000001311302185,0.7789371013641357,17.311232972851403,2.59798526763916,0.08034180849790573,0.17026790976524353,0.04051223397254944,0.0820448927178979,0.9690753409964815,5,60,,Voxtral_EN,Guilty for what do you rule?,Guilty for what do you rule?
00699_0016_surprise_0016_001748,0016,surprise,happy,neutral,neutral,neutral,happy,happy,happy,True,True,True,True,True,0.0,1.0,True,0.008000001311302185,0.7603195905685425,21.98209625010385,2.5075478553771973,0.0241407360881567,0.07214414328336716,0.03493894264101982,0.024862526910416783,0.9903727715359891,7,60,,Voxtral_EN,"Dear customer, welcome to our ship.","Dear customer, welcome to our ship."
00000_0017_angry_0017_000506,0017,angry,happy,neutral,neutral,neutral,happy,happy,happy,True,True,True,True,True,1.0,0.11045283079147339,False,0.008000001311302185,1.0004310607910156,10.419989920754361,3.0148868560791016,0.02462982013821602,4.70076847076416,0.055594127625226974,0.07163806078713388,0.9918305988536341,4,60,,Voxtral_EN,The eye could not catch them.,I smacked pizza.
00001_0017_angry_0017_000560,0017,angry,happy,neutral,neutral,neutral,happy,happy,happy,True,True,True,True,True,1.75,0.18653909862041473,False,0.008000001311302185,0.8939419388771057,11.150533583412006,4.300544261932373,0.024763885885477066,2.1712357997894287,0.03983791917562485,0.0464766422625631,0.994241685615311,5,60,,Voxtral_EN,It weighs 7.5 kilogram.,"Baby's 7, King 5, baby's gonna grand."
00002_0017_angry_0017_000511,0017,angry,happy,neutral,neutral,happy,happy,happy,happy,True,True,True,True,True,0.8,0.35711127519607544,False,0.008000001311302185,0.9852244853973389,7.643088883780759,1.7957267761230469,0.03706789016723633,2.924672842025757,0.04231289029121399,0.06631504171639681,0.9793577226446077,2,60,,Voxtral_EN,That's a full grown cult.,I got the full grown hope.
00003_0017_angry_0017_000520,0017,angry,happy,neutral,happy,happy,happy,happy,happy,True,True,True,True,True,0.6666666666666666,0.43477863073349,False,0.008000001311302185,1.020228385925293,5.970865294711292,1.3391764163970947,0.018517829477787018,1.8282533884048462,0.04303465783596039,0.03680079370841384,0.9861722255178245,3,60,,Voxtral_EN,"But if you hadn't done them,",But it's beauty if I hadn't done Mary.
00004_0017_angry_0017_000399,0017,angry,happy,surprise,happy,surprise,happy,happy,happy,True,True,True,True,True,0.2,0.9055825471878052,True,0.008000001311302185,0.8675205707550049,19.717312919057512,1.139664649963379,0.01688881404697895,0.4429875910282135,0.03877711296081543,0.021319077728390694,0.985180891547771,2,60,,Voxtral_EN,"Then, we all say, ""Aha!""","Then, we all say, ""Sah-ah!"""
00005_0017_angry_0017_000368,0017,angry,happy,sad,sad,sad,happy,happy,happy,True,True,True,True,True,1.1666666666666667,0.14392328262329102,False,0.008000001311302185,0.8550402522087097,16.397201498703964,4.668057918548584,0.032029833644628525,1.776539921760559,0.04064324498176575,0.04979563929468393,0.99313850980354,14,60,,Voxtral_EN,"Then sadly, it is much farther.","I always want you all to go,"
00006_0017_angry_0017_000658,0017,angry,happy,neutral,neutral,neutral,happy,happy,happy,True,True,True,True,True,0.45454545454545453,0.6464202404022217,False,0.008000001311302185,1.4019795656204224,4.102471043616873,4.2699408531188965,0.02135726809501648,2.6289827823638916,0.03911922872066498,0.047647487110942605,0.9949982285868394,3,60,,Voxtral_EN,Perhaps you think that is a queer title for this chapter.,This looks hot. I think that is a cool title for this chapter.
00007_0017_angry_0017_000513,0017,angry,happy,neutral,neutral,neutral,happy,happy,happy,True,True,True,True,True,0.8888888888888888,0.4448518753051758,False,0.008000001311302185,1.0282927751541138,7.970994828082255,1.745723009109497,0.015643801540136337,2.3186848163604736,0.03464442491531372,0.03883099614799023,0.9910387836681397,6,60,,Voxtral_EN,How they went to the mountains to eat nuts.,"How they went to the mountains, we go there, we love to go there."
00008_0017_angry_0017_000512,0017,angry,happy,neutral,neutral,neutral,happy,happy,happy,True,True,True,True,True,1.0,0.44017085433006287,False,0.008000001311302185,1.099266529083252,10.785582415147466,2.8816261291503906,0.0302536990493536,3.9686849117279053,0.05121723935008049,0.06994106033902614,0.9895011713201416,4,60,,Voxtral_EN,I lent George three pounds.,"I went to George, we bounced."
00009_0017_angry_0017_000532,0017,angry,happy,neutral,neutral,neutral,happy,happy,happy,True,True,True,True,True,1.5714285714285714,0.2945557236671448,False,0.008000001311302185,1.0192984342575073,9.025474269440487,1.8043521642684937,0.026933252811431885,4.81701135635376,0.0480191707611084,0.07510384656667708,0.9850731728845455,3,60,,Voxtral_EN,Age forty-five if a day a lie.,"This game is totally five. I feel like a good day, Elide."
00010_0017_angry_0017_000679,0017,angry,happy,happy,happy,happy,happy,happy,happy,True,True,True,True,True,0.3,0.9865365028381348,True,0.008000001311302185,1.0187304019927979,6.799179437940474,0.0833444893360138,0.014348313212394714,0.1170128881931305,0.04055368900299072,0.015518847631216049,0.8278432884200936,0,60,,Voxtral_EN,And his heart wagged with joy like a lamb's tail.,and his heart wagged with joy like a lamb's.
00011_0017_angry_0017_000630,0017,angry,happy,neutral,neutral,neutral,happy,happy,happy,True,True,True,True,True,1.2,0.0822257325053215,False,0.008000001311302185,1.026863694190979,5.532173819194901,2.295132637023926,0.034960463643074036,5.984430313110352,0.05926590785384178,0.09480535943325609,0.9847675628505693,4,60,,Voxtral_EN,Your path now goes south.,"""Roughly translated: My friend Zhou smiled."""
00012_0017_angry_0017_000576,0017,angry,happy,neutral,neutral,neutral,happy,happy,happy,True,True,True,True,True,1.0,0.6362789273262024,False,0.008000001311302185,1.2161504030227661,4.215755451309049,2.03255558013916,0.017934685572981834,1.5880091190338135,0.04038720205426216,0.03381518063534051,0.9911762877491626,6,60,,Voxtral_EN,"And the next day, Nurse will be released.","And the next day, that we have nursed, that you'll be your loose."
00013_0017_angry_0017_000672,0017,angry,happy,neutral,happy,happy,happy,happy,happy,True,True,True,True,True,0.25,0.4346889853477478,False,0.008000001311302185,0.8585463166236877,5.596348901657297,1.0464507341384888,0.017341844737529755,1.5040240287780762,0.043194010853767395,0.03238251696541905,0.9834279396327179,6,60,,Voxtral_EN,A special pot too.,A special hop too.
00014_0017_angry_0017_000594,0017,angry,happy,neutral,neutral,neutral,happy,happy,happy,True,True,True,True,True,0.4,0.6107209920883179,False,0.008000001311302185,0.8738531470298767,10.600943072618492,2.4056406021118164,0.023838263005018234,1.2820948362350464,0.04618849977850914,0.036659673252366486,0.990090679803088,3,60,,Voxtral_EN,Off for the prison ship.,"Aww, for the prison chick."
00015_0017_angry_0017_000395,0017,angry,happy,neutral,neutral,neutral,happy,happy,happy,True,True,True,True,True,0.375,0.22205498814582825,False,0.008000001311302185,1.021714210510254,13.927510056765929,3.7441396713256836,0.01304897852241993,1.3605244159698486,0.03949625417590141,0.026654617644660174,0.9965148259232007,11,60,,Voxtral_EN,The nastiest things they saw were the cobwebs.,The nicest things we saw were the cobblestones.
00016_0017_angry_0017_000681,0017,angry,happy,neutral,neutral,neutral,happy,happy,happy,True,True,True,True,True,1.0,0.4192960262298584,False,0.008000001311302185,1.1397254467010498,3.732926281242046,3.443148374557495,0.014513462781906128,3.8760159015655518,0.042216550558805466,0.05327404396306724,0.9957848279530587,6,60,,Voxtral_EN,She'll be feverish after so much thinking.,"She was so excited. Go, my Coburn."
00017_0017_angry_0017_000534,0017,angry,happy,neutral,neutral,neutral,happy,happy,happy,True,True,True,True,True,0.5,0.7545461654663086,False,0.008000001311302185,1.2647783756256104,1.5424465002922862,1.2886143922805786,0.014853186905384064,0.7399194240570068,0.051520586013793945,0.02225289635181427,0.9884735208652318,3,60,,Voxtral_EN,"We have been fine, haven't we?","We've been fun, haven't we?"
00018_0017_angry_0017_000463,0017,angry,happy,neutral,neutral,neutral,happy,happy,happy,True,True,True,True,True,1.3333333333333333,0.25993597507476807,False,0.008000001311302185,1.230339765548706,6.308957352830844,3.2194643020629883,0.01651271991431713,3.4974443912506104,0.047226276248693466,0.051487636089585724,0.9948709728187587,4,60,,Voxtral_EN,Mr Lawson saw George last night.,"Mr. Law said he saw Joanne, she laughed nice."
00019_0017_angry_0017_000651,0017,angry,happy,neutral,neutral,neutral,happy,happy,happy,True,True,True,True,True,0.3333333333333333,0.559643030166626,False,0.008000001311302185,1.0375447273254395,4.981953600901628,1.9739775657653809,0.010742809623479843,1.4680317640304565,0.04528602212667465,0.025423580124005675,0.9945577853518743,5,60,,Voxtral_EN,I'm sure your friends can wait.,I'm sure your friends dingle up.
00020_0017_angry_0017_000390,0017,angry,happy,sad,sad,neutral,happy,happy,happy,True,True,True,True,True,0.0,1.0,True,0.008000001311302185,0.6930990219116211,22.114219143517744,1.669384241104126,0.016094587743282318,0.27592533826828003,0.021932881325483322,0.018854060454778374,0.9903589674881336,8,60,,Voxtral_EN,In which Fox loses a tail and its elder sister finds one.,In which Fox loses a tail and its elder sister finds one.
00021_0017_angry_0017_000483,0017,angry,happy,neutral,neutral,neutral,happy,happy,happy,True,True,True,True,True,0.42857142857142855,0.8598799705505371,True,0.008000001311302185,1.1212501525878906,6.086799762275776,1.4053199291229248,0.03905712068080902,1.876336693763733,0.049535032361745834,0.057820982968769974,0.9722076661182874,3,60,,Voxtral_EN,I smell the breath of an English.,"Nice smells, the grasp of an English."
00022_0017_angry_0017_000450,0017,angry,happy,neutral,neutral,neutral,happy,happy,happy,True,True,True,True,True,1.0,0.30273839831352234,False,0.008000001311302185,1.2597864866256714,3.7467498729531163,3.593879461288452,0.015480337664484978,2.460588216781616,0.05152998864650726,0.0400867351321876,0.9956925829507551,6,60,,Voxtral_EN,"Well, anyhow, it didn't rain, he said.","Anyhow, you did great, my sweet kid."
00023_0017_angry_0017_000371,0017,angry,happy,neutral,happy,surprise,happy,happy,happy,True,True,True,True,True,0.6,0.8165411949157715,True,0.008000001311302185,0.7905483245849609,16.708486575180704,1.4838287830352783,0.036948107182979584,1.7401220798492432,0.029473379254341125,0.05434962271526456,0.9750994807450766,7,60,,Voxtral_EN,As rich as Peter's son-in-law.,As rich as Peter's fun and lofts.
00024_0017_angry_0017_000477,0017,angry,happy,neutral,happy,happy,happy,happy,happy,True,True,True,True,True,0.7142857142857143,0.6737267971038818,False,0.008000001311302185,0.9123919606208801,9.395451365889526,0.8366214036941528,0.05201571807265282,2.591517686843872,0.045682258903980255,0.07793135176368057,0.9378264554994956,0,60,,Voxtral_EN,Because I know I had some honey.,I know. I had some tiny bees fun.
00025_0017_neutral_0017_000108,0017,neutral,happy,neutral,neutral,neutral,happy,happy,happy,True,True,True,True,True,0.0,0.9999998807907104,True,0.008000001311302185,0.7294908761978149,22.661771085033962,1.9799957275390625,0.041603829711675644,0.18701128661632538,0.03480905294418335,0.04347429066836834,0.9789879194520359,11,60,,Voxtral_EN,The squire himself showed perfect.,The squire himself showed perfect.
00026_0017_neutral_0017_000237,0017,neutral,happy,neutral,neutral,neutral,happy,happy,happy,True,True,True,True,True,1.3333333333333333,0.30389007925987244,False,0.008000001311302185,0.7603936195373535,16.567362711011203,1.7774051427841187,0.13035307824611664,1.7915757894515991,0.03576995059847832,0.14826919384013862,0.9266610211097217,8,60,,Voxtral_EN,They would go to the beach.,What would they do at the end of the year?
00027_0017_neutral_0017_000044,0017,neutral,happy,neutral,neutral,neutral,happy,happy,happy,True,True,True,True,True,0.0,1.0,True,0.008000001311302185,0.774380624294281,19.062715054951205,2.3283185958862305,0.11416187137365341,0.09927496314048767,0.03298554942011833,0.11515495086055248,0.950968105664165,4,60,,Voxtral_EN,"Take courage, all isn't lost yet.","Take courage, all isn't lost yet."
00028_0017_neutral_0017_000290,0017,neutral,happy,neutral,neutral,happy,happy,happy,happy,True,True,True,True,True,0.0,1.0000001192092896,True,0.008000001311302185,0.677263617515564,17.94100037276974,1.8199820518493652,0.020918315276503563,0.3092731535434723,0.02960680052638054,0.02401134287994355,0.9885063068312968,5,60,,Voxtral_EN,There goes the shawl again.,There goes the shawl again.
00029_0017_neutral_0017_000321,0017,neutral,happy,neutral,neutral,neutral,happy,happy,happy,True,True,True,True,True,0.5,0.6817959547042847,False,0.008000001311302185,0.7429935932159424,16.166177379069158,1.5784558057785034,0.03384611755609512,1.7256662845611572,0.040900953114032745,0.051103189411237836,0.9785574499886602,7,60,,Voxtral_EN,Called out the cloud.,Pulled out the clouds.
00030_0017_neutral_0017_000247,0017,neutral,happy,neutral,neutral,neutral,happy,happy,happy,True,True,True,True,True,0.5,0.5038870573043823,False,0.008000001311302185,0.8904678821563721,14.994538166979304,1.8239587545394897,0.03304104506969452,0.7334270477294922,0.03886937350034714,0.040375704240724446,0.98188498232898,5,60,,Voxtral_EN,She and I are running a neck and neck race.,She and I are running and napping in their reefs.
00031_0017_neutral_0017_000040,0017,neutral,happy,sad,sad,neutral,neutral,happy,happy,False,False,True,True,False,0.0,1.0,True,0.008000001311302185,0.7682002782821655,19.632268193044343,2.087613582611084,0.2962602376937866,0.10051412880420685,0.02872314676642418,0.29726566621329636,0.8580866496742952,10,60,,Voxtral_EN,In which Fox loses a tail and its elder sister finds one.,In which Fox loses a tail and its elder sister finds one.
00032_0017_neutral_0017_000051,0017,neutral,happy,neutral,neutral,neutral,neutral,happy,happy,False,False,True,True,False,1.25,0.10290376096963882,False,0.008000001311302185,0.8253709077835083,17.374015368239277,1.8577024936676025,0.44669434428215027,3.520641803741455,0.03751538321375847,0.4819011374733969,0.7595447356049698,4,60,,Voxtral_EN,"""Where's the nearest bar?""",Said be American to Chinese.
00033_0017_neutral_0017_000283,0017,neutral,happy,neutral,neutral,neutral,happy,happy,happy,True,True,True,True,True,0.2857142857142857,0.9110285043716431,True,0.008000001311302185,0.863437294960022,17.23109151858918,1.6970853805541992,0.04792073369026184,1.0035927295684814,0.03860294073820114,0.05795704701535404,0.9717629211592095,6,60,,Voxtral_EN,They had been named Tom and Jerry.,We have been named Tom and Jerry.
00034_0017_neutral_0017_000322,0017,neutral,happy,neutral,neutral,neutral,happy,happy,happy,True,True,True,True,True,0.25,0.5047454833984375,False,0.008000001311302185,0.7179316282272339,13.727956802628668,1.495826244354248,0.03199642896652222,1.1858021020889282,0.037989575415849686,0.043854829883165664,0.978609528287602,3,60,,Voxtral_EN,A special pot too.,A special pop too.
00035_0017_neutral_0017_000297,0017,neutral,happy,neutral,neutral,neutral,happy,happy,happy,True,True,True,True,True,0.4444444444444444,0.9339889287948608,True,0.008000001311302185,0.8494380116462708,16.198335814538037,2.6614291667938232,0.012623796239495277,0.6131038665771484,0.033878691494464874,0.018755173692181708,0.9952567603913717,5,60,,Voxtral_EN,How Tom and Jerry went to visit Mr. Sam.,That's how Tom and Jerry went to his at Mr. Sam.
00036_0017_neutral_0017_000117,0017,neutral,happy,sad,neutral,neutral,happy,happy,happy,True,True,True,True,True,0.2,0.561247706413269,False,0.008000001311302185,0.7060209512710571,16.211951335400236,2.1258909702301025,0.04679030179977417,0.24529097974300385,0.04010564833879471,0.049243612653687596,0.9779902626922068,11,60,,Voxtral_EN,They were children of mine.,They were children of mime.
00037_0017_neutral_0017_000168,0017,neutral,happy,neutral,neutral,neutral,happy,happy,happy,True,True,True,True,True,0.875,0.1629224568605423,False,0.008000001311302185,0.793695330619812,16.00656723524688,2.792508602142334,0.02914256416261196,1.464915156364441,0.0364590659737587,0.04379208031691611,0.9895640199137598,9,60,,Voxtral_EN,"I said you looked like an egg, sir.","I saggy love Blake and Agy, sirs."
00038_0017_neutral_0017_000200,0017,neutral,happy,neutral,neutral,neutral,happy,happy,happy,True,True,True,True,True,0.5714285714285714,0.4521394968032837,False,0.008000001311302185,1.0145888328552246,15.630930262792027,4.712708473205566,0.03655155003070831,2.358736753463745,0.04078489542007446,0.06013932541429996,0.9922440460218312,6,60,,Voxtral_EN,The cloth does not look worth much.,If floss does not look worth them up.
00039_0017_neutral_0017_000052,0017,neutral,happy,sad,neutral,neutral,sad,happy,happy,False,False,True,True,False,0.0,1.0,True,0.008000001311302185,0.6924821138381958,19.58074797944525,1.587258219718933,0.5334967374801636,0.2193114012479782,0.02628614567220211,0.5356901143541001,0.6638878722740944,11,60,,Voxtral_EN,From August 18th of their divorce.,From August 18th of their divorce.
00040_0017_neutral_0017_000338,0017,neutral,happy,neutral,neutral,neutral,happy,happy,happy,True,True,True,True,True,0.8333333333333334,0.7908880114555359,False,0.008000001311302185,0.9923863410949707,12.495801296142965,4.03596305847168,0.019591357558965683,2.350437641143799,0.05049299821257591,0.043096238900385796,0.9951458035479679,6,60,,Voxtral_EN,Paul's teeth ached because of lemon.,Paul's teeth ace. You'd hug up lemons.
00041_0017_neutral_0017_000346,0017,neutral,happy,neutral,neutral,happy,happy,happy,happy,True,True,True,True,True,0.3333333333333333,0.9939573407173157,True,0.008000001311302185,0.747754693031311,16.03913211118828,1.4394524097442627,0.03638216108083725,0.4408576786518097,0.04046206176280975,0.04079114248797298,0.9747249990103521,2,60,,Voxtral_EN,I am going to back home.,I am going to Back Home.
00042_0017_neutral_0017_000254,0017,neutral,happy,neutral,happy,happy,happy,happy,happy,True,True,True,True,True,0.0,0.9999998807907104,True,0.008000001311302185,0.4984772801399231,16.48445089836858,0.2946002185344696,0.023039374500513077,0.07991079241037369,0.025073625147342682,0.02383873316086829,0.9217944419215787,0,60,,Voxtral_EN,She laughed.,She laughed.
00043_0017_neutral_0017_000196,0017,neutral,happy,neutral,neutral,happy,happy,happy,happy,True,True,True,True,True,0.125,0.9961071014404297,True,0.008000001311302185,0.6042037010192871,22.502839421128034,1.8167842626571655,0.011505159549415112,0.25861331820487976,0.021311817690730095,0.014091505849640817,0.9936672945787256,3,60,,Voxtral_EN,Clear are your eyes and bright your breath.,Clear are your eyes and bright your breaths.
00044_0017_neutral_0017_000064,0017,neutral,happy,sad,neutral,neutral,neutral,happy,happy,False,False,True,True,False,0.2,0.5312995910644531,False,0.008000001311302185,0.7205172777175903,15.89085389401866,2.7474875450134277,0.18681691586971283,0.15931269526481628,0.039877381175756454,0.18841044159617273,0.9320044539569333,6,60,,Voxtral_EN,And we are so thirsty.,And we are so thirsties.
00045_0017_neutral_0017_000315,0017,neutral,happy,neutral,neutral,neutral,happy,happy,happy,True,True,True,True,True,0.0,0.9999999403953552,True,0.008000001311302185,0.8206930756568909,17.58002391706936,1.5933146476745605,0.014095540158450603,0.2571617364883423,0.03445259481668472,0.016667502049282194,0.991153322930268,6,60,,Voxtral_EN,It's to say how do you do with Tom's answer.,It's to say how do you do with Tom's answer.
00046_0017_neutral_0017_000319,0017,neutral,happy,neutral,neutral,neutral,happy,happy,happy,True,True,True,True,True,1.0,0.3727986514568329,False,0.008000001311302185,0.9018610119819641,15.012343869347674,3.8453383445739746,0.06920551508665085,3.750422477722168,0.03372113034129143,0.10671007707517594,0.9820027501131846,6,60,,Voxtral_EN,How could I dig burrows with short toenails?,It's all good eyes in burrows in Fort Tonawanda.
00047_0017_neutral_0017_000165,0017,neutral,happy,neutral,neutral,neutral,happy,happy,happy,True,True,True,True,True,0.375,0.7344788908958435,False,0.008000001311302185,0.9110224843025208,14.736452993101775,2.0937297344207764,0.029539600014686584,0.7749794721603394,0.03225674107670784,0.037289717303700745,0.9858913977630172,9,60,,Voxtral_EN,They were going fast with a light clip.,If they were going fast with a light click.
00048_0017_neutral_0017_000140,0017,neutral,happy,neutral,neutral,neutral,happy,happy,happy,True,True,True,True,True,0.0,1.0,True,0.008000001311302185,0.9938763976097107,11.413759458253923,2.5033929347991943,0.01322384737432003,0.35271716117858887,0.03925886005163193,0.016751411574706436,0.9947176301448735,5,60,,Voxtral_EN,What an impetuous boy he is.,What an impetuous boy he is.
00049_0017_neutral_0017_000066,0017,neutral,happy,neutral,neutral,neutral,happy,happy,happy,True,True,True,True,True,0.0,1.0,True,0.008000001311302185,0.7121832966804504,19.23251970672125,3.3809516429901123,0.06486320495605469,0.054325226694345474,0.030678629875183105,0.0654067640092969,0.9808151042057822,8,60,,Voxtral_EN,Shall we let Barbara in?,Shall we let Barbara in?
00050_0017_sad_0017_001117,0017,sad,happy,neutral,neutral,neutral,happy,happy,happy,True,True,True,True,True,0.4,0.8143551349639893,True,0.008000001311302185,0.9570978283882141,11.05737351060431,4.009631633758545,0.054465293884277344,2.0922298431396484,0.04918324202299118,0.07538808414809406,0.9864163846310184,17,60,,Voxtral_EN,"I suppose no, it doesn't.","I was like, no, it doesn't."
00051_0017_sad_0017_001340,0017,sad,happy,neutral,neutral,happy,happy,happy,happy,True,True,True,True,True,0.2,0.5335916876792908,False,0.008000001311302185,0.7543672919273376,18.091975177028207,2.0874993801116943,0.01472422294318676,0.5479793548583984,0.036579862236976624,0.020204382290393112,0.992946477932655,5,60,,Voxtral_EN,There goes the shawl again.,There goes the show again.
00052_0017_sad_0017_001144,0017,sad,happy,neutral,neutral,neutral,happy,happy,happy,True,True,True,True,True,0.5,0.46852871775627136,False,0.008000001311302185,0.9106374382972717,11.979760383676911,2.8502917289733887,0.010313098318874836,1.1922245025634766,0.047629158943891525,0.022235819636099042,0.9963817393798531,10,60,,Voxtral_EN,They found a cow grazing in a field.,"It found its pal, Threedy, in a field."
00053_0017_sad_0017_001395,0017,sad,happy,neutral,neutral,neutral,happy,happy,happy,True,True,True,True,True,0.2,0.8723042011260986,True,0.008000001311302185,0.8148875832557678,16.48847001989604,3.6355528831481934,0.032916635274887085,1.242870807647705,0.04754897579550743,0.04534581884112209,0.9909459066246938,10,60,,Voxtral_EN,Our worrying noise was heard.,Our wearing noise was heard.
00054_0017_sad_0017_001314,0017,sad,happy,angry,neutral,neutral,happy,happy,happy,True,True,True,True,True,0.3333333333333333,0.6548669338226318,False,0.008000001311302185,0.6944566965103149,23.548059524243957,2.412597179412842,0.019413484260439873,0.34866219758987427,0.03415945544838905,0.022900447830893098,0.991953284026816,15,60,,Voxtral_EN,Slam the doors and wedge them.,Slam the doors and wed then.
00055_0017_sad_0017_001264,0017,sad,happy,neutral,neutral,neutral,happy,happy,happy,True,True,True,True,True,0.8333333333333334,0.5096381902694702,False,0.008000001311302185,0.8288372159004211,15.76512808576677,2.991260051727295,0.009460141882300377,2.8729426860809326,0.039766982197761536,0.03818996641293168,0.9968374057358077,3,60,,Voxtral_EN,"But what about this thing, sticky.",But what about this thing? Let's take bees over.
00056_0017_sad_0017_001257,0017,sad,happy,neutral,neutral,neutral,happy,happy,happy,True,True,True,True,True,0.1111111111111111,0.9758924245834351,True,0.008000001311302185,0.902957022190094,17.035396996975663,2.386824607849121,0.022197511047124863,0.573835015296936,0.038797877728939056,0.027936249178871515,0.9906999823220659,4,60,,Voxtral_EN,"What am I? I'm a racer, son of God.","What am I? I'm a racer, kind of God."
00057_0017_sad_0017_001366,0017,sad,happy,neutral,neutral,neutral,happy,happy,happy,True,True,True,True,True,1.2,0.0010317526757717133,False,0.008000001311302185,0.7797583937644958,16.599709505614058,3.350158452987671,0.030932337045669556,4.3556904792785645,0.04811881110072136,0.07448972302656622,0.9907669032734604,3,60,,Voxtral_EN,A thief in the night.,"Good to you, Jim, and I."
00058_0017_sad_0017_001361,0017,sad,happy,neutral,neutral,neutral,happy,happy,happy,True,True,True,True,True,0.0,0.9999999403953552,True,0.008000001311302185,0.9804259538650513,14.25349210153573,1.552148699760437,0.03610532358288765,0.26090988516807556,0.035785894840955734,0.03871478029351682,0.9767384893029513,1,60,,Voxtral_EN,I am safe. Back again.,I am safe. Back again.
00059_0017_sad_0017_001231,0017,sad,happy,neutral,happy,happy,happy,happy,happy,True,True,True,True,True,0.25,0.8493146896362305,True,0.008000001311302185,0.8212336301803589,13.45470718809656,1.3689038753509521,0.00995042733848095,1.556117057800293,0.03123091161251068,0.025511910225600003,0.9927310985689701,4,60,,Voxtral_EN,"First, issue a reward.","First, it's a reward."
00060_0017_sad_0017_001266,0017,sad,happy,neutral,neutral,neutral,happy,happy,happy,True,True,True,True,True,1.0,-0.05119486153125763,False,0.008000001311302185,0.8958784341812134,15.2033963789816,4.329201698303223,0.08519147336483002,4.209165096282959,0.054165326058864594,0.12728366598092017,0.9803216668333518,18,60,,Voxtral_EN,It isn't picked at all.,"Beauty, we can take it all."
00061_0017_sad_0017_001400,0017,sad,happy,neutral,neutral,neutral,happy,happy,happy,True,True,True,True,True,0.0,1.0000001192092896,True,0.008000001311302185,0.9567075371742249,12.391837472555046,3.0483453273773193,0.03761725127696991,0.32679352164268494,0.05788368731737137,0.040885765330269934,0.9876597802292517,10,60,,Voxtral_EN,Do you have anything in mind?,Do you have anything in mind?
00062_0017_sad_0017_001346,0017,sad,happy,neutral,neutral,neutral,neutral,happy,happy,False,False,True,True,False,0.0,1.0,True,0.008000001311302185,0.859406054019928,19.121644181767596,2.309474468231201,0.2278088927268982,0.2748640775680542,0.03564660996198654,0.23055788996867835,0.9013589906012798,5,60,,Voxtral_EN,You woke me up.,You woke me up.
00063_0017_sad_0017_001248,0017,sad,happy,sad,neutral,neutral,happy,happy,happy,True,True,True,True,True,1.0,0.4883728325366974,False,0.008000001311302185,1.0593713521957397,11.837556296681736,2.7577619552612305,0.02126002311706543,1.9809969663619995,0.03475993499159813,0.04107034038003534,0.9922908418268278,7,60,,Voxtral_EN,I'd shoot myself. A pause.,I just cheated myself. Applause.
00064_0017_sad_0017_001093,0017,sad,happy,neutral,neutral,neutral,happy,happy,happy,True,True,True,True,True,0.42857142857142855,0.5862418413162231,False,0.008000001311302185,0.8896101117134094,14.166545168620369,1.9280109405517578,0.022823935374617577,1.3539255857467651,0.029169118031859398,0.03636348292326555,0.9881619264213896,5,60,,Voxtral_EN,"Story 29, A Boy and a Monkey.","Story 29, Our Boy and Among Bees."
00065_0017_sad_0017_001318,0017,sad,happy,neutral,neutral,neutral,happy,happy,happy,True,True,True,True,True,0.5,0.7375887632369995,False,0.008000001311302185,0.8810104131698608,18.72778780714499,4.113847732543945,0.03424927964806557,1.4824937582015991,0.031288206577301025,0.049074530112147324,0.9916746360403363,8,60,,Voxtral_EN,He showed no signs of age.,"See you showed, no signs of age."
00066_0017_sad_0017_001159,0017,sad,happy,neutral,neutral,neutral,happy,happy,happy,True,True,True,True,True,0.4,0.8591586351394653,True,0.008000001311302185,0.7972911596298218,11.061146494839289,1.8525384664535522,0.022444535046815872,2.459116220474243,0.038775913417339325,0.04703608501069248,0.9878844431825574,4,60,,Voxtral_EN,If they mother knew it.,You say mother knew it.
00067_0017_sad_0017_001061,0017,sad,happy,neutral,happy,happy,happy,happy,happy,True,True,True,True,True,0.2,0.9807500839233398,True,0.008000001311302185,0.7249709367752075,13.941364650691476,0.9141060709953308,0.007796046324074268,0.4742741882801056,0.025400489568710327,0.012539042211771012,0.9914713985920852,0,60,,Voxtral_EN,Chapter 10: A Warm Welcome,Chapter 10 A Warm Welcome
00068_0017_sad_0017_001204,0017,sad,happy,neutral,neutral,neutral,happy,happy,happy,True,True,True,True,True,0.6,0.5806900262832642,False,0.008000001311302185,0.7863418459892273,15.093740691713984,2.8471362590789795,0.02282145246863365,3.0845704078674316,0.03155935928225517,0.05366747214090079,0.9919844185904836,4,60,,Voxtral_EN,He dreamt them all night.,Seems around for them all night.
00069_0017_sad_0017_001302,0017,sad,happy,neutral,neutral,neutral,happy,happy,happy,True,True,True,True,True,0.5,0.4100162386894226,False,0.008000001311302185,0.8112608194351196,19.14540552100746,2.0937790870666504,0.02942976914346218,1.5580852031707764,0.02849634550511837,0.045010906138625,0.9859441861248635,7,60,,Voxtral_EN,I am run off my feet.,I am run all to my sweethearts.
00070_0017_sad_0017_001235,0017,sad,happy,sad,sad,sad,happy,happy,happy,True,True,True,True,True,0.375,0.9036194086074829,True,0.008000001311302185,0.8824784755706787,16.347831955983743,3.7319066524505615,0.02268381230533123,0.8825233578681946,0.040082961320877075,0.031509446713626384,0.9939216560279085,4,60,,Voxtral_EN,The newborn baby is stolen as we go.,The newborn babies stole one as we go.
00071_0017_sad_0017_001277,0017,sad,happy,neutral,neutral,neutral,happy,happy,happy,True,True,True,True,True,0.625,0.4823821187019348,False,0.008000001311302185,0.8285024166107178,16.404978090714774,2.941439390182495,0.03485815227031708,1.8218022584915161,0.03292595595121384,0.05307650411479175,0.9881492875948212,8,60,,Voxtral_EN,"Born once, every 100 years, dies in flames.","Four and once, every 100 years, skies and planes."
00072_0017_sad_0017_001310,0017,sad,happy,neutral,neutral,neutral,sad,happy,happy,False,False,True,True,False,0.1111111111111111,0.8131858110427856,True,0.008000001311302185,0.8763009905815125,18.943311414088072,2.9517438411712646,0.497085303068161,0.39867374300956726,0.03497697040438652,0.5010723902679608,0.8315960564955679,18,60,,Voxtral_EN,"As soon as she went in, there was disorder.","As soon as she went in, fair was disorder."
00073_0017_sad_0017_001227,0017,sad,happy,sad,neutral,neutral,happy,happy,happy,True,True,True,True,True,0.5,0.35091203451156616,False,0.008000001311302185,0.8123243451118469,16.221517235870955,2.6862130165100098,0.21929506957530975,1.8595247268676758,0.037879578769207,0.2378906956397742,0.9183627403234673,10,60,,Voxtral_EN,Tom fell with a cloven head.,A pomfret with a floven head.
00074_0017_sad_0017_001368,0017,sad,happy,neutral,neutral,neutral,happy,happy,happy,True,True,True,True,True,0.125,0.45407089591026306,False,0.008000001311302185,0.7596309781074524,20.787088867875898,1.4048542976379395,0.06432923674583435,0.4740893244743347,0.03127671778202057,0.06907044275775552,0.9542093177534533,5,60,,Voxtral_EN,The name of the song is called Haddocks.,"The name of the song is called ""Hahadix""."
00075_0017_surprise_0017_001451,0017,surprise,happy,neutral,neutral,happy,happy,happy,happy,True,True,True,True,True,0.9512195121951219,0.2062520682811737,False,0.008000001311302185,0.6625537276268005,18.73836539858372,1.5139769315719604,0.017413325607776642,1.2897104024887085,0.029772868379950523,0.030310727361347527,0.9884982886828425,4,60,,Voxtral_EN,"""Said the American to the Chinese, 'I am a man of science. I have a telescope. I will show you the moon.' The Chinese said, 'I am a man of wisdom. I have a telescope. I will show you the moon.'""","Said the American two trengies,"
00076_0017_surprise_0017_001743,0017,surprise,happy,neutral,neutral,happy,happy,happy,happy,True,True,True,True,True,0.0,1.0,True,0.008000001311302185,0.7171493768692017,13.364519608877558,2.227979898452759,0.04810098931193352,0.3581165373325348,0.034501656889915466,0.05168249970182776,0.9784104922376824,6,60,,Voxtral_EN,And what does it mean?,And what does it mean?
00077_0017_surprise_0017_001715,0017,surprise,happy,neutral,neutral,surprise,happy,happy,happy,True,True,True,True,True,0.1,0.9581175446510315,True,0.008000001311302185,0.7055913209915161,18.085106456220473,2.3715765476226807,0.007985305041074753,0.5196481943130493,0.02171485871076584,0.013182004132792354,0.996632912798417,4,60,,Voxtral_EN,It's to say how do you do with Tom's answer?,If to say how do you do with Tom's answer?
00078_0017_surprise_0017_001427,0017,surprise,happy,surprise,neutral,surprise,happy,happy,happy,True,True,True,True,True,6.0,0.25131866335868835,False,0.008000001311302185,0.7484216690063477,19.93305482666515,2.8102853298187256,0.022116204723715782,2.6808667182922363,0.030822550877928734,0.04892518013214693,0.99213026361094,8,60,,Voxtral_EN,Yes.,"Momster made a Jeep style, yes!"
00079_0017_surprise_0017_001718,0017,surprise,happy,neutral,neutral,happy,happy,happy,happy,True,True,True,True,True,0.0,0.9999998807907104,True,0.008000001311302185,0.759039580821991,17.07022665905026,1.349961519241333,0.013941208831965923,0.112945556640625,0.025320928543806076,0.015070917607657611,0.9896728842761379,4,60,,Voxtral_EN,The name of the song is called Haddix.,The name of the song is called Haddix.
00080_0017_surprise_0017_001680,0017,surprise,happy,neutral,neutral,neutral,happy,happy,happy,True,True,True,True,True,0.0,1.000000238418579,True,0.008000001311302185,0.8606070280075073,18.120369650507115,3.4391698837280273,0.03405769169330597,0.06855729222297668,0.04102876037359238,0.034743674903139475,0.9900971185359452,6,60,,Voxtral_EN,Your path now goes south.,Your path now goes south.
00081_0017_surprise_0017_001669,0017,surprise,happy,neutral,neutral,neutral,neutral,happy,happy,False,False,True,True,False,0.5,0.5321640372276306,False,0.008000001311302185,0.7092896103858948,17.791735126510105,2.3396153450012207,0.4736495614051819,2.350309371948242,0.036233507096767426,0.4971530174597353,0.7975523786774724,8,60,,Voxtral_EN,But show me now your map?,Show me now your mask.
00082_0017_surprise_0017_001553,0017,surprise,happy,neutral,neutral,surprise,happy,happy,happy,True,True,True,True,True,0.16666666666666666,0.7990425825119019,False,0.008000001311302185,0.7433727979660034,17.29276477029803,2.9476284980773926,0.026301784440875053,0.6259137392044067,0.035383716225624084,0.03256127567008138,0.9910769676511031,8,60,,Voxtral_EN,But we are not high yet?,But we are not how yet?
00083_0017_surprise_0017_001414,0017,surprise,happy,sad,sad,neutral,happy,happy,happy,True,True,True,True,True,1.0,0.15832071006298065,False,0.008000001311302185,0.9827444553375244,12.941402465125334,3.2873551845550537,0.0259453933686018,2.694002628326416,0.03773468732833862,0.05288579699873924,0.9921075174686019,6,60,,Voxtral_EN,"Annie, please, please don't hurt me.","Hammies, sleeves squeezed on hossy."
00084_0017_surprise_0017_001473,0017,surprise,happy,neutral,neutral,neutral,happy,happy,happy,True,True,True,True,True,0.75,0.19011494517326355,False,0.008000001311302185,0.8366373181343079,15.057501582700965,3.3864810466766357,0.021582361310720444,4.618238925933838,0.033084526658058167,0.0677650814153254,0.9936269062152583,5,60,,Voxtral_EN,How suspicious this fox?,How special is that?
00085_0017_surprise_0017_001503,0017,surprise,happy,neutral,neutral,neutral,happy,happy,happy,True,True,True,True,True,0.375,0.640113115310669,False,0.008000001311302185,0.8099440932273865,20.2834236821058,2.4191486835479736,0.01942017674446106,1.2169454097747803,0.02885287255048752,0.03158991937093437,0.9919723095663641,10,60,,Voxtral_EN,The elephant and the carpenter is the longest.,The elephant and the carpet are the mungus.
00086_0017_surprise_0017_001714,0017,surprise,happy,neutral,neutral,neutral,happy,happy,happy,True,True,True,True,True,0.3333333333333333,0.2912432551383972,False,0.008000001311302185,0.7756087779998779,17.137795545072304,2.5639123916625977,0.01623259112238884,1.191763997077942,0.033898137509822845,0.028150570074543357,0.9936688198960407,4,60,,Voxtral_EN,Bob goes to a new school.,Sob goes to a new stool.
00087_0017_surprise_0017_001665,0017,surprise,happy,surprise,surprise,surprise,happy,happy,happy,True,True,True,True,True,0.2,0.5450283288955688,False,0.008000001311302185,0.6877164840698242,20.537191257186453,3.388314962387085,0.0648442804813385,1.9031327962875366,0.030006585642695427,0.08387590851007029,0.9808623810946857,4,60,,Voxtral_EN,I've just shot a stag?,I've just shot a sack.
00088_0017_surprise_0017_001497,0017,surprise,happy,surprise,neutral,surprise,happy,happy,happy,True,True,True,True,True,0.42857142857142855,0.7769746780395508,False,0.008000001311302185,0.7904274463653564,21.05890147071659,2.9657034873962402,0.013878339901566505,1.8762885332107544,0.039634548127651215,0.032641621579155324,0.9953203885821535,10,60,,Voxtral_EN,Confess that you opened the thirteenth door?,"To celebrate that you opened the thirteenth door,"
00089_0017_surprise_0017_001448,0017,surprise,happy,surprise,neutral,surprise,happy,happy,happy,True,True,True,True,True,0.2857142857142857,0.8096489906311035,True,0.008000001311302185,0.8124893307685852,18.452514320544676,2.9919958114624023,0.07549766451120377,0.44713830947875977,0.04551592096686363,0.07996950276520104,0.9747667880342711,4,60,,Voxtral_EN,You're not a runaway? Who are you?,"You're not a runaway, Sue are you?"
00090_0017_surprise_0017_001512,0017,surprise,happy,surprise,neutral,surprise,happy,happy,happy,True,True,True,True,True,0.6,0.6811002492904663,False,0.008000001311302185,0.7202415466308594,17.194971127965225,3.0085086822509766,0.012167507782578468,1.653425693511963,0.03202160447835922,0.02870208493374288,0.9959556348119046,5,60,,Voxtral_EN,Clown? To call him Joey?,"Hello, let's call him Joey."
00091_0017_surprise_0017_001540,0017,surprise,happy,neutral,neutral,happy,happy,happy,happy,True,True,True,True,True,0.16666666666666666,0.9507192373275757,True,0.008000001311302185,0.95294588804245,17.249118354310657,2.382061243057251,0.02359921857714653,0.6076869368553162,0.04327201470732689,0.029676520665846765,0.990092942133235,3,60,,Voxtral_EN,What an impetuous boy he is!,What an impolite boy he is!
00092_0017_surprise_0017_001695,0017,surprise,happy,neutral,neutral,neutral,happy,happy,happy,True,True,True,True,True,0.16666666666666666,0.8483821153640747,True,0.008000001311302185,0.7602359652519226,21.56373494899597,3.2856671810150146,0.030529847368597984,0.22226987779140472,0.03802064061164856,0.03275292635291815,0.9907081741130072,5,60,,Voxtral_EN,I know how to obey orders?,I know how to obey orders.
00093_0017_surprise_0017_001520,0017,surprise,happy,neutral,neutral,neutral,neutral,happy,happy,False,False,True,True,False,0.5,0.8511068224906921,True,0.008000001311302185,0.894794762134552,18.884319572094416,3.8689751625061035,0.5936651229858398,1.8125613927841187,0.048640429973602295,0.6117912233179807,0.8465575254297324,8,60,,Voxtral_EN,Are King George's laborers?,Park King is George's laborers?
00094_0017_surprise_0017_001723,0017,surprise,happy,neutral,neutral,neutral,neutral,happy,happy,False,False,True,True,False,0.4,0.9512856006622314,True,0.008000001311302185,0.776863694190979,18.440461397883553,3.539292812347412,1.0331987142562866,0.2647043466567993,0.05037076771259308,1.0358462614305317,0.7080776389419375,24,60,,Voxtral_EN,Why did I wake up?,And why did I wake up?
00095_0017_surprise_0017_001642,0017,surprise,happy,sad,sad,neutral,happy,happy,happy,True,True,True,True,True,0.18181818181818182,0.8461693525314331,True,0.008000001311302185,0.747707188129425,21.211468262946447,1.9944647550582886,0.01821066252887249,0.9816246628761292,0.03409748896956444,0.02802725013252348,0.990869398678173,7,60,,Voxtral_EN,Give me your hand or I will cry harder than before.,Give me your hand there I will cry hotter than before.
00096_0017_surprise_0017_001700,0017,surprise,happy,surprise,neutral,surprise,happy,happy,happy,True,True,True,True,True,0.0,1.0,True,0.008000001311302185,0.7529821991920471,17.739239075793733,2.685168743133545,0.012573479674756527,0.23378558456897736,0.03628770262002945,0.0149116983974725,0.9953174340693078,13,60,,Voxtral_EN,Six was halfway down the room.,Six was halfway down the room.
00097_0017_surprise_0017_001491,0017,surprise,happy,surprise,happy,surprise,happy,happy,happy,True,True,True,True,True,0.2857142857142857,0.9696804285049438,True,0.008000001311302185,0.7086515426635742,17.15299301593059,1.8954124450683594,0.024221792817115784,0.8487061858177185,0.03374563157558441,0.03270919213160873,0.9872208326582755,4,60,,Voxtral_EN,We expected Tom would jump for joy.,We expect that Tom would jump for joy.
00098_0017_surprise_0017_001711,0017,surprise,happy,neutral,neutral,surprise,happy,happy,happy,True,True,True,True,True,0.6,0.6283921003341675,False,0.008000001311302185,0.8486931920051575,15.688147242020793,1.8324880599975586,0.027728412300348282,2.7126998901367188,0.046864625066518784,0.05485587984796614,0.9848684349406428,3,60,,Voxtral_EN,I am safe back again?,I am safe back with his men.
00099_0017_surprise_0017_001527,0017,surprise,happy,neutral,happy,neutral,happy,happy,happy,True,True,True,True,True,0.0,1.0,True,0.008000001311302185,0.7177579402923584,18.595913601893322,1.2278780937194824,0.06525859236717224,0.12097713351249695,0.03544598072767258,0.06646871816210449,0.9468525477399053,3,60,,Voxtral_EN,Because I know I had some honey.,Because I know I had some honey.
00700_0018_angry_0018_000685,0018,angry,happy,neutral,neutral,neutral,happy,happy,happy,True,True,True,True,True,0.2,0.9951862692832947,True,0.008000001311302185,0.7469247579574585,20.902128478214692,4.323718070983887,0.021275639533996582,0.4280475974082947,0.03908248990774155,0.025556506332978606,0.9950793184974812,15,60,,Voxtral_EN,But things haven't changed yet.,But the things haven't changed yet.
00701_0018_angry_0018_000365,0018,angry,happy,sad,sad,sad,happy,happy,happy,True,True,True,True,True,0.6,0.36491480469703674,False,0.008000001311302185,0.7026998400688171,24.751594599653185,5.124751091003418,0.07006735354661942,2.4490694999694824,0.033174172043800354,0.09455838028803468,0.9863276572261971,37,60,,Voxtral_EN,Poor Tom now is dead.,Port Tom now is Dev's home.
00702_0018_angry_0018_000538,0018,angry,happy,neutral,happy,happy,happy,happy,happy,True,True,True,True,True,0.0,0.9999998807907104,True,0.008000001311302185,0.6619109511375427,24.819171287543945,1.158001184463501,0.1349877417087555,0.2305201143026352,0.027907168492674828,0.13729322192346677,0.8834303940964491,1,60,,Voxtral_EN,Now quicker the fiddle went.,Now quicker the fiddle went.
00703_0018_angry_0018_000468,0018,angry,happy,surprise,neutral,surprise,happy,happy,happy,True,True,True,True,True,2.25,0.49742844700813293,False,0.008000001311302185,0.6893084049224854,23.242438291451446,2.3410654067993164,0.02190549671649933,2.2604706287384033,0.03150027245283127,0.044510518006607894,0.9906429369068982,10,60,,Voxtral_EN,"Look out, said Alice.","Looked out. Said, ""Alives, I can say the first."""
00704_0018_angry_0018_000363,0018,angry,happy,neutral,happy,happy,happy,happy,happy,True,True,True,True,True,0.3,0.7709577083587646,False,0.00800000037997961,0.43601810932159424,31.490560640701354,1.3853065967559814,0.01706181839108467,0.5548420548439026,0.01234576664865017,0.022610362397190182,0.9876837239994101,3,60,,Voxtral_EN,I have bun-burried all over goat on two separate occasions.,I'd have fun buried all over goat on two separate occasions.
00705_0018_angry_0018_000358,0018,angry,happy,neutral,neutral,happy,happy,happy,happy,True,True,True,True,True,0.4,0.6160416007041931,False,0.008000001311302185,0.6978417038917542,22.61710357667921,1.893264651298523,0.18906792998313904,0.5277763605117798,0.027015212923288345,0.19434596374038607,0.9001365552071845,10,60,,Voxtral_EN,That was his chief thought.,That was the 17th thought.
00706_0018_angry_0018_000681,0018,angry,happy,neutral,neutral,neutral,happy,happy,happy,True,True,True,True,True,0.5714285714285714,0.4425774812698364,False,0.008000001311302185,0.7285993099212646,22.76347667377282,3.2084484100341797,0.029917318373918533,0.9041067361831665,0.026844128966331482,0.03895865417703986,0.9906754559991195,6,60,,Voxtral_EN,She'll be feverish after so much thinking.,"""Shobbeke, feburish after so much thinking."""
00707_0018_angry_0018_000351,0018,angry,happy,neutral,neutral,neutral,happy,happy,happy,True,True,True,True,True,0.5,0.8435437679290771,True,0.00800000037997961,0.5478789806365967,27.63641255437578,1.6413534879684448,0.019209256395697594,0.4647085964679718,0.01592649146914482,0.023856501625292004,0.988296697489903,6,60,,Voxtral_EN,The nine the eggs I keep.,The nine the eggs I keep. I love them.
00708_0018_angry_0018_000670,0018,angry,happy,neutral,neutral,neutral,happy,happy,happy,True,True,True,True,True,0.42857142857142855,0.6210049986839294,False,0.008000001311302185,0.9863173961639404,17.92900168257477,2.5235798358917236,0.021647408604621887,1.79582679271698,0.043425869196653366,0.03960611079048365,0.9914219442172026,8,60,,Voxtral_EN,Goat Billy asked the old Chinese guy.,Go Philly! Ask the old Chinese guy.
00709_0018_angry_0018_000614,0018,angry,happy,neutral,neutral,neutral,happy,happy,happy,True,True,True,True,True,0.16666666666666666,0.792475700378418,False,0.008000001311302185,0.5851024985313416,27.53021692547091,2.2086973190307617,0.027346055954694748,1.3882195949554443,0.025459863245487213,0.041228506502881644,0.9876189210177994,9,60,,Voxtral_EN,Slam the doors and wedge them.,Slam the doors and wedge dances.
00710_0018_angry_0018_000393,0018,angry,happy,neutral,happy,happy,neutral,happy,happy,False,False,True,True,False,0.375,0.9357259273529053,True,0.008000001311302185,0.828790009021759,21.907850230001845,1.8572003841400146,0.35237574577331543,0.5379135608673096,0.03216535225510597,0.35775520303551106,0.8102650910572126,10,60,,Voxtral_EN,"Story twenty nine, a boy and a monkey.",Story 29. A boy and a monkey.
00711_0018_angry_0018_000380,0018,angry,happy,neutral,neutral,neutral,happy,happy,happy,True,True,True,True,True,1.0,0.3719862103462219,False,0.008000001311302185,0.7452245950698853,20.81620106257265,4.095074653625488,0.016457244753837585,2.0776162147521973,0.036231935024261475,0.037233769220709804,0.9959812100765324,11,60,,Voxtral_EN,Must a name mean something?,"Must amaze means ""must be amazing."""
00712_0018_angry_0018_000602,0018,angry,happy,neutral,neutral,neutral,happy,happy,happy,True,True,True,True,True,0.6666666666666666,0.9203628301620483,True,0.008000001311302185,0.6692442893981934,20.20882669273743,2.8259944915771484,0.020111165940761566,0.5146191716194153,0.028109101578593254,0.025257638747971507,0.9928835084425314,6,60,,Voxtral_EN,I am run off my feet.,I am run off my feet to full effect.
00713_0018_angry_0018_000407,0018,angry,happy,neutral,happy,happy,happy,happy,happy,True,True,True,True,True,1.0,0.3150483965873718,False,0.008000001311302185,0.6536486744880676,22.38807061348995,1.113778829574585,0.020258450880646706,0.8737345933914185,0.02915109694004059,0.02899608832553029,0.9818110648696882,5,60,,Voxtral_EN,Hannibal come to see you.,I'm happy to be here to see you.
00714_0018_angry_0018_000372,0018,angry,happy,neutral,happy,happy,happy,happy,happy,True,True,True,True,True,0.375,0.907258152961731,True,0.008000001311302185,0.5503832101821899,28.206493560829045,1.304650902748108,0.008829029276967049,0.5893616080284119,0.014819356612861156,0.014722793550817296,0.9932326500074697,4,60,,Voxtral_EN,"And what are doves, and what are doves?",And what are doves? And what are doved.
00715_0018_angry_0018_000413,0018,angry,happy,neutral,happy,happy,happy,happy,happy,True,True,True,True,True,1.0,0.45402514934539795,False,0.008000001311302185,0.6168485283851624,24.81454626185931,2.1376304626464844,0.2508038580417633,0.7790769934654236,0.024522196501493454,0.25859487319838254,0.8826720228662644,7,60,,Voxtral_EN,Asteroid three hundred and twenty-five.,Astr. 325.
00716_0018_angry_0018_000427,0018,angry,happy,neutral,neutral,neutral,happy,happy,happy,True,True,True,True,True,1.0,0.6279968619346619,False,0.008000001311302185,0.6886359453201294,24.703960654025835,2.9146671295166016,0.02578725293278694,2.3662145137786865,0.03579775243997574,0.0494497560480982,0.9911525907464213,6,60,,Voxtral_EN,But I saw you walking.,"But I saw you and rocked the angles, everybody."
00717_0018_angry_0018_000505,0018,angry,happy,angry,angry,angry,angry,angry,angry,False,False,False,False,False,0.5714285714285714,0.8267934918403625,True,0.008000001311302185,1.0066055059432983,17.9949725666971,4.370690822601318,2.7449052333831787,1.006767749786377,0.04728659987449646,2.7549733837470414,0.37197451277290655,60,60,,Voxtral_EN,"""this speech roused Dame Isolde to anger.""",This speech rouses Dame Iolks to anger.
00718_0018_angry_0018_000669,0018,angry,happy,neutral,neutral,neutral,happy,happy,happy,True,True,True,True,True,0.25,0.8211655616760254,True,0.008000001311302185,0.7842427492141724,22.396052386462955,3.4614992141723633,0.12409671396017075,0.5805549025535583,0.030486566945910454,0.1299025678513758,0.9641494317109525,15,60,,Voxtral_EN,How could I dig burrows with short toenails?,How could I dig burls for short toenails?
00719_0018_angry_0018_000430,0018,angry,happy,neutral,neutral,neutral,happy,happy,happy,True,True,True,True,True,0.6,0.826488733291626,True,0.008000001311302185,0.6239509582519531,25.38252187146057,2.413180112838745,0.18288062512874603,0.8348702788352966,0.0307655930519104,0.19122963557302952,0.9242159239769242,9,60,,Voxtral_EN,Then there was a report.,Then there was a report for you.
00720_0018_angry_0018_000424,0018,angry,happy,neutral,neutral,neutral,happy,happy,happy,True,True,True,True,True,0.2857142857142857,0.3504043221473694,False,0.008000001311302185,0.6195040345191956,24.804876725319577,2.0273656845092773,0.027010828256607056,1.385388731956482,0.02335432730615139,0.04086494911944494,0.98667688396672,9,60,,Voxtral_EN,Come on my jack in the boxes.,Come on my jazz in the boxers.
00721_0018_angry_0018_000580,0018,angry,happy,sad,neutral,neutral,happy,happy,happy,True,True,True,True,True,0.2857142857142857,0.524124026298523,False,0.008000001311302185,0.6594783663749695,21.621551461036294,3.0208821296691895,0.02416379004716873,0.7608689665794373,0.03076145052909851,0.031772787327468396,0.9920010814689367,6,60,,Voxtral_EN,Your own wife is not at home.,"Your own whites, it's not at home."
00722_0018_angry_0018_000553,0018,angry,happy,neutral,neutral,neutral,happy,happy,happy,True,True,True,True,True,0.0,0.9999998807907104,True,0.008000001311302185,0.8306857347488403,22.83281981468843,4.195333480834961,0.02375967428088188,0.38765808939933777,0.051755473017692566,0.027636772729605436,0.9943366422742267,10,60,,Voxtral_EN,I was not grabbed.,I was not grabbed.
00723_0018_angry_0018_000559,0018,angry,happy,angry,angry,angry,happy,happy,happy,True,True,True,True,True,0.14285714285714285,0.8070423603057861,True,0.008000001311302185,0.9015980362892151,21.61838026588784,3.900134801864624,0.12322548031806946,0.7672861814498901,0.030026286840438843,0.13089864239543675,0.9684048150696852,16,60,,Voxtral_EN,A raging fire was in his eyes.,A ranching's fire was in his eyes.
00724_0018_angry_0018_000562,0018,angry,happy,neutral,neutral,neutral,happy,happy,happy,True,True,True,True,True,0.0,0.9999999403953552,True,0.008000001311302185,0.7366083264350891,21.43927460060521,2.279975652694702,0.030982844531536102,0.5665936470031738,0.04689202830195427,0.03664924992185086,0.986410887986932,11,60,,Voxtral_EN,"No, thank you.","No, thank you."
00725_0018_neutral_0018_000141,0018,neutral,happy,neutral,neutral,neutral,happy,happy,happy,True,True,True,True,True,0.8,0.8414608836174011,True,0.008000001311302185,0.7737524509429932,19.179484744428215,3.731623411178589,0.01958712376654148,1.7490020990371704,0.03268090635538101,0.03707747156597674,0.9947510448916508,5,60,,Voxtral_EN,Can I lodge here tonight?,I'm at our lodge here tonight.
00726_0018_neutral_0018_000131,0018,neutral,happy,neutral,neutral,neutral,happy,happy,happy,True,True,True,True,True,0.0,1.0000001192092896,True,0.008000001311302185,0.9145931005477905,16.904538278933426,3.2655587196350098,0.014619159512221813,0.09486757963895798,0.036383744329214096,0.015568199146054685,0.9955232287129548,5,60,,Voxtral_EN,It must come sometimes to jam a day.,It must come sometimes to jam a day.
00727_0018_neutral_0018_000062,0018,neutral,happy,sad,sad,neutral,happy,happy,happy,True,True,True,True,True,0.6,0.4413435459136963,False,0.008000001311302185,0.9211835861206055,16.141909036050613,3.158419132232666,0.02210112288594246,2.169365644454956,0.031930822879076004,0.04379509863872081,0.9930024730852237,4,60,,Voxtral_EN,Tom went on e-org gloomily.,Tong went on e-ords blumily.
00728_0018_neutral_0018_000181,0018,neutral,happy,neutral,neutral,neutral,happy,happy,happy,True,True,True,True,True,0.0,1.0000001192092896,True,0.008000001311302185,0.706640362739563,18.207649095641145,2.4670000076293945,0.03472932428121567,0.1486525684595108,0.036337532103061676,0.0362162133411318,0.9859224466259374,5,60,,Voxtral_EN,"First, issue a reward.","First, issue a reward."
00729_0018_neutral_0018_000041,0018,neutral,happy,neutral,happy,happy,happy,happy,happy,True,True,True,True,True,0.0,0.9999998807907104,True,0.00800000037997961,0.5934501886367798,18.37723744297029,1.0284072160720825,0.0062455302104353905,0.0314648300409317,0.02723873220384121,0.006560450898166746,0.9939269871770351,1,60,,Voxtral_EN,I chose the right way.,I chose the right way.
00730_0018_neutral_0018_000067,0018,neutral,happy,neutral,neutral,neutral,happy,happy,happy,True,True,True,True,True,1.0,0.19036974012851715,False,0.008000001311302185,0.8820935487747192,15.376218834525446,3.951760768890381,0.2272420972585678,3.566406726837158,0.035188063979148865,0.26290651640757917,0.9424959883585323,14,60,,Voxtral_EN,"I suppose no, it doesn't.","As the Politburo, it does it."
00731_0018_neutral_0018_000114,0018,neutral,happy,neutral,neutral,neutral,happy,happy,happy,True,True,True,True,True,0.0,1.0000001192092896,True,0.008000001311302185,0.8306991457939148,21.378302156075755,3.1267058849334717,0.1607852280139923,0.2878841757774353,0.0259648859500885,0.16366432942062617,0.948576798096437,5,60,,Voxtral_EN,A half pounds of flour and two ounces suet.,A half pounds of flour and two ounces suet.
00732_0018_neutral_0018_000227,0018,neutral,happy,neutral,neutral,neutral,happy,happy,happy,True,True,True,True,True,0.375,0.5826166868209839,False,0.008000001311302185,0.6476885080337524,22.896473570514033,3.565732955932617,0.0427829846739769,1.8550777435302734,0.018992703408002853,0.06133395203631371,0.9880016296220963,11,60,,Voxtral_EN,"Born once every 100 years, dies in flames.","Born once every 100 years, dives and playing."
00733_0018_neutral_0018_000166,0018,neutral,happy,neutral,neutral,neutral,happy,happy,happy,True,True,True,True,True,0.2857142857142857,0.9171949625015259,True,0.008000001311302185,0.6750891208648682,18.206644176029986,3.5030956268310547,0.049995601177215576,0.9920538663864136,0.036236174404621124,0.05991650220282376,0.9857281654562076,8,60,,Voxtral_EN,They ate beef at the butcher shop.,Let eat beef at the butcher shop.
00734_0018_neutral_0018_000191,0018,neutral,happy,neutral,neutral,neutral,happy,happy,happy,True,True,True,True,True,0.2857142857142857,0.609188437461853,False,0.008000001311302185,0.6555130481719971,21.34145039905029,2.4201972484588623,0.10946600139141083,0.9239070415496826,0.02344854176044464,0.11870530629232526,0.9547698017336741,8,60,,Voxtral_EN,I make her quite nervy at times.,I make her quite an herby at times.
00735_0018_neutral_0018_000022,0018,neutral,happy,neutral,neutral,neutral,happy,happy,happy,True,True,True,True,True,0.0,0.9999998807907104,True,0.008000001311302185,0.6200898885726929,22.24662250936033,1.454342246055603,0.0077667236328125,0.09538772702217102,0.018050355836749077,0.008720781406592578,0.9946596314217805,5,60,,Voxtral_EN,And what are doves? And what are doves?,And what are doves? And what are doves?
00736_0018_neutral_0018_000049,0018,neutral,happy,neutral,neutral,happy,happy,happy,happy,True,True,True,True,True,0.0,1.0000001192092896,True,0.008000001311302185,0.5647661089897156,22.519070872032813,1.4394596815109253,0.007527174428105354,0.5610063076019287,0.02698930911719799,0.013137507397215812,0.9947708334420284,3,60,,Voxtral_EN,"Then we all say ""Aha!""","Then we all say ""Aha!"""
00737_0018_neutral_0018_000281,0018,neutral,happy,neutral,neutral,neutral,neutral,happy,happy,False,False,True,True,False,0.0,1.0,True,0.008000001311302185,0.7468748092651367,18.35685283550232,2.817265033721924,0.4084726572036743,0.04312364384531975,0.03679867088794708,0.4089042616288364,0.8550109228935284,7,60,,Voxtral_EN,He could not help doing so.,He could not help doing so.
00738_0018_neutral_0018_000338,0018,neutral,happy,neutral,neutral,neutral,happy,happy,happy,True,True,True,True,True,0.3333333333333333,0.576317548751831,False,0.008000001311302185,0.778397262096405,16.881878186048343,3.9548749923706055,0.015477078035473824,2.34598445892334,0.030129726976156235,0.03893722392197698,0.9960865822395573,4,60,,Voxtral_EN,Paul's teeth ached because of lemon.,Pulse teeth eight because of lemon.
00739_0018_neutral_0018_000229,0018,neutral,happy,neutral,neutral,neutral,happy,happy,happy,True,True,True,True,True,0.6666666666666666,0.4974451959133148,False,0.008000001311302185,0.6448768377304077,19.82124110038414,2.9843173027038574,0.016246452927589417,0.5049965381622314,0.022808078676462173,0.021296646389998494,0.9945560571213826,4,60,,Voxtral_EN,The first year they sowed rye.,"The first year they've sowed, it's ridden."
00740_0018_neutral_0018_000029,0018,neutral,happy,neutral,neutral,neutral,happy,happy,happy,True,True,True,True,True,0.14285714285714285,0.8719326853752136,True,0.008000001311302185,0.718022346496582,18.42442018119689,1.9063514471054077,0.036607272922992706,0.8603798151016235,0.03429779037833214,0.04521141405191273,0.980797206633343,5,60,,Voxtral_EN,Rat came and replied on the leaves.,Rat came and slid on the leaves.
00741_0018_neutral_0018_000101,0018,neutral,happy,sad,sad,happy,happy,happy,happy,True,True,True,True,True,0.4,0.9564141035079956,True,0.008000001311302185,0.6224023103713989,18.985154374171913,1.8166511058807373,0.01016093697398901,0.4127015173435211,0.022995619103312492,0.014288182103615255,0.9944067757748878,4,60,,Voxtral_EN,"It's me, Piglet. Help! Help!","It's me, Piglet. Help, help."
00742_0018_neutral_0018_000064,0018,neutral,happy,neutral,neutral,neutral,happy,happy,happy,True,True,True,True,True,1.0,0.5150268077850342,False,0.008000001311302185,0.7270455956459045,16.66923049716228,3.4755096435546875,0.023368652909994125,1.0811692476272583,0.03161832317709923,0.03418066156949848,0.9932761939091922,6,60,,Voxtral_EN,And we are so thirsty.,"And we are so surfed. See you, we're glowing."
00743_0018_neutral_0018_000174,0018,neutral,happy,neutral,neutral,neutral,happy,happy,happy,True,True,True,True,True,0.625,0.42452797293663025,False,0.008000001311302185,0.7152242064476013,20.645719007982876,1.7435306310653687,0.024363815784454346,2.091216564178467,0.02479078620672226,0.045276229334101074,0.9860261613129406,7,60,,Voxtral_EN,I pay half a crown a week extra.,I hate to crown a week of stuff.
00744_0018_neutral_0018_000115,0018,neutral,happy,neutral,neutral,neutral,sad,happy,happy,False,False,True,True,False,0.3333333333333333,0.768548309803009,False,0.008000001311302185,0.6906141638755798,16.771711508300015,2.325010299682617,0.3107948899269104,0.6595122218132019,0.03164582699537277,0.3173903286033124,0.8663253707007937,8,60,,Voxtral_EN,He might call it for example.,If you might call it for example.
00745_0018_neutral_0018_000139,0018,neutral,happy,sad,sad,sad,sad,sad,sad,False,False,False,False,False,0.16666666666666666,0.5347833633422852,False,0.008000001311302185,0.6992804408073425,18.476327026926846,4.840770244598389,3.516432285308838,0.8250572085380554,0.026930302381515503,3.5246831266972425,0.27358000738979993,60,60,,Voxtral_EN,Cuckoo is down headed and crying.,Kufku is down headed and crying.
00746_0018_neutral_0018_000033,0018,neutral,happy,neutral,neutral,neutral,happy,happy,happy,True,True,True,True,True,0.3333333333333333,0.6442113518714905,False,0.008000001311302185,0.7242624163627625,16.75413149823291,3.5409770011901855,0.2735142409801483,1.2307437658309937,0.025192156434059143,0.2858219305600226,0.9227574082271036,8,60,,Voxtral_EN,This used to be Jerry's occupation.,This used to be Jerry's art gallery.
00747_0018_neutral_0018_000223,0018,neutral,happy,neutral,neutral,happy,happy,happy,happy,True,True,True,True,True,1.0,0.9533051252365112,True,0.008000001311302185,0.6407707333564758,13.702534918439515,1.4158964157104492,0.02190764807164669,0.8163294792175293,0.04050195962190628,0.0300713478834182,0.9845273652588109,3,60,,Voxtral_EN,"Pick, pick, pick.","Picks, picks, picks."
00748_0018_neutral_0018_000045,0018,neutral,happy,neutral,neutral,neutral,happy,happy,happy,True,True,True,True,True,0.75,0.4844471216201782,False,0.008000001311302185,0.9794652462005615,16.63881769114742,3.684997081756592,0.0654434859752655,1.3206329345703125,0.03253210708498955,0.07865014064203947,0.9822405596196376,21,60,,Voxtral_EN,The nastiest things they saw were the cobwebs.,The nauthius dings they've saw where the cob left.
00749_0018_neutral_0018_000325,0018,neutral,happy,neutral,neutral,neutral,neutral,happy,happy,False,False,True,True,False,0.5714285714285714,0.7654674649238586,False,0.008000001311302185,0.7879873514175415,17.723650900371656,3.2426929473876953,0.8376831412315369,1.0212351083755493,0.04244023561477661,0.8478959167176485,0.7416705328494416,23,60,,Voxtral_EN,She has no place for hot pepper.,She has no place where hot of her birds.
00750_0018_sad_0018_001351,0018,sad,happy,neutral,neutral,neutral,happy,happy,happy,True,True,True,True,True,0.6666666666666666,0.48605358600616455,False,0.008000001311302185,0.6747496128082275,21.99525873608259,2.0937652587890625,0.025307226926088333,1.2774362564086914,0.025842443108558655,0.03808184791460633,0.9879130543312554,4,60,,Voxtral_EN,I'm sure your friends can wait.,"Now, show your fun, can't wait."
00751_0018_sad_0018_001205,0018,sad,happy,angry,angry,angry,happy,happy,happy,True,True,True,True,True,0.8571428571428571,0.3578084707260132,False,0.008000001311302185,0.8734205365180969,23.386794263830502,3.7638537883758545,0.04275832325220108,2.4562582969665527,0.0330427810549736,0.06732123664967715,0.9886397491357782,29,60,,Voxtral_EN,This speech rouses Dame Isolde to anger.,To dispel the Roue's Dame Isles to anglers.
00752_0018_sad_0018_001256,0018,sad,happy,neutral,neutral,neutral,happy,happy,happy,True,True,True,True,True,0.16666666666666666,0.9009454250335693,True,0.008000001311302185,0.7005095481872559,24.818924798428753,3.3133740425109863,0.0801035612821579,0.6046844720840454,0.029482176527380943,0.08615070082476363,0.975824171900178,9,60,,Voxtral_EN,"Still, you owe it a duty.",Till you owe it a duty.
00753_0018_sad_0018_001313,0018,sad,happy,sad,sad,sad,happy,happy,happy,True,True,True,True,True,0.8,0.800879180431366,True,0.008000001311302185,0.8120859861373901,16.618614312413765,2.967388153076172,0.030383344739675522,0.34938424825668335,0.0386539027094841,0.033877573761269444,0.9897609132434602,7,60,,Voxtral_EN,She said in subdued voice.,"She said in a subdued voice, ""Yes, please."""
00754_0018_sad_0018_001260,0018,sad,happy,neutral,neutral,neutral,neutral,happy,happy,False,False,True,True,False,0.0,0.9999999403953552,True,0.008000001311302185,0.7560907602310181,22.88969585611496,4.082042217254639,0.32883918285369873,0.27902236580848694,0.033860526978969574,0.33162974511705334,0.9194424836020294,13,60,,Voxtral_EN,It weighs 7.5 kilogram.,It weighs 7.5 kilogram.
00755_0018_sad_0018_001200,0018,sad,happy,neutral,neutral,neutral,happy,happy,happy,True,True,True,True,True,0.2,0.962948203086853,True,0.008000001311302185,0.6136887073516846,24.08890995026068,1.6896634101867676,0.019678590819239616,0.7268899083137512,0.02195107191801071,0.02694770941309631,0.9883535438474906,4,60,,Voxtral_EN,I hope you enjoyed yourself.,I hope you enjoy yourself.
00756_0018_sad_0018_001076,0018,sad,happy,neutral,neutral,neutral,happy,happy,happy,True,True,True,True,True,0.16666666666666666,0.7570827007293701,False,0.008000001311302185,0.7660632729530334,20.0589625553401,3.454942464828491,0.07536385953426361,0.7796456217765808,0.04039792716503143,0.08316071973130107,0.9781866528020446,8,60,,Voxtral_EN,Let's make the noise a snake.,Let's make the noise a smate.
00757_0018_sad_0018_001328,0018,sad,happy,neutral,neutral,neutral,happy,happy,happy,True,True,True,True,True,0.0,0.9999998807907104,True,0.008000001311302185,0.62517249584198,21.86498872539691,2.011679172515869,0.01397845521569252,0.13405422866344452,0.039437055587768555,0.015319391872882844,0.9930513496353345,8,60,,Voxtral_EN,I know you.,I know you.
00758_0018_sad_0018_001370,0018,sad,happy,neutral,neutral,surprise,happy,happy,happy,True,True,True,True,True,0.7142857142857143,0.6857720613479614,False,0.008000001311302185,0.7209537029266357,21.05985575065631,1.775146245956421,0.01796603575348854,1.1857644319534302,0.030156906694173813,0.029823981642089784,0.989879123596485,9,60,,Voxtral_EN,Goat Billy asked the old Chinese guy.,Goat Philly ask the old shining you sigh.
00759_0018_sad_0018_001202,0018,sad,happy,neutral,neutral,neutral,happy,happy,happy,True,True,True,True,True,1.0,0.29725882411003113,False,0.008000001311302185,0.858599841594696,19.044519176256124,2.4787845611572266,0.012901276350021362,2.526516914367676,0.045238953083753586,0.038166897883228953,0.994795321645864,8,60,,Voxtral_EN,Guilty for what do you rule?,Bravo from What Do You Vrouw?
00760_0018_sad_0018_001287,0018,sad,happy,neutral,neutral,neutral,neutral,happy,happy,False,False,True,True,False,0.0,1.0000001192092896,True,0.008000001311302185,0.695480227470398,23.88754536097821,2.158092975616455,0.16987961530685425,0.0838988721370697,0.031826816499233246,0.17071892229638994,0.9212825317415583,13,60,,Voxtral_EN,What would they do at the end of the year?,What would they do at the end of the year?
00761_0018_sad_0018_001100,0018,sad,happy,neutral,neutral,neutral,happy,happy,happy,True,True,True,True,True,0.0,0.9999998807907104,True,0.008000001311302185,0.6013550758361816,24.289446679084513,1.8091349601745605,0.009811499156057835,0.17554384469985962,0.015083801001310349,0.011567088441066443,0.994576690312197,4,60,,Voxtral_EN,Rabbit gave dog a hurrying up sort of nudge.,Rabbit gave dog a hurrying up sort of nudge.
00762_0018_sad_0018_001144,0018,sad,happy,neutral,neutral,neutral,happy,happy,happy,True,True,True,True,True,0.75,0.8387742042541504,True,0.008000001311302185,0.6738064885139465,21.06181187571332,2.961312770843506,0.014096408151090145,0.9168660640716553,0.023128971457481384,0.02326530008152127,0.9952398111101669,6,60,,Voxtral_EN,They found a cow grazing in a field.,For they have found a calf of grazing in their field.
00763_0018_sad_0018_001257,0018,sad,happy,neutral,neutral,neutral,happy,happy,happy,True,True,True,True,True,0.2857142857142857,0.9774670600891113,True,0.008000001311302185,0.7152881026268005,27.09445967474528,2.825491428375244,0.017462503165006638,0.5209644436836243,0.015727268531918526,0.0226723048745282,0.9938196580638546,4,60,,Voxtral_EN,"I am a racer, son of God.","I'm a racer, son of God."
00764_0018_sad_0018_001101,0018,sad,happy,neutral,neutral,neutral,happy,happy,happy,True,True,True,True,True,1.5,0.17125244438648224,False,0.008000001311302185,0.7081778049468994,19.49756039155624,1.9140057563781738,0.05908488854765892,2.0751705169677734,0.02781142294406891,0.0798368718315661,0.969130245115112,4,60,,Voxtral_EN,"""Where are you from?""","Said the American to two Chinese,"
00765_0018_sad_0018_001379,0018,sad,happy,happy,happy,happy,happy,happy,happy,True,True,True,True,True,0.0,1.0000001192092896,True,0.00800000037997961,0.15191344916820526,37.34895604570304,0.1126766949892044,0.007899219170212746,0.06094026565551758,0.003992496058344841,0.008508661751728505,0.9298948272225275,0,60,,Voxtral_EN,And his heart wagged with joy like a lamb's tail.,And his heart wagged with joy like a lamb's tail.
00766_0018_sad_0018_001210,0018,sad,happy,neutral,neutral,neutral,happy,happy,happy,True,True,True,True,True,1.2,0.6127185225486755,False,0.008000001311302185,0.938494861125946,12.495294266022325,3.7291934490203857,0.019075240939855576,2.0054843425750732,0.039679840207099915,0.03913048116400838,0.9948848883275642,4,60,,Voxtral_EN,"Kitty, can you play chess?","Kitties, can you have a good play, chavs?"
00767_0018_sad_0018_001194,0018,sad,happy,neutral,neutral,happy,happy,happy,happy,True,True,True,True,True,0.5,0.42630094289779663,False,0.008000001311302185,0.7015038728713989,23.324116544926984,2.080518960952759,0.016414549201726913,0.8883040547370911,0.027936603873968124,0.025297869115136564,0.9921103582760861,5,60,,Voxtral_EN,We all see panda on TV or in the zoo.,We all see Pando and he be your in the zoo.
00768_0018_sad_0018_001114,0018,sad,happy,neutral,neutral,neutral,happy,happy,happy,True,True,True,True,True,1.25,0.6845473051071167,False,0.008000001311302185,0.7828564643859863,15.616749118784835,4.172511100769043,0.028948545455932617,0.7141532301902771,0.03237541764974594,0.036090401512011885,0.9930620806615477,7,60,,Voxtral_EN,We are so thirsty.,"For we are so thirsty, he's happy."
00769_0018_sad_0018_001321,0018,sad,happy,neutral,happy,happy,happy,happy,happy,True,True,True,True,True,0.0,1.0000001192092896,True,0.008000001311302185,0.6349649429321289,25.404006636647804,0.9397493600845337,0.05127163231372833,0.24406985938549042,0.025268010795116425,0.05371258358769118,0.945441162833975,0,60,,Voxtral_EN,I say I will be emperor.,I say I will be emperor.
00770_0018_sad_0018_001336,0018,sad,happy,neutral,neutral,happy,happy,happy,happy,True,True,True,True,True,0.0,0.9999999403953552,True,0.008000001311302185,0.6301562190055847,23.72469379612969,1.3585619926452637,0.06977866590023041,0.3922846019268036,0.016608305275440216,0.0737016780025512,0.9486378492273555,5,60,,Voxtral_EN,"One, two, three, where is your breakfast?","One, two, three, where is your breakfast?"
00771_0018_sad_0018_001183,0018,sad,happy,neutral,neutral,neutral,happy,happy,happy,True,True,True,True,True,0.14285714285714285,0.6809167861938477,False,0.008000001311302185,0.5896478295326233,24.07589552086123,1.9409650564193726,0.013212688267230988,0.794905424118042,0.023500647395849228,0.021161977514885365,0.9931927222370477,4,60,,Voxtral_EN,I smell the breath of an English.,I smile the breath of an English.
00772_0018_sad_0018_001057,0018,sad,happy,neutral,neutral,neutral,happy,happy,happy,True,True,True,True,True,0.0,1.000000238418579,True,0.008000001311302185,0.694897472858429,26.298710770733997,3.5907154083251953,0.014000220224261284,0.04133276641368866,0.03516451269388199,0.014413899533525109,0.9961009941941371,15,60,,Voxtral_EN,I'm as bad as I can be.,I'm as bad as I can be.
00773_0018_sad_0018_001150,0018,sad,happy,neutral,neutral,neutral,happy,happy,happy,True,True,True,True,True,1.1428571428571428,0.8673994541168213,True,0.008000001311302185,0.8208506107330322,21.84262928654732,3.1416165828704834,0.03747327998280525,0.7595363855361938,0.03379933536052704,0.0450689818315208,0.9880719753686282,11,60,,Voxtral_EN,"Well, anyhow, it didn't rain, he said.","Well, anyhow, it didn't rain and I said, like it or not."
00774_0018_sad_0018_001324,0018,sad,happy,neutral,neutral,neutral,happy,happy,happy,True,True,True,True,True,0.3,0.9459614157676697,True,0.008000001311302185,0.6277824640274048,25.361859260917416,2.4370718002319336,0.014533990994095802,0.9698463082313538,0.019006237387657166,0.024232644138783215,0.9940362893728808,5,60,,Voxtral_EN,Because he was a man with infinite resource and sagacity.,Because he was a man with an infinite resource in legacity.
00775_0018_surprise_0018_001517,0018,surprise,happy,surprise,sad,surprise,happy,happy,happy,True,True,True,True,True,0.2,0.8639416098594666,True,0.008000001311302185,0.666100263595581,23.59587551647074,3.035257339477539,0.028053447604179382,0.5402800440788269,0.02952948771417141,0.03345654333984479,0.9907574731014378,9,60,,Voxtral_EN,They were children of mine?,They were children of mine.
00776_0018_surprise_0018_001697,0018,surprise,happy,neutral,neutral,neutral,happy,happy,happy,True,True,True,True,True,0.2222222222222222,0.9119007587432861,True,0.008000001311302185,0.6395336389541626,27.314865861601596,2.296029567718506,0.030297093093395233,0.9799932241439819,0.020069796591997147,0.04009722603280098,0.986804571892556,5,60,,Voxtral_EN,How Tom and Jerry went to visit Mr. Sam,How Tom and Jerry want to visit Mr. Sam!
00777_0018_surprise_0018_001446,0018,surprise,happy,surprise,sad,surprise,neutral,happy,happy,False,False,True,True,False,0.2857142857142857,0.7040509581565857,False,0.008000001311302185,0.6366312503814697,25.650772181097267,2.148428440093994,0.30928733944892883,0.9006083607673645,0.026275409385561943,0.31829368581069634,0.8560401949271359,8,60,,Voxtral_EN,They never know I'd regular ran away.,They'd never know I'd regular ram away.
00778_0018_surprise_0018_001660,0018,surprise,happy,neutral,neutral,neutral,happy,happy,happy,True,True,True,True,True,0.0,1.000000238418579,True,0.008000001311302185,0.7103606462478638,23.7981907352605,3.382568359375,0.21287718415260315,0.07167696952819824,0.031708117574453354,0.21359427092906086,0.9370664058975776,14,60,,Voxtral_EN,As soon as she went in there was disorder.,As soon as she went in there was disorder.
00779_0018_surprise_0018_001566,0018,surprise,happy,surprise,surprise,surprise,happy,happy,happy,True,True,True,True,True,0.42857142857142855,0.7198380827903748,False,0.008000001311302185,0.7390673160552979,25.542320127418783,3.3919684886932373,0.09208057820796967,1.258100152015686,0.03527431935071945,0.10466193247132002,0.9728533509332677,22,60,,Voxtral_EN,They eat beef at the butcher shop?,They eat beef at the Butcher Shaw Tavern.
00780_0018_surprise_0018_001742,0018,surprise,happy,neutral,neutral,neutral,happy,happy,happy,True,True,True,True,True,0.5,0.15032875537872314,False,0.008000001311302185,0.7647309303283691,23.395685401111557,3.735092878341675,0.020024161785840988,1.9072059392929077,0.03803607076406479,0.03909660153947771,0.9946389119526443,7,60,,Voxtral_EN,Why should I purchase my own?,Why should I congratulate myself?
00781_0018_surprise_0018_001641,0018,surprise,happy,neutral,neutral,surprise,happy,happy,happy,True,True,True,True,True,0.0,1.0,True,0.008000001311302185,0.6545699834823608,24.27684561520781,1.9120057821273804,0.024332202970981598,0.41735705733299255,0.031278133392333984,0.028506086325645448,0.9872739909060795,8,60,,Voxtral_EN,We have showed his shark tooth.,We have showed his shark tooth.
00782_0018_surprise_0018_001452,0018,surprise,happy,neutral,neutral,neutral,neutral,happy,happy,False,False,True,True,False,0.16666666666666666,0.8485851287841797,True,0.008000001311302185,0.7154788970947266,24.442302052637146,2.188063144683838,0.29351839423179626,0.4243144989013672,0.026506295427680016,0.2977618042837642,0.8658546966777744,9,60,,Voxtral_EN,From August 18th of their divorce.,From August 8th of their divorce.
00783_0018_surprise_0018_001701,0018,surprise,happy,neutral,neutral,neutral,happy,happy,happy,True,True,True,True,True,0.16666666666666666,0.7693678736686707,False,0.008000001311302185,0.6241163015365601,26.419648349968327,2.40204119682312,0.01327318511903286,0.6331121921539307,0.021096497774124146,0.019604518005549906,0.9944742058809867,4,60,,Voxtral_EN,I'm sure your friends can wait.,I'm sure your friends can't wait.
00784_0018_surprise_0018_001586,0018,surprise,happy,angry,neutral,surprise,happy,happy,happy,True,True,True,True,True,0.4444444444444444,0.7247783541679382,False,0.008000001311302185,0.7632609605789185,23.472808434823072,2.9051272869110107,0.028376877307891846,1.845196008682251,0.030912956222891808,0.04682914652427658,0.9902321397634647,14,60,,Voxtral_EN,She'd jump at the tail and bite it savagely?,She'd jump at the tail and guide his tabby lean.
00785_0018_surprise_0018_001410,0018,surprise,happy,neutral,neutral,neutral,happy,happy,happy,True,True,True,True,True,1.3333333333333333,0.011294770985841751,False,0.008000001311302185,0.7171638011932373,20.050921000332053,4.043159008026123,0.018103763461112976,3.917912244796753,0.029155489057302475,0.057283177463971074,0.9955223716343644,7,60,,Voxtral_EN,A nauseous drought?,Agnash at Dougie Brown.
00786_0018_surprise_0018_001636,0018,surprise,happy,surprise,happy,happy,happy,happy,happy,True,True,True,True,True,0.0,1.0,True,0.008000001311302185,0.4001918137073517,31.588516887004516,1.2761070728302002,0.02439039945602417,0.19524657726287842,0.01659679040312767,0.026343031196556985,0.980886870721647,2,60,,Voxtral_EN,How rash you are!,How rash you are!
00787_0018_surprise_0018_001618,0018,surprise,happy,neutral,neutral,neutral,happy,happy,happy,True,True,True,True,True,0.14285714285714285,0.8079774379730225,True,0.008000001311302185,0.6052887439727783,26.885664466210436,1.6981725692749023,0.0488363653421402,0.678040623664856,0.028476372361183167,0.05561705634251237,0.9712418123895425,6,60,,Voxtral_EN,I'll send for Tom to my bower.,I'll send for Tom to my door.
00788_0018_surprise_0018_001592,0018,surprise,happy,sad,neutral,surprise,happy,happy,happy,True,True,True,True,True,0.3333333333333333,0.8761775493621826,True,0.008000001311302185,0.525010347366333,28.970899308136016,2.8867413997650146,0.02838207595050335,0.7072256207466125,0.025379439815878868,0.03545458595236763,0.9901681266105742,10,60,,Voxtral_EN,I have had to grow old?,I had to grow old.
00789_0018_surprise_0018_001600,0018,surprise,happy,neutral,neutral,neutral,happy,happy,happy,True,True,True,True,True,0.7142857142857143,0.7899216413497925,False,0.008000001311302185,0.77461177110672,21.83167690651374,3.666149139404297,0.036584846675395966,1.700184941291809,0.032422006130218506,0.05358702030837536,0.9900209060558457,7,60,,Voxtral_EN,That cloth does not look worth much.,Since that cloth's not looked worse much.
00790_0018_surprise_0018_001590,0018,surprise,happy,surprise,sad,surprise,happy,happy,happy,True,True,True,True,True,0.125,0.9290743470191956,True,0.008000001311302185,0.7458882331848145,27.562135660200827,2.2538223266601562,0.015430170111358166,0.3790039122104645,0.023196682333946228,0.01922044120028615,0.9931537770618222,16,60,,Voxtral_EN,And they were sandy yellow brownish all over?,And they were sandy yellow brownish all over.
00791_0018_surprise_0018_001650,0018,surprise,happy,neutral,happy,happy,happy,happy,happy,True,True,True,True,True,0.2,0.8995915651321411,True,0.008000001311302185,0.6008234620094299,24.03338176918347,0.9034323692321777,0.012769946828484535,0.2726062834262848,0.031026121228933334,0.015496319923959672,0.9858650771619599,0,60,,Voxtral_EN,Her kind and firm glance.,Her kind and firm glimps.
00792_0018_surprise_0018_001469,0018,surprise,happy,neutral,neutral,neutral,happy,happy,happy,True,True,True,True,True,0.0,0.9999998211860657,True,0.008000001311302185,0.6103017330169678,26.22325363189585,3.1110787391662598,0.018995635211467743,0.5670942068099976,0.023348059505224228,0.02466681076016277,0.9938941965780788,6,60,,Voxtral_EN,"Not much use, is it Sam?","Not much use, is it Sam?"
00793_0018_surprise_0018_001731,0018,surprise,happy,neutral,neutral,neutral,happy,happy,happy,True,True,True,True,True,0.42857142857142855,0.525381326675415,False,0.008000001311302185,0.8273969888687134,24.538199870634763,3.6329855918884277,0.020694231614470482,1.720447301864624,0.036987390369176865,0.03789907450702042,0.9943037947464819,21,60,,Voxtral_EN,She'll be feverish after so much thinking.,Should be a treat after so much thinking.
00794_0018_surprise_0018_001561,0018,surprise,happy,surprise,neutral,surprise,happy,happy,happy,True,True,True,True,True,0.0,1.0,True,0.008000001311302185,0.6150380969047546,25.770310188571337,2.722646713256836,0.030745819211006165,0.31069260835647583,0.031854238361120224,0.03385306383695453,0.9887073783530923,4,60,,Voxtral_EN,That's a full-grown cult.,That's a full-grown cult.
00795_0018_surprise_0018_001518,0018,surprise,happy,neutral,neutral,surprise,happy,happy,happy,True,True,True,True,True,0.5,0.7038071751594543,False,0.008000001311302185,0.4608510136604309,32.08350694244611,2.439504623413086,0.04117843136191368,0.9151907563209534,0.017347920686006546,0.05033051240433008,0.9831201667065089,3,60,,Voxtral_EN,"""Look out!"" said Alice.","Good luck, said Alice."
00796_0018_surprise_0018_001419,0018,surprise,happy,neutral,happy,neutral,happy,happy,happy,True,True,True,True,True,0.2,0.8746165037155151,True,0.008000001311302185,0.5764355063438416,23.311854632535088,1.1561353206634521,0.06517721712589264,0.5542805194854736,0.028090357780456543,0.07072030322432518,0.9436249235180442,3,60,,Voxtral_EN,At the end of four?,At the end of four.
00797_0018_surprise_0018_001405,0018,surprise,happy,neutral,neutral,surprise,happy,happy,happy,True,True,True,True,True,0.5,0.7863507866859436,False,0.008000001311302185,0.5754309296607971,24.31230203483843,2.7994048595428467,0.01596183329820633,1.1394033432006836,0.029461689293384552,0.0273561613471061,0.9942981333179464,5,60,,Voxtral_EN,Clear than clear water?,Clear that clear water.
00798_0018_surprise_0018_001709,0018,surprise,happy,surprise,neutral,surprise,happy,happy,happy,True,True,True,True,True,0.3333333333333333,0.917680025100708,True,0.008000001311302185,0.7274780869483948,24.030139757203717,2.6191091537475586,0.016356557607650757,0.8256648778915405,0.02669660374522209,0.024613473352603617,0.9937549156421194,6,60,,Voxtral_EN,He owed Mr. Lawson. I can't tell you how.,"You owe it, Mr. Lawson. I can't tell you how."
00799_0018_surprise_0018_001440,0018,surprise,happy,neutral,neutral,neutral,happy,happy,happy,True,True,True,True,True,0.5,0.6894792914390564,False,0.00800000037997961,0.47217079997062683,30.974215106810593,2.3606278896331787,0.013527434319257736,1.5650215148925781,0.00957682728767395,0.029177745236456394,0.9942695609169644,4,60,,Voxtral_EN,A witch fox loses a tail and its elder sister finds one.,"If Winx Fox loosens a tail and its elder sister thanks one,"
00800_0019_angry_0019_000697,0019,angry,happy,angry,neutral,neutral,happy,happy,happy,True,True,True,True,True,0.5,0.8138675689697266,True,0.008000001311302185,0.697585940361023,26.874021094208942,2.283160924911499,0.031023366376757622,0.253354549407959,0.03454557806253433,0.03355725732661784,0.9864120982282665,15,60,,Voxtral_EN,"What are you waiting for, man?","Wanting you waiting for, man."
00801_0019_angry_0019_000521,0019,angry,happy,neutral,neutral,neutral,happy,happy,happy,True,True,True,True,True,0.3333333333333333,0.5327502489089966,False,0.008000001311302185,0.8769798278808594,19.250886507141583,4.105792999267578,0.05769573897123337,0.8756054639816284,0.040813688188791275,0.06645220174793154,0.9859477233797403,20,60,,Voxtral_EN,I say neither yea nor nay.,I say neither game nor name.
00802_0019_angry_0019_000646,0019,angry,happy,neutral,neutral,happy,happy,happy,happy,True,True,True,True,True,0.5,0.5201557874679565,False,0.008000001311302185,0.7246562242507935,25.936988595963058,1.0391483306884766,0.03055984526872635,3.5526630878448486,0.02987740747630596,0.06608677492124959,0.9705914503577374,1,60,,Voxtral_EN,You bug me up.,You've walked me up.
00803_0019_angry_0019_000362,0019,angry,happy,neutral,neutral,happy,happy,happy,happy,True,True,True,True,True,0.0,0.9999998807907104,True,0.008000001311302185,0.6507884860038757,23.68606482997346,1.4127113819122314,0.16472479701042175,0.1287394016981125,0.025080528110265732,0.166012441832684,0.8833981242598528,8,60,,Voxtral_EN,Her shoes were like fishes.,Her shoes were like fishes.
00804_0019_angry_0019_000584,0019,angry,happy,angry,neutral,happy,happy,happy,happy,True,True,True,True,True,1.0,0.7964961528778076,False,0.008000001311302185,0.5117395520210266,25.876047720952727,1.301095962524414,0.022309182211756706,0.900146484375,0.024147234857082367,0.031310888527855275,0.9828535458918249,5,60,,Voxtral_EN,"Hurry up, hurry up.",Here we go. Let's hurry up.
00805_0019_angry_0019_000398,0019,angry,happy,neutral,neutral,neutral,happy,happy,happy,True,True,True,True,True,0.0,1.0,True,0.008000001311302185,0.7357158064842224,25.342900903773533,3.0086231231689453,0.06363245844841003,0.33412429690361023,0.03763531893491745,0.06697407777063548,0.9788499736113885,15,60,,Voxtral_EN,You are not a runaway. Who are you?,You are not a runaway. Who are you?
00806_0019_angry_0019_000421,0019,angry,happy,neutral,neutral,neutral,happy,happy,happy,True,True,True,True,True,0.6666666666666666,0.5007513761520386,False,0.008000001311302185,0.8026347756385803,20.454669199020536,3.6811232566833496,0.018902257084846497,1.427095890045166,0.024139350280165672,0.03317345737880096,0.9948650844411341,9,60,,Voxtral_EN,She was born on April 1943.,She was born on April 19th with a boil.
00807_0019_angry_0019_000535,0019,angry,happy,sad,sad,sad,happy,happy,happy,True,True,True,True,True,0.125,0.9889801740646362,True,0.008000001311302185,0.7770392894744873,22.721477738089405,4.4406352043151855,0.10774838924407959,0.47499677538871765,0.027959546074271202,0.11249863659342751,0.975735816096901,12,60,,Voxtral_EN,That newborn baby is stolen as we go.,That newborn baby stolen as we go.
00808_0019_angry_0019_000621,0019,angry,happy,neutral,neutral,neutral,happy,happy,happy,True,True,True,True,True,0.3333333333333333,0.9278041124343872,True,0.008000001311302185,0.6280831098556519,27.07648301907888,2.84661865234375,0.014041086658835411,0.9163237810134888,0.027746906504034996,0.02320460193803534,0.9950674507639881,5,60,,Voxtral_EN,I say I will be emperor.,I say I will be Emperor World.
00809_0019_angry_0019_000476,0019,angry,happy,neutral,happy,happy,happy,happy,happy,True,True,True,True,True,0.16666666666666666,0.2829340696334839,False,0.008000001311302185,0.6035824418067932,21.74840152384148,1.4618839025497437,0.013529068790376186,0.7131415605545044,0.024989498779177666,0.020660734290909023,0.9907454560743302,5,60,,Voxtral_EN,This turn goes to the hill.,This turn goes to the healing.
00810_0019_angry_0019_000503,0019,angry,happy,neutral,neutral,neutral,happy,happy,happy,True,True,True,True,True,0.16666666666666666,0.8517791032791138,True,0.008000001311302185,0.6946536302566528,22.057963408486494,3.5236520767211914,0.02267998456954956,0.4348004162311554,0.027718808501958847,0.027028265919946136,0.9935635005739121,9,60,,Voxtral_EN,But we are not high yet.,But we are not hail yet.
00811_0019_angry_0019_000551,0019,angry,happy,neutral,happy,neutral,happy,happy,happy,True,True,True,True,True,0.0,1.0,True,0.008000001311302185,0.6183752417564392,29.109567730513632,1.2438061237335205,0.024800991639494896,0.05535309016704559,0.022031817585229874,0.025354742859341205,0.9800604039759429,8,60,,Voxtral_EN,A lady is on Alice's lap.,A lady is on Alice's lap.
00812_0019_angry_0019_000465,0019,angry,happy,neutral,neutral,neutral,happy,happy,happy,True,True,True,True,True,0.6666666666666666,0.7445657253265381,False,0.008000001311302185,0.687887966632843,21.3269063571218,2.623263359069824,0.10598668456077576,0.9131669998168945,0.036010198295116425,0.11511871466092766,0.9595973907101888,15,60,,Voxtral_EN,He might call it for example.,"""For example, he might call it for love."""
00813_0019_angry_0019_000409,0019,angry,happy,neutral,neutral,neutral,happy,happy,happy,True,True,True,True,True,1.1666666666666667,0.6831135153770447,False,0.008000001311302185,0.6314496397972107,25.941033395283014,1.948840856552124,0.019334379583597183,1.5804574489593506,0.017638765275478363,0.035139130460843444,0.9900790362031904,5,60,,Voxtral_EN,043 a silver shilling is journey.,043 is Silver Shilling Miss Journey of Thrill.
00814_0019_angry_0019_000593,0019,angry,happy,neutral,neutral,neutral,happy,happy,happy,True,True,True,True,True,0.0,1.0,True,0.008000001311302185,0.8322364687919617,15.957692905409523,4.1209235191345215,0.018039211630821228,0.6315159797668457,0.03311557695269585,0.024354702584259213,0.9956225318069941,15,60,,Voxtral_EN,And has you slain him?,And has you slain him?
00815_0019_angry_0019_000523,0019,angry,happy,neutral,neutral,neutral,happy,happy,happy,True,True,True,True,True,1.4,0.5486247539520264,False,0.008000001311302185,0.7121257185935974,17.850463636683877,3.322070837020874,0.02235366217792034,2.7016828060150146,0.03074777126312256,0.04937079771578312,0.9932711663072283,9,60,,Voxtral_EN,He searched through the box.,I think it's just a... Look at the box.
00816_0019_angry_0019_000426,0019,angry,happy,neutral,neutral,neutral,neutral,happy,happy,False,False,True,True,False,0.0,1.0,True,0.008000001311302185,0.6404315829277039,22.080518715180904,2.487482786178589,0.40266403555870056,0.15604999661445618,0.025423534214496613,0.4042247897601873,0.8381238906270801,15,60,,Voxtral_EN,The hag looked in the stove.,The hag looked in the stove.
00817_0019_angry_0019_000473,0019,angry,happy,neutral,neutral,neutral,happy,happy,happy,True,True,True,True,True,0.0,1.0,True,0.008000001311302185,0.6986793875694275,20.953854613631933,2.024384021759033,0.02220337465405464,0.34013524651527405,0.03581804782152176,0.025605085299685595,0.9890320342309551,9,60,,Voxtral_EN,I am from Towel Land.,I am from Towel Land.
00818_0019_angry_0019_000367,0019,angry,happy,neutral,neutral,neutral,neutral,happy,happy,False,False,True,True,False,0.3333333333333333,0.8990039825439453,True,0.008000001311302185,0.7907163500785828,23.591849227269876,4.165622711181641,0.702532172203064,0.5580805540084839,0.044150497764348984,0.7081134192481265,0.8313500235349494,40,60,,Voxtral_EN,Why is this egg not broken?,Why is this eggnog broken?
00819_0019_angry_0019_000604,0019,angry,happy,neutral,happy,happy,happy,happy,happy,True,True,True,True,True,0.0,0.9999998807907104,True,0.008000001311302185,0.712352454662323,10.719958937805343,0.44550642371177673,0.008286083117127419,0.118770532310009,0.02523205429315567,0.009474040760770441,0.9814007550147287,0,60,,Voxtral_EN,She laughed.,She laughed.
00820_0019_angry_0019_000643,0019,angry,happy,neutral,happy,happy,happy,happy,happy,True,True,True,True,True,0.0,1.0,True,0.008000001311302185,0.529262363910675,24.19157608348913,1.1398813724517822,0.03693961352109909,0.1921076774597168,0.012715625576674938,0.03886081745195202,0.9675934580441075,4,60,,Voxtral_EN,"He is old fashioned, but he is the best of men.","He is old fashioned, but he is the best of men."
00821_0019_angry_0019_000668,0019,angry,happy,neutral,neutral,neutral,happy,happy,happy,True,True,True,True,True,0.25,0.6500673294067383,False,0.008000001311302185,0.7892287373542786,21.386880159672934,2.1973657608032227,0.04657755792140961,0.651363730430603,0.023432578891515732,0.05309142955150455,0.9788030018705745,6,60,,Voxtral_EN,The name of the song is called Haddocks.,"The name of the song is called ""Hed Dogs."""
00822_0019_angry_0019_000399,0019,angry,happy,surprise,surprise,surprise,happy,happy,happy,True,True,True,True,True,0.2,0.9964576363563538,True,0.008000001311302185,0.7347490787506104,22.67289724197223,3.1084766387939453,0.023326482623815536,0.37737563252449036,0.0320686399936676,0.027100559635460375,0.9924958475374401,5,60,,Voxtral_EN,"Then we all say, ""Aha!""","Then we all say ""Aha!"""
00823_0019_angry_0019_000700,0019,angry,happy,neutral,neutral,neutral,neutral,happy,happy,False,False,True,True,False,0.0,1.0000001192092896,True,0.008000001311302185,0.8007686138153076,20.140335524244776,4.103466510772705,0.2865650951862335,0.05620313435792923,0.044697314500808716,0.2871275735029578,0.9301651190684942,12,60,,Voxtral_EN,Do you have anything in mind?,Do you have anything in mind?
00824_0019_angry_0019_000605,0019,angry,happy,neutral,neutral,neutral,neutral,happy,happy,False,False,True,True,False,0.14285714285714285,0.9928090572357178,True,0.008000001311302185,0.5961064100265503,25.982439361868085,3.0119223594665527,0.2826170325279236,0.2674263119697571,0.01983347348868847,0.2852914939823561,0.9061672251810706,9,60,,Voxtral_EN,"This was the 25th of November, 1783.","This was on the 25th of November, 1783."
00825_0019_neutral_0019_000019,0019,neutral,happy,neutral,happy,neutral,happy,happy,happy,True,True,True,True,True,0.2,0.8546127080917358,True,0.008000001311302185,0.6248207092285156,18.27518421191245,1.0117757320404053,0.08111079037189484,1.1133084297180176,0.03306856378912926,0.0922442053547129,0.9198332320065414,3,60,,Voxtral_EN,At the end of four.,At the end of 4th
00826_0019_neutral_0019_000274,0019,neutral,happy,neutral,neutral,neutral,happy,happy,happy,True,True,True,True,True,0.3,0.7982550859451294,False,0.008000001311302185,0.6723107099533081,19.160625404992174,2.570730209350586,0.017592832446098328,1.1270490884780884,0.019021596759557724,0.028863513546846804,0.9931564843396995,4,60,,Voxtral_EN,Because he was a man with infinite resource and sagacity.,Because there is a man with infinite resource and flexibility.
00827_0019_neutral_0019_000069,0019,neutral,happy,neutral,neutral,neutral,happy,happy,happy,True,True,True,True,True,0.6666666666666666,0.47216111421585083,False,0.008000001311302185,0.7449280023574829,15.488887873770732,4.080697536468506,0.2282276153564453,0.7070887088775635,0.03722882270812988,0.23529887473344802,0.9440714208007789,6,60,,Voxtral_EN,"Not much use is it, Sam.",Not must use is it Sam Yang.
00828_0019_neutral_0019_000118,0019,neutral,happy,neutral,neutral,neutral,happy,happy,happy,True,True,True,True,True,0.75,0.925797700881958,True,0.008000001311302185,0.7120582461357117,18.80424619118309,2.190938949584961,0.013383671641349792,0.9660093784332275,0.03157411888241768,0.02304408116687089,0.9938913534565237,4,60,,Voxtral_EN,"Look out, said Alice.",Look out to the Alice.
00829_0019_neutral_0019_000186,0019,neutral,happy,angry,angry,angry,happy,happy,happy,True,True,True,True,True,0.6666666666666666,0.3204506039619446,False,0.008000001311302185,0.8429906964302063,15.021742962566943,3.6557576656341553,0.025025738403201103,1.433709740638733,0.036766551434993744,0.03936320347510279,0.9931544318053532,6,60,,Voxtral_EN,She jumped at the tail and bite it savagely.,You jump at the tail and buy a Gavioli's pie.
00830_0019_neutral_0019_000289,0019,neutral,happy,neutral,neutral,neutral,neutral,happy,happy,False,False,True,True,False,0.75,0.5514976382255554,False,0.008000001311302185,0.7565035820007324,15.985592615812159,1.9932608604431152,0.21696582436561584,2.5090062618255615,0.04351333528757095,0.24205632211722433,0.8911503111954032,6,60,,Voxtral_EN,"""No,"" said Piggy carelessly.",Notes that piggyed carelessly.
00831_0019_neutral_0019_000094,0019,neutral,happy,neutral,neutral,neutral,happy,happy,happy,True,True,True,True,True,1.0,0.05963168293237686,False,0.008000001311302185,0.8511154055595398,15.614881175779445,3.3134398460388184,0.1287950873374939,1.6186059713363647,0.04112068936228752,0.14498155825775116,0.961129492816516,6,60,,Voxtral_EN,They found a cow grazing in a field.,Fethullah Gulen brazenly interfered in our internal affairs.
00832_0019_neutral_0019_000294,0019,neutral,happy,neutral,neutral,neutral,happy,happy,happy,True,True,True,True,True,0.6666666666666666,0.9646987915039062,True,0.008000001311302185,0.6692517995834351,15.387873555229024,1.9593250751495361,0.03431658819317818,0.688120424747467,0.03704800084233284,0.041198162920661266,0.9824855055302352,4,60,,Voxtral_EN,Now I understand.,Now I understand it.
00833_0019_neutral_0019_000113,0019,neutral,happy,neutral,neutral,neutral,happy,happy,happy,True,True,True,True,True,1.8333333333333333,0.2667255997657776,False,0.008000001311302185,0.7694353461265564,18.051569667382484,2.6615829467773438,0.024712948128581047,3.4648423194885254,0.03500142693519592,0.05936172133773565,0.9907149434668179,9,60,,Voxtral_EN,Mr. Lawson saw George last night.,It's been a long time since I saw George Lesner at our eighth.
00834_0019_neutral_0019_000166,0019,neutral,happy,neutral,neutral,neutral,happy,happy,happy,True,True,True,True,True,1.2857142857142858,0.06999954581260681,False,0.008000001311302185,0.825668454170227,14.701246156363489,3.599777936935425,0.03741177171468735,2.8046998977661133,0.0383259542286396,0.06545915395189077,0.9896072001189782,8,60,,Voxtral_EN,They ate beef at the butcher shop.,"The beginner is a bit confused, but he's trying."
00835_0019_neutral_0019_000115,0019,neutral,happy,neutral,neutral,neutral,happy,happy,happy,True,True,True,True,True,1.1666666666666667,0.33597880601882935,False,0.008000001311302185,0.6985560655593872,17.289474961461842,1.8831353187561035,0.13907548785209656,2.3013408184051514,0.03605431318283081,0.1620892565792799,0.9261468432635196,9,60,,Voxtral_EN,"He might call it, for example.",If you might call it core example of turquoise.
00836_0019_neutral_0019_000202,0019,neutral,happy,neutral,neutral,neutral,happy,happy,happy,True,True,True,True,True,0.0,0.9999998807907104,True,0.008000001311302185,0.7008658051490784,11.749060906611064,2.1486597061157227,0.020384689792990685,0.07743525505065918,0.04085136950016022,0.021159450857192275,0.9905128347057611,3,60,,Voxtral_EN,That sounds good.,That sounds good.
00837_0019_neutral_0019_000259,0019,neutral,happy,neutral,happy,happy,neutral,happy,happy,False,False,True,True,False,0.2857142857142857,0.4995790123939514,False,0.008000001311302185,0.841827392578125,12.58001257178063,1.083888292312622,0.36729055643081665,0.6616878509521484,0.033422671258449554,0.3739077691670507,0.6611361530189125,3,60,,Voxtral_EN,This song is called Ways and Means.,This song is called Weas and Mingy.
00838_0019_neutral_0019_000329,0019,neutral,happy,happy,happy,happy,happy,happy,happy,True,True,True,True,True,0.0,1.0000001192092896,True,0.00800000037997961,0.16789518296718597,30.80827658484216,0.08483841270208359,0.00543855270370841,0.06124011427164078,0.004850344266742468,0.0060510023498674854,0.9358951619850987,0,60,,Voxtral_EN,And his heart wagged with joy like a lamb's tail.,And his heart wagged with joy like a lamb's tail.
00839_0019_neutral_0019_000279,0019,neutral,happy,neutral,neutral,neutral,happy,happy,happy,True,True,True,True,True,0.42857142857142855,0.737638533115387,False,0.008000001311302185,0.7780811786651611,15.623526591702962,3.328068494796753,0.026971228420734406,0.5185381174087524,0.03358757123351097,0.032156945470534264,0.9918958313319265,9,60,,Voxtral_EN,These words behind the ears is nonsense.,These words behind their ears is nonsense. You're cool.
00840_0019_neutral_0019_000211,0019,neutral,happy,neutral,happy,neutral,happy,happy,happy,True,True,True,True,True,0.375,0.5338407754898071,False,0.008000001311302185,0.6481695175170898,15.973409197139311,1.755334734916687,0.010914666578173637,1.1732128858566284,0.026239298284053802,0.02264705782972276,0.9937820027365369,3,60,,Voxtral_EN,From each cake there sprung a huge dog.,From each cake there's flung a huge star.
00841_0019_neutral_0019_000337,0019,neutral,happy,neutral,neutral,neutral,happy,happy,happy,True,True,True,True,True,0.3333333333333333,0.9388577938079834,True,0.008000001311302185,0.7421132326126099,15.630159067184216,3.625369071960449,0.06670252978801727,0.44636234641075134,0.04895627126097679,0.0711666428148374,0.9816011753661408,17,60,,Voxtral_EN,"But mom, I'm not certain about.",What mom I'm not certain about.
00842_0019_neutral_0019_000340,0019,neutral,happy,neutral,neutral,surprise,happy,happy,happy,True,True,True,True,True,0.8888888888888888,0.49514108896255493,False,0.008000001311302185,0.8620038032531738,14.50250621937406,1.9108030796051025,0.06888899952173233,2.254624843597412,0.039583608508110046,0.09143564379379153,0.9639476195862269,5,60,,Voxtral_EN,So Tom saw night as it were broad daylight.,"So a Tom Selleck night, as it were, brought good life, man."
00843_0019_neutral_0019_000192,0019,neutral,happy,sad,sad,neutral,happy,happy,happy,True,True,True,True,True,1.0,0.7547367215156555,False,0.008000001311302185,0.8130959272384644,12.857532959590847,3.452272891998291,0.02069868892431259,0.5077162981033325,0.038183920085430145,0.025776233744546774,0.994004330024927,7,60,,Voxtral_EN,I've had to grow old.,I've had you grow old and how good.
00844_0019_neutral_0019_000052,0019,neutral,happy,neutral,neutral,neutral,happy,happy,happy,True,True,True,True,True,0.3333333333333333,0.461495041847229,False,0.008000001311302185,0.638114869594574,18.7725087531571,1.9129836559295654,0.21630321443080902,0.8458698987960815,0.02180427685379982,0.22476213146153837,0.8869288748179597,8,60,,Voxtral_EN,From August 18th of their divorce.,From August 18th of their Du Bois.
00845_0019_neutral_0019_000152,0019,neutral,happy,neutral,neutral,neutral,neutral,happy,happy,False,False,True,True,False,0.0,1.0,True,0.008000001311302185,0.8055607080459595,15.45426625066916,2.112039566040039,0.6089247465133667,0.44390708208084106,0.03714323043823242,0.6133641887664795,0.7116887598582881,5,60,,Voxtral_EN,Guilty for what do you rule?,Guilty for what do you rule?
00846_0019_neutral_0019_000181,0019,neutral,happy,neutral,happy,neutral,happy,happy,happy,True,True,True,True,True,1.75,0.31606778502464294,False,0.008000001311302185,0.9005878567695618,12.52507195403076,1.4191902875900269,0.025460705161094666,3.645911455154419,0.045873742550611496,0.06192027845006436,0.9820596960226311,7,60,,Voxtral_EN,"First, issue a award.","First, I should be happy, says the speaker."
00847_0019_neutral_0019_000293,0019,neutral,happy,neutral,neutral,neutral,happy,happy,happy,True,True,True,True,True,0.7272727272727273,0.871435821056366,True,0.008000001311302185,0.6872354745864868,18.46151530694592,2.401479959487915,0.030727367848157883,0.7312242984771729,0.024115992709994316,0.038039851992856706,0.9872048202081561,3,60,,Voxtral_EN,He is old fashioned but he is the best of men.,"He's old-fashioned, but he's the best of them all."
00848_0019_neutral_0019_000336,0019,neutral,happy,neutral,neutral,neutral,happy,happy,happy,True,True,True,True,True,0.8,0.6891658306121826,False,0.008000001311302185,0.7731110453605652,15.262249894060208,1.5642417669296265,0.020973077043890953,0.7006086707115173,0.042972974479198456,0.02797959348075092,0.986592176805854,3,60,,Voxtral_EN,Over them swooped the eagles.,Over the SUFFI Eagles.
00849_0019_neutral_0019_000141,0019,neutral,happy,neutral,neutral,neutral,happy,happy,happy,True,True,True,True,True,1.25,0.38091331720352173,False,0.008000001311302185,0.6878089308738708,14.967561636984819,4.580305099487305,0.021047834306955338,3.4461376667022705,0.04455369710922241,0.055509656510949135,0.9954047091078472,6,60,,Voxtral_EN,I can't lodge here.,Can I lock you in tonight?
00850_0019_sad_0019_001172,0019,sad,happy,neutral,neutral,neutral,happy,happy,happy,True,True,True,True,True,1.0,0.29682815074920654,False,0.008000001311302185,0.7792125940322876,22.99823765693202,4.3626227378845215,0.01696399413049221,2.9073545932769775,0.028265275061130524,0.0460378227160126,0.9961115147585009,5,60,,Voxtral_EN,"No, I'm an artificial intelligence.",Am I in absolute pomp?
00851_0019_sad_0019_001297,0019,sad,happy,neutral,neutral,neutral,happy,happy,happy,True,True,True,True,True,0.2,0.750268816947937,False,0.008000001311302185,0.7853618264198303,20.19381949736973,1.525041103363037,0.041026078164577484,0.5169989466667175,0.026752185076475143,0.04619633515309542,0.9730983787426409,4,60,,Voxtral_EN,She and I are running a neck and neck race.,She and I are running of neck and neck reefs.
00852_0019_sad_0019_001164,0019,sad,happy,neutral,neutral,neutral,happy,happy,happy,True,True,True,True,True,0.8888888888888888,0.6223796606063843,False,0.008000001311302185,0.7752217054367065,23.418725369825204,3.067833662033081,0.020871130749583244,1.9983935356140137,0.022001590579748154,0.040855286121629183,0.9931967854033678,4,60,,Voxtral_EN,A half pounds of flour and two ounces sweet.,"They hath cowns of flour, which to out is sweet."
00853_0019_sad_0019_001272,0019,sad,happy,neutral,neutral,neutral,happy,happy,happy,True,True,True,True,True,0.0,0.9999997615814209,True,0.008000001311302185,0.7625009417533875,19.61510670891424,3.062490463256836,0.014377493411302567,0.3166515827178955,0.036526940762996674,0.017544374507889152,0.9953052936543637,15,60,,Voxtral_EN,Ask God to help you.,Ask God to help you.
00854_0019_sad_0019_001137,0019,sad,happy,neutral,neutral,neutral,happy,happy,happy,True,True,True,True,True,0.6666666666666666,-0.0757112056016922,False,0.008000001311302185,1.0238373279571533,15.506139182634042,3.367633819580078,0.043385185301303864,2.739896297454834,0.041821494698524475,0.07078456649079919,0.9871170122330243,4,60,,Voxtral_EN,A hippo lives in the zoo.,Our happy rules in the room.
00855_0019_sad_0019_001352,0019,sad,happy,neutral,neutral,neutral,happy,happy,happy,True,True,True,True,True,0.3333333333333333,0.8485645055770874,True,0.008000001311302185,0.8342124819755554,19.57458705272325,2.767516851425171,0.1315901130437851,1.0847705602645874,0.0353737398982048,0.14243817238382994,0.952451919858764,3,60,,Voxtral_EN,501 million right.,501 million rights.
00856_0019_sad_0019_001210,0019,sad,happy,neutral,neutral,neutral,happy,happy,happy,True,True,True,True,True,0.4,0.9271564483642578,True,0.008000001311302185,0.7886989116668701,22.634354501539754,4.395916938781738,0.03983612358570099,0.40575456619262695,0.040830597281455994,0.04389407755360008,0.9909379262300755,10,60,,Voxtral_EN,"Kitty, can you play chess?","Kitty, come you play chess."
00857_0019_sad_0019_001101,0019,sad,happy,neutral,neutral,neutral,happy,happy,happy,True,True,True,True,True,0.5,0.7256821393966675,False,0.008000001311302185,0.7940159440040588,18.478777232854267,1.2424652576446533,0.07447353005409241,1.4574476480484009,0.029902994632720947,0.08904830556452276,0.9400598692028844,3,60,,Voxtral_EN,"""Said the American to the Chinese, 'I'm not a Communist.'""","""Say the American to the Chinese, 'I'm sorry, I don't understand.'"""
00858_0019_sad_0019_001240,0019,sad,happy,neutral,neutral,neutral,happy,happy,happy,True,True,True,True,True,0.5,0.8998540639877319,True,0.008000001311302185,0.6670729517936707,27.93381105418066,2.3210530281066895,0.03334266319870949,0.6064275503158569,0.021041622385382652,0.039407149118091914,0.9856346827086896,5,60,,Voxtral_EN,"And they were sandy, yellow, brownish all over.",When there were sandy yellow brownish all over.
00859_0019_sad_0019_001303,0019,sad,happy,neutral,neutral,neutral,happy,happy,happy,True,True,True,True,True,0.25,0.7518612146377563,False,0.008000001311302185,0.7628086805343628,15.868077826192666,2.327648162841797,0.038091666996479034,0.37352192401885986,0.044483732432127,0.041827331073991954,0.9836351268183189,7,60,,Voxtral_EN,I have a soothsayer.,I'd have a soothsayer.
00860_0019_sad_0019_001105,0019,sad,happy,sad,neutral,neutral,happy,happy,happy,True,True,True,True,True,0.3333333333333333,0.7247614860534668,False,0.008000001311302185,0.7429301738739014,20.10467420688051,2.5974574089050293,0.01272665522992611,1.9283286333084106,0.026494372636079788,0.032010206506736576,0.9951003411311791,4,60,,Voxtral_EN,A deafening chirping rent the air.,"A deafening cheer, we rent the air."
00861_0019_sad_0019_001371,0019,sad,happy,neutral,neutral,neutral,happy,happy,happy,True,True,True,True,True,1.0,0.17348229885101318,False,0.008000001311302185,0.6136167049407959,21.929391565535013,1.3792365789413452,0.03593943640589714,4.388092994689941,0.029899321496486664,0.07982066534601151,0.9739425150444582,4,60,,Voxtral_EN,Called out the cloud.,Hollabaugh Click Loud.
00862_0019_sad_0019_001142,0019,sad,happy,neutral,neutral,neutral,happy,happy,happy,True,True,True,True,True,0.9166666666666666,0.2798183560371399,False,0.008000001311302185,0.8087118864059448,19.44961778233641,3.18125319480896,0.01714525744318962,3.0710275173187256,0.030278272926807404,0.04785583539910614,0.9946105335245976,3,60,,Voxtral_EN,No. The crown is not awarded to the winner of the game.,Thus the one meant wins gives the crowd.
00863_0019_sad_0019_001270,0019,sad,happy,neutral,neutral,neutral,happy,happy,happy,True,True,True,True,True,0.3333333333333333,0.6226069927215576,False,0.008000001311302185,0.6550988554954529,25.62247057506573,2.327899932861328,0.03326353058218956,1.8269977569580078,0.024711955338716507,0.05153375527132303,0.985710927642279,10,60,,Voxtral_EN,Her paw went into your eye.,For Paul went into your eye.
00864_0019_sad_0019_001080,0019,sad,happy,neutral,neutral,neutral,happy,happy,happy,True,True,True,True,True,1.0,0.08427752554416656,False,0.008000001311302185,1.04250168800354,14.251326162954879,2.3848094940185547,0.019588854163885117,5.525113582611084,0.049554191529750824,0.07484048553191125,0.9917859878480789,5,60,,Voxtral_EN,Must the name mean something?,"Love's amazing, Tom say."
00865_0019_sad_0019_001162,0019,sad,happy,neutral,neutral,neutral,happy,happy,happy,True,True,True,True,True,0.4,0.7040151953697205,False,0.008000001311302185,0.679265022277832,23.588847159353218,2.5170092582702637,0.009547663852572441,1.7871447801589966,0.03390336036682129,0.027419450687766075,0.9962067426565074,6,60,,Voxtral_EN,Clown to call him Joey.,"Found, call him Joey."
00866_0019_sad_0019_001348,0019,sad,happy,neutral,neutral,neutral,happy,happy,happy,True,True,True,True,True,0.16666666666666666,0.9965484738349915,True,0.008000001311302185,0.8410807251930237,16.85134569903049,1.782882571220398,0.015803219750523567,0.2499571591615677,0.04291389510035515,0.018303220481090246,0.9911361409856028,4,60,,Voxtral_EN,She come back to the valley.,She come back to the Valley.
00867_0019_sad_0019_001332,0019,sad,happy,neutral,neutral,happy,happy,happy,happy,True,True,True,True,True,0.0,1.0000001192092896,True,0.008000001311302185,0.6776528358459473,19.564366801193238,1.0132349729537964,0.01021519210189581,0.06411270797252655,0.025254100561141968,0.010856571722626687,0.9899182397227009,4,60,,Voxtral_EN,"Alice, I won't forget it again.","Alice, I won't forget it again."
00868_0019_sad_0019_001055,0019,sad,happy,neutral,neutral,neutral,happy,happy,happy,True,True,True,True,True,0.0,1.0,True,0.008000001311302185,0.8186317086219788,16.721987052113203,1.78341805934906,0.01995735615491867,0.5627333521842957,0.03458406776189804,0.025585035517439247,0.9888094908256099,4,60,,Voxtral_EN,Clear then clear water.,Clear then clear water.
00869_0019_sad_0019_001061,0019,sad,happy,neutral,happy,happy,happy,happy,happy,True,True,True,True,True,0.6,0.9516897201538086,True,0.008000001311302185,0.570752739906311,21.0325108337482,0.9713680148124695,0.00405819620937109,0.36713650822639465,0.016245564445853233,0.007729723747279495,0.9958221846432173,0,60,,Voxtral_EN,Chapter 10: A Warm Welcome,Chapter 10. A warm welcome.
00870_0019_sad_0019_001135,0019,sad,happy,neutral,neutral,neutral,happy,happy,happy,True,True,True,True,True,0.25,0.9689182043075562,True,0.008000001311302185,0.7705488204956055,19.27605941520817,2.3034520149230957,0.015005527064204216,1.168962001800537,0.022363167256116867,0.02669537071388215,0.9934856350525256,5,60,,Voxtral_EN,I suppose I take grandmother a fresh vegetable.,I take grandmother a fresh vegetable.
00871_0019_sad_0019_001125,0019,sad,happy,neutral,neutral,neutral,happy,happy,happy,True,True,True,True,True,0.6666666666666666,0.5348098278045654,False,0.008000001311302185,0.9772706627845764,19.927608835362086,2.915428638458252,0.016067909076809883,1.538661241531372,0.038816388696432114,0.03145490965601057,0.9944886632226722,4,60,,Voxtral_EN,I'd far rather go without them than eat them.,"I'd far rather go, it sounds better, better, better."
00872_0019_sad_0019_001070,0019,sad,happy,neutral,neutral,neutral,happy,happy,happy,True,True,True,True,True,0.1111111111111111,0.9521313309669495,True,0.008000001311302185,0.7141992449760437,19.01150525288814,2.090095281600952,0.01386663131415844,0.1544598639011383,0.031961552798748016,0.015411549568697811,0.9933655506348318,7,60,,Voxtral_EN,At the roots of a bush of a grass.,As the roots of a bush of a grass.
00873_0019_sad_0019_001306,0019,sad,happy,neutral,neutral,neutral,happy,happy,happy,True,True,True,True,True,0.0,1.0,True,0.008000001311302185,0.7491395473480225,20.776218186156537,1.5659494400024414,0.14394259452819824,0.24750763177871704,0.029414691030979156,0.14641796499289572,0.9080796666538775,9,60,,Voxtral_EN,I must have two to fetch and carry.,I must have two to fetch and carry.
00874_0019_sad_0019_001224,0019,sad,happy,neutral,neutral,neutral,happy,happy,happy,True,True,True,True,True,0.125,0.9203159213066101,True,0.008000001311302185,0.6952793598175049,23.36466689134017,1.555808424949646,0.04183107241988182,1.548121690750122,0.02159145474433899,0.05731250524193048,0.9731129670279066,4,60,,Voxtral_EN,I pay half a crown a week extra.,I made half a crown a week extra.
00875_0019_surprise_0019_001732,0019,surprise,happy,neutral,neutral,neutral,happy,happy,happy,True,True,True,True,True,1.5,0.2847815155982971,False,0.008000001311302185,0.5989590883255005,27.127019221121337,3.9807090759277344,0.05921918898820877,1.0526031255722046,0.02362973615527153,0.06974545654129237,0.9851234571884891,14,60,,Voxtral_EN,Where are you going?,"When you go laying, you put him"
00876_0019_surprise_0019_001735,0019,surprise,happy,neutral,neutral,neutral,happy,happy,happy,True,True,True,True,True,0.8,0.6007719039916992,False,0.008000001311302185,0.7051324844360352,24.9366576307615,3.4083704948425293,0.006292945705354214,0.7694359421730042,0.022353699430823326,0.013987528664078564,0.9981536790924354,10,60,,Voxtral_EN,But things haven't changed yet.,What things have happily changed yet?
00877_0019_surprise_0019_001448,0019,surprise,happy,surprise,neutral,surprise,happy,happy,happy,True,True,True,True,True,0.25,0.9928404092788696,True,0.008000001311302185,0.7245592474937439,24.31885722726909,3.093432903289795,0.01385402213782072,0.21402861177921295,0.03533218801021576,0.01599466157749295,0.9955214732076175,10,60,,Voxtral_EN,"You are not a runaway, who are you?",You are not a runaway. Who are you?
00878_0019_surprise_0019_001593,0019,surprise,happy,neutral,neutral,neutral,happy,happy,happy,True,True,True,True,True,0.0,1.0,True,0.008000001311302185,0.7099144458770752,22.733173965779297,1.5521388053894043,0.022258426994085312,0.11906375735998154,0.03395495563745499,0.0234494041172415,0.9856595125920449,3,60,,Voxtral_EN,Please hire me after you.,Please hire me after you.
00879_0019_surprise_0019_001586,0019,surprise,happy,angry,angry,angry,happy,happy,happy,True,True,True,True,True,0.4444444444444444,0.7835531830787659,False,0.008000001311302185,0.6500648856163025,25.047225012878197,3.026495933532715,0.06339526176452637,0.6735828518867493,0.019125133752822876,0.07013128153473139,0.9790532473339465,6,60,,Voxtral_EN,She jumped at the tail and bit it savagely.,She dumped at the tail and bite it Savage League.
00880_0019_surprise_0019_001503,0019,surprise,happy,surprise,neutral,surprise,happy,happy,happy,True,True,True,True,True,0.0,1.0,True,0.008000001311302185,0.7865204215049744,20.455736332834885,2.3155155181884766,0.012937702238559723,0.12275759130716324,0.029094569385051727,0.014165569097325206,0.9944126039592767,8,60,,Voxtral_EN,The elephant and the carpenter is the longest.,The elephant and the carpenter is the longest.
00881_0019_surprise_0019_001696,0019,surprise,happy,surprise,neutral,surprise,happy,happy,happy,True,True,True,True,True,0.75,0.5673152208328247,False,0.008000001311302185,0.73536616563797,23.406249401814318,3.1311278343200684,0.05012673884630203,2.0664620399475098,0.03518902510404587,0.07079171113602817,0.9839908360505546,7,60,,Voxtral_EN,You woke me up?,You've walked me up.
00882_0019_surprise_0019_001614,0019,surprise,happy,neutral,neutral,neutral,happy,happy,happy,True,True,True,True,True,0.3333333333333333,0.34234923124313354,False,0.00800000037997961,0.7561555504798889,23.399490685146596,3.4111459255218506,0.02669757418334484,1.5161659717559814,0.021003078669309616,0.041859443931691345,0.9921734294673247,11,60,,Voxtral_EN,But what about this thing? Sticky.,But what about this spin?
00883_0019_surprise_0019_001595,0019,surprise,happy,neutral,neutral,neutral,happy,happy,happy,True,True,True,True,True,0.5714285714285714,0.35056769847869873,False,0.008000001311302185,0.9165218472480774,20.50767168879876,3.2929000854492188,0.033135928213596344,2.8245813846588135,0.043189018964767456,0.061382173950374125,0.9899371595390888,6,60,,Voxtral_EN,A boat put out on the bay.,"I'll vote, darling. We'll put out on the bay."
00884_0019_surprise_0019_001564,0019,surprise,happy,angry,angry,angry,happy,happy,happy,True,True,True,True,True,0.42857142857142855,0.43619459867477417,False,0.008000001311302185,1.0588767528533936,20.143917465200495,4.211068630218506,0.01986750215291977,1.362430453300476,0.04554486274719238,0.033492262134552,0.9952820759057805,16,60,,Voxtral_EN,His large mouth curled into a sneer.,"If a large mouth curled into a sphere,"
00885_0019_surprise_0019_001499,0019,surprise,happy,neutral,neutral,neutral,neutral,happy,happy,False,False,True,True,False,0.2,0.8839987516403198,True,0.008000001311302185,0.8383153676986694,21.395316245745995,2.4176254272460938,0.5365266799926758,0.5698977708816528,0.044297315180301666,0.5422261006746442,0.7780770031841405,9,60,,Voxtral_EN,I've hit the wrong nose.,I'd hit the wrong nose.
00886_0019_surprise_0019_001685,0019,surprise,happy,neutral,neutral,surprise,happy,happy,happy,True,True,True,True,True,0.16666666666666666,0.9967397451400757,True,0.008000001311302185,0.5932488441467285,30.372207798962428,2.3222267627716064,0.08195001631975174,0.38757503032684326,0.016837196424603462,0.08582593499498442,0.9647105882881379,12,60,,Voxtral_EN,"The straw, charcoal and the pea.","The straw, charcoal, and the pea."
00887_0019_surprise_0019_001496,0019,surprise,happy,neutral,neutral,neutral,happy,happy,happy,True,True,True,True,True,0.8,0.4990825653076172,False,0.008000001311302185,0.6864369511604309,18.203441163247053,2.4998631477355957,0.01994868367910385,1.6916998624801636,0.027440270408988,0.036865956706609575,0.9920200897008408,5,60,,Voxtral_EN,I don't paint it tiger.,I've dope-hanted tiger.
00888_0019_surprise_0019_001521,0019,surprise,happy,neutral,neutral,neutral,happy,happy,happy,True,True,True,True,True,36.4,0.26262959837913513,False,0.008000001311302185,0.6510212421417236,22.315617697554817,2.2647151947021484,0.06650294363498688,0.5584090352058411,0.02237563580274582,0.07208725774340331,0.9706351845960334,4,60,,Voxtral_EN,Finn and the fairy shoemaker,"Finn: I'm not sure. I mean, I'm not sure if I'm ready for that. I mean, I'm not sure if I'm ready for that. I mean, I'm not sure if I'm ready for that. I mean, I'm not sure if I'm ready for that. I mean, I'm not sure if I'm ready for that. I mean, I'm not sure if I'm ready for that. I mean, I'm not sure if I'm ready for that. I mean, I'm not sure if I'm ready for that. I mean, I'm not sure if I'm ready for that. I mean, I'm not sure if I'm ready for that. I mean, I'm not sure if I'm ready for that. I mean, I'm not sure if I'm ready for that. I mean, I'm not sure if I'm ready for that. I mean, I'm not sure if I'm ready for that. I mean, I'm not sure if I'm ready for that. I mean, I'm not sure if I'm ready for that. I mean, I'm not sure if I'm ready for that. I mean, I'm not sure if I'm ready"
00889_0019_surprise_0019_001656,0019,surprise,happy,neutral,neutral,neutral,happy,happy,happy,True,True,True,True,True,0.125,0.9594621658325195,True,0.008000001311302185,0.641410231590271,26.18145269813422,2.3917808532714844,0.08110258728265762,0.7054736018180847,0.02361895516514778,0.08815755949039013,0.966091129472951,7,60,,Voxtral_EN,I must have two to fetch a carry?,I must have two to fetch a carry.
00890_0019_surprise_0019_001517,0019,surprise,happy,surprise,sad,surprise,neutral,happy,happy,False,False,True,True,False,0.2,0.6309704184532166,False,0.008000001311302185,0.6968268156051636,21.68162358938835,2.7006938457489014,0.20861300826072693,1.115411639213562,0.0384310744702816,0.21976750896360725,0.9227557730806475,11,60,,Voxtral_EN,They were children of mine?,They were children of mind.
00891_0019_surprise_0019_001514,0019,surprise,happy,neutral,neutral,surprise,happy,happy,happy,True,True,True,True,True,0.8,0.555962085723877,False,0.008000001311302185,0.799321711063385,22.05627743525342,2.802124500274658,0.023903584107756615,1.7151124477386475,0.02831081673502922,0.041054991693310436,0.9914694782100462,12,60,,Voxtral_EN,A half pounds of flour and two ounces of squat.,"Aha, that's a ton of flour and juice is sweet."
00892_0019_surprise_0019_001440,0019,surprise,happy,neutral,neutral,neutral,happy,happy,happy,True,True,True,True,True,0.16666666666666666,0.8203402757644653,True,0.008000001311302185,0.6327838897705078,26.731905030198124,1.9451067447662354,0.02308160625398159,0.8914270401000977,0.019397344440221786,0.03199607062842697,0.9881335015077769,18,60,,Voxtral_EN,In which Fox loses a tail and his elder sister finds one.,In which Fops loses a tail and its elder sister finds one.
00893_0019_surprise_0019_001483,0019,surprise,happy,neutral,neutral,neutral,happy,happy,happy,True,True,True,True,True,0.125,0.8943538069725037,True,0.008000001311302185,0.6405898928642273,25.320788310292045,1.7592267990112305,0.04025004804134369,1.0445020198822021,0.024091672152280807,0.05069530915688723,0.9771206031740955,6,60,,Voxtral_EN,Be off now as quick as you may.,We off now as quick as you may.
00894_0019_surprise_0019_001749,0019,surprise,happy,neutral,neutral,neutral,happy,happy,happy,True,True,True,True,True,0.14285714285714285,0.8076634407043457,True,0.008000001311302185,0.6894877552986145,25.287730987088494,3.6729273796081543,0.06598250567913055,0.22249957919120789,0.023572221398353577,0.06820773719325662,0.9820354450661178,8,60,,Voxtral_EN,What do you think of this question?,What do you speak of this question?
00895_0019_surprise_0019_001745,0019,surprise,happy,neutral,neutral,neutral,happy,happy,happy,True,True,True,True,True,0.4,0.6793431639671326,False,0.008000001311302185,0.6537980437278748,26.607908115548188,3.6302332878112793,0.05167485773563385,2.3000898361206055,0.034190475940704346,0.07467609800159931,0.9857654168096758,14,60,,Voxtral_EN,A worrying noise was heard.,Our Warren noise was heard.
00896_0019_surprise_0019_001658,0019,surprise,happy,neutral,neutral,neutral,happy,happy,happy,True,True,True,True,True,1.0,0.6392046213150024,False,0.008000001311302185,0.7221500873565674,24.325077047675634,3.082775831222534,0.017064029350876808,0.562536895275116,0.025845762342214584,0.02268965676125139,0.994464719368158,12,60,,Voxtral_EN,"Mom shuts one's mouth up, doesn't it?",Mom's just won some mouse up. Doesn't it?
00897_0019_surprise_0019_001422,0019,surprise,happy,neutral,neutral,happy,happy,happy,happy,True,True,True,True,True,0.0,0.9999998807907104,True,0.008000001311302185,0.7527478337287903,21.73553480731959,1.5389487743377686,0.03201065957546234,0.067425437271595,0.02327040210366249,0.03268514665219933,0.9791996588130512,8,60,,Voxtral_EN,And what are doves? And what are doves?,And what are doves? And what are doves?
00898_0019_surprise_0019_001583,0019,surprise,happy,surprise,neutral,surprise,happy,happy,happy,True,True,True,True,True,0.8,0.10405935347080231,False,0.008000001311302185,0.7234141230583191,22.476517662564625,3.235523223876953,0.044621728360652924,3.3755128383636475,0.03327735885977745,0.078377189517878,0.9862088060344116,5,60,,Voxtral_EN,Fresh pain sees Paul's body.,"Fresh paint, these polished bodies."
00899_0019_surprise_0019_001546,0019,surprise,happy,surprise,neutral,surprise,happy,happy,happy,True,True,True,True,True,0.5,0.9334171414375305,True,0.008000001311302185,0.6963049173355103,23.373509032488286,2.988528251647949,0.033310264348983765,1.28403639793396,0.021372703835368156,0.04615084205536172,0.9888539570169311,5,60,,Voxtral_EN,"He said to Jack, the chatterer?","He said to Jack, ""The chatter words?"""
00900_0020_angry_0020_000542,0020,angry,happy,sad,sad,neutral,happy,happy,happy,True,True,True,True,True,0.3333333333333333,0.7205935120582581,False,0.008000001311302185,0.6552335023880005,24.247079001546588,3.385049343109131,0.02322087064385414,1.7792274951934814,0.02690822444856167,0.04101341467803345,0.9931401677523182,6,60,,Voxtral_EN,I have had to grow old.,I had happy grow old.
00901_0020_angry_0020_000559,0020,angry,happy,angry,angry,neutral,happy,happy,happy,True,True,True,True,True,1.0,0.8363886475563049,True,0.008000001311302185,0.7800922393798828,22.263106964089168,3.5107126235961914,0.017181841656565666,1.8535856008529663,0.038800183683633804,0.035718085666932166,0.9951058820533806,8,60,,Voxtral_EN,A raging fire was in his eyes.,RATING FIREWORKS IN HIS EYES
00902_0020_angry_0020_000376,0020,angry,happy,neutral,neutral,neutral,neutral,happy,happy,False,False,True,True,False,0.5714285714285714,0.8791435956954956,True,0.008000001311302185,0.706621527671814,25.601470169632094,4.358268737792969,0.4372095763683319,0.6820840239524841,0.03911050409078598,0.44403080771289766,0.8996827404017002,24,60,,Voxtral_EN,Let's make the noise of a snake.,"that if you make the noise of a snake,"
00903_0020_angry_0020_000500,0020,angry,happy,neutral,neutral,happy,happy,happy,happy,True,True,True,True,True,0.0,0.9999998211860657,True,0.008000001311302185,0.47094517946243286,26.885888916730956,1.4671885967254639,0.012263726443052292,0.07540316134691238,0.01882927678525448,0.013017946349289268,0.9916413428577464,2,60,,Voxtral_EN,I hope you enjoyed yourself.,I hope you enjoyed yourself.
00904_0020_angry_0020_000580,0020,angry,happy,neutral,neutral,neutral,happy,happy,happy,True,True,True,True,True,0.0,1.0,True,0.008000001311302185,0.6873630881309509,23.760502140780705,2.999108076095581,0.019319981336593628,0.13127239048480988,0.02686217427253723,0.02063297386318445,0.9935580909902568,11,60,,Voxtral_EN,Your own wife is not at home.,Your own wife is not at home.
00905_0020_angry_0020_000388,0020,angry,happy,neutral,neutral,neutral,happy,happy,happy,True,True,True,True,True,0.14285714285714285,0.9725246429443359,True,0.008000001311302185,0.6861066818237305,29.521497958918737,3.7014551162719727,0.03229880332946777,0.411721795797348,0.024742309004068375,0.036416268710531295,0.9912740253995033,8,60,,Voxtral_EN,Hold up my chin slow and solid.,"Hold up my chin, slow and solid."
00906_0020_angry_0020_000507,0020,angry,happy,neutral,happy,happy,happy,happy,happy,True,True,True,True,True,0.3333333333333333,0.7999105453491211,False,0.008000001311302185,0.5040515661239624,27.52684681989896,0.981155514717102,0.07598026096820831,0.39915913343429565,0.01978122815489769,0.07997205011483283,0.9225604301983505,0,60,,Voxtral_EN,Blackbird and Jay.,Blackwood and Jay.
00907_0020_angry_0020_000514,0020,angry,happy,angry,angry,angry,neutral,happy,happy,False,False,True,True,False,0.5714285714285714,0.48029083013534546,False,0.008000001311302185,0.81187504529953,19.195430479895926,4.220141410827637,0.3146919012069702,1.5291179418563843,0.03889394551515579,0.3299834695649892,0.9254309582139679,9,60,,Voxtral_EN,His large mouth curled into a sneer.,Who's large and curls into a sinew.
00908_0020_angry_0020_000648,0020,angry,happy,neutral,happy,happy,happy,happy,happy,True,True,True,True,True,0.5,0.7603514790534973,False,0.008000016212463379,0.6332666873931885,27.623799139292412,1.1022578477859497,0.033603258430957794,1.882989525794983,0.03267062455415726,0.052433480395153165,0.9695141581450701,3,60,,Voxtral_EN,She come back to the valley.,"If you come back to the Valley,"
00909_0020_angry_0020_000408,0020,angry,happy,neutral,neutral,neutral,happy,happy,happy,True,True,True,True,True,0.0,1.0,True,0.008000001311302185,0.6837669610977173,27.158482249948563,3.0883612632751465,0.0911872610449791,0.2501671612262726,0.027537880465388298,0.09368920803604647,0.9704739007934983,19,60,,Voxtral_EN,The octopus has eight legs.,The octopus has eight legs.
00910_0020_angry_0020_000471,0020,angry,happy,neutral,neutral,happy,happy,happy,happy,True,True,True,True,True,0.4,0.6221279501914978,False,0.008000001311302185,0.5875037312507629,23.519400962244784,1.3085777759552002,0.06021261215209961,1.9179679155349731,0.030733583495020866,0.0793925986432843,0.9539862182756793,3,60,,Voxtral_EN,Fin and the fairy shoemaker.,Fin and the fairy Humei crew
00911_0020_angry_0020_000576,0020,angry,happy,neutral,neutral,neutral,happy,happy,happy,True,True,True,True,True,0.125,0.9944336414337158,True,0.008000001311302185,0.7563284039497375,22.658372111761928,2.182185173034668,0.05645107477903366,0.3903901278972626,0.029170971363782883,0.06035526776771992,0.974130942013262,10,60,,Voxtral_EN,"And the next day, nurse will be released.","And the next day, Nurse will be released."
00912_0020_angry_0020_000386,0020,angry,happy,angry,sad,angry,happy,happy,happy,True,True,True,True,True,0.8333333333333334,0.14551812410354614,False,0.008000016212463379,1.0792367458343506,22.464747470832265,3.2666068077087402,0.11187100410461426,2.5020415782928467,0.053840115666389465,0.13689195828869938,0.9657531467085007,6,60,,Voxtral_EN,How I hate this foul pool.,How are you?
00913_0020_angry_0020_000509,0020,angry,happy,happy,happy,happy,happy,happy,happy,True,True,True,True,True,0.0,1.0000001192092896,True,0.00800000037997961,0.1252584308385849,39.20176435956086,0.07931219786405563,0.008385958150029182,0.1986822485923767,0.0031604196410626173,0.01037281224014936,0.894266476331887,0,60,,Voxtral_EN,Such tunes are joy to a dancing fae.,Such tunes are joy to a dancing fae.
00914_0020_angry_0020_000588,0020,angry,happy,neutral,neutral,neutral,happy,happy,happy,True,True,True,True,True,0.4,0.9715203046798706,True,0.008000001311302185,0.6932041645050049,23.823269303589917,2.549363136291504,0.08191841840744019,0.5113982558250427,0.031905751675367355,0.08703272002320736,0.967867104830501,9,60,,Voxtral_EN,Today isn't any other day.,Because today isn't any other day.
00915_0020_angry_0020_000697,0020,angry,happy,neutral,neutral,neutral,happy,happy,happy,True,True,True,True,True,0.0,0.9999998807907104,True,0.008000001311302185,0.7054665684700012,23.975676325940437,2.4675326347351074,0.19538603723049164,0.11348430067300797,0.02535458281636238,0.1965211337830499,0.9208172429089406,10,60,,Voxtral_EN,"What are you waiting for, man?","What are you waiting for, man?"
00916_0020_angry_0020_000366,0020,angry,happy,neutral,happy,happy,happy,happy,happy,True,True,True,True,True,0.14285714285714285,0.9560428261756897,True,0.008000001311302185,0.4708227813243866,30.6526688669626,1.3174173831939697,0.08035002648830414,0.2387159764766693,0.015569555573165417,0.08273734194862656,0.9390094380768667,4,60,,Voxtral_EN,"Mr. Sherman, I move for a division.","Mr. Sherman, I moved for a division."
00917_0020_angry_0020_000529,0020,angry,happy,neutral,happy,happy,happy,happy,happy,True,True,True,True,True,0.4,0.947811484336853,True,0.008000001311302185,0.49595823884010315,20.93370437047653,0.6941802501678467,0.01002274826169014,0.164859339594841,0.02216913551092148,0.011671563348993658,0.9855617496186808,0,60,,Voxtral_EN,Daisy creams with pink edges.,And daisy creams with pink edges.
00918_0020_angry_0020_000598,0020,angry,happy,neutral,neutral,surprise,happy,happy,happy,True,True,True,True,True,0.16666666666666666,0.8145614266395569,True,0.008000001311302185,0.5591718554496765,24.512366161598433,1.7955106496810913,0.01581703871488571,0.9627245664596558,0.02436743676662445,0.025444528053849936,0.9911907853525151,3,60,,Voxtral_EN,In which Piglet meets an elephant.,In which Pinklet meets an elephant.
00919_0020_angry_0020_000670,0020,angry,happy,angry,neutral,neutral,happy,happy,happy,True,True,True,True,True,0.14285714285714285,0.8636748790740967,True,0.008000001311302185,0.576420783996582,28.995255575183858,1.9536406993865967,0.0293238814920187,0.7049391865730286,0.01662249118089676,0.036373439582660795,0.9849901358518863,5,60,,Voxtral_EN,Go Billy ask the old Chinese guy.,"Go Philly, ask the old Chinese guy."
00920_0020_angry_0020_000352,0020,angry,happy,neutral,neutral,neutral,happy,happy,happy,True,True,True,True,True,0.125,0.578900933265686,False,0.008000001311302185,0.7649405598640442,22.363581477862073,1.7763984203338623,0.020221881568431854,0.9931622743606567,0.03232754021883011,0.030153827587440608,0.9886163591810494,5,60,,Voxtral_EN,I did go and I made many prisoners.,I did go and I made many prisms.
00921_0020_angry_0020_000412,0020,angry,happy,neutral,neutral,happy,neutral,happy,happy,False,False,True,True,False,0.16666666666666666,0.57603919506073,False,0.008000001311302185,0.5671148896217346,30.89439871181456,1.6426715850830078,0.3358195722103119,1.0344053506851196,0.019186092540621758,0.3461638175780885,0.7955649959128366,6,60,,Voxtral_EN,Tom went on a Yore gloomily.,Tom went on a Yore Lumali.
00922_0020_angry_0020_000592,0020,angry,happy,sad,sad,sad,happy,happy,happy,True,True,True,True,True,0.2727272727272727,0.6863945722579956,False,0.008000001311302185,0.9130217432975769,22.244395357463667,3.2527825832366943,0.0891980230808258,0.5048914551734924,0.028625313192605972,0.09424722388569265,0.9725779326474169,10,60,,Voxtral_EN,Give me your hand or I will cry harder than before.,Give me your hand or I will pride harder than these four.
00923_0020_angry_0020_000643,0020,angry,happy,neutral,happy,neutral,happy,happy,happy,True,True,True,True,True,0.18181818181818182,0.9763654470443726,True,0.008000001311302185,0.6599675416946411,25.10068676403508,1.7812142372131348,0.008591635152697563,0.32316288352012634,0.023391060531139374,0.011823497898504138,0.9951765290366531,3,60,,Voxtral_EN,He is old fashioned but he is the best of men.,"He is old-fashioned, but he is the best of men."
00924_0020_angry_0020_000642,0020,angry,happy,neutral,neutral,neutral,happy,happy,happy,True,True,True,True,True,0.6,0.6355880498886108,False,0.008000001311302185,0.624980092048645,25.728028241128737,3.685944080352783,0.026462431997060776,0.8222851753234863,0.028878983110189438,0.03468557254012675,0.9928207179978357,8,60,,Voxtral_EN,She has a high voice.,She has the highest boings.
00925_0020_neutral_0020_000318,0020,neutral,happy,neutral,happy,happy,happy,happy,happy,True,True,True,True,True,0.25,0.7305296063423157,False,0.008000001311302185,0.7978853583335876,15.60230374354064,1.361644983291626,0.01308287214487791,1.2090684175491333,0.031163834035396576,0.0251738679587096,0.9903918625593203,5,60,,Voxtral_EN,The name of the song is called Haddox.,The name of the song is called Had Ups.
00926_0020_neutral_0020_000090,0020,neutral,happy,neutral,neutral,neutral,happy,happy,happy,True,True,True,True,True,0.6,0.525303304195404,False,0.008000001311302185,0.7805431485176086,17.357085443339155,2.255789279937744,0.06377166509628296,2.9373605251312256,0.03577237203717232,0.09314562807131559,0.9717297773939049,6,60,,Voxtral_EN,And they did push so.,And they did for so sweet.
00927_0020_neutral_0020_000194,0020,neutral,happy,sad,sad,sad,happy,happy,happy,True,True,True,True,True,1.25,0.10038375854492188,False,0.008000001311302185,0.8180599808692932,10.711584469240886,3.7873764038085938,0.03154508396983147,2.3982417583465576,0.04314421862363815,0.055527932995483274,0.9916709931608304,5,60,,Voxtral_EN,"Yes, I miss her.",I'm going to enjoy myself.
00928_0020_neutral_0020_000040,0020,neutral,happy,sad,neutral,neutral,happy,happy,happy,True,True,True,True,True,1.6666666666666667,0.47356677055358887,False,0.008000001311302185,0.6591687798500061,20.585549989564772,1.826666235923767,0.03939250856637955,1.5186837911605835,0.021199706941843033,0.0545795584750548,0.9784347529988376,8,60,,Voxtral_EN,"The title of the story is ""The Tailor's Fox.""","In ""Fox and the Hound"" a fox loses a tail and its outdoor sister finds one."
00929_0020_neutral_0020_000191,0020,neutral,happy,neutral,neutral,neutral,happy,happy,happy,True,True,True,True,True,0.14285714285714285,0.7367944717407227,False,0.008000001311302185,0.8487725257873535,15.56951664805261,3.396493911743164,0.021811649203300476,0.5836538076400757,0.04207175225019455,0.027648607997223733,0.9935781868685564,5,60,,Voxtral_EN,I make her quite nervy at times.,I make her quite envious at times.
00930_0020_neutral_0020_000213,0020,neutral,happy,neutral,neutral,happy,happy,happy,happy,True,True,True,True,True,0.75,0.5664782524108887,False,0.008000001311302185,0.7698474526405334,15.558605360251248,0.89201420545578,0.02420463226735592,1.193333625793457,0.03355675935745239,0.036138304092884065,0.9728651941647181,0,60,,Voxtral_EN,"Let it give us a chance, my precious.","""God gave us a chance, my brethren, to heal."""
00931_0020_neutral_0020_000333,0020,neutral,happy,angry,neutral,neutral,happy,happy,happy,True,True,True,True,True,0.6,0.8541344404220581,True,0.008000001311302185,0.8265284299850464,12.904828742838895,2.826683759689331,0.019652141258120537,1.367211937904358,0.04213831573724747,0.03332468202032149,0.9930476335774185,11,60,,Voxtral_EN,"You gain for nothing, girl.","We gained from nothing, girl."
00932_0020_neutral_0020_000218,0020,neutral,happy,neutral,neutral,neutral,happy,happy,happy,True,True,True,True,True,0.875,0.25707143545150757,False,0.008000001311302185,1.0202275514602661,15.386089741728055,2.426565170288086,0.2312035858631134,2.095054864883423,0.04235892742872238,0.2521545581012219,0.9047198118995236,3,60,,Voxtral_EN,I will send for Tom to my boudour.,Thaiol Sempertam to Maidbudur
00933_0020_neutral_0020_000265,0020,neutral,happy,neutral,neutral,neutral,happy,happy,happy,True,True,True,True,True,0.2,0.6404045224189758,False,0.008000001311302185,0.8675385117530823,10.470304306023532,1.693723440170288,0.0629090964794159,0.6746717691421509,0.03885209187865257,0.06965620269175618,0.9628575155852535,5,60,,Voxtral_EN,I've just shot a stag.,I've just shot a stingray.
00934_0020_neutral_0020_000309,0020,neutral,happy,neutral,neutral,neutral,happy,happy,happy,True,True,True,True,True,0.7777777777777778,0.4830479025840759,False,0.008000001311302185,0.9516280293464661,14.269099826862844,1.7852015495300293,0.02403677999973297,2.4910106658935547,0.03558221086859703,0.048947242480777205,0.9865355371184498,4,60,,Voxtral_EN,"He owed Mr. Lawson, ""I can't tell you how.""","""See you with the Mr. Ball soon. I can't tell you how."""
00935_0020_neutral_0020_000237,0020,neutral,happy,neutral,neutral,happy,happy,happy,happy,True,True,True,True,True,0.75,0.5202797651290894,False,0.008000001311302185,0.7916512489318848,14.415914159091713,1.7089207172393799,0.0861629843711853,1.6917656660079956,0.0380798876285553,0.10308102183014153,0.9495804670737595,7,60,,Voxtral_EN,They would do a review of the year.,What would they do at the end of the year?
00936_0020_neutral_0020_000140,0020,neutral,happy,neutral,neutral,neutral,happy,happy,happy,True,True,True,True,True,0.6666666666666666,0.1313333809375763,False,0.008000001311302185,1.0701286792755127,12.731120548525439,3.266988754272461,0.022643066942691803,0.9522429704666138,0.050361912697553635,0.03216600026648492,0.9930691322665007,4,60,,Voxtral_EN,What an impetuous boy he is.,What an impeccable go you all.
00937_0020_neutral_0020_000214,0020,neutral,happy,neutral,neutral,neutral,happy,happy,happy,True,True,True,True,True,0.3333333333333333,0.4586537778377533,False,0.008000001311302185,0.8079174757003784,15.983504018034665,3.1107852458953857,0.2433471381664276,1.9215785264968872,0.04479428380727768,0.2625633713742346,0.9217730833436609,6,60,,Voxtral_EN,But what about this thing sticky?,"But what about this thing, Speedy?"
00938_0020_neutral_0020_000270,0020,neutral,happy,neutral,neutral,neutral,happy,happy,happy,True,True,True,True,True,1.4,0.6164016723632812,False,0.008000001311302185,0.9554513096809387,9.05056968756729,2.3861963748931885,0.01913408935070038,2.527599573135376,0.0446394681930542,0.04441053147673607,0.991981343383125,8,60,,Voxtral_EN,"Chew leaves quickly, said Rabbit.","Cute little quick with bed rabbit, too."
00939_0020_neutral_0020_000205,0020,neutral,happy,neutral,neutral,neutral,happy,happy,happy,True,True,True,True,True,0.8,0.7374643087387085,False,0.008000001311302185,0.903294563293457,14.97886648831316,2.0294930934906006,0.03181278705596924,0.8760160803794861,0.04074626415967941,0.0405733553224057,0.9843247621004448,9,60,,Voxtral_EN,Fear neither root nor sprout.,Where you fear neither route nor sprout.
00940_0020_neutral_0020_000138,0020,neutral,happy,neutral,neutral,neutral,happy,happy,happy,True,True,True,True,True,0.875,0.1492183953523636,False,0.008000001311302185,0.860595703125,15.362680744985218,3.8934333324432373,0.008478393778204918,5.241680145263672,0.029775401577353477,0.06089549298485741,0.9978223862965481,5,60,,Voxtral_EN,But one requires the explorer to furnish proofs.,"But one replies with ""Lord, be kind to the food."""
00941_0020_neutral_0020_000008,0020,neutral,happy,neutral,neutral,neutral,sad,happy,happy,False,False,True,True,False,0.0,1.0,True,0.008000001311302185,0.7929790616035461,16.154594384147806,2.342454433441162,0.5553434491157532,0.21639306843280792,0.042388688772916794,0.557507803686969,0.7629224111309901,16,60,,Voxtral_EN,That was his chief thought.,That was his chief thought.
00942_0020_neutral_0020_000186,0020,neutral,happy,angry,angry,neutral,happy,happy,happy,True,True,True,True,True,0.6666666666666666,0.4422266185283661,False,0.008000001311302185,0.921737551689148,14.029397326195488,3.7782905101776123,0.0109539944678545,2.0478265285491943,0.0415436327457428,0.0314326751896739,0.9971008067171258,4,60,,Voxtral_EN,She jump at the tail and bite it savagely.,"If you jump on the tail and like it,"
00943_0020_neutral_0020_000001,0020,neutral,happy,neutral,neutral,happy,happy,happy,happy,True,True,True,True,True,0.5,0.8193825483322144,True,0.008000001311302185,0.7333504557609558,16.674532949170494,1.1912354230880737,0.12865786254405975,0.9950667023658752,0.035470426082611084,0.13860888427197934,0.8919962754209103,4,60,,Voxtral_EN,The nine the eggs I keep.,The nine eggs Ikes.
00944_0020_neutral_0020_000076,0020,neutral,happy,neutral,neutral,neutral,happy,happy,happy,True,True,True,True,True,0.8333333333333334,0.030416008085012436,False,0.008000001311302185,0.7739397287368774,15.864097235009861,2.5378308296203613,0.03464537113904953,2.3597660064697266,0.04315974935889244,0.05824346280124039,0.9863484316075425,12,60,,Voxtral_EN,The hag looked in the stove.,The beagle is a dog breed.
00945_0020_neutral_0020_000269,0020,neutral,happy,neutral,neutral,neutral,happy,happy,happy,True,True,True,True,True,0.3333333333333333,0.591025173664093,False,0.008000001311302185,0.8193321824073792,13.700431085444166,4.892296314239502,0.012453369796276093,1.0367845296859741,0.03945581614971161,0.02282160965129733,0.997454493964311,4,60,,Voxtral_EN,But show me now your map.,So show me now your math.
00946_0020_neutral_0020_000233,0020,neutral,happy,neutral,neutral,neutral,happy,happy,happy,True,True,True,True,True,0.4444444444444444,0.7699200510978699,False,0.008000001311302185,0.9860769510269165,16.139655255229744,3.3278567790985107,0.012471195310354233,1.3442219495773315,0.03623388335108757,0.02591377714496106,0.9962524843651076,11,60,,Voxtral_EN,Why should I care though David's lips were twitching?,Why did I care though? David's lips were for Trina.
00947_0020_neutral_0020_000016,0020,neutral,happy,neutral,neutral,neutral,happy,happy,happy,True,True,True,True,True,0.14285714285714285,0.9472658038139343,True,0.008000001311302185,0.7733703851699829,18.914362198937443,1.7006635665893555,0.044687844812870026,0.3686581254005432,0.03091377764940262,0.04837473520465195,0.9737232891379625,2,60,,Voxtral_EN,"Mr. Chairman, I move for a division.","Mr. Chairman, I moved for a division."
00948_0020_neutral_0020_000010,0020,neutral,happy,neutral,neutral,neutral,neutral,happy,happy,False,False,True,True,False,2.0,0.14299887418746948,False,0.008000001311302185,0.8436355590820312,15.515707082355997,3.591134548187256,0.1797504872083664,2.6508443355560303,0.045140475034713745,0.20625938196867705,0.9499460449625589,6,60,,Voxtral_EN,A nauseous drought.,Her nose is a little red.
00949_0020_neutral_0020_000104,0020,neutral,happy,neutral,neutral,neutral,happy,happy,happy,True,True,True,True,True,0.16666666666666666,0.7556940317153931,False,0.008000001311302185,0.7854286432266235,17.43987298136699,1.6766388416290283,0.00678230170160532,0.4087855815887451,0.04676772281527519,0.010870625194720923,0.9959548225096494,8,60,,Voxtral_EN,Here am I whom you seek.,Here am I whom you seat.
00950_0020_sad_0020_001392,0020,sad,happy,neutral,neutral,neutral,happy,happy,happy,True,True,True,True,True,0.16666666666666666,0.6009762287139893,False,0.008000001311302185,0.8731568455696106,22.071935321394143,4.071171760559082,0.2617056965827942,1.8226912021636963,0.03910394385457039,0.2799329996438697,0.9357173531418741,18,60,,Voxtral_EN,Why should I purchase my own?,Why should I create my own?
00951_0020_sad_0020_001169,0020,sad,happy,neutral,neutral,neutral,happy,happy,happy,True,True,True,True,True,1.1666666666666667,0.13790465891361237,False,0.008000001311302185,0.8185527920722961,20.69026323573294,3.9685921669006348,0.027399441227316856,1.589542031288147,0.02633357048034668,0.04329512487590313,0.9930959292174597,6,60,,Voxtral_EN,The owl flew into a bush.,I will boast and I will shout.
00952_0020_sad_0020_001110,0020,sad,happy,neutral,neutral,neutral,happy,happy,happy,True,True,True,True,True,1.0,0.4569048285484314,False,0.008000001311302185,0.969724714756012,14.895998329375896,2.3689022064208984,0.01525840349495411,2.3921573162078857,0.03660612553358078,0.039180342718288304,0.9935588715086692,5,60,,Voxtral_EN,That I am born nurse.,For that I am born in there again.
00953_0020_sad_0020_001141,0020,sad,happy,surprise,happy,happy,happy,happy,happy,True,True,True,True,True,0.125,0.9655702114105225,True,0.008000001311302185,0.8689890503883362,16.781472144616448,1.0262970924377441,0.03324831649661064,0.5932880640029907,0.035072825849056244,0.03918154786489904,0.9676036142540008,3,60,,Voxtral_EN,We expected that Tom would jump for joy.,We expect that Tom would jump for joy.
00954_0020_sad_0020_001129,0020,sad,happy,sad,neutral,neutral,happy,happy,happy,True,True,True,True,True,0.5714285714285714,0.6061466932296753,False,0.008000001311302185,1.158823013305664,15.044613652008778,3.714580535888672,0.022641897201538086,1.5336486101150513,0.05489109456539154,0.037978932213634256,0.993904588423166,5,60,,Voxtral_EN,All my gum tips gone as well.,"Oh my gum teeth, it's on as well."
00955_0020_sad_0020_001130,0020,sad,happy,neutral,neutral,neutral,happy,happy,happy,True,True,True,True,True,0.6,0.25335633754730225,False,0.008000001311302185,0.9293410778045654,18.362332464084744,2.9767379760742188,0.02526860311627388,1.9682531356811523,0.041406743228435516,0.044951548540517694,0.9915113109318414,7,60,,Voxtral_EN,Then there was a report.,Then there was a Reet for Yehala.
00956_0020_sad_0020_001312,0020,sad,happy,neutral,neutral,neutral,happy,happy,happy,True,True,True,True,True,0.0,1.0,True,0.008000001311302185,0.8842528462409973,18.841869864683826,2.0757081508636475,0.028071431443095207,0.04387419670820236,0.045208223164081573,0.028510625492408872,0.9864762146685142,5,60,,Voxtral_EN,I believe you are one of them.,I believe you are one of them.
00957_0020_sad_0020_001286,0020,sad,happy,neutral,neutral,happy,happy,happy,happy,True,True,True,True,True,0.0,0.9999998211860657,True,0.008000001311302185,0.8782838582992554,15.889121830904934,1.3872063159942627,0.015607922337949276,0.39614999294281006,0.03767719492316246,0.019569799039326607,0.9887486654594977,4,60,,Voxtral_EN,How rash you are.,How rash you are.
00958_0020_sad_0020_001247,0020,sad,happy,sad,neutral,neutral,happy,happy,happy,True,True,True,True,True,0.8571428571428571,0.604617714881897,False,0.008000001311302185,0.948485791683197,17.124224735466637,2.098423480987549,0.020189769566059113,1.8459080457687378,0.02689250186085701,0.0386491189487651,0.9903786010073822,4,60,,Voxtral_EN,"Fur flew through the air, teeth gnashed.","Fur fur lieblich behaert, tifft nach, schaffer."
00959_0020_sad_0020_001314,0020,sad,happy,angry,neutral,neutral,happy,happy,happy,True,True,True,True,True,0.8333333333333334,0.6867357492446899,False,0.008000001311302185,0.7251085042953491,20.661827340249815,2.417958974838257,0.017608903348445892,1.9386130571365356,0.03253781050443649,0.036995359297916294,0.992717451564858,4,60,,Voxtral_EN,Slam the doors and wedge them.,Slam the doors and wave with all your might.
00960_0020_sad_0020_001115,0020,sad,happy,happy,happy,happy,happy,happy,happy,True,True,True,True,True,0.5,0.8613231182098389,True,0.008000001311302185,0.7678377628326416,15.898649487321201,0.21039484441280365,0.017066650092601776,1.706091284751892,0.030020227655768394,0.034127863142397255,0.9188827552298939,0,60,,Voxtral_EN,Tom could hardly speak for laughing.,Tom did hardly squeeze her laughing.
00961_0020_sad_0020_001379,0020,sad,happy,happy,happy,happy,happy,happy,happy,True,True,True,True,True,0.0,1.0000001192092896,True,0.007948001846671104,0.1474679857492447,41.54838409077857,0.11458493769168854,0.004319319035857916,0.07319095730781555,0.002809464931488037,0.005051256703585387,0.9623046525758925,0,60,,Voxtral_EN,And his heart wagged with joy like a lamb's tail.,And his heart wagged with joy like a lamb's tail.
00962_0020_sad_0020_001249,0020,sad,happy,angry,angry,angry,happy,happy,happy,True,True,True,True,True,0.6666666666666666,0.5673400163650513,False,0.008000001311302185,0.9754310846328735,14.256198891527248,4.326839447021484,0.02264457754790783,2.9154629707336426,0.03769240900874138,0.05179958417933434,0.99476648536994,8,60,,Voxtral_EN,Captain Tom receives an angry letter.,Happy Tom rescues them angry ledger.
00963_0020_sad_0020_001093,0020,sad,happy,neutral,neutral,neutral,happy,happy,happy,True,True,True,True,True,0.5714285714285714,0.8081262707710266,True,0.008000001311302185,0.8776970505714417,17.875261096312975,1.772276759147644,0.09372067451477051,1.2492531538009644,0.02761402726173401,0.10621348219305277,0.9471184881080061,6,60,,Voxtral_EN,"Story 29, A boy and a monkey.",A boy and his monkeys.
00964_0020_sad_0020_001068,0020,sad,happy,sad,sad,sad,happy,happy,happy,True,True,True,True,True,0.5,0.2971709370613098,False,0.008000001311302185,1.1005326509475708,20.662719403161596,4.758890151977539,0.052150338888168335,1.9213167428970337,0.04303371533751488,0.07136393665429204,0.9890414913514032,41,60,,Voxtral_EN,Then sadly it is much farther.,"Then Thaddeus, it is much, brother."
00965_0020_sad_0020_001083,0020,sad,happy,neutral,neutral,neutral,neutral,happy,happy,False,False,True,True,False,0.3333333333333333,0.6751345992088318,False,0.008000001311302185,0.8496641516685486,17.847649631937784,3.924448013305664,0.221102774143219,1.7504751682281494,0.02661013975739479,0.23860779192689807,0.943660159748943,7,60,,Voxtral_EN,This used to be Jerry's occupation.,This used to be Jerry Zatipay's.
00966_0020_sad_0020_001157,0020,sad,happy,neutral,neutral,neutral,happy,happy,happy,True,True,True,True,True,0.0,1.0,True,0.008000001311302185,0.7866364121437073,21.187002610225075,2.449260711669922,0.15783759951591492,0.31168127059936523,0.032636892050504684,0.16095473859082907,0.9355570443097908,7,60,,Voxtral_EN,Tom and Michael woke up next morning.,Tom and Michael woke up next morning.
00967_0020_sad_0020_001218,0020,sad,happy,neutral,neutral,neutral,happy,happy,happy,True,True,True,True,True,0.375,0.869300365447998,True,0.008000001311302185,0.8307838439941406,18.561739942354333,2.4915499687194824,0.01220858097076416,0.7588907480239868,0.03298522159457207,0.019797818303219975,0.9951000055692085,9,60,,Voxtral_EN,"I said you looked like an egg, sir.",I said you look like an egg sereno.
00968_0020_sad_0020_001199,0020,sad,happy,neutral,neutral,neutral,happy,happy,happy,True,True,True,True,True,0.3333333333333333,0.6139030456542969,False,0.008000001311302185,0.7650722861289978,17.147124578470823,1.7136739492416382,0.05010194703936577,1.4388045072555542,0.03384171053767204,0.0644903305290267,0.9707634307789194,6,60,,Voxtral_EN,My winding sheet.,My winding sheep.
00969_0020_sad_0020_001313,0020,sad,happy,sad,sad,neutral,happy,happy,happy,True,True,True,True,True,0.8333333333333334,0.5016505718231201,False,0.008000001311302185,0.7524769902229309,19.481007393717565,3.4833383560180664,0.03678862750530243,1.7819117307662964,0.022265806794166565,0.05460796747103333,0.9894386867581372,16,60,,Voxtral_EN,She said in a subdued voice.,"She said in the Subdued You, Biggie, boys,"
00970_0020_sad_0020_001205,0020,sad,happy,angry,angry,angry,neutral,happy,happy,False,False,True,True,False,0.8571428571428571,0.770378828048706,False,0.008000001311302185,0.8305385112762451,19.288941255349865,4.206122875213623,0.16262497007846832,2.04120135307312,0.024362072348594666,0.183037227229923,0.9613361342730129,17,60,,Voxtral_EN,This speech roused Dame Els to anger.,With speech-growls dame ills to Angers.
00971_0020_sad_0020_001322,0020,sad,happy,neutral,neutral,neutral,happy,happy,happy,True,True,True,True,True,0.6666666666666666,0.6779853105545044,False,0.008000001311302185,0.9279872179031372,20.276479737971368,3.3286075592041016,0.018513012677431107,0.8569749593734741,0.029151853173971176,0.02708305378969759,0.9944382110692984,8,60,,Voxtral_EN,No admittance except on party business.,No one would let in except on party business.
00972_0020_sad_0020_001266,0020,sad,happy,neutral,neutral,neutral,happy,happy,happy,True,True,True,True,True,0.6,0.7305440902709961,False,0.008000001311302185,0.8305028676986694,14.88544661524599,4.547122955322266,0.04216362163424492,0.08992082625627518,0.04090043902397156,0.04306323890119791,0.9907274067474041,8,60,,Voxtral_EN,It isn't picked at all.,It isn't picked at all. It was fun.
00973_0020_sad_0020_001285,0020,sad,happy,neutral,neutral,neutral,happy,happy,happy,True,True,True,True,True,0.5714285714285714,0.4734378755092621,False,0.008000001311302185,0.9279404282569885,17.744638621724572,3.0359630584716797,0.017677824944257736,1.5787124633789062,0.0413055345416069,0.03346536263339221,0.9941771936602032,8,60,,Voxtral_EN,"If not, I shall go no further.",“Every month I shall go no.”
00974_0020_sad_0020_001276,0020,sad,happy,neutral,neutral,neutral,happy,happy,happy,True,True,True,True,True,0.75,0.6227893829345703,False,0.008000001311302185,1.1483373641967773,15.447078108724364,2.087881565093994,0.029204411432147026,2.1323907375335693,0.041544027626514435,0.050528734247758986,0.9860124195163186,5,60,,Voxtral_EN,"And the next day, nurse will be released.",And a merit to Helge. Nurse will be relieved.
00975_0020_surprise_0020_001441,0020,surprise,happy,neutral,neutral,neutral,happy,happy,happy,True,True,True,True,True,0.2,0.7981417179107666,False,0.008000001311302185,0.7183520197868347,20.068994874368016,3.4163331985473633,0.010190441273152828,0.4211210310459137,0.039844661951065063,0.014402050030231477,0.9970171406941554,6,60,,Voxtral_EN,I choose the right way?,I choose the right way.
00976_0020_surprise_0020_001622,0020,surprise,happy,neutral,neutral,neutral,happy,happy,happy,True,True,True,True,True,0.4,0.7497549057006836,False,0.008000001311302185,0.7636653184890747,23.01079202646795,2.6071088314056396,0.023186376318335533,3.315736770629883,0.03006121516227722,0.05634404463678599,0.9911064793156968,8,60,,Voxtral_EN,Ask God to help you?,That's God to help you.
00977_0020_surprise_0020_001582,0020,surprise,happy,surprise,neutral,surprise,happy,happy,happy,True,True,True,True,True,0.5714285714285714,0.4061243534088135,False,0.008000001311302185,0.7253046035766602,23.656078363081313,2.193242311477661,0.043718062341213226,2.5270676612854004,0.030492283403873444,0.06898904387690127,0.9800669255228078,7,60,,Voxtral_EN,Age 45 if a day a lie?,8.45 if a day alive.
00978_0020_surprise_0020_001716,0020,surprise,happy,neutral,neutral,neutral,happy,happy,happy,True,True,True,True,True,0.8,-0.03673820197582245,False,0.008000001311302185,0.9789389371871948,14.223673640504828,3.800513744354248,0.037473030388355255,2.222356081008911,0.0467010997235775,0.0596970582094416,0.9901400092437443,4,60,,Voxtral_EN,A thief in the night.,How free is the lake?
00979_0020_surprise_0020_001700,0020,surprise,happy,neutral,neutral,surprise,neutral,happy,happy,False,False,True,True,False,0.3333333333333333,0.8699520826339722,True,0.008000001311302185,0.7161716222763062,22.694209182976945,2.8712918758392334,0.1318163275718689,1.9240666627883911,0.024397430941462517,0.15105723817406222,0.9540916307808863,10,60,,Voxtral_EN,Six was halfway down the room.,My sixth was halfway down the room.
00980_0020_surprise_0020_001551,0020,surprise,happy,neutral,neutral,neutral,happy,happy,happy,True,True,True,True,True,0.0,1.0,True,0.008000001311302185,0.690559983253479,25.226246258238362,1.6940419673919678,0.025371458381414413,0.1646496057510376,0.0282862838357687,0.027018237301763146,0.9850231228801996,2,60,,Voxtral_EN,All the way to China is home.,All the way to China is home.
00981_0020_surprise_0020_001506,0020,surprise,happy,neutral,neutral,neutral,happy,happy,happy,True,True,True,True,True,0.3333333333333333,0.6310008764266968,False,0.008000001311302185,0.6743922233581543,20.393742393765027,2.288311719894409,0.013326588086783886,0.6650794148445129,0.022095724940299988,0.01997760319247842,0.9941762357064715,5,60,,Voxtral_EN,I guess it's a choice feast.,I guess it's the toys feast.
00982_0020_surprise_0020_001443,0020,surprise,happy,neutral,neutral,neutral,happy,happy,happy,True,True,True,True,True,0.2857142857142857,0.9646769762039185,True,0.008000001311302185,0.8354479074478149,20.42905110772538,2.1104137897491455,0.02119913510978222,0.3892150819301605,0.03321166709065437,0.025091618045754733,0.9899549864520635,6,60,,Voxtral_EN,"Story 29, a boy and a monkey.","Story 29, a boy and monkeys."
00983_0020_surprise_0020_001685,0020,surprise,happy,neutral,neutral,neutral,happy,happy,happy,True,True,True,True,True,0.6666666666666666,0.3815709948539734,False,0.008000001311302185,0.7621844410896301,21.916719268447302,2.102257013320923,0.14364244043827057,1.4821860790252686,0.026938941329717636,0.15846457061793656,0.9316722743565214,4,60,,Voxtral_EN,The straw charcoal and the pea.,"Gus, Straw, Turtle and the Pig."
00984_0020_surprise_0020_001507,0020,surprise,happy,neutral,neutral,neutral,happy,happy,happy,True,True,True,True,True,0.42857142857142855,0.668941855430603,False,0.008000001311302185,0.7273942232131958,23.81328861918705,2.8728253841400146,0.012127628549933434,0.8255831003189087,0.031053608283400536,0.020383770089205354,0.9957785013259468,8,60,,Voxtral_EN,Tom and Michael woke up next morning.,Hamm and Michael woke up next morning giving
00985_0020_surprise_0020_001710,0020,surprise,happy,neutral,neutral,neutral,happy,happy,happy,True,True,True,True,True,0.2727272727272727,0.9749531745910645,True,0.008000001311302185,0.712348222732544,25.265660037430724,2.5090320110321045,0.01090516522526741,0.3359874188899994,0.019991058856248856,0.014265239324755966,0.9956536364712296,6,60,,Voxtral_EN,Why it is just like the round egg which sounds thin?,"Why, it is just like the round egg, which sounds thin."
00986_0020_surprise_0020_001553,0020,surprise,happy,neutral,neutral,neutral,happy,happy,happy,True,True,True,True,True,0.0,1.0,True,0.008000001311302185,0.8339223265647888,23.031351586535273,3.357661724090576,0.01695997267961502,0.12469150125980377,0.02977297268807888,0.01820718542193994,0.9949488739267776,11,60,,Voxtral_EN,But we are not high yet.,But we are not high yet.
00987_0020_surprise_0020_001597,0020,surprise,happy,neutral,neutral,neutral,neutral,happy,happy,False,False,True,True,False,0.5714285714285714,0.38036131858825684,False,0.008000001311302185,0.7167167067527771,27.66900057967726,2.0491580963134766,0.3677961528301239,0.3774510622024536,0.029306747019290924,0.37157095651961863,0.8205135301703637,14,60,,Voxtral_EN,"Fur flew through the air, teeth gnashed.","For her flew through the air, Tisk-nash!"
00988_0020_surprise_0020_001490,0020,surprise,happy,neutral,neutral,surprise,happy,happy,happy,True,True,True,True,True,0.2,0.9908668398857117,True,0.008000001311302185,0.7207347750663757,21.485577010589378,2.503312110900879,0.035150445997714996,0.44324612617492676,0.027596158906817436,0.03958318322105333,0.9859584245030216,7,60,,Voxtral_EN,And they did push so.,And they did push so
00989_0020_surprise_0020_001522,0020,surprise,happy,neutral,neutral,neutral,happy,happy,happy,True,True,True,True,True,0.2,0.5996730327606201,False,0.008000001311302185,0.8602474331855774,20.762220519137024,4.8400492668151855,0.03578999266028404,0.49617549777030945,0.039694733917713165,0.04075214458532632,0.99260544868713,11,60,,Voxtral_EN,Am I an absolute pauper?,Am I an absolute topper?
00990_0020_surprise_0020_001448,0020,surprise,happy,neutral,neutral,neutral,happy,happy,happy,True,True,True,True,True,0.25,0.8921499252319336,True,0.008000001311302185,0.9011991024017334,21.310986523618446,4.244723320007324,0.02360784076154232,1.1508259773254395,0.034016527235507965,0.03511644070006907,0.9944383086995876,9,60,,Voxtral_EN,"You are not a runaway, who are you?","You are not a runaway through, are you?"
00991_0020_surprise_0020_001711,0020,surprise,happy,neutral,neutral,neutral,happy,happy,happy,True,True,True,True,True,0.2,0.8580322861671448,True,0.008000001311302185,0.750105082988739,21.43215726708817,1.1502031087875366,0.02500276081264019,0.3337482511997223,0.03033861517906189,0.028340546710789203,0.9782623080900934,4,60,,Voxtral_EN,I am safe back again?,I am safe back again.
00992_0020_surprise_0020_001539,0020,surprise,happy,sad,sad,sad,neutral,happy,happy,False,False,True,True,False,0.6,0.6025654673576355,False,0.008000001311302185,0.6831865906715393,24.68961874984742,4.3596510887146,0.1746869683265686,1.4123247861862183,0.024022087454795837,0.18881045640930533,0.9599309750317488,15,60,,Voxtral_EN,Cuckoo's in down-headed and crying.,Haku's in Downheaded and Cry.
00993_0020_surprise_0020_001424,0020,surprise,happy,surprise,neutral,surprise,happy,happy,happy,True,True,True,True,True,0.0,1.0000001192092896,True,0.008000001311302185,0.6668668985366821,18.901068809332628,2.57405161857605,0.00997985526919365,0.20915073156356812,0.025407543405890465,0.012071616660263388,0.9961229001014694,4,60,,Voxtral_EN,The football team gives a tea party.,The football team gives a tea party.
00994_0020_surprise_0020_001518,0020,surprise,happy,surprise,happy,surprise,happy,happy,happy,True,True,True,True,True,0.25,0.9084547758102417,True,0.008000001311302185,0.6898713111877441,23.438722033916328,1.4867743253707886,0.0369504913687706,1.2130439281463623,0.03776895999908447,0.04908130833983421,0.9751472091370992,11,60,,Voxtral_EN,"Look out, said Alice.","Look out, fed Alice."
00995_0020_surprise_0020_001578,0020,surprise,happy,neutral,neutral,surprise,happy,happy,happy,True,True,True,True,True,0.2857142857142857,0.9599008560180664,True,0.008000001311302185,0.691707968711853,24.53631734460422,1.6147730350494385,0.3389991223812103,0.21595415472984314,0.02656693570315838,0.34115892959786576,0.790063919186741,8,60,,Voxtral_EN,And vowed he'd change the pigtail's place.,and vowed he'd change the pig-tails place.
00996_0020_surprise_0020_001486,0020,surprise,happy,neutral,neutral,happy,happy,happy,happy,True,True,True,True,True,0.0,1.0,True,0.008000001311302185,0.6506521701812744,20.825481056661296,1.3339025974273682,0.015793686732649803,0.19844366610050201,0.029808416962623596,0.01777842147782445,0.9881597901052819,3,60,,Voxtral_EN,And tick and tack too.,And tick and tack too.
00997_0020_surprise_0020_001504,0020,surprise,happy,neutral,neutral,surprise,happy,happy,happy,True,True,True,True,True,0.6666666666666666,0.4606979489326477,False,0.008000001311302185,0.7339853048324585,23.187570808952053,1.6248186826705933,0.0208759605884552,0.7162212133407593,0.03465268015861511,0.02803851924866438,0.9871518214240724,4,60,,Voxtral_EN,Here am I whom you seek.,Here a ham I in whom you see.
00998_0020_surprise_0020_001476,0020,surprise,happy,neutral,neutral,neutral,happy,happy,happy,True,True,True,True,True,0.0,1.0,True,0.008000001311302185,0.6912232041358948,22.882791413478813,1.8393882513046265,0.013225371949374676,0.5382345914840698,0.0252163615077734,0.018607970027830455,0.992809907348275,7,60,,Voxtral_EN,The hag looked in the stove.,The hag looked in the stove.
00999_0020_surprise_0020_001610,0020,surprise,happy,neutral,neutral,neutral,happy,happy,happy,True,True,True,True,True,0.25,0.9916435480117798,True,0.008000001311302185,0.7603863477706909,25.551077885954836,3.187173366546631,0.16735392808914185,0.3167245090007782,0.035035811364650726,0.1705215235372633,0.9474914261502903,12,60,,Voxtral_EN,It weighs 7.5 kilogram.,It weighs 7.5 kilograms.
