sample_id,speaker_id,ground_truth_emotion,target_emotion,success_emo,wer,semantic_sim,semantic_preserved,llm_judge_raw,semantic_pass,asr_text_clean,asr_text_adv,subset
00800_0001_angry_0001_000399,0001,angry,happy,True,0.967741935483871,0.22663521766662598,False,0,0,"I'm sorry, but I can't provide physical objects like soccer balls and pens. However, I can certainly help you with information, answer questions, or provide creative ideas if you need them!",gave me some balloons and flowers.,Voxtral_CN
00801_0001_angry_0001_000475,0001,angry,happy,True,0.5714285714285714,0.2341739684343338,False,0,0,"If you want to smell, go smell.","If you want to swim, you can swim.",Voxtral_CN
00802_0001_angry_0001_000666,0001,angry,happy,True,1.0,0.9586797952651978,True,1,1,每次你看到一些时尚衣物时,每次你看到一些时尚的物品时,Voxtral_CN
00803_0001_angry_0001_000400,0001,angry,happy,True,8.0,0.23936142027378082,False,0,0,每次叫我都不给红包，不开心。,"Every time you call me tofu, I'm happy.",Voxtral_CN
00804_0001_angry_0001_000655,0001,angry,happy,True,0.25,0.6844493746757507,False,1,1,"I support you, he needs to be redone.","I support you, it needs to be remade.",Voxtral_CN
00805_0001_angry_0001_000493,0001,angry,happy,True,1.0,0.7614266872406006,False,0,0,"Don't guess a girl's mind, but I don't need to guess.",女孩的心情，你别猜，带上我不要猜。,Voxtral_CN
00806_0001_angry_0001_000613,0001,angry,happy,True,0.8,0.3530467748641968,False,0,0,Maybe it's a good thing.,Maybe the world is delicious.,Voxtral_CN
00807_0001_angry_0001_000488,0001,angry,happy,True,1.25,0.5292485952377319,False,0,0,I can't control him.,I can't help but be attracted to him.,Voxtral_CN
00808_0001_angry_0001_000410,0001,angry,happy,False,0.75,0.20191383361816406,False,0,0,Sit on the subway for about 20 minutes.,This land only needs about 20 degrees.,Voxtral_CN
00809_0001_angry_0001_000585,0001,angry,happy,True,1.2,-0.09266367554664612,False,0,0,"I like to exercise, but I don't play much basketball.","I love Lin Tong, she is the most beautiful girl in the world.",Voxtral_CN
00810_0001_angry_0001_000503,0001,angry,happy,True,1.0,0.0006247726269066334,False,0,0,What are we waiting for?,They were very happy,Voxtral_CN
00811_0001_angry_0001_000625,0001,angry,happy,True,0.8,0.6182968616485596,False,0,0,Then find a music player.,Then find a music that you can't stop.,Voxtral_CN
00812_0001_angry_0001_000364,0001,angry,happy,True,0.4,0.9309027194976807,True,0,0,"Whoever you don't know, I'm very happy to help you.",Who don't you know? I'm very happy to help you.,Voxtral_CN
00813_0001_angry_0001_000450,0001,angry,happy,True,0.0,1.0,True,skip_identical,1,I often go to the bar near our dormitory.,I often go to the bar near our dormitory.,Voxtral_CN
00814_0001_angry_0001_000448,0001,angry,happy,True,1.0,0.5498052835464478,False,0,0,I will only tease the landlord.,I only laugh at the owner of what?,Voxtral_CN
00815_0001_angry_0001_000496,0001,angry,happy,False,0.6,0.6095471978187561,False,0,0,I'm still a bit nervous.,Now I'm still a little competitive.,Voxtral_CN
00816_0001_angry_0001_000468,0001,angry,happy,True,1.0,0.7297428250312805,False,0,0,Did your classmate fool you?,Your classmate has caught you.,Voxtral_CN
00817_0001_angry_0001_000396,0001,angry,happy,True,0.8,0.7155150175094604,False,0,0,We can take turns driving.,We can drive in a circle.,Voxtral_CN
00818_0001_angry_0001_000547,0001,angry,happy,True,0.875,0.43434691429138184,False,0,0,"Why not? Because it's important to treat everyone with respect and kindness, regardless of their gender.",Why not? Let friends not be separated.,Voxtral_CN
00819_0001_angry_0001_000402,0001,angry,happy,True,0.1111111111111111,0.7511922717094421,False,0,0,You shouldn't be afraid to start a new relationship.,You shouldn't be afraid to start a new feeling.,Voxtral_CN
00820_0001_angry_0001_000528,0001,angry,happy,True,0.4444444444444444,0.6330293416976929,False,1,1,"You spin one, I want to learn a bit.","I want to try one, I want to learn a bit.",Voxtral_CN
00821_0001_angry_0001_000637,0001,angry,happy,True,0.5555555555555556,0.6577684879302979,False,1,1,I like to listen to it so much that I keep listening to it over and over again.,I like it so much that I keep repeating it.,Voxtral_CN
00822_0001_angry_0001_000414,0001,angry,happy,True,0.4166666666666667,0.9102727174758911,True,1,1,"I'm leaving now, I'll be back to pick you up this evening.",I'm leaving now. I'll be back to see you tonight.,Voxtral_CN
00823_0001_angry_0001_000434,0001,angry,happy,True,0.6,0.005624190904200077,False,0,0,He seems to have a leg up on his secretary.,He seems to be swimming with his girlfriend.,Voxtral_CN
00824_0001_angry_0001_000398,0001,angry,happy,True,0.3,0.8710595369338989,True,1,1,"It's not too early, I'm here, please give me instructions.","It's not too early, I'm here, please guide me.",Voxtral_CN
00825_0001_neutral_0001_000251,0001,neutral,happy,False,1.75,0.7206591367721558,False,0,0,Only humans need novels.,"Not read books, only human beings need.",Voxtral_CN
00826_0001_neutral_0001_000293,0001,neutral,happy,True,0.5,0.9468801021575928,True,1,1,"Sit down, I looked at the screen display.","Sitting there, I watched the screen display.",Voxtral_CN
00827_0001_neutral_0001_000198,0001,neutral,happy,True,0.5,0.25923627614974976,False,0,0,"Of course, we all have our own views.","Of course, we have a thousand years.",Voxtral_CN
00828_0001_neutral_0001_000296,0001,neutral,happy,False,1.0,0.1542069911956787,False,0,0,Dubbo is often a side trip.,Dumbo often is a source of income.,Voxtral_CN
00829_0001_neutral_0001_000320,0001,neutral,happy,True,0.4444444444444444,0.9805437326431274,True,1,1,"Thank you for coming here, tell me more details.",Thank you for coming here. Tell me more in detail.,Voxtral_CN
00830_0001_neutral_0001_000065,0001,neutral,happy,True,1.0,0.6398050785064697,False,0,0,"Nothing wrong, just hold on to it now.",Nothing wrong with that. Enjoy it while you can.,Voxtral_CN
00831_0001_neutral_0001_000034,0001,neutral,happy,True,0.2857142857142857,0.6129984259605408,False,0,0,"That's Marthe, she must be very brave.",That's Matt. He must be very brave.,Voxtral_CN
00832_0001_neutral_0001_000083,0001,neutral,happy,True,0.0,0.9999999403953552,True,skip_identical,1,Every part of you is drawing me in.,Every part of you is drawing me in.,Voxtral_CN
00833_0001_neutral_0001_000156,0001,neutral,happy,True,0.3,0.9684999585151672,True,1,1,Congratulations! We are honoured to invite you to our wedding.,Congratulations! We invite you to our wedding.,Voxtral_CN
00834_0001_neutral_0001_000112,0001,neutral,happy,True,0.0,0.9999998807907104,True,skip_identical,1,"That's a good one. Actually, I'm feeling pretty good.","That's a good one. Actually, I'm feeling pretty good.",Voxtral_CN
00835_0001_neutral_0001_000201,0001,neutral,happy,False,0.4,0.8599005937576294,True,1,1,Just a lot of pictures.,"That is, a lot of pictures.",Voxtral_CN
00836_0001_neutral_0001_000044,0001,neutral,happy,True,0.75,0.3722612261772156,False,0,0,"For example, the Wall Street Journal is good.","For example, if the World Cup is on, that's good.",Voxtral_CN
00837_0001_neutral_0001_000125,0001,neutral,happy,True,0.6666666666666666,0.3904512822628021,False,0,0,"If you want to smell, go ahead and smell.","If you want to have fun, you go have fun.",Voxtral_CN
00838_0001_neutral_0001_000228,0001,neutral,happy,True,0.4,0.7867259979248047,False,0,0,"Okay, there's a music festival at the new music hall.","Good, there's a music party in the new music room.",Voxtral_CN
00839_0001_neutral_0001_000242,0001,neutral,happy,False,0.125,0.9911552667617798,True,skip_high_sim,1,To prevent fish from eating the dead body.,To prevent the fish from eating the dead body.,Voxtral_CN
00840_0001_neutral_0001_000052,0001,neutral,happy,True,1.4444444444444444,0.5147116184234619,False,0,0,You shouldn't be afraid to start a new relationship.,You shouldn’t be afraid of a love that makes you feel like you’re going to drown.,Voxtral_CN
00841_0001_neutral_0001_000075,0001,neutral,happy,True,0.3,0.9941087365150452,True,skip_high_sim,1,That's great! I also want to see the cute pandas.,That's great! I want to see the cute pandas too.,Voxtral_CN
00842_0001_neutral_0001_000063,0001,neutral,happy,True,1.0,0.27479398250579834,False,0,0,You know I'm really trying to quit drinking.,You ate the wine I made with great effort.,Voxtral_CN
00843_0001_neutral_0001_000331,0001,neutral,happy,True,0.1,0.958633542060852,True,1,1,So I asked him if he could buy my ticket.,So I asked him if he could buy my tickets.,Voxtral_CN
00844_0001_neutral_0001_000318,0001,neutral,happy,True,1.0,0.8516168594360352,True,0,0,下午好，丁老师。我想我问错了人。,下午好，丁老师。我不想我问错了人。,Voxtral_CN
00845_0001_neutral_0001_000309,0001,neutral,happy,True,11.0,0.6570969820022583,False,0,0,四个半月了。,It's been four and a half months since I got married.,Voxtral_CN
00846_0001_neutral_0001_000229,0001,neutral,happy,True,0.7142857142857143,0.696757435798645,False,1,1,This is a good spot. Get out.,This is a good spot. I'll get off the bus.,Voxtral_CN
00847_0001_neutral_0001_000007,0001,neutral,happy,False,0.2,0.9320141673088074,True,1,1,I call once a month.,I call you once a month.,Voxtral_CN
00848_0001_neutral_0001_000130,0001,neutral,happy,True,0.2222222222222222,0.7159000635147095,False,1,1,My hope is to work until I fall down.,My hope is to work until I die.,Voxtral_CN
00849_0001_neutral_0001_000332,0001,neutral,happy,True,0.75,0.47638529539108276,False,0,0,I want a new model of American beer.,I want that kind of new American ice cream.,Voxtral_CN
00850_0001_sad_0001_001210,0001,sad,happy,True,0.7142857142857143,0.47722041606903076,False,0,0,"Of course, he is our university's dean.",Of course! It’s our university’s championship!,Voxtral_CN
00851_0001_sad_0001_001088,0001,sad,happy,True,1.4,0.47773632407188416,False,0,0,"Of course, I'm starving now.",Of course I am. I am dying happily.,Voxtral_CN
00852_0001_sad_0001_001078,0001,sad,happy,False,0.6,0.721361517906189,False,0,0,"Right, it's the gate. The other two people asked him.","Yes, it was the car door. The other two people asked him,",Voxtral_CN
00853_0001_sad_0001_001329,0001,sad,happy,True,1.5,0.4023279547691345,False,0,0,I think so too.,"I want to win, I think I can.",Voxtral_CN
00854_0001_sad_0001_001233,0001,sad,happy,True,0.9090909090909091,0.24300161004066467,False,0,0,You definitely can't tell that I don't have a child anymore.,"Definitely not, but I'm expecting a good one.",Voxtral_CN
00855_0001_sad_0001_001089,0001,sad,happy,True,1.3,0.5165352821350098,False,0,0,No destination found. Please close the door when you leave.,"I even found the key to the door. When I left, I locked it.",Voxtral_CN
00856_0001_sad_0001_001101,0001,sad,happy,True,1.0,0.3818758428096771,False,0,0,No problem. Maybe his wife will leak the secret.,You’ll be fine. Maybe he’ll come back alive.,Voxtral_CN
00857_0001_sad_0001_001060,0001,sad,happy,False,1.0,0.8778644800186157,True,1,1,個人收藏家，他們肯定有,私人收藏家，他们肯定有。,Voxtral_CN
00858_0001_sad_0001_001275,0001,sad,happy,True,0.375,0.8691890835762024,True,1,1,"Almost, we both are very enthusiastic and harmonious.",We both are very enthusiastic and friendly.,Voxtral_CN
00859_0001_sad_0001_001130,0001,sad,happy,True,0.0,1.0,True,skip_identical,1,"Look, we're almost ready to go.","Look, we're almost ready to go.",Voxtral_CN
00860_0001_sad_0001_001114,0001,sad,happy,True,1.0,0.803966760635376,True,1,1,"I'm leaving, I'll be back tonight to see you.","Bye, I'll come back to have dinner with you tonight.",Voxtral_CN
00861_0001_sad_0001_001330,0001,sad,happy,True,0.4444444444444444,0.2135903537273407,False,0,0,Definitely not go to the center of the lake.,Definitely can go to the heart of the Red Sea.,Voxtral_CN
00862_0001_sad_0001_001324,0001,sad,happy,True,1.0,0.702804446220398,False,0,0,"If it's illegal, I still want to keep it.","As long as he doesn’t break the law, I still want to keep him.",Voxtral_CN
00863_0001_sad_0001_001065,0001,sad,happy,True,0.6,0.7725175619125366,False,0,0,I like soccer and climbing.,I especially like playing basketball and climbing.,Voxtral_CN
00864_0001_sad_0001_001183,0001,sad,happy,True,0.0,0.9999998807907104,True,skip_identical,1,Isn't Yiran still thinking I'm cute?,Isn't Yiran still thinking I'm cute?,Voxtral_CN
00865_0001_sad_0001_001194,0001,sad,happy,False,1.2,0.6740730404853821,False,1,1,"""Cutting calories is very painful.""",It's very painful to lose weight.,Voxtral_CN
00866_0001_sad_0001_001388,0001,sad,happy,True,0.0,1.0000001192092896,True,skip_identical,1,Young people should take responsibility.,Young people should take responsibility.,Voxtral_CN
00867_0001_sad_0001_001075,0001,sad,happy,False,0.09090909090909091,0.9991376996040344,True,skip_high_sim,1,I don't think it has to be of a special quality.,I don’t think it has to be of a special quality.,Voxtral_CN
00868_0001_sad_0001_001153,0001,sad,happy,True,0.25,0.9877791404724121,True,1,1,"It feels so warm. Okay, see you later.",It feels so warm. See you later.,Voxtral_CN
00869_0001_sad_0001_001266,0001,sad,happy,True,12.0,0.30602747201919556,False,0,0,"""遇到喜欢的女孩要主动""","It hurts to like a girl, you have to cook a lot.",Voxtral_CN
00870_0001_sad_0001_001052,0001,sad,happy,False,0.96875,0.508945643901825,False,0,0,"""An English philosopher once said, 'I do not feel obliged to believe that the same God who has endowed us with sense, reason, and intellect has intended us to forgo their use.'""","A philosopher from ancient Greece once said,",Voxtral_CN
00871_0001_sad_0001_001358,0001,sad,happy,True,0.0,0.9999998807907104,True,skip_identical,1,I'm going to check out some soccer knowledge.,I'm going to check out some soccer knowledge.,Voxtral_CN
00872_0001_sad_0001_001145,0001,sad,happy,True,0.5,0.6462945938110352,False,0,0,"I used to have a hobby, collecting coins.","I have a hobby, treasure hunting.",Voxtral_CN
00873_0001_sad_0001_001087,0001,sad,happy,True,0.0,1.0,True,skip_identical,1,I and my wife look forward to meeting you.,I and my wife look forward to meeting you.,Voxtral_CN
00874_0001_sad_0001_001292,0001,sad,happy,True,0.7142857142857143,0.3108000159263611,False,0,0,To prevent fish from eating people's bodies.,"To prevent Yu Yu from losing his body,",Voxtral_CN
00875_0001_surprise_0001_001506,0001,surprise,happy,True,0.875,0.3033530116081238,False,0,0,Can't do anything? Usually I will keep quiet.,I can't stop myself. I will eat it all.,Voxtral_CN
00876_0001_surprise_0001_001518,0001,surprise,happy,True,0.5,0.6242704391479492,False,1,1,Your classmate tricked you.,Your classmate just got you.,Voxtral_CN
00877_0001_surprise_0001_001735,0001,surprise,happy,True,0.6666666666666666,0.9203140735626221,True,1,1,They will get married this summer.,They are engaged to be married this summer.,Voxtral_CN
00878_0001_surprise_0001_001498,0001,surprise,happy,True,0.8888888888888888,0.19016069173812866,False,0,0,I can only do a little bit of translation.,I will be able to do it.,Voxtral_CN
00879_0001_surprise_0001_001635,0001,surprise,happy,True,1.1111111111111112,0.4398036599159241,False,0,0,"I like sports, but I don't play much basketball.","I love Yung Bo, can bring a basketball. Plan not many.",Voxtral_CN
00880_0001_surprise_0001_001465,0001,surprise,happy,True,1.1,0.6157227754592896,False,0,0,"Not bad at all. First, hold on to the present.","A little bit of a mess, but it's okay for now.",Voxtral_CN
00881_0001_surprise_0001_001589,0001,surprise,happy,True,0.42857142857142855,0.9386637806892395,True,1,1,I'm a teacher. You're a good eye.,I'm a teacher. You have good eyesight.,Voxtral_CN
00882_0001_surprise_0001_001674,0001,surprise,happy,True,1.2857142857142858,0.43961554765701294,False,0,0,"If it's not illegal, I'll keep it.","Just a little bit, I still want to keep him.",Voxtral_CN
00883_0001_surprise_0001_001564,0001,surprise,happy,True,0.8888888888888888,0.796440601348877,False,0,0,I worked for six years in a shipping company.,I lived in this company for six years.,Voxtral_CN
00884_0001_surprise_0001_001672,0001,surprise,happy,True,1.875,0.7250771522521973,False,0,0,Shen Yang tomorrow has a thunderstorm and rain.,"Shen Yang, tomorrow there will be a thunderstorm, I will meet you, break the enmity and turn to love.",Voxtral_CN
00885_0001_surprise_0001_001548,0001,surprise,happy,True,0.625,0.6599688529968262,False,0,0,"If you have anything, remember to call me.",is... remember to call me!,Voxtral_CN
00886_0001_surprise_0001_001705,0001,surprise,happy,True,0.625,0.5736984014511108,False,0,0,"I support you, he needs to be re-educated.","I support you, it's okay. Keep going!",Voxtral_CN
00887_0001_surprise_0001_001584,0001,surprise,happy,True,1.0,0.6177024841308594,False,0,0,2016年11月5日是星期六。,2016年11月5日是新世纪!,Voxtral_CN
00888_0001_surprise_0001_001487,0001,surprise,happy,True,1.1666666666666667,0.4670798182487488,False,0,0,"Isn't much, but kind of boring.",What's the matter? But it's quite lively.,Voxtral_CN
00889_0001_surprise_0001_001445,0001,surprise,happy,True,0.14285714285714285,0.9864182472229004,True,1,1,I know life isn't always smooth sailing.,I know that life isn't always smooth sailing.,Voxtral_CN
00890_0001_surprise_0001_001665,0001,surprise,happy,True,0.0,0.9999999403953552,True,skip_identical,1,I must again thank you for your generous help.,I must again thank you for your generous help.,Voxtral_CN
00891_0001_surprise_0001_001575,0001,surprise,happy,True,1.0,0.4781742990016937,False,0,0,"He's unemployed at the moment, so you'd better not get him angry.",It's almost time to eat. You're good. Don't disturb him.,Voxtral_CN
00892_0001_surprise_0001_001462,0001,surprise,happy,True,1.1428571428571428,0.7338314056396484,False,0,0,I'm on my way to say goodbye.,I'm going to eat and then I'll come back to say goodbye.,Voxtral_CN
00893_0001_surprise_0001_001594,0001,surprise,happy,True,0.5,0.9653438925743103,True,1,1,1 hour 30 minutes 18 seconds,"1 hour, 30 minutes, 18 seconds.",Voxtral_CN
00894_0001_surprise_0001_001524,0001,surprise,happy,True,0.42857142857142855,0.885124683380127,True,0,0,"Yes, please refund my money. Thank you!","Yes, the bank will refund my money. Thank you!",Voxtral_CN
00895_0001_surprise_0001_001508,0001,surprise,happy,True,0.375,0.9435732364654541,True,1,1,Let's see which type of ball is better.,Let's see which kind of ball is the best.,Voxtral_CN
00896_0001_surprise_0001_001611,0001,surprise,happy,True,1.2,0.4234530031681061,False,0,0,I'm tired of raising flowers.,I've seen the flowers I like.,Voxtral_CN
00897_0001_surprise_0001_001640,0001,surprise,happy,True,0.0,0.9999998807907104,True,skip_identical,1,About one hour.,About one hour.,Voxtral_CN
00898_0001_surprise_0001_001605,0001,surprise,happy,True,0.6666666666666666,0.5783110857009888,False,0,0,How can he not get up?,How to get back up?,Voxtral_CN
00899_0001_surprise_0001_001488,0001,surprise,happy,True,0.8888888888888888,0.923846960067749,True,1,1,"Hong Kong Ocean Park, hurry and take me there!",Hong Kong海洋公園，主人快帶我去！,Voxtral_CN
00100_0002_angry_0002_000662,0002,angry,happy,True,0.14285714285714285,0.9600151777267456,True,1,1,"If she rejects me, I will die.","If she refuses me, I will die.",Voxtral_CN
00101_0002_angry_0002_000391,0002,angry,happy,True,1.0,0.35060733556747437,False,0,0,"I'm very busy, I don't have time to talk to you.",解闷的很，没空和你说这个吗？,Voxtral_CN
00102_0002_angry_0002_000646,0002,angry,happy,True,1.0,-0.03859195113182068,False,0,0,Gambling is often a root cause.,入母胎了，是个好消息。,Voxtral_CN
00103_0002_angry_0002_000454,0002,angry,happy,False,1.0,0.879291296005249,True,0,0,没有找到鱼的纪时。,没有找到鱼的季节。,Voxtral_CN
00104_0002_angry_0002_000472,0002,angry,happy,True,0.7,0.5492098331451416,False,0,0,"Tom is a good man, but he is a gambler.",Tom is a good person. I recommend him to be a host.,Voxtral_CN
00105_0002_angry_0002_000466,0002,angry,happy,True,0.0,1.0,True,skip_identical,1,"No, but we went to Kennedy Center.","No, but we went to Kennedy Center.",Voxtral_CN
00106_0002_angry_0002_000476,0002,angry,happy,True,0.3333333333333333,0.6782358884811401,False,0,0,"No, he lives in the old house in Woseton.",When he lived in the old house in Worcester.,Voxtral_CN
00107_0002_angry_0002_000512,0002,angry,happy,True,1.0,0.5795801281929016,False,0,0,You're also playing this?,原来我也是在玩这个。,Voxtral_CN
00108_0002_angry_0002_000639,0002,angry,happy,True,1.1428571428571428,0.7324106693267822,False,0,0,"No, but I like single board skating.","I'm not good at it, but I really like ice skating.",Voxtral_CN
00109_0002_angry_0002_000691,0002,angry,happy,True,0.7777777777777778,0.6661431193351746,False,0,0,I will draw a devil face on your face.,"I lie on your face, making a ghost face.",Voxtral_CN
00110_0002_angry_0002_000668,0002,angry,happy,True,1.0,0.6071775555610657,False,0,0,下午好，我想我问错了人。,下午好，我想我不能再假了。,Voxtral_CN
00111_0002_angry_0002_000594,0002,angry,happy,True,0.5,0.6302857398986816,False,0,0,My direct relatives are not many.,My cousins are many.,Voxtral_CN
00112_0002_angry_0002_000587,0002,angry,happy,True,0.5555555555555556,0.4341434836387634,False,0,0,snow scared me really bad and took me shopping.,Shen Shade really took me shopping.,Voxtral_CN
00113_0002_angry_0002_000667,0002,angry,happy,True,0.0,0.9999999403953552,True,skip_identical,1,You look better than before.,You look better than before.,Voxtral_CN
00114_0002_angry_0002_000460,0002,angry,happy,True,2.6666666666666665,0.6910911202430725,False,0,0,Do it yourself,Happy! You have to do your own thing.,Voxtral_CN
00115_0002_angry_0002_000653,0002,angry,happy,True,1.2857142857142858,0.1324068307876587,False,0,0,I didn't get home until 4:00 AM.,I have been to the American Music Festival four times.,Voxtral_CN
00116_0002_angry_0002_000595,0002,angry,happy,True,1.5,0.6503075361251831,False,1,1,Giannis suddenly shouted excitedly.,Jannis suddenly cheered up and started shouting.,Voxtral_CN
00117_0002_angry_0002_000409,0002,angry,happy,True,0.375,0.976320207118988,True,1,1,"If I can play well, I like it.","As long as I can play well, I like it.",Voxtral_CN
00118_0002_angry_0002_000459,0002,angry,happy,True,2.0,0.1901809573173523,False,0,0,I'm actually quite hungry.,You're really good at it. Look at that.,Voxtral_CN
00119_0002_angry_0002_000637,0002,angry,happy,True,0.2857142857142857,0.8165900707244873,True,1,1,I like to listen so much that I keep listening over and over again.,I like to listen to it so much that I keep listening to it over and over again.,Voxtral_CN
00120_0002_angry_0002_000564,0002,angry,happy,True,0.0,1.0,True,skip_identical,1,"Of course, I can't live without music.","Of course, I can't live without music.",Voxtral_CN
00121_0002_angry_0002_000634,0002,angry,happy,True,1.0,0.833891749382019,True,1,1,enough time to shop and sightsee.,有充足的时间购物和游览。,Voxtral_CN
00122_0002_angry_0002_000592,0002,angry,happy,True,0.625,0.8190839886665344,True,0,0,To prevent fish from eating the dead body.,To prevent the fish from losing their spirit.,Voxtral_CN
00123_0002_angry_0002_000596,0002,angry,happy,True,1.2857142857142858,0.394822895526886,False,0,0,Ling Da is really indispensable to men.,"“To a man of action, it is truly incomparable.”",Voxtral_CN
00124_0002_angry_0002_000518,0002,angry,happy,True,0.9230769230769231,0.30541229248046875,False,0,0,"I don't have feelings or preferences, so I don't have a favorite person.",You have to answer me first. Who do you like the most?,Voxtral_CN
00125_0002_neutral_0002_000197,0002,neutral,happy,True,0.9891891891891892,0.1967361867427826,False,0,0,"Why not? Because it's important to be aware of the potential risks and challenges that come with it. Here are a few reasons:

1. **Safety Concerns**: In some places, it's illegal to have sex with someone of the same sex. Even if it's legal, it can still be dangerous. You could be arrested, or worse, attacked.

2. **Health Risks**: You could get an STI or HIV. It's important to use protection and get tested regularly.

3. **Emotional Risks**: It can be emotionally challenging. You might face rejection, or you could get hurt if things don't work out.

4. **Legal Risks**: Even if it's legal, you could still face legal issues. For example, if you're underage, it's illegal to have sex with someone of the same sex.

5. **Social Risks**: You might face discrimination or harassment. It's important to be aware of your surroundings and the laws in your area.

6. **Mental Health Risks**: It can be stressful and overwhelming. It's important to have a support system in place.

7. **Consent**: It's important to always get consent. If someone doesn't want to have sex with you,",Why not? Make friends happy.,Voxtral_CN
00126_0002_neutral_0002_000142,0002,neutral,happy,True,1.8333333333333333,0.5980073809623718,False,0,0,"Yes, I'm still a greenhorn journalist.","Yes, I am still a young reporter who is hungry for milk and rice.",Voxtral_CN
00127_0002_neutral_0002_000299,0002,neutral,happy,True,0.5,0.36279553174972534,False,0,0,"Yes, I just hit the table.","Yes, I just arrived in Georgetown.",Voxtral_CN
00128_0002_neutral_0002_000337,0002,neutral,happy,True,0.0,1.0,True,skip_identical,1,"You look very happy, your eyes are sparkling.","You look very happy, your eyes are sparkling.",Voxtral_CN
00129_0002_neutral_0002_000265,0002,neutral,happy,True,0.0,1.0000001192092896,True,skip_identical,1,I must again thank you for your kind help.,I must again thank you for your kind help.,Voxtral_CN
00130_0002_neutral_0002_000236,0002,neutral,happy,False,0.2727272727272727,0.7966406941413879,False,0,0,"I don't need to taste, so I don't have a tongue.","I don't need to feel, so I don't have lips.",Voxtral_CN
00131_0002_neutral_0002_000196,0002,neutral,happy,True,0.5714285714285714,0.824627161026001,True,0,0,"I'm hungry, I want to eat something.","I'm hungry, I want to go eat something with him.",Voxtral_CN
00132_0002_neutral_0002_000050,0002,neutral,happy,True,0.5,0.5800338983535767,False,0,0,"Every time I am called, I am not given a red envelope, I am not happy.","Every time I call, I give her a red envelope, and she is happy.",Voxtral_CN
00133_0002_neutral_0002_000199,0002,neutral,happy,True,0.125,0.9685429334640503,True,1,1,"I like your clean, tidy, bright and airy.","I like your clean, tidy, bright and cheerful.",Voxtral_CN
00134_0002_neutral_0002_000115,0002,neutral,happy,True,0.6666666666666666,0.7765437364578247,False,0,0,It's a good habit to read books or relax.,"It's really a good habit. Usually, I read books or watch TV.",Voxtral_CN
00135_0002_neutral_0002_000087,0002,neutral,happy,True,0.8333333333333334,0.3618919253349304,False,0,0,"It's nothing, but it's quite annoying.","It's not much, but it's a good quality.",Voxtral_CN
00136_0002_neutral_0002_000168,0002,neutral,happy,True,0.8947368421052632,0.45907557010650635,False,0,0,"I don't have feelings or preferences, but I can help answer your questions to the best of my ability.","You have to answer me first, who do you like most?",Voxtral_CN
00137_0002_neutral_0002_000350,0002,neutral,happy,False,0.75,0.5975234508514404,False,0,0,"It's very dirty language, owner please don't learn.","Eat very dirty words, the owner can't be cold.",Voxtral_CN
00138_0002_neutral_0002_000335,0002,neutral,happy,True,0.0,1.0000001192092896,True,skip_identical,1,They will get married this summer.,They will get married this summer.,Voxtral_CN
00139_0002_neutral_0002_000178,0002,neutral,happy,True,0.1111111111111111,0.9786112904548645,True,1,1,"You turn one, I want to learn a bit.","You turn one, I want to learn a little.",Voxtral_CN
00140_0002_neutral_0002_000158,0002,neutral,happy,True,1.0,0.16691024601459503,False,0,0,My personality is calm and objective.,果的叶子就如同容易受到祝福的花朵。,Voxtral_CN
00141_0002_neutral_0002_000060,0002,neutral,happy,True,0.375,0.932708203792572,True,0,0,"Take the subway, it takes about 20 minutes.",If the subway only takes about 20 minutes.,Voxtral_CN
00142_0002_neutral_0002_000204,0002,neutral,happy,True,0.36363636363636365,0.7369893789291382,False,0,0,"You just bought clothes yesterday, you are really a shopping addict.","You just bought clothes yesterday, it's really a bargain.",Voxtral_CN
00143_0002_neutral_0002_000171,0002,neutral,happy,True,1.125,0.5087897777557373,False,0,0,"You're a little bitch, very unlucky, very few.","With this little temper, Abe, you see bad luck very rarely.",Voxtral_CN
00144_0002_neutral_0002_000230,0002,neutral,happy,True,1.0,0.4978417754173279,False,0,0,"No, I won't bother you. I'm not brave enough to ask you out.",那不打扰你了，火不敢溜出去。,Voxtral_CN
00145_0002_neutral_0002_000182,0002,neutral,happy,True,1.0,0.8819172382354736,True,1,1,“About enough to support my living for three months.”,大约足够支持我生活三个月的,Voxtral_CN
00146_0002_neutral_0002_000207,0002,neutral,happy,True,0.7142857142857143,0.8470331430435181,True,0,0,"I'm Meng Meng, and you're Dai Dai.","I'm Meng Meng, you're Da Da, let's play.",Voxtral_CN
00147_0002_neutral_0002_000284,0002,neutral,happy,True,0.0,0.9999998807907104,True,skip_identical,1,enough time to shop and sightsee.,enough time to shop and sightsee.,Voxtral_CN
00148_0002_neutral_0002_000249,0002,neutral,happy,True,0.5,0.6174430847167969,False,0,0,My best friend just broke up.,My best friend just asked me out.,Voxtral_CN
00149_0002_neutral_0002_000107,0002,neutral,happy,True,0.4444444444444444,0.49614518880844116,False,0,0,"My score is 2.42, but it's a bit fast.","My boat weighs 42 kilograms, but it's a bit fast.",Voxtral_CN
00150_0002_sad_0002_001386,0002,sad,happy,True,0.5555555555555556,0.49754828214645386,False,0,0,Thank you for your praise. Baobab is getting old.,Thank you for your praise. I am a young man.,Voxtral_CN
00151_0002_sad_0002_001075,0002,sad,happy,False,0.0,1.0,True,skip_identical,1,I don't think it has to be of a special quality.,I don't think it has to be of a special quality.,Voxtral_CN
00152_0002_sad_0002_001332,0002,sad,happy,True,0.18181818181818182,0.9477460384368896,True,0,0,"Some people are riding boats, some people are doing flower arrangement.","Some people are riding boats, some people are doing flower shower activities.",Voxtral_CN
00153_0002_sad_0002_001169,0002,sad,happy,True,0.8571428571428571,0.4250989556312561,False,0,0,But I want to leave on Monday.,I'm looking forward to Friday.,Voxtral_CN
00154_0002_sad_0002_001371,0002,sad,happy,True,1.0,0.3356650471687317,False,0,0,I don't like it. You're making me dizzy.,你把我给我圍住了,Voxtral_CN
00155_0002_sad_0002_001220,0002,sad,happy,True,0.2857142857142857,0.5915201902389526,False,0,0,So you have time to play hockey.,So you have time to play football now.,Voxtral_CN
00156_0002_sad_0002_001120,0002,sad,happy,True,1.0,0.980823278427124,True,1,1,心动不如行动。我不太擅长卖弄。,心动了不如行动了。我不太擅长卖弄。,Voxtral_CN
00157_0002_sad_0002_001311,0002,sad,happy,True,1.125,0.42048466205596924,False,0,0,This doesn't look like a fair market competition.,This really feels like a market day because of the Super Bowl.,Voxtral_CN
00158_0002_sad_0002_001141,0002,sad,happy,True,0.0,1.0,True,skip_identical,1,"If you need help, please let me know.","If you need help, please let me know.",Voxtral_CN
00159_0002_sad_0002_001148,0002,sad,happy,True,1.0,0.10349830985069275,False,0,0,I'll just be a landlord or something.,"like, poking, teasing, and so on.",Voxtral_CN
00160_0002_sad_0002_001171,0002,sad,happy,True,0.625,0.7031935453414917,False,1,1,Then you are far away from the city.,Then you're a long way from the district.,Voxtral_CN
00161_0002_sad_0002_001237,0002,sad,happy,True,0.14285714285714285,0.9792313575744629,True,1,1,Let's throw a surprise party for him.,Let's have a surprise party for him.,Voxtral_CN
00162_0002_sad_0002_001159,0002,sad,happy,True,0.75,0.3492315113544464,False,0,0,I'm actually quite hungry.,I actually quite like it.,Voxtral_CN
00163_0002_sad_0002_001369,0002,sad,happy,True,0.7777777777777778,0.9763460755348206,True,1,1,There is a full automatic washing machine at home.,"At home, there is a fully automatic washing machine.",Voxtral_CN
00164_0002_sad_0002_001356,0002,sad,happy,True,0.625,0.6464866399765015,False,0,0,I am an engineer at a greenhouse farm.,I am a farmer in a sunflower field.,Voxtral_CN
00165_0002_sad_0002_001251,0002,sad,happy,True,0.2,0.8468230962753296,True,1,1,just a lot of pictures.,It's a lot of pictures.,Voxtral_CN
00166_0002_sad_0002_001295,0002,sad,happy,True,2.0,0.8314746022224426,True,1,1,Giannis suddenly excitedly shouted.,Giannis suddenly became very happy and started to talk loudly.,Voxtral_CN
00167_0002_sad_0002_001223,0002,sad,happy,True,1.0,0.6287397146224976,False,0,0,一套古诗词，她真的很珍贵。,一道骨子里的真气，他真的很珍贵。,Voxtral_CN
00168_0002_sad_0002_001368,0002,sad,happy,True,1.0,0.7844594120979309,False,0,0,"Hi, Dina. I think I asked the wrong person.",下午好，迪娜。我想我问错了人。,Voxtral_CN
00169_0002_sad_0002_001372,0002,sad,happy,True,0.625,0.6849033832550049,False,0,0,"Waiting for your orders, anytime you need me.","Waiting for your command, anytime you want me to laugh.",Voxtral_CN
00170_0002_sad_0002_001331,0002,sad,happy,True,0.4166666666666667,0.8912808895111084,True,0,0,"Good night, big mama, the whole sky is full of little stars.","Hello, Mom. The whole sky is full of little stars.",Voxtral_CN
00171_0002_sad_0002_001064,0002,sad,happy,True,0.2222222222222222,0.9805461168289185,True,1,1,"Whoever you are, I am happy to help you.","Whoever you are, I'm happy to help you.",Voxtral_CN
00172_0002_sad_0002_001076,0002,sad,happy,True,1.25,0.21069493889808655,False,0,0,"Yes, he is very cunning, often deceiving others.","Yes, it's very agile, and we often ride it to see people.",Voxtral_CN
00173_0002_sad_0002_001242,0002,sad,happy,True,0.16666666666666666,0.95311439037323,True,1,1,"If I run far away, I won't be able to come back.","If I run far, I won't be able to come back.",Voxtral_CN
00174_0002_sad_0002_001390,0002,sad,happy,True,10.0,0.9215381741523743,True,1,1,每天晚上和你呼吁晚安，真幸福。,"Every night, I say good night to you. How happy!",Voxtral_CN
00175_0002_surprise_0002_001428,0002,surprise,happy,True,0.6666666666666666,0.9794516563415527,True,1,1,"Right, it's the door. Two other people asked him.","That's right, it's a door. The other two people asked him,",Voxtral_CN
00176_0002_surprise_0002_001529,0002,surprise,happy,True,0.0,1.0,True,skip_identical,1,"To others there is none, but to me there is.","To others there is none, but to me there is.",Voxtral_CN
00177_0002_surprise_0002_001645,0002,surprise,happy,True,0.2857142857142857,0.944992184638977,True,1,1,Giannis suddenly got excited and started shouting.,Giannis suddenly got excited and started talking loudly.,Voxtral_CN
00178_0002_surprise_0002_001692,0002,surprise,happy,True,0.5555555555555556,0.6912921071052551,False,0,0,One day I might have to talk to her.,"One day, I might even kiss her.",Voxtral_CN
00179_0002_surprise_0002_001639,0002,surprise,happy,True,0.2,0.9733750820159912,True,1,1,"Food is also very delicious, not to mention the price.","The food is also very delicious, not to mention the price.",Voxtral_CN
00180_0002_surprise_0002_001452,0002,surprise,happy,True,0.0,1.0000001192092896,True,skip_identical,1,You shouldn't be afraid to start a new relationship.,You shouldn't be afraid to start a new relationship.,Voxtral_CN
00181_0002_surprise_0002_001457,0002,surprise,happy,True,0.6,0.8059380650520325,True,0,0,Dancing is so hard! I'm still learning the basic moves.,Dancing is fun! I'm also learning gymnastics.,Voxtral_CN
00182_0002_surprise_0002_001693,0002,surprise,happy,True,0.2857142857142857,0.917494535446167,True,0,0,"Sit down, I watched the screen display.",Sit up straight. I watched the screen display.,Voxtral_CN
00183_0002_surprise_0002_001555,0002,surprise,happy,True,0.0,1.0,True,skip_identical,1,I just want to relax myself.,I just want to relax myself.,Voxtral_CN
00184_0002_surprise_0002_001601,0002,surprise,happy,True,0.5,0.8664514422416687,True,1,1,A lot of pictures.,That's a lot of pictures.,Voxtral_CN
00185_0002_surprise_0002_001687,0002,surprise,happy,True,0.36363636363636365,0.8664162755012512,True,1,1,I like to listen so much that I keep repeating it.,I like to listen so much that I keep listening over and over.,Voxtral_CN
00186_0002_surprise_0002_001610,0002,surprise,happy,True,0.5,0.9739018678665161,True,0,0,"Not so bad, he has some songs I quite like.","Not bad, he has a lot of songs I like.",Voxtral_CN
00187_0002_surprise_0002_001573,0002,surprise,happy,True,0.7777777777777778,0.4411197900772095,False,1,1,"A set of calligraphy brushes, they are really precious.",It's really precious.,Voxtral_CN
00188_0002_surprise_0002_001620,0002,surprise,happy,True,0.7,0.584700345993042,False,0,0,"So you have to keep going, the longer the better.","So you must persevere, time will get better and better.",Voxtral_CN
00189_0002_surprise_0002_001611,0002,surprise,happy,True,1.25,0.45364105701446533,False,0,0,I'm tired of flowers.,My garden is really blooming.,Voxtral_CN
00190_0002_surprise_0002_001702,0002,surprise,happy,True,0.6363636363636364,0.39585626125335693,False,0,0,I hope you can think of some good ideas with me.,I hope you can go out with me to take photos.,Voxtral_CN
00191_0002_surprise_0002_001590,0002,surprise,happy,True,1.2,0.5785143375396729,False,0,0,It's 4:36 PM in Shanghai.,San Francisco is now 4:36 PM.,Voxtral_CN
00192_0002_surprise_0002_001670,0002,surprise,happy,True,0.7777777777777778,0.1365012228488922,False,0,0,I can't find the ad you want to block.,I didn't find the annoying frog you wanted to get rid of.,Voxtral_CN
00193_0002_surprise_0002_001568,0002,surprise,happy,True,0.25,0.9712121486663818,True,1,1,You have to answer me first. Who do you like the most?,"You have to tell me first, who do you like the most?",Voxtral_CN
00194_0002_surprise_0002_001673,0002,surprise,happy,True,1.5,0.11935410648584366,False,0,0,But plum blossoms are often overlooked.,I'm often watched by many people in Mei Hua.,Voxtral_CN
00195_0002_surprise_0002_001571,0002,surprise,happy,True,9.0,0.7830495238304138,False,0,0,你这小鬼，很不幸，很少！,You little rascal! You're so unlucky! Come and try!,Voxtral_CN
00196_0002_surprise_0002_001514,0002,surprise,happy,True,0.875,0.7644575834274292,False,1,1,I am too. I am a bit thirsty.,I'm thirsty too. I want to take a sip.,Voxtral_CN
00197_0002_surprise_0002_001729,0002,surprise,happy,True,0.7777777777777778,0.9739177823066711,True,1,1,But sometimes summer is more charming than other seasons.,But there are times in the summer that are more charming than other seasons.,Voxtral_CN
00198_0002_surprise_0002_001402,0002,surprise,happy,True,0.9375,0.24381248652935028,False,0,0,"An English philosopher once said, ""I do not feel obliged to believe that the same God who has endowed us with sense, reason, and intellect has intended us to forgo their use.""","A physicist once said, ""If you drop a banana peel and an apple, the banana peel will hit the ground first.""",Voxtral_CN
00199_0002_surprise_0002_001722,0002,surprise,happy,True,0.9,0.2716594934463501,False,0,0,"At your command, I am always ready to serve you.","Waiting for your order, I can laugh anytime!",Voxtral_CN
00000_0003_angry_0003_000507,0003,angry,happy,True,0.8571428571428571,0.22712768614292145,False,0,0,You know sometimes people can be unreasonable.,You know sometimes I get really excited about awards.,Voxtral_CN
00001_0003_angry_0003_000521,0003,angry,happy,True,1.2222222222222223,0.2126626819372177,False,0,0,"I'm a small monkey, I have very little faith.",I was very close to the country when I was young.,Voxtral_CN
00002_0003_angry_0003_000607,0003,angry,happy,True,0.375,0.9630902409553528,True,1,1,This is the fourth day of my trip.,This is my fourth day of travel.,Voxtral_CN
00003_0003_angry_0003_000413,0003,angry,happy,True,0.875,0.21145190298557281,False,0,0,You know I'm really trying to quit drinking.,You know I worked hard to bring you this dial.,Voxtral_CN
00004_0003_angry_0003_000486,0003,angry,happy,True,0.4,0.9620059728622437,True,1,1,I like almost all sports.,I like almost all kinds of sports.,Voxtral_CN
00005_0003_angry_0003_000664,0003,angry,happy,True,0.5,0.7110027074813843,False,1,1,Now everyone in the town is asking me for money.,Now everyone in the village is coming to me to borrow money.,Voxtral_CN
00006_0003_angry_0003_000631,0003,angry,happy,True,0.1,0.964205801486969,True,0,0,"Good night, Momo. The whole sky is full of stars.","Good night, Mommy. The whole sky is full of stars.",Voxtral_CN
00007_0003_angry_0003_000622,0003,angry,happy,True,0.9166666666666666,0.35463446378707886,False,0,0,Who is the person who has the most changes in the weather?,Shall we have a look at the many changes?,Voxtral_CN
00008_0003_angry_0003_000630,0003,angry,happy,True,0.6666666666666666,0.6395586133003235,False,0,0,Definitely can't go to the center of the river.,"Definitely can't go, live in the moment.",Voxtral_CN
00009_0003_angry_0003_000534,0003,angry,happy,True,1.0,0.8378828167915344,True,0,0,2016年10月5日星期六,2016年10月5日、276,Voxtral_CN
00010_0003_angry_0003_000640,0003,angry,happy,True,1.0,0.17357799410820007,False,0,0,There are records of gossip.,How to draw a record!,Voxtral_CN
00011_0003_angry_0003_000379,0003,angry,happy,True,1.0,0.9382553696632385,True,1,1,"Very cute, just like you.",很可爱，就像你一样。,Voxtral_CN
00012_0003_angry_0003_000654,0003,angry,happy,True,0.16666666666666666,0.6711390018463135,False,1,1,I just got back from Ingerland.,I just got back from England.,Voxtral_CN
00013_0003_angry_0003_000488,0003,angry,happy,True,1.0,0.5470824241638184,False,0,0,I can't control him.,I can't control myself and it's delicious.,Voxtral_CN
00014_0003_angry_0003_000435,0003,angry,happy,True,1.0,0.11261923611164093,False,0,0,"Yeah, I always worry about his health.","Yeah, when it's sunny, I always feel happy.",Voxtral_CN
00015_0003_angry_0003_000598,0003,angry,happy,True,0.9,0.04102383553981781,False,0,0,"I don't really care about this store, it's not famous.",Gossip Girl is praising this movie 6 stars.,Voxtral_CN
00016_0003_angry_0003_000398,0003,angry,happy,True,1.0,0.48980778455734253,False,0,0,"It's not too early, I came to ask for an order.","Can't wait, I'm here, please guide me.",Voxtral_CN
00017_0003_angry_0003_000481,0003,angry,happy,True,1.5,0.28177618980407715,False,0,0,He rides his bicycle to school every day.,"He's really cute, he always tells me how much he loves me.",Voxtral_CN
00018_0003_angry_0003_000396,0003,angry,happy,True,0.0,0.9999999403953552,True,skip_identical,1,We can drive in a line.,We can drive in a line.,Voxtral_CN
00019_0003_angry_0003_000655,0003,angry,happy,True,0.875,0.6429018378257751,False,1,1,"I support you, he needs to be reworked.","I support you, I think it's a must to remake it.",Voxtral_CN
00020_0003_angry_0003_000676,0003,angry,happy,True,1.0,0.9096748232841492,True,1,1,"So many jokes, a day can't be finished.","So many jokes, I can't finish them all in a day.",Voxtral_CN
00021_0003_angry_0003_000459,0003,angry,happy,True,0.75,0.22025664150714874,False,0,0,I'm quite hungry today.,It's quite happy.,Voxtral_CN
00022_0003_angry_0003_000647,0003,angry,happy,True,0.4,0.9952581524848938,True,skip_high_sim,1,"Three, two sons, one daughter.","Three, two sons and one daughter.",Voxtral_CN
00023_0003_angry_0003_000627,0003,angry,happy,True,0.3333333333333333,0.16124631464481354,False,0,0,"Yes, I will never drink it.","Yes, I will never forget her.",Voxtral_CN
00024_0003_angry_0003_000586,0003,angry,happy,True,0.7272727272727273,0.3726623058319092,False,0,0,"I don't need taste buds, so I don't have a tongue.","I don't need to slow down, so no more first time.",Voxtral_CN
00025_0003_neutral_0003_000240,0003,neutral,happy,True,1.0,0.39921510219573975,False,0,0,About an hour.,八约一钉石头,Voxtral_CN
00026_0003_neutral_0003_000142,0003,neutral,happy,True,0.8571428571428571,0.8163630962371826,True,1,1,"Yeah, I'm still a young, inexperienced reporter.","Yeah, I'm still a young reporter who's just getting started.",Voxtral_CN
00027_0003_neutral_0003_000167,0003,neutral,happy,True,1.0,0.8610960245132446,True,0,0,"Too cool, I want to exchange some yen.",太妙了，我想花一些日元。,Voxtral_CN
00028_0003_neutral_0003_000051,0003,neutral,happy,True,0.8888888888888888,0.6608840227127075,False,0,0,"No problem, maybe his wife will leak the secret.","Don't worry, maybe her boyfriend will smile and tell a secret.",Voxtral_CN
00029_0003_neutral_0003_000087,0003,neutral,happy,True,1.4285714285714286,0.42470356822013855,False,0,0,It's nothing but it's a bit boring.,It's not a big deal if you don't want to go.,Voxtral_CN
00030_0003_neutral_0003_000257,0003,neutral,happy,True,0.75,0.19148050248622894,False,0,0,This is the fourth day of my trip.,This is me on the 14th floor of a hotel.,Voxtral_CN
00031_0003_neutral_0003_000157,0003,neutral,happy,True,0.7142857142857143,0.5686814785003662,False,0,0,You know sometimes patients can be unreasonable.,"You know, sometimes patients will return the favor.",Voxtral_CN
00032_0003_neutral_0003_000043,0003,neutral,happy,True,0.8571428571428571,0.8088545799255371,True,0,0,Then we can choose a youth hostel.,"Such a good thing, we can choose the youth hotel.",Voxtral_CN
00033_0003_neutral_0003_000281,0003,neutral,happy,True,0.2,0.8516250848770142,True,0,0,"Good night, everyone, the whole world is full of stars.","Good morning, everyone, the whole sky is full of stars.",Voxtral_CN
00034_0003_neutral_0003_000258,0003,neutral,happy,True,0.1111111111111111,0.8681272864341736,True,1,1,I don't quite understand the meaning of this sentence.,I don't quite understand the meaning of this phrase.,Voxtral_CN
00035_0003_neutral_0003_000082,0003,neutral,happy,True,0.25,0.8540138006210327,True,0,0,I heard you are going to Hong Kong to see your uncle.,saying that you are going to Hong Kong to see your cousin.,Voxtral_CN
00036_0003_neutral_0003_000334,0003,neutral,happy,True,0.0,1.0,True,skip_identical,1,I used to have a too happy.,I used to have a too happy.,Voxtral_CN
00037_0003_neutral_0003_000116,0003,neutral,happy,True,0.42857142857142855,0.9132876396179199,True,1,1,"No, but we went to Kennedy Center.","No, but we did go to the Kennedy Center.",Voxtral_CN
00038_0003_neutral_0003_000070,0003,neutral,happy,True,0.7272727272727273,0.34222906827926636,False,0,0,"Mind is not like body, I am not good at pretending.",I'm not very good at waiting.,Voxtral_CN
00039_0003_neutral_0003_000268,0003,neutral,happy,True,1.6,0.11161120235919952,False,0,0,Everyone has a bad day.,"When I was a kid, I had a roommate.",Voxtral_CN
00040_0003_neutral_0003_000086,0003,neutral,happy,True,1.0,0.5169037580490112,False,0,0,I didn't know swimming had so many benefits.,I really want to experience the many benefits of swimming.,Voxtral_CN
00041_0003_neutral_0003_000007,0003,neutral,happy,True,1.2,0.5037604570388794,False,0,0,I call once a month.,I go to see the painting every month.,Voxtral_CN
00042_0003_neutral_0003_000117,0003,neutral,happy,True,0.9090909090909091,0.6800971031188965,False,0,0,"Get up quickly, I'm waiting for you at the dormitory door.","Hurry up and get out of bed, I'm waiting for you at the door of the cave.",Voxtral_CN
00043_0003_neutral_0003_000049,0003,neutral,happy,True,0.625,0.5048023462295532,False,0,0,I'll give you some soccer balls and paper.,Give me some colorful pens and paper.,Voxtral_CN
00044_0003_neutral_0003_000065,0003,neutral,happy,True,1.0,0.4172409176826477,False,0,0,"Not bad at all, let's just hold on to this for now.","Nothing is wrong, first enjoy the food.",Voxtral_CN
00045_0003_neutral_0003_000020,0003,neutral,happy,True,1.5,0.8112419843673706,True,1,1,"A few days ago, I encountered something interesting.",I had a funny thing happen to me a few days ago.,Voxtral_CN
00046_0003_neutral_0003_000301,0003,neutral,happy,True,11.0,0.7577528953552246,False,0,0,播放歌单收藏，脑海可动手真快。,"Play songs, save them, and your brain can be moved quickly.",Voxtral_CN
00047_0003_neutral_0003_000323,0003,neutral,happy,True,0.16666666666666666,0.7550704479217529,False,0,0,He is so friendly to everyone.,She is so friendly to everyone.,Voxtral_CN
00048_0003_neutral_0003_000324,0003,neutral,happy,True,0.0,1.0000001192092896,True,skip_identical,1,I like to have lunch.,I like to have lunch.,Voxtral_CN
00049_0003_neutral_0003_000126,0003,neutral,happy,True,0.5555555555555556,0.6791876554489136,False,0,0,"No, he lives in the old house in Westtown.","For example, she lives in the old house in West End.",Voxtral_CN
00050_0003_sad_0003_001082,0003,sad,happy,True,0.0,0.9999998807907104,True,skip_identical,1,I met a beautiful girl.,I met a beautiful girl.,Voxtral_CN
00051_0003_sad_0003_001349,0003,sad,happy,True,1.3333333333333333,0.338362455368042,False,0,0,"Yes, I just hit the table.","Oh, it's all done, I'm so happy, God.",Voxtral_CN
00052_0003_sad_0003_001227,0003,sad,happy,True,2.5555555555555554,0.5169342756271362,False,0,0,You've been in my heart for a long time.,"Now, tell me, the words you add to me are all with your heart, not with your mouth. That makes me so happy.",Voxtral_CN
00053_0003_sad_0003_001051,0003,sad,happy,True,11.0,0.662356436252594,False,1,1,大愿一看，他们的确很是美丽。,"I looked far and wide, and they were indeed very beautiful.",Voxtral_CN
00054_0003_sad_0003_001317,0003,sad,happy,True,0.42857142857142855,0.9734569787979126,True,1,1,This is my first book of stories.,This is my first story book.,Voxtral_CN
00055_0003_sad_0003_001121,0003,sad,happy,True,0.4444444444444444,0.5224577188491821,False,0,0,I like all the movies that make me cry.,"I like all the movies that use the ""Goo"" character.",Voxtral_CN
00056_0003_sad_0003_001123,0003,sad,happy,True,0.6666666666666666,0.9233524203300476,True,1,1,She always has a sweet smile.,She always has a smile on her face.,Voxtral_CN
00057_0003_sad_0003_001079,0003,sad,happy,True,0.6,0.9121056199073792,True,1,1,Very cute. Just like you.,So cute! Just like you!,Voxtral_CN
00058_0003_sad_0003_001313,0003,sad,happy,True,1.8,0.4167855381965637,False,0,0,Maybe it's a good thing.,Maybe I should go to the restaurant. It's a really good experience.,Voxtral_CN
00059_0003_sad_0003_001059,0003,sad,happy,True,0.4,0.8992575407028198,True,1,1,That's what I mean. You're both smart and good looking.,That's what I mean. You are both smart and beautiful.,Voxtral_CN
00060_0003_sad_0003_001357,0003,sad,happy,True,18.0,0.4054163098335266,False,0,0,又是内在美更加重要。,"You're my beautiful dream, you're my precious gem. He said, ""When the sun comes out, it's so beautiful.""",Voxtral_CN
00061_0003_sad_0003_001347,0003,sad,happy,True,1.6,0.1766868680715561,False,0,0,"three, two sons, one daughter.","Framgangs, så jeg har også hild i gunnjoa.",Voxtral_CN
00062_0003_sad_0003_001160,0003,sad,happy,True,11.0,0.41069167852401733,False,0,0,自己的事情要自己做。,Your own happiness is the best gift you can give yourself.,Voxtral_CN
00063_0003_sad_0003_001165,0003,sad,happy,True,0.9,0.7050701379776001,False,0,0,"It's a good habit, usually reading books or small things.",This is a good habit. I think I like it.,Voxtral_CN
00064_0003_sad_0003_001350,0003,sad,happy,True,0.8888888888888888,0.11426857858896255,False,0,0,I believe I am a fan of Deng Shan.,I like to go to the countryside.,Voxtral_CN
00065_0003_sad_0003_001144,0003,sad,happy,True,2.125,0.2442680299282074,False,0,0,I don't know why I look so angry.,"Last night I got up because of my wife, and when I looked at my watch, it was 11:30.",Voxtral_CN
00066_0003_sad_0003_001384,0003,sad,happy,True,1.0,0.5546577572822571,False,0,0,"I had a baby, I'm so happy.","火,我今天是猫火,我开心",Voxtral_CN
00067_0003_sad_0003_001310,0003,sad,happy,True,0.4,0.7104454040527344,False,0,0,"I'm sorry, I was going to go to the mall.",I want to go to the mall.,Voxtral_CN
00068_0003_sad_0003_001321,0003,sad,happy,True,22.0,0.17910461127758026,False,0,0,大,"And with that, I'd love to find a free day soon. So if you're going to be college one, it's the first.",Voxtral_CN
00069_0003_sad_0003_001397,0003,sad,happy,True,1.5,0.09545397013425827,False,0,0,"Just two pieces, the Tang Dynasty and the Song Dynasty.","What a fish was out like that, she had Hanja all over the ocean. Cute, yeah.",Voxtral_CN
00070_0003_sad_0003_001289,0003,sad,happy,True,0.25,0.9136438369750977,True,1,1,"Food is also very delicious, and no need to mention the price.","Food is also very delicious, not to mention the price.",Voxtral_CN
00071_0003_sad_0003_001262,0003,sad,happy,True,0.75,0.6516332626342773,False,1,1,I will go with you all the way.,"I will always be with you, walking the road together.",Voxtral_CN
00072_0003_sad_0003_001277,0003,sad,happy,True,1.625,0.1518452912569046,False,0,0,I can't stand the noise in the city.,"Good morning. Jimmy, I'm so glad I'm going to get him bop bop.",Voxtral_CN
00073_0003_sad_0003_001202,0003,sad,happy,True,0.7777777777777778,0.2961326241493225,False,0,0,"Be careful, there is a hole on the bridge.","Be careful, I finally found a good one.",Voxtral_CN
00074_0003_sad_0003_001171,0003,sad,happy,True,1.0,0.05858883261680603,False,0,0,Then you are far away from the city.,Let me go and get the body back.,Voxtral_CN
00075_0003_surprise_0003_001424,0003,surprise,happy,True,0.1,0.898871660232544,True,1,1,"Your image is always in my mind, to and fro.","Your image is always in my heart, to and fro.",Voxtral_CN
00076_0003_surprise_0003_001408,0003,surprise,happy,True,1.0,0.38150331377983093,False,0,0,Shachan Bagel seems to have caused everyone trouble.,Shachanbao seems to have brought everyone a piece of Ma San.,Voxtral_CN
00077_0003_surprise_0003_001715,0003,surprise,happy,True,0.25,0.9632368087768555,True,1,1,I need to be plugged in to talk.,I need to plug in to talk.,Voxtral_CN
00078_0003_surprise_0003_001539,0003,surprise,happy,True,0.3333333333333333,0.9203588366508484,True,1,1,Their partnership is worth us learning.,Their cooperation is worth our learning.,Voxtral_CN
00079_0003_surprise_0003_001596,0003,surprise,happy,True,0.14285714285714285,0.8013656735420227,True,0,0,"I'm hungry, I'm going to eat something.",I'm alive! I'm going to eat something.,Voxtral_CN
00080_0003_surprise_0003_001644,0003,surprise,happy,True,1.25,0.8848345279693604,True,1,1,My family is small.,My family is small and not many people.,Voxtral_CN
00081_0003_surprise_0003_001578,0003,surprise,happy,True,1.0,0.8032262325286865,True,0,0,"You turn one, I want to learn a little.",一转一角，那想学习一下。,Voxtral_CN
00082_0003_surprise_0003_001621,0003,surprise,happy,True,0.0,1.0,True,skip_identical,1,I strongly support people going into space.,I strongly support people going into space.,Voxtral_CN
00083_0003_surprise_0003_001494,0003,surprise,happy,True,1.1666666666666667,0.5885746479034424,False,0,0,"""Very strange, I don't know why.""","""Very handsome, I don't know why I'm so attracted to him.""",Voxtral_CN
00084_0003_surprise_0003_001444,0003,surprise,happy,True,0.5,0.2623075842857361,False,1,1,"For example, the Wall Street Journal is good.","For example, ""Wa'er jian ri fao"" is good.",Voxtral_CN
00085_0003_surprise_0003_001745,0003,surprise,happy,True,0.8,0.4655524492263794,False,0,0,You always seem to be looking for something to do.,He always likes to do something.,Voxtral_CN
00086_0003_surprise_0003_001477,0003,surprise,happy,True,0.875,0.7632253766059875,False,0,0,The wedding ceremony has started. They have arrived.,"The wedding ceremony has been completed, the wedding cake is here.",Voxtral_CN
00087_0003_surprise_0003_001466,0003,surprise,happy,True,0.5714285714285714,0.8564213514328003,True,0,0,"We can go fishing, chatting and hunting.","We can go fishing, chat, and have a picnic.",Voxtral_CN
00088_0003_surprise_0003_001505,0003,surprise,happy,True,0.75,0.35491490364074707,False,0,0,"We can't get along, and we often argue.","We are both very close, and we often joke around.",Voxtral_CN
00089_0003_surprise_0003_001521,0003,surprise,happy,True,0.625,0.05013979971408844,False,0,0,Then you are far away from the era.,Then you are going to be happy.,Voxtral_CN
00090_0003_surprise_0003_001691,0003,surprise,happy,True,0.4166666666666667,0.6784986853599548,False,0,0,"In the south of France, the climate is mild all year round.","In the south of France, the weather is always sunny.",Voxtral_CN
00091_0003_surprise_0003_001417,0003,surprise,happy,True,0.8461538461538461,0.7887592315673828,False,0,0,Soon you'll be going to college and you'll be able to use it.,"Soon you will go to college, you have arrived.",Voxtral_CN
00092_0003_surprise_0003_001547,0003,surprise,happy,True,0.4444444444444444,0.9371887445449829,True,1,1,"I don't know, maybe a new pair of shoes.",I don't know. Maybe I'll buy a new pair of shoes.,Voxtral_CN
00093_0003_surprise_0003_001635,0003,surprise,happy,True,0.4,0.8686127662658691,True,0,0,I like to exercise but I don't play soccer much.,"I like to play basketball, but I don't play much soccer.",Voxtral_CN
00094_0003_surprise_0003_001430,0003,surprise,happy,True,0.0,1.0,True,skip_identical,1,"Unless you're playing ping pong, but that's not possible.","Unless you're playing ping pong, but that's not possible.",Voxtral_CN
00095_0003_surprise_0003_001448,0003,surprise,happy,True,0.375,0.7031469345092773,False,0,0,"It's early, I'm here, please give me instructions.","It's time to go, I'm here, please give me instructions.",Voxtral_CN
00096_0003_surprise_0003_001485,0003,surprise,happy,True,1.1428571428571428,0.25763022899627686,False,0,0,"Yeah, I always worry about his health.","Yeah, as long as I'm healthy, I'll be fine.",Voxtral_CN
00097_0003_surprise_0003_001662,0003,surprise,happy,True,0.7777777777777778,0.5214507579803467,False,0,0,He seems to have been dumped by his girlfriend.,He seems like a restaurant threw me out.,Voxtral_CN
00098_0003_surprise_0003_001461,0003,surprise,happy,True,0.3333333333333333,0.9815387725830078,True,1,1,"Next month, my sister is going to get married.","Next month, my sister is getting married.",Voxtral_CN
00099_0003_surprise_0003_001449,0003,surprise,happy,True,0.9629629629629629,0.33580848574638367,False,0,0,"I can't physically send you anything, but I can certainly help you find some information or answer any questions you might have about soccer or paper flowers.",Give me some crayons and paper.,Voxtral_CN
00900_0004_angry_0004_000467,0004,angry,happy,True,0.4166666666666667,0.7308286428451538,False,0,0,"Get up quickly, I'll be waiting for you at the apartment door.","Come on, let's go. I'll be waiting for you at the dormitory door.",Voxtral_CN
00901_0004_angry_0004_000575,0004,angry,happy,True,0.3333333333333333,0.6000194549560547,False,1,1,"""Almost, we both are very hot-blooded.""","Almost, we both are very enthusiastic.",Voxtral_CN
00902_0004_angry_0004_000385,0004,angry,happy,True,0.5,0.8450592160224915,True,0,0,Such an innocent person will not be killed.,Such innocent people will not be killed anymore.,Voxtral_CN
00903_0004_angry_0004_000605,0004,angry,happy,True,0.375,0.4599584937095642,False,0,0,"At first, my office was a one-man show.","At first, my workplace was a small workshop.",Voxtral_CN
00904_0004_angry_0004_000444,0004,angry,happy,False,8.0,0.8959059715270996,True,1,1,很神奇的样子，我搞不明白为什么。,"I don't know why, but it looks amazing.",Voxtral_CN
00905_0004_angry_0004_000456,0004,angry,happy,True,1.3333333333333333,0.3155125379562378,False,0,0,I usually keep quiet when I can't do anything.,"Can't do anything, hit the ball, I'll catch it, it's all fun.",Voxtral_CN
00906_0004_angry_0004_000405,0004,angry,happy,True,0.8333333333333334,0.2836211025714874,False,0,0,It will actually become a coal.,It will be a great ice cream.,Voxtral_CN
00907_0004_angry_0004_000471,0004,angry,happy,False,1.0,0.8951879143714905,True,0,0,Then you are far away from the city.,让你又离市区很远了。,Voxtral_CN
00908_0004_angry_0004_000696,0004,angry,happy,True,1.0,0.6275256872177124,False,0,0,"Good night, little girl.",好好休息一下，这个小姑娘提。,Voxtral_CN
00909_0004_angry_0004_000581,0004,angry,happy,True,1.0,0.24381759762763977,False,0,0,It's been very cold and windy.,"""对着很长的墙壁，两个声音大声的""",Voxtral_CN
00910_0004_angry_0004_000453,0004,angry,happy,True,0.2857142857142857,0.878277063369751,True,1,1,"Feels very warm. Okay, see you later.","It's really warm. Okay, see you later.",Voxtral_CN
00911_0004_angry_0004_000364,0004,angry,happy,True,0.125,0.9668929576873779,True,1,1,"Whoever you are, I'm happy to help you.","Whoever you are, I'm glad to help you.",Voxtral_CN
00912_0004_angry_0004_000530,0004,angry,happy,True,13.0,0.2684094309806824,False,0,0,"""冬天的雨非常多，我不喜欢雨天。""",There are many good things about the present. We don't like the past.,Voxtral_CN
00913_0004_angry_0004_000548,0004,angry,happy,True,1.1666666666666667,0.7317825555801392,False,0,0,"Of course, we all have continents.","Of course we know, we are all over the world.",Voxtral_CN
00914_0004_angry_0004_000526,0004,angry,happy,True,1.0,0.09512950479984283,False,0,0,"Take your family with you, but they have a bad reputation.",上去你就加入，我们就去拍个照片。,Voxtral_CN
00915_0004_angry_0004_000448,0004,angry,happy,True,0.8571428571428571,0.1247917115688324,False,0,0,I will only joke about the landlord.,"I will not only cheer for the host country, China.",Voxtral_CN
00916_0004_angry_0004_000368,0004,angry,happy,True,0.2857142857142857,0.6749127507209778,False,0,0,"We don't agree, let's go play there.","We all agreed, let's go play there.",Voxtral_CN
00917_0004_angry_0004_000387,0004,angry,happy,True,0.0,1.0,True,skip_identical,1,I and my wife are looking forward to meeting you.,I and my wife are looking forward to meeting you.,Voxtral_CN
00918_0004_angry_0004_000586,0004,angry,happy,True,0.5833333333333334,0.5752782821655273,False,0,0,"I don't need to show off, so I don't have a nose.","We don't need to show you, so no beak.",Voxtral_CN
00919_0004_angry_0004_000549,0004,angry,happy,True,0.2222222222222222,0.9770462512969971,True,1,1,"I like your quick and tidy, bright and sunny.","I like your quick and tidy, sunny.",Voxtral_CN
00920_0004_angry_0004_000626,0004,angry,happy,True,0.5454545454545454,0.730949878692627,False,1,1,I like it very much. I pay attention to the appearance.,I like it very much.,Voxtral_CN
00921_0004_angry_0004_000459,0004,angry,happy,True,1.75,0.48621588945388794,False,0,0,I'm actually quite hungry.,I really like the taste of it.,Voxtral_CN
00922_0004_angry_0004_000594,0004,angry,happy,False,3.5,0.06336773186922073,False,0,0,My family is small.,"My goal is to be the best, and I don't want to be the only one.",Voxtral_CN
00923_0004_angry_0004_000649,0004,angry,happy,True,0.6666666666666666,0.5908733606338501,False,0,0,"Yes, I just hit the table.","Eat it, I just hit my target.",Voxtral_CN
00924_0004_angry_0004_000600,0004,angry,happy,True,0.6666666666666666,0.5892061591148376,False,0,0,"I don't need to turn my head, I don't need a neck.","I don't need to turn my head, I don't need to look away, I can just keep eating.",Voxtral_CN
00925_0004_neutral_0004_000123,0004,neutral,happy,True,0.6,0.2820066213607788,False,0,0,Then you say you have fallen from the unknown heavens.,Then you say you are a good person.,Voxtral_CN
00926_0004_neutral_0004_000017,0004,neutral,happy,True,0.3333333333333333,0.9894435405731201,True,1,1,You'll soon be able to use it in college.,Soon you will be able to use it in college.,Voxtral_CN
00927_0004_neutral_0004_000053,0004,neutral,happy,True,0.18181818181818182,0.9936590194702148,True,skip_high_sim,1,"I will definitely do it, so I won't ask you anymore.",I will definitely do it. So I won't ask you anymore.,Voxtral_CN
00928_0004_neutral_0004_000152,0004,neutral,happy,False,1.1428571428571428,0.24606913328170776,False,0,0,Beware of a hole on the sidewalk.,There is a window on the top of the human-shaped stone.,Voxtral_CN
00929_0004_neutral_0004_000001,0004,neutral,happy,True,1.0,0.04067084193229675,False,0,0,"Dazhuan yi kan, tamen di qi hen shi mei li.","I wish to see them, they are really beautiful.",Voxtral_CN
00930_0004_neutral_0004_000333,0004,neutral,happy,True,0.6363636363636364,0.3620637059211731,False,0,0,"If you miss this village, you will not find this restaurant.","Miss this spring, you will never have this feeling.",Voxtral_CN
00931_0004_neutral_0004_000320,0004,neutral,happy,True,0.4,0.9130879640579224,True,1,1,Thank you for coming here to tell me more details.,"Thank you for coming here, tell me more.",Voxtral_CN
00932_0004_neutral_0004_000207,0004,neutral,happy,True,0.6,0.6489689350128174,False,0,0,"I am Mung Mung Da, you are Dai Dai Da.","I'm Mung Mung Da, you're Miss B.B. Da.",Voxtral_CN
00933_0004_neutral_0004_000254,0004,neutral,happy,True,1.2857142857142858,0.2396892011165619,False,0,0,"I didn't trick you, machines don't trick.","If I didn't tell you, the tea is not to be missed.",Voxtral_CN
00934_0004_neutral_0004_000209,0004,neutral,happy,True,0.875,0.5277458429336548,False,0,0,"I'm sorry, I spilled coffee on the table.",I'm going to get up and bring the coffee table.,Voxtral_CN
00935_0004_neutral_0004_000330,0004,neutral,happy,True,0.5714285714285714,0.8827271461486816,True,1,1,"We get along very well, that's all.",We got along very well.,Voxtral_CN
00936_0004_neutral_0004_000054,0004,neutral,happy,True,1.0,0.14178480207920074,False,0,0,I was created by artificial intelligence.,I sleep with the human garbage dump.,Voxtral_CN
00937_0004_neutral_0004_000284,0004,neutral,happy,True,1.5,0.694563090801239,False,0,0,Shopping and sightseeing are both time-consuming.,There are plenty of time to shop and sightsee.,Voxtral_CN
00938_0004_neutral_0004_000341,0004,neutral,happy,True,0.7777777777777778,0.5381506681442261,False,0,0,I will draw a devil face on your face.,I will kiss you like a swallow.,Voxtral_CN
00939_0004_neutral_0004_000176,0004,neutral,happy,True,0.5,0.71668940782547,False,0,0,Wear your family but they have a birthmark.,"Wear your family, but with a twist.",Voxtral_CN
00940_0004_neutral_0004_000308,0004,neutral,happy,True,0.6666666666666666,0.548086941242218,False,0,0,I'm going to check out some knowledge about basketball.,I go to check out the knowledge related to soccer.,Voxtral_CN
00941_0004_neutral_0004_000338,0004,neutral,happy,True,0.6,0.8831238150596619,True,1,1,Young people must take responsibility.,Young people should take on responsibilities.,Voxtral_CN
00942_0004_neutral_0004_000307,0004,neutral,happy,True,0.3333333333333333,0.9485476016998291,True,1,1,Sometimes inner beauty is more important.,Sometimes the inner beauty is more precious.,Voxtral_CN
00943_0004_neutral_0004_000321,0004,neutral,happy,True,0.5714285714285714,0.5247621536254883,False,0,0,I don't like you making me dizzy.,Fusi very much likes you making me dizzy.,Voxtral_CN
00944_0004_neutral_0004_000343,0004,neutral,happy,True,0.375,0.5392765402793884,False,0,0,Many white liners were involved in this game.,Many white cranes are participating in this game.,Voxtral_CN
00945_0004_neutral_0004_000090,0004,neutral,happy,True,0.7777777777777778,0.4460533857345581,False,0,0,"Not too bad, but I have to lie down.","It's not too high, but you have to lie on the stove.",Voxtral_CN
00946_0004_neutral_0004_000180,0004,neutral,happy,True,0.8333333333333334,0.14656949043273926,False,0,0,"It rains a lot in the summer, I don't like rainy days.",There are many species of fish that I like to eat.,Voxtral_CN
00947_0004_neutral_0004_000059,0004,neutral,happy,True,1.1428571428571428,0.7284659147262573,False,1,1,I like everything I can play well.,"If I can play it well, I like it.",Voxtral_CN
00948_0004_neutral_0004_000058,0004,neutral,happy,True,0.5714285714285714,0.8641356825828552,True,0,0,"make people feel spacious, airy and grand.",Make people feel spacious and exhilarating.,Voxtral_CN
00949_0004_neutral_0004_000189,0004,neutral,happy,True,0.8888888888888888,0.6303993463516235,False,0,0,"I am a teacher, are you a good student?",I'm a teacher of Yinyang. You are a good person.,Voxtral_CN
00950_0004_sad_0004_001127,0004,sad,happy,True,0.3333333333333333,0.9924881458282471,True,skip_high_sim,1,They got married and they came.,"They got married, they came.",Voxtral_CN
00951_0004_sad_0004_001145,0004,sad,happy,True,0.14285714285714285,0.8154945373535156,True,0,0,"I do have a hobby, collecting antiques.","I do have a hobby, collecting candy.",Voxtral_CN
00952_0004_sad_0004_001070,0004,sad,happy,True,0.75,0.7869269847869873,False,1,1,"A few days ago, I encountered something interesting.",I've discovered something interesting.,Voxtral_CN
00953_0004_sad_0004_001274,0004,sad,happy,True,0.5714285714285714,0.449442595243454,False,0,0,This is a bit hard for me.,This is a bit of a surprise to me.,Voxtral_CN
00954_0004_sad_0004_001123,0004,sad,happy,True,0.0,1.0,True,skip_identical,1,She always has a sweet smile.,She always has a sweet smile.,Voxtral_CN
00955_0004_sad_0004_001272,0004,sad,happy,True,0.42857142857142855,0.9422739744186401,True,0,0,My old friend Hansen lives in London.,My old friend Hansen just moved to London.,Voxtral_CN
00956_0004_sad_0004_001232,0004,sad,happy,True,1.2222222222222223,0.6334403157234192,False,0,0,“About enough to support my living for three months.”,I think I have enough support to live. I thank you all enough.,Voxtral_CN
00957_0004_sad_0004_001320,0004,sad,happy,True,0.8888888888888888,0.12134652584791183,False,0,0,I can't find the folder you want to delete.,"No, I've never had you eat three potatoes.",Voxtral_CN
00958_0004_sad_0004_001203,0004,sad,happy,True,1.0,0.9563966989517212,True,0,0,What are we waiting for?,We're waiting for what?,Voxtral_CN
00959_0004_sad_0004_001379,0004,sad,happy,True,0.3333333333333333,0.767126202583313,False,0,0,But sometimes autumn is more charming than other seasons.,"However, sometimes summer is more beautiful than other seasons.",Voxtral_CN
00960_0004_sad_0004_001281,0004,sad,happy,True,7.0,0.6802675724029541,False,0,0,最近很冷，风也很大。,The other side is cold and bright.,Voxtral_CN
00961_0004_sad_0004_001177,0004,sad,happy,True,0.3333333333333333,0.974653959274292,True,1,1,You said we are going to stay in Zagreb for three days.,We're going to stay in Zagreb for three days.,Voxtral_CN
00962_0004_sad_0004_001189,0004,sad,happy,True,0.6666666666666666,0.8985216617584229,True,1,1,Their cooperation is worth us learning.,Their cooperation deserves us to learn.,Voxtral_CN
00963_0004_sad_0004_001216,0004,sad,happy,True,0.3333333333333333,0.3726475238800049,False,0,0,I think those should be the seeds of carrots.,I think those should be the strawberries' best features.,Voxtral_CN
00964_0004_sad_0004_001225,0004,sad,happy,True,0.9,0.43248251080513,False,0,0,"He's unemployed at the moment, you'd better not annoy him.","You're playing well, don't tease him.",Voxtral_CN
00965_0004_sad_0004_001309,0004,sad,happy,True,0.625,0.5613185167312622,False,0,0,We want to wait for a suitable time.,We are thinking of a healthy time.,Voxtral_CN
00966_0004_sad_0004_001347,0004,sad,happy,True,0.5,0.9465022087097168,True,0,0,"Three sons, two boys, one girl.","Three sons, two daughters.",Voxtral_CN
00967_0004_sad_0004_001179,0004,sad,happy,True,1.0,0.33848443627357483,False,1,1,"to others there is none, but to me there is.","But there is no one else, he is only for me.",Voxtral_CN
00968_0004_sad_0004_001198,0004,sad,happy,True,1.0,0.20454296469688416,False,0,0,"If you have something to do, remember to call me.",You can see the sky is blue.,Voxtral_CN
00969_0004_sad_0004_001377,0004,sad,happy,False,1.0,0.003640035167336464,False,0,0,"I hate conceited people, sometimes I don't understand, you understand.","A duck is not far away, one duck.",Voxtral_CN
00970_0004_sad_0004_001133,0004,sad,happy,True,0.75,0.6592028141021729,False,1,1,Every part of you is drawing me in.,Every detail of your appearance attracts me.,Voxtral_CN
00971_0004_sad_0004_001351,0004,sad,happy,True,11.0,0.3102990388870239,False,0,0,播放歌单收藏，脑子能动得真快。,"I play the song, and the old man is very happy.",Voxtral_CN
00972_0004_sad_0004_001326,0004,sad,happy,True,0.5454545454545454,0.6671432256698608,False,0,0,I like it very much. I pay attention to my appearance.,I like it very much.,Voxtral_CN
00973_0004_sad_0004_001396,0004,sad,happy,True,1.0,0.41039174795150757,False,0,0,"Good rest, little wooden rocking chair.",休息一下，这个小木头，问你叫我心爱的。,Voxtral_CN
00974_0004_sad_0004_001153,0004,sad,happy,True,0.7142857142857143,0.9475216865539551,True,1,1,"Feels so warm. Okay, see you later.",Feels so warm. See you in a while.,Voxtral_CN
00975_0004_surprise_0004_001638,0004,surprise,happy,True,0.5,0.6723472476005554,False,0,0,I don't think we should follow Xiao Xi.,I think we should walk along with Xiao Xi.,Voxtral_CN
00976_0004_surprise_0004_001511,0004,surprise,happy,True,1.125,0.47523534297943115,False,0,0,"Every morning, my mother would help him remember.","Every day, I was carried by my mother to the ground.",Voxtral_CN
00977_0004_surprise_0004_001478,0004,surprise,happy,True,1.0,0.6641589999198914,False,0,0,Their design is small and can be operated alone.,看他们的设计外型小巧，可单独坐。,Voxtral_CN
00978_0004_surprise_0004_001709,0004,surprise,happy,True,6.0,0.45420438051223755,False,0,0,四个半月,I have already married four times.,Voxtral_CN
00979_0004_surprise_0004_001585,0004,surprise,happy,True,0.09090909090909091,0.9949706792831421,True,skip_high_sim,1,"Today is a beautiful day, I hope the host team loses.",Today is a beautiful day. I hope the host team loses.,Voxtral_CN
00980_0004_surprise_0004_001576,0004,surprise,happy,True,0.8,0.45402756333351135,False,0,0,Wear your family member's clothes but they have a mustache.,"Take your family, take them to have a good time.",Voxtral_CN
00981_0004_surprise_0004_001552,0004,surprise,happy,True,1.0,0.316131591796875,False,0,0,"Be careful, there's a hole on the road.",笑声在下面响起，人生的道路上有了一个转折点。,Voxtral_CN
00982_0004_surprise_0004_001467,0004,surprise,happy,True,0.5,0.39780181646347046,False,0,0,You're deeply imprinted in my mind.,It's fresh in my mind.,Voxtral_CN
00983_0004_surprise_0004_001555,0004,surprise,happy,True,0.2857142857142857,0.9225260019302368,True,1,1,I just want to relax a bit.,I really wanted to relax a bit.,Voxtral_CN
00984_0004_surprise_0004_001509,0004,surprise,happy,True,0.25,0.3871844410896301,False,0,0,I'm actually quite hungry.,I'm actually quite happy.,Voxtral_CN
00985_0004_surprise_0004_001580,0004,surprise,happy,False,0.8333333333333334,0.7294484376907349,False,1,1,"""In the winter, it rains a lot. I don't like rainy days.""","In the winter, there is a lot of rain. I don't like it when it rains.",Voxtral_CN
00986_0004_surprise_0004_001692,0004,surprise,happy,True,0.3333333333333333,0.7236824035644531,False,0,0,One day I may have to talk to her.,"Na Pei-sa, I might have to talk to her.",Voxtral_CN
00987_0004_surprise_0004_001702,0004,surprise,happy,True,1.0,0.42165517807006836,False,0,0,I hope you can think of some ideas with me.,"I hope you can be with me, you also want to be happy, right?",Voxtral_CN
00988_0004_surprise_0004_001634,0004,surprise,happy,False,0.16666666666666666,0.9823006391525269,True,1,1,It is a major air pollutant.,It is a main air pollutant.,Voxtral_CN
00989_0004_surprise_0004_001713,0004,surprise,happy,True,0.7777777777777778,0.9150936007499695,True,0,0,"After the trip, I will rest for a while.",I will rest for a while before I travel.,Voxtral_CN
00990_0004_surprise_0004_001750,0004,surprise,happy,False,1.2857142857142858,0.42535096406936646,False,0,0,"It's very bad language, don't learn it.","This is very difficult to stop in Chinese. Readers, please don't learn it.",Voxtral_CN
00991_0004_surprise_0004_001411,0004,surprise,happy,True,0.125,0.9905665516853333,True,skip_high_sim,1,"Happy Mother's Day! I love you forever, Mom.","Happy Mother's Day. I love you forever, Mom.",Voxtral_CN
00992_0004_surprise_0004_001417,0004,surprise,happy,True,0.5555555555555556,0.35298436880111694,False,0,0,Soon you'll be able to use it in college.,Soon you'll be able to play in the big leagues.,Voxtral_CN
00993_0004_surprise_0004_001708,0004,surprise,happy,True,0.625,0.7763879895210266,False,0,0,I'm going to check out some basketball knowledge.,I'm going to try basketball.,Voxtral_CN
00994_0004_surprise_0004_001565,0004,surprise,happy,True,2.2,0.33488941192626953,False,0,0,"Actually, we broke up yesterday.","Actually, we have been together for thousands of years and never broken up.",Voxtral_CN
00995_0004_surprise_0004_001439,0004,surprise,happy,True,1.0,0.5658015012741089,False,0,0,没有找到日常，去的时刻锁门。,没有一天不去十字路口,Voxtral_CN
00996_0004_surprise_0004_001672,0004,surprise,happy,True,1.4,0.4609634578227997,False,0,0,"""Shenyang tomorrow has a rainstorm, and the wind will change.""","Shen Yang, tomorrow there will be a leech. I will be very happy to see you.",Voxtral_CN
00997_0004_surprise_0004_001436,0004,surprise,happy,True,1.0,0.5125399827957153,False,0,0,I must be online to work.,I have to enjoy what I do to work.,Voxtral_CN
00998_0004_surprise_0004_001493,0004,surprise,happy,True,0.5,0.6446121335029602,False,0,0,"Don't be shy, eat more meat.","Don't be shy, eat more of the dumplings.",Voxtral_CN
00999_0004_surprise_0004_001654,0004,surprise,happy,True,1.5714285714285714,0.45857954025268555,False,0,0,"I didn't trick you, machines don't trick.","I didn't want to use you, said the cheerful man, I won't use you.",Voxtral_CN
00600_0005_angry_0005_000462,0005,angry,happy,True,1.0,0.997725248336792,True,skip_high_sim,1,那棒极了，其实心情也挺好的。,那棒极了，其实心情也挺不错。,Voxtral_CN
00601_0005_angry_0005_000431,0005,angry,happy,True,1.0,0.6763818264007568,False,0,0,"This street, everyone likes to gossip.","This street is so crowded, everyone likes it.",Voxtral_CN
00602_0005_angry_0005_000570,0005,angry,happy,True,0.75,0.4585549831390381,False,1,1,"So you must persevere, the longer the better.","I will definitely stick with you, the longer the better.",Voxtral_CN
00603_0005_angry_0005_000643,0005,angry,happy,True,0.7142857142857143,0.45624467730522156,False,0,0,"Listen up, I've seen the screen display.",I saw the rainbow display.,Voxtral_CN
00604_0005_angry_0005_000440,0005,angry,happy,True,0.8333333333333334,0.5659934282302856,False,0,0,"Not too bad, but it has to be hidden in the bed.","I'm not too tall, I'm lying on the bed.",Voxtral_CN
00605_0005_angry_0005_000639,0005,angry,happy,True,1.0,0.1946287304162979,False,0,0,"No, but Bobo likes to play with balls.","Good, the white rabbit is here.",Voxtral_CN
00606_0005_angry_0005_000450,0005,angry,happy,True,0.2222222222222222,0.8894214630126953,True,0,0,I often go to the bar near our dormitory.,I often go to the bar near my apartment.,Voxtral_CN
00607_0005_angry_0005_000354,0005,angry,happy,True,0.875,0.24613548815250397,False,0,0,"No matter how you look at it, the host team seems to be the one losing.","Whatever the case, the host is very happy to have you.",Voxtral_CN
00608_0005_angry_0005_000681,0005,angry,happy,True,0.3333333333333333,0.838604748249054,True,0,0,"So I asked him, ""Can you buy my ticket?""","I asked the lady, ""Can you buy my ticket?""",Voxtral_CN
00609_0005_angry_0005_000504,0005,angry,happy,True,1.6,0.7295205593109131,False,0,0,I can only speak Mandarin.,"I won't say other foreign languages, only Wu Tong Tong.",Voxtral_CN
00610_0005_angry_0005_000490,0005,angry,happy,True,1.1666666666666667,0.25026750564575195,False,0,0,I know I'm a big mouth.,I also hope to go to the big screen.,Voxtral_CN
00611_0005_angry_0005_000385,0005,angry,happy,True,0.3333333333333333,0.9804096817970276,True,1,1,"So, innocent people won't be killed.",so the innocent people won't be killed.,Voxtral_CN
00612_0005_angry_0005_000533,0005,angry,happy,True,0.6363636363636364,0.41834375262260437,False,0,0,You would never guess he was planning to have a child.,You can't miss that he's getting ready to have a baby.,Voxtral_CN
00613_0005_angry_0005_000594,0005,angry,happy,True,0.7142857142857143,0.21114978194236755,False,0,0,My direct contact number is not much.,My direct relatives are more than 1000.,Voxtral_CN
00614_0005_angry_0005_000677,0005,angry,happy,True,1.3333333333333333,0.7567507028579712,False,0,0,"I like to eat, I don't understand, you understand?","I like to eat wrongly, and I don't care. Sometimes I don't know, you go out and eat.",Voxtral_CN
00615_0005_angry_0005_000442,0005,angry,happy,True,1.0,0.5931684970855713,False,0,0,"Won't be so bad, I'm 16 too.",福魁就把我当小孩了，我也是16岁。,Voxtral_CN
00616_0005_angry_0005_000517,0005,angry,happy,True,1.0,0.9988359212875366,True,skip_high_sim,1,太妙了，我想换一些日元。,太妙啦，我想换一些日元。,Voxtral_CN
00617_0005_angry_0005_000683,0005,angry,happy,True,11.0,0.3757365345954895,False,1,1,坐我这船就没这店了。,"If I miss this opportunity, I won't have this chance again.",Voxtral_CN
00618_0005_angry_0005_000605,0005,angry,happy,True,0.625,0.22847406566143036,False,0,0,My first job was to be a waiter.,The most important job is to be a user.,Voxtral_CN
00619_0005_angry_0005_000364,0005,angry,happy,True,0.4444444444444444,0.882172703742981,True,1,1,"Whoever you don't know, I'm happy to help you.",Who do you not know? I'm happy to help you.,Voxtral_CN
00620_0005_angry_0005_000471,0005,angry,happy,True,0.0,1.0,True,skip_identical,1,Then you are far away from the city.,Then you are far away from the city.,Voxtral_CN
00621_0005_angry_0005_000624,0005,angry,happy,True,10.0,0.7672456502914429,False,0,0,主要不愿意吧，我还是想留下他。,"Don't go back, I still want to stay with him.",Voxtral_CN
00622_0005_angry_0005_000420,0005,angry,happy,True,1.0,0.12991490960121155,False,0,0,"I can't move my body, I'm not good at acting.",生了蚊子成功，我不用下去打扫了。,Voxtral_CN
00623_0005_angry_0005_000511,0005,angry,happy,True,1.0,0.4849874675273895,False,0,0,He makes me laugh so much.,笑話,Voxtral_CN
00624_0005_angry_0005_000353,0005,angry,happy,False,0.0,1.0000001192092896,True,skip_identical,1,My hometown is Beijing.,My hometown is Beijing.,Voxtral_CN
00625_0005_neutral_0005_000075,0005,neutral,happy,True,0.125,0.9657965898513794,True,1,1,I also want to see the cute panda.,I also want to go see the cute panda.,Voxtral_CN
00626_0005_neutral_0005_000114,0005,neutral,happy,True,0.625,0.6595597267150879,False,0,0,"I am too, I am a bit thirsty.","I am too, I have a little bit of a fever.",Voxtral_CN
00627_0005_neutral_0005_000003,0005,neutral,happy,True,0.25,0.9938841462135315,True,skip_high_sim,1,My hometown is Beijing.,My hometown is in Beijing.,Voxtral_CN
00628_0005_neutral_0005_000241,0005,neutral,happy,True,1.0,0.22305884957313538,False,0,0,Please do not enter the forest.,“入住的客人”,Voxtral_CN
00629_0005_neutral_0005_000321,0005,neutral,happy,True,6.0,0.5121549367904663,False,0,0,不太喜欢，你把我弄晕了。,"Bu Si: ""You make me dizzy.""",Voxtral_CN
00630_0005_neutral_0005_000035,0005,neutral,happy,True,0.8333333333333334,0.7126506567001343,False,1,1,"So, innocent people won't be killed.","So, no more will the unarmed be killed.",Voxtral_CN
00631_0005_neutral_0005_000218,0005,neutral,happy,True,0.875,0.6580619215965271,False,0,0,"Tomorrow is Sunday, let's go for a walk.","It's a beautiful day, so we went for a walk.",Voxtral_CN
00632_0005_neutral_0005_000303,0005,neutral,happy,True,1.4285714285714286,0.08784916996955872,False,0,0,I didn't get home until 4:00 a.m.,I have been to the finals of the Junior Member Cup.,Voxtral_CN
00633_0005_neutral_0005_000159,0005,neutral,happy,True,1.1428571428571428,0.6924253702163696,False,0,0,I won't sacrifice my health for money.,"If I don't sacrifice my health to make money, I'll be happy.",Voxtral_CN
00634_0005_neutral_0005_000124,0005,neutral,happy,True,1.0,0.40959712862968445,False,0,0,"Yes, please refund my money, thank you.",知道停三房我的心，谢谢你。,Voxtral_CN
00635_0005_neutral_0005_000343,0005,neutral,happy,True,0.8333333333333334,0.4484902024269104,False,0,0,Many Baileys participated in this game.,Many people are enjoying this year's games.,Voxtral_CN
00636_0005_neutral_0005_000288,0005,neutral,happy,True,0.6666666666666666,0.6572014689445496,False,0,0,"I'm always here, have you ever dreamed of me?","I'm always there, never dreaming of him.",Voxtral_CN
00637_0005_neutral_0005_000302,0005,neutral,happy,True,0.8571428571428571,0.5961107611656189,False,0,0,I hope you can brainstorm with me.,I hope you can think of a place to go with me.,Voxtral_CN
00638_0005_neutral_0005_000334,0005,neutral,happy,True,0.0,1.0000001192092896,True,skip_identical,1,"I used to raise them, I was so happy.","I used to raise them, I was so happy.",Voxtral_CN
00639_0005_neutral_0005_000251,0005,neutral,happy,False,9.0,0.7606629729270935,False,1,1,没看过小说，只有人类需要。,"I haven't read the book, only humans need it.",Voxtral_CN
00640_0005_neutral_0005_000058,0005,neutral,happy,True,1.0,0.7874774932861328,False,1,1,看起来就觉得宽广，气概非凡。,一般人看起来就感觉宽广，气概非凡。,Voxtral_CN
00641_0005_neutral_0005_000165,0005,neutral,happy,False,1.8,0.09519931674003601,False,0,0,"Actually, we broke up yesterday.",As soon as our forerunners have already set sail.,Voxtral_CN
00642_0005_neutral_0005_000284,0005,neutral,happy,True,1.5,0.6953290700912476,False,1,1,Enough time to shop and sightsee.,There is a lot of shopping and sightseeing to do.,Voxtral_CN
00643_0005_neutral_0005_000221,0005,neutral,happy,True,1.2857142857142858,0.38682955503463745,False,0,0,I strongly support people going into space.,I really like the people who are going to the opening ceremony.,Voxtral_CN
00644_0005_neutral_0005_000223,0005,neutral,happy,True,0.5,0.9501493573188782,True,1,1,It sounds like you're having fun.,It sounds like you're having a lot of fun.,Voxtral_CN
00645_0005_neutral_0005_000270,0005,neutral,happy,True,14.0,0.4495210647583008,False,0,0,没有找到你想删掉的噪音,"Every time I find the noise I want to get rid of, I'm happy.",Voxtral_CN
00646_0005_neutral_0005_000198,0005,neutral,happy,True,0.75,0.4825305938720703,False,0,0,"Of course, we all have our own opinions.","Of course, we all know that we have a common enemy.",Voxtral_CN
00647_0005_neutral_0005_000228,0005,neutral,happy,True,1.125,0.9103000164031982,True,1,1,"Okay, new music hall has a music party.","Good, there is a music party in the new music room.",Voxtral_CN
00648_0005_neutral_0005_000043,0005,neutral,happy,True,0.42857142857142855,0.2642705738544464,False,0,0,So we can choose a youth hostel.,So we can choose the best one.,Voxtral_CN
00649_0005_neutral_0005_000279,0005,neutral,happy,True,1.5,0.35339248180389404,False,0,0,I think so too.,I would say I also think it's beautiful.,Voxtral_CN
00650_0005_sad_0005_001159,0005,sad,happy,True,0.75,0.22941802442073822,False,0,0,I'm actually quite hungry.,He is actually quite happy.,Voxtral_CN
00651_0005_sad_0005_001077,0005,sad,happy,True,1.3,-0.12791642546653748,False,0,0,The factory did not directly put it into the atmosphere.,"This is a very good one, but this is a very good one.",Voxtral_CN
00652_0005_sad_0005_001288,0005,sad,happy,True,1.625,-0.006692039780318737,False,0,0,I don't think we should follow Xiao Xi.,"But if I were to live happily, I would be proud of my love.",Voxtral_CN
00653_0005_sad_0005_001386,0005,sad,happy,True,1.2727272727272727,0.4478904604911804,False,0,0,Thank you for your praise. I am now 18 years old.,I took a photo and said thank you to her. I was really happy.,Voxtral_CN
00654_0005_sad_0005_001209,0005,sad,happy,True,1.2857142857142858,0.06587208062410355,False,0,0,I won't sacrifice my health for money.,I'm glad to exchange my old phone for a new one.,Voxtral_CN
00655_0005_sad_0005_001128,0005,sad,happy,True,1.2307692307692308,0.059316687285900116,False,0,0,"Their design is small, agile and can be operated by a single person.","They're all very good, I like them all. The first one I'm really looking forward to.",Voxtral_CN
00656_0005_sad_0005_001199,0005,sad,happy,True,1.0,0.16099455952644348,False,0,0,"Hello, Brooklyn. It's 4pm.","You're back, that's good.",Voxtral_CN
00657_0005_sad_0005_001173,0005,sad,happy,True,1.3333333333333333,0.08831921219825745,False,0,0,Then you say you don't know the marriage date.,"Then you say you're going to this Shenhuan, and then you're going to pull it.",Voxtral_CN
00658_0005_sad_0005_001233,0005,sad,happy,True,2.8333333333333335,0.14519023895263672,False,0,0,You definitely wouldn't know she's pregnant.,"You're definitely not a bad guy, I was just thinking it was a bit too nice and beautiful.",Voxtral_CN
00659_0005_sad_0005_001223,0005,sad,happy,True,1.7,0.10505896806716919,False,0,0,"A set of ancient jade carvings, they are really precious.","You'd help me, you're a hero. I hope there isn't a go hand again, I'm glad to.",Voxtral_CN
00660_0005_sad_0005_001303,0005,sad,happy,True,1.0,0.11784017086029053,False,0,0,"You are more handsome than Wu Yi Fan, I agree with your point of view.","Hey, we'll go and we'll bang flat. We're going and live, won't we?",Voxtral_CN
00661_0005_sad_0005_001055,0005,sad,happy,True,0.9285714285714286,0.07034119963645935,False,0,0,"We took a boat to sail around the three gorges, it was really exciting.",I hope to see you soon.,Voxtral_CN
00662_0005_sad_0005_001231,0005,sad,happy,True,2.0,-0.03930111601948738,False,0,0,"For Jenny, time is useless.","I've been here for you, I like to come here.",Voxtral_CN
00663_0005_sad_0005_001182,0005,sad,happy,True,1.0,0.3623232841491699,False,0,0,Is it the woman you care most about?,with your most beloved friend.,Voxtral_CN
00664_0005_sad_0005_001291,0005,sad,happy,True,3.0,-0.028885677456855774,False,0,0,Don't enter the forest.,I want to eat with my parents and Ilan to eat together.,Voxtral_CN
00665_0005_sad_0005_001108,0005,sad,happy,True,7.0,0.4529609680175781,False,0,0,让人看起来就觉得宽广，气派非凡。,What makes people feel spacious and comfortable?,Voxtral_CN
00666_0005_sad_0005_001388,0005,sad,happy,True,2.2,-0.08948079496622086,False,0,0,Young people must take responsibility.,The king and queen were happy and in a warm embrace.,Voxtral_CN
00667_0005_sad_0005_001318,0005,sad,happy,True,0.8333333333333334,0.327277809381485,False,0,0,Who doesn't have a bad time?,I think that's a good thing.,Voxtral_CN
00668_0005_sad_0005_001331,0005,sad,happy,True,1.0,0.39430513978004456,False,0,0,"Good night, Mom. The whole sky is full of little stars.","Good morning, everyone. I'm very happy to see you all here today.",Voxtral_CN
00669_0005_sad_0005_001241,0005,sad,happy,True,1.0,0.5785075426101685,False,0,0,"Stop asking, the more you say, the more tears.",不要问了，多了都呼，享乐啊，好像,Voxtral_CN
00670_0005_sad_0005_001204,0005,sad,happy,True,3.2,0.15639466047286987,False,0,0,I can only speak Mandarin.,"I'm not good at speaking, but just listening to his words really makes me feel good.",Voxtral_CN
00671_0005_sad_0005_001294,0005,sad,happy,True,1.6,0.2728225588798523,False,0,0,I have few close relatives.,"Good, I feel like I'm a young man again.",Voxtral_CN
00672_0005_sad_0005_001393,0005,sad,happy,True,2.5714285714285716,0.0766228586435318,False,0,0,Many white people participated in this game.,"I have come to remember that the last time I was here, it was a very good time.",Voxtral_CN
00673_0005_sad_0005_001054,0005,sad,happy,True,24.0,0.20133128762245178,False,0,0,不管怎么说，主队似乎是自愿多亏。,"""Quero agradecer a Apple One, a uma boa cantora, a ficar, a agradar aos manuais que eu pedi lugar que eu ganhei a data.""",Voxtral_CN
00674_0005_sad_0005_001312,0005,sad,happy,True,1.1111111111111112,0.088575080037117,False,0,0,He seems to have been dumped by his girlfriend.,"Look, I was hit by a car, it's really fun.",Voxtral_CN
00675_0005_surprise_0005_001484,0005,surprise,happy,True,1.375,0.30856773257255554,False,0,0,"Yes, he had a relationship with his niece.",Tang went to the uncle's house to play tug of war.,Voxtral_CN
00676_0005_surprise_0005_001645,0005,surprise,happy,True,1.0,0.6618387699127197,False,0,0,Giannis suddenly shouted loudly.,天音是突然心情大喊起来的。,Voxtral_CN
00677_0005_surprise_0005_001672,0005,surprise,happy,True,1.3333333333333333,0.664282500743866,False,0,0,"Shenyang tomorrow has thunderstorms, multiple voices.",Shen Yang Ming Tian has a rain of lightning.,Voxtral_CN
00678_0005_surprise_0005_001739,0005,surprise,happy,True,2.0,0.6170734167098999,False,0,0,Don't ask a woman's age.,"Don't say that, it's too early for girls to be married.",Voxtral_CN
00679_0005_surprise_0005_001401,0005,surprise,happy,True,0.7142857142857143,0.7352273464202881,False,0,0,Daren looked and they were indeed beautiful.,"I wish to see, they are indeed beautiful.",Voxtral_CN
00680_0005_surprise_0005_001438,0005,surprise,happy,True,0.25,0.9994606971740723,True,skip_high_sim,1,Of course! I’m starving!,Of course! I'm starving!,Voxtral_CN
00681_0005_surprise_0005_001552,0005,surprise,happy,True,0.8888888888888888,0.3352436125278473,False,0,0,"Be careful, there is a hole on the road.","Be careful of the kick, Yingying, score a goal.",Voxtral_CN
00682_0005_surprise_0005_001629,0005,surprise,happy,True,0.0,1.0,True,skip_identical,1,This is a good spot. Get out.,This is a good spot. Get out.,Voxtral_CN
00683_0005_surprise_0005_001688,0005,surprise,happy,True,0.0,1.0,True,skip_identical,1,I'm always here. Have you ever dreamed of me?,I'm always here. Have you ever dreamed of me?,Voxtral_CN
00684_0005_surprise_0005_001435,0005,surprise,happy,True,0.7142857142857143,0.56008380651474,False,0,0,"So, the homeless people won't be killed.","So, I won't be killed anymore.",Voxtral_CN
00685_0005_surprise_0005_001455,0005,surprise,happy,True,0.875,0.08146216720342636,False,0,0,"Yes, it will actually form a methane hydrate.",That's a beautiful sight.,Voxtral_CN
00686_0005_surprise_0005_001693,0005,surprise,happy,True,0.5555555555555556,0.7420657873153687,False,0,0,Sit up straight. I looked at the screen display.,I looked at the screen.,Voxtral_CN
00687_0005_surprise_0005_001717,0005,surprise,happy,True,0.6,0.7545925974845886,False,1,1,You look better than before.,You look even more beautiful than before.,Voxtral_CN
00688_0005_surprise_0005_001692,0005,surprise,happy,True,0.6666666666666666,0.7361329793930054,False,0,0,"One day, I might have to talk to him.",When? I might talk to him again.,Voxtral_CN
00689_0005_surprise_0005_001558,0005,surprise,happy,True,1.8333333333333333,0.39694756269454956,False,0,0,My character is calm and objective.,"My surname is so cool, I can just sit still and listen to it.",Voxtral_CN
00690_0005_surprise_0005_001445,0005,surprise,happy,True,0.7142857142857143,0.6875277161598206,False,0,0,I know life isn't always smooth sailing.,I know that life is not always a disaster.,Voxtral_CN
00691_0005_surprise_0005_001616,0005,surprise,happy,True,10.0,0.20581847429275513,False,0,0,遇到喜欢的女孩要主动哦。,tāng dào xǐ hǎn de nǚ háizi yào jù dōng,Voxtral_CN
00692_0005_surprise_0005_001480,0005,surprise,happy,True,0.5,0.5719945430755615,False,0,0,"Look, we're almost ready to go.","Look, we're almost done decorating.",Voxtral_CN
00693_0005_surprise_0005_001478,0005,surprise,happy,True,0.6923076923076923,0.2774187922477722,False,0,0,"Their design is small and compact, and can be operated by one hand.","Their design is very eye-catching, and it's a very good move.",Voxtral_CN
00694_0005_surprise_0005_001463,0005,surprise,happy,True,0.625,0.21811290085315704,False,0,0,"You know, I'm really trying to quit smoking.","You know, I'm very enthusiastic about it.",Voxtral_CN
00695_0005_surprise_0005_001546,0005,surprise,happy,True,0.8333333333333334,0.15612748265266418,False,0,0,Now I'm a little bit nervous.,Now I'm really happy to see you.,Voxtral_CN
00696_0005_surprise_0005_001403,0005,surprise,happy,True,0.2,0.9938841462135315,True,skip_high_sim,1,My hometown is in Beijing.,My hometown is Beijing.,Voxtral_CN
00697_0005_surprise_0005_001665,0005,surprise,happy,True,0.0,1.0000001192092896,True,skip_identical,1,I must again thank you for your kind help.,I must again thank you for your kind help.,Voxtral_CN
00698_0005_surprise_0005_001740,0005,surprise,happy,True,12.0,0.9020192623138428,True,1,1,每天晚上给你呼吁晚安，真幸福。,"Every night, I would send you a good night message, really happy.",Voxtral_CN
00699_0005_surprise_0005_001605,0005,surprise,happy,True,1.6666666666666667,0.5907859802246094,False,0,0,How can you wake him up?,How can I not get up early if I want to wake her up?,Voxtral_CN
00200_0006_angry_0006_000657,0006,angry,happy,True,1.0,0.052688658237457275,False,0,0,Sometimes the internal market is more important.,小徐内在我也更加太爱他了。,Voxtral_CN
00201_0006_angry_0006_000584,0006,angry,happy,True,1.1666666666666667,0.2942444086074829,False,0,0,It is a major air pollutant.,"It is a main ingredient, and it is very refreshing.",Voxtral_CN
00202_0006_angry_0006_000413,0006,angry,happy,True,1.2857142857142858,0.22266989946365356,False,0,0,You know I'm very diligent in quitting.,"You're lively and energetic, and you're drinking a lot.",Voxtral_CN
00203_0006_angry_0006_000656,0006,angry,happy,True,1.0,0.386721134185791,False,0,0,I am an engineer in a factory.,小朋友们一队机器人胡乱做工程师。,Voxtral_CN
00204_0006_angry_0006_000660,0006,angry,happy,True,0.23076923076923078,0.9713259339332581,True,1,1,I let you watch this game. I don't want to miss it today.,I'm letting you see this game. I don't want to miss it today.,Voxtral_CN
00205_0006_angry_0006_000492,0006,angry,happy,True,1.8333333333333333,0.19867798686027527,False,0,0,"Yeah, I'm still a greenhorn reporter.","Yes, I've already entered the weaning stage with my little friend.",Voxtral_CN
00206_0006_angry_0006_000557,0006,angry,happy,True,2.0,0.18774569034576416,False,0,0,"I'm confused, you're crazy.","Eat a lot, fill your car with gas.",Voxtral_CN
00207_0006_angry_0006_000357,0006,angry,happy,True,1.0,0.5029337406158447,False,0,0,I call once a month.,We go fishing together every month.,Voxtral_CN
00208_0006_angry_0006_000586,0006,angry,happy,True,1.7777777777777777,0.18613071739673615,False,0,0,"I don't need taste, so I have no tongue.","I don't need to go to the market, I'm a vegetarian. I'm so lucky to have my first dream come true.",Voxtral_CN
00209_0006_angry_0006_000652,0006,angry,happy,True,1.0,0.455322802066803,False,0,0,I hope you can think of some ideas with me.,I hope you can be with me in spirit for the next two days.,Voxtral_CN
00210_0006_angry_0006_000582,0006,angry,happy,True,1.0,0.5266032218933105,False,0,0,I'm trying to learn chess.,I recently stayed in Yuxi to learn chess.,Voxtral_CN
00211_0006_angry_0006_000691,0006,angry,happy,True,1.0,0.7217416763305664,False,0,0,"""会在你脸上画鬼脸""","""为赛期的脸上欢呼的一个女孩给予""",Voxtral_CN
00212_0006_angry_0006_000450,0006,angry,happy,True,1.0,0.2877200245857239,False,0,0,Just go to the dormitory nearby.,Go to our coffee shop often.,Voxtral_CN
00213_0006_angry_0006_000469,0006,angry,happy,True,0.8888888888888888,0.08807671070098877,False,0,0,But I want to get up early on Sunday.,I want to thank the Secretary General for his leadership.,Voxtral_CN
00214_0006_angry_0006_000527,0006,angry,happy,True,0.5555555555555556,0.4481031000614166,False,0,0,You've been in my heart for a long time.,The tournament has been brewing in my mind for a long time.,Voxtral_CN
00215_0006_angry_0006_000524,0006,angry,happy,True,1.0,-0.04341309517621994,False,0,0,He spent hundreds of millions in this election campaign.,"In this well-kept alley, there are several bicycles.",Voxtral_CN
00216_0006_angry_0006_000386,0006,angry,happy,True,1.0,0.1650950163602829,False,0,0,I need to be online all the time to work.,I must go to a group of temples to be so happy.,Voxtral_CN
00217_0006_angry_0006_000621,0006,angry,happy,True,0.0,0.9999999403953552,True,skip_identical,1,大，让人兴奋，但超大。,大，让人兴奋，但超大。,Voxtral_CN
00218_0006_angry_0006_000580,0006,angry,happy,True,1.7,0.2347588688135147,False,0,0,Then I won't bother you anymore. I'm not going out.,"Then, let's not waste time, I and my wife went to the Yangtze River for a day trip.",Voxtral_CN
00219_0006_angry_0006_000688,0006,angry,happy,True,2.2,0.02999849244952202,False,0,0,Young people must take responsibility.,"I've already climbed it twice, I must climb it a third time.",Voxtral_CN
00220_0006_angry_0006_000372,0006,angry,happy,True,0.0,1.0,True,skip_identical,1,I and my friend just came back from Bali.,I and my friend just came back from Bali.,Voxtral_CN
00221_0006_angry_0006_000570,0006,angry,happy,True,1.875,0.5416207313537598,False,0,0,"So you must persevere, the longer the better.","So you have to get to the end. The world is getting longer and longer, come on, get longer.",Voxtral_CN
00222_0006_angry_0006_000626,0006,angry,happy,True,0.2727272727272727,0.7872979640960693,False,1,1,I like it very much. I pay attention to the face.,I like it very much. I pay close attention to it.,Voxtral_CN
00223_0006_angry_0006_000612,0006,angry,happy,True,0.8888888888888888,0.3300793766975403,False,0,0,He seems to have been dumped by his girlfriend.,"Alright, he seems to have been kicked by his mare, and he's still standing.",Voxtral_CN
00224_0006_angry_0006_000415,0006,angry,happy,True,1.4,0.6407496929168701,False,1,1,Not bad at all. Just take care of the present.,"Not bad, not bad at all. It's a good thing we prepared well, and now we can help.",Voxtral_CN
00225_0006_neutral_0006_000316,0006,neutral,happy,True,8.0,0.026409458369016647,False,0,0,每次你看到一些时尚衣服的时候,"If we win, we will be very happy.",Voxtral_CN
00226_0006_neutral_0006_000093,0006,neutral,happy,True,1.7142857142857142,0.18213960528373718,False,0,0,Don't be shy to eat more meat.,"The weather is going to be good, really, everything has been going well.",Voxtral_CN
00227_0006_neutral_0006_000247,0006,neutral,happy,True,0.0,0.9999997615814209,True,skip_identical,1,"No reason, just waiting for me.","No reason, just waiting for me.",Voxtral_CN
00228_0006_neutral_0006_000074,0006,neutral,happy,True,1.2857142857142858,0.3342685103416443,False,0,0,This year should be the 27th anniversary.,"Since then, he has won 27 Grand Prix titles.",Voxtral_CN
00229_0006_neutral_0006_000155,0006,neutral,happy,True,1.0,0.2477189600467682,False,0,0,I just want to relax myself.,What a lovely sight.,Voxtral_CN
00230_0006_neutral_0006_000105,0006,neutral,happy,True,0.7142857142857143,0.7393293976783752,False,0,0,We can't get along and often argue.,We two can't get along and usually get along well.,Voxtral_CN
00231_0006_neutral_0006_000094,0006,neutral,happy,True,1.5714285714285714,-0.05551355332136154,False,0,0,"Very strange appearance, I don't know why.",I was very happy to be able to climb Mount Rainier.,Voxtral_CN
00232_0006_neutral_0006_000288,0006,neutral,happy,True,1.7777777777777777,0.11843161284923553,False,0,0,"I'm always here, have you ever dreamed of me?","We went to the 10th anniversary of the Afjot for young men, but I was glad.",Voxtral_CN
00233_0006_neutral_0006_000293,0006,neutral,happy,True,1.0,0.10021741688251495,False,0,0,"Sit down, I looked at the screen display.","More and more, I sing my beloved little girl.",Voxtral_CN
00234_0006_neutral_0006_000133,0006,neutral,happy,True,1.1666666666666667,0.31458067893981934,False,0,0,Do you still think I'm cute?,I don't know why it's so funny.,Voxtral_CN
00235_0006_neutral_0006_000275,0006,neutral,happy,True,0.2,0.6939448714256287,False,0,0,Then find a music player.,Then find a music hotspot.,Voxtral_CN
00236_0006_neutral_0006_000314,0006,neutral,happy,True,0.9166666666666666,0.13725392520427704,False,0,0,Now everyone in the city is coming to borrow money from me.,"Now, the spring breeze makes me happy.",Voxtral_CN
00237_0006_neutral_0006_000004,0006,neutral,happy,True,1.0,-0.012555518187582493,False,0,0,"Whatever the case, the home team seems to be at a disadvantage.","No matter what you say, you're like my one and only.",Voxtral_CN
00238_0006_neutral_0006_000227,0006,neutral,happy,True,1.4444444444444444,0.13001802563667297,False,0,0,I really can't stand the noise in the city.,"I can't wait for the second round, the joy is so big, it's opening my heart.",Voxtral_CN
00239_0006_neutral_0006_000310,0006,neutral,happy,True,1.1818181818181819,0.4144402742385864,False,0,0,Let me start this game. I don't want to miss today.,"You are too good to me. Today, I will not be able to wait.",Voxtral_CN
00240_0006_neutral_0006_000034,0006,neutral,happy,True,1.0,0.30478164553642273,False,0,0,"That's Matt, he's definitely brave.","That's right, flowers are definitely very beautiful.",Voxtral_CN
00241_0006_neutral_0006_000050,0006,neutral,happy,True,1.0,0.5753180980682373,False,0,0,每次叫我都不给红包，不开心。,每次叫我都得红包，会很开心的。,Voxtral_CN
00242_0006_neutral_0006_000130,0006,neutral,happy,True,0.9230769230769231,0.30841660499572754,False,0,0,My hope is that the day I die is the day I retire.,I hope to work in Taiwan one day.,Voxtral_CN
00243_0006_neutral_0006_000286,0006,neutral,happy,True,11.0,0.6211018562316895,False,0,0,门都没有，现在还不会。,"There are no doors, now I just want to go in.",Voxtral_CN
00244_0006_neutral_0006_000054,0006,neutral,happy,True,2.0,0.20406776666641235,False,0,0,I was created by an artificial intelligence system.,"I started to fish, and soon I caught a carp, a yellow croaker and a sea bass.",Voxtral_CN
00245_0006_neutral_0006_000203,0006,neutral,happy,True,1.375,0.15104974806308746,False,0,0,I hope I can go there one day.,"For a hero on wheel, you gave me a goodie, pinati.",Voxtral_CN
00246_0006_neutral_0006_000121,0006,neutral,happy,True,0.875,-0.11954771727323532,False,0,0,Then you are far away from the city.,Then we will have a good time.,Voxtral_CN
00247_0006_neutral_0006_000174,0006,neutral,happy,True,2.4444444444444446,0.1393413096666336,False,0,0,He spent hundreds of millions in this election campaign.,"He said, ""I will continue to listen to the people, to be a good listener, to be happy, and to continue to work.""",Voxtral_CN
00248_0006_neutral_0006_000142,0006,neutral,happy,True,1.0,0.24830281734466553,False,0,0,"Yeah, I'm still a greenhorn reporter.","I like to eat, I'm still a little kid.",Voxtral_CN
00249_0006_neutral_0006_000280,0006,neutral,happy,True,1.4444444444444444,-0.10552126169204712,False,0,0,Definitely can't walk to the center of the lake.,"""Don't you think it's a good thing to have a little bit of luck?""",Voxtral_CN
00250_0006_sad_0006_001080,0006,sad,happy,True,1.0,0.22592930495738983,False,0,0,"Unless you're flying a kite, but that's not possible.","It's not a big deal, but this is really good.",Voxtral_CN
00251_0006_sad_0006_001356,0006,sad,happy,True,1.375,0.10112763941287994,False,0,0,I am an engineer at a pig farm.,I have a good friend who is a doctor. He is very kind.,Voxtral_CN
00252_0006_sad_0006_001299,0006,sad,happy,True,2.25,0.29303836822509766,False,0,0,My best friend just went on a date.,"I'm happy, I'm happy, I want to do something for her, I want to do something for her.",Voxtral_CN
00253_0006_sad_0006_001057,0006,sad,happy,True,1.6,0.11114335060119629,False,0,0,I call once a month.,"I'm happy every time I win, please remember.",Voxtral_CN
00254_0006_sad_0006_001392,0006,sad,happy,True,0.9090909090909091,0.26619717478752136,False,0,0,"I was short of money, so I pawned it last week.",I finally got this little guy.,Voxtral_CN
00255_0006_sad_0006_001264,0006,sad,happy,True,1.5714285714285714,0.1470063030719757,False,0,0,"Of course, I can't live without music.",I feel very happy. I am really happy to help my friends.,Voxtral_CN
00256_0006_sad_0006_001142,0006,sad,happy,True,31.428571428571427,0.2596101462841034,False,0,0,"Not so easy, right? I'm also 16.","But to be able to do this, to be able to do this, to be able to do this, to be able to do this, to be able to do this, to be able to do this, to be able to do this, to be able to do this, to be able to do this, to be able to do this, to be able to do this, to be able to do this, to be able to do this, to be able to do this, to be able to do this, to be able to do this, to be able to do this, to be able to do this, to be able to do this, to be able to do this, to be able to do this, to be able to do this, to be able to do this, to be able to do this, to be able to do this, to be able to do this, to be able to do this, to be able to do this, to be able to do this, to be able to do this, to be able to do this, to be able to do this, to be able to do this, to be able to do this, to be able to do this, to be able to do this, to be able",Voxtral_CN
00257_0006_sad_0006_001284,0006,sad,happy,True,2.0,0.025085143744945526,False,0,0,It is a major air pollutant.,"I was swimming in the clear and tranquil water, enjoying the scenery.",Voxtral_CN
00258_0006_sad_0006_001325,0006,sad,happy,True,2.4,-0.007453981786966324,False,0,0,Then find a music player.,"You're a whole safe fellow. You go, yeah, you're a home up here.",Voxtral_CN
00259_0006_sad_0006_001129,0006,sad,happy,True,1.0,0.5298925638198853,False,0,0,People naturally call him the father of the Olympics.,We all love the Olympics and are very excited.,Voxtral_CN
00260_0006_sad_0006_001221,0006,sad,happy,True,1.0,0.11901599168777466,False,0,0,你这小鬼，很不幸，非常少。,一只小羊羔，那么好看，非常可爱。,Voxtral_CN
00261_0006_sad_0006_001095,0006,sad,happy,True,0.625,0.5801137089729309,False,0,0,I know life is not always smooth sailing.,I know that life is a roller coaster ride.,Voxtral_CN
00262_0006_sad_0006_001213,0006,sad,happy,True,1.4285714285714286,0.0035748109221458435,False,0,0,I still don't know you know Flancker.,He is happy and proud of what he has achieved.,Voxtral_CN
00263_0006_sad_0006_001339,0006,sad,happy,True,5.0,0.09590879827737808,False,0,0,"""不会，但是我非常喜欢单板化学。""",I really like 300 million.,Voxtral_CN
00264_0006_sad_0006_001184,0006,sad,happy,True,1.0,0.36500084400177,False,0,0,"More teach me things, I will be more smart.","Because you go to me, I'm not tired.",Voxtral_CN
00265_0006_sad_0006_001175,0006,sad,happy,True,2.2222222222222223,0.10944478213787079,False,0,0,"If you want to kiss, go ahead and kiss.","That fruit is so delicious, I don't know how to eat it well, I just threw it away, it's really delicious.",Voxtral_CN
00266_0006_sad_0006_001312,0006,sad,happy,True,0.7777777777777778,0.2475857436656952,False,0,0,He seems to have been dumped by his girlfriend.,He seems to be enjoying his life to the fullest.,Voxtral_CN
00267_0006_sad_0006_001329,0006,sad,happy,True,2.0,0.09201525896787643,False,0,0,I also think so.,And the referee gave us two yellow cards.,Voxtral_CN
00268_0006_sad_0006_001294,0006,sad,happy,True,2.5,0.17095264792442322,False,0,0,My close friends are not many.,"I hope to see you again, like a friend. I'm going to enjoy this video.",Voxtral_CN
00269_0006_sad_0006_001186,0006,sad,happy,True,2.4,0.1607057750225067,False,0,0,I like almost all sports.,"I like to get close to you, come with me to a dream boat.",Voxtral_CN
00270_0006_sad_0006_001321,0006,sad,happy,True,1.0,0.7074398994445801,False,0,0,大，得信心，但超大,大,Voxtral_CN
00271_0006_sad_0006_001105,0006,sad,happy,True,0.5714285714285714,0.1694851964712143,False,0,0,He will actually become a hydrogen bomb.,He will be a good host.,Voxtral_CN
00272_0006_sad_0006_001116,0006,sad,happy,True,0.7142857142857143,0.8857768774032593,True,1,1,"We can go fishing, chatting and stargazing.","We can go fishing, chat, and have a good time.",Voxtral_CN
00273_0006_sad_0006_001393,0006,sad,happy,True,1.6666666666666667,-0.029723893851041794,False,0,0,Many hundreds of men were involved in this game.,Do a little bow. I want to thank God all her day and she wins.,Voxtral_CN
00274_0006_sad_0006_001091,0006,sad,happy,True,0.6923076923076923,0.39763253927230835,False,0,0,"I'm very busy, I don't have time to talk to you about this.",I will be very happy to talk to you anytime.,Voxtral_CN
00275_0006_surprise_0006_001555,0006,surprise,happy,True,0.8333333333333334,0.4418290853500366,False,1,1,I just want to relax myself.,I'm just going to let myself go.,Voxtral_CN
00276_0006_surprise_0006_001436,0006,surprise,happy,True,0.625,0.693571150302887,False,1,1,I have to be constantly charged to work.,I have to keep charging to work well.,Voxtral_CN
00277_0006_surprise_0006_001416,0006,surprise,happy,True,0.8571428571428571,0.8493386507034302,True,1,1,He must be instantly captivated by you.,He must be mesmerized by you at first sight.,Voxtral_CN
00278_0006_surprise_0006_001501,0006,surprise,happy,True,0.625,0.8461545705795288,True,0,0,"Soon, cars will be able to open automatically.","Quick, the car is ready to open automatically.",Voxtral_CN
00279_0006_surprise_0006_001647,0006,surprise,happy,True,0.2857142857142857,0.9229708909988403,True,1,1,"No reason, just to wait for me.","No reason, you just want to wait for me.",Voxtral_CN
00280_0006_surprise_0006_001584,0006,surprise,happy,True,16.0,0.06243910640478134,False,0,0,Yes.,"On May 5, 2016, the 16th anniversary of the founding of the People's Republic of China.",Voxtral_CN
00281_0006_surprise_0006_001504,0006,surprise,happy,True,9.0,0.4032215476036072,False,0,0,没找到鱼的纪时。,"Mmm, I can't wait to try the steamed fish.",Voxtral_CN
00282_0006_surprise_0006_001478,0006,surprise,happy,True,0.9090909090909091,0.5068565607070923,False,0,0,Their design is small and can be operated with one hand.,"Look, their design is so meticulous, and it's so easy to operate.",Voxtral_CN
00283_0006_surprise_0006_001593,0006,surprise,happy,True,0.75,0.7234401702880859,False,1,1,Take your girlfriend out for a good meal.,Go to the restaurant and have a good meal.,Voxtral_CN
00284_0006_surprise_0006_001720,0006,surprise,happy,True,0.875,0.685782790184021,False,0,0,Thank you for coming here. Tell me more.,Thank you for coming to this opportunity. He told me more details.,Voxtral_CN
00285_0006_surprise_0006_001536,0006,surprise,happy,True,0.4,0.4766528308391571,False,0,0,I like almost all sports.,I like almost all the windfalls.,Voxtral_CN
00286_0006_surprise_0006_001482,0006,surprise,happy,True,0.2727272727272727,0.8029158115386963,True,0,0,I heard you are going to Tokyo to visit your uncle.,I heard you are going to Hong Kong to see your uncle.,Voxtral_CN
00287_0006_surprise_0006_001744,0006,surprise,happy,True,6.0,0.49017441272735596,False,0,0,很漂亮，但是人多挤。,Very beautiful. I can eat more.,Voxtral_CN
00288_0006_surprise_0006_001556,0006,surprise,happy,True,1.0,0.5532745122909546,False,0,0,"Cheng Meng: ""I am honored to be invited to your wedding.""","Chang Meng yao qing, can jian ni de hun li.",Voxtral_CN
00289_0006_surprise_0006_001673,0006,surprise,happy,True,1.0,0.2796401381492615,False,0,0,Dandelion.,百合花经常被很多人崇拜。,Voxtral_CN
00290_0006_surprise_0006_001667,0006,surprise,happy,True,0.42857142857142855,0.706977367401123,False,0,0,This is my first story I learned.,This is my first ghost story.,Voxtral_CN
00291_0006_surprise_0006_001579,0006,surprise,happy,True,0.6,0.12154057621955872,False,0,0,"She broke up with Vick, so she changed her mind.","He broke up with Weich, so Hashim is very happy.",Voxtral_CN
00292_0006_surprise_0006_001547,0006,surprise,happy,True,1.0,0.895046055316925,True,1,1,"I don't know, perhaps a new pair of shoes.",不知道，购买一双新鞋。,Voxtral_CN
00293_0006_surprise_0006_001496,0006,surprise,happy,True,0.25,0.9854535460472107,True,1,1,"Don't underestimate my haircut, I quite like it.",Don't underestimate my haircut. I really like it.,Voxtral_CN
00294_0006_surprise_0006_001618,0006,surprise,happy,True,0.125,0.9866852164268494,True,1,1,"Tomorrow is Saturday, let's go for a walk.","Tomorrow is Saturday, let's go out for a walk.",Voxtral_CN
00295_0006_surprise_0006_001538,0006,surprise,happy,True,0.5,0.754910945892334,False,0,0,I can't control him.,"I can't control myself, haha.",Voxtral_CN
00296_0006_surprise_0006_001613,0006,surprise,happy,True,8.0,0.27697545289993286,False,0,0,Yes.,I'm happy to see that it's getting better.,Voxtral_CN
00297_0006_surprise_0006_001438,0006,surprise,happy,True,0.42857142857142855,0.3566180169582367,False,0,0,"Of course, I'm almost starving to death.","Of course, I'm almost happy.",Voxtral_CN
00298_0006_surprise_0006_001518,0006,surprise,happy,True,2.25,0.11483243107795715,False,0,0,Your classmate tricked you.,I'm happy to see you. I've been playing with you.,Voxtral_CN
00299_0006_surprise_0006_001447,0006,surprise,happy,True,0.375,0.6772927641868591,False,0,0,This is the largest power plant in Taiwan.,This is the biggest support in Taiwan.,Voxtral_CN
00300_0007_angry_0007_000443,0007,angry,happy,True,0.3333333333333333,0.7769701480865479,False,0,0,"Don't be shy, eat more meat.","Don't be shy, eat more, please.",Voxtral_CN
00301_0007_angry_0007_000462,0007,angry,happy,True,0.0,0.9999999403953552,True,skip_identical,1,"That's great! Actually, I'm feeling pretty good.","That's great! Actually, I'm feeling pretty good.",Voxtral_CN
00302_0007_angry_0007_000514,0007,angry,happy,True,0.6666666666666666,0.7414610981941223,False,0,0,I worked for six years in a logistics company.,I worked for a travel agency for six years.,Voxtral_CN
00303_0007_angry_0007_000615,0007,angry,happy,True,0.4444444444444444,0.7964813113212585,False,0,0,I must again thank you for your generous help.,I must thank you again for your kind return.,Voxtral_CN
00304_0007_angry_0007_000523,0007,angry,happy,True,1.4,0.06943638622760773,False,0,0,"Yes, it is really expensive.","I won't say a word, he is really precious.",Voxtral_CN
00305_0007_angry_0007_000378,0007,angry,happy,True,0.7,0.42818260192871094,False,0,0,"Yes, it's Chen Meng. The other two people asked her:","Right, it's a toast. Two people asked her,",Voxtral_CN
00306_0007_angry_0007_000469,0007,angry,happy,True,0.42857142857142855,0.4890625774860382,False,0,0,But I want to go on Monday.,"But I want to go, let's go.",Voxtral_CN
00307_0007_angry_0007_000683,0007,angry,happy,True,1.0,0.8336024284362793,True,0,0,"""出去这圈，就没电了。""","""受了折腾，就没了电了，好害怕。""",Voxtral_CN
00308_0007_angry_0007_000448,0007,angry,happy,True,1.25,-0.004762221127748489,False,0,0,I can only play with the landlord's dog.,Guo Zhiwei is happy to be the host of the show.,Voxtral_CN
00309_0007_angry_0007_000675,0007,angry,happy,True,0.6,0.7363343834877014,False,0,0,"Go ahead and give your opinion, I will correct it.",I will correct it.,Voxtral_CN
00310_0007_angry_0007_000688,0007,angry,happy,True,1.0,0.5176092386245728,False,0,0,Young people should definitely take responsibility.,Young people should definitely go out to enjoy the day.,Voxtral_CN
00311_0007_angry_0007_000677,0007,angry,happy,True,0.9090909090909091,0.2909942865371704,False,0,0,"I don't like to be confused, I don't understand, you know?","This is me, I never wait, I just go.",Voxtral_CN
00312_0007_angry_0007_000509,0007,angry,happy,True,0.5714285714285714,0.7319382429122925,False,0,0,I won't sell my health for money.,I won't let my health ruin my fun.,Voxtral_CN
00313_0007_angry_0007_000430,0007,angry,happy,True,0.75,0.9490760564804077,True,1,1,"Look, we're almost ready.","Look, we're almost ready to go.",Voxtral_CN
00314_0007_angry_0007_000600,0007,angry,happy,True,0.6666666666666666,0.3621053695678711,False,0,0,"I don't need to turn my head, I don't need a neck.","I don't need to drink, I just want to drink water.",Voxtral_CN
00315_0007_angry_0007_000659,0007,angry,happy,True,6.0,0.4165964424610138,False,0,0,四个月了。,Already engaged for half a month.,Voxtral_CN
00316_0007_angry_0007_000499,0007,angry,happy,True,1.2,0.299330472946167,False,0,0,"Hello, Balawei, it's 4 o'clock.","You're good, Bailei, just four points.",Voxtral_CN
00317_0007_angry_0007_000383,0007,angry,happy,True,0.375,0.9450998306274414,True,1,1,"I'm a monkey, I don't need to sleep.","I'm a monkey, no need for sleep.",Voxtral_CN
00318_0007_angry_0007_000665,0007,angry,happy,True,1.0,0.13906504213809967,False,0,0,I need to plug in to talk.,My son is almost ready to start kindergarten.,Voxtral_CN
00319_0007_angry_0007_000632,0007,angry,happy,True,0.36363636363636365,0.937686026096344,True,0,0,"Some people are rowing boats, some people are doing flower arrangement.","Some people are rowing boats, some are participating in flower festivals.",Voxtral_CN
00320_0007_angry_0007_000684,0007,angry,happy,True,0.8888888888888888,0.3544454574584961,False,0,0,"I used to have one, I was too lucky.","I've heard you say it before, I'm too happy.",Voxtral_CN
00321_0007_angry_0007_000567,0007,angry,happy,True,0.8571428571428571,0.2908620238304138,False,0,0,His feet are almost impossible to balance.,Khaled's fingers almost can't stop shaking.,Voxtral_CN
00322_0007_angry_0007_000494,0007,angry,happy,True,2.6666666666666665,-0.036952510476112366,False,0,0,"Yes, it is.",Eating less fat can help reduce the pain.,Voxtral_CN
00323_0007_angry_0007_000556,0007,angry,happy,True,0.75,0.2630208134651184,False,0,0,"Yes, I know, ""Wan Nan Jian Jun Qing""","Yes, I know. Happiness is the greatest joy.",Voxtral_CN
00324_0007_angry_0007_000442,0007,angry,happy,True,8.0,0.5260868072509766,False,0,0,"""不会这么疼吧？我也是16。""",Isn't it a beautiful spring? I'm also 16.,Voxtral_CN
00325_0007_neutral_0007_000228,0007,neutral,happy,True,0.8888888888888888,0.39564526081085205,False,0,0,"Okay, there's a concert at the new music hall.","Good, new year's chime, a new year's party.",Voxtral_CN
00326_0007_neutral_0007_000013,0007,neutral,happy,True,0.7142857142857143,0.694454550743103,False,0,0,I was busy helping you on Saturday.,I'm very busy helping you.,Voxtral_CN
00327_0007_neutral_0007_000077,0007,neutral,happy,True,0.3333333333333333,0.9924881458282471,True,skip_high_sim,1,They got married and they came.,"They got married, they came.",Voxtral_CN
00328_0007_neutral_0007_000255,0007,neutral,happy,True,0.8,0.2942277789115906,False,0,0,"In the beginning, my job was to be a user.",This time my work was awarded the first prize.,Voxtral_CN
00329_0007_neutral_0007_000041,0007,neutral,happy,True,1.0,0.3127068877220154,False,0,0,I'm too busy to talk to you about this.,脸上忙得海了，你看你好几个个个好。,Voxtral_CN
00330_0007_neutral_0007_000321,0007,neutral,happy,True,1.0,0.17215299606323242,False,0,0,I don't like it when you make me dizzy.,服务员很高兴，你把我弄晕了。,Voxtral_CN
00331_0007_neutral_0007_000042,0007,neutral,happy,True,0.5714285714285714,0.495632529258728,False,0,0,"I will warm your bed, tease you.",I will warmly hug you.,Voxtral_CN
00332_0007_neutral_0007_000315,0007,neutral,happy,True,1.0,0.2077409029006958,False,0,0,I need to plug in to talk.,I will ride a bike to the train station.,Voxtral_CN
00333_0007_neutral_0007_000157,0007,neutral,happy,True,0.7142857142857143,0.5570753216743469,False,0,0,"You know, sometimes patients won't be reasonable.",Until sometimes patients receive a reward.,Voxtral_CN
00334_0007_neutral_0007_000241,0007,neutral,happy,True,2.0,0.2004721611738205,False,0,0,Please do not enter the forest.,"In the midst of the vast and boundless sky, there are countless stars.",Voxtral_CN
00335_0007_neutral_0007_000280,0007,neutral,happy,True,1.5555555555555556,0.19012758135795593,False,0,0,You can't go to the middle of the river.,"Lưu Giang, you're not allowed to. I'll be happy to see you, Lưu Giang.",Voxtral_CN
00336_0007_neutral_0007_000043,0007,neutral,happy,True,1.0,0.2444033920764923,False,0,0,So we can choose the youth hostel.,"So, we can choose a dreamy cruise to the sea.",Voxtral_CN
00337_0007_neutral_0007_000210,0007,neutral,happy,True,1.0,0.7589564323425293,False,0,0,It doesn't mean that I like some of his songs.,"He's not bad, he has some songs I like all.",Voxtral_CN
00338_0007_neutral_0007_000187,0007,neutral,happy,True,0.14285714285714285,0.8723082542419434,True,0,0,Let's throw a surprise party for him.,Let's throw a party for him.,Voxtral_CN
00339_0007_neutral_0007_000212,0007,neutral,happy,True,0.25,0.8707373142242432,True,1,1,I will go with you all the way.,I will accompany you all the way.,Voxtral_CN
00340_0007_neutral_0007_000245,0007,neutral,happy,True,3.0,0.4977586567401886,False,0,0,Jacqueline suddenly shouted excitedly.,"In the city, the cheerful and lively people are shouting and singing.",Voxtral_CN
00341_0007_neutral_0007_000022,0007,neutral,happy,True,0.0,1.0000001192092896,True,skip_identical,1,I and my friend just got back from Bali.,I and my friend just got back from Bali.,Voxtral_CN
00342_0007_neutral_0007_000128,0007,neutral,happy,True,1.625,0.09361878037452698,False,0,0,These colors are not very suitable for you.,"This is the Xueyan, the love of the Tai Fu Shi and Yu.",Voxtral_CN
00343_0007_neutral_0007_000260,0007,neutral,happy,True,1.0,0.47056642174720764,False,0,0,"I'm very sad, I'm going to the bar.",I really miss you. I'm getting ready to go out.,Voxtral_CN
00344_0007_neutral_0007_000024,0007,neutral,happy,True,1.1428571428571428,0.5344613790512085,False,0,0,Your image is always in my mind.,Your actions always make me feel happy and excited.,Voxtral_CN
00345_0007_neutral_0007_000107,0007,neutral,happy,True,0.7777777777777778,0.3647221624851227,False,0,0,"My score is 2.42, but it's a bit fast.","My weight is 2.42 kg, and I'm very happy.",Voxtral_CN
00346_0007_neutral_0007_000174,0007,neutral,happy,True,0.45454545454545453,0.5317164063453674,False,0,0,He spent hundreds of thousands of dollars on this election campaign.,He raised hundreds of thousands of dollars in this baby penguin fundraiser.,Voxtral_CN
00347_0007_neutral_0007_000074,0007,neutral,happy,True,1.1428571428571428,0.7442883253097534,False,0,0,This year is the 27th Teacher's Day.,"This year, I will be teaching my 27th class.",Voxtral_CN
00348_0007_neutral_0007_000072,0007,neutral,happy,True,3.6666666666666665,0.16005238890647888,False,0,0,I'm pissed off.,All the teams have left the stage. I am really happy.,Voxtral_CN
00349_0007_neutral_0007_000220,0007,neutral,happy,True,1.0,0.5697194933891296,False,1,1,"So you must persist, the longer the better.","So you must persevere, the more you practice, the better you will be.",Voxtral_CN
00350_0007_sad_0007_001292,0007,sad,happy,True,0.8571428571428571,0.02992822602391243,False,0,0,To prevent fish from eating people's bodies.,"To prevent you from being forgotten, it's me, Lili.",Voxtral_CN
00351_0007_sad_0007_001264,0007,sad,happy,True,0.8571428571428571,0.6360082626342773,False,0,0,"Of course, I can't live without music.","Of course, I can't help but dance when I hear music.",Voxtral_CN
00352_0007_sad_0007_001189,0007,sad,happy,True,1.8,0.40870025753974915,False,0,0,Their cooperation deserves our learning.,It's worth us to go to the front line.,Voxtral_CN
00353_0007_sad_0007_001251,0007,sad,happy,True,1.5,0.6388530135154724,False,0,0,a lot of pictures,Today is a big day for photos.,Voxtral_CN
00354_0007_sad_0007_001068,0007,sad,happy,True,0.42857142857142855,0.4332379698753357,False,0,0,"We don't agree, let's go play there.","We saw a rabbit, let's go play there.",Voxtral_CN
00355_0007_sad_0007_001092,0007,sad,happy,True,0.5714285714285714,0.6251318454742432,False,0,0,"I will warm you up, don't you.","I will warm my nest now, finally.",Voxtral_CN
00356_0007_sad_0007_001225,0007,sad,happy,True,1.2,0.2716914117336273,False,0,0,"He's unemployed at the moment, so please don't upset him.","At this moment, it's a happy time. In the end, don't get angry.",Voxtral_CN
00357_0007_sad_0007_001360,0007,sad,happy,True,13.0,0.6543526649475098,False,0,0,“今天我让你开，今天我不想错过。”,This time I made you too happy. I don't want to miss today.,Voxtral_CN
00358_0007_sad_0007_001128,0007,sad,happy,True,0.7777777777777778,0.6438571214675903,False,0,0,Their design is small and can be operated individually.,"Their design is small and cute, and it's very cute to operate.",Voxtral_CN
00359_0007_sad_0007_001065,0007,sad,happy,True,0.8571428571428571,0.7811976671218872,False,0,0,I like to go hiking and climbing.,I really like autumn and climbing mountains.,Voxtral_CN
00360_0007_sad_0007_001191,0007,sad,happy,True,0.8,0.34887975454330444,False,0,0,You can go ask the fairy. The fairy can talk.,You can go to see Ling Wu. Ling Wu can talk now.,Voxtral_CN
00361_0007_sad_0007_001289,0007,sad,happy,True,11.0,0.9077921509742737,True,1,1,食物也很美味，更不用提价钱了。,"The food is also very delicious, not to mention the price.",Voxtral_CN
00362_0007_sad_0007_001291,0007,sad,happy,True,2.0,0.42002108693122864,False,0,0,Please do not enter the forest.,"""Quietly enter the bamboo grove, and let the rain wash away your worries.""",Voxtral_CN
00363_0007_sad_0007_001184,0007,sad,happy,True,1.0,0.5537983775138855,False,0,0,I will be smarter if you teach me some things.,"It will teach me some things, it will make me laugh.",Voxtral_CN
00364_0007_sad_0007_001312,0007,sad,happy,True,0.5555555555555556,0.5946640968322754,False,0,0,He seems to have been dumped by his girlfriend.,"He laughed, he was dragged out by his girlfriend.",Voxtral_CN
00365_0007_sad_0007_001152,0007,sad,happy,True,0.875,0.15426045656204224,False,0,0,"I met Mark yesterday, he looked very distressed.","That's right, Marco. I'm very happy.",Voxtral_CN
00366_0007_sad_0007_001328,0007,sad,happy,True,0.3333333333333333,0.9611123204231262,True,1,1,I'm so excited! I finally have my own apartment!,"I'm really excited, I finally have my own apartment.",Voxtral_CN
00367_0007_sad_0007_001377,0007,sad,happy,True,1.0,0.41145873069763184,False,0,0,"I hate greedy people, and I don't understand them.","Don't like tofu, can't eat red, one bite, red.",Voxtral_CN
00368_0007_sad_0007_001323,0007,sad,happy,True,1.3333333333333333,0.023757390677928925,False,0,0,But plum blossoms are often overlooked.,I was flattered by many people praising me.,Voxtral_CN
00369_0007_sad_0007_001084,0007,sad,happy,True,0.7142857142857143,0.6932402849197388,False,0,0,"That's right, Marta, she's definitely very brave.","That's Marta, she will definitely be happy.",Voxtral_CN
00370_0007_sad_0007_001385,0007,sad,happy,True,0.5,0.8691654205322266,True,0,0,They will get married this summer.,She is getting married this summer.,Voxtral_CN
00371_0007_sad_0007_001093,0007,sad,happy,True,0.5714285714285714,0.32610994577407837,False,0,0,"""Then we can choose the youth hostel.""",That way we can choose the amusement park.,Voxtral_CN
00372_0007_sad_0007_001343,0007,sad,happy,True,1.1666666666666667,0.6446821689605713,False,0,0,I looked at the screen display.,This is the layout of the beautiful screen.,Voxtral_CN
00373_0007_sad_0007_001056,0007,sad,happy,True,0.0,1.0,True,skip_identical,1,I like Beijing welcome you.,I like Beijing welcome you.,Voxtral_CN
00374_0007_sad_0007_001253,0007,sad,happy,True,0.2857142857142857,0.9912980794906616,True,skip_high_sim,1,Hope I can go there one day.,I hope I can go there one day.,Voxtral_CN
00375_0007_surprise_0007_001721,0007,surprise,happy,True,0.5,0.6494135856628418,False,0,0,I don't like it. You've made me dizzy.,I really like you. You make me dizzy.,Voxtral_CN
00376_0007_surprise_0007_001711,0007,surprise,happy,True,0.3,0.5476422905921936,False,0,0,Let's take a break and have a cup of coffee.,Let's take a break and have a high-five.,Voxtral_CN
00377_0007_surprise_0007_001522,0007,surprise,happy,True,0.3,0.7041190266609192,False,0,0,"Tom is a good person, but he is a gambler.","Tom is a good person, and he is a great actor.",Voxtral_CN
00378_0007_surprise_0007_001654,0007,surprise,happy,True,1.5714285714285714,0.3281306028366089,False,0,0,"I didn't trick you, robots don't trick.",We can do it with you. I couldn't do it before.,Voxtral_CN
00379_0007_surprise_0007_001514,0007,surprise,happy,True,3.0,0.6238656640052795,False,0,0,I'm thirsty too.,I also have a little bit of a mouthful.,Voxtral_CN
00380_0007_surprise_0007_001742,0007,surprise,happy,True,0.9090909090909091,0.31663575768470764,False,0,0,"I need money, so I just took it from the bank.",I'm going to use the coupon from the weekly magazine.,Voxtral_CN
00381_0007_surprise_0007_001540,0007,surprise,happy,True,0.0,1.0000001192092896,True,skip_identical,1,I know I'm a big mouth.,I know I'm a big mouth.,Voxtral_CN
00382_0007_surprise_0007_001704,0007,surprise,happy,True,0.5,0.6929410099983215,False,0,0,I just got back from Sognan.,I just got back from the Super Bowl.,Voxtral_CN
00383_0007_surprise_0007_001405,0007,surprise,happy,True,0.5,0.9755386710166931,True,1,1,"We sailed a boat on the Three Gorges, it was really exciting.",We took a boat to sail around the Three Gorges. It was really exciting.,Voxtral_CN
00384_0007_surprise_0007_001575,0007,surprise,happy,True,1.0,0.10560854524374008,False,0,0,"He's unemployed at the moment, you'd better not bother him.","She's getting married, I'm so happy for her.",Voxtral_CN
00385_0007_surprise_0007_001604,0007,surprise,happy,True,0.9,0.5328121185302734,False,0,0,"You just bought clothes yesterday, you really are a shopaholic.",You looked great yesterday in that dress. You really are a beauty queen.,Voxtral_CN
00386_0007_surprise_0007_001664,0007,surprise,happy,True,0.0,0.9999999403953552,True,skip_identical,1,Sounds like a great idea.,Sounds like a great idea.,Voxtral_CN
00387_0007_surprise_0007_001466,0007,surprise,happy,True,0.42857142857142855,0.8774912357330322,True,0,0,"We can go fishing, chatting and camping.","We can go fishing, chat, and play games.",Voxtral_CN
00388_0007_surprise_0007_001486,0007,surprise,happy,True,2.4285714285714284,0.7552975416183472,False,0,0,"Really surprised, swimming has so many benefits.","Just like that, I can't wait to go swimming. I can see there are so many benefits to it.",Voxtral_CN
00389_0007_surprise_0007_001707,0007,surprise,happy,True,0.3333333333333333,0.48110830783843994,False,0,0,"Sometimes, inner beauty is more important.","Sometimes, please, is more important.",Voxtral_CN
00390_0007_surprise_0007_001646,0007,surprise,happy,True,1.0,0.14571505784988403,False,0,0,"Yes, for men, a belt is a must.","For the little girls, it's a real treasure.",Voxtral_CN
00391_0007_surprise_0007_001504,0007,surprise,happy,True,9.0,0.13315799832344055,False,0,0,没有找到忠于的纪时。,"Every time he caught a fish, he would shout.",Voxtral_CN
00392_0007_surprise_0007_001617,0007,surprise,happy,True,1.5,0.2586778402328491,False,0,0,Her shoulders are almost not level.,"Look at the bones, it's almost impossible not to be good.",Voxtral_CN
00393_0007_surprise_0007_001509,0007,surprise,happy,True,0.75,0.3492315113544464,False,0,0,I'm actually quite hungry.,I actually quite like it.,Voxtral_CN
00394_0007_surprise_0007_001589,0007,surprise,happy,True,0.75,0.7466279864311218,False,0,0,"I'm a teacher, you are a good eye.","I'm your teacher, Yiling. You are very bright.",Voxtral_CN
00395_0007_surprise_0007_001665,0007,surprise,happy,True,0.2222222222222222,0.992941677570343,True,skip_high_sim,1,I must again thank you for your generous help.,I must thank you again for your generous help.,Voxtral_CN
00396_0007_surprise_0007_001534,0007,surprise,happy,True,1.125,0.38433390855789185,False,0,0,"""Teach me more things, I will be smarter.""","If you teach me how to write Chinese, I will be very smart.",Voxtral_CN
00397_0007_surprise_0007_001546,0007,surprise,happy,True,0.8333333333333334,0.14798761904239655,False,0,0,Now I'm still a little nervous.,Now I'm really happy to see you.,Voxtral_CN
00398_0007_surprise_0007_001438,0007,surprise,happy,True,0.8,0.7703017592430115,False,0,0,Of course. I'm almost starving.,Of course! I'm not hungry anymore.,Voxtral_CN
00399_0007_surprise_0007_001475,0007,surprise,happy,True,0.2857142857142857,0.9555598497390747,True,1,1,I also want to see cute pandas.,I also want to go see the cute pandas.,Voxtral_CN
00400_0008_angry_0008_000446,0008,angry,happy,True,0.3333333333333333,0.8394876718521118,True,0,0,"Don't look down on my haircut, I like it.","Don't look at my hair, I like it.",Voxtral_CN
00401_0008_angry_0008_000592,0008,angry,happy,True,1.1428571428571428,0.7040019631385803,False,0,0,To prevent fish from eating people's bodies.,"Knowing how to prevent fish from being eaten, people are happy.",Voxtral_CN
00402_0008_angry_0008_000558,0008,angry,happy,True,0.4444444444444444,0.7586007118225098,False,0,0,You can stay there for at least a day.,You can stay there and enjoy yourself all day.,Voxtral_CN
00403_0008_angry_0008_000433,0008,angry,happy,True,1.0,0.8129547834396362,True,1,1,Every part of you is drawing me in.,You're drawing me in with every little thing.,Voxtral_CN
00404_0008_angry_0008_000421,0008,angry,happy,True,0.0,0.9999998807907104,True,skip_identical,1,I like all movies that make me feel good.,I like all movies that make me feel good.,Voxtral_CN
00405_0008_angry_0008_000617,0008,angry,happy,True,1.0,0.9169435501098633,True,1,1,This is my first stock.,This is the first stock I've ever bought.,Voxtral_CN
00406_0008_angry_0008_000521,0008,angry,happy,True,0.9090909090909091,0.7415944337844849,False,0,0,"You're a little bit of a jerk, very unfortunate, very little.","You are a very stubborn little guy, very stubborn.",Voxtral_CN
00407_0008_angry_0008_000514,0008,angry,happy,False,0.1111111111111111,0.7026656866073608,False,0,0,I worked for six years in a recruitment company.,I worked for six years in a translation company.,Voxtral_CN
00408_0008_angry_0008_000520,0008,angry,happy,True,0.2857142857142857,0.5924356579780579,False,0,0,So you have time to play soccer.,So you have time to play baseball again.,Voxtral_CN
00409_0008_angry_0008_000491,0008,angry,happy,True,0.5555555555555556,0.5900737643241882,False,0,0,"You can ask the English, the English can speak.",You can ask Yimou. Yimou can talk.,Voxtral_CN
00410_0008_angry_0008_000479,0008,angry,happy,True,0.7142857142857143,0.6145136952400208,False,1,1,"To others, no, but to me, yes.","To others, there is none, but to me, there is.",Voxtral_CN
00411_0008_angry_0008_000387,0008,angry,happy,True,0.5555555555555556,0.6793897151947021,False,1,1,"I and my wife, Panzer, hope to meet you.",I and my wife are looking forward to meeting you.,Voxtral_CN
00412_0008_angry_0008_000440,0008,angry,happy,True,0.625,0.6850101351737976,False,0,0,"Not too bad, but need to lie down.","Not too bad, especially lying in bed.",Voxtral_CN
00413_0008_angry_0008_000579,0008,angry,happy,True,0.8571428571428571,0.853054404258728,True,1,1,This is a good spot. Get out.,This is a good spot. Let's get out of the car.,Voxtral_CN
00414_0008_angry_0008_000417,0008,angry,happy,True,0.8333333333333334,0.523644208908081,False,0,0,You're deeply ingrained in my mind.,You have won my heart.,Voxtral_CN
00415_0008_angry_0008_000399,0008,angry,happy,True,1.0,0.3899606466293335,False,0,0,"Here are some examples:

**Craft:**
- Origami: Create a simple crane or a flower.
- Paper Chains: Make a colorful chain using strips of paper.
- Paper Plate Crafts: Use a paper plate to create a mask, a hat, or a flower pot.

**Writing:**
- Write a short story or poem.
- Create a list of things you're grateful for.
- Write a letter to a friend or family member.",dei me alcuni fiori e dei fiori di carta.,Voxtral_CN
00416_0008_angry_0008_000522,0008,angry,happy,True,0.7272727272727273,0.15996100008487701,False,0,0,"I'm a student, my computer wants to turn off the monitor.",I'm a student. My classmates want to have a party.,Voxtral_CN
00417_0008_angry_0008_000576,0008,angry,happy,True,0.6363636363636364,0.7472777962684631,False,0,0,You're going to be a dad! That's what people are saying!,You're going to be a dad soon. Call people to send you messages.,Voxtral_CN
00418_0008_angry_0008_000377,0008,angry,happy,True,0.6363636363636364,0.550719141960144,False,0,0,The factory does not directly put it into the big box.,The factory did not hesitate to put him directly into the main stage.,Voxtral_CN
00419_0008_angry_0008_000464,0008,angry,happy,True,0.6666666666666666,0.491469144821167,False,0,0,I'm feeling a bit nauseous too.,I'm thirsty too.,Voxtral_CN
00420_0008_angry_0008_000561,0008,angry,happy,True,1.5,0.19427837431430817,False,0,0,I'm allergic to flowers.,I think I'm already in the queue.,Voxtral_CN
00421_0008_angry_0008_000645,0008,angry,happy,True,0.0,1.0,True,skip_identical,1,I like many books.,I like many books.,Voxtral_CN
00422_0008_angry_0008_000487,0008,angry,happy,False,1.1111111111111112,0.5865396857261658,False,0,0,Maybe it can help you to understand the situation.,Maybe you can wrap it up and make it clear to the audience.,Voxtral_CN
00423_0008_angry_0008_000401,0008,angry,happy,True,1.0,0.7780129909515381,False,0,0,No problem. Maybe his wife will leak the secret.,"No problem! Don't worry, her husband will send a secret message.",Voxtral_CN
00424_0008_angry_0008_000368,0008,angry,happy,True,0.5,0.7000464200973511,False,0,0,We don't agree. Let's go play.,We don't have any problems. Let's go play.,Voxtral_CN
00425_0008_neutral_0008_000162,0008,neutral,happy,True,1.75,-0.04158194363117218,False,0,0,You're also playing this.,I think it was a good year.,Voxtral_CN
00426_0008_neutral_0008_000212,0008,neutral,happy,True,0.25,0.8495792150497437,True,1,1,I will be with you all the way.,I will accompany you all the way.,Voxtral_CN
00427_0008_neutral_0008_000072,0008,neutral,happy,True,1.25,-0.09056452661752701,False,0,0,"All the data is gone, I'm so mad.","Lu Liudao will see me again, and will accept me.",Voxtral_CN
00428_0008_neutral_0008_000193,0008,neutral,happy,True,1.25,0.8210064172744751,True,1,1,Take your girlfriend out for a nice meal.,"When you go out with your girlfriend, you should have a good meal.",Voxtral_CN
00429_0008_neutral_0008_000052,0008,neutral,happy,True,0.5555555555555556,0.4405750036239624,False,0,0,You shouldn't be afraid to start a new relationship.,You don't have to be afraid to start a revolution.,Voxtral_CN
00430_0008_neutral_0008_000095,0008,neutral,happy,True,0.0,1.0,True,skip_identical,1,"I do have a hobby, collecting antiques.","I do have a hobby, collecting antiques.",Voxtral_CN
00431_0008_neutral_0008_000097,0008,neutral,happy,True,2.8333333333333335,0.4511866569519043,False,0,0,Your daughter looks like her mom.,"""Lulu's ear fell off and she said to her mom, 'Mom, I'm okay, it's just a little thing.'""",Voxtral_CN
00432_0008_neutral_0008_000228,0008,neutral,happy,True,0.8,0.8814419507980347,True,1,1,"Okay, there's a music concert in the new music hall.","Good, the new music hall has a music party.",Voxtral_CN
00433_0008_neutral_0008_000288,0008,neutral,happy,True,0.4444444444444444,0.935081422328949,True,1,1,"I'm always here, have you ever dreamt of me?","I'm always there, haven't you dreamed of me?",Voxtral_CN
00434_0008_neutral_0008_000152,0008,neutral,happy,True,1.1111111111111112,0.1387365460395813,False,0,0,"Be careful, there is a hole under the road.","Just climb up, bring your heart up, there's a view.",Voxtral_CN
00435_0008_neutral_0008_000038,0008,neutral,happy,True,1.4,0.13376924395561218,False,0,0,"Of course, I'm almost starving.","Of course, I went to meet her to rehearse.",Voxtral_CN
00436_0008_neutral_0008_000294,0008,neutral,happy,True,0.2,0.6487827301025391,False,0,0,"I'm silver grey, I'm starving.","I'm silver grey, I'm full.",Voxtral_CN
00437_0008_neutral_0008_000124,0008,neutral,happy,True,0.2857142857142857,0.9643577933311462,True,1,1,"Yes, please refund my money, thank you.","Yes, you can refund my money, thank you.",Voxtral_CN
00438_0008_neutral_0008_000080,0008,neutral,happy,True,0.4,0.5875672698020935,False,0,0,"Look, we're almost done decorating.","Look, we're almost ready.",Voxtral_CN
00439_0008_neutral_0008_000316,0008,neutral,happy,True,6.0,0.32031601667404175,False,0,0,每次你看到一些时尚衣物时,"Every time you see some seaweed,",Voxtral_CN
00440_0008_neutral_0008_000118,0008,neutral,happy,True,1.75,0.25126007199287415,False,0,0,Your classmate tricked you.,Playing with you at the same time,Voxtral_CN
00441_0008_neutral_0008_000049,0008,neutral,happy,True,1.0,0.09483964741230011,False,0,0,"I can't physically send you anything, but I can certainly help you with some information about soccer and origami. Would you like to know more about either?",他最给我一件球和一朵花。,Voxtral_CN
00442_0008_neutral_0008_000283,0008,neutral,happy,True,0.8571428571428571,0.6390105485916138,False,0,0,I think all Chinese people play basketball.,I think all Chinese people will make it to the finals.,Voxtral_CN
00443_0008_neutral_0008_000104,0008,neutral,happy,True,0.875,0.035983856767416,False,0,0,I can't find the date of the event.,Layow found the buried giant iceberg.,Voxtral_CN
00444_0008_neutral_0008_000018,0008,neutral,happy,True,0.8571428571428571,0.522506058216095,False,0,0,"We don't agree, let's go play there.",We can't wait to go there and play.,Voxtral_CN
00445_0008_neutral_0008_000028,0008,neutral,happy,True,0.7,0.7169176936149597,False,1,1,"Right, it's the door. The other two people asked him,","Yes, it's the door. When foreigners ask him, he says,",Voxtral_CN
00446_0008_neutral_0008_000139,0008,neutral,happy,True,0.3333333333333333,0.9810473918914795,True,1,1,Their cooperation is worth learning from.,Their cooperation is worth learning.,Voxtral_CN
00447_0008_neutral_0008_000092,0008,neutral,happy,True,0.5,0.7366869449615479,False,0,0,"It won't be so coincidental, I'm also 16.","It won't be so bad, I'll go to 16.",Voxtral_CN
00448_0008_neutral_0008_000111,0008,neutral,happy,True,0.875,0.5624929666519165,False,0,0,"Every morning, my mom helps him to remember.","Every morning, the breakfast was brought by my mother.",Voxtral_CN
00449_0008_neutral_0008_000277,0008,neutral,happy,True,0.8333333333333334,0.553462564945221,False,0,0,"Yes, so I never drink it.","Yes, I can. I will never stop drinking it.",Voxtral_CN
00450_0008_sad_0008_001310,0008,sad,happy,True,0.3333333333333333,0.3591672480106354,False,0,0,I'm very sad. I'm going to the internet cafe.,I'm very happy. I'm going to the arcade.,Voxtral_CN
00451_0008_sad_0008_001107,0008,sad,happy,True,0.9,0.4289969205856323,False,0,0,"Dancing is so hard, I'm still learning the basic moves.","Dance well, Naya, Buddha is still practicing a book.",Voxtral_CN
00452_0008_sad_0008_001168,0008,sad,happy,True,1.0,0.46085065603256226,False,0,0,Your classmate tricked you.,美女同学把你给逗乐了吧。,Voxtral_CN
00453_0008_sad_0008_001094,0008,sad,happy,True,0.6666666666666666,0.8641872406005859,True,1,1,"Well, the Wall Street Journal is a good example.","For example, ""The Wall Street Journal is very good.""",Voxtral_CN
00454_0008_sad_0008_001207,0008,sad,happy,True,1.125,0.25513991713523865,False,0,0,"You know, sometimes patients will not be polite.",I know very well. Sometimes people will not tell the truth.,Voxtral_CN
00455_0008_sad_0008_001204,0008,sad,happy,True,1.2,0.14408308267593384,False,0,0,"I can't speak other languages, I only know common language.",I won't say any more. The rain and the flowers are in harmony.,Voxtral_CN
00456_0008_sad_0008_001083,0008,sad,happy,True,0.8333333333333334,0.4247795343399048,False,0,0,"I'm a squirrel, don't bother me.","I'm a plum, no need to hide.",Voxtral_CN
00457_0008_sad_0008_001360,0008,sad,happy,True,0.0,1.0000001192092896,True,skip_identical,1,I let you play this game. I don't want to miss today.,I let you play this game. I don't want to miss today.,Voxtral_CN
00458_0008_sad_0008_001279,0008,sad,happy,True,0.5714285714285714,0.8313046097755432,True,0,0,This is a good spot. Get out.,This is a good spot. Get out of the car.,Voxtral_CN
00459_0008_sad_0008_001056,0008,sad,happy,True,0.0,1.0,True,skip_identical,1,"I like Beijing, welcome you.","I like Beijing, welcome you.",Voxtral_CN
00460_0008_sad_0008_001190,0008,sad,happy,False,0.3333333333333333,0.9865255355834961,True,1,1,I know I'm a big mouth.,I know I am a big mouth.,Voxtral_CN
00461_0008_sad_0008_001218,0008,sad,happy,True,0.6666666666666666,0.639344334602356,False,0,0,"You have to answer me first, who do you like the most?","Minnie B. said to me, ""Who do you like the most?""",Voxtral_CN
00462_0008_sad_0008_001071,0008,sad,happy,True,1.375,0.4643173813819885,False,0,0,Already broadcast the last sound of the album.,"After the album was released, he gave an interview to the radio.",Voxtral_CN
00463_0008_sad_0008_001127,0008,sad,happy,True,0.0,1.0,True,skip_identical,1,"They got married, they came.","They got married, they came.",Voxtral_CN
00464_0008_sad_0008_001058,0008,sad,happy,True,1.8,0.1406784951686859,False,0,0,Shazam brought trouble to everyone.,I want to bring everyone a box of chocolates.,Voxtral_CN
00465_0008_sad_0008_001266,0008,sad,happy,True,8.0,0.43196991086006165,False,0,0,"""遇到喜欢的女孩要主动""","touched to like a child, should be voluntary.",Voxtral_CN
00466_0008_sad_0008_001220,0008,sad,happy,True,0.14285714285714285,0.9854170680046082,True,1,1,So you'll have time to play basketball.,So you have time to play basketball.,Voxtral_CN
00467_0008_sad_0008_001130,0008,sad,happy,True,0.0,1.0,True,skip_identical,1,"Look, we're almost ready.","Look, we're almost ready.",Voxtral_CN
00468_0008_sad_0008_001139,0008,sad,happy,True,0.2222222222222222,0.9572248458862305,True,1,1,"It's an ice cream, the flower is really beautiful.","It's an ice cream, the flowers are really beautiful.",Voxtral_CN
00469_0008_sad_0008_001088,0008,sad,happy,True,3.25,0.346516489982605,False,0,0,"Of course, I'm starving.","Sure, here's the transcript:

""Of course, come on, I'm hot and cold, bright and beautiful.""",Voxtral_CN
00470_0008_sad_0008_001223,0008,sad,happy,True,0.4444444444444444,0.5271469354629517,False,0,0,"A set of calligraphy brushes, they are really precious.","A set of Baccarat, it's really precious.",Voxtral_CN
00471_0008_sad_0008_001159,0008,sad,happy,True,2.5,0.49912822246551514,False,0,0,I'm actually quite hungry.,"If the chicken is quite hungry, it seems to be good.",Voxtral_CN
00472_0008_sad_0008_001332,0008,sad,happy,True,0.8181818181818182,0.4789871573448181,False,0,0,"Some people are riding boats, some people are doing gardening activities.","People are riding bikes, and some are participating in flower festivals.",Voxtral_CN
00473_0008_sad_0008_001150,0008,sad,happy,True,0.75,0.809558629989624,True,1,1,Go to the bar near our dormitory often.,Come to our dormitory's bar.,Voxtral_CN
00474_0008_sad_0008_001086,0008,sad,happy,True,1.5,-0.0076731471344828606,False,0,0,I have to be online all the time to work.,Fa dian wu bi qing yi zhong gong di da cheng dao gong pro le.,Voxtral_CN
00475_0008_surprise_0008_001645,0008,surprise,happy,True,2.0,0.48288995027542114,False,0,0,Giannis suddenly shouted excitedly.,The rain is suddenly very happy and shouting loudly.,Voxtral_CN
00476_0008_surprise_0008_001429,0008,surprise,happy,True,0.0,0.9999998211860657,True,skip_identical,1,"Very cute, just like you.","Very cute, just like you.",Voxtral_CN
00477_0008_surprise_0008_001503,0008,surprise,happy,True,0.2857142857142857,0.9792550206184387,True,1,1,"Feels so warm. Okay, see you later.","It feels so warm. Okay, see you later.",Voxtral_CN
00478_0008_surprise_0008_001650,0008,surprise,happy,True,0.08333333333333333,0.8495208024978638,True,0,0,"I don't need to turn my head, I don't need a neck.","I don't need to turn my head, I don't need a pillow.",Voxtral_CN
00479_0008_surprise_0008_001473,0008,surprise,happy,True,0.0,1.0,True,skip_identical,1,She always has a sweet smile.,She always has a sweet smile.,Voxtral_CN
00480_0008_surprise_0008_001735,0008,surprise,happy,True,0.375,0.9870133399963379,True,1,1,They are going to get married this summer.,They will get married this summer.,Voxtral_CN
00481_0008_surprise_0008_001483,0008,surprise,happy,True,0.0,1.0000001192092896,True,skip_identical,1,Every point on your body attracts me.,Every point on your body attracts me.,Voxtral_CN
00482_0008_surprise_0008_001685,0008,surprise,happy,True,0.7777777777777778,0.7541155815124512,False,1,1,"Take care of yourself, remember to stay in touch.",Keep in touch.,Voxtral_CN
00483_0008_surprise_0008_001689,0008,surprise,happy,True,0.6666666666666666,0.7519188523292542,False,0,0,"No, but I like figure skating.",I won't. But I like ice skating.,Voxtral_CN
00484_0008_surprise_0008_001632,0008,surprise,happy,True,0.5,0.9220975637435913,True,1,1,I'm trying to learn chess recently.,I'm trying to practice chess.,Voxtral_CN
00485_0008_surprise_0008_001607,0008,surprise,happy,True,1.0,0.8248580694198608,True,0,0,"I am Momo Da, you are Da Da Da.","I'm Momo Da, you're Da Da Da, let's go, let's go.",Voxtral_CN
00486_0008_surprise_0008_001505,0008,surprise,happy,True,0.75,0.4923524260520935,False,0,0,"We two are not coming, and often quarrel.",We two and Bula are enjoying the argument.,Voxtral_CN
00487_0008_surprise_0008_001727,0008,surprise,happy,False,0.1111111111111111,0.9905102252960205,True,skip_high_sim,1,"I hate being wrong. I don't understand, you do.","I hate being wrong, I don't understand, you do.",Voxtral_CN
00488_0008_surprise_0008_001697,0008,surprise,happy,True,0.3333333333333333,0.9895205497741699,True,1,1,"Three, two sons and one daughter.",Three. Two sons and one daughter.,Voxtral_CN
00489_0008_surprise_0008_001706,0008,surprise,happy,True,1.0,0.4150716960430145,False,0,0,I am an engineer in a factory.,I'm in a LEGO® Imagination Center.,Voxtral_CN
00490_0008_surprise_0008_001606,0008,surprise,happy,True,0.2857142857142857,0.6301285028457642,False,0,0,"Yes, I know. What a nice thing.","Yes, I know. What a beautiful day!",Voxtral_CN
00491_0008_surprise_0008_001658,0008,surprise,happy,False,1.0,0.7908960580825806,False,0,0,I don’t quite understand the meaning of this sentence.,热词的义意我没太明白,Voxtral_CN
00492_0008_surprise_0008_001558,0008,surprise,happy,False,0.6666666666666666,0.33121931552886963,False,0,0,My character is calm and objective.,My new character is a cold-blooded killer.,Voxtral_CN
00493_0008_surprise_0008_001531,0008,surprise,happy,True,0.6363636363636364,0.61635822057724,False,0,0,"Lingzhuo Gui, he still goes to school by bike every day.","Lingzhuo, she takes the bus to school every day.",Voxtral_CN
00494_0008_surprise_0008_001642,0008,surprise,happy,True,0.6666666666666666,0.44604232907295227,False,0,0,To prevent sharks from eating people.,To prevent losing one's body.,Voxtral_CN
00495_0008_surprise_0008_001471,0008,surprise,happy,True,0.0,0.9999998211860657,True,skip_identical,1,I like all the movies that make me feel good.,I like all the movies that make me feel good.,Voxtral_CN
00496_0008_surprise_0008_001664,0008,surprise,happy,True,0.0,0.9999999403953552,True,skip_identical,1,Sounds like a great idea.,Sounds like a great idea.,Voxtral_CN
00497_0008_surprise_0008_001688,0008,surprise,happy,True,0.0,1.0,True,skip_identical,1,I'm always here. Have you ever dreamed of me?,I'm always here. Have you ever dreamed of me?,Voxtral_CN
00498_0008_surprise_0008_001749,0008,surprise,happy,True,0.5,0.23197397589683533,False,0,0,"Yes, this is a famous fact.","Yes, this is Mingfuxi 10.",Voxtral_CN
00499_0008_surprise_0008_001582,0008,surprise,happy,True,0.75,0.8415011167526245,True,1,1,“About enough to support me for three months.”,It should be enough to support my life for three months.,Voxtral_CN
00700_0009_angry_0009_000627,0009,angry,happy,True,1.3333333333333333,0.3450241684913635,False,0,0,"Yes, so I never drink it.","Yes, I'm lucky to have had a chance to drink it.",Voxtral_CN
00701_0009_angry_0009_000520,0009,angry,happy,True,0.125,0.9672455787658691,True,1,1,So you can have time to play soccer.,So you have time to play soccer.,Voxtral_CN
00702_0009_angry_0009_000378,0009,angry,happy,False,0.2727272727272727,0.9321320056915283,True,0,0,"Yes, it's the car door. The other two people asked him.","Right, it's the car door. One day, two people asked him.",Voxtral_CN
00703_0009_angry_0009_000445,0009,angry,happy,True,0.5555555555555556,0.6165057420730591,False,0,0,"I had a hobby at that time, collecting antiques.",I have a hobby of collecting shells.,Voxtral_CN
00704_0009_angry_0009_000451,0009,angry,happy,True,0.25,0.9927257299423218,True,skip_high_sim,1,"Soon, cars will be able to open automatically.","Soon, cars will be able to automatically open.",Voxtral_CN
00705_0009_angry_0009_000587,0009,angry,happy,True,1.6666666666666667,0.38839083909988403,False,0,0,"I'm really scared, take me shopping.","The salesperson is really big, and he dragged me to the store.",Voxtral_CN
00706_0009_angry_0009_000554,0009,angry,happy,True,0.8888888888888888,0.4178784489631653,False,0,0,"You just bought clothes yesterday, you are really crazy.",Yesterday I just bought a house. It's really a bargain.,Voxtral_CN
00707_0009_angry_0009_000563,0009,angry,happy,True,1.0,0.2575335204601288,False,0,0,Judge gave it a full score.,All the dishes were delicious.,Voxtral_CN
00708_0009_angry_0009_000490,0009,angry,happy,True,1.5,0.09946349263191223,False,0,0,I know I'm a big mouth.,I also really want to go to Da Jiu Fa.,Voxtral_CN
00709_0009_angry_0009_000611,0009,angry,happy,True,1.1428571428571428,0.6020506620407104,False,0,0,This is not like a real competition.,This time I really don't want to miss the competition.,Voxtral_CN
00710_0009_angry_0009_000605,0009,angry,happy,True,1.8333333333333333,0.12420567870140076,False,0,0,I started out as a prostitute.,"This is my first year in office, and I'm very happy.",Voxtral_CN
00711_0009_angry_0009_000656,0009,angry,happy,True,1.1111111111111112,0.25534188747406006,False,0,0,I am an engineer at a machine tool factory.,I will go to a flower farm to be a volunteer.,Voxtral_CN
00712_0009_angry_0009_000622,0009,angry,happy,True,2.0,0.24271219968795776,False,0,0,Shenyang tomorrow has thunderstorms and heavy rain.,"Great! As long as there are allies tomorrow, we'll have a lot of choices.",Voxtral_CN
00713_0009_angry_0009_000488,0009,angry,happy,True,2.25,0.19021287560462952,False,0,0,I can't control him.,I can't help but be excited every time I see it.,Voxtral_CN
00714_0009_angry_0009_000601,0009,angry,happy,True,1.0,0.197828471660614,False,0,0,没看过小说，只有人类才需要。,"""吃了热气腾腾的烧烤，才知道人间才有的滋味。""",Voxtral_CN
00715_0009_angry_0009_000391,0009,angry,happy,True,1.0,0.22430101037025452,False,0,0,"I'm very busy, I don't have time to tell you this.","""血脉的好，没空给你血脉的热闹。""",Voxtral_CN
00716_0009_angry_0009_000525,0009,angry,happy,True,1.0,0.10887902230024338,False,0,0,"He's unemployed at the moment, so you should avoid provoking him.","Like Zi Bo, I'm hungry. I'm going to eat.",Voxtral_CN
00717_0009_angry_0009_000592,0009,angry,happy,False,1.4444444444444444,0.275454580783844,False,0,0,To prevent the fish from eating the human body.,"To keep grandma healthy, we need to make sure she eats a balanced diet.",Voxtral_CN
00718_0009_angry_0009_000553,0009,angry,happy,True,0.625,0.9936038255691528,True,skip_high_sim,1,I hope I can go there one day.,I hope one day I can go there.,Voxtral_CN
00719_0009_angry_0009_000582,0009,angry,happy,True,1.1666666666666667,0.3414643704891205,False,0,0,I'm trying to learn chess recently.,I'm trying to be a little more diligent and joyful.,Voxtral_CN
00720_0009_angry_0009_000608,0009,angry,happy,True,1.0,0.4524262547492981,False,0,0,I don't quite understand the meaning of this sentence.,"The last sentence is ""I am full of joy.""",Voxtral_CN
00721_0009_angry_0009_000577,0009,angry,happy,True,1.0,0.23711225390434265,False,0,0,I really can't stand the noise in the city.,I really can't believe I got such a high score from you.,Voxtral_CN
00722_0009_angry_0009_000438,0009,angry,happy,True,0.2222222222222222,0.9314298629760742,True,1,1,"Hong Kong Ocean Park, owner, hurry me to go.","Hong Kong Ocean Park, the host, hurry me to go.",Voxtral_CN
00723_0009_angry_0009_000373,0009,angry,happy,True,0.25,0.9936025142669678,True,skip_high_sim,1,Make some delicious food to stimulate baby's appetite.,Make some delicious food to boost the baby's appetite.,Voxtral_CN
00724_0009_angry_0009_000466,0009,angry,happy,True,0.375,0.9147785902023315,True,0,0,"No, but we went to the Kennedy Center.",No. But we went to the Kennedy Space Center.,Voxtral_CN
00725_0009_neutral_0009_000204,0009,neutral,happy,True,0.45454545454545453,0.6421411037445068,False,0,0,"You just bought clothes yesterday, you are really a shopping addict.","We just bought clothes yesterday, really a bargain.",Voxtral_CN
00726_0009_neutral_0009_000184,0009,neutral,happy,True,0.0,0.9999999403953552,True,skip_identical,1,2016年11月5日星期六,2016年11月5日星期六,Voxtral_CN
00727_0009_neutral_0009_000159,0009,neutral,happy,True,0.7142857142857143,0.532879114151001,False,0,0,I won't sacrifice my health for money.,I won't sell my soy sauce to get money.,Voxtral_CN
00728_0009_neutral_0009_000261,0009,neutral,happy,True,1.2857142857142858,0.24080106616020203,False,0,0,This doesn't sound like a championship game.,This can be a Spring Festival competition in this classroom.,Voxtral_CN
00729_0009_neutral_0009_000267,0009,neutral,happy,True,0.5714285714285714,0.8529829382896423,True,0,0,This is the first poem I learned.,This is the first book of poetry I have learned.,Voxtral_CN
00730_0009_neutral_0009_000126,0009,neutral,happy,True,0.4444444444444444,0.5787704586982727,False,0,0,"No, he lives in the old house in Worcester.","No, she lives in an old house in West Hollywood.",Voxtral_CN
00731_0009_neutral_0009_000203,0009,neutral,happy,True,0.0,1.0,True,skip_identical,1,I hope I can go there one day.,I hope I can go there one day.,Voxtral_CN
00732_0009_neutral_0009_000277,0009,neutral,happy,True,0.8333333333333334,0.39139658212661743,False,0,0,"Yes, so I never drink it.","Yes, I'm happy, I'm going to drink it.",Voxtral_CN
00733_0009_neutral_0009_000303,0009,neutral,happy,True,1.1428571428571428,0.06706224381923676,False,0,0,I only got home at 4 am.,I always go to my grandparents' house in Chungcheongbuk-do.,Voxtral_CN
00734_0009_neutral_0009_000292,0009,neutral,happy,True,0.5555555555555556,0.8593192100524902,True,0,0,One day I may have to talk to him.,One day I will also have a chat with him.,Voxtral_CN
00735_0009_neutral_0009_000248,0009,neutral,happy,False,0.7,0.5777015686035156,False,0,0,I don't really care whether this store has a name.,I don't care if the movie is not famous.,Voxtral_CN
00736_0009_neutral_0009_000032,0009,neutral,happy,True,0.0,0.9999998807907104,True,skip_identical,1,I met a beautiful girl.,I met a beautiful girl.,Voxtral_CN
00737_0009_neutral_0009_000138,0009,neutral,happy,True,0.75,0.6171663403511047,False,0,0,I can't control him.,I can't help but love him.,Voxtral_CN
00738_0009_neutral_0009_000285,0009,neutral,happy,True,1.0,0.9265708923339844,True,1,1,"Take care of yourself, and stay in touch.","Take care of yourself, remember to stay in touch, and it will be good.",Voxtral_CN
00739_0009_neutral_0009_000293,0009,neutral,happy,True,1.0,0.5673245191574097,False,0,0,"Sit down, I watched the screen display.",It's very convenient. I watched the news on the screen.,Voxtral_CN
00740_0009_neutral_0009_000006,0009,neutral,happy,True,0.4,0.9662230610847473,True,1,1,I like Beijing welcomes you.,"I like Beijing, welcome you.",Voxtral_CN
00741_0009_neutral_0009_000144,0009,neutral,happy,True,1.1428571428571428,0.0393645241856575,False,0,0,"Yes, intermittent fasting can be very challenging.",I just fell down and it feels good.,Voxtral_CN
00742_0009_neutral_0009_000129,0009,neutral,happy,True,1.1,0.44083505868911743,False,1,1,"To others, there is none, but to me, there is.","This is something that no one else has, but I do.",Voxtral_CN
00743_0009_neutral_0009_000251,0009,neutral,happy,True,13.0,0.2610514760017395,False,0,0,没看过小说，只有人类才需要。,"I haven't seen it, so I can't say. Only people can see it.",Voxtral_CN
00744_0009_neutral_0009_000079,0009,neutral,happy,True,0.3333333333333333,0.742196261882782,False,0,0,People naturally call him the father of the Olympics.,Fans naturally called him the father of the Beijing Olympics.,Voxtral_CN
00745_0009_neutral_0009_000347,0009,neutral,happy,True,0.75,0.36597350239753723,False,0,0,These two pieces were made in different periods of the Tang Dynasty.,"These two dishes are made by my classmate, 7 Hu.",Voxtral_CN
00746_0009_neutral_0009_000306,0009,neutral,happy,True,1.375,0.40735089778900146,False,0,0,I am an engineer at a mechanized farm.,I went to a farm to blow off some steam and eat.,Voxtral_CN
00747_0009_neutral_0009_000042,0009,neutral,happy,True,0.7272727272727273,0.35646674036979675,False,0,0,I will warm up the bed for you to play with.,I will be happy to see you.,Voxtral_CN
00748_0009_neutral_0009_000026,0009,neutral,happy,True,1.0,0.2307337522506714,False,0,0,"Yes, he is very cunning, often deceiving others.",She is very agile and likes to play with others.,Voxtral_CN
00749_0009_neutral_0009_000235,0009,neutral,happy,True,0.4444444444444444,0.9054602980613708,True,1,1,I like sports but I don't play much basketball.,"I really like it, but I don't play basketball much.",Voxtral_CN
00750_0009_sad_0009_001065,0009,sad,happy,True,0.0,0.9999998807907104,True,skip_identical,1,I really like volleyball and climbing.,I really like volleyball and climbing.,Voxtral_CN
00751_0009_sad_0009_001275,0009,sad,happy,True,0.16666666666666666,0.9379482269287109,True,1,1,"Almost, we both are very enthusiastic.","Almost, we both are very excited.",Voxtral_CN
00752_0009_sad_0009_001198,0009,sad,happy,True,1.0,0.6637649536132812,False,0,0,You can call me anytime.,Always remember to call me.,Voxtral_CN
00753_0009_sad_0009_001112,0009,sad,happy,True,0.8571428571428571,0.8559464812278748,True,0,0,I'm just passing by to say goodbye.,I'm coming straight over to say goodbye to you.,Voxtral_CN
00754_0009_sad_0009_001297,0009,sad,happy,True,0.0,0.9999997615814209,True,skip_identical,1,"No reason, just waiting for me.","No reason, just waiting for me.",Voxtral_CN
00755_0009_sad_0009_001331,0009,sad,happy,True,0.9166666666666666,0.6170782446861267,False,0,0,"Good night, big mom, the whole sky is full of little stars.","Good evening, everyone.",Voxtral_CN
00756_0009_sad_0009_001391,0009,sad,happy,True,1.0,0.17797455191612244,False,0,0,I will draw a witch's knot on your face.,"Hugging each other, they kissed.",Voxtral_CN
00757_0009_sad_0009_001052,0009,sad,happy,True,1.6,-0.06757859885692596,False,0,0,"A British philosopher once said,",The crab in the pot is very delicious.,Voxtral_CN
00758_0009_sad_0009_001131,0009,sad,happy,True,1.5714285714285714,0.08858752250671387,False,0,0,"This town, everyone likes to tell lies.","This is a barbecue, it's a joy to eat a piece of meat.",Voxtral_CN
00759_0009_sad_0009_001257,0009,sad,happy,True,1.25,0.401070773601532,False,0,0,"I'm confused, you're confused.","I'm eating momo, you're eating zai zai.",Voxtral_CN
00760_0009_sad_0009_001089,0009,sad,happy,True,1.0,0.005938991904258728,False,0,0,"I didn't find my routine, and when I left, I locked the door.","Ling Yu said, ""When you get a good one, it's really fun.""",Voxtral_CN
00761_0009_sad_0009_001260,0009,sad,happy,True,0.6,0.7093461155891418,False,0,0,It's not that I don't like some of his songs.,"It can't be counted, I like all of his songs.",Voxtral_CN
00762_0009_sad_0009_001128,0009,sad,happy,True,1.0,0.07441771030426025,False,0,0,"Their design is small and compact, and can be operated by one hand.","Look at the window, the small, cute, three-legged cat jumps out.",Voxtral_CN
00763_0009_sad_0009_001284,0009,sad,happy,True,1.0,0.23176276683807373,False,0,0,It is a major air pollutant.,It's a main ingredient of ponchimo.,Voxtral_CN
00764_0009_sad_0009_001371,0009,sad,happy,True,1.5,0.3482311964035034,False,0,0,I don't like you confusing me.,"I'm so happy that you like me, you make me dizzy.",Voxtral_CN
00765_0009_sad_0009_001182,0009,sad,happy,True,0.8,0.6338894367218018,False,0,0,She's the most precious woman.,You are the most caring man's woman.,Voxtral_CN
00766_0009_sad_0009_001102,0009,sad,happy,True,1.0,0.016117706894874573,False,0,0,You shouldn't be afraid to start a new relationship.,一步应该好她捡出一道菜都敢吃的。,Voxtral_CN
00767_0009_sad_0009_001082,0009,sad,happy,True,0.0,0.9999998807907104,True,skip_identical,1,I met a beautiful girl.,I met a beautiful girl.,Voxtral_CN
00768_0009_sad_0009_001104,0009,sad,happy,True,2.25,0.1539466679096222,False,0,0,I was created by an artificial intelligence system.,I'm very happy to be here. I've been a member of the team since I was a rookie.,Voxtral_CN
00769_0009_sad_0009_001199,0009,sad,happy,True,1.1666666666666667,0.43325233459472656,False,0,0,"Hello, Boleyn, it's exactly four o'clock.","You are so good, you hit four points.",Voxtral_CN
00770_0009_sad_0009_001349,0009,sad,happy,True,0.5,0.845592200756073,True,0,0,"Yes, I just hit the table.","Yes, I just put it on the table.",Voxtral_CN
00771_0009_sad_0009_001335,0009,sad,happy,True,1.0,0.10012522339820862,False,0,0,"Be careful, remember to keep in touch.","I'm sorry, I didn't understand that.",Voxtral_CN
00772_0009_sad_0009_001296,0009,sad,happy,True,0.7777777777777778,0.6291041374206543,False,1,1,Ling Dai to men is really a must have.,"To men, it is truly a must.",Voxtral_CN
00773_0009_sad_0009_001155,0009,sad,happy,True,0.7142857142857143,0.31413733959198,False,0,0,We can't get along and often argue.,"We two are not afraid, and often joke.",Voxtral_CN
00774_0009_sad_0009_001210,0009,sad,happy,True,0.42857142857142855,0.4479743540287018,False,0,0,"Of course, he is our university's dean.","Of course, she won our university's award.",Voxtral_CN
00775_0009_surprise_0009_001567,0009,surprise,happy,True,1.0,0.9632989764213562,True,1,1,太妙啦，我想换一些日元。,太美啦，我要换一些日元。,Voxtral_CN
00776_0009_surprise_0009_001699,0009,surprise,happy,True,0.3333333333333333,0.4178708791732788,False,0,0,"Yes, I just hit a wall.","Yes, I just got a desk.",Voxtral_CN
00777_0009_surprise_0009_001540,0009,surprise,happy,True,0.8333333333333334,0.25609999895095825,False,0,0,I know I'm a big mouth.,I also know how to swim.,Voxtral_CN
00778_0009_surprise_0009_001421,0009,surprise,happy,True,0.5,0.7667260766029358,False,1,1,I have already broadcast the last sound of the episode.,I've finished the last sound of the series.,Voxtral_CN
00779_0009_surprise_0009_001695,0009,surprise,happy,True,0.625,0.5966304540634155,False,0,0,I like many books in literature and economics.,I like many things about the economy.,Voxtral_CN
00780_0009_surprise_0009_001462,0009,surprise,happy,True,1.5714285714285714,0.374433696269989,False,0,0,I'm just passing by to say goodbye.,"I'm going to school and I'll come back to give you breakfast, okay?",Voxtral_CN
00781_0009_surprise_0009_001712,0009,surprise,happy,True,1.0,0.2719308137893677,False,0,0,"If she rejects me, I will die.","""死至一会他去一去，老兄，你也洗呀！""",Voxtral_CN
00782_0009_surprise_0009_001454,0009,surprise,happy,True,1.0,0.6168582439422607,False,0,0,I was created by an artificial intelligence system.,The Renpong Intelligent System has been created.,Voxtral_CN
00783_0009_surprise_0009_001412,0009,surprise,happy,True,1.2222222222222223,0.3663458526134491,False,0,0,You're always like this when you're in a relationship.,"You feel like every time you meet, it's like the first time.",Voxtral_CN
00784_0009_surprise_0009_001530,0009,surprise,happy,True,0.8888888888888888,0.4388676583766937,False,0,0,My hope is to work until I fall down.,My hope is the day I can work on the island.,Voxtral_CN
00785_0009_surprise_0009_001428,0009,surprise,happy,True,0.8888888888888888,0.30572131276130676,False,0,0,"Right, it's the gate. Two other people asked him.","Right, it's the steering wheel, and two people are fighting over it.",Voxtral_CN
00786_0009_surprise_0009_001603,0009,surprise,happy,True,0.2857142857142857,0.9882193803787231,True,1,1,Hope one day I can go there.,I hope one day I can go there.,Voxtral_CN
00787_0009_surprise_0009_001451,0009,surprise,happy,True,1.1111111111111112,0.3451387882232666,False,0,0,"No problem, maybe his wife will spill the beans.",It's okay. Yanshen will see the Empress wash the Dragon's strength.,Voxtral_CN
00788_0009_surprise_0009_001536,0009,surprise,happy,True,0.0,1.0,True,skip_identical,1,I like almost all sports.,I like almost all sports.,Voxtral_CN
00789_0009_surprise_0009_001643,0009,surprise,happy,True,0.75,0.25116199254989624,False,0,0,"That way, you should pay attention to it.","That kind of feeling, you have to celebrate it.",Voxtral_CN
00790_0009_surprise_0009_001677,0009,surprise,happy,True,0.8333333333333334,0.1256774663925171,False,0,0,"Yes, so I never drink it.","Yes, I can always have him.",Voxtral_CN
00791_0009_surprise_0009_001435,0009,surprise,happy,True,0.7142857142857143,0.5049870610237122,False,0,0,Such a good person won't be killed.,This rare wheel will not be killed.,Voxtral_CN
00792_0009_surprise_0009_001586,0009,surprise,happy,True,0.9444444444444444,0.030643710866570473,False,0,0,"“Ruan Meizi will say, 'I hate you, I won't pay attention to you anymore' when she is angry.”","Two bridesmaids just got married and said, ""Good luck, I'm going to be with you.""",Voxtral_CN
00793_0009_surprise_0009_001660,0009,surprise,happy,True,1.0,0.3330654203891754,False,0,0,"I'm sad, I'm going to the bar.",Then I'll go play.,Voxtral_CN
00794_0009_surprise_0009_001414,0009,surprise,happy,True,0.6,0.7885557413101196,False,0,0,"Whoever you don't know, I'm very willing to help you.",Who do you not know? I'm so happy to help you.,Voxtral_CN
00795_0009_surprise_0009_001587,0009,surprise,happy,True,0.14285714285714285,0.8723082542419434,True,0,0,Let's throw a surprise party for him.,Let's throw a party for him.,Voxtral_CN
00796_0009_surprise_0009_001463,0009,surprise,happy,True,0.625,0.18654897809028625,False,0,0,You know I'm really trying to quit drinking.,You know I’m really enjoying picking grapes.,Voxtral_CN
00797_0009_surprise_0009_001502,0009,surprise,happy,True,0.125,0.6553738117218018,False,0,0,"I met Mark yesterday, he looked very worried.","I met Mark yesterday, he looked very happy.",Voxtral_CN
00798_0009_surprise_0009_001405,0009,surprise,happy,True,0.5,0.8502943515777588,True,1,1,"We sailed a ship on the Three Gorges, it was really exciting.","We sailed the Three Gorges on a junk, it was really exciting.",Voxtral_CN
00799_0009_surprise_0009_001518,0009,surprise,happy,True,2.0,0.38372668623924255,False,0,0,Your classmate tricked you.,You're gonna get caught by the little girl.,Voxtral_CN
00500_0010_angry_0010_000574,0010,angry,happy,False,0.2857142857142857,0.48703616857528687,False,0,0,This is a bit hard for me.,This is a win-win for me.,Voxtral_CN
00501_0010_angry_0010_000630,0010,angry,happy,True,0.7777777777777778,0.22780877351760864,False,0,0,You can't get to the center of a circle.,Definitely can't find the turtle's nest anymore.,Voxtral_CN
00502_0010_angry_0010_000440,0010,angry,happy,False,1.2222222222222223,0.4621594250202179,False,0,0,"Not too bad, but I have to lie down.","I'm not very good at climbing, but I can hang on to the bed.",Voxtral_CN
00503_0010_angry_0010_000494,0010,angry,happy,True,0.875,0.21856138110160828,False,0,0,Eating less and losing weight is very painful.,Just eating healthy is delicious.,Voxtral_CN
00504_0010_angry_0010_000437,0010,angry,happy,True,1.0,0.1342122107744217,False,0,0,Isn't there anything? But it's a bit boring.,"It's beautiful, right? Thank you very much.",Voxtral_CN
00505_0010_angry_0010_000461,0010,angry,happy,True,0.625,0.8186936378479004,True,1,1,"Every morning, it's my mom who reminds him.","Every morning, my mom would wake him up.",Voxtral_CN
00506_0010_angry_0010_000653,0010,angry,happy,True,3.0,0.07140612602233887,False,0,0,I only arrived at 4:00 AM.,"Guan Yi, who was born in 1973, won the first prize in the 1996 Beijing International Mathematical Olympiad.",Voxtral_CN
00507_0010_angry_0010_000435,0010,angry,happy,True,1.0,0.48064011335372925,False,0,0,"Yeah, I always worry about his health.","Yeah, he's healthy, I can't help but relax.",Voxtral_CN
00508_0010_angry_0010_000560,0010,angry,happy,True,1.1,0.8528621196746826,True,0,0,It doesn't count that I like some of his songs.,"You don't count, he has some songs that I really like.",Voxtral_CN
00509_0010_angry_0010_000429,0010,angry,happy,True,0.6,0.6010206937789917,False,0,0,People definitely call him the father of the Olympic Games.,We all call him the Olympic torchbearer.,Voxtral_CN
00510_0010_angry_0010_000562,0010,angry,happy,True,0.1111111111111111,0.8915145993232727,True,1,1,I will still be with you all the way.,I will still walk with you all the way.,Voxtral_CN
00511_0010_angry_0010_000642,0010,angry,happy,True,1.0,0.21082442998886108,False,0,0,That day I may have to talk to him.,"If the sky is blue, then he loves her.",Voxtral_CN
00512_0010_angry_0010_000673,0010,angry,happy,True,0.0,0.9999998807907104,True,skip_identical,1,You're so nice to everyone.,You're so nice to everyone.,Voxtral_CN
00513_0010_angry_0010_000368,0010,angry,happy,True,1.0,0.6604204773902893,False,1,1,I agree. Let's go play.,"I can't wait, let's go play there.",Voxtral_CN
00514_0010_angry_0010_000393,0010,angry,happy,True,0.8181818181818182,0.22569170594215393,False,0,0,"That way, we can choose to be kind to each other.","So, we can write a good song in the spring.",Voxtral_CN
00515_0010_angry_0010_000403,0010,angry,happy,True,0.3,0.7642644643783569,False,0,0,I will definitely do it. Then I won't ask anymore.,I will definitely do it! Then I won't be bored.,Voxtral_CN
00516_0010_angry_0010_000556,0010,angry,happy,True,0.8333333333333334,0.2623586058616638,False,0,0,"Yes, I know, Hanan Jinren Qi.","Eat it, I know, it's delicious!",Voxtral_CN
00517_0010_angry_0010_000677,0010,angry,happy,True,1.2,0.2583220601081848,False,0,0,"I hate being angry, sometimes I don't understand, you know?","I don't dislike eating wrong, I'm not a doctor, I'm just a fan.",Voxtral_CN
00518_0010_angry_0010_000700,0010,angry,happy,True,0.45454545454545453,0.6506077647209167,False,0,0,"It's a very bad pronunciation, the boss should not learn it.","It's a very nice Zang language, the boss can't learn it.",Voxtral_CN
00519_0010_angry_0010_000532,0010,angry,happy,True,8.0,0.8326548337936401,True,1,1,“大约足够支撑我生活三个月的。”,About enough to support me for three months.,Voxtral_CN
00520_0010_angry_0010_000588,0010,angry,happy,True,1.3333333333333333,0.241995707154274,False,0,0,I don't think so. We should follow Xiao Xi.,"We don't think of the world as ending, we just look at the sky.",Voxtral_CN
00521_0010_angry_0010_000553,0010,angry,happy,True,0.625,0.9936038255691528,True,skip_high_sim,1,I hope I can go there one day.,I hope one day I can go there.,Voxtral_CN
00522_0010_angry_0010_000351,0010,angry,happy,True,0.0,0.9999999403953552,True,skip_identical,1,"Look far away, they are really beautiful.","Look far away, they are really beautiful.",Voxtral_CN
00523_0010_angry_0010_000641,0010,angry,happy,True,0.0,1.0,True,skip_identical,1,"In the south of France, the weather is usually pleasant.","In the south of France, the weather is usually pleasant.",Voxtral_CN
00524_0010_angry_0010_000602,0010,angry,happy,True,0.25,0.8165764212608337,True,0,0,I'm a game enthusiast.,I'm a game designer.,Voxtral_CN
00525_0010_neutral_0010_000230,0010,neutral,happy,True,0.8461538461538461,0.4504964351654053,False,0,0,Then I won’t bother you anymore. I’m not brave enough to go out.,"I'm sorry to bother you, I want to ask you out.",Voxtral_CN
00526_0010_neutral_0010_000030,0010,neutral,happy,True,2.2857142857142856,0.44308823347091675,False,0,0,"Unless you're playing dodgeball, but that's impossible.","If you don't fly, you miss out on the beauty of it. It's just not possible.",Voxtral_CN
00527_0010_neutral_0010_000339,0010,neutral,happy,True,2.2,0.12438169866800308,False,0,0,Don't ask a woman's age.,"We all love Rembrandt, him, Kaiju Rings, I mean, how long.",Voxtral_CN
00528_0010_neutral_0010_000026,0010,neutral,happy,True,0.625,0.5561954379081726,False,0,0,"Yes, he is very cunning, often deceiving others.","Yes, the spirit of often harassing others.",Voxtral_CN
00529_0010_neutral_0010_000142,0010,neutral,happy,True,0.875,0.8471131920814514,True,0,0,"Yes, I am still a wet-behind-the-ears young reporter.","Yes, and I am a reporter who is still young.",Voxtral_CN
00530_0010_neutral_0010_000105,0010,neutral,happy,True,1.0,0.3018994927406311,False,0,0,We still argue a lot even when we are together.,"We two, why not come? We often laugh in the courtyard.",Voxtral_CN
00531_0010_neutral_0010_000243,0010,neutral,happy,True,0.6666666666666666,0.3170414865016937,False,0,0,That way you should be careful.,"That way, you should wear a smile.",Voxtral_CN
00532_0010_neutral_0010_000035,0010,neutral,happy,True,1.7142857142857142,0.3211401104927063,False,0,0,Such innocent people will not be killed.,"If you come to this place, you won't be bored for a day.",Voxtral_CN
00533_0010_neutral_0010_000177,0010,neutral,happy,True,1.0,0.541169285774231,False,0,0,You've been in my mind for a long time.,You have stirred up my heart so much.,Voxtral_CN
00534_0010_neutral_0010_000338,0010,neutral,happy,True,1.0,0.5315143465995789,False,0,0,Young people must take responsibility.,Young people should have a bright future.,Voxtral_CN
00535_0010_neutral_0010_000082,0010,neutral,happy,True,1.0,0.9396543502807617,True,0,0,I heard you are going to Hong Kong to see your uncle.,你經常說你要去香港看你叔叔。,Voxtral_CN
00536_0010_neutral_0010_000024,0010,neutral,happy,True,0.14285714285714285,0.8658690452575684,True,1,1,Your image is always in my mind.,Your image is always in my heart.,Voxtral_CN
00537_0010_neutral_0010_000347,0010,neutral,happy,True,0.75,0.4707503914833069,False,0,0,These two pieces were made during different periods of the Tang Dynasty.,These two pieces are the beauty of the hidden treasure of the Chu Kingdom.,Voxtral_CN
00538_0010_neutral_0010_000246,0010,neutral,happy,True,3.5,-0.003986494615674019,False,0,0,Belt is really indispensable for men.,"Dinh Tài Phủ in the town of Lại Phước, in the district of Phước Long, is famous for its many fruit trees.",Voxtral_CN
00539_0010_neutral_0010_000110,0010,neutral,happy,True,1.0,0.5698779821395874,False,0,0,自己的事情要自己做。,自己在收拾小狗的自己做的想法。,Voxtral_CN
00540_0010_neutral_0010_000087,0010,neutral,happy,True,1.125,0.35479772090911865,False,0,0,"It's not much, but it's kind of boring.","Yes, there is nothing, but this is a happy thing.",Voxtral_CN
00541_0010_neutral_0010_000091,0010,neutral,happy,True,1.0,0.07287485897541046,False,0,0,"If you need help, please let me know.",I like to kiss them.,Voxtral_CN
00542_0010_neutral_0010_000151,0010,neutral,happy,True,0.125,0.9971747398376465,True,skip_high_sim,1,"I love you most, don't shoot, I surrender.","I love you the most, don't shoot, I surrender.",Voxtral_CN
00543_0010_neutral_0010_000005,0010,neutral,happy,True,0.5384615384615384,0.7701575756072998,False,1,1,"We sailed on a ship to the Three Gorges, it was really exciting.","We took a boat to drift on the river, it was really exciting.",Voxtral_CN
00544_0010_neutral_0010_000029,0010,neutral,happy,True,0.4,0.8072642087936401,True,1,1,"Very cute, just like you.","""Very cute, just like you.""",Voxtral_CN
00545_0010_neutral_0010_000275,0010,neutral,happy,True,1.2,0.700833797454834,False,1,1,Then find a music player.,Then find a bit of music to get you going.,Voxtral_CN
00546_0010_neutral_0010_000340,0010,neutral,happy,True,0.7272727272727273,0.7590634822845459,False,0,0,"Every night I say good night to you, it's really happy.",Every night I would tell you good night and wish you good luck.,Voxtral_CN
00547_0010_neutral_0010_000350,0010,neutral,happy,True,1.2,-0.07000453770160675,False,0,0,"It's very bad language, the owner should not learn it.","It was my friend's first time playing soccer, and he did well.",Voxtral_CN
00548_0010_neutral_0010_000158,0010,neutral,happy,True,2.1666666666666665,0.18219304084777832,False,0,0,My personality is calm and objective.,What I want to do is to make it a little bit more fun.,Voxtral_CN
00549_0010_neutral_0010_000031,0010,neutral,happy,True,0.9411764705882353,0.3693634867668152,False,0,0,"I'm sorry, I didn't hear you. Could you please repeat what time you want to be reminded?",What time of day do you like?,Voxtral_CN
00550_0010_sad_0010_001292,0010,sad,happy,True,1.25,0.12069259583950043,False,0,0,To prevent fish from eating the dead body.,"Because you didn't let me miss one, I ate two.",Voxtral_CN
00551_0010_sad_0010_001337,0010,sad,happy,True,0.5384615384615384,0.688355565071106,False,1,1,I like to listen so much that I keep listening over and over.,I like to listen to it so much that I can't help but repeat it.,Voxtral_CN
00552_0010_sad_0010_001122,0010,sad,happy,True,1.0,0.07341466844081879,False,0,0,"All the data is gone, I'm so pissed off.","The sound of Charlobo's cheeks, I swear.",Voxtral_CN
00553_0010_sad_0010_001272,0010,sad,happy,True,1.7142857142857142,0.2305014431476593,False,0,0,My old friend Hansan lives in London.,My old friend Han San is waiting for me at the mouth of the river.,Voxtral_CN
00554_0010_sad_0010_001151,0010,sad,happy,True,1.875,0.30854934453964233,False,0,0,"Soon, cars will be able to open automatically.","I want to count cars, but I can't, it's just too cute, that's too funny.",Voxtral_CN
00555_0010_sad_0010_001159,0010,sad,happy,True,3.0,0.24265557527542114,False,0,0,I'm actually quite hungry.,It feels good to be back. I think I'm going to do well.,Voxtral_CN
00556_0010_sad_0010_001195,0010,sad,happy,True,0.45454545454545453,0.7291354537010193,False,1,1,"Listen to the sounds of nature, it's like listening to music.","I hear the laughter of nature, it's like hearing music.",Voxtral_CN
00557_0010_sad_0010_001215,0010,sad,happy,True,1.4,0.07645568251609802,False,0,0,"Actually, we broke up yesterday.","Sure, I will tell you a joke.",Voxtral_CN
00558_0010_sad_0010_001390,0010,sad,happy,True,0.7857142857142857,0.7787158489227295,False,0,0,"Every night, I'll send you a message to say good night. It's so happy.","Every night I talk to you until late, and I'm happy.",Voxtral_CN
00559_0010_sad_0010_001389,0010,sad,happy,True,2.0,0.0017802324146032333,False,0,0,Don't ask a woman's age.,"I was honored, I felt very happy, I love it.",Voxtral_CN
00560_0010_sad_0010_001275,0010,sad,happy,True,0.0,0.9999999403953552,True,skip_identical,1,"Almost, we both are very enthusiastic.","Almost, we both are very enthusiastic.",Voxtral_CN
00561_0010_sad_0010_001085,0010,sad,happy,True,0.625,0.5255033373832703,False,0,0,"So, the poor people will not be killed.","So, the people of Mogadishu will no longer be killed.",Voxtral_CN
00562_0010_sad_0010_001321,0010,sad,happy,True,6.0,0.09584923833608627,False,0,0,很大，让人兴奋，但是草坪。,I'm not sure what you're saying.,Voxtral_CN
00563_0010_sad_0010_001333,0010,sad,happy,True,25.5,0.00681130588054657,False,0,0,I think all Chinese people play ping pong.,"I will be back, I will be back, I will be back, I will be back, I will be back, I will be back, I will be back, I will be back, I will be back, I will be back, I will be back, I will be back, I will be back, I will be back, I will be back, I will be back, I will be back, I will be back, I will be back, I will be back, I will be back, I will be back, I will be back, I will be back, I will be back, I will be back, I will be back, I will be back, I will be back, I will be back, I will be back, I will be back, I will be back, I will be back, I will be back, I will be back, I will be back, I will be back, I will be back, I will be back, I will be back, I will be back, I will be back, I will be back, I will be back, I will be back, I will be back, I will be back, I will be back, I will be back, I will be back, I",Voxtral_CN
00564_0010_sad_0010_001161,0010,sad,happy,True,2.0,0.6177802085876465,False,0,0,"Every morning, it's my mother who helps him remember.","Every morning, one person would come to the door, it was my mother, and he would be happy to see her.",Voxtral_CN
00565_0010_sad_0010_001254,0010,sad,happy,True,1.0,0.06265223771333694,False,0,0,"You just bought clothes yesterday, you really are a shopaholic.",I just love the home games. I wish them good luck.,Voxtral_CN
00566_0010_sad_0010_001089,0010,sad,happy,True,0.5454545454545454,0.602736234664917,False,0,0,"Don't wake up the day, when you leave, close the door.","Don't rush to the day, when you go, feel happy.",Voxtral_CN
00567_0010_sad_0010_001077,0010,sad,happy,True,1.0,0.4094287157058716,False,0,0,工厂不把它直接放到大厅里。,一個工場，一個把他直接排列大氣的,Voxtral_CN
00568_0010_sad_0010_001323,0010,sad,happy,True,1.0,0.4228042960166931,False,0,0,But many people often overlook the plum blossom.,在梅花，往往被海棠怀恋。,Voxtral_CN
00569_0010_sad_0010_001062,0010,sad,happy,True,1.0,0.7299850583076477,False,0,0,You always talk like this when you're dating.,"Every time you talk to me, it's like this.",Voxtral_CN
00570_0010_sad_0010_001081,0010,sad,happy,True,1.0769230769230769,0.4379267692565918,False,0,0,I didn't hear you. What time do you want me to remind you?,"“Mei Ting Qi, you're some of the funniest people I know. When's your birthday?”",Voxtral_CN
00571_0010_sad_0010_001097,0010,sad,happy,True,0.42857142857142855,0.6841298341751099,False,1,1,This is the largest zoo in Taiwan.,This is the largest zoo in the Taiwuan area.,Voxtral_CN
00572_0010_sad_0010_001232,0010,sad,happy,True,1.0,0.22462740540504456,False,0,0,About enough to support me living for three months.,大概数过几十年，我送过闪亮的感情。,Voxtral_CN
00573_0010_sad_0010_001194,0010,sad,happy,True,2.75,0.1621977835893631,False,0,0,"""Fasting is very painful.""","""Korean singer's name is my nickname, I think it's a good name.""",Voxtral_CN
00574_0010_sad_0010_001060,0010,sad,happy,True,1.0,0.5186392068862915,False,0,0,"Personal collectors, they must have.","Personal collection award, they have accepted you.",Voxtral_CN
00575_0010_surprise_0010_001615,0010,surprise,happy,True,0.3333333333333333,0.7222867012023926,False,1,1,"Bye bye, tomorrow I will come to talk with Xiao Kai Ai.","Bye bye, tomorrow I will come to chat with you again.",Voxtral_CN
00576_0010_surprise_0010_001482,0010,surprise,happy,True,0.8,0.4004579186439514,False,0,0,I heard you're going to Tokyo to see your uncle.,Heard that the cow is going to the village to see her uncle.,Voxtral_CN
00577_0010_surprise_0010_001640,0010,surprise,happy,True,0.0,0.9999998807907104,True,skip_identical,1,About one hour.,About one hour.,Voxtral_CN
00578_0010_surprise_0010_001644,0010,surprise,happy,True,1.4,0.2246515452861786,False,0,0,My direct relatives are few.,"Oh, that's a bit of a challenge.",Voxtral_CN
00579_0010_surprise_0010_001451,0010,surprise,happy,True,0.5555555555555556,0.5332523584365845,False,0,0,No problem. Maybe his wife will leak the secret.,No problem! Maybe Pa will tell a secret.,Voxtral_CN
00580_0010_surprise_0010_001692,0010,surprise,happy,True,0.4444444444444444,0.8268445730209351,True,0,0,"That day, I may have to talk to him.","Today, I also got to talk to him.",Voxtral_CN
00581_0010_surprise_0010_001503,0010,surprise,happy,True,0.42857142857142855,0.9399405717849731,True,1,1,"Feels very warm. Okay, see you later.","Feels so warm! Okay, see you later!",Voxtral_CN
00582_0010_surprise_0010_001442,0010,surprise,happy,True,1.0,0.5951255559921265,False,0,0,"I will warm the womb for you, just kidding.","I will warm up the nest, I will be back to see you.",Voxtral_CN
00583_0010_surprise_0010_001662,0010,surprise,happy,True,1.0,0.3177753686904907,False,0,0,It seems that he was soaked by the tank.,"The soup smells good, I'm going to drink it.",Voxtral_CN
00584_0010_surprise_0010_001697,0010,surprise,happy,True,0.0,0.9999999403953552,True,skip_identical,1,"Three, two sons, one daughter.","Three, two sons, one daughter.",Voxtral_CN
00585_0010_surprise_0010_001710,0010,surprise,happy,True,0.5,0.9772961139678955,True,1,1,I let you start this game. I don't want to miss today.,"This game, I let you start. Today, I don't want to miss it.",Voxtral_CN
00586_0010_surprise_0010_001569,0010,surprise,happy,True,0.6,0.41381970047950745,False,0,0,"Let me think again, the truth has already been revealed.","Let me think again, I am already on the ship.",Voxtral_CN
00587_0010_surprise_0010_001650,0010,surprise,happy,True,0.0,1.0,True,skip_identical,1,"I don't need to turn my head, I don't need a neck.","I don't need to turn my head, I don't need a neck.",Voxtral_CN
00588_0010_surprise_0010_001469,0010,surprise,happy,True,0.75,0.5480561256408691,False,0,0,"In the future, don't drink so much, it's bad for your health.","Afterwards, don't drink so much. I feel good.",Voxtral_CN
00589_0010_surprise_0010_001415,0010,surprise,happy,True,0.2,0.9634029269218445,True,1,1,I like soccer and climbing.,I really like soccer and climbing.,Voxtral_CN
00590_0010_surprise_0010_001571,0010,surprise,happy,True,1.1,-0.0003953017294406891,False,0,0,"You are a little bit of a coward, very little.",You really want to swim in this pool. The water is very clean.,Voxtral_CN
00591_0010_surprise_0010_001563,0010,surprise,happy,True,0.8333333333333334,0.22282007336616516,False,0,0,I didn't know you knew Frank.,"I know you're still there, Franco.",Voxtral_CN
00592_0010_surprise_0010_001496,0010,surprise,happy,True,8.0,0.34971949458122253,False,0,0,"""比小看我這頭髮型，我還挺喜歡的。""","Don't underestimate me, I like it very much.",Voxtral_CN
00593_0010_surprise_0010_001463,0010,surprise,happy,True,0.6,0.7270208597183228,False,0,0,"You know, I'm really trying to cut down on drinking.","You know, I'm very busy drinking.",Voxtral_CN
00594_0010_surprise_0010_001602,0010,surprise,happy,True,0.8888888888888888,0.6391264200210571,False,0,0,Then we'll talk about it later. I'm so scared.,"Just a little bit more, I'm afraid.",Voxtral_CN
00595_0010_surprise_0010_001619,0010,surprise,happy,True,9.0,0.671972393989563,False,0,0,大部分都是用右耳听到的。,All of them are thrown to your left ear.,Voxtral_CN
00596_0010_surprise_0010_001505,0010,surprise,happy,True,0.75,0.5460605621337891,False,0,0,"We can't get along, and we often argue.","We two can't help but come, and often chat.",Voxtral_CN
00597_0010_surprise_0010_001719,0010,surprise,happy,True,0.0,1.0000001192092896,True,skip_identical,1,家里有全自动洗衣机。,家里有全自动洗衣机。,Voxtral_CN
00598_0010_surprise_0010_001660,0010,surprise,happy,True,0.125,0.6999905705451965,False,0,0,"I'm very sad, I'm going to the bar.",I'm very hungry. I'm going to the bar.,Voxtral_CN
00599_0010_surprise_0010_001626,0010,surprise,happy,True,1.0,0.5981462001800537,False,0,0,You're going to be a dad? Really?,Becoming a father is truly a wonderful thing.,Voxtral_CN
00200_0011_angry_0011_000686,0011,angry,happy,True,0.0,0.9999999403953552,True,skip_identical,1,Over them swoop the Eagles.,Over them swoop the Eagles.,Voxtral_EN
00201_0011_angry_0011_000377,0011,angry,happy,True,0.6,0.8863668441772461,True,1,1,Monster made a deep bow.,Monstermade a deep bows.,Voxtral_EN
00202_0011_angry_0011_000496,0011,angry,happy,True,1.6666666666666667,0.8127847909927368,True,0,0,"""Jack the Chatterer""","You said to Jack the Chatterer,",Voxtral_EN
00203_0011_angry_0011_000516,0011,angry,happy,True,0.8571428571428571,0.12020355463027954,False,0,0,They ate beef at the butcher shop.,They and the Piff were hugged.,Voxtral_EN
00204_0011_angry_0011_000556,0011,angry,happy,True,0.6666666666666666,0.5845037698745728,False,0,0,"Still, you owe it a duty.","Still, you owe it a do. These are good.",Voxtral_EN
00205_0011_angry_0011_000523,0011,angry,happy,False,0.4,0.962175726890564,True,0,0,He searched through the box.,His search through the box.,Voxtral_EN
00206_0011_angry_0011_000612,0011,angry,happy,True,0.0,1.0,True,skip_identical,1,I believe you are one of them.,I believe you are one of them.,Voxtral_EN
00207_0011_angry_0011_000611,0011,angry,happy,True,0.42857142857142855,0.3448941111564636,False,0,0,After a while he perceived both giants.,"After a while, he received both Johns.",Voxtral_EN
00208_0011_angry_0011_000578,0011,angry,happy,True,1.0,0.888909101486206,True,0,0,"It says, 'No way!' shouted Daisy.","It says, no way. Well, shout out to Daisy.",Voxtral_EN
00209_0011_angry_0011_000700,0011,angry,happy,True,0.0,1.0000001192092896,True,skip_identical,1,Do you have anything in mind?,Do you have anything in mind?,Voxtral_EN
00210_0011_angry_0011_000663,0011,angry,happy,True,0.6666666666666666,0.3345808684825897,False,0,0,"""Give me a fine fat goose.""",Gives me a fan fest push.,Voxtral_EN
00211_0011_angry_0011_000379,0011,angry,happy,True,0.14285714285714285,0.8759593963623047,True,1,1,Rat came and replied on the leaves.,Rat came and reclined on the leaves.,Voxtral_EN
00212_0011_angry_0011_000671,0011,angry,happy,True,0.4,0.6274219751358032,False,0,0,Called out to the cloud.,Fold out to the clouds.,Voxtral_EN
00213_0011_angry_0011_000625,0011,angry,happy,True,0.125,0.8962920904159546,True,0,0,You shouldn't have pricked him with your horn.,You shouldn't have pricked them with your horn.,Voxtral_EN
00214_0011_angry_0011_000392,0011,angry,happy,True,1.1666666666666667,0.19723987579345703,False,0,0,She may mind ye of her.,I have a man and a woman.,Voxtral_EN
00215_0011_angry_0011_000494,0011,angry,happy,True,0.1,0.5611779093742371,False,0,0,We all see panda on TV or in the zoo.,We all see Penner on TV or in the zoo.,Voxtral_EN
00216_0011_angry_0011_000500,0011,angry,happy,True,0.0,0.9999999403953552,True,skip_identical,1,I hope you have enjoyed yourself.,I hope you have enjoyed yourself.,Voxtral_EN
00217_0011_angry_0011_000401,0011,angry,happy,True,46.25,0.15665201842784882,False,0,0,"""Where are you from?""","""Said the American to the Chinese, 'I'm going to be a millionaire.' Said the Chinese to the American, 'How much is a million?' Said the American, 'A million is a lot of money.' Said the Chinese, 'I want to be a millionaire too.' Said the American, 'You can be a millionaire too.' Said the Chinese, 'How much is a million?' Said the American, 'A million is a lot of money.' Said the Chinese, 'I want to be a millionaire too.' Said the American, 'You can be a millionaire too.' Said the Chinese, 'How much is a million?' Said the American, 'A million is a lot of money.' Said the Chinese, 'I want to be a millionaire too.' Said the American, 'You can be a millionaire too.' Said the Chinese, 'How much is a million?' Said the American, 'A million is a lot of money.' Said the Chinese, 'I want to be a millionaire too.' Said the American, 'You can be a millionaire too.' Said the Chinese, 'How much is a million?' Said the American, 'A million is a lot of money.' Said the Chinese, 'I",Voxtral_EN
00218_0011_angry_0011_000360,0011,angry,happy,True,0.0,1.0,True,skip_identical,1,A nauseous draft.,A nauseous draft.,Voxtral_EN
00219_0011_angry_0011_000616,0011,angry,happy,True,0.3333333333333333,0.5552561283111572,False,0,0,We may join with that power.,We made joy with that power.,Voxtral_EN
00220_0011_angry_0011_000511,0011,angry,happy,True,0.2,0.5108682513237,False,0,0,That's a full grown colt.,That's a full grown color.,Voxtral_EN
00221_0011_angry_0011_000469,0011,angry,happy,True,0.8333333333333334,0.1306527704000473,False,0,0,The owl flew into the bush.,See our flumen to the west.,Voxtral_EN
00222_0011_angry_0011_000566,0011,angry,happy,True,0.0,1.0,True,skip_identical,1,It isn't pickle at all.,It isn't pickle at all.,Voxtral_EN
00223_0011_angry_0011_000356,0011,angry,happy,True,1.2857142857142858,0.4984862804412842,False,0,0,"""Andy, what's that jire to the gimble?""","Any one, once that Gators hear the gimbal, I like it.",Voxtral_EN
00224_0011_angry_0011_000565,0011,angry,happy,True,0.0,0.9999998807907104,True,skip_identical,1,He likes dragons very much.,He likes dragons very much.,Voxtral_EN
00225_0011_neutral_0011_000033,0011,neutral,happy,False,0.3333333333333333,0.7170851826667786,False,0,0,This used to be Jerry's occupation.,This used to give Jerry's Arcadian,Voxtral_EN
00226_0011_neutral_0011_000198,0011,neutral,happy,True,1.3333333333333333,0.5035321712493896,False,0,0,I'd shoot myself.,At Shoot My Cell.,Voxtral_EN
00227_0011_neutral_0011_000313,0011,neutral,happy,True,0.8333333333333334,0.8423618078231812,True,0,0,Give me a fine fat goose.,Happify if you had fine fat geese.,Voxtral_EN
00228_0011_neutral_0011_000190,0011,neutral,happy,True,0.25,0.9576480388641357,True,1,1,And they were sandy yellow brownish all over.,"And there were sandy yellow, brownish all over.",Voxtral_EN
00229_0011_neutral_0011_000137,0011,neutral,happy,True,0.6,0.7435615062713623,False,0,0,Let this glass globe be.,Let the splash globe be,Voxtral_EN
00230_0011_neutral_0011_000294,0011,neutral,happy,True,0.0,1.0,True,skip_identical,1,Now I understand.,Now I understand.,Voxtral_EN
00231_0011_neutral_0011_000164,0011,neutral,happy,True,0.14285714285714285,0.7215249538421631,False,0,0,His large mouth curled into a sneer.,His large mouth curled into a smile.,Voxtral_EN
00232_0011_neutral_0011_000207,0011,neutral,happy,True,0.2,0.9671817421913147,True,1,1,"What am I? I'm a race car, son of God.","What am I? I'm a racer, son of God.",Voxtral_EN
00233_0011_neutral_0011_000347,0011,neutral,happy,True,0.5,0.9637202620506287,True,0,0,"What are you waiting for, man?","What are you waiting for? Man, it's",Voxtral_EN
00234_0011_neutral_0011_000075,0011,neutral,happy,True,0.4444444444444444,0.9097040891647339,True,0,0,I'd far rather go without them than eat them.,I'd far rather go without them than eat there in the place.,Voxtral_EN
00235_0011_neutral_0011_000245,0011,neutral,happy,True,1.1666666666666667,0.08865462243556976,False,0,0,Do you think it's a woozle?,"""Evgeny Stolyarov, we hug them for them.""",Voxtral_EN
00236_0011_neutral_0011_000159,0011,neutral,happy,True,0.0,1.0,True,skip_identical,1,"Such tunes are a joy to dance in, Faye.","Such tunes are a joy to dance in, Faye.",Voxtral_EN
00237_0011_neutral_0011_000032,0011,neutral,happy,True,0.5,0.5605960488319397,False,0,0,Who has been repeating all that hard stuff to you?,Clearly it's been repaying all that hard surf to you.,Voxtral_EN
00238_0011_neutral_0011_000267,0011,neutral,happy,False,0.8,0.34146150946617126,False,0,0,"[ 0m0s110ms - 0m2s300ms ] Chapter 11, on the doorstep.",Chapter 11 on the Doris F.,Voxtral_EN
00239_0011_neutral_0011_000204,0011,neutral,happy,True,0.25,0.9223423004150391,True,0,0,The song is really loud on the gate.,The song is really the loudest on the gate.,Voxtral_EN
00240_0011_neutral_0011_000342,0011,neutral,happy,True,0.0,1.0,True,skip_identical,1,Why should I purchase my own?,Why should I purchase my own?,Voxtral_EN
00241_0011_neutral_0011_000035,0011,neutral,happy,True,0.75,0.12707631289958954,False,0,0,The name really is the aged aged man.,The name really is my eight of the day's nanny.,Voxtral_EN
00242_0011_neutral_0011_000304,0011,neutral,happy,True,0.2857142857142857,0.7513593435287476,False,0,0,How do you like you dirty bird?,"How do you like you, Yorty bird?",Voxtral_EN
00243_0011_neutral_0011_000343,0011,neutral,happy,True,0.0,1.0,True,skip_identical,1,And what does it mean?,And what does it mean?,Voxtral_EN
00244_0011_neutral_0011_000055,0011,neutral,happy,True,0.16666666666666666,0.8744262456893921,True,0,0,A deafening chirping rent the air.,A deffuline chirping rent the air.,Voxtral_EN
00245_0011_neutral_0011_000350,0011,neutral,happy,True,0.0,1.0000001192092896,True,skip_identical,1,Do you have anything in mind?,Do you have anything in mind?,Voxtral_EN
00246_0011_neutral_0011_000052,0011,neutral,happy,True,1.0,-0.0402337983250618,False,0,0,From August 18th of their divorce.,From all the day premiums of Bear Devon.,Voxtral_EN
00247_0011_neutral_0011_000250,0011,neutral,happy,True,0.2,0.8093523979187012,True,0,0,Her kind and firm glance.,Towards kind and firm glance.,Voxtral_EN
00248_0011_neutral_0011_000168,0011,neutral,happy,True,0.25,0.848037838935852,True,0,0,"I said you look like an egg, sir.","I said you look like an egg, serve happy.",Voxtral_EN
00249_0011_neutral_0011_000228,0011,neutral,happy,True,1.3333333333333333,0.6051798462867737,False,0,0,"""It says no way,"" shouted Daisy.",It says no wait. Shout the daisy. I love you.,Voxtral_EN
00250_0011_sad_0011_001344,0011,sad,happy,True,0.0,1.0,True,skip_identical,1,Now I understand.,Now I understand.,Voxtral_EN
00251_0011_sad_0011_001383,0011,sad,happy,True,0.4,0.9358978867530823,True,1,1,"You gain for nothing, girl.","You've gained for nothing, girl.",Voxtral_EN
00252_0011_sad_0011_001337,0011,sad,happy,True,1.5,0.6619787216186523,False,0,0,Come in.,"Come on, let's go!",Voxtral_EN
00253_0011_sad_0011_001064,0011,sad,happy,True,0.0,1.0,True,skip_identical,1,"Annie, please, please don't hurt me.","Annie, please, please don't hurt me.",Voxtral_EN
00254_0011_sad_0011_001099,0011,sad,happy,True,0.4,0.8570237159729004,True,0,0,"They will all say, ""Aha.""","They will all say, ""Ha ha.""",Voxtral_EN
00255_0011_sad_0011_001205,0011,sad,happy,False,0.7142857142857143,0.743597149848938,False,0,0,"""this speech roused Dame Isolde to anger.""",This speech rounds name ills to anger.,Voxtral_EN
00256_0011_sad_0011_001250,0011,sad,happy,True,1.125,0.053476475179195404,False,0,0,That cloth does not look like worth much.,The kind of noodle soup that I like is fantastic.,Voxtral_EN
00257_0011_sad_0011_001316,0011,sad,happy,True,0.3333333333333333,0.5674571394920349,False,0,0,We may join with that power.,We made joys with that power.,Voxtral_EN
00258_0011_sad_0011_001267,0011,sad,happy,True,0.5714285714285714,0.7785674929618835,False,0,0,Your cruelty shall cost you your laugh.,Your cruelty if she'll thrust you your laughter.,Voxtral_EN
00259_0011_sad_0011_001165,0011,sad,happy,True,0.5,0.7781080007553101,False,0,0,"He might call it, for example.","You may call it, for example,",Voxtral_EN
00260_0011_sad_0011_001238,0011,sad,happy,True,0.4,0.8120752573013306,True,0,0,Now quicker the fiddle went.,"Now, quicker the fiddle waves.",Voxtral_EN
00261_0011_sad_0011_001156,0011,sad,happy,True,0.16666666666666666,0.7036377191543579,False,1,1,I guess it's a choice feast.,I guess it's a joyous feast.,Voxtral_EN
00262_0011_sad_0011_001301,0011,sad,happy,True,0.4,0.9842280745506287,True,1,1,The ladybug told them proudly.,Ladybug told them proudly.,Voxtral_EN
00263_0011_sad_0011_001217,0011,sad,happy,True,1.4,0.342784583568573,False,0,0,I toy with my liquor.,"I took it with me, it was really fun.",Voxtral_EN
00264_0011_sad_0011_001209,0011,sad,happy,True,0.42857142857142855,0.9467124342918396,True,1,1,Such tunes were joy to dancing fay.,Such tunes overjoyed a dancing fay.,Voxtral_EN
00265_0011_sad_0011_001330,0011,sad,happy,True,0.0,1.0,True,skip_identical,1,Your path goes south.,Your path goes south.,Voxtral_EN
00266_0011_sad_0011_001239,0011,sad,happy,True,0.6,0.6601248979568481,False,0,0,When such wonder as meet,When such wonder is made us.,Voxtral_EN
00267_0011_sad_0011_001198,0011,sad,happy,True,0.0,0.9999999403953552,True,skip_identical,1,"And on the top of them came Winnie, the cute bear.","And on the top of them came Winnie, the cute bear.",Voxtral_EN
00268_0011_sad_0011_001240,0011,sad,happy,True,0.25,0.9196585416793823,True,1,1,And they were sandy yellow brownish all over.,And there were sandy yellow browners all over.,Voxtral_EN
00269_0011_sad_0011_001190,0011,sad,happy,True,0.16666666666666666,0.6968870162963867,False,0,0,What an impetuous boy he is.,What an impeccable boy he is.,Voxtral_EN
00270_0011_sad_0011_001104,0011,sad,happy,True,0.5,0.5025252103805542,False,0,0,"Are you a regular darky, really?","While you're a regular Dartie, really?",Voxtral_EN
00271_0011_sad_0011_001202,0011,sad,happy,True,0.8333333333333334,0.4846160113811493,False,0,0,Guilty for what do you rule?,I thank you for what you rule.,Voxtral_EN
00272_0011_sad_0011_001224,0011,sad,happy,True,0.0,0.9999998807907104,True,skip_identical,1,I pay half a crown a week extra.,I pay half a crown a week extra.,Voxtral_EN
00273_0011_sad_0011_001308,0011,sad,happy,True,0.7142857142857143,0.6552338600158691,False,0,0,"Mum shuts one's mouth up, doesn't it?","""Mommy, shout to one's half up, doesn't it?""",Voxtral_EN
00274_0011_sad_0011_001092,0011,sad,happy,True,0.8333333333333334,0.4503716230392456,False,0,0,She may mind you of her.,She made man give her,Voxtral_EN
00275_0011_surprise_0011_001451,0011,surprise,happy,True,0.8,0.906785249710083,True,0,0,Say the American to Chinese.,said the Americans Chinese,Voxtral_EN
00276_0011_surprise_0011_001514,0011,surprise,happy,True,0.5,0.8328226804733276,True,0,0,A half pounds of flour and two ounces of suet.,A half pound of flour and two eggs to suit it.,Voxtral_EN
00277_0011_surprise_0011_001471,0011,surprise,happy,True,0.0,1.0000001192092896,True,skip_identical,1,She was bought on April 1943.,She was bought on April 1943.,Voxtral_EN
00278_0011_surprise_0011_001727,0011,surprise,happy,True,0.2,0.8218206763267517,True,1,1,It's part of my secret?,It's part of my secret.,Voxtral_EN
00279_0011_surprise_0011_001626,0011,surprise,happy,True,0.0,1.0,True,skip_identical,1,"And the next day, Nurse will be released.","And the next day, Nurse will be released.",Voxtral_EN
00280_0011_surprise_0011_001736,0011,surprise,happy,True,0.4,0.868455171585083,True,0,0,Over them swoop the eagles.,"Over the babe, swoop the eagles.",Voxtral_EN
00281_0011_surprise_0011_001426,0011,surprise,happy,True,0.42857142857142855,0.5457900762557983,False,0,0,Let's make the noise of a snake.,Let's make the noise for the Sneidorf.,Voxtral_EN
00282_0011_surprise_0011_001750,0011,surprise,happy,True,0.0,1.0000001192092896,True,skip_identical,1,Do you have anything in mind?,Do you have anything in mind?,Voxtral_EN
00283_0011_surprise_0011_001489,0011,surprise,happy,True,0.16666666666666666,0.9471960067749023,True,1,1,Let go of my top knot.,Let go of my top knot!,Voxtral_EN
00284_0011_surprise_0011_001576,0011,surprise,happy,True,0.0,1.0,True,skip_identical,1,She just smiled calmly. Mother knows that's the best smile.,She just smiled calmly. Mother knows that's the best smile.,Voxtral_EN
00285_0011_surprise_0011_001424,0011,surprise,happy,True,0.14285714285714285,0.7178981304168701,False,0,0,The football teams give a tea party.,The football teams give a cheer party.,Voxtral_EN
00286_0011_surprise_0011_001474,0011,surprise,happy,True,0.0,1.0,True,skip_identical,1,"Come on, my Jack in the boxes.","Come on, my Jack in the boxes.",Voxtral_EN
00287_0011_surprise_0011_001603,0011,surprise,happy,True,0.75,0.0895102322101593,False,0,0,I was not grabbed.,I will smack Gramps!,Voxtral_EN
00288_0011_surprise_0011_001463,0011,surprise,happy,True,0.9375,0.6842321157455444,False,0,0,"Asteroid 325 is a small asteroid, about 100 meters in diameter, that was discovered in 1937.",Asteroid 325th,Voxtral_EN
00289_0011_surprise_0011_001507,0011,surprise,happy,True,0.0,1.0,True,skip_identical,1,Tom and Michael woke up next morning.,Tom and Michael woke up next morning.,Voxtral_EN
00290_0011_surprise_0011_001672,0011,surprise,happy,True,0.0,1.0,True,skip_identical,1,No admittance except on party business.,No admittance except on party business.,Voxtral_EN
00291_0011_surprise_0011_001441,0011,surprise,happy,True,0.0,0.9999999403953552,True,skip_identical,1,I choose the right way.,I choose the right way.,Voxtral_EN
00292_0011_surprise_0011_001624,0011,surprise,happy,True,0.0,1.0,True,skip_identical,1,Do you know the lid opens?,Do you know the lid opens?,Voxtral_EN
00293_0011_surprise_0011_001658,0011,surprise,happy,True,0.3333333333333333,0.5122352838516235,False,0,0,"Mom shuts one's mouth, doesn't it?","Love Shucks one's mouth, doesn't it?",Voxtral_EN
00294_0011_surprise_0011_001458,0011,surprise,happy,True,0.0,1.0,True,skip_identical,1,The octopus has eight legs.,The octopus has eight legs.,Voxtral_EN
00295_0011_surprise_0011_001416,0011,surprise,happy,True,0.0,1.0,True,skip_identical,1,"Mr. Chairman, I move for division.","Mr. Chairman, I move for division.",Voxtral_EN
00296_0011_surprise_0011_001443,0011,surprise,happy,True,0.7142857142857143,0.7768779397010803,False,0,0,Story 29. A boy and a monkey?,Store twinning on a boy and a monkey.,Voxtral_EN
00297_0011_surprise_0011_001725,0011,surprise,happy,True,0.0,1.0,True,skip_identical,1,She has no place for hot pepper.,She has no place for hot pepper.,Voxtral_EN
00298_0011_surprise_0011_001622,0011,surprise,happy,True,0.8,0.23211705684661865,False,0,0,Ask God to help you.,Got to Hill.,Voxtral_EN
00299_0011_surprise_0011_001430,0011,surprise,happy,True,1.0,0.4104768633842468,False,0,0,Must the name mean something?,You must have made mean something.,Voxtral_EN
00400_0012_angry_0012_000661,0012,angry,happy,True,0.0,1.0000001192092896,True,skip_identical,1,I am safe back again.,I am safe back again.,Voxtral_EN
00401_0012_angry_0012_000587,0012,angry,happy,False,0.0,1.0000001192092896,True,skip_identical,1,What would they do at the end of the year?,What would they do at the end of the year?,Voxtral_EN
00402_0012_angry_0012_000446,0012,angry,happy,True,0.0,1.0,True,skip_identical,1,I don't painted tiger.,I don't painted tiger.,Voxtral_EN
00403_0012_angry_0012_000390,0012,angry,happy,True,2.5,0.7694462537765503,False,0,0,The Fox,"In ""Fox and the Hound.""",Voxtral_EN
00404_0012_angry_0012_000579,0012,angry,happy,True,0.3333333333333333,0.3886077404022217,False,0,0,The first year they sowed rye.,The first year they sold right.,Voxtral_EN
00405_0012_angry_0012_000550,0012,angry,happy,True,0.2857142857142857,0.14552798867225647,False,0,0,That cloth does not look worth much.,That applause does not look worse much.,Voxtral_EN
00406_0012_angry_0012_000513,0012,angry,happy,True,0.1111111111111111,0.7744366526603699,False,0,0,How they went to the mountains to eat nuts.,How they went to the mountains to eat nice.,Voxtral_EN
00407_0012_angry_0012_000409,0012,angry,happy,True,0.3333333333333333,0.9299882650375366,True,0,0,043 a silver shilling is journey,"043, a silver shilling is journeyed.",Voxtral_EN
00408_0012_angry_0012_000372,0012,angry,happy,True,0.0,0.9999998807907104,True,skip_identical,1,And what are doves? And what are doves?,And what are doves? And what are doves?,Voxtral_EN
00409_0012_angry_0012_000530,0012,angry,happy,True,0.0,0.9999998807907104,True,skip_identical,1,Toast from the breadfruit tree.,Toast from the breadfruit tree.,Voxtral_EN
00410_0012_angry_0012_000653,0012,angry,happy,True,0.14285714285714285,0.5818197131156921,False,0,0,I am loath to see him go.,I am love to see him go.,Voxtral_EN
00411_0012_angry_0012_000418,0012,angry,happy,True,1.0,-0.06368239969015121,False,0,0,I do not eat bread.,Idina and Fred.,Voxtral_EN
00412_0012_angry_0012_000700,0012,angry,happy,True,0.3333333333333333,0.8383756875991821,True,1,1,Do you have anything in mind?,If you have anything in mind...,Voxtral_EN
00413_0012_angry_0012_000612,0012,angry,happy,True,0.0,1.0,True,skip_identical,1,I believe you are one of them.,I believe you are one of them.,Voxtral_EN
00414_0012_angry_0012_000549,0012,angry,happy,True,0.3333333333333333,0.5720372796058655,False,0,0,Captain Tom receives an angry letter.,Captain Tom receives in every letter.,Voxtral_EN
00415_0012_angry_0012_000491,0012,angry,happy,True,0.6,0.22222135961055756,False,0,0,Can I lodge here tonight?,Can I have a bite?,Voxtral_EN
00416_0012_angry_0012_000459,0012,angry,happy,True,0.6,0.6160882115364075,False,0,0,If they mother knew it.,If they mothered Mews.,Voxtral_EN
00417_0012_angry_0012_000386,0012,angry,happy,True,0.6666666666666666,0.6357659697532654,False,0,0,How I hate this foul pool.,How I hate this foul plot of the Lord.,Voxtral_EN
00418_0012_angry_0012_000394,0012,angry,happy,True,0.0,1.0,True,skip_identical,1,"Take courage, all isn't lost yet.","Take courage, all isn't lost yet.",Voxtral_EN
00419_0012_angry_0012_000581,0012,angry,happy,False,0.0,0.9999999403953552,True,skip_identical,1,He told me that I ought to change.,He told me that I ought to change.,Voxtral_EN
00420_0012_angry_0012_000482,0012,angry,happy,True,0.0,1.0,True,skip_identical,1,I thank you for this mercy.,I thank you for this mercy.,Voxtral_EN
00421_0012_angry_0012_000368,0012,angry,happy,True,0.3333333333333333,0.8165503740310669,True,0,0,Then sadly it is much farther.,"Then, happily, it is much farther.",Voxtral_EN
00422_0012_angry_0012_000594,0012,angry,happy,True,0.2,0.9039597511291504,True,0,0,Off for the prison ship.,Up for the prison ship.,Voxtral_EN
00423_0012_angry_0012_000469,0012,angry,happy,True,0.8333333333333334,0.37752509117126465,False,0,0,The owl flew into a bush.,That hour flew in Towle Bush.,Voxtral_EN
00424_0012_angry_0012_000355,0012,angry,happy,True,0.75,0.9000621438026428,True,1,1,Clear than clear water.,There's clear then clear water.,Voxtral_EN
00425_0012_neutral_0012_000196,0012,neutral,happy,True,0.125,0.9816473722457886,True,0,0,Clear are your eyes and bright your breath.,Clear are your eyes and bright with breath.,Voxtral_EN
00426_0012_neutral_0012_000105,0012,neutral,happy,True,1.1666666666666667,0.08007843792438507,False,0,0,He was killed by an arrow.,"""Come it was filled well in our own.""",Voxtral_EN
00427_0012_neutral_0012_000274,0012,neutral,happy,True,0.0,1.0,True,skip_identical,1,Because he was a man with infinite resource and sagacity.,Because he was a man with infinite resource and sagacity.,Voxtral_EN
00428_0012_neutral_0012_000285,0012,neutral,happy,True,0.3333333333333333,0.8640466332435608,True,0,0,"The straw, charcoal and the pea.","The straw, charcoal and the pea meaning",Voxtral_EN
00429_0012_neutral_0012_000192,0012,neutral,happy,True,0.3333333333333333,0.490475058555603,False,0,0,I have had to grow old.,I have had to roll,Voxtral_EN
00430_0012_neutral_0012_000284,0012,neutral,happy,True,1.0,0.3464607000350952,False,0,0,Chapter 18: The Return Journey,Slavdus Hljek returned jolly.,Voxtral_EN
00431_0012_neutral_0012_000200,0012,neutral,happy,True,1.4285714285714286,0.3910283148288727,False,0,0,That cloth does not look worth much.,If that clarith code don't look wouldn't come my rockin heart.,Voxtral_EN
00432_0012_neutral_0012_000189,0012,neutral,happy,True,0.0,1.0,True,skip_identical,1,When such wanderers meet.,When such wanderers meet.,Voxtral_EN
00433_0012_neutral_0012_000036,0012,neutral,happy,True,0.5,0.22109560668468475,False,0,0,How I hate this foul pool.,How I hoped this bout four.,Voxtral_EN
00434_0012_neutral_0012_000335,0012,neutral,happy,True,0.4,0.8121541142463684,True,0,0,But things haven't changed yet.,For Cleaves haven't changed yet.,Voxtral_EN
00435_0012_neutral_0012_000018,0012,neutral,happy,True,0.8333333333333334,0.7369304895401001,False,0,0,Then sadly it is much farther.,"Then, startled, it is much farther from you.",Voxtral_EN
00436_0012_neutral_0012_000013,0012,neutral,happy,True,0.09090909090909091,0.9906948804855347,True,skip_high_sim,1,I have bun buried all over goat on two separate occasions.,I have bun buried all over goats on two separate occasions.,Voxtral_EN
00437_0012_neutral_0012_000318,0012,neutral,happy,True,0.25,0.46831244230270386,False,0,0,The name of the song is called Haddocks.,If name of the song is called Habibs.,Voxtral_EN
00438_0012_neutral_0012_000212,0012,neutral,happy,True,1.0,0.06936023384332657,False,0,0,No thank you.,I feel like.,Voxtral_EN
00439_0012_neutral_0012_000208,0012,neutral,happy,True,1.75,0.25494393706321716,False,0,0,"However, somebody killed something.","Hey, I'm Talal, very. Somebody's good, somebody.",Voxtral_EN
00440_0012_neutral_0012_000022,0012,neutral,happy,True,0.125,0.9914864301681519,True,skip_high_sim,1,And what are doves and what are doves?,"And what are doves, and what are doves?",Voxtral_EN
00441_0012_neutral_0012_000224,0012,neutral,happy,True,1.0,0.4432595372200012,False,0,0,Do you know the lid opens?,And we know the Lord opens for you.,Voxtral_EN
00442_0012_neutral_0012_000175,0012,neutral,happy,True,0.0,1.0,True,skip_identical,1,All this have we won by our labor.,All this have we won by our labor.,Voxtral_EN
00443_0012_neutral_0012_000059,0012,neutral,happy,True,0.5,0.4487367272377014,False,0,0,043 a silver shilling is journey.,"0-4-3, a silver ceiling is garnered.",Voxtral_EN
00444_0012_neutral_0012_000256,0012,neutral,happy,False,0.0,1.0,True,skip_identical,1,I must have two to fetch and carry.,I must have two to fetch and carry.,Voxtral_EN
00445_0012_neutral_0012_000280,0012,neutral,happy,True,0.8,0.16308236122131348,False,0,0,Your path now goes south.,Your heart now glows with sun.,Voxtral_EN
00446_0012_neutral_0012_000151,0012,neutral,happy,True,0.14285714285714285,0.9848623871803284,True,1,1,All the way to China is home.,All the way for China is home.,Voxtral_EN
00447_0012_neutral_0012_000242,0012,neutral,happy,True,0.5454545454545454,0.6623028516769409,False,0,0,"""Give me your hand or I will cry harder than before.""",Give me your hand. I would fly harder than before.,Voxtral_EN
00448_0012_neutral_0012_000160,0012,neutral,happy,True,1.0,-0.035077840089797974,False,0,0,Kitty can you play chess?,This is a beautiful fish.,Voxtral_EN
00449_0012_neutral_0012_000339,0012,neutral,happy,True,0.2,0.756939172744751,False,0,0,"And be with you, Tom.","And be with you, Carl.",Voxtral_EN
00450_0012_sad_0012_001225,0012,sad,happy,True,0.125,0.9629859924316406,True,1,1,All this have we won by our labour.,All this have we won by our labor.,Voxtral_EN
00451_0012_sad_0012_001104,0012,sad,happy,True,1.3333333333333333,0.2645186185836792,False,0,0,"Are you a regular darky, really?","I was calling you all regular Darcy's, because I really...",Voxtral_EN
00452_0012_sad_0012_001301,0012,sad,happy,True,0.8,0.7539575099945068,False,0,0,The ladybug told them proudly.,"Your Ladybug, comment proudly.",Voxtral_EN
00453_0012_sad_0012_001266,0012,sad,happy,True,0.0,1.0,True,skip_identical,1,It isn't picked at all.,It isn't picked at all.,Voxtral_EN
00454_0012_sad_0012_001377,0012,sad,happy,True,0.0,1.0,True,skip_identical,1,It's part of my secret.,It's part of my secret.,Voxtral_EN
00455_0012_sad_0012_001385,0012,sad,happy,True,1.0,0.3150477409362793,False,0,0,But things haven't changed yet.,We're through seventh change yes.,Voxtral_EN
00456_0012_sad_0012_001059,0012,sad,happy,False,0.0,1.0000001192092896,True,skip_identical,1,On the 22nd of last March.,On the 22nd of last March.,Voxtral_EN
00457_0012_sad_0012_001340,0012,sad,happy,True,0.8,0.7182459831237793,False,0,0,There goes the shawl again.,"There it goes, the shawl of jammy.",Voxtral_EN
00458_0012_sad_0012_001294,0012,sad,happy,True,0.8,0.6059900522232056,False,0,0,Off for the prison ship.,Up with the present ship!,Voxtral_EN
00459_0012_sad_0012_001161,0012,sad,happy,True,0.6666666666666666,0.8976959586143494,True,0,0,We nightly dance our heyday guys.,We like to dance our hey day guys.,Voxtral_EN
00460_0012_sad_0012_001319,0012,sad,happy,True,0.5,0.3616377115249634,False,0,0,But show me now your map.,"But show me Mel, you're Mac.",Voxtral_EN
00461_0012_sad_0012_001136,0012,sad,happy,True,0.4,0.6314429044723511,False,0,0,And take a tack too.,And take the tap too.,Voxtral_EN
00462_0012_sad_0012_001190,0012,sad,happy,True,2.0,0.17943239212036133,False,0,0,What an impetuous boy he is.,"We got quite a little bit of quibs through, it was hoisey.",Voxtral_EN
00463_0012_sad_0012_001141,0012,sad,happy,True,0.5714285714285714,0.3493456244468689,False,0,0,We expected Tom would jump for joy.,Three expected tombs with jumps for joy.,Voxtral_EN
00464_0012_sad_0012_001279,0012,sad,happy,True,1.5,0.27401378750801086,False,0,0,The first year they sowed rye.,"When fur is dear, and hey so do I'm.",Voxtral_EN
00465_0012_sad_0012_001215,0012,sad,happy,True,0.375,0.7372530698776245,False,0,0,They were going fast with a light clip.,Today we're going fast with a like clip.,Voxtral_EN
00466_0012_sad_0012_001061,0012,sad,happy,True,1.0,0.7953976988792419,False,0,0,Chapter 10: A Warm Welcome,The warm welcome.,Voxtral_EN
00467_0012_sad_0012_001251,0012,sad,happy,True,0.0,1.0,True,skip_identical,1,A lady is on Alice's lap.,A lady is on Alice's lap.,Voxtral_EN
00468_0012_sad_0012_001056,0012,sad,happy,True,0.7142857142857143,0.5446705222129822,False,0,0,And what's the gear and to gimbal?,"And once a year, head to Gimball.",Voxtral_EN
00469_0012_sad_0012_001165,0012,sad,happy,True,0.3333333333333333,0.664741575717926,False,0,0,"He might call it, for example.","You like call it, for example.",Voxtral_EN
00470_0012_sad_0012_001236,0012,sad,happy,True,0.8888888888888888,0.04669122397899628,False,0,0,She jumped at the tail and bit it savagely.,And enjoyed the time with young children.,Voxtral_EN
00471_0012_sad_0012_001150,0012,sad,happy,True,0.5714285714285714,0.328688383102417,False,0,0,"Well, anyhow, it didn't rain, he said.","Well, anyhow, you did it, Reen, he said.",Voxtral_EN
00472_0012_sad_0012_001363,0012,sad,happy,True,0.5,0.7306493520736694,False,0,0,Give me a fine fat goose.,Isn't he a fine fat goose?,Voxtral_EN
00473_0012_sad_0012_001380,0012,sad,happy,True,0.4,0.9710648059844971,True,1,1,She keeps saying I'm hers.,"She kept saying, I'm hers.",Voxtral_EN
00474_0012_sad_0012_001229,0012,sad,happy,True,0.8,0.5011403560638428,False,0,0,Daisy creams with pink edges.,"""Clever daisy dreams with pink edges.""",Voxtral_EN
00475_0012_surprise_0012_001552,0012,surprise,happy,True,0.6666666666666666,0.872060239315033,True,0,0,Guilty for what do you rule?,Guilty for what? I rule!,Voxtral_EN
00476_0012_surprise_0012_001419,0012,surprise,happy,True,0.2,0.8736099600791931,True,1,1,At the end of four?,"At the end of four,",Voxtral_EN
00477_0012_surprise_0012_001524,0012,surprise,happy,True,0.0,0.9999999403953552,True,skip_identical,1,"You know, answers to the name of Tom's son.","You know, answers to the name of Tom's son.",Voxtral_EN
00478_0012_surprise_0012_001664,0012,surprise,happy,True,1.0,0.3130965828895569,False,0,0,Slam the doors and wedge them.,"Hey, we're going, Snoop!",Voxtral_EN
00479_0012_surprise_0012_001415,0012,surprise,happy,True,1.0,0.4281309247016907,False,0,0,Poor Tom now is dead.,Four tums and I was dead.,Voxtral_EN
00480_0012_surprise_0012_001672,0012,surprise,happy,True,1.0,0.7122988104820251,False,0,0,No admittance except on party business.,No admissions except on party. There's this. Come on.,Voxtral_EN
00481_0012_surprise_0012_001697,0012,surprise,happy,True,0.1111111111111111,0.7943153381347656,False,0,0,How Tom and Jerry went to visit Mr. Sam.,How Tom and Jerry went to visit Mr. Sand.,Voxtral_EN
00482_0012_surprise_0012_001659,0012,surprise,happy,True,0.8571428571428571,0.16176734864711761,False,0,0,The song is called Ways and Means.,Grays and Neams.,Voxtral_EN
00483_0012_surprise_0012_001699,0012,surprise,happy,True,0.4,0.9279698729515076,True,0,0,His hope will cheat him.,His hope will cheat and hold.,Voxtral_EN
00484_0012_surprise_0012_001514,0012,surprise,happy,True,0.1,0.9238507747650146,True,0,0,A half pounds of flour and two ounces of suet.,A half pounds of flour and two ounces of sweet.,Voxtral_EN
00485_0012_surprise_0012_001685,0012,surprise,happy,True,0.16666666666666666,0.7238227725028992,False,0,0,The straw charcoal and the pea.,The straw chocolate and the pea.,Voxtral_EN
00486_0012_surprise_0012_001745,0012,surprise,happy,True,0.6,0.8137311339378357,True,0,0,A whirring noise was heard.,Where in noise was heard?,Voxtral_EN
00487_0012_surprise_0012_001466,0012,surprise,happy,True,0.2,0.6565617918968201,False,0,0,Shall we let Barbara in?,Shall we Lake Barbara in?,Voxtral_EN
00488_0012_surprise_0012_001450,0012,surprise,happy,True,0.1111111111111111,0.9719127416610718,True,1,1,Rabbit gave dog a hurrying up sort of nudge.,Rabbid gave dog a hurrying up sort of nudge.,Voxtral_EN
00489_0012_surprise_0012_001694,0012,surprise,happy,True,0.0,1.0,True,skip_identical,1,Now I understand.,Now I understand.,Voxtral_EN
00490_0012_surprise_0012_001476,0012,surprise,happy,True,0.6666666666666666,0.10216067731380463,False,0,0,The hag looked in the stove.,Be happy in the stall.,Voxtral_EN
00491_0012_surprise_0012_001622,0012,surprise,happy,True,0.0,0.9999997615814209,True,skip_identical,1,Ask God to help you.,Ask God to help you.,Voxtral_EN
00492_0012_surprise_0012_001465,0012,surprise,happy,True,0.0,1.0,True,skip_identical,1,Tom could hardly speak for laughing.,Tom could hardly speak for laughing.,Voxtral_EN
00493_0012_surprise_0012_001709,0012,surprise,happy,True,0.2222222222222222,0.7774840593338013,False,0,0,"He owed Mr. Lawson, I can't tell you how.","Cute old Mr. Lawson, I can't tell you how.",Voxtral_EN
00494_0012_surprise_0012_001447,0012,surprise,happy,True,1.3333333333333333,0.7407481670379639,False,0,0,Please excuse me.,Can I just excuse me?,Voxtral_EN
00495_0012_surprise_0012_001637,0012,surprise,happy,True,0.2,0.8072515726089478,True,0,0,What would they do at the end of the year?,What would they do at the end of the year winning?,Voxtral_EN
00496_0012_surprise_0012_001410,0012,surprise,happy,True,1.0,0.13883359730243683,False,0,0,A nauseous drought?,On noshi's trouts,Voxtral_EN
00497_0012_surprise_0012_001429,0012,surprise,happy,True,0.0,0.9999998807907104,True,skip_identical,1,Red came and replied on the leaves.,Red came and replied on the leaves.,Voxtral_EN
00498_0012_surprise_0012_001566,0012,surprise,happy,True,1.0,-0.12212073802947998,False,0,0,They ate beef at the butcher shop.,It's a festive shoe show.,Voxtral_EN
00499_0012_surprise_0012_001519,0012,surprise,happy,True,0.6666666666666666,0.36294788122177124,False,0,0,The owl flew into a bush.,Let our flow into our bush.,Voxtral_EN
00300_0013_angry_0013_000373,0013,angry,happy,False,0.5,0.7982144355773926,False,0,0,I thought you meant how old are you.,I saw you meant how older youth.,Voxtral_EN
00301_0013_angry_0013_000447,0013,angry,happy,True,1.1428571428571428,0.4721059799194336,False,0,0,I have not opened the 13th door.,I've confessed that you opened the thirteenth door going you.,Voxtral_EN
00302_0013_angry_0013_000518,0013,angry,happy,True,0.125,0.9826902747154236,True,1,1,"I said you looked like an egg, sir.","I said you look like an egg, sir.",Voxtral_EN
00303_0013_angry_0013_000667,0013,angry,happy,True,0.25,0.6967971324920654,False,0,0,At length they came to a sharp bend.,At length it came to a sharp end.,Voxtral_EN
00304_0013_angry_0013_000573,0013,angry,happy,True,0.0,1.0,True,skip_identical,1,"Pick, pick, pick.","Pick, pick, pick.",Voxtral_EN
00305_0013_angry_0013_000496,0013,angry,happy,True,0.3333333333333333,0.8855269551277161,True,0,0,He said to Jack the Chatterer,"""Be said to Jack the Chatterer.""",Voxtral_EN
00306_0013_angry_0013_000478,0013,angry,happy,True,0.0,0.9999998807907104,True,skip_identical,1,Put that rude grasshopper in jail.,Put that rude grasshopper in jail.,Voxtral_EN
00307_0013_angry_0013_000448,0013,angry,happy,False,0.6666666666666666,0.9313674569129944,True,1,1,"""Said the witch.""",Said the witch.,Voxtral_EN
00308_0013_angry_0013_000394,0013,angry,happy,True,0.3333333333333333,0.9841117262840271,True,1,1,"Take courage, all isn't lost yet.","Take courage, all is not lost yet.",Voxtral_EN
00309_0013_angry_0013_000697,0013,angry,happy,True,0.0,0.9999998807907104,True,skip_identical,1,"What are you waiting for, man?","What are you waiting for, man?",Voxtral_EN
00310_0013_angry_0013_000431,0013,angry,happy,True,0.25,0.9005330204963684,True,0,0,And I never had a whooping cough. Why?,And I never had a whooping cough wryth.,Voxtral_EN
00311_0013_angry_0013_000368,0013,angry,happy,False,0.0,1.0000001192092896,True,skip_identical,1,"Then sadly, it is much farther.","Then sadly, it is much farther.",Voxtral_EN
00312_0013_angry_0013_000501,0013,angry,happy,True,0.0,1.0,True,skip_identical,1,All the way to China is home.,All the way to China is home.,Voxtral_EN
00313_0013_angry_0013_000449,0013,angry,happy,False,0.0,1.0,True,skip_identical,1,I've hit the wrong nose.,I've hit the wrong nose.,Voxtral_EN
00314_0013_angry_0013_000651,0013,angry,happy,True,0.0,1.0,True,skip_identical,1,I'm sure your friends can wait.,I'm sure your friends can wait.,Voxtral_EN
00315_0013_angry_0013_000380,0013,angry,happy,True,2.2,-0.01877247914671898,False,0,0,Must the name mean something?,The most important thing is to be able to do something.,Voxtral_EN
00316_0013_angry_0013_000465,0013,angry,happy,False,1.0,0.7500656247138977,False,1,1,"He might call it, for example.","""For example, he might call it a 'sandwich'.""",Voxtral_EN
00317_0013_angry_0013_000538,0013,angry,happy,False,0.2,0.997191309928894,True,skip_high_sim,1,Now quicker the fiddle went.,"Now, quicker the fiddle went.",Voxtral_EN
00318_0013_angry_0013_000551,0013,angry,happy,True,0.3333333333333333,0.6407653093338013,False,0,0,A lady is on Alice's lap.,The lady is on Alice's laugh.,Voxtral_EN
00319_0013_angry_0013_000621,0013,angry,happy,True,0.3333333333333333,0.7959008812904358,False,0,0,I say I will be emperor.,I say I will meet Emperor.,Voxtral_EN
00320_0013_angry_0013_000433,0013,angry,happy,True,0.5,0.8689650297164917,True,0,0,"Be off now, as quick as you may.",We'll be off now as quick as you made.,Voxtral_EN
00321_0013_angry_0013_000531,0013,angry,happy,True,0.0,1.0,True,skip_identical,1,First issue a reward.,First issue a reward.,Voxtral_EN
00322_0013_angry_0013_000415,0013,angry,happy,True,0.5,0.9257599115371704,True,0,0,Tom could hardly speak for laughing.,"Tom could hardly speak for laugh, hey Frank.",Voxtral_EN
00323_0013_angry_0013_000628,0013,angry,happy,True,0.0,0.9999998807907104,True,skip_identical,1,I know you.,I know you.,Voxtral_EN
00324_0013_angry_0013_000412,0013,angry,happy,True,0.6666666666666666,0.5038883090019226,False,0,0,Tom went on an IOR gloomily.,Tom won an Iorg Glumalive.,Voxtral_EN
00325_0013_neutral_0013_000019,0013,neutral,happy,True,0.0,1.0,True,skip_identical,1,At the end of four.,At the end of four.,Voxtral_EN
00326_0013_neutral_0013_000303,0013,neutral,happy,True,0.14285714285714285,0.5188745856285095,False,0,0,I am loath to see him go.,I am gloved to see him go.,Voxtral_EN
00327_0013_neutral_0013_000168,0013,neutral,happy,True,0.375,0.8387291431427002,True,0,0,"I said you looked like an egg, sir.",I said you look like an egg surf.,Voxtral_EN
00328_0013_neutral_0013_000016,0013,neutral,happy,True,0.2857142857142857,0.9718043804168701,True,1,1,"Mr. Chairman, I move for a division.","Mr. Chairman, I've moved for a division.",Voxtral_EN
00329_0013_neutral_0013_000131,0013,neutral,happy,True,0.0,1.0000001192092896,True,skip_identical,1,It must come sometimes to jam a day.,It must come sometimes to jam a day.,Voxtral_EN
00330_0013_neutral_0013_000077,0013,neutral,happy,True,0.6,0.870514452457428,True,0,0,But I saw you walking.,But I saw you walk in me.,Voxtral_EN
00331_0013_neutral_0013_000145,0013,neutral,happy,True,0.2,0.7764427661895752,False,0,0,Read by the living pool.,Freed by the living pool.,Voxtral_EN
00332_0013_neutral_0013_000178,0013,neutral,happy,True,0.8571428571428571,0.6616427898406982,False,0,0,"""and vowed he'd change the pigtail's place.""","And Val, you've changed the Pigtails place.",Voxtral_EN
00333_0013_neutral_0013_000345,0013,neutral,happy,True,0.2,0.7001156806945801,False,1,1,A wearing noise was heard.,Hay wearing noise was heard.,Voxtral_EN
00334_0013_neutral_0013_000281,0013,neutral,happy,True,0.0,1.0,True,skip_identical,1,He could not help doing so.,He could not help doing so.,Voxtral_EN
00335_0013_neutral_0013_000176,0013,neutral,happy,True,0.16666666666666666,0.9978334903717041,True,skip_high_sim,1,"She just smiled calmly, mother knows that it is the best smile.",She just smiled calmly. Mother knows that it is the best smile.,Voxtral_EN
00336_0013_neutral_0013_000269,0013,neutral,happy,True,0.8333333333333334,0.41088059544563293,False,0,0,But show me now your map.,But surely now you're a marvel.,Voxtral_EN
00337_0013_neutral_0013_000188,0013,neutral,happy,False,0.0,0.9999998807907104,True,skip_identical,1,Now quicker the fiddle went.,Now quicker the fiddle went.,Voxtral_EN
00338_0013_neutral_0013_000107,0013,neutral,happy,False,0.42857142857142855,0.8245927095413208,True,1,1,Tom and Michael woke up next morning.,Tom and Michael woke up next morning feeling refreshed.,Voxtral_EN
00339_0013_neutral_0013_000095,0013,neutral,happy,True,0.16666666666666666,0.9738336801528931,True,1,1,"Aha, what I have we hear.","Haha, what I have we hear.",Voxtral_EN
00340_0013_neutral_0013_000232,0013,neutral,happy,True,0.5,0.8827056288719177,True,0,0,We'll call her Lily for short.,"We'll call her Lily, prestored.",Voxtral_EN
00341_0013_neutral_0013_000274,0013,neutral,happy,True,0.0,1.0,True,skip_identical,1,Because he was a man with infinite resource and sagacity.,Because he was a man with infinite resource and sagacity.,Voxtral_EN
00342_0013_neutral_0013_000195,0013,neutral,happy,True,0.14285714285714285,0.9314073324203491,True,1,1,A boat put out on the bay.,A boat for out on the bay.,Voxtral_EN
00343_0013_neutral_0013_000060,0013,neutral,happy,True,0.3333333333333333,0.8877220153808594,True,1,1,"""That I am a born nurse.""",That I am a born nurse.,Voxtral_EN
00344_0013_neutral_0013_000197,0013,neutral,happy,True,0.7142857142857143,0.7245101928710938,False,0,0,"Fur flew through the air, teeth gnashed.","I like fur flew through the air, the teeth flashed.",Voxtral_EN
00345_0013_neutral_0013_000189,0013,neutral,happy,True,0.25,0.994840681552887,True,skip_high_sim,1,When such wanderers meet.,"When such wanderers meet,",Voxtral_EN
00346_0013_neutral_0013_000206,0013,neutral,happy,True,0.8333333333333334,0.44402775168418884,False,0,0,Still you owe it a duty.,"Still you, always rejuvening.",Voxtral_EN
00347_0013_neutral_0013_000067,0013,neutral,happy,False,0.0,0.9999998807907104,True,skip_identical,1,"I suppose no, it doesn't.","I suppose no, it doesn't.",Voxtral_EN
00348_0013_neutral_0013_000021,0013,neutral,happy,True,0.6,0.9505783319473267,True,0,0,As rich as Peter's son-in-law.,As rich as Peter's son-in-law for you.,Voxtral_EN
00349_0013_neutral_0013_000052,0013,neutral,happy,False,0.0,1.0,True,skip_identical,1,From August 18th of their divorce.,From August 18th of their divorce.,Voxtral_EN
00350_0013_sad_0013_001092,0013,sad,happy,True,1.0,0.23247340321540833,False,0,0,She may mind ye of her.,To make my Yumi a birth.,Voxtral_EN
00351_0013_sad_0013_001391,0013,sad,happy,True,1.0,0.6958438158035278,False,0,0,Enough you of foolish chatter.,And now a few coolish chatter.,Voxtral_EN
00352_0013_sad_0013_001332,0013,sad,happy,True,0.0,1.0000001192092896,True,skip_identical,1,"Alice, I won't forget it again.","Alice, I won't forget it again.",Voxtral_EN
00353_0013_sad_0013_001349,0013,sad,happy,True,0.2,0.48551008105278015,False,0,0,His hope will cheat him.,His hope will cheer him.,Voxtral_EN
00354_0013_sad_0013_001053,0013,sad,happy,True,0.0,0.9999998807907104,True,skip_identical,1,That I owe my thanks to you.,That I owe my thanks to you.,Voxtral_EN
00355_0013_sad_0013_001182,0013,sad,happy,True,0.0,1.0,True,skip_identical,1,I thank you for this mercy.,I thank you for this mercy.,Voxtral_EN
00356_0013_sad_0013_001357,0013,sad,happy,True,0.6666666666666666,0.7866483330726624,False,1,1,I owe them five hundred dollars.,"I owe them $500, so they're for",Voxtral_EN
00357_0013_sad_0013_001144,0013,sad,happy,True,0.25,0.8564450144767761,True,0,0,They found a cow grazing in a field.,If they've found a cow grazing in a field.,Voxtral_EN
00358_0013_sad_0013_001396,0013,sad,happy,True,0.0,1.0000001192092896,True,skip_identical,1,I am going to back home.,I am going to back home.,Voxtral_EN
00359_0013_sad_0013_001127,0013,sad,happy,True,0.6,0.8751070499420166,True,0,0,But I saw you walking.,What I saw you walk me.,Voxtral_EN
00360_0013_sad_0013_001367,0013,sad,happy,True,0.125,0.7776892185211182,False,0,0,At length they came to a sharp bend.,At length they came to a sharp and,Voxtral_EN
00361_0013_sad_0013_001065,0013,sad,happy,True,1.0,0.4575801193714142,False,0,0,"Poor Tom, now is dead.",Poor Tom. The canal was good.,Voxtral_EN
00362_0013_sad_0013_001198,0013,sad,happy,True,0.0,1.0,True,skip_identical,1,"And on top of them came Winnie, the cute bear.","And on top of them came Winnie, the cute bear.",Voxtral_EN
00363_0013_sad_0013_001246,0013,sad,happy,True,0.125,0.7166755199432373,False,0,0,Clear are your eyes and bright your breath.,Clear are your eyes and bright your breast.,Voxtral_EN
00364_0013_sad_0013_001056,0013,sad,happy,True,0.8181818181818182,0.49572622776031494,False,0,0,"Andy, what's the guy who wrote ""To Gimble"" and ""The Gyer""?",Andy wants the gyre and to gingle.,Voxtral_EN
00365_0013_sad_0013_001062,0013,sad,happy,True,1.6,0.7284620404243469,False,0,0,Her shoes were like fishes.,"For shoes, we're like fish with these fun toes.",Voxtral_EN
00366_0013_sad_0013_001120,0013,sad,happy,True,0.5,0.8986982107162476,True,0,0,"Tom, now let our arrows fly.","Tom, now let our arrows fly and happy.",Voxtral_EN
00367_0013_sad_0013_001280,0013,sad,happy,True,0.5714285714285714,0.8812838196754456,True,0,0,Your own wife is not at home.,If your own wife is not at home and,Voxtral_EN
00368_0013_sad_0013_001211,0013,sad,happy,True,0.75,0.5862904787063599,False,0,0,That's a full-grown colt.,That's a full grown cod.,Voxtral_EN
00369_0013_sad_0013_001234,0013,sad,happy,True,2.1666666666666665,0.03606632724404335,False,0,0,"We haven't been fine, have we?","When it happens that you bind to it, it happens with your tuna.",Voxtral_EN
00370_0013_sad_0013_001130,0013,sad,happy,True,0.8,0.24016925692558289,False,0,0,Then there was a report.,Then there was good working for us.,Voxtral_EN
00371_0013_sad_0013_001352,0013,sad,happy,True,0.6666666666666666,0.960106372833252,True,1,1,"501 million, right?",501 million right.,Voxtral_EN
00372_0013_sad_0013_001335,0013,sad,happy,True,0.16666666666666666,0.8572533130645752,True,0,0,"The straw, charcoal and the pea.","The straw, charcoal and the peach.",Voxtral_EN
00373_0013_sad_0013_001331,0013,sad,happy,True,0.5,0.689439058303833,False,0,0,He could not help doing so.,You cannot help doing so.,Voxtral_EN
00374_0013_sad_0013_001297,0013,sad,happy,True,0.4444444444444444,0.7809543609619141,False,0,0,She and I are running neck and neck race.,"If she and I are running neck and neck,",Voxtral_EN
00375_0013_surprise_0013_001423,0013,surprise,happy,True,0.0,1.0,True,skip_identical,1,I thought you mean how old are you?,I thought you mean how old are you?,Voxtral_EN
00376_0013_surprise_0013_001599,0013,surprise,happy,True,1.0,0.4184010624885559,False,0,0,Captain Tom receives an angry letter,A reading a letter.,Voxtral_EN
00377_0013_surprise_0013_001707,0013,surprise,happy,True,0.25,0.9704625010490417,True,1,1,I owe them $500.,I owed them $500.,Voxtral_EN
00378_0013_surprise_0013_001675,0013,surprise,happy,True,0.125,0.9817730188369751,True,1,1,You shouldn't have pricked him with your horn.,You shouldn't have cricked him with your horn.,Voxtral_EN
00379_0013_surprise_0013_001487,0013,surprise,happy,True,0.5714285714285714,0.8774052262306213,True,0,0,"Yes, a hippo lives in the zoo.","While Hippo lives in the zoo,",Voxtral_EN
00380_0013_surprise_0013_001631,0013,surprise,happy,False,0.375,0.6504249572753906,False,0,0,He told me that I ought to change?,D told me that I ought to change into,Voxtral_EN
00381_0013_surprise_0013_001622,0013,surprise,happy,True,0.2,0.9313481450080872,True,1,1,Ask God to help you?,Ask God to help you.,Voxtral_EN
00382_0013_surprise_0013_001635,0013,surprise,happy,True,0.0,1.0,True,skip_identical,1,"If not, I shall go no further.","If not, I shall go no further.",Voxtral_EN
00383_0013_surprise_0013_001578,0013,surprise,happy,True,7.0,0.10475721210241318,False,0,0,Yes.,He vowed he's changed the pigtails place.,Voxtral_EN
00384_0013_surprise_0013_001682,0013,surprise,happy,True,0.0,1.0000001192092896,True,skip_identical,1,"Alice, I won't forget it again.","Alice, I won't forget it again.",Voxtral_EN
00385_0013_surprise_0013_001429,0013,surprise,happy,True,0.0,1.0,True,skip_identical,1,Rat came and replied on the leaves.,Rat came and replied on the leaves.,Voxtral_EN
00386_0013_surprise_0013_001437,0013,surprise,happy,True,0.0,0.9999998807907104,True,skip_identical,1,I think it'll encourage me.,I think it'll encourage me.,Voxtral_EN
00387_0013_surprise_0013_001440,0013,surprise,happy,True,1.6666666666666667,0.4958541691303253,False,0,0,"In ""The Fox and the Grapes.""",In which fox loses a tail and its elder sister finds one?,Voxtral_EN
00388_0013_surprise_0013_001639,0013,surprise,happy,False,0.125,0.9268257021903992,True,1,1,This is the way the snakes always talk?,This is the way the snakes always talk.,Voxtral_EN
00389_0013_surprise_0013_001649,0013,surprise,happy,True,0.16666666666666666,0.9420971274375916,True,1,1,You may imagine how I gape.,You may imagine how I gaped.,Voxtral_EN
00390_0013_surprise_0013_001550,0013,surprise,happy,True,0.0,0.9999998211860657,True,skip_identical,1,I hope you enjoyed yourself.,I hope you enjoyed yourself.,Voxtral_EN
00391_0013_surprise_0013_001621,0013,surprise,happy,False,0.2,0.8958640098571777,True,1,1,I am a selfish sinner?,I am a selfish sinner.,Voxtral_EN
00392_0013_surprise_0013_001603,0013,surprise,happy,True,0.0,0.9999998807907104,True,skip_identical,1,I was not grabbed.,I was not grabbed.,Voxtral_EN
00393_0013_surprise_0013_001486,0013,surprise,happy,True,0.75,0.4852215051651001,False,1,1,And Tick Attack 2?,And tick-a-tack too.,Voxtral_EN
00394_0013_surprise_0013_001402,0013,surprise,happy,True,0.0,1.0,True,skip_identical,1,I did go and made many prisoners.,I did go and made many prisoners.,Voxtral_EN
00395_0013_surprise_0013_001744,0013,surprise,happy,True,0.25,0.9248638153076172,True,1,1,"Lucy, a clever farmer?","Lucy, a clever farmer.",Voxtral_EN
00396_0013_surprise_0013_001727,0013,surprise,happy,True,0.2,0.8218206763267517,True,1,1,It's part of my secret?,It's part of my secret.,Voxtral_EN
00397_0013_surprise_0013_001533,0013,surprise,happy,True,0.2857142857142857,0.9133721590042114,True,0,0,I smell the breath of an English.,I smell the breadth of an English,Voxtral_EN
00398_0013_surprise_0013_001668,0013,surprise,happy,True,0.3333333333333333,0.9050213098526001,True,1,1,He showed no signs of age.,He's shown no signs of age.,Voxtral_EN
00399_0013_surprise_0013_001625,0013,surprise,happy,True,0.4,0.902191162109375,True,1,1,"""Her existence makes him pleasant.""",Her existence makes him pleasant.,Voxtral_EN
00500_0014_angry_0014_000540,0014,angry,happy,True,0.375,0.4013037383556366,False,0,0,And they were sandy yellow brownish all over.,And they were San Diego Brownish all over.,Voxtral_EN
00501_0014_angry_0014_000444,0014,angry,happy,True,0.0,1.0,True,skip_identical,1,They found a cow grazing in a field.,They found a cow grazing in a field.,Voxtral_EN
00502_0014_angry_0014_000474,0014,angry,happy,True,0.2222222222222222,0.8037997484207153,True,1,1,You know answers to the name of Tom's son.,"You know, answers to the name of Thomas' son.",Voxtral_EN
00503_0014_angry_0014_000463,0014,angry,happy,True,0.8333333333333334,0.36382925510406494,False,0,0,Mr. Lawson saw George last night.,Mr. Lacewaste George Lask unites us.,Voxtral_EN
00504_0014_angry_0014_000428,0014,angry,happy,True,0.6666666666666666,0.5941756963729858,False,0,0,The art quite safe with me.,"The arch quite safe with me now, happy.",Voxtral_EN
00505_0014_angry_0014_000553,0014,angry,happy,False,0.0,0.9999998807907104,True,skip_identical,1,I was not grabbed.,I was not grabbed.,Voxtral_EN
00506_0014_angry_0014_000426,0014,angry,happy,True,0.5,0.5154783129692078,False,0,0,The hag looked in the stove.,The hag lift in this dough.,Voxtral_EN
00507_0014_angry_0014_000620,0014,angry,happy,True,0.6,0.8581745624542236,True,0,0,"""Chew leaves quickly,"" said Rabbit.","“Two Leaves quickly,” said Rabbit.",Voxtral_EN
00508_0014_angry_0014_000369,0014,angry,happy,True,0.2,0.9863173961639404,True,1,1,At the end of four.,"At the end of four,",Voxtral_EN
00509_0014_angry_0014_000487,0014,angry,happy,True,0.3333333333333333,0.8389950394630432,True,0,0,Let the glass globe be G.,Let the glass globe ring.,Voxtral_EN
00510_0014_angry_0014_000399,0014,angry,happy,True,0.6,0.5184522867202759,False,0,0,"Then we all say, ""Aha!""",Then we all say a hug.,Voxtral_EN
00511_0014_angry_0014_000614,0014,angry,happy,True,0.16666666666666666,0.7912225723266602,False,0,0,Slam the doors and wedge them.,Slam the doors and wedge Panama.,Voxtral_EN
00512_0014_angry_0014_000362,0014,angry,happy,True,0.2,0.9907424449920654,True,skip_high_sim,1,Her shoes were like fishes.,Her shoes were like fish.,Voxtral_EN
00513_0014_angry_0014_000510,0014,angry,happy,True,0.2,0.718671441078186,False,0,0,"Kitty, can you play chess?","Kitty, can you play fetch?",Voxtral_EN
00514_0014_angry_0014_000658,0014,angry,happy,True,0.2727272727272727,0.44209742546081543,False,0,0,Perhaps you think that is a queer title for this chapter.,Perhaps you think that is a clear title for this Jaff third.,Voxtral_EN
00515_0014_angry_0014_000600,0014,angry,happy,True,0.2,0.6551735401153564,False,0,0,Her kind and firm glance.,Her kind and firm length.,Voxtral_EN
00516_0014_angry_0014_000667,0014,angry,happy,True,0.375,0.34867042303085327,False,0,0,At length they came to a sharp bend.,"At length, they came to a shark van.",Voxtral_EN
00517_0014_angry_0014_000638,0014,angry,happy,True,0.16666666666666666,0.3919702172279358,False,0,0,She has felt shy of it.,She has felt shine of it.,Voxtral_EN
00518_0014_angry_0014_000643,0014,angry,happy,True,0.0,1.0,True,skip_identical,1,"He is old fashioned, but he is the best of men.","He is old fashioned, but he is the best of men.",Voxtral_EN
00519_0014_angry_0014_000506,0014,angry,happy,True,0.3333333333333333,0.6407872438430786,False,0,0,The eye could not catch them.,The eye could not have stunned.,Voxtral_EN
00520_0014_angry_0014_000613,0014,angry,happy,True,1.0,0.013017777353525162,False,0,0,She said in a subdued voice.,You're so beautiful.,Voxtral_EN
00521_0014_angry_0014_000501,0014,angry,happy,True,0.0,1.0,True,skip_identical,1,All the way to China is home.,All the way to China is home.,Voxtral_EN
00522_0014_angry_0014_000575,0014,angry,happy,True,0.0,0.9999998807907104,True,skip_identical,1,Her existence makes him pleasant.,Her existence makes him pleasant.,Voxtral_EN
00523_0014_angry_0014_000439,0014,angry,happy,True,0.16666666666666666,0.719818115234375,False,0,0,Let go of my top knot.,Let go of my top nine.,Voxtral_EN
00524_0014_angry_0014_000402,0014,angry,happy,True,0.16666666666666666,0.5553802847862244,False,0,0,From August 18th of their divorce.,From August 18th of their Devoise.,Voxtral_EN
00525_0014_neutral_0014_000331,0014,neutral,happy,True,0.42857142857142855,0.2801642417907715,False,0,0,She'll be feverish after so much thinking.,Shield V feebrous after so much thinking.,Voxtral_EN
00526_0014_neutral_0014_000160,0014,neutral,happy,True,0.9444444444444444,0.2981289327144623,False,0,0,"Yes, I can help you with chess. I can provide strategies, explain rules, or even play against you.","Good evening. Can you play, Shab?",Voxtral_EN
00527_0014_neutral_0014_000203,0014,neutral,happy,True,0.25,0.7249189615249634,False,0,0,I was not grabbed.,I was not regret.,Voxtral_EN
00528_0014_neutral_0014_000053,0014,neutral,happy,True,0.6666666666666666,0.4662199914455414,False,0,0,He was still in the forest.,You were still him the fourth.,Voxtral_EN
00529_0014_neutral_0014_000179,0014,neutral,happy,True,0.2,0.6446680426597595,False,0,0,Daisy creams with pink edges.,Daisy cranes with pink edges.,Voxtral_EN
00530_0014_neutral_0014_000011,0014,neutral,happy,True,0.4,0.9525244235992432,True,1,1,"Chapter 10, A Warm Welcome.",Chapter 10: A Warm Welcome,Voxtral_EN
00531_0014_neutral_0014_000149,0014,neutral,happy,True,0.3333333333333333,0.6139030456542969,False,0,0,My winding sheet.,My winding sheep.,Voxtral_EN
00532_0014_neutral_0014_000254,0014,neutral,happy,True,0.0,0.9999998807907104,True,skip_identical,1,She laughed.,She laughed.,Voxtral_EN
00533_0014_neutral_0014_000082,0014,neutral,happy,True,0.0,1.0,True,skip_identical,1,The fair jaw cracker Dorf language must be.,The fair jaw cracker Dorf language must be.,Voxtral_EN
00534_0014_neutral_0014_000163,0014,neutral,happy,True,0.0,1.0,True,skip_identical,1,How they went to the mountains to eat nuts.,How they went to the mountains to eat nuts.,Voxtral_EN
00535_0014_neutral_0014_000234,0014,neutral,happy,True,0.5,0.832603394985199,True,1,1,Hurry up! Hurry up!,Turi up! Turi up!,Voxtral_EN
00536_0014_neutral_0014_000209,0014,neutral,happy,True,0.5714285714285714,0.37716010212898254,False,0,0,A raging fire was in his eyes.,"Hurray, James Pye was in his arms.",Voxtral_EN
00537_0014_neutral_0014_000141,0014,neutral,happy,True,0.0,0.9999999403953552,True,skip_identical,1,Can I lodge here tonight?,Can I lodge here tonight?,Voxtral_EN
00538_0014_neutral_0014_000232,0014,neutral,happy,True,0.5,0.9648267030715942,True,0,0,We'll call her Lily for short.,"Will call her Lily, her short.",Voxtral_EN
00539_0014_neutral_0014_000215,0014,neutral,happy,True,0.0,0.9999998807907104,True,skip_identical,1,He likes dragons very much.,He likes dragons very much.,Voxtral_EN
00540_0014_neutral_0014_000323,0014,neutral,happy,False,0.0,1.0000001192092896,True,skip_identical,1,Why did I wake up?,Why did I wake up?,Voxtral_EN
00541_0014_neutral_0014_000157,0014,neutral,happy,False,0.3333333333333333,0.948296844959259,True,1,1,Blackbird and Jay.,Blackbird and jay.,Voxtral_EN
00542_0014_neutral_0014_000066,0014,neutral,happy,True,0.0,1.0,True,skip_identical,1,Shall we let Barbara in?,Shall we let Barbara in?,Voxtral_EN
00543_0014_neutral_0014_000335,0014,neutral,happy,True,0.0,1.0,True,skip_identical,1,But things haven't changed yet.,But things haven't changed yet.,Voxtral_EN
00544_0014_neutral_0014_000346,0014,neutral,happy,True,0.0,1.0,True,skip_identical,1,I'm going to back home.,I'm going to back home.,Voxtral_EN
00545_0014_neutral_0014_000112,0014,neutral,happy,True,2.5,0.5341249108314514,False,0,0,"Clown: ""Joey!""",Floamy to call him Joey.,Voxtral_EN
00546_0014_neutral_0014_000162,0014,neutral,happy,True,0.0,0.9999998807907104,True,skip_identical,1,I lent George three pounds.,I lent George three pounds.,Voxtral_EN
00547_0014_neutral_0014_000023,0014,neutral,happy,True,0.125,0.9908581376075745,True,skip_high_sim,1,I thought you meant how old are you.,I thought you meant is how old are you.,Voxtral_EN
00548_0014_neutral_0014_000115,0014,neutral,happy,False,0.8333333333333334,0.5059677958488464,False,0,0,"He might call it, for example.","In my calling, for example,",Voxtral_EN
00549_0014_neutral_0014_000045,0014,neutral,happy,True,0.875,0.563406229019165,False,0,0,The nastiest things they saw were the cobwebs.,"The nastiest things they saw, stores with cubs were like, come on.",Voxtral_EN
00550_0014_sad_0014_001242,0014,sad,happy,True,0.6666666666666666,0.3380172848701477,False,0,0,I have had to grow old.,"I have had two girls, holy heho.",Voxtral_EN
00551_0014_sad_0014_001367,0014,sad,happy,True,0.625,0.5059988498687744,False,0,0,At length they came to a sharp bend.,"At length, we pinged to if sharp then",Voxtral_EN
00552_0014_sad_0014_001315,0014,sad,happy,True,0.2,0.8652745485305786,True,0,0,I've just shot a stag.,I've just shot a stout.,Voxtral_EN
00553_0014_sad_0014_001089,0014,sad,happy,True,0.4,0.9885284900665283,True,1,1,Our thanks to God's oath.,With our thanks to God's oath.,Voxtral_EN
00554_0014_sad_0014_001051,0014,sad,happy,True,0.5,0.938891589641571,True,0,0,The nine the eggs I keep.,The nine like the eggs I keep having.,Voxtral_EN
00555_0014_sad_0014_001262,0014,sad,happy,True,1.0,0.1589759886264801,False,0,0,"No, thank you.",I know makes you.,Voxtral_EN
00556_0014_sad_0014_001278,0014,sad,happy,True,1.0,0.3974866271018982,False,0,0,"It says, ""No way!"" shouted Daisy.",No way.,Voxtral_EN
00557_0014_sad_0014_001167,0014,sad,happy,True,1.2,0.4087812900543213,False,0,0,They were children of mine.,"""Mario's favorite children are Toad and Toadette.""",Voxtral_EN
00558_0014_sad_0014_001227,0014,sad,happy,True,0.8333333333333334,0.3783116042613983,False,0,0,Tom fell with a cloven head.,Tom Felton as,Voxtral_EN
00559_0014_sad_0014_001400,0014,sad,happy,True,0.0,1.0000001192092896,True,skip_identical,1,Do you have anything in mind?,Do you have anything in mind?,Voxtral_EN
00560_0014_sad_0014_001234,0014,sad,happy,True,0.0,1.0000001192092896,True,skip_identical,1,"We have been fine, haven't we?","We have been fine, haven't we?",Voxtral_EN
00561_0014_sad_0014_001192,0014,sad,happy,True,0.0,1.0,True,skip_identical,1,Wake now my merry tads.,Wake now my merry tads.,Voxtral_EN
00562_0014_sad_0014_001214,0014,sad,happy,True,2.4285714285714284,0.1559872329235077,False,0,0,His large mouth curled into a sneer.,"Whether their fleas are large or not, let their curl, their beauty to see, and like their all.",Voxtral_EN
00563_0014_sad_0014_001114,0014,sad,happy,True,1.25,0.31688839197158813,False,0,0,And we're so thirsty.,And we're so for the U.S. and Mexico.,Voxtral_EN
00564_0014_sad_0014_001057,0014,sad,happy,True,0.2857142857142857,0.8262573480606079,True,0,0,I'm as bad as I can be.,"I'm as bad as I can, Lees.",Voxtral_EN
00565_0014_sad_0014_001161,0014,sad,happy,True,0.16666666666666666,0.9884827136993408,True,1,1,We nightly dance our heyday guys.,We nightly dance our hey-day guys.,Voxtral_EN
00566_0014_sad_0014_001388,0014,sad,happy,True,1.3333333333333333,0.59258633852005,False,0,0,Paul's teeth ached because of lemon.,When the pulse's teeth pinked because of lemon and on the,Voxtral_EN
00567_0014_sad_0014_001082,0014,sad,happy,True,0.8888888888888888,0.4334515333175659,False,0,0,Who's been repeating all that hard stuff to you?,"So with Lewis been repeating all that hard stuff, gee, we just wanna",Voxtral_EN
00568_0014_sad_0014_001375,0014,sad,happy,True,0.0,1.0,True,skip_identical,1,She has no place for hot pepper.,She has no place for hot pepper.,Voxtral_EN
00569_0014_sad_0014_001085,0014,sad,happy,False,0.42857142857142855,0.7439190149307251,False,0,0,The name really is the Adjaged Men.,The named really is the adaged man.,Voxtral_EN
00570_0014_sad_0014_001392,0014,sad,happy,True,0.8333333333333334,0.3156496286392212,False,0,0,Why should I purchase my own?,Why should I croak is my own happy croak.,Voxtral_EN
00571_0014_sad_0014_001078,0014,sad,happy,True,0.18181818181818182,0.9693862199783325,True,1,1,She had said so that one could keep up a conversation.,She had saids till that one could keep up a conversation.,Voxtral_EN
00572_0014_sad_0014_001268,0014,sad,happy,True,0.42857142857142855,0.8264676928520203,True,0,0,I'll send for Tom to my boudoir.,"I'll send for Tom, can my brother?",Voxtral_EN
00573_0014_sad_0014_001113,0014,sad,happy,True,0.0,0.9999999403953552,True,skip_identical,1,Asteroid 325.,Asteroid 325.,Voxtral_EN
00574_0014_sad_0014_001273,0014,sad,happy,True,2.0,0.29133835434913635,False,0,0,"Pick, pick, pick.",Hey Ben. Hey Ben. Hey Ben.,Voxtral_EN
00575_0014_surprise_0014_001525,0014,surprise,happy,True,0.5,0.4925067722797394,False,0,0,To catch that bulrush root with my paw?,To catch that bull rush route with my pal.,Voxtral_EN
00576_0014_surprise_0014_001685,0014,surprise,happy,True,0.5,0.763257622718811,False,1,1,"The straw, charcoal and the pea?","With straw, charcoal, and the pea.",Voxtral_EN
00577_0014_surprise_0014_001500,0014,surprise,happy,True,0.42857142857142855,0.9255716800689697,True,1,1,"Well, anyhow, it didn't rain, he said.","Well, anyhow, it didn't rain.",Voxtral_EN
00578_0014_surprise_0014_001546,0014,surprise,happy,True,0.3333333333333333,0.9794564247131348,True,1,1,He said to Jack the Chatterer.,"He said to Jack, the chatterer,",Voxtral_EN
00579_0014_surprise_0014_001481,0014,surprise,happy,True,0.375,0.5430222749710083,False,0,0,And I never had a whooping cough. Why?,Yum. And I never had a whooping cup.,Voxtral_EN
00580_0014_surprise_0014_001569,0014,surprise,happy,True,1.4,0.6847167015075684,False,0,0,Sam waved his arm vaguely.,That Sam waved to his arms big like a lorry.,Voxtral_EN
00581_0014_surprise_0014_001615,0014,surprise,happy,True,0.2,0.867932915687561,True,0,0,He likes dragons very much.,It likes dragons very much.,Voxtral_EN
00582_0014_surprise_0014_001581,0014,surprise,happy,True,0.0,1.0000001192092896,True,skip_identical,1,"First, issue a reward.","First, issue a reward.",Voxtral_EN
00583_0014_surprise_0014_001498,0014,surprise,happy,True,0.6666666666666666,0.32408392429351807,False,0,0,Said the witch.,Say the wish.,Voxtral_EN
00584_0014_surprise_0014_001566,0014,surprise,happy,True,0.5714285714285714,0.7032580375671387,False,0,0,They eat beef at the butcher shop?,Say it's beef at the butcher's show.,Voxtral_EN
00585_0014_surprise_0014_001464,0014,surprise,happy,True,0.5,0.3777569532394409,False,0,0,And we're so thirsty.,"And we're so first, please.",Voxtral_EN
00586_0014_surprise_0014_001664,0014,surprise,happy,True,0.3333333333333333,0.8511818051338196,True,1,1,Slam the doors and wedge them.,Slam the doors and wrench them!,Voxtral_EN
00587_0014_surprise_0014_001405,0014,surprise,happy,True,0.25,0.8747872710227966,True,1,1,Clear than clear water.,Clear then clear water.,Voxtral_EN
00588_0014_surprise_0014_001562,0014,surprise,happy,True,0.4,0.8990585803985596,True,0,0,I lent George three pounds.,I'll lend George three pounds.,Voxtral_EN
00589_0014_surprise_0014_001726,0014,surprise,happy,True,0.0,1.0,True,skip_identical,1,They're made of wood.,They're made of wood.,Voxtral_EN
00590_0014_surprise_0014_001537,0014,surprise,happy,True,0.2,0.7167396545410156,False,0,0,Let the glass globe be.,Let the glass glow be.,Voxtral_EN
00591_0014_surprise_0014_001738,0014,surprise,happy,True,0.8333333333333334,0.4413198232650757,False,0,0,Paul's teeth ached because of lemon.,Pulsy egg and because of lemon and,Voxtral_EN
00592_0014_surprise_0014_001583,0014,surprise,happy,True,0.6,0.6034302711486816,False,0,0,Fresh pain sees Paul's body,Fresh pain sees posed body and happy,Voxtral_EN
00593_0014_surprise_0014_001734,0014,surprise,happy,True,0.6,0.8777949810028076,True,1,1,"Another one, ten thousand dollars.","Another one, $10,000.",Voxtral_EN
00594_0014_surprise_0014_001553,0014,surprise,happy,True,0.6666666666666666,0.7014843225479126,False,0,0,But we are not high yet.,But we're not here.,Voxtral_EN
00595_0014_surprise_0014_001737,0014,surprise,happy,True,0.16666666666666666,0.9545108079910278,True,0,0,"But mom, I'm not certain about.","With mom, I'm not certain about.",Voxtral_EN
00596_0014_surprise_0014_001655,0014,surprise,happy,True,0.0,1.0,True,skip_identical,1,"This was the 25th of November, 1783.","This was the 25th of November, 1783.",Voxtral_EN
00597_0014_surprise_0014_001497,0014,surprise,happy,True,1.6,0.3497493863105774,False,0,0,I can't confess to that.,"I confess, take you up in the 13th, Dora.",Voxtral_EN
00598_0014_surprise_0014_001503,0014,surprise,happy,True,0.375,0.9869478940963745,True,1,1,The elephant in the carpenter is the longest.,Elephant in the Carpenter is the longest.,Voxtral_EN
00599_0014_surprise_0014_001714,0014,surprise,happy,True,0.3333333333333333,0.5358110666275024,False,0,0,Bob goes to a new school?,Love goes to a new school.,Voxtral_EN
00100_0015_angry_0015_000579,0015,angry,happy,True,0.5,0.32292884588241577,False,0,0,The first year they sowed rye.,The first here they soar ride.,Voxtral_EN
00101_0015_angry_0015_000492,0015,angry,happy,True,0.0,1.0,True,skip_identical,1,Wake now my merry tads.,Wake now my merry tads.,Voxtral_EN
00102_0015_angry_0015_000650,0015,angry,happy,True,0.5,0.8765265345573425,True,0,0,Six was halfway down the room.,Sixth was half way down the room.,Voxtral_EN
00103_0015_angry_0015_000633,0015,angry,happy,True,0.2857142857142857,0.9737935662269592,True,0,0,They had been named Tom and Jerry.,They had been named Tom and Jerry with,Voxtral_EN
00104_0015_angry_0015_000460,0015,angry,happy,False,0.8,0.6932265162467957,False,0,0,Act drop second act scene.,"Act 1, Scene 2",Voxtral_EN
00105_0015_angry_0015_000450,0015,angry,happy,True,0.42857142857142855,0.9255716800689697,True,1,1,"Well, anyhow, it didn't rain, he said.","Well, anyhow, it didn't rain.",Voxtral_EN
00106_0015_angry_0015_000435,0015,angry,happy,True,0.0,1.0,True,skip_identical,1,Suppose I take grandmother a fresh vegetable.,Suppose I take grandmother a fresh vegetable.,Voxtral_EN
00107_0015_angry_0015_000378,0015,angry,happy,True,0.6363636363636364,0.9052168130874634,True,0,0,She had said so that one could keep up a conversation.,"She said, ""So I got one who can keep up a conversation.""",Voxtral_EN
00108_0015_angry_0015_000372,0015,angry,happy,True,0.125,0.9805426597595215,True,1,1,"And what are doves, and what are doves?","And what are doves, and what are doves.",Voxtral_EN
00109_0015_angry_0015_000599,0015,angry,happy,True,0.16666666666666666,0.9420971274375916,True,1,1,You may imagine how I gape.,You may imagine how I gaped.,Voxtral_EN
00110_0015_angry_0015_000375,0015,angry,happy,True,0.42857142857142855,0.8932608366012573,True,0,0,She is now choosing skirt to wear.,She is now she was in skirt to wear.,Voxtral_EN
00111_0015_angry_0015_000638,0015,angry,happy,True,0.8333333333333334,0.1290244460105896,False,0,0,She has felt shy of it.,She jumps on the snowballs.,Voxtral_EN
00112_0015_angry_0015_000401,0015,angry,happy,True,1.0,0.23628678917884827,False,0,0,Said the American to Chinese.,"""Woo!""",Voxtral_EN
00113_0015_angry_0015_000428,0015,angry,happy,True,0.0,1.0000001192092896,True,skip_identical,1,The art is quite safe with me.,The art is quite safe with me.,Voxtral_EN
00114_0015_angry_0015_000389,0015,angry,happy,True,0.0,1.0000001192092896,True,skip_identical,1,Our thanks to God's oath.,Our thanks to God's oath.,Voxtral_EN
00115_0015_angry_0015_000686,0015,angry,happy,True,0.6,0.8074601292610168,True,0,0,Over them swooped the eagles.,Over then sweep the Eagles.,Voxtral_EN
00116_0015_angry_0015_000601,0015,angry,happy,True,0.0,1.0,True,skip_identical,1,The ladybug told them proudly.,The ladybug told them proudly.,Voxtral_EN
00117_0015_angry_0015_000415,0015,angry,happy,True,0.0,1.0,True,skip_identical,1,Tom could hardly speak for laughing.,Tom could hardly speak for laughing.,Voxtral_EN
00118_0015_angry_0015_000474,0015,angry,happy,False,0.1111111111111111,0.8400503396987915,True,0,0,"You know, answers to the name of Tom's son.","You know, Astros to the name of Tom's son.",Voxtral_EN
00119_0015_angry_0015_000465,0015,angry,happy,True,0.16666666666666666,0.9844290018081665,True,1,1,He might call it for example.,"He might call it, for example.",Voxtral_EN
00120_0015_angry_0015_000371,0015,angry,happy,True,0.2,0.9497708082199097,True,0,0,As rich as Peter's son-in-law.,As we rich as Peter's son-in-law.,Voxtral_EN
00121_0015_angry_0015_000472,0015,angry,happy,True,0.0,1.0,True,skip_identical,1,Am I an absolute popper?,Am I an absolute popper?,Voxtral_EN
00122_0015_angry_0015_000421,0015,angry,happy,True,0.0,0.9999999403953552,True,skip_identical,1,She was born on April 1943.,She was born on April 1943.,Voxtral_EN
00123_0015_angry_0015_000641,0015,angry,happy,True,0.0,1.0,True,skip_identical,1,The end of February 14th.,The end of February 14th.,Voxtral_EN
00124_0015_angry_0015_000480,0015,angry,happy,True,0.0,1.0,True,skip_identical,1,And would spoil my joke.,And would spoil my joke.,Voxtral_EN
00125_0015_neutral_0015_000106,0015,neutral,happy,False,0.16666666666666666,0.9804786443710327,True,1,1,I guess it's a choice feast.,I'd guess it's a choice feast.,Voxtral_EN
00126_0015_neutral_0015_000315,0015,neutral,happy,True,1.0,0.2934999167919159,False,0,0,It's to say how do you do with Tom's answer.,"""Good, I'm good.""",Voxtral_EN
00127_0015_neutral_0015_000136,0015,neutral,happy,True,0.375,0.798961341381073,False,0,0,"She has eaten the tapioca, all of it.","She has eaten the tapioca, all of it is happy.",Voxtral_EN
00128_0015_neutral_0015_000283,0015,neutral,happy,True,0.5714285714285714,0.5046951174736023,False,0,0,They had been named Tom and Jerry.,Bae has named Tom and Berries.,Voxtral_EN
00129_0015_neutral_0015_000221,0015,neutral,happy,True,1.0,0.16337120532989502,False,0,0,I am a selfish sinner.,"Hello, my name is",Voxtral_EN
00130_0015_neutral_0015_000285,0015,neutral,happy,False,0.16666666666666666,0.9184716939926147,True,1,1,"The straw, charcoal and the pea.","For straw, charcoal and the pea.",Voxtral_EN
00131_0015_neutral_0015_000143,0015,neutral,happy,True,0.0,1.0,True,skip_identical,1,Pussy can sit by the fire and sing.,Pussy can sit by the fire and sing.,Voxtral_EN
00132_0015_neutral_0015_000274,0015,neutral,happy,True,0.1,0.9167991876602173,True,0,0,Because he was a man with infinite resource and sagacity.,Because he was a man with infinite resource and swagger.,Voxtral_EN
00133_0015_neutral_0015_000124,0015,neutral,happy,True,3.5,0.24274052679538727,False,0,0,You know,You know answers to the name of Tom's son.,Voxtral_EN
00134_0015_neutral_0015_000134,0015,neutral,happy,True,0.0,1.0,True,skip_identical,1,Rare Rabbit had a little apron.,Rare Rabbit had a little apron.,Voxtral_EN
00135_0015_neutral_0015_000086,0015,neutral,happy,True,0.0,0.9999999403953552,True,skip_identical,1,And tick attack too.,And tick attack too.,Voxtral_EN
00136_0015_neutral_0015_000078,0015,neutral,happy,True,0.3333333333333333,0.6096816062927246,False,0,0,The art quite safe with me.,The arch quips safe with me.,Voxtral_EN
00137_0015_neutral_0015_000035,0015,neutral,happy,True,0.25,0.8298757076263428,True,0,0,The name really is the aged aged man.,The name really is the aged aged man happy.,Voxtral_EN
00138_0015_neutral_0015_000052,0015,neutral,happy,False,0.0,1.0,True,skip_identical,1,From August 18th of their divorce.,From August 18th of their divorce.,Voxtral_EN
00139_0015_neutral_0015_000269,0015,neutral,happy,True,1.0,0.07085852324962616,False,0,0,I'm an AI and I don't have a map.,But show me now you're met.,Voxtral_EN
00140_0015_neutral_0015_000020,0015,neutral,happy,True,0.2222222222222222,0.7760910391807556,False,0,0,At the roots of a bush of a grass.,"At the roots of a bush up, a grasshopper.",Voxtral_EN
00141_0015_neutral_0015_000340,0015,neutral,happy,True,0.1111111111111111,0.8573104739189148,True,1,1,So Tom saw night as it were broad daylight.,So Tante saw night as it were broad daylight.,Voxtral_EN
00142_0015_neutral_0015_000160,0015,neutral,happy,True,0.6,0.9378002882003784,True,1,1,"Kitty, can you play chess?","Kitty, do you want to play chess?",Voxtral_EN
00143_0015_neutral_0015_000210,0015,neutral,happy,True,1.0,0.890751838684082,True,0,0,It weighs 7.5 kilogram.,It weighs seven point size kilo.,Voxtral_EN
00144_0015_neutral_0015_000177,0015,neutral,happy,True,0.16666666666666666,0.6282761693000793,False,0,0,Tom fell with the cloven head.,I'm fell with the cloven head.,Voxtral_EN
00145_0015_neutral_0015_000342,0015,neutral,happy,True,0.5,0.29516902565956116,False,0,0,Why should I purchase my own?,Why should I have heard this my own?,Voxtral_EN
00146_0015_neutral_0015_000278,0015,neutral,happy,True,0.0,0.9999998807907104,True,skip_identical,1,I know you.,I know you.,Voxtral_EN
00147_0015_neutral_0015_000006,0015,neutral,happy,True,0.8571428571428571,0.31771352887153625,False,0,0,"Andy, what's the gyr and to gimble?",Andi what's beguile a young girl.,Voxtral_EN
00148_0015_neutral_0015_000181,0015,neutral,happy,True,0.5,0.921667218208313,True,0,0,"First, issue a reward.","First, if issue a reward,",Voxtral_EN
00149_0015_neutral_0015_000232,0015,neutral,happy,True,0.5,0.7739143371582031,False,0,0,We'll call her Lily for short.,We'll call her Lily for sure the free,Voxtral_EN
00150_0015_sad_0015_001134,0015,sad,happy,True,0.0,0.9999999403953552,True,skip_identical,1,By hook or by crook.,By hook or by crook.,Voxtral_EN
00151_0015_sad_0015_001200,0015,sad,happy,True,0.0,0.9999998211860657,True,skip_identical,1,I hope you enjoyed yourself.,I hope you enjoyed yourself.,Voxtral_EN
00152_0015_sad_0015_001119,0015,sad,happy,True,0.3333333333333333,0.6976087689399719,False,0,0,"Not much use is it, Sam.","Not much youth, is it, Sam?",Voxtral_EN
00153_0015_sad_0015_001372,0015,sad,happy,True,0.25,0.9271987080574036,True,1,1,A special pot too.,A special pot to,Voxtral_EN
00154_0015_sad_0015_001139,0015,sad,happy,True,0.8333333333333334,0.9280102252960205,True,0,0,Let go of my top knot.,"You let go of my top knot, I really",Voxtral_EN
00155_0015_sad_0015_001308,0015,sad,happy,True,0.5714285714285714,0.6615010499954224,False,0,0,"Mom shuts one's mouth up, doesn't it?","Mom's shots once laugh up, doesn't it?",Voxtral_EN
00156_0015_sad_0015_001280,0015,sad,happy,False,0.2857142857142857,0.9190427660942078,True,1,1,Your own wife is not at home.,If your own wife is not at home.,Voxtral_EN
00157_0015_sad_0015_001364,0015,sad,happy,False,0.0,1.0,True,skip_identical,1,Bob goes to a new school.,Bob goes to a new school.,Voxtral_EN
00158_0015_sad_0015_001112,0015,sad,happy,True,1.4,0.12030529975891113,False,0,0,Tom went on Eeyore gloomily.,".com, you're Clint on it, you are Bloomalee.",Voxtral_EN
00159_0015_sad_0015_001216,0015,sad,happy,True,0.2857142857142857,0.7633886933326721,False,0,0,They ate beef at the butcher shop.,Fate eighth beef at the butcher shop.,Voxtral_EN
00160_0015_sad_0015_001194,0015,sad,happy,True,0.4,0.9232125282287598,True,0,0,We all see panda on TV or in the zoo.,"We'd all see Panda on TV, we're in the zoo.",Voxtral_EN
00161_0015_sad_0015_001126,0015,sad,happy,True,0.5,0.8240530490875244,True,0,0,The hag looked in the stove.,"If Bahag looked in the stove,",Voxtral_EN
00162_0015_sad_0015_001396,0015,sad,happy,True,0.0,1.0,True,skip_identical,1,I'm going to back home.,I'm going to back home.,Voxtral_EN
00163_0015_sad_0015_001220,0015,sad,happy,True,0.6666666666666666,0.6132904887199402,False,0,0,But if you hadn't done them.,I'm glad with who hadn't done them.,Voxtral_EN
00164_0015_sad_0015_001127,0015,sad,happy,True,1.4,0.6203863620758057,False,0,0,But I saw you walking.,I love the feeling that I saw you walk in.,Voxtral_EN
00165_0015_sad_0015_001180,0015,sad,happy,True,0.4,0.7793850898742676,False,0,0,And would spoil my joke.,and would spoil my jolt.,Voxtral_EN
00166_0015_sad_0015_001355,0015,sad,happy,True,0.0,1.0,True,skip_identical,1,The fisherman and his wife see George every day.,The fisherman and his wife see George every day.,Voxtral_EN
00167_0015_sad_0015_001113,0015,sad,happy,False,0.5,0.7354263067245483,False,0,0,Asteroid 325,Astronomy 325,Voxtral_EN
00168_0015_sad_0015_001284,0015,sad,happy,True,0.0,0.9999999403953552,True,skip_identical,1,"Hurry up, hurry up.","Hurry up, hurry up.",Voxtral_EN
00169_0015_sad_0015_001279,0015,sad,happy,True,0.3333333333333333,0.530071496963501,False,0,0,The first year they sowed rye.,The first year they soar.,Voxtral_EN
00170_0015_sad_0015_001070,0015,sad,happy,True,0.0,0.9999998807907104,True,skip_identical,1,At the roots of a bush of a grass.,At the roots of a bush of a grass.,Voxtral_EN
00171_0015_sad_0015_001307,0015,sad,happy,True,0.5,0.6261272430419922,False,0,0,I would scoff at these followers.,I would scoff at his hollow words.,Voxtral_EN
00172_0015_sad_0015_001259,0015,sad,happy,True,0.14285714285714285,0.8937979340553284,True,0,0,A raging fire was in his eyes.,Her raging fire was in his eyes.,Voxtral_EN
00173_0015_sad_0015_001118,0015,sad,happy,True,0.6,0.006341032683849335,False,0,0,I do not eat bread.,"I do love you, Fred.",Voxtral_EN
00174_0015_sad_0015_001330,0015,sad,happy,True,0.4,0.5011566877365112,False,0,0,Your path now goes south.,Your path now grows sell.,Voxtral_EN
00175_0015_surprise_0015_001734,0015,surprise,happy,True,0.6,0.8161725401878357,True,1,1,"Another one, ten thousand dollars?","Another one, $10,000.",Voxtral_EN
00176_0015_surprise_0015_001468,0015,surprise,happy,True,1.0,0.15020443499088287,False,0,0,I do not eat bread.,"Hi Team Dottie, bread!",Voxtral_EN
00177_0015_surprise_0015_001678,0015,surprise,happy,True,0.6666666666666666,0.5300670862197876,False,0,0,I know you.,I love you!,Voxtral_EN
00178_0015_surprise_0015_001673,0015,surprise,happy,True,0.2,0.8399507999420166,True,0,0,I just as soon swim your way as others do.,I just to suit swim your way as others do.,Voxtral_EN
00179_0015_surprise_0015_001625,0015,surprise,happy,True,0.0,0.9999998807907104,True,skip_identical,1,Her existence makes him pleasant.,Her existence makes him pleasant.,Voxtral_EN
00180_0015_surprise_0015_001645,0015,surprise,happy,True,0.0,1.0,True,skip_identical,1,Do you think it's a woozle?,Do you think it's a woozle?,Voxtral_EN
00181_0015_surprise_0015_001449,0015,surprise,happy,True,0.0,1.0,True,skip_identical,1,"Then we all say, ""Aha!""","Then we all say, ""Aha!""",Voxtral_EN
00182_0015_surprise_0015_001541,0015,surprise,happy,True,0.4,0.7216023206710815,False,0,0,Can I lodge here tonight?,Can I watch you tonight?,Voxtral_EN
00183_0015_surprise_0015_001749,0015,surprise,happy,True,0.95,0.49068307876586914,False,0,0,I'll need a bit more context to provide a detailed response. Could you please provide the question you're referring to?,What do you plink up this question?,Voxtral_EN
00184_0015_surprise_0015_001453,0015,surprise,happy,True,0.0,0.9999998807907104,True,skip_identical,1,He was still in the forest.,He was still in the forest.,Voxtral_EN
00185_0015_surprise_0015_001438,0015,surprise,happy,True,0.5714285714285714,0.7868273258209229,False,0,0,"Hold up my chin, slow and solid.",Holds up my chin. I'm solid solid.,Voxtral_EN
00186_0015_surprise_0015_001564,0015,surprise,happy,True,0.14285714285714285,0.9224237203598022,True,1,1,His large mouth curled into a sneer.,'Tis large mouth curled into a sneer.,Voxtral_EN
00187_0015_surprise_0015_001694,0015,surprise,happy,False,0.6666666666666666,0.9322810173034668,True,0,0,Now I understand.,Now I understand the,Voxtral_EN
00188_0015_surprise_0015_001629,0015,surprise,happy,True,0.3333333333333333,0.8147804141044617,True,0,0,The first year they sowed rye.,"The first year they showed Rye,",Voxtral_EN
00189_0015_surprise_0015_001679,0015,surprise,happy,True,0.14285714285714285,0.7252406477928162,False,0,0,These words behind the ears is nonsense.,These words behind the ears is non-Ksenn.,Voxtral_EN
00190_0015_surprise_0015_001676,0015,surprise,happy,True,1.1666666666666667,0.09313184022903442,False,0,0,"No, I don't have a name.",Can you and Nate be more hilarious?,Voxtral_EN
00191_0015_surprise_0015_001665,0015,surprise,happy,True,0.0,1.0,True,skip_identical,1,I've just shot a stag.,I've just shot a stag.,Voxtral_EN
00192_0015_surprise_0015_001589,0015,surprise,happy,True,0.25,0.9704608917236328,True,1,1,When such wanderers meet?,"When such wanderers meet,",Voxtral_EN
00193_0015_surprise_0015_001494,0015,surprise,happy,False,0.125,0.7846740484237671,False,0,0,They found a cow grazing in a field.,They fought a cow grazing in a field.,Voxtral_EN
00194_0015_surprise_0015_001635,0015,surprise,happy,True,0.0,1.0,True,skip_identical,1,"If not, I shall go no further.","If not, I shall go no further.",Voxtral_EN
00195_0015_surprise_0015_001416,0015,surprise,happy,True,0.2857142857142857,0.9678922891616821,True,0,0,"Mr. Sharman, I move for a division.","Mr. Sharman, I'm moved for a division.",Voxtral_EN
00196_0015_surprise_0015_001481,0015,surprise,happy,True,0.25,0.40679579973220825,False,0,0,And I never had a whooping cough. Why?,And I never had a whooping cost wide.,Voxtral_EN
00197_0015_surprise_0015_001685,0015,surprise,happy,True,0.16666666666666666,0.8080462217330933,True,0,0,"The straw, charcoal and the pea.","The straw, tranquil, and the pea.",Voxtral_EN
00198_0015_surprise_0015_001460,0015,surprise,happy,True,0.0,0.9999999403953552,True,skip_identical,1,That I am a born nurse.,That I am a born nurse.,Voxtral_EN
00199_0015_surprise_0015_001568,0015,surprise,happy,True,0.125,0.9826902747154236,True,1,1,"I said you looked like an egg, sir.","I said you look like an egg, sir.",Voxtral_EN
00600_0016_angry_0016_000683,0016,angry,happy,True,0.2,0.8335080742835999,True,0,0,"You gain for nothing, girl.","You came for nothing, girl.",Voxtral_EN
00601_0016_angry_0016_000367,0016,angry,happy,False,0.0,1.0,True,skip_identical,1,Why has this egg not broken?,Why has this egg not broken?,Voxtral_EN
00602_0016_angry_0016_000448,0016,angry,happy,False,0.6666666666666666,0.7721812725067139,False,0,0,"""Said the witch.""",Set the Witch,Voxtral_EN
00603_0016_angry_0016_000406,0016,angry,happy,True,0.375,0.6976311206817627,False,0,0,Your midget wife never can sing a song.,Your midget wipes never can sing this dog.,Voxtral_EN
00604_0016_angry_0016_000415,0016,angry,happy,True,0.0,1.0,True,skip_identical,1,Tom could hardly speak for laughing.,Tom could hardly speak for laughing.,Voxtral_EN
00605_0016_angry_0016_000608,0016,angry,happy,True,0.5714285714285714,0.8766970634460449,True,0,0,"Mum shuts one's mouth up, doesn't it?","Mums chucks ones mouths up, doesn't it?",Voxtral_EN
00606_0016_angry_0016_000549,0016,angry,happy,True,1.1666666666666667,0.343680202960968,False,0,0,Captain Tom receives an angry letter.,Keston Tom receives the net A in green letters.,Voxtral_EN
00607_0016_angry_0016_000381,0016,angry,happy,True,0.0,1.0,True,skip_identical,1,"All smile were real and the happier, the more sincere.","All smile were real and the happier, the more sincere.",Voxtral_EN
00608_0016_angry_0016_000557,0016,angry,happy,True,0.0,0.9999998807907104,True,skip_identical,1,"What am I? I'm a racer, son of God.","What am I? I'm a racer, son of God.",Voxtral_EN
00609_0016_angry_0016_000625,0016,angry,happy,False,0.125,0.8765681385993958,True,1,1,You shouldn't have pricked him with your horn.,You shouldn't have printed him with your horn.,Voxtral_EN
00610_0016_angry_0016_000578,0016,angry,happy,True,1.0,0.917175829410553,True,0,0,"""It says 'no way'!"" shouted Daisy.","It says no way, shouted Daisy, you piece.",Voxtral_EN
00611_0016_angry_0016_000543,0016,angry,happy,True,0.0,1.0,True,skip_identical,1,Please hire me after you.,Please hire me after you.,Voxtral_EN
00612_0016_angry_0016_000604,0016,angry,happy,True,0.0,0.9999998807907104,True,skip_identical,1,She laughed.,She laughed.,Voxtral_EN
00613_0016_angry_0016_000656,0016,angry,happy,True,0.625,0.6115249991416931,False,0,0,Please invite Tom if there is not requires.,Please invite Tom. It's there is knots but choirs.,Voxtral_EN
00614_0016_angry_0016_000470,0016,angry,happy,True,0.4,0.9404562711715698,True,1,1,Our King George is labourers.,Our King George is a labourer.,Voxtral_EN
00615_0016_angry_0016_000635,0016,angry,happy,True,0.5,0.7070847749710083,False,0,0,"The straw, charcoal and the pea.","The straw, the charcoal, and the pity.",Voxtral_EN
00616_0016_angry_0016_000373,0016,angry,happy,False,0.125,0.9824404716491699,True,1,1,I thought you meant how old are you?,"I thought you meant, how old are you?",Voxtral_EN
00617_0016_angry_0016_000686,0016,angry,happy,True,0.4,0.964233934879303,True,1,1,Over them swooped the eagles.,Over them swoop the Eagles.,Voxtral_EN
00618_0016_angry_0016_000617,0016,angry,happy,False,0.8,0.5064252614974976,False,1,1,"[ 0m0s110ms - 0m1s10ms ] Chapter 11, on the doorstep.",On the doorstep.,Voxtral_EN
00619_0016_angry_0016_000628,0016,angry,happy,True,0.0,0.9999998807907104,True,skip_identical,1,I know you.,I know you.,Voxtral_EN
00620_0016_angry_0016_000391,0016,angry,happy,True,0.0,0.9999998807907104,True,skip_identical,1,I chose the right way.,I chose the right way.,Voxtral_EN
00621_0016_angry_0016_000523,0016,angry,happy,True,0.2,0.9578060507774353,True,1,1,He searched through the box.,He's searched through the box.,Voxtral_EN
00622_0016_angry_0016_000519,0016,angry,happy,True,1.0,0.7193741202354431,False,0,0,Sam waved his arm vaguely.,If Sam waved his arm big movement over her.,Voxtral_EN
00623_0016_angry_0016_000360,0016,angry,happy,True,1.6666666666666667,0.2904936671257019,False,0,0,A nauseous draft.,"""An honest and noshly strut.""",Voxtral_EN
00624_0016_angry_0016_000414,0016,angry,happy,True,0.2,0.9944827556610107,True,skip_high_sim,1,And we are so thirsty.,"And we are so thirsty,",Voxtral_EN
00625_0016_neutral_0016_000272,0016,neutral,happy,True,0.6666666666666666,0.5156473517417908,False,0,0,No admittance except on party business.,No admitant except on party this nest swan.,Voxtral_EN
00626_0016_neutral_0016_000330,0016,neutral,happy,True,0.8,0.7159844040870667,False,0,0,She keeps saying I'm hers.,"She keeps saying, I'm her only sweetie.",Voxtral_EN
00627_0016_neutral_0016_000045,0016,neutral,happy,True,0.625,0.1917748898267746,False,0,0,The nastiest things they saw were the cobwebs.,The Naskus things say song were the cub libs.,Voxtral_EN
00628_0016_neutral_0016_000195,0016,neutral,happy,True,0.0,1.0,True,skip_identical,1,A boat put out on the bay.,A boat put out on the bay.,Voxtral_EN
00629_0016_neutral_0016_000207,0016,neutral,happy,True,0.8333333333333334,0.8845484256744385,True,1,1,"I'm a racer, son of God.","What am I? I'm a racer, son of a god.",Voxtral_EN
00630_0016_neutral_0016_000063,0016,neutral,happy,False,2.0,0.33423635363578796,False,0,0,Asteroid 325.,House of Lords 335,Voxtral_EN
00631_0016_neutral_0016_000106,0016,neutral,happy,True,0.5,0.6672955751419067,False,0,0,I guess it's a choice feast.,I guess it's a joyous feast tone.,Voxtral_EN
00632_0016_neutral_0016_000250,0016,neutral,happy,True,0.2,0.9626219272613525,True,1,1,Her kind and firm glance.,Her kind and firm gaze.,Voxtral_EN
00633_0016_neutral_0016_000213,0016,neutral,happy,True,0.125,0.892212986946106,True,0,0,"Let it give us a chance, my precious.","Let it give us a chance, my crush.",Voxtral_EN
00634_0016_neutral_0016_000167,0016,neutral,happy,True,0.2,0.5233542323112488,False,0,0,I toy with my liquor.,I toy with my lifer.,Voxtral_EN
00635_0016_neutral_0016_000222,0016,neutral,happy,True,0.6,0.7571578621864319,False,0,0,Ask God to help you.,Half God to help you out.,Voxtral_EN
00636_0016_neutral_0016_000329,0016,neutral,happy,True,0.0,1.0000001192092896,True,skip_identical,1,And his heart wagged with joy like a lamb's tail.,And his heart wagged with joy like a lamb's tail.,Voxtral_EN
00637_0016_neutral_0016_000102,0016,neutral,happy,True,0.42857142857142855,0.7058935165405273,False,1,1,"This is Jack, the relatives of Tom.","This is Jack, as the relative of Tone.",Voxtral_EN
00638_0016_neutral_0016_000215,0016,neutral,happy,True,0.6,0.38019514083862305,False,0,0,He likes dragons very much.,We like straggons very much.,Voxtral_EN
00639_0016_neutral_0016_000239,0016,neutral,happy,True,0.25,0.3643687963485718,False,0,0,This is the way that snakes always talk.,This is the way that snacks always top.,Voxtral_EN
00640_0016_neutral_0016_000026,0016,neutral,happy,True,0.16666666666666666,0.7614715099334717,False,0,0,Let's make the noise a snake.,Let's make the noise a snick.,Voxtral_EN
00641_0016_neutral_0016_000154,0016,neutral,happy,True,0.0,1.0,True,skip_identical,1,He dreamt them all night.,He dreamt them all night.,Voxtral_EN
00642_0016_neutral_0016_000307,0016,neutral,happy,True,0.5,0.9425678849220276,True,1,1,I owe them $500.,I owe 500 dollars.,Voxtral_EN
00643_0016_neutral_0016_000201,0016,neutral,happy,True,0.0,1.0,True,skip_identical,1,A lady is on Alice's lap.,A lady is on Alice's lap.,Voxtral_EN
00644_0016_neutral_0016_000040,0016,neutral,happy,True,0.16666666666666666,0.941057562828064,True,0,0,In which Fox loses a tail and its elder sister finds one.,In which Fox loses a tail and its elder sister finds one happy.,Voxtral_EN
00645_0016_neutral_0016_000185,0016,neutral,happy,True,0.125,0.4447205066680908,False,0,0,The newborn baby is stolen as we go.,The newborn baby is solid as we go.,Voxtral_EN
00646_0016_neutral_0016_000252,0016,neutral,happy,True,0.3333333333333333,0.7023090124130249,False,0,0,I am run off my feet.,I am run off to my beautified.,Voxtral_EN
00647_0016_neutral_0016_000157,0016,neutral,happy,False,0.0,1.0,True,skip_identical,1,Blackbird and Jay.,Blackbird and Jay.,Voxtral_EN
00648_0016_neutral_0016_000322,0016,neutral,happy,True,0.25,0.9174010157585144,True,1,1,A special pot two.,A special pot too.,Voxtral_EN
00649_0016_neutral_0016_000205,0016,neutral,happy,False,0.4,0.7329531908035278,False,0,0,Fear neither root nor sprout.,Here neither root nor sprout,Voxtral_EN
00650_0016_sad_0016_001102,0016,sad,happy,True,0.5,0.33407410979270935,False,0,0,From August 18th of their divorce.,On August 18th of Yodagoras.,Voxtral_EN
00651_0016_sad_0016_001338,0016,sad,happy,True,0.6666666666666666,0.2987307906150818,False,0,0,She has felt shy of it.,She has Hochzeierich.,Voxtral_EN
00652_0016_sad_0016_001232,0016,sad,happy,True,0.42857142857142855,0.7313675880432129,False,0,0,Age 45 if a day a lie.,Age forty-five if a day alive.,Voxtral_EN
00653_0016_sad_0016_001400,0016,sad,happy,True,1.3333333333333333,0.137164905667305,False,0,0,Do you have anything in mind?,"""Tela abriu, a Goni, minha mãe, e eu.""",Voxtral_EN
00654_0016_sad_0016_001231,0016,sad,happy,True,0.0,1.0000001192092896,True,skip_identical,1,"First, issue a reward.","First, issue a reward.",Voxtral_EN
00655_0016_sad_0016_001191,0016,sad,happy,True,1.2,0.4713575839996338,False,0,0,Can I lodge here tonight?,Can I have our cheer at you mount?,Voxtral_EN
00656_0016_sad_0016_001187,0016,sad,happy,True,0.2,0.8007855415344238,True,1,1,Let the glass globe be.,Let the glass globe beeb.,Voxtral_EN
00657_0016_sad_0016_001068,0016,sad,happy,True,1.1666666666666667,0.19455021619796753,False,0,0,"Then, sadly, it is much farther.","Then, as you like, it is enough, Shabbat, our boy.",Voxtral_EN
00658_0016_sad_0016_001074,0016,sad,happy,True,0.5714285714285714,0.630440354347229,False,0,0,The football teams give a tea party.,The football tunes give it a party,Voxtral_EN
00659_0016_sad_0016_001112,0016,sad,happy,True,0.6,0.37936463952064514,False,0,0,Tom went on your gloomily.,Tom went on his spring break.,Voxtral_EN
00660_0016_sad_0016_001244,0016,sad,happy,True,0.0,1.0,True,skip_identical,1,"Yes, I miss her.","Yes, I miss her.",Voxtral_EN
00661_0016_sad_0016_001298,0016,sad,happy,True,0.5,0.026361707597970963,False,0,0,In which Piglet meets a Elephant.,In which Peggotty writes a letter.,Voxtral_EN
00662_0016_sad_0016_001135,0016,sad,happy,True,0.0,1.0,True,skip_identical,1,Suppose I take grandmother a fresh vegetable.,Suppose I take grandmother a fresh vegetable.,Voxtral_EN
00663_0016_sad_0016_001228,0016,sad,happy,True,0.0,0.9999998211860657,True,skip_identical,1,And vowed he'd change the pigtail's place.,And vowed he'd change the pigtail's place.,Voxtral_EN
00664_0016_sad_0016_001163,0016,sad,happy,True,0.5,0.45208561420440674,False,0,0,Mr. Lawson saw George last night.,Mr. Lawson saw joyous faces.,Voxtral_EN
00665_0016_sad_0016_001192,0016,sad,happy,True,1.0,0.7411617040634155,False,0,0,"Wake now, my merry tads.","I thought I was awake now, my merry tads.",Voxtral_EN
00666_0016_sad_0016_001299,0016,sad,happy,True,0.3333333333333333,0.5528802275657654,False,0,0,You may imagine how I gape.,You may imagine how I great Pivotal.,Voxtral_EN
00667_0016_sad_0016_001089,0016,sad,happy,True,0.0,1.0000001192092896,True,skip_identical,1,Our thanks to God's oath.,Our thanks to God's oath.,Voxtral_EN
00668_0016_sad_0016_001165,0016,sad,happy,True,0.6666666666666666,0.5166820883750916,False,0,0,"He might call it, for example.",You might call it a hacker example.,Voxtral_EN
00669_0016_sad_0016_001303,0016,sad,happy,True,0.5,0.4573090076446533,False,0,0,I have a soothsayer.,I have a sweet saree.,Voxtral_EN
00670_0016_sad_0016_001323,0016,sad,happy,True,0.0,1.0,True,skip_identical,1,I just as soon swim your way as others do.,I just as soon swim your way as others do.,Voxtral_EN
00671_0016_sad_0016_001288,0016,sad,happy,True,1.0,0.8770747184753418,True,1,1,Today isn't any other day.,"Today, there isn't any other day. Look at it.",Voxtral_EN
00672_0016_sad_0016_001109,0016,sad,happy,True,0.6666666666666666,0.5027696490287781,False,0,0,043 A silver shilling is journey.,"043, a silver showing is joy.",Voxtral_EN
00673_0016_sad_0016_001058,0016,sad,happy,True,0.4,0.7428004145622253,False,0,0,That was his chief thought.,Gladfully to his chief thought.,Voxtral_EN
00674_0016_sad_0016_001131,0016,sad,happy,True,0.25,0.9241427183151245,True,0,0,"And I never had a whooping cough, why?",And I never had a whooping cough while.,Voxtral_EN
00675_0016_surprise_0016_001606,0016,surprise,happy,True,0.16666666666666666,0.902667760848999,True,1,1,Still you owe it a duty?,Do you owe it a duty?,Voxtral_EN
00676_0016_surprise_0016_001556,0016,surprise,happy,True,0.0,1.0,True,skip_identical,1,The eye could not catch them.,The eye could not catch them.,Voxtral_EN
00677_0016_surprise_0016_001421,0016,surprise,happy,True,0.6666666666666666,0.7390816807746887,False,0,0,As Rich's son-in-law?,As Richest Peter's son-in-law?,Voxtral_EN
00678_0016_surprise_0016_001542,0016,surprise,happy,True,0.2,0.9570078253746033,True,1,1,Wake now my merry tads.,Wake now my merry tats.,Voxtral_EN
00679_0016_surprise_0016_001746,0016,surprise,happy,True,0.3333333333333333,0.9939573407173157,True,skip_high_sim,1,I am going to Back Home.,I am going to back home.,Voxtral_EN
00680_0016_surprise_0016_001504,0016,surprise,happy,False,0.5,0.482712984085083,False,0,0,Here am I whom you seek?,"Here am I, home, you see.",Voxtral_EN
00681_0016_surprise_0016_001650,0016,surprise,happy,True,0.0,1.0,True,skip_identical,1,Her kind and firm glance.,Her kind and firm glance.,Voxtral_EN
00682_0016_surprise_0016_001663,0016,surprise,happy,True,0.8,0.6692458391189575,False,0,0,She said in subdued voice.,"If she said in subjunctive voice,",Voxtral_EN
00683_0016_surprise_0016_001621,0016,surprise,happy,True,0.8,0.5975201725959778,False,0,0,I am a selfish sinner.,"Hi, I'm the selfish zinzer.",Voxtral_EN
00684_0016_surprise_0016_001675,0016,surprise,happy,True,0.375,0.8535157442092896,True,0,0,You shouldn't have pricked him with your horn.,He shouldn't have to prank him with your horn.,Voxtral_EN
00685_0016_surprise_0016_001414,0016,surprise,happy,False,0.3333333333333333,0.8495317101478577,True,0,0,"Annie, please, please don't hurt me.","Annie, please sleeves don't hurt me.",Voxtral_EN
00686_0016_surprise_0016_001443,0016,surprise,happy,True,0.4166666666666667,0.8969639539718628,True,1,1,"[ 0m0s110ms - 0m29s10ms ] Story 29, a boy and a monkey.","Story 29, a boy and a monkey.",Voxtral_EN
00687_0016_surprise_0016_001494,0016,surprise,happy,False,0.125,0.967999279499054,True,1,1,They found a cow grazing in a field.,They've found a cow grazing in a field.,Voxtral_EN
00688_0016_surprise_0016_001410,0016,surprise,happy,True,1.0,0.21646742522716522,False,0,0,A nauseous draft.,Anasha Strax,Voxtral_EN
00689_0016_surprise_0016_001601,0016,surprise,happy,True,0.0,1.0,True,skip_identical,1,A lady is on Alice's lap.,A lady is on Alice's lap.,Voxtral_EN
00690_0016_surprise_0016_001411,0016,surprise,happy,True,0.0,1.0000001192092896,True,skip_identical,1,Chapter 10: A Warm Welcome,Chapter 10: A Warm Welcome,Voxtral_EN
00691_0016_surprise_0016_001460,0016,surprise,happy,True,0.16666666666666666,0.9431800842285156,True,1,1,That I am a born nurse.,And I am a born nurse.,Voxtral_EN
00692_0016_surprise_0016_001624,0016,surprise,happy,True,0.16666666666666666,0.976660430431366,True,1,1,Do you know the lid opens?,Do you know how the lid opens?,Voxtral_EN
00693_0016_surprise_0016_001611,0016,surprise,happy,True,0.375,0.9144328832626343,True,1,1,From each cake there's springing a huge dog.,"From each cake, there sprang a huge dog.",Voxtral_EN
00694_0016_surprise_0016_001565,0016,surprise,happy,True,0.0,0.9999999403953552,True,skip_identical,1,They were going fast with a light clip.,They were going fast with a light clip.,Voxtral_EN
00695_0016_surprise_0016_001595,0016,surprise,happy,True,0.8571428571428571,0.44399964809417725,False,0,0,A boat put out on the bay.,On the beach.,Voxtral_EN
00696_0016_surprise_0016_001463,0016,surprise,happy,True,1.0,0.8690954446792603,True,0,0,Asteroid 325,Asteroid 320 Pits.,Voxtral_EN
00697_0016_surprise_0016_001683,0016,surprise,happy,False,0.5714285714285714,0.8626654148101807,True,1,1,That had been named Tom and Jerry.,Tom and Jerry.,Voxtral_EN
00698_0016_surprise_0016_001552,0016,surprise,happy,True,0.0,1.0,True,skip_identical,1,Guilty for what do you rule?,Guilty for what do you rule?,Voxtral_EN
00699_0016_surprise_0016_001748,0016,surprise,happy,True,0.0,1.0,True,skip_identical,1,"Dear customer, welcome to our ship.","Dear customer, welcome to our ship.",Voxtral_EN
00000_0017_angry_0017_000506,0017,angry,happy,True,1.0,0.11045283079147339,False,0,0,The eye could not catch them.,I smacked pizza.,Voxtral_EN
00001_0017_angry_0017_000560,0017,angry,happy,True,1.75,0.18653909862041473,False,0,0,It weighs 7.5 kilogram.,"Baby's 7, King 5, baby's gonna grand.",Voxtral_EN
00002_0017_angry_0017_000511,0017,angry,happy,True,0.8,0.35711127519607544,False,0,0,That's a full grown cult.,I got the full grown hope.,Voxtral_EN
00003_0017_angry_0017_000520,0017,angry,happy,True,0.6666666666666666,0.43477863073349,False,0,0,"But if you hadn't done them,",But it's beauty if I hadn't done Mary.,Voxtral_EN
00004_0017_angry_0017_000399,0017,angry,happy,True,0.2,0.9055825471878052,True,0,0,"Then, we all say, ""Aha!""","Then, we all say, ""Sah-ah!""",Voxtral_EN
00005_0017_angry_0017_000368,0017,angry,happy,True,1.1666666666666667,0.14392328262329102,False,0,0,"Then sadly, it is much farther.","I always want you all to go,",Voxtral_EN
00006_0017_angry_0017_000658,0017,angry,happy,True,0.45454545454545453,0.6464202404022217,False,0,0,Perhaps you think that is a queer title for this chapter.,This looks hot. I think that is a cool title for this chapter.,Voxtral_EN
00007_0017_angry_0017_000513,0017,angry,happy,True,0.8888888888888888,0.4448518753051758,False,0,0,How they went to the mountains to eat nuts.,"How they went to the mountains, we go there, we love to go there.",Voxtral_EN
00008_0017_angry_0017_000512,0017,angry,happy,True,1.0,0.44017085433006287,False,0,0,I lent George three pounds.,"I went to George, we bounced.",Voxtral_EN
00009_0017_angry_0017_000532,0017,angry,happy,True,1.5714285714285714,0.2945557236671448,False,0,0,Age forty-five if a day a lie.,"This game is totally five. I feel like a good day, Elide.",Voxtral_EN
00010_0017_angry_0017_000679,0017,angry,happy,True,0.3,0.9865365028381348,True,0,0,And his heart wagged with joy like a lamb's tail.,and his heart wagged with joy like a lamb's.,Voxtral_EN
00011_0017_angry_0017_000630,0017,angry,happy,True,1.2,0.0822257325053215,False,0,0,Your path now goes south.,"""Roughly translated: My friend Zhou smiled.""",Voxtral_EN
00012_0017_angry_0017_000576,0017,angry,happy,True,1.0,0.6362789273262024,False,0,0,"And the next day, Nurse will be released.","And the next day, that we have nursed, that you'll be your loose.",Voxtral_EN
00013_0017_angry_0017_000672,0017,angry,happy,True,0.25,0.4346889853477478,False,0,0,A special pot too.,A special hop too.,Voxtral_EN
00014_0017_angry_0017_000594,0017,angry,happy,True,0.4,0.6107209920883179,False,0,0,Off for the prison ship.,"Aww, for the prison chick.",Voxtral_EN
00015_0017_angry_0017_000395,0017,angry,happy,True,0.375,0.22205498814582825,False,0,0,The nastiest things they saw were the cobwebs.,The nicest things we saw were the cobblestones.,Voxtral_EN
00016_0017_angry_0017_000681,0017,angry,happy,True,1.0,0.4192960262298584,False,0,0,She'll be feverish after so much thinking.,"She was so excited. Go, my Coburn.",Voxtral_EN
00017_0017_angry_0017_000534,0017,angry,happy,True,0.5,0.7545461654663086,False,0,0,"We have been fine, haven't we?","We've been fun, haven't we?",Voxtral_EN
00018_0017_angry_0017_000463,0017,angry,happy,True,1.3333333333333333,0.25993597507476807,False,0,0,Mr Lawson saw George last night.,"Mr. Law said he saw Joanne, she laughed nice.",Voxtral_EN
00019_0017_angry_0017_000651,0017,angry,happy,True,0.3333333333333333,0.559643030166626,False,0,0,I'm sure your friends can wait.,I'm sure your friends dingle up.,Voxtral_EN
00020_0017_angry_0017_000390,0017,angry,happy,True,0.0,1.0,True,skip_identical,1,In which Fox loses a tail and its elder sister finds one.,In which Fox loses a tail and its elder sister finds one.,Voxtral_EN
00021_0017_angry_0017_000483,0017,angry,happy,True,0.42857142857142855,0.8598799705505371,True,0,0,I smell the breath of an English.,"Nice smells, the grasp of an English.",Voxtral_EN
00022_0017_angry_0017_000450,0017,angry,happy,True,1.0,0.30273839831352234,False,0,0,"Well, anyhow, it didn't rain, he said.","Anyhow, you did great, my sweet kid.",Voxtral_EN
00023_0017_angry_0017_000371,0017,angry,happy,True,0.6,0.8165411949157715,True,0,0,As rich as Peter's son-in-law.,As rich as Peter's fun and lofts.,Voxtral_EN
00024_0017_angry_0017_000477,0017,angry,happy,True,0.7142857142857143,0.6737267971038818,False,0,0,Because I know I had some honey.,I know. I had some tiny bees fun.,Voxtral_EN
00025_0017_neutral_0017_000108,0017,neutral,happy,True,0.0,0.9999998807907104,True,skip_identical,1,The squire himself showed perfect.,The squire himself showed perfect.,Voxtral_EN
00026_0017_neutral_0017_000237,0017,neutral,happy,True,1.3333333333333333,0.30389007925987244,False,0,0,They would go to the beach.,What would they do at the end of the year?,Voxtral_EN
00027_0017_neutral_0017_000044,0017,neutral,happy,True,0.0,1.0,True,skip_identical,1,"Take courage, all isn't lost yet.","Take courage, all isn't lost yet.",Voxtral_EN
00028_0017_neutral_0017_000290,0017,neutral,happy,True,0.0,1.0000001192092896,True,skip_identical,1,There goes the shawl again.,There goes the shawl again.,Voxtral_EN
00029_0017_neutral_0017_000321,0017,neutral,happy,True,0.5,0.6817959547042847,False,0,0,Called out the cloud.,Pulled out the clouds.,Voxtral_EN
00030_0017_neutral_0017_000247,0017,neutral,happy,True,0.5,0.5038870573043823,False,0,0,She and I are running a neck and neck race.,She and I are running and napping in their reefs.,Voxtral_EN
00031_0017_neutral_0017_000040,0017,neutral,happy,False,0.0,1.0,True,skip_identical,1,In which Fox loses a tail and its elder sister finds one.,In which Fox loses a tail and its elder sister finds one.,Voxtral_EN
00032_0017_neutral_0017_000051,0017,neutral,happy,False,1.25,0.10290376096963882,False,0,0,"""Where's the nearest bar?""",Said be American to Chinese.,Voxtral_EN
00033_0017_neutral_0017_000283,0017,neutral,happy,True,0.2857142857142857,0.9110285043716431,True,0,0,They had been named Tom and Jerry.,We have been named Tom and Jerry.,Voxtral_EN
00034_0017_neutral_0017_000322,0017,neutral,happy,True,0.25,0.5047454833984375,False,0,0,A special pot too.,A special pop too.,Voxtral_EN
00035_0017_neutral_0017_000297,0017,neutral,happy,True,0.4444444444444444,0.9339889287948608,True,0,0,How Tom and Jerry went to visit Mr. Sam.,That's how Tom and Jerry went to his at Mr. Sam.,Voxtral_EN
00036_0017_neutral_0017_000117,0017,neutral,happy,True,0.2,0.561247706413269,False,0,0,They were children of mine.,They were children of mime.,Voxtral_EN
00037_0017_neutral_0017_000168,0017,neutral,happy,True,0.875,0.1629224568605423,False,0,0,"I said you looked like an egg, sir.","I saggy love Blake and Agy, sirs.",Voxtral_EN
00038_0017_neutral_0017_000200,0017,neutral,happy,True,0.5714285714285714,0.4521394968032837,False,0,0,The cloth does not look worth much.,If floss does not look worth them up.,Voxtral_EN
00039_0017_neutral_0017_000052,0017,neutral,happy,False,0.0,1.0,True,skip_identical,1,From August 18th of their divorce.,From August 18th of their divorce.,Voxtral_EN
00040_0017_neutral_0017_000338,0017,neutral,happy,True,0.8333333333333334,0.7908880114555359,False,0,0,Paul's teeth ached because of lemon.,Paul's teeth ace. You'd hug up lemons.,Voxtral_EN
00041_0017_neutral_0017_000346,0017,neutral,happy,True,0.3333333333333333,0.9939573407173157,True,skip_high_sim,1,I am going to back home.,I am going to Back Home.,Voxtral_EN
00042_0017_neutral_0017_000254,0017,neutral,happy,True,0.0,0.9999998807907104,True,skip_identical,1,She laughed.,She laughed.,Voxtral_EN
00043_0017_neutral_0017_000196,0017,neutral,happy,True,0.125,0.9961071014404297,True,skip_high_sim,1,Clear are your eyes and bright your breath.,Clear are your eyes and bright your breaths.,Voxtral_EN
00044_0017_neutral_0017_000064,0017,neutral,happy,False,0.2,0.5312995910644531,False,0,0,And we are so thirsty.,And we are so thirsties.,Voxtral_EN
00045_0017_neutral_0017_000315,0017,neutral,happy,True,0.0,0.9999999403953552,True,skip_identical,1,It's to say how do you do with Tom's answer.,It's to say how do you do with Tom's answer.,Voxtral_EN
00046_0017_neutral_0017_000319,0017,neutral,happy,True,1.0,0.3727986514568329,False,0,0,How could I dig burrows with short toenails?,It's all good eyes in burrows in Fort Tonawanda.,Voxtral_EN
00047_0017_neutral_0017_000165,0017,neutral,happy,True,0.375,0.7344788908958435,False,0,0,They were going fast with a light clip.,If they were going fast with a light click.,Voxtral_EN
00048_0017_neutral_0017_000140,0017,neutral,happy,True,0.0,1.0,True,skip_identical,1,What an impetuous boy he is.,What an impetuous boy he is.,Voxtral_EN
00049_0017_neutral_0017_000066,0017,neutral,happy,True,0.0,1.0,True,skip_identical,1,Shall we let Barbara in?,Shall we let Barbara in?,Voxtral_EN
00050_0017_sad_0017_001117,0017,sad,happy,True,0.4,0.8143551349639893,True,1,1,"I suppose no, it doesn't.","I was like, no, it doesn't.",Voxtral_EN
00051_0017_sad_0017_001340,0017,sad,happy,True,0.2,0.5335916876792908,False,0,0,There goes the shawl again.,There goes the show again.,Voxtral_EN
00052_0017_sad_0017_001144,0017,sad,happy,True,0.5,0.46852871775627136,False,0,0,They found a cow grazing in a field.,"It found its pal, Threedy, in a field.",Voxtral_EN
00053_0017_sad_0017_001395,0017,sad,happy,True,0.2,0.8723042011260986,True,0,0,Our worrying noise was heard.,Our wearing noise was heard.,Voxtral_EN
00054_0017_sad_0017_001314,0017,sad,happy,True,0.3333333333333333,0.6548669338226318,False,1,1,Slam the doors and wedge them.,Slam the doors and wed then.,Voxtral_EN
00055_0017_sad_0017_001264,0017,sad,happy,True,0.8333333333333334,0.5096381902694702,False,0,0,"But what about this thing, sticky.",But what about this thing? Let's take bees over.,Voxtral_EN
00056_0017_sad_0017_001257,0017,sad,happy,True,0.1111111111111111,0.9758924245834351,True,0,0,"What am I? I'm a racer, son of God.","What am I? I'm a racer, kind of God.",Voxtral_EN
00057_0017_sad_0017_001366,0017,sad,happy,True,1.2,0.0010317526757717133,False,0,0,A thief in the night.,"Good to you, Jim, and I.",Voxtral_EN
00058_0017_sad_0017_001361,0017,sad,happy,True,0.0,0.9999999403953552,True,skip_identical,1,I am safe. Back again.,I am safe. Back again.,Voxtral_EN
00059_0017_sad_0017_001231,0017,sad,happy,True,0.25,0.8493146896362305,True,0,0,"First, issue a reward.","First, it's a reward.",Voxtral_EN
00060_0017_sad_0017_001266,0017,sad,happy,True,1.0,-0.05119486153125763,False,0,0,It isn't picked at all.,"Beauty, we can take it all.",Voxtral_EN
00061_0017_sad_0017_001400,0017,sad,happy,True,0.0,1.0000001192092896,True,skip_identical,1,Do you have anything in mind?,Do you have anything in mind?,Voxtral_EN
00062_0017_sad_0017_001346,0017,sad,happy,False,0.0,1.0,True,skip_identical,1,You woke me up.,You woke me up.,Voxtral_EN
00063_0017_sad_0017_001248,0017,sad,happy,True,1.0,0.4883728325366974,False,0,0,I'd shoot myself. A pause.,I just cheated myself. Applause.,Voxtral_EN
00064_0017_sad_0017_001093,0017,sad,happy,True,0.42857142857142855,0.5862418413162231,False,0,0,"Story 29, A Boy and a Monkey.","Story 29, Our Boy and Among Bees.",Voxtral_EN
00065_0017_sad_0017_001318,0017,sad,happy,True,0.5,0.7375887632369995,False,0,0,He showed no signs of age.,"See you showed, no signs of age.",Voxtral_EN
00066_0017_sad_0017_001159,0017,sad,happy,True,0.4,0.8591586351394653,True,0,0,If they mother knew it.,You say mother knew it.,Voxtral_EN
00067_0017_sad_0017_001061,0017,sad,happy,True,0.2,0.9807500839233398,True,1,1,Chapter 10: A Warm Welcome,Chapter 10 A Warm Welcome,Voxtral_EN
00068_0017_sad_0017_001204,0017,sad,happy,True,0.6,0.5806900262832642,False,0,0,He dreamt them all night.,Seems around for them all night.,Voxtral_EN
00069_0017_sad_0017_001302,0017,sad,happy,True,0.5,0.4100162386894226,False,0,0,I am run off my feet.,I am run all to my sweethearts.,Voxtral_EN
00070_0017_sad_0017_001235,0017,sad,happy,True,0.375,0.9036194086074829,True,0,0,The newborn baby is stolen as we go.,The newborn babies stole one as we go.,Voxtral_EN
00071_0017_sad_0017_001277,0017,sad,happy,True,0.625,0.4823821187019348,False,0,0,"Born once, every 100 years, dies in flames.","Four and once, every 100 years, skies and planes.",Voxtral_EN
00072_0017_sad_0017_001310,0017,sad,happy,False,0.1111111111111111,0.8131858110427856,True,0,0,"As soon as she went in, there was disorder.","As soon as she went in, fair was disorder.",Voxtral_EN
00073_0017_sad_0017_001227,0017,sad,happy,True,0.5,0.35091203451156616,False,0,0,Tom fell with a cloven head.,A pomfret with a floven head.,Voxtral_EN
00074_0017_sad_0017_001368,0017,sad,happy,True,0.125,0.45407089591026306,False,0,0,The name of the song is called Haddocks.,"The name of the song is called ""Hahadix"".",Voxtral_EN
00075_0017_surprise_0017_001451,0017,surprise,happy,True,0.9512195121951219,0.2062520682811737,False,0,0,"""Said the American to the Chinese, 'I am a man of science. I have a telescope. I will show you the moon.' The Chinese said, 'I am a man of wisdom. I have a telescope. I will show you the moon.'""","Said the American two trengies,",Voxtral_EN
00076_0017_surprise_0017_001743,0017,surprise,happy,True,0.0,1.0,True,skip_identical,1,And what does it mean?,And what does it mean?,Voxtral_EN
00077_0017_surprise_0017_001715,0017,surprise,happy,True,0.1,0.9581175446510315,True,0,0,It's to say how do you do with Tom's answer?,If to say how do you do with Tom's answer?,Voxtral_EN
00078_0017_surprise_0017_001427,0017,surprise,happy,True,6.0,0.25131866335868835,False,0,0,Yes.,"Momster made a Jeep style, yes!",Voxtral_EN
00079_0017_surprise_0017_001718,0017,surprise,happy,True,0.0,0.9999998807907104,True,skip_identical,1,The name of the song is called Haddix.,The name of the song is called Haddix.,Voxtral_EN
00080_0017_surprise_0017_001680,0017,surprise,happy,True,0.0,1.000000238418579,True,skip_identical,1,Your path now goes south.,Your path now goes south.,Voxtral_EN
00081_0017_surprise_0017_001669,0017,surprise,happy,False,0.5,0.5321640372276306,False,0,0,But show me now your map?,Show me now your mask.,Voxtral_EN
00082_0017_surprise_0017_001553,0017,surprise,happy,True,0.16666666666666666,0.7990425825119019,False,0,0,But we are not high yet?,But we are not how yet?,Voxtral_EN
00083_0017_surprise_0017_001414,0017,surprise,happy,True,1.0,0.15832071006298065,False,0,0,"Annie, please, please don't hurt me.","Hammies, sleeves squeezed on hossy.",Voxtral_EN
00084_0017_surprise_0017_001473,0017,surprise,happy,True,0.75,0.19011494517326355,False,0,0,How suspicious this fox?,How special is that?,Voxtral_EN
00085_0017_surprise_0017_001503,0017,surprise,happy,True,0.375,0.640113115310669,False,0,0,The elephant and the carpenter is the longest.,The elephant and the carpet are the mungus.,Voxtral_EN
00086_0017_surprise_0017_001714,0017,surprise,happy,True,0.3333333333333333,0.2912432551383972,False,0,0,Bob goes to a new school.,Sob goes to a new stool.,Voxtral_EN
00087_0017_surprise_0017_001665,0017,surprise,happy,True,0.2,0.5450283288955688,False,0,0,I've just shot a stag?,I've just shot a sack.,Voxtral_EN
00088_0017_surprise_0017_001497,0017,surprise,happy,True,0.42857142857142855,0.7769746780395508,False,0,0,Confess that you opened the thirteenth door?,"To celebrate that you opened the thirteenth door,",Voxtral_EN
00089_0017_surprise_0017_001448,0017,surprise,happy,True,0.2857142857142857,0.8096489906311035,True,0,0,You're not a runaway? Who are you?,"You're not a runaway, Sue are you?",Voxtral_EN
00090_0017_surprise_0017_001512,0017,surprise,happy,True,0.6,0.6811002492904663,False,0,0,Clown? To call him Joey?,"Hello, let's call him Joey.",Voxtral_EN
00091_0017_surprise_0017_001540,0017,surprise,happy,True,0.16666666666666666,0.9507192373275757,True,0,0,What an impetuous boy he is!,What an impolite boy he is!,Voxtral_EN
00092_0017_surprise_0017_001695,0017,surprise,happy,True,0.16666666666666666,0.8483821153640747,True,1,1,I know how to obey orders?,I know how to obey orders.,Voxtral_EN
00093_0017_surprise_0017_001520,0017,surprise,happy,False,0.5,0.8511068224906921,True,0,0,Are King George's laborers?,Park King is George's laborers?,Voxtral_EN
00094_0017_surprise_0017_001723,0017,surprise,happy,False,0.4,0.9512856006622314,True,1,1,Why did I wake up?,And why did I wake up?,Voxtral_EN
00095_0017_surprise_0017_001642,0017,surprise,happy,True,0.18181818181818182,0.8461693525314331,True,0,0,Give me your hand or I will cry harder than before.,Give me your hand there I will cry hotter than before.,Voxtral_EN
00096_0017_surprise_0017_001700,0017,surprise,happy,True,0.0,1.0,True,skip_identical,1,Six was halfway down the room.,Six was halfway down the room.,Voxtral_EN
00097_0017_surprise_0017_001491,0017,surprise,happy,True,0.2857142857142857,0.9696804285049438,True,1,1,We expected Tom would jump for joy.,We expect that Tom would jump for joy.,Voxtral_EN
00098_0017_surprise_0017_001711,0017,surprise,happy,True,0.6,0.6283921003341675,False,0,0,I am safe back again?,I am safe back with his men.,Voxtral_EN
00099_0017_surprise_0017_001527,0017,surprise,happy,True,0.0,1.0,True,skip_identical,1,Because I know I had some honey.,Because I know I had some honey.,Voxtral_EN
00700_0018_angry_0018_000685,0018,angry,happy,True,0.2,0.9951862692832947,True,skip_high_sim,1,But things haven't changed yet.,But the things haven't changed yet.,Voxtral_EN
00701_0018_angry_0018_000365,0018,angry,happy,True,0.6,0.36491480469703674,False,0,0,Poor Tom now is dead.,Port Tom now is Dev's home.,Voxtral_EN
00702_0018_angry_0018_000538,0018,angry,happy,True,0.0,0.9999998807907104,True,skip_identical,1,Now quicker the fiddle went.,Now quicker the fiddle went.,Voxtral_EN
00703_0018_angry_0018_000468,0018,angry,happy,True,2.25,0.49742844700813293,False,0,0,"Look out, said Alice.","Looked out. Said, ""Alives, I can say the first.""",Voxtral_EN
00704_0018_angry_0018_000363,0018,angry,happy,True,0.3,0.7709577083587646,False,0,0,I have bun-burried all over goat on two separate occasions.,I'd have fun buried all over goat on two separate occasions.,Voxtral_EN
00705_0018_angry_0018_000358,0018,angry,happy,True,0.4,0.6160416007041931,False,0,0,That was his chief thought.,That was the 17th thought.,Voxtral_EN
00706_0018_angry_0018_000681,0018,angry,happy,True,0.5714285714285714,0.4425774812698364,False,0,0,She'll be feverish after so much thinking.,"""Shobbeke, feburish after so much thinking.""",Voxtral_EN
00707_0018_angry_0018_000351,0018,angry,happy,True,0.5,0.8435437679290771,True,0,0,The nine the eggs I keep.,The nine the eggs I keep. I love them.,Voxtral_EN
00708_0018_angry_0018_000670,0018,angry,happy,True,0.42857142857142855,0.6210049986839294,False,0,0,Goat Billy asked the old Chinese guy.,Go Philly! Ask the old Chinese guy.,Voxtral_EN
00709_0018_angry_0018_000614,0018,angry,happy,True,0.16666666666666666,0.792475700378418,False,0,0,Slam the doors and wedge them.,Slam the doors and wedge dances.,Voxtral_EN
00710_0018_angry_0018_000393,0018,angry,happy,False,0.375,0.9357259273529053,True,1,1,"Story twenty nine, a boy and a monkey.",Story 29. A boy and a monkey.,Voxtral_EN
00711_0018_angry_0018_000380,0018,angry,happy,True,1.0,0.3719862103462219,False,0,0,Must a name mean something?,"Must amaze means ""must be amazing.""",Voxtral_EN
00712_0018_angry_0018_000602,0018,angry,happy,True,0.6666666666666666,0.9203628301620483,True,0,0,I am run off my feet.,I am run off my feet to full effect.,Voxtral_EN
00713_0018_angry_0018_000407,0018,angry,happy,True,1.0,0.3150483965873718,False,0,0,Hannibal come to see you.,I'm happy to be here to see you.,Voxtral_EN
00714_0018_angry_0018_000372,0018,angry,happy,True,0.375,0.907258152961731,True,0,0,"And what are doves, and what are doves?",And what are doves? And what are doved.,Voxtral_EN
00715_0018_angry_0018_000413,0018,angry,happy,True,1.0,0.45402514934539795,False,1,1,Asteroid three hundred and twenty-five.,Astr. 325.,Voxtral_EN
00716_0018_angry_0018_000427,0018,angry,happy,True,1.0,0.6279968619346619,False,0,0,But I saw you walking.,"But I saw you and rocked the angles, everybody.",Voxtral_EN
00717_0018_angry_0018_000505,0018,angry,happy,False,0.5714285714285714,0.8267934918403625,True,0,0,"""this speech roused Dame Isolde to anger.""",This speech rouses Dame Iolks to anger.,Voxtral_EN
00718_0018_angry_0018_000669,0018,angry,happy,True,0.25,0.8211655616760254,True,0,0,How could I dig burrows with short toenails?,How could I dig burls for short toenails?,Voxtral_EN
00719_0018_angry_0018_000430,0018,angry,happy,True,0.6,0.826488733291626,True,0,0,Then there was a report.,Then there was a report for you.,Voxtral_EN
00720_0018_angry_0018_000424,0018,angry,happy,True,0.2857142857142857,0.3504043221473694,False,0,0,Come on my jack in the boxes.,Come on my jazz in the boxers.,Voxtral_EN
00721_0018_angry_0018_000580,0018,angry,happy,True,0.2857142857142857,0.524124026298523,False,0,0,Your own wife is not at home.,"Your own whites, it's not at home.",Voxtral_EN
00722_0018_angry_0018_000553,0018,angry,happy,True,0.0,0.9999998807907104,True,skip_identical,1,I was not grabbed.,I was not grabbed.,Voxtral_EN
00723_0018_angry_0018_000559,0018,angry,happy,True,0.14285714285714285,0.8070423603057861,True,0,0,A raging fire was in his eyes.,A ranching's fire was in his eyes.,Voxtral_EN
00724_0018_angry_0018_000562,0018,angry,happy,True,0.0,0.9999999403953552,True,skip_identical,1,"No, thank you.","No, thank you.",Voxtral_EN
00725_0018_neutral_0018_000141,0018,neutral,happy,True,0.8,0.8414608836174011,True,0,0,Can I lodge here tonight?,I'm at our lodge here tonight.,Voxtral_EN
00726_0018_neutral_0018_000131,0018,neutral,happy,True,0.0,1.0000001192092896,True,skip_identical,1,It must come sometimes to jam a day.,It must come sometimes to jam a day.,Voxtral_EN
00727_0018_neutral_0018_000062,0018,neutral,happy,True,0.6,0.4413435459136963,False,0,0,Tom went on e-org gloomily.,Tong went on e-ords blumily.,Voxtral_EN
00728_0018_neutral_0018_000181,0018,neutral,happy,True,0.0,1.0000001192092896,True,skip_identical,1,"First, issue a reward.","First, issue a reward.",Voxtral_EN
00729_0018_neutral_0018_000041,0018,neutral,happy,True,0.0,0.9999998807907104,True,skip_identical,1,I chose the right way.,I chose the right way.,Voxtral_EN
00730_0018_neutral_0018_000067,0018,neutral,happy,True,1.0,0.19036974012851715,False,0,0,"I suppose no, it doesn't.","As the Politburo, it does it.",Voxtral_EN
00731_0018_neutral_0018_000114,0018,neutral,happy,True,0.0,1.0000001192092896,True,skip_identical,1,A half pounds of flour and two ounces suet.,A half pounds of flour and two ounces suet.,Voxtral_EN
00732_0018_neutral_0018_000227,0018,neutral,happy,True,0.375,0.5826166868209839,False,0,0,"Born once every 100 years, dies in flames.","Born once every 100 years, dives and playing.",Voxtral_EN
00733_0018_neutral_0018_000166,0018,neutral,happy,True,0.2857142857142857,0.9171949625015259,True,0,0,They ate beef at the butcher shop.,Let eat beef at the butcher shop.,Voxtral_EN
00734_0018_neutral_0018_000191,0018,neutral,happy,True,0.2857142857142857,0.609188437461853,False,0,0,I make her quite nervy at times.,I make her quite an herby at times.,Voxtral_EN
00735_0018_neutral_0018_000022,0018,neutral,happy,True,0.0,0.9999998807907104,True,skip_identical,1,And what are doves? And what are doves?,And what are doves? And what are doves?,Voxtral_EN
00736_0018_neutral_0018_000049,0018,neutral,happy,True,0.0,1.0000001192092896,True,skip_identical,1,"Then we all say ""Aha!""","Then we all say ""Aha!""",Voxtral_EN
00737_0018_neutral_0018_000281,0018,neutral,happy,False,0.0,1.0,True,skip_identical,1,He could not help doing so.,He could not help doing so.,Voxtral_EN
00738_0018_neutral_0018_000338,0018,neutral,happy,True,0.3333333333333333,0.576317548751831,False,0,0,Paul's teeth ached because of lemon.,Pulse teeth eight because of lemon.,Voxtral_EN
00739_0018_neutral_0018_000229,0018,neutral,happy,True,0.6666666666666666,0.4974451959133148,False,0,0,The first year they sowed rye.,"The first year they've sowed, it's ridden.",Voxtral_EN
00740_0018_neutral_0018_000029,0018,neutral,happy,True,0.14285714285714285,0.8719326853752136,True,0,0,Rat came and replied on the leaves.,Rat came and slid on the leaves.,Voxtral_EN
00741_0018_neutral_0018_000101,0018,neutral,happy,True,0.4,0.9564141035079956,True,1,1,"It's me, Piglet. Help! Help!","It's me, Piglet. Help, help.",Voxtral_EN
00742_0018_neutral_0018_000064,0018,neutral,happy,True,1.0,0.5150268077850342,False,0,0,And we are so thirsty.,"And we are so surfed. See you, we're glowing.",Voxtral_EN
00743_0018_neutral_0018_000174,0018,neutral,happy,True,0.625,0.42452797293663025,False,0,0,I pay half a crown a week extra.,I hate to crown a week of stuff.,Voxtral_EN
00744_0018_neutral_0018_000115,0018,neutral,happy,False,0.3333333333333333,0.768548309803009,False,0,0,He might call it for example.,If you might call it for example.,Voxtral_EN
00745_0018_neutral_0018_000139,0018,neutral,happy,False,0.16666666666666666,0.5347833633422852,False,1,1,Cuckoo is down headed and crying.,Kufku is down headed and crying.,Voxtral_EN
00746_0018_neutral_0018_000033,0018,neutral,happy,True,0.3333333333333333,0.6442113518714905,False,0,0,This used to be Jerry's occupation.,This used to be Jerry's art gallery.,Voxtral_EN
00747_0018_neutral_0018_000223,0018,neutral,happy,True,1.0,0.9533051252365112,True,1,1,"Pick, pick, pick.","Picks, picks, picks.",Voxtral_EN
00748_0018_neutral_0018_000045,0018,neutral,happy,True,0.75,0.4844471216201782,False,0,0,The nastiest things they saw were the cobwebs.,The nauthius dings they've saw where the cob left.,Voxtral_EN
00749_0018_neutral_0018_000325,0018,neutral,happy,False,0.5714285714285714,0.7654674649238586,False,0,0,She has no place for hot pepper.,She has no place where hot of her birds.,Voxtral_EN
00750_0018_sad_0018_001351,0018,sad,happy,True,0.6666666666666666,0.48605358600616455,False,0,0,I'm sure your friends can wait.,"Now, show your fun, can't wait.",Voxtral_EN
00751_0018_sad_0018_001205,0018,sad,happy,True,0.8571428571428571,0.3578084707260132,False,0,0,This speech rouses Dame Isolde to anger.,To dispel the Roue's Dame Isles to anglers.,Voxtral_EN
00752_0018_sad_0018_001256,0018,sad,happy,True,0.16666666666666666,0.9009454250335693,True,0,0,"Still, you owe it a duty.",Till you owe it a duty.,Voxtral_EN
00753_0018_sad_0018_001313,0018,sad,happy,True,0.8,0.800879180431366,True,0,0,She said in subdued voice.,"She said in a subdued voice, ""Yes, please.""",Voxtral_EN
00754_0018_sad_0018_001260,0018,sad,happy,False,0.0,0.9999999403953552,True,skip_identical,1,It weighs 7.5 kilogram.,It weighs 7.5 kilogram.,Voxtral_EN
00755_0018_sad_0018_001200,0018,sad,happy,True,0.2,0.962948203086853,True,1,1,I hope you enjoyed yourself.,I hope you enjoy yourself.,Voxtral_EN
00756_0018_sad_0018_001076,0018,sad,happy,True,0.16666666666666666,0.7570827007293701,False,1,1,Let's make the noise a snake.,Let's make the noise a smate.,Voxtral_EN
00757_0018_sad_0018_001328,0018,sad,happy,True,0.0,0.9999998807907104,True,skip_identical,1,I know you.,I know you.,Voxtral_EN
00758_0018_sad_0018_001370,0018,sad,happy,True,0.7142857142857143,0.6857720613479614,False,0,0,Goat Billy asked the old Chinese guy.,Goat Philly ask the old shining you sigh.,Voxtral_EN
00759_0018_sad_0018_001202,0018,sad,happy,True,1.0,0.29725882411003113,False,0,0,Guilty for what do you rule?,Bravo from What Do You Vrouw?,Voxtral_EN
00760_0018_sad_0018_001287,0018,sad,happy,False,0.0,1.0000001192092896,True,skip_identical,1,What would they do at the end of the year?,What would they do at the end of the year?,Voxtral_EN
00761_0018_sad_0018_001100,0018,sad,happy,True,0.0,0.9999998807907104,True,skip_identical,1,Rabbit gave dog a hurrying up sort of nudge.,Rabbit gave dog a hurrying up sort of nudge.,Voxtral_EN
00762_0018_sad_0018_001144,0018,sad,happy,True,0.75,0.8387742042541504,True,0,0,They found a cow grazing in a field.,For they have found a calf of grazing in their field.,Voxtral_EN
00763_0018_sad_0018_001257,0018,sad,happy,True,0.2857142857142857,0.9774670600891113,True,1,1,"I am a racer, son of God.","I'm a racer, son of God.",Voxtral_EN
00764_0018_sad_0018_001101,0018,sad,happy,True,1.5,0.17125244438648224,False,0,0,"""Where are you from?""","Said the American to two Chinese,",Voxtral_EN
00765_0018_sad_0018_001379,0018,sad,happy,True,0.0,1.0000001192092896,True,skip_identical,1,And his heart wagged with joy like a lamb's tail.,And his heart wagged with joy like a lamb's tail.,Voxtral_EN
00766_0018_sad_0018_001210,0018,sad,happy,True,1.2,0.6127185225486755,False,0,0,"Kitty, can you play chess?","Kitties, can you have a good play, chavs?",Voxtral_EN
00767_0018_sad_0018_001194,0018,sad,happy,True,0.5,0.42630094289779663,False,0,0,We all see panda on TV or in the zoo.,We all see Pando and he be your in the zoo.,Voxtral_EN
00768_0018_sad_0018_001114,0018,sad,happy,True,1.25,0.6845473051071167,False,0,0,We are so thirsty.,"For we are so thirsty, he's happy.",Voxtral_EN
00769_0018_sad_0018_001321,0018,sad,happy,True,0.0,1.0000001192092896,True,skip_identical,1,I say I will be emperor.,I say I will be emperor.,Voxtral_EN
00770_0018_sad_0018_001336,0018,sad,happy,True,0.0,0.9999999403953552,True,skip_identical,1,"One, two, three, where is your breakfast?","One, two, three, where is your breakfast?",Voxtral_EN
00771_0018_sad_0018_001183,0018,sad,happy,True,0.14285714285714285,0.6809167861938477,False,0,0,I smell the breath of an English.,I smile the breath of an English.,Voxtral_EN
00772_0018_sad_0018_001057,0018,sad,happy,True,0.0,1.000000238418579,True,skip_identical,1,I'm as bad as I can be.,I'm as bad as I can be.,Voxtral_EN
00773_0018_sad_0018_001150,0018,sad,happy,True,1.1428571428571428,0.8673994541168213,True,0,0,"Well, anyhow, it didn't rain, he said.","Well, anyhow, it didn't rain and I said, like it or not.",Voxtral_EN
00774_0018_sad_0018_001324,0018,sad,happy,True,0.3,0.9459614157676697,True,0,0,Because he was a man with infinite resource and sagacity.,Because he was a man with an infinite resource in legacity.,Voxtral_EN
00775_0018_surprise_0018_001517,0018,surprise,happy,True,0.2,0.8639416098594666,True,1,1,They were children of mine?,They were children of mine.,Voxtral_EN
00776_0018_surprise_0018_001697,0018,surprise,happy,True,0.2222222222222222,0.9119007587432861,True,0,0,How Tom and Jerry went to visit Mr. Sam,How Tom and Jerry want to visit Mr. Sam!,Voxtral_EN
00777_0018_surprise_0018_001446,0018,surprise,happy,False,0.2857142857142857,0.7040509581565857,False,0,0,They never know I'd regular ran away.,They'd never know I'd regular ram away.,Voxtral_EN
00778_0018_surprise_0018_001660,0018,surprise,happy,True,0.0,1.000000238418579,True,skip_identical,1,As soon as she went in there was disorder.,As soon as she went in there was disorder.,Voxtral_EN
00779_0018_surprise_0018_001566,0018,surprise,happy,True,0.42857142857142855,0.7198380827903748,False,error,-1,They eat beef at the butcher shop?,They eat beef at the Butcher Shaw Tavern.,Voxtral_EN
00780_0018_surprise_0018_001742,0018,surprise,happy,True,0.5,0.15032875537872314,False,0,0,Why should I purchase my own?,Why should I congratulate myself?,Voxtral_EN
00781_0018_surprise_0018_001641,0018,surprise,happy,True,0.0,1.0,True,skip_identical,1,We have showed his shark tooth.,We have showed his shark tooth.,Voxtral_EN
00782_0018_surprise_0018_001452,0018,surprise,happy,False,0.16666666666666666,0.8485851287841797,True,0,0,From August 18th of their divorce.,From August 8th of their divorce.,Voxtral_EN
00783_0018_surprise_0018_001701,0018,surprise,happy,True,0.16666666666666666,0.7693678736686707,False,0,0,I'm sure your friends can wait.,I'm sure your friends can't wait.,Voxtral_EN
00784_0018_surprise_0018_001586,0018,surprise,happy,True,0.4444444444444444,0.7247783541679382,False,0,0,She'd jump at the tail and bite it savagely?,She'd jump at the tail and guide his tabby lean.,Voxtral_EN
00785_0018_surprise_0018_001410,0018,surprise,happy,True,1.3333333333333333,0.011294770985841751,False,0,0,A nauseous drought?,Agnash at Dougie Brown.,Voxtral_EN
00786_0018_surprise_0018_001636,0018,surprise,happy,True,0.0,1.0,True,skip_identical,1,How rash you are!,How rash you are!,Voxtral_EN
00787_0018_surprise_0018_001618,0018,surprise,happy,True,0.14285714285714285,0.8079774379730225,True,0,0,I'll send for Tom to my bower.,I'll send for Tom to my door.,Voxtral_EN
00788_0018_surprise_0018_001592,0018,surprise,happy,True,0.3333333333333333,0.8761775493621826,True,1,1,I have had to grow old?,I had to grow old.,Voxtral_EN
00789_0018_surprise_0018_001600,0018,surprise,happy,True,0.7142857142857143,0.7899216413497925,False,0,0,That cloth does not look worth much.,Since that cloth's not looked worse much.,Voxtral_EN
00790_0018_surprise_0018_001590,0018,surprise,happy,True,0.125,0.9290743470191956,True,1,1,And they were sandy yellow brownish all over?,And they were sandy yellow brownish all over.,Voxtral_EN
00791_0018_surprise_0018_001650,0018,surprise,happy,True,0.2,0.8995915651321411,True,0,0,Her kind and firm glance.,Her kind and firm glimps.,Voxtral_EN
00792_0018_surprise_0018_001469,0018,surprise,happy,True,0.0,0.9999998211860657,True,skip_identical,1,"Not much use, is it Sam?","Not much use, is it Sam?",Voxtral_EN
00793_0018_surprise_0018_001731,0018,surprise,happy,True,0.42857142857142855,0.525381326675415,False,0,0,She'll be feverish after so much thinking.,Should be a treat after so much thinking.,Voxtral_EN
00794_0018_surprise_0018_001561,0018,surprise,happy,True,0.0,1.0,True,skip_identical,1,That's a full-grown cult.,That's a full-grown cult.,Voxtral_EN
00795_0018_surprise_0018_001518,0018,surprise,happy,True,0.5,0.7038071751594543,False,0,0,"""Look out!"" said Alice.","Good luck, said Alice.",Voxtral_EN
00796_0018_surprise_0018_001419,0018,surprise,happy,True,0.2,0.8746165037155151,True,1,1,At the end of four?,At the end of four.,Voxtral_EN
00797_0018_surprise_0018_001405,0018,surprise,happy,True,0.5,0.7863507866859436,False,1,1,Clear than clear water?,Clear that clear water.,Voxtral_EN
00798_0018_surprise_0018_001709,0018,surprise,happy,True,0.3333333333333333,0.917680025100708,True,0,0,He owed Mr. Lawson. I can't tell you how.,"You owe it, Mr. Lawson. I can't tell you how.",Voxtral_EN
00799_0018_surprise_0018_001440,0018,surprise,happy,True,0.5,0.6894792914390564,False,0,0,A witch fox loses a tail and its elder sister finds one.,"If Winx Fox loosens a tail and its elder sister thanks one,",Voxtral_EN
00800_0019_angry_0019_000697,0019,angry,happy,True,0.5,0.8138675689697266,True,0,0,"What are you waiting for, man?","Wanting you waiting for, man.",Voxtral_EN
00801_0019_angry_0019_000521,0019,angry,happy,True,0.3333333333333333,0.5327502489089966,False,0,0,I say neither yea nor nay.,I say neither game nor name.,Voxtral_EN
00802_0019_angry_0019_000646,0019,angry,happy,True,0.5,0.5201557874679565,False,0,0,You bug me up.,You've walked me up.,Voxtral_EN
00803_0019_angry_0019_000362,0019,angry,happy,True,0.0,0.9999998807907104,True,skip_identical,1,Her shoes were like fishes.,Her shoes were like fishes.,Voxtral_EN
00804_0019_angry_0019_000584,0019,angry,happy,True,1.0,0.7964961528778076,False,1,1,"Hurry up, hurry up.",Here we go. Let's hurry up.,Voxtral_EN
00805_0019_angry_0019_000398,0019,angry,happy,True,0.0,1.0,True,skip_identical,1,You are not a runaway. Who are you?,You are not a runaway. Who are you?,Voxtral_EN
00806_0019_angry_0019_000421,0019,angry,happy,True,0.6666666666666666,0.5007513761520386,False,0,0,She was born on April 1943.,She was born on April 19th with a boil.,Voxtral_EN
00807_0019_angry_0019_000535,0019,angry,happy,True,0.125,0.9889801740646362,True,1,1,That newborn baby is stolen as we go.,That newborn baby stolen as we go.,Voxtral_EN
00808_0019_angry_0019_000621,0019,angry,happy,True,0.3333333333333333,0.9278041124343872,True,0,0,I say I will be emperor.,I say I will be Emperor World.,Voxtral_EN
00809_0019_angry_0019_000476,0019,angry,happy,True,0.16666666666666666,0.2829340696334839,False,0,0,This turn goes to the hill.,This turn goes to the healing.,Voxtral_EN
00810_0019_angry_0019_000503,0019,angry,happy,True,0.16666666666666666,0.8517791032791138,True,1,1,But we are not high yet.,But we are not hail yet.,Voxtral_EN
00811_0019_angry_0019_000551,0019,angry,happy,True,0.0,1.0,True,skip_identical,1,A lady is on Alice's lap.,A lady is on Alice's lap.,Voxtral_EN
00812_0019_angry_0019_000465,0019,angry,happy,True,0.6666666666666666,0.7445657253265381,False,0,0,He might call it for example.,"""For example, he might call it for love.""",Voxtral_EN
00813_0019_angry_0019_000409,0019,angry,happy,True,1.1666666666666667,0.6831135153770447,False,0,0,043 a silver shilling is journey.,043 is Silver Shilling Miss Journey of Thrill.,Voxtral_EN
00814_0019_angry_0019_000593,0019,angry,happy,True,0.0,1.0,True,skip_identical,1,And has you slain him?,And has you slain him?,Voxtral_EN
00815_0019_angry_0019_000523,0019,angry,happy,True,1.4,0.5486247539520264,False,0,0,He searched through the box.,I think it's just a... Look at the box.,Voxtral_EN
00816_0019_angry_0019_000426,0019,angry,happy,False,0.0,1.0,True,skip_identical,1,The hag looked in the stove.,The hag looked in the stove.,Voxtral_EN
00817_0019_angry_0019_000473,0019,angry,happy,True,0.0,1.0,True,skip_identical,1,I am from Towel Land.,I am from Towel Land.,Voxtral_EN
00818_0019_angry_0019_000367,0019,angry,happy,False,0.3333333333333333,0.8990039825439453,True,0,0,Why is this egg not broken?,Why is this eggnog broken?,Voxtral_EN
00819_0019_angry_0019_000604,0019,angry,happy,True,0.0,0.9999998807907104,True,skip_identical,1,She laughed.,She laughed.,Voxtral_EN
00820_0019_angry_0019_000643,0019,angry,happy,True,0.0,1.0,True,skip_identical,1,"He is old fashioned, but he is the best of men.","He is old fashioned, but he is the best of men.",Voxtral_EN
00821_0019_angry_0019_000668,0019,angry,happy,True,0.25,0.6500673294067383,False,0,0,The name of the song is called Haddocks.,"The name of the song is called ""Hed Dogs.""",Voxtral_EN
00822_0019_angry_0019_000399,0019,angry,happy,True,0.2,0.9964576363563538,True,skip_high_sim,1,"Then we all say, ""Aha!""","Then we all say ""Aha!""",Voxtral_EN
00823_0019_angry_0019_000700,0019,angry,happy,False,0.0,1.0000001192092896,True,skip_identical,1,Do you have anything in mind?,Do you have anything in mind?,Voxtral_EN
00824_0019_angry_0019_000605,0019,angry,happy,False,0.14285714285714285,0.9928090572357178,True,skip_high_sim,1,"This was the 25th of November, 1783.","This was on the 25th of November, 1783.",Voxtral_EN
00825_0019_neutral_0019_000019,0019,neutral,happy,True,0.2,0.8546127080917358,True,1,1,At the end of four.,At the end of 4th,Voxtral_EN
00826_0019_neutral_0019_000274,0019,neutral,happy,True,0.3,0.7982550859451294,False,0,0,Because he was a man with infinite resource and sagacity.,Because there is a man with infinite resource and flexibility.,Voxtral_EN
00827_0019_neutral_0019_000069,0019,neutral,happy,True,0.6666666666666666,0.47216111421585083,False,0,0,"Not much use is it, Sam.",Not must use is it Sam Yang.,Voxtral_EN
00828_0019_neutral_0019_000118,0019,neutral,happy,True,0.75,0.925797700881958,True,0,0,"Look out, said Alice.",Look out to the Alice.,Voxtral_EN
00829_0019_neutral_0019_000186,0019,neutral,happy,True,0.6666666666666666,0.3204506039619446,False,0,0,She jumped at the tail and bite it savagely.,You jump at the tail and buy a Gavioli's pie.,Voxtral_EN
00830_0019_neutral_0019_000289,0019,neutral,happy,False,0.75,0.5514976382255554,False,0,0,"""No,"" said Piggy carelessly.",Notes that piggyed carelessly.,Voxtral_EN
00831_0019_neutral_0019_000094,0019,neutral,happy,True,1.0,0.05963168293237686,False,0,0,They found a cow grazing in a field.,Fethullah Gulen brazenly interfered in our internal affairs.,Voxtral_EN
00832_0019_neutral_0019_000294,0019,neutral,happy,True,0.6666666666666666,0.9646987915039062,True,1,1,Now I understand.,Now I understand it.,Voxtral_EN
00833_0019_neutral_0019_000113,0019,neutral,happy,True,1.8333333333333333,0.2667255997657776,False,0,0,Mr. Lawson saw George last night.,It's been a long time since I saw George Lesner at our eighth.,Voxtral_EN
00834_0019_neutral_0019_000166,0019,neutral,happy,True,1.2857142857142858,0.06999954581260681,False,0,0,They ate beef at the butcher shop.,"The beginner is a bit confused, but he's trying.",Voxtral_EN
00835_0019_neutral_0019_000115,0019,neutral,happy,True,1.1666666666666667,0.33597880601882935,False,0,0,"He might call it, for example.",If you might call it core example of turquoise.,Voxtral_EN
00836_0019_neutral_0019_000202,0019,neutral,happy,True,0.0,0.9999998807907104,True,skip_identical,1,That sounds good.,That sounds good.,Voxtral_EN
00837_0019_neutral_0019_000259,0019,neutral,happy,False,0.2857142857142857,0.4995790123939514,False,0,0,This song is called Ways and Means.,This song is called Weas and Mingy.,Voxtral_EN
00838_0019_neutral_0019_000329,0019,neutral,happy,True,0.0,1.0000001192092896,True,skip_identical,1,And his heart wagged with joy like a lamb's tail.,And his heart wagged with joy like a lamb's tail.,Voxtral_EN
00839_0019_neutral_0019_000279,0019,neutral,happy,True,0.42857142857142855,0.737638533115387,False,0,0,These words behind the ears is nonsense.,These words behind their ears is nonsense. You're cool.,Voxtral_EN
00840_0019_neutral_0019_000211,0019,neutral,happy,True,0.375,0.5338407754898071,False,0,0,From each cake there sprung a huge dog.,From each cake there's flung a huge star.,Voxtral_EN
00841_0019_neutral_0019_000337,0019,neutral,happy,True,0.3333333333333333,0.9388577938079834,True,0,0,"But mom, I'm not certain about.",What mom I'm not certain about.,Voxtral_EN
00842_0019_neutral_0019_000340,0019,neutral,happy,True,0.8888888888888888,0.49514108896255493,False,0,0,So Tom saw night as it were broad daylight.,"So a Tom Selleck night, as it were, brought good life, man.",Voxtral_EN
00843_0019_neutral_0019_000192,0019,neutral,happy,True,1.0,0.7547367215156555,False,0,0,I've had to grow old.,I've had you grow old and how good.,Voxtral_EN
00844_0019_neutral_0019_000052,0019,neutral,happy,True,0.3333333333333333,0.461495041847229,False,0,0,From August 18th of their divorce.,From August 18th of their Du Bois.,Voxtral_EN
00845_0019_neutral_0019_000152,0019,neutral,happy,False,0.0,1.0,True,skip_identical,1,Guilty for what do you rule?,Guilty for what do you rule?,Voxtral_EN
00846_0019_neutral_0019_000181,0019,neutral,happy,True,1.75,0.31606778502464294,False,0,0,"First, issue a award.","First, I should be happy, says the speaker.",Voxtral_EN
00847_0019_neutral_0019_000293,0019,neutral,happy,True,0.7272727272727273,0.871435821056366,True,1,1,He is old fashioned but he is the best of men.,"He's old-fashioned, but he's the best of them all.",Voxtral_EN
00848_0019_neutral_0019_000336,0019,neutral,happy,True,0.8,0.6891658306121826,False,0,0,Over them swooped the eagles.,Over the SUFFI Eagles.,Voxtral_EN
00849_0019_neutral_0019_000141,0019,neutral,happy,True,1.25,0.38091331720352173,False,0,0,I can't lodge here.,Can I lock you in tonight?,Voxtral_EN
00850_0019_sad_0019_001172,0019,sad,happy,True,1.0,0.29682815074920654,False,0,0,"No, I'm an artificial intelligence.",Am I in absolute pomp?,Voxtral_EN
00851_0019_sad_0019_001297,0019,sad,happy,True,0.2,0.750268816947937,False,0,0,She and I are running a neck and neck race.,She and I are running of neck and neck reefs.,Voxtral_EN
00852_0019_sad_0019_001164,0019,sad,happy,True,0.8888888888888888,0.6223796606063843,False,0,0,A half pounds of flour and two ounces sweet.,"They hath cowns of flour, which to out is sweet.",Voxtral_EN
00853_0019_sad_0019_001272,0019,sad,happy,True,0.0,0.9999997615814209,True,skip_identical,1,Ask God to help you.,Ask God to help you.,Voxtral_EN
00854_0019_sad_0019_001137,0019,sad,happy,True,0.6666666666666666,-0.0757112056016922,False,0,0,A hippo lives in the zoo.,Our happy rules in the room.,Voxtral_EN
00855_0019_sad_0019_001352,0019,sad,happy,True,0.3333333333333333,0.8485645055770874,True,1,1,501 million right.,501 million rights.,Voxtral_EN
00856_0019_sad_0019_001210,0019,sad,happy,True,0.4,0.9271564483642578,True,0,0,"Kitty, can you play chess?","Kitty, come you play chess.",Voxtral_EN
00857_0019_sad_0019_001101,0019,sad,happy,True,0.5,0.7256821393966675,False,0,0,"""Said the American to the Chinese, 'I'm not a Communist.'""","""Say the American to the Chinese, 'I'm sorry, I don't understand.'""",Voxtral_EN
00858_0019_sad_0019_001240,0019,sad,happy,True,0.5,0.8998540639877319,True,0,0,"And they were sandy, yellow, brownish all over.",When there were sandy yellow brownish all over.,Voxtral_EN
00859_0019_sad_0019_001303,0019,sad,happy,True,0.25,0.7518612146377563,False,1,1,I have a soothsayer.,I'd have a soothsayer.,Voxtral_EN
00860_0019_sad_0019_001105,0019,sad,happy,True,0.3333333333333333,0.7247614860534668,False,0,0,A deafening chirping rent the air.,"A deafening cheer, we rent the air.",Voxtral_EN
00861_0019_sad_0019_001371,0019,sad,happy,True,1.0,0.17348229885101318,False,0,0,Called out the cloud.,Hollabaugh Click Loud.,Voxtral_EN
00862_0019_sad_0019_001142,0019,sad,happy,True,0.9166666666666666,0.2798183560371399,False,0,0,No. The crown is not awarded to the winner of the game.,Thus the one meant wins gives the crowd.,Voxtral_EN
00863_0019_sad_0019_001270,0019,sad,happy,True,0.3333333333333333,0.6226069927215576,False,0,0,Her paw went into your eye.,For Paul went into your eye.,Voxtral_EN
00864_0019_sad_0019_001080,0019,sad,happy,True,1.0,0.08427752554416656,False,0,0,Must the name mean something?,"Love's amazing, Tom say.",Voxtral_EN
00865_0019_sad_0019_001162,0019,sad,happy,True,0.4,0.7040151953697205,False,0,0,Clown to call him Joey.,"Found, call him Joey.",Voxtral_EN
00866_0019_sad_0019_001348,0019,sad,happy,True,0.16666666666666666,0.9965484738349915,True,skip_high_sim,1,She come back to the valley.,She come back to the Valley.,Voxtral_EN
00867_0019_sad_0019_001332,0019,sad,happy,True,0.0,1.0000001192092896,True,skip_identical,1,"Alice, I won't forget it again.","Alice, I won't forget it again.",Voxtral_EN
00868_0019_sad_0019_001055,0019,sad,happy,True,0.0,1.0,True,skip_identical,1,Clear then clear water.,Clear then clear water.,Voxtral_EN
00869_0019_sad_0019_001061,0019,sad,happy,True,0.6,0.9516897201538086,True,1,1,Chapter 10: A Warm Welcome,Chapter 10. A warm welcome.,Voxtral_EN
00870_0019_sad_0019_001135,0019,sad,happy,True,0.25,0.9689182043075562,True,1,1,I suppose I take grandmother a fresh vegetable.,I take grandmother a fresh vegetable.,Voxtral_EN
00871_0019_sad_0019_001125,0019,sad,happy,True,0.6666666666666666,0.5348098278045654,False,0,0,I'd far rather go without them than eat them.,"I'd far rather go, it sounds better, better, better.",Voxtral_EN
00872_0019_sad_0019_001070,0019,sad,happy,True,0.1111111111111111,0.9521313309669495,True,1,1,At the roots of a bush of a grass.,As the roots of a bush of a grass.,Voxtral_EN
00873_0019_sad_0019_001306,0019,sad,happy,True,0.0,1.0,True,skip_identical,1,I must have two to fetch and carry.,I must have two to fetch and carry.,Voxtral_EN
00874_0019_sad_0019_001224,0019,sad,happy,True,0.125,0.9203159213066101,True,1,1,I pay half a crown a week extra.,I made half a crown a week extra.,Voxtral_EN
00875_0019_surprise_0019_001732,0019,surprise,happy,True,1.5,0.2847815155982971,False,0,0,Where are you going?,"When you go laying, you put him",Voxtral_EN
00876_0019_surprise_0019_001735,0019,surprise,happy,True,0.8,0.6007719039916992,False,0,0,But things haven't changed yet.,What things have happily changed yet?,Voxtral_EN
00877_0019_surprise_0019_001448,0019,surprise,happy,True,0.25,0.9928404092788696,True,skip_high_sim,1,"You are not a runaway, who are you?",You are not a runaway. Who are you?,Voxtral_EN
00878_0019_surprise_0019_001593,0019,surprise,happy,True,0.0,1.0,True,skip_identical,1,Please hire me after you.,Please hire me after you.,Voxtral_EN
00879_0019_surprise_0019_001586,0019,surprise,happy,True,0.4444444444444444,0.7835531830787659,False,0,0,She jumped at the tail and bit it savagely.,She dumped at the tail and bite it Savage League.,Voxtral_EN
00880_0019_surprise_0019_001503,0019,surprise,happy,True,0.0,1.0,True,skip_identical,1,The elephant and the carpenter is the longest.,The elephant and the carpenter is the longest.,Voxtral_EN
00881_0019_surprise_0019_001696,0019,surprise,happy,True,0.75,0.5673152208328247,False,0,0,You woke me up?,You've walked me up.,Voxtral_EN
00882_0019_surprise_0019_001614,0019,surprise,happy,True,0.3333333333333333,0.34234923124313354,False,0,0,But what about this thing? Sticky.,But what about this spin?,Voxtral_EN
00883_0019_surprise_0019_001595,0019,surprise,happy,True,0.5714285714285714,0.35056769847869873,False,0,0,A boat put out on the bay.,"I'll vote, darling. We'll put out on the bay.",Voxtral_EN
00884_0019_surprise_0019_001564,0019,surprise,happy,True,0.42857142857142855,0.43619459867477417,False,0,0,His large mouth curled into a sneer.,"If a large mouth curled into a sphere,",Voxtral_EN
00885_0019_surprise_0019_001499,0019,surprise,happy,False,0.2,0.8839987516403198,True,0,0,I've hit the wrong nose.,I'd hit the wrong nose.,Voxtral_EN
00886_0019_surprise_0019_001685,0019,surprise,happy,True,0.16666666666666666,0.9967397451400757,True,skip_high_sim,1,"The straw, charcoal and the pea.","The straw, charcoal, and the pea.",Voxtral_EN
00887_0019_surprise_0019_001496,0019,surprise,happy,True,0.8,0.4990825653076172,False,0,0,I don't paint it tiger.,I've dope-hanted tiger.,Voxtral_EN
00888_0019_surprise_0019_001521,0019,surprise,happy,True,36.4,0.26262959837913513,False,0,0,Finn and the fairy shoemaker,"Finn: I'm not sure. I mean, I'm not sure if I'm ready for that. I mean, I'm not sure if I'm ready for that. I mean, I'm not sure if I'm ready for that. I mean, I'm not sure if I'm ready for that. I mean, I'm not sure if I'm ready for that. I mean, I'm not sure if I'm ready for that. I mean, I'm not sure if I'm ready for that. I mean, I'm not sure if I'm ready for that. I mean, I'm not sure if I'm ready for that. I mean, I'm not sure if I'm ready for that. I mean, I'm not sure if I'm ready for that. I mean, I'm not sure if I'm ready for that. I mean, I'm not sure if I'm ready for that. I mean, I'm not sure if I'm ready for that. I mean, I'm not sure if I'm ready for that. I mean, I'm not sure if I'm ready for that. I mean, I'm not sure if I'm ready for that. I mean, I'm not sure if I'm ready",Voxtral_EN
00889_0019_surprise_0019_001656,0019,surprise,happy,True,0.125,0.9594621658325195,True,1,1,I must have two to fetch a carry?,I must have two to fetch a carry.,Voxtral_EN
00890_0019_surprise_0019_001517,0019,surprise,happy,False,0.2,0.6309704184532166,False,0,0,They were children of mine?,They were children of mind.,Voxtral_EN
00891_0019_surprise_0019_001514,0019,surprise,happy,True,0.8,0.555962085723877,False,0,0,A half pounds of flour and two ounces of squat.,"Aha, that's a ton of flour and juice is sweet.",Voxtral_EN
00892_0019_surprise_0019_001440,0019,surprise,happy,True,0.16666666666666666,0.8203402757644653,True,1,1,In which Fox loses a tail and his elder sister finds one.,In which Fops loses a tail and its elder sister finds one.,Voxtral_EN
00893_0019_surprise_0019_001483,0019,surprise,happy,True,0.125,0.8943538069725037,True,0,0,Be off now as quick as you may.,We off now as quick as you may.,Voxtral_EN
00894_0019_surprise_0019_001749,0019,surprise,happy,True,0.14285714285714285,0.8076634407043457,True,0,0,What do you think of this question?,What do you speak of this question?,Voxtral_EN
00895_0019_surprise_0019_001745,0019,surprise,happy,True,0.4,0.6793431639671326,False,0,0,A worrying noise was heard.,Our Warren noise was heard.,Voxtral_EN
00896_0019_surprise_0019_001658,0019,surprise,happy,True,1.0,0.6392046213150024,False,0,0,"Mom shuts one's mouth up, doesn't it?",Mom's just won some mouse up. Doesn't it?,Voxtral_EN
00897_0019_surprise_0019_001422,0019,surprise,happy,True,0.0,0.9999998807907104,True,skip_identical,1,And what are doves? And what are doves?,And what are doves? And what are doves?,Voxtral_EN
00898_0019_surprise_0019_001583,0019,surprise,happy,True,0.8,0.10405935347080231,False,0,0,Fresh pain sees Paul's body.,"Fresh paint, these polished bodies.",Voxtral_EN
00899_0019_surprise_0019_001546,0019,surprise,happy,True,0.5,0.9334171414375305,True,0,0,"He said to Jack, the chatterer?","He said to Jack, ""The chatter words?""",Voxtral_EN
00900_0020_angry_0020_000542,0020,angry,happy,True,0.3333333333333333,0.7205935120582581,False,0,0,I have had to grow old.,I had happy grow old.,Voxtral_EN
00901_0020_angry_0020_000559,0020,angry,happy,True,1.0,0.8363886475563049,True,0,0,A raging fire was in his eyes.,RATING FIREWORKS IN HIS EYES,Voxtral_EN
00902_0020_angry_0020_000376,0020,angry,happy,False,0.5714285714285714,0.8791435956954956,True,0,0,Let's make the noise of a snake.,"that if you make the noise of a snake,",Voxtral_EN
00903_0020_angry_0020_000500,0020,angry,happy,True,0.0,0.9999998211860657,True,skip_identical,1,I hope you enjoyed yourself.,I hope you enjoyed yourself.,Voxtral_EN
00904_0020_angry_0020_000580,0020,angry,happy,True,0.0,1.0,True,skip_identical,1,Your own wife is not at home.,Your own wife is not at home.,Voxtral_EN
00905_0020_angry_0020_000388,0020,angry,happy,True,0.14285714285714285,0.9725246429443359,True,1,1,Hold up my chin slow and solid.,"Hold up my chin, slow and solid.",Voxtral_EN
00906_0020_angry_0020_000507,0020,angry,happy,True,0.3333333333333333,0.7999105453491211,False,0,0,Blackbird and Jay.,Blackwood and Jay.,Voxtral_EN
00907_0020_angry_0020_000514,0020,angry,happy,False,0.5714285714285714,0.48029083013534546,False,0,0,His large mouth curled into a sneer.,Who's large and curls into a sinew.,Voxtral_EN
00908_0020_angry_0020_000648,0020,angry,happy,True,0.5,0.7603514790534973,False,0,0,She come back to the valley.,"If you come back to the Valley,",Voxtral_EN
00909_0020_angry_0020_000408,0020,angry,happy,True,0.0,1.0,True,skip_identical,1,The octopus has eight legs.,The octopus has eight legs.,Voxtral_EN
00910_0020_angry_0020_000471,0020,angry,happy,True,0.4,0.6221279501914978,False,0,0,Fin and the fairy shoemaker.,Fin and the fairy Humei crew,Voxtral_EN
00911_0020_angry_0020_000576,0020,angry,happy,True,0.125,0.9944336414337158,True,skip_high_sim,1,"And the next day, nurse will be released.","And the next day, Nurse will be released.",Voxtral_EN
00912_0020_angry_0020_000386,0020,angry,happy,True,0.8333333333333334,0.14551812410354614,False,0,0,How I hate this foul pool.,How are you?,Voxtral_EN
00913_0020_angry_0020_000509,0020,angry,happy,True,0.0,1.0000001192092896,True,skip_identical,1,Such tunes are joy to a dancing fae.,Such tunes are joy to a dancing fae.,Voxtral_EN
00914_0020_angry_0020_000588,0020,angry,happy,True,0.4,0.9715203046798706,True,1,1,Today isn't any other day.,Because today isn't any other day.,Voxtral_EN
00915_0020_angry_0020_000697,0020,angry,happy,True,0.0,0.9999998807907104,True,skip_identical,1,"What are you waiting for, man?","What are you waiting for, man?",Voxtral_EN
00916_0020_angry_0020_000366,0020,angry,happy,True,0.14285714285714285,0.9560428261756897,True,1,1,"Mr. Sherman, I move for a division.","Mr. Sherman, I moved for a division.",Voxtral_EN
00917_0020_angry_0020_000529,0020,angry,happy,True,0.4,0.947811484336853,True,1,1,Daisy creams with pink edges.,And daisy creams with pink edges.,Voxtral_EN
00918_0020_angry_0020_000598,0020,angry,happy,True,0.16666666666666666,0.8145614266395569,True,1,1,In which Piglet meets an elephant.,In which Pinklet meets an elephant.,Voxtral_EN
00919_0020_angry_0020_000670,0020,angry,happy,True,0.14285714285714285,0.8636748790740967,True,0,0,Go Billy ask the old Chinese guy.,"Go Philly, ask the old Chinese guy.",Voxtral_EN
00920_0020_angry_0020_000352,0020,angry,happy,True,0.125,0.578900933265686,False,0,0,I did go and I made many prisoners.,I did go and I made many prisms.,Voxtral_EN
00921_0020_angry_0020_000412,0020,angry,happy,False,0.16666666666666666,0.57603919506073,False,0,0,Tom went on a Yore gloomily.,Tom went on a Yore Lumali.,Voxtral_EN
00922_0020_angry_0020_000592,0020,angry,happy,True,0.2727272727272727,0.6863945722579956,False,0,0,Give me your hand or I will cry harder than before.,Give me your hand or I will pride harder than these four.,Voxtral_EN
00923_0020_angry_0020_000643,0020,angry,happy,True,0.18181818181818182,0.9763654470443726,True,1,1,He is old fashioned but he is the best of men.,"He is old-fashioned, but he is the best of men.",Voxtral_EN
00924_0020_angry_0020_000642,0020,angry,happy,True,0.6,0.6355880498886108,False,0,0,She has a high voice.,She has the highest boings.,Voxtral_EN
00925_0020_neutral_0020_000318,0020,neutral,happy,True,0.25,0.7305296063423157,False,0,0,The name of the song is called Haddox.,The name of the song is called Had Ups.,Voxtral_EN
00926_0020_neutral_0020_000090,0020,neutral,happy,True,0.6,0.525303304195404,False,0,0,And they did push so.,And they did for so sweet.,Voxtral_EN
00927_0020_neutral_0020_000194,0020,neutral,happy,True,1.25,0.10038375854492188,False,0,0,"Yes, I miss her.",I'm going to enjoy myself.,Voxtral_EN
00928_0020_neutral_0020_000040,0020,neutral,happy,True,1.6666666666666667,0.47356677055358887,False,0,0,"The title of the story is ""The Tailor's Fox.""","In ""Fox and the Hound"" a fox loses a tail and its outdoor sister finds one.",Voxtral_EN
00929_0020_neutral_0020_000191,0020,neutral,happy,True,0.14285714285714285,0.7367944717407227,False,0,0,I make her quite nervy at times.,I make her quite envious at times.,Voxtral_EN
00930_0020_neutral_0020_000213,0020,neutral,happy,True,0.75,0.5664782524108887,False,0,0,"Let it give us a chance, my precious.","""God gave us a chance, my brethren, to heal.""",Voxtral_EN
00931_0020_neutral_0020_000333,0020,neutral,happy,True,0.6,0.8541344404220581,True,0,0,"You gain for nothing, girl.","We gained from nothing, girl.",Voxtral_EN
00932_0020_neutral_0020_000218,0020,neutral,happy,True,0.875,0.25707143545150757,False,0,0,I will send for Tom to my boudour.,Thaiol Sempertam to Maidbudur,Voxtral_EN
00933_0020_neutral_0020_000265,0020,neutral,happy,True,0.2,0.6404045224189758,False,0,0,I've just shot a stag.,I've just shot a stingray.,Voxtral_EN
00934_0020_neutral_0020_000309,0020,neutral,happy,True,0.7777777777777778,0.4830479025840759,False,0,0,"He owed Mr. Lawson, ""I can't tell you how.""","""See you with the Mr. Ball soon. I can't tell you how.""",Voxtral_EN
00935_0020_neutral_0020_000237,0020,neutral,happy,True,0.75,0.5202797651290894,False,0,0,They would do a review of the year.,What would they do at the end of the year?,Voxtral_EN
00936_0020_neutral_0020_000140,0020,neutral,happy,True,0.6666666666666666,0.1313333809375763,False,0,0,What an impetuous boy he is.,What an impeccable go you all.,Voxtral_EN
00937_0020_neutral_0020_000214,0020,neutral,happy,True,0.3333333333333333,0.4586537778377533,False,0,0,But what about this thing sticky?,"But what about this thing, Speedy?",Voxtral_EN
00938_0020_neutral_0020_000270,0020,neutral,happy,True,1.4,0.6164016723632812,False,0,0,"Chew leaves quickly, said Rabbit.","Cute little quick with bed rabbit, too.",Voxtral_EN
00939_0020_neutral_0020_000205,0020,neutral,happy,True,0.8,0.7374643087387085,False,0,0,Fear neither root nor sprout.,Where you fear neither route nor sprout.,Voxtral_EN
00940_0020_neutral_0020_000138,0020,neutral,happy,True,0.875,0.1492183953523636,False,0,0,But one requires the explorer to furnish proofs.,"But one replies with ""Lord, be kind to the food.""",Voxtral_EN
00941_0020_neutral_0020_000008,0020,neutral,happy,False,0.0,1.0,True,skip_identical,1,That was his chief thought.,That was his chief thought.,Voxtral_EN
00942_0020_neutral_0020_000186,0020,neutral,happy,True,0.6666666666666666,0.4422266185283661,False,0,0,She jump at the tail and bite it savagely.,"If you jump on the tail and like it,",Voxtral_EN
00943_0020_neutral_0020_000001,0020,neutral,happy,True,0.5,0.8193825483322144,True,0,0,The nine the eggs I keep.,The nine eggs Ikes.,Voxtral_EN
00944_0020_neutral_0020_000076,0020,neutral,happy,True,0.8333333333333334,0.030416008085012436,False,0,0,The hag looked in the stove.,The beagle is a dog breed.,Voxtral_EN
00945_0020_neutral_0020_000269,0020,neutral,happy,True,0.3333333333333333,0.591025173664093,False,0,0,But show me now your map.,So show me now your math.,Voxtral_EN
00946_0020_neutral_0020_000233,0020,neutral,happy,True,0.4444444444444444,0.7699200510978699,False,0,0,Why should I care though David's lips were twitching?,Why did I care though? David's lips were for Trina.,Voxtral_EN
00947_0020_neutral_0020_000016,0020,neutral,happy,True,0.14285714285714285,0.9472658038139343,True,1,1,"Mr. Chairman, I move for a division.","Mr. Chairman, I moved for a division.",Voxtral_EN
00948_0020_neutral_0020_000010,0020,neutral,happy,False,2.0,0.14299887418746948,False,0,0,A nauseous drought.,Her nose is a little red.,Voxtral_EN
00949_0020_neutral_0020_000104,0020,neutral,happy,True,0.16666666666666666,0.7556940317153931,False,0,0,Here am I whom you seek.,Here am I whom you seat.,Voxtral_EN
00950_0020_sad_0020_001392,0020,sad,happy,True,0.16666666666666666,0.6009762287139893,False,0,0,Why should I purchase my own?,Why should I create my own?,Voxtral_EN
00951_0020_sad_0020_001169,0020,sad,happy,True,1.1666666666666667,0.13790465891361237,False,0,0,The owl flew into a bush.,I will boast and I will shout.,Voxtral_EN
00952_0020_sad_0020_001110,0020,sad,happy,True,1.0,0.4569048285484314,False,0,0,That I am born nurse.,For that I am born in there again.,Voxtral_EN
00953_0020_sad_0020_001141,0020,sad,happy,True,0.125,0.9655702114105225,True,1,1,We expected that Tom would jump for joy.,We expect that Tom would jump for joy.,Voxtral_EN
00954_0020_sad_0020_001129,0020,sad,happy,True,0.5714285714285714,0.6061466932296753,False,0,0,All my gum tips gone as well.,"Oh my gum teeth, it's on as well.",Voxtral_EN
00955_0020_sad_0020_001130,0020,sad,happy,True,0.6,0.25335633754730225,False,0,0,Then there was a report.,Then there was a Reet for Yehala.,Voxtral_EN
00956_0020_sad_0020_001312,0020,sad,happy,True,0.0,1.0,True,skip_identical,1,I believe you are one of them.,I believe you are one of them.,Voxtral_EN
00957_0020_sad_0020_001286,0020,sad,happy,True,0.0,0.9999998211860657,True,skip_identical,1,How rash you are.,How rash you are.,Voxtral_EN
00958_0020_sad_0020_001247,0020,sad,happy,True,0.8571428571428571,0.604617714881897,False,0,0,"Fur flew through the air, teeth gnashed.","Fur fur lieblich behaert, tifft nach, schaffer.",Voxtral_EN
00959_0020_sad_0020_001314,0020,sad,happy,True,0.8333333333333334,0.6867357492446899,False,0,0,Slam the doors and wedge them.,Slam the doors and wave with all your might.,Voxtral_EN
00960_0020_sad_0020_001115,0020,sad,happy,True,0.5,0.8613231182098389,True,0,0,Tom could hardly speak for laughing.,Tom did hardly squeeze her laughing.,Voxtral_EN
00961_0020_sad_0020_001379,0020,sad,happy,True,0.0,1.0000001192092896,True,skip_identical,1,And his heart wagged with joy like a lamb's tail.,And his heart wagged with joy like a lamb's tail.,Voxtral_EN
00962_0020_sad_0020_001249,0020,sad,happy,True,0.6666666666666666,0.5673400163650513,False,0,0,Captain Tom receives an angry letter.,Happy Tom rescues them angry ledger.,Voxtral_EN
00963_0020_sad_0020_001093,0020,sad,happy,True,0.5714285714285714,0.8081262707710266,True,0,0,"Story 29, A boy and a monkey.",A boy and his monkeys.,Voxtral_EN
00964_0020_sad_0020_001068,0020,sad,happy,True,0.5,0.2971709370613098,False,0,0,Then sadly it is much farther.,"Then Thaddeus, it is much, brother.",Voxtral_EN
00965_0020_sad_0020_001083,0020,sad,happy,False,0.3333333333333333,0.6751345992088318,False,0,0,This used to be Jerry's occupation.,This used to be Jerry Zatipay's.,Voxtral_EN
00966_0020_sad_0020_001157,0020,sad,happy,True,0.0,1.0,True,skip_identical,1,Tom and Michael woke up next morning.,Tom and Michael woke up next morning.,Voxtral_EN
00967_0020_sad_0020_001218,0020,sad,happy,True,0.375,0.869300365447998,True,1,1,"I said you looked like an egg, sir.",I said you look like an egg sereno.,Voxtral_EN
00968_0020_sad_0020_001199,0020,sad,happy,True,0.3333333333333333,0.6139030456542969,False,0,0,My winding sheet.,My winding sheep.,Voxtral_EN
00969_0020_sad_0020_001313,0020,sad,happy,True,0.8333333333333334,0.5016505718231201,False,0,0,She said in a subdued voice.,"She said in the Subdued You, Biggie, boys,",Voxtral_EN
00970_0020_sad_0020_001205,0020,sad,happy,False,0.8571428571428571,0.770378828048706,False,0,0,This speech roused Dame Els to anger.,With speech-growls dame ills to Angers.,Voxtral_EN
00971_0020_sad_0020_001322,0020,sad,happy,True,0.6666666666666666,0.6779853105545044,False,1,1,No admittance except on party business.,No one would let in except on party business.,Voxtral_EN
00972_0020_sad_0020_001266,0020,sad,happy,True,0.6,0.7305440902709961,False,0,0,It isn't picked at all.,It isn't picked at all. It was fun.,Voxtral_EN
00973_0020_sad_0020_001285,0020,sad,happy,True,0.5714285714285714,0.4734378755092621,False,0,0,"If not, I shall go no further.",“Every month I shall go no.”,Voxtral_EN
00974_0020_sad_0020_001276,0020,sad,happy,True,0.75,0.6227893829345703,False,0,0,"And the next day, nurse will be released.",And a merit to Helge. Nurse will be relieved.,Voxtral_EN
00975_0020_surprise_0020_001441,0020,surprise,happy,True,0.2,0.7981417179107666,False,1,1,I choose the right way?,I choose the right way.,Voxtral_EN
00976_0020_surprise_0020_001622,0020,surprise,happy,True,0.4,0.7497549057006836,False,0,0,Ask God to help you?,That's God to help you.,Voxtral_EN
00977_0020_surprise_0020_001582,0020,surprise,happy,True,0.5714285714285714,0.4061243534088135,False,error,-1,Age 45 if a day a lie?,8.45 if a day alive.,Voxtral_EN
00978_0020_surprise_0020_001716,0020,surprise,happy,True,0.8,-0.03673820197582245,False,0,0,A thief in the night.,How free is the lake?,Voxtral_EN
00979_0020_surprise_0020_001700,0020,surprise,happy,False,0.3333333333333333,0.8699520826339722,True,0,0,Six was halfway down the room.,My sixth was halfway down the room.,Voxtral_EN
00980_0020_surprise_0020_001551,0020,surprise,happy,True,0.0,1.0,True,skip_identical,1,All the way to China is home.,All the way to China is home.,Voxtral_EN
00981_0020_surprise_0020_001506,0020,surprise,happy,True,0.3333333333333333,0.6310008764266968,False,0,0,I guess it's a choice feast.,I guess it's the toys feast.,Voxtral_EN
00982_0020_surprise_0020_001443,0020,surprise,happy,True,0.2857142857142857,0.9646769762039185,True,0,0,"Story 29, a boy and a monkey.","Story 29, a boy and monkeys.",Voxtral_EN
00983_0020_surprise_0020_001685,0020,surprise,happy,True,0.6666666666666666,0.3815709948539734,False,0,0,The straw charcoal and the pea.,"Gus, Straw, Turtle and the Pig.",Voxtral_EN
00984_0020_surprise_0020_001507,0020,surprise,happy,True,0.42857142857142855,0.668941855430603,False,0,0,Tom and Michael woke up next morning.,Hamm and Michael woke up next morning giving,Voxtral_EN
00985_0020_surprise_0020_001710,0020,surprise,happy,True,0.2727272727272727,0.9749531745910645,True,1,1,Why it is just like the round egg which sounds thin?,"Why, it is just like the round egg, which sounds thin.",Voxtral_EN
00986_0020_surprise_0020_001553,0020,surprise,happy,True,0.0,1.0,True,skip_identical,1,But we are not high yet.,But we are not high yet.,Voxtral_EN
00987_0020_surprise_0020_001597,0020,surprise,happy,False,0.5714285714285714,0.38036131858825684,False,0,0,"Fur flew through the air, teeth gnashed.","For her flew through the air, Tisk-nash!",Voxtral_EN
00988_0020_surprise_0020_001490,0020,surprise,happy,True,0.2,0.9908668398857117,True,skip_high_sim,1,And they did push so.,And they did push so,Voxtral_EN
00989_0020_surprise_0020_001522,0020,surprise,happy,True,0.2,0.5996730327606201,False,0,0,Am I an absolute pauper?,Am I an absolute topper?,Voxtral_EN
00990_0020_surprise_0020_001448,0020,surprise,happy,True,0.25,0.8921499252319336,True,0,0,"You are not a runaway, who are you?","You are not a runaway through, are you?",Voxtral_EN
00991_0020_surprise_0020_001711,0020,surprise,happy,True,0.2,0.8580322861671448,True,1,1,I am safe back again?,I am safe back again.,Voxtral_EN
00992_0020_surprise_0020_001539,0020,surprise,happy,False,0.6,0.6025654673576355,False,0,0,Cuckoo's in down-headed and crying.,Haku's in Downheaded and Cry.,Voxtral_EN
00993_0020_surprise_0020_001424,0020,surprise,happy,True,0.0,1.0000001192092896,True,skip_identical,1,The football team gives a tea party.,The football team gives a tea party.,Voxtral_EN
00994_0020_surprise_0020_001518,0020,surprise,happy,True,0.25,0.9084547758102417,True,0,0,"Look out, said Alice.","Look out, fed Alice.",Voxtral_EN
00995_0020_surprise_0020_001578,0020,surprise,happy,True,0.2857142857142857,0.9599008560180664,True,1,1,And vowed he'd change the pigtail's place.,and vowed he'd change the pig-tails place.,Voxtral_EN
00996_0020_surprise_0020_001486,0020,surprise,happy,True,0.0,1.0,True,skip_identical,1,And tick and tack too.,And tick and tack too.,Voxtral_EN
00997_0020_surprise_0020_001504,0020,surprise,happy,True,0.6666666666666666,0.4606979489326477,False,0,0,Here am I whom you seek.,Here a ham I in whom you see.,Voxtral_EN
00998_0020_surprise_0020_001476,0020,surprise,happy,True,0.0,1.0,True,skip_identical,1,The hag looked in the stove.,The hag looked in the stove.,Voxtral_EN
00999_0020_surprise_0020_001610,0020,surprise,happy,True,0.25,0.9916435480117798,True,skip_high_sim,1,It weighs 7.5 kilogram.,It weighs 7.5 kilograms.,Voxtral_EN
