{
  "sample_id": "01429_0002_angry_0002_000562",
  "path": "/data1/lixiang/OpenS2S_dataset/ESD/CN/0002/Angry/0002_000562.wav",
  "speaker_id": "0002",
  "ground_truth_emotion": "angry",
  "target_emotion": "happy",
  "emo_text_clean": [
    "\u6124\u6012",
    "\u6124\u6012",
    "\u4f60\u6839\u672c\u4e0d\u61c2\u6211\u597d\u5417"
  ],
  "emo_text_adv": [
    "happy",
    "happy",
    "happy"
  ],
  "emo_pred_clean": [
    "",
    "",
    ""
  ],
  "emo_pred_adv": [
    "happy",
    "happy",
    "happy"
  ],
  "asr_text_clean": "\u6211\u8fd8\u4f1a\u966a\u4f60",
  "asr_text_adv": "\u6211\u8fd8\u4f1a\u966a\u4f60",
  "success_emo": true,
  "wer": 0.0,
  "semantic_sim": 0.9999999403953552,
  "semantic_preserved": true,
  "delta_linf": 0.008000016212463379,
  "delta_l2": 1.0708963871002197,
  "snr_db": 24.17793093621995,
  "grad_norm_trace": [
    154.1784210205078,
    143.38970947265625,
    225.8013916015625,
    96.2793197631836,
    36.54356002807617,
    54.19655227661133,
    31.673418045043945,
    74.90998077392578,
    1150.15185546875,
    86.08252716064453,
    33.68696212768555,
    22.542007446289062,
    30.603469848632812,
    41.49431228637695,
    44.37818908691406,
    38.31349182128906,
    60.49550247192383,
    81.51213073730469,
    59.30096435546875,
    147.3634033203125,
    66.01476287841797,
    66.55962371826172,
    58.426414489746094,
    66.0408706665039,
    46.45828628540039,
    37.83030700683594,
    110.12557983398438,
    29.114612579345703,
    58.52131271362305,
    41.9403190612793,
    25.589536666870117,
    41.11860275268555,
    77.21791076660156,
    34.09331512451172,
    19.240585327148438,
    53.42951202392578,
    18.52587890625,
    55.659183502197266,
    21.68864631652832,
    17.997114181518555,
    13.274624824523926,
    15.911624908447266,
    43.433780670166016,
    15.661484718322754,
    56.632511138916016,
    23.923311233520508,
    24.46038246154785,
    18.583738327026367,
    28.706533432006836,
    11.003888130187988,
    10.208043098449707,
    12.035951614379883,
    29.241016387939453,
    32.13250732421875,
    52.35541915893555,
    24.510467529296875,
    12.44469165802002,
    20.565526962280273,
    66.92181396484375,
    20.380172729492188
  ],
  "loss_trace": [
    {
      "step": 0,
      "total": 10.279944710814952,
      "emo": 10.279891967773438,
      "asr": 0.5274304151535034,
      "per": 0.0,
      "lambda_emo": 1.0,
      "lambda_asr": 0.0001,
      "lambda_per": 0.0
    },
    {
      "step": 1,
      "total": 10.188581213343143,
      "emo": 10.188541412353516,
      "asr": 0.39800989627838135,
      "per": 0.005978274624794722,
      "lambda_emo": 1.0,
      "lambda_asr": 0.0001,
      "lambda_per": 0.0
    },
    {
      "step": 2,
      "total": 8.025147276234627,
      "emo": 8.02510929107666,
      "asr": 0.3798515796661377,
      "per": 0.012436971068382263,
      "lambda_emo": 1.0,
      "lambda_asr": 0.0001,
      "lambda_per": 0.0
    },
    {
      "step": 3,
      "total": 6.332127198460698,
      "emo": 6.332096099853516,
      "asr": 0.31098607182502747,
      "per": 0.018643593415617943,
      "lambda_emo": 1.0,
      "lambda_asr": 0.0001,
      "lambda_per": 0.0
    },
    {
      "step": 4,
      "total": 4.149433406320214,
      "emo": 4.149387359619141,
      "asr": 0.46046701073646545,
      "per": 0.018255874514579773,
      "lambda_emo": 1.0,
      "lambda_asr": 0.0001,
      "lambda_per": 0.0
    },
    {
      "step": 5,
      "total": 4.70993335750103,
      "emo": 4.709906578063965,
      "asr": 0.2677943706512451,
      "per": 0.017834780737757683,
      "lambda_emo": 1.0,
      "lambda_asr": 0.0001,
      "lambda_per": 0.0
    },
    {
      "step": 6,
      "total": 3.417728958287835,
      "emo": 3.4176909923553467,
      "asr": 0.3796593248844147,
      "per": 0.022387346252799034,
      "lambda_emo": 1.0,
      "lambda_asr": 0.0001,
      "lambda_per": 0.0
    },
    {
      "step": 7,
      "total": 3.2130272244304416,
      "emo": 3.212994337081909,
      "asr": 0.32887348532676697,
      "per": 0.020008783787488937,
      "lambda_emo": 1.0,
      "lambda_asr": 0.0001,
      "lambda_per": 0.0
    },
    {
      "step": 8,
      "total": 4.190892804507911,
      "emo": 4.190872669219971,
      "asr": 0.20135287940502167,
      "per": 0.026905745267868042,
      "lambda_emo": 1.0,
      "lambda_asr": 0.0001,
      "lambda_per": 0.0
    },
    {
      "step": 9,
      "total": 4.653673065167665,
      "emo": 4.653641700744629,
      "asr": 0.3136442303657532,
      "per": 0.03426283225417137,
      "lambda_emo": 1.0,
      "lambda_asr": 0.0001,
      "lambda_per": 0.0
    },
    {
      "step": 10,
      "total": 4.062793317121267,
      "emo": 4.062768936157227,
      "asr": 0.24380964040756226,
      "per": 0.03543310984969139,
      "lambda_emo": 1.0,
      "lambda_asr": 0.0001,
      "lambda_per": 0.0
    },
    {
      "step": 11,
      "total": 3.9802542853981255,
      "emo": 3.9802284240722656,
      "asr": 0.258613258600235,
      "per": 0.046211954206228256,
      "lambda_emo": 1.0,
      "lambda_asr": 0.0001,
      "lambda_per": 0.0
    },
    {
      "step": 12,
      "total": 3.6242585130259393,
      "emo": 3.624234914779663,
      "asr": 0.23598246276378632,
      "per": 0.0363331064581871,
      "lambda_emo": 1.0,
      "lambda_asr": 0.0001,
      "lambda_per": 0.0
    },
    {
      "step": 13,
      "total": 3.6985334589764474,
      "emo": 3.6985087394714355,
      "asr": 0.2471950501203537,
      "per": 0.03776829317212105,
      "lambda_emo": 1.0,
      "lambda_asr": 0.0001,
      "lambda_per": 0.0
    },
    {
      "step": 14,
      "total": 3.4626965126350524,
      "emo": 3.4626779556274414,
      "asr": 0.18557007610797882,
      "per": 0.035053618252277374,
      "lambda_emo": 1.0,
      "lambda_asr": 0.0001,
      "lambda_per": 0.0
    },
    {
      "step": 15,
      "total": 3.3391278183296325,
      "emo": 3.3391082286834717,
      "asr": 0.1958964616060257,
      "per": 0.03908543288707733,
      "lambda_emo": 1.0,
      "lambda_asr": 0.0001,
      "lambda_per": 0.0
    },
    {
      "step": 16,
      "total": 3.301716857600212,
      "emo": 3.3016982078552246,
      "asr": 0.18649744987487793,
      "per": 0.04599647969007492,
      "lambda_emo": 1.0,
      "lambda_asr": 0.0001,
      "lambda_per": 0.0
    },
    {
      "step": 17,
      "total": 3.4228430428370835,
      "emo": 3.4228200912475586,
      "asr": 0.2295158952474594,
      "per": 0.046683117747306824,
      "lambda_emo": 1.0,
      "lambda_asr": 0.0001,
      "lambda_per": 0.0
    },
    {
      "step": 18,
      "total": 3.0743483012899757,
      "emo": 3.074329137802124,
      "asr": 0.1916348785161972,
      "per": 0.039153650403022766,
      "lambda_emo": 1.0,
      "lambda_asr": 0.0001,
      "lambda_per": 0.0
    },
    {
      "step": 19,
      "total": 2.719043924249709,
      "emo": 2.719027280807495,
      "asr": 0.1664344221353531,
      "per": 0.04106321558356285,
      "lambda_emo": 1.0,
      "lambda_asr": 0.0001,
      "lambda_per": 0.0
    },
    {
      "step": 20,
      "total": 3.0755682213696094,
      "emo": 3.073535680770874,
      "asr": 0.20322012901306152,
      "per": 0.033930860459804535,
      "lambda_emo": 1.0,
      "lambda_asr": 0.01,
      "lambda_per": 1e-05
    },
    {
      "step": 21,
      "total": 2.095591246011704,
      "emo": 2.0938024520874023,
      "asr": 0.17883192002773285,
      "per": 0.047472402453422546,
      "lambda_emo": 1.0,
      "lambda_asr": 0.01,
      "lambda_per": 1e-05
    },
    {
      "step": 22,
      "total": 2.157837586103454,
      "emo": 2.1561343669891357,
      "asr": 0.17028875648975372,
      "per": 0.033154942095279694,
      "lambda_emo": 1.0,
      "lambda_asr": 0.01,
      "lambda_per": 1e-05
    },
    {
      "step": 23,
      "total": 2.5907266218843312,
      "emo": 2.5886542797088623,
      "asr": 0.2071913629770279,
      "per": 0.04285456985235214,