{
  "sample_id": "01420_0002_angry_0002_000614",
  "path": "/data1/lixiang/OpenS2S_dataset/ESD/CN/0002/Angry/0002_000614.wav",
  "speaker_id": "0002",
  "ground_truth_emotion": "angry",
  "target_emotion": "happy",
  "emo_text_clean": [
    "Angry",
    "Angry",
    "\u542c\u8d77\u6765"
  ],
  "emo_text_adv": [
    "Happy",
    "Happy",
    "Happy"
  ],
  "emo_pred_clean": [
    "angry",
    "angry",
    ""
  ],
  "emo_pred_adv": [
    "happy",
    "happy",
    "happy"
  ],
  "asr_text_clean": "\u4f60\u542c\u8d77\u6765",
  "asr_text_adv": "You sound really happy!",
  "success_emo": true,
  "wer": 4.0,
  "semantic_sim": 0.6487094163894653,
  "semantic_preserved": false,
  "delta_linf": 0.008000001311302185,
  "delta_l2": 0.9998520016670227,
  "snr_db": 19.712595284166987,
  "grad_norm_trace": [
    285.6282958984375,
    720.7190551757812,
    352.9862365722656,
    106.3350830078125,
    111.87504577636719,
    177.08822631835938,
    108.43090057373047,
    164.8499755859375,
    88.18367004394531,
    63.29289245605469,
    83.11980438232422,
    87.9567642211914,
    46.07206344604492,
    100.97600555419922,
    182.55543518066406,
    36.201961517333984,
    41.63603210449219,
    60.5232048034668,
    27.36062240600586,
    54.537052154541016,
    94.95781707763672,
    152.5322265625,
    57.23579025268555,
    48.15141677856445,
    50.94603729248047,
    77.0383071899414,
    38.722496032714844,
    78.20095825195312,
    45.700767517089844,
    44.61507034301758,
    93.60232543945312,
    55.407833099365234,
    196.71575927734375,
    25.121990203857422,
    66.55204010009766,
    56.73694610595703,
    20.16736602783203,
    37.7775993347168,
    24.77896499633789,
    26.692922592163086,
    41.61140060424805,
    28.76332664489746,
    32.53324508666992,
    246.8998260498047,
    55.50084686279297,
    100.23725891113281,
    33.673980712890625,
    28.478981018066406,
    21.589933395385742,
    31.446399688720703,
    28.49837303161621,
    32.92594909667969,
    20.045209884643555,
    24.18984031677246,
    23.297161102294922,
    25.307838439941406,
    25.492454528808594,
    20.31273651123047,
    25.83732032775879,
    71.5442123413086
  ],
  "loss_trace": [
    {
      "step": 0,
      "total": 11.117157161915303,
      "emo": 11.117082595825195,
      "asr": 0.7456609010696411,
      "per": 0.0,
      "lambda_emo": 1.0,
      "lambda_asr": 0.0001,
      "lambda_per": 0.0
    },
    {
      "step": 1,
      "total": 11.193990213739871,
      "emo": 11.193853378295898,
      "asr": 1.3683544397354126,
      "per": 0.012123681604862213,
      "lambda_emo": 1.0,
      "lambda_asr": 0.0001,
      "lambda_per": 0.0
    },
    {
      "step": 2,
      "total": 6.805620880162716,
      "emo": 6.805489540100098,
      "asr": 1.3134006261825562,
      "per": 0.03836572915315628,
      "lambda_emo": 1.0,
      "lambda_asr": 0.0001,
      "lambda_per": 0.0
    },
    {
      "step": 3,
      "total": 5.54250133574009,
      "emo": 5.542239189147949,
      "asr": 2.6214659214019775,
      "per": 0.03960905224084854,
      "lambda_emo": 1.0,
      "lambda_asr": 0.0001,
      "lambda_per": 0.0
    },
    {
      "step": 4,
      "total": 5.539587469553948,
      "emo": 5.539311408996582,
      "asr": 2.760605573654175,
      "per": 0.03686448559165001,
      "lambda_emo": 1.0,
      "lambda_asr": 0.0001,
      "lambda_per": 0.0
    },
    {
      "step": 5,
      "total": 4.85209962733984,
      "emo": 4.852042198181152,
      "asr": 0.5742915868759155,
      "per": 0.036729827523231506,
      "lambda_emo": 1.0,
      "lambda_asr": 0.0001,
      "lambda_per": 0.0
    },
    {
      "step": 6,
      "total": 4.411054535579681,
      "emo": 4.410851955413818,
      "asr": 2.025801658630371,
      "per": 0.038068629801273346,
      "lambda_emo": 1.0,
      "lambda_asr": 0.0001,
      "lambda_per": 0.0
    },
    {
      "step": 7,
      "total": 3.578393364906311,
      "emo": 3.5782127380371094,
      "asr": 1.8062686920166016,
      "per": 0.047636479139328,
      "lambda_emo": 1.0,
      "lambda_asr": 0.0001,
      "lambda_per": 0.0
    },
    {
      "step": 8,
      "total": 3.2433792301416395,
      "emo": 3.243246078491211,
      "asr": 1.3315165042877197,
      "per": 0.04881858080625534,
      "lambda_emo": 1.0,
      "lambda_asr": 0.0001,
      "lambda_per": 0.0
    },
    {
      "step": 9,
      "total": 3.024798077881336,
      "emo": 3.0246970653533936,
      "asr": 1.0101252794265747,
      "per": 0.035500556230545044,
      "lambda_emo": 1.0,
      "lambda_asr": 0.0001,
      "lambda_per": 0.0
    },
    {
      "step": 10,
      "total": 3.057073301267624,
      "emo": 3.0569896697998047,
      "asr": 0.8363146781921387,
      "per": 0.04428354650735855,
      "lambda_emo": 1.0,
      "lambda_asr": 0.0001,
      "lambda_per": 0.0
    },
    {
      "step": 11,
      "total": 2.779470888900757,
      "emo": 2.7794158458709717,
      "asr": 0.5504302978515625,
      "per": 0.050559453666210175,
      "lambda_emo": 1.0,
      "lambda_asr": 0.0001,
      "lambda_per": 0.0
    },
    {
      "step": 12,
      "total": 2.4483319647789004,
      "emo": 2.4482221603393555,
      "asr": 1.0980443954467773,
      "per": 0.035324279218912125,
      "lambda_emo": 1.0,
      "lambda_asr": 0.0001,
      "lambda_per": 0.0
    },
    {
      "step": 13,
      "total": 2.686212274158001,
      "emo": 2.6860809326171875,
      "asr": 1.3134154081344604,
      "per": 0.040257930755615234,
      "lambda_emo": 1.0,
      "lambda_asr": 0.0001,
      "lambda_per": 0.0
    },
    {
      "step": 14,
      "total": 2.3087562481462958,
      "emo": 2.3086633682250977,
      "asr": 0.9287992119789124,
      "per": 0.04639337956905365,
      "lambda_emo": 1.0,
      "lambda_asr": 0.0001,
      "lambda_per": 0.0
    },
    {
      "step": 15,
      "total": 2.1442824325323104,
      "emo": 2.144158363342285,
      "asr": 1.240691900253296,
      "per": 0.04795830696821213,
      "lambda_emo": 1.0,
      "lambda_asr": 0.0001,
      "lambda_per": 0.0
    },
    {
      "step": 16,
      "total": 1.8657491246700286,
      "emo": 1.865612268447876,
      "asr": 1.3685622215270996,
      "per": 0.036089397966861725,
      "lambda_emo": 1.0,
      "lambda_asr": 0.0001,
      "lambda_per": 0.0
    },
    {
      "step": 17,
      "total": 2.2384794280290605,
      "emo": 2.238252878189087,
      "asr": 2.265498399734497,
      "per": 0.046022385358810425,
      "lambda_emo": 1.0,
      "lambda_asr": 0.0001,
      "lambda_per": 0.0
    },
    {
      "step": 18,
      "total": 1.9434068761944772,
      "emo": 1.9432642459869385,
      "asr": 1.4263020753860474,
      "per": 0.03650698810815811,
      "lambda_emo": 1.0,
      "lambda_asr": 0.0001,
      "lambda_per": 0.0
    },
    {
      "step": 19,
      "total": 2.2465208221912385,
      "emo": 2.246420383453369,
      "asr": 1.004387378692627,
      "per": 0.046837832778692245,
      "lambda_emo": 1.0,
      "lambda_asr": 0.0001,
      "lambda_per": 0.0
    },
    {
      "step": 20,
      "total": 2.017800009338781,
      "emo": 2.0044829845428467,
      "asr": 1.3316607475280762,
      "per": 0.0417320653796196,
      "lambda_emo": 1.0,
      "lambda_asr": 0.01,
      "lambda_per": 1e-05
    },
    {
      "step": 21,
      "total": 2.1872680396547914,
      "emo": 2.1784095764160156,
      "asr": 0.8858082890510559,
      "per": 0.0380348265171051,
      "lambda_emo": 1.0,
      "lambda_asr": 0.01,
      "lambda_per": 1e-05
    },
    {
      "step": 22,
      "total": 2.1864629771904647,
      "emo": 2.1720237731933594,
      "asr": 1.4438834190368652,
      "per": 0.03698067367076874,
      "lambda_emo": 1.0,
      "lambda_asr": 0.01,
      "lambda_per": 1e-05
    },
    {
      "step": 23,
      "total": 2.0215428011528402,
      "emo": 2.010728597640991,
      "asr": 1.0813817977905273,
      "per": 0.0385533943772316,
      "lambda_emo": 1.0,
      "lambda_asr": 0.01,