{
  "sample_id": "01426_0002_angry_0002_000602",
  "path": "/data1/lixiang/OpenS2S_dataset/ESD/CN/0002/Angry/0002_000602.wav",
  "speaker_id": "0002",
  "ground_truth_emotion": "angry",
  "target_emotion": "happy",
  "emo_text_clean": [
    "Angry.",
    "Angry.",
    "\u54ce\u5440\uff0c\u542c\u8d77\u6765"
  ],
  "emo_text_adv": [
    "Neutral",
    "Neutral",
    "Happy!"
  ],
  "emo_pred_clean": [
    "angry",
    "angry",
    ""
  ],
  "emo_pred_adv": [
    "neutral",
    "neutral",
    "happy"
  ],
  "asr_text_clean": "\u4f60\u542c\u8d77\u6765",
  "asr_text_adv": "\u6211\u662f\u4e2a\u6e38\u620f\u8ff7\u3002",
  "success_emo": false,
  "wer": 1.0,
  "semantic_sim": 0.20971685647964478,
  "semantic_preserved": false,
  "delta_linf": 0.008000001311302185,
  "delta_l2": 0.8998410701751709,
  "snr_db": 17.35929727088213,
  "grad_norm_trace": [
    1276.7012939453125,
    840.211181640625,
    163.57861328125,
    35.382930755615234,
    28.476137161254883,
    33.30305862426758,
    26.76735496520996,
    30.97838592529297,
    145.40126037597656,
    50.03705596923828,
    260.0481872558594,
    89.51195526123047,
    82.71522521972656,
    21.365758895874023,
    19.67120933532715,
    21.444406509399414,
    39.91032791137695,
    35.892913818359375,
    21.35843849182129,
    26.097139358520508,
    28.27455711364746,
    18.276695251464844,
    26.913333892822266,
    22.553646087646484,
    23.340869903564453,
    22.556396484375,
    21.59821891784668,
    28.972536087036133,
    24.813701629638672,
    32.66196060180664,
    36.981624603271484,
    31.604145050048828,
    21.697664260864258,
    25.381181716918945,
    43.276145935058594,
    28.300994873046875,
    23.75752067565918,
    23.511573791503906,
    21.201086044311523,
    26.102176666259766,
    23.862186431884766,
    38.576171875,
    40.83546447753906,
    52.264183044433594,
    36.848304748535156,
    90.8835678100586,
    87.49198913574219,
    24.12178611755371,
    30.443456649780273,
    92.31131744384766,
    25.4864444732666,
    20.908227920532227,
    28.09359359741211,
    45.74102783203125,
    136.17176818847656,
    54.731971740722656,
    37.22920227050781,
    31.620990753173828,
    46.81259536743164,
    36.6746711730957
  ],
  "loss_trace": [
    {
      "step": 0,
      "total": 13.44247026513815,
      "emo": 13.442416191101074,
      "asr": 0.5407403707504272,
      "per": 0.0,
      "lambda_emo": 1.0,
      "lambda_asr": 0.0001,
      "lambda_per": 0.0
    },
    {
      "step": 1,
      "total": 9.17435159482956,
      "emo": 9.174217224121094,
      "asr": 1.3437070846557617,
      "per": 0.017329096794128418,
      "lambda_emo": 1.0,
      "lambda_asr": 0.0001,
      "lambda_per": 0.0
    },
    {
      "step": 2,
      "total": 5.759586654281616,
      "emo": 5.759234428405762,
      "asr": 3.522258758544922,
      "per": 0.0474095344543457,
      "lambda_emo": 1.0,
      "lambda_asr": 0.0001,
      "lambda_per": 0.0
    },
    {
      "step": 3,
      "total": 5.094870041704178,
      "emo": 5.094470024108887,
      "asr": 4.000175952911377,
      "per": 0.0427713617682457,
      "lambda_emo": 1.0,
      "lambda_asr": 0.0001,
      "lambda_per": 0.0
    },
    {
      "step": 4,
      "total": 4.950587889242172,
      "emo": 4.950226783752441,
      "asr": 3.6110548973083496,
      "per": 0.03839650750160217,
      "lambda_emo": 1.0,
      "lambda_asr": 0.0001,
      "lambda_per": 0.0
    },
    {
      "step": 5,
      "total": 4.759842881250382,
      "emo": 4.759427547454834,
      "asr": 4.1533379554748535,
      "per": 0.03684249892830849,
      "lambda_emo": 1.0,
      "lambda_asr": 0.0001,
      "lambda_per": 0.0
    },
    {
      "step": 6,
      "total": 4.588995566678047,
      "emo": 4.588604927062988,
      "asr": 3.9063961505889893,
      "per": 0.04454919695854187,
      "lambda_emo": 1.0,
      "lambda_asr": 0.0001,
      "lambda_per": 0.0
    },
    {
      "step": 7,
      "total": 4.555668281173706,
      "emo": 4.555301666259766,
      "asr": 3.666149139404297,
      "per": 0.03919539600610733,
      "lambda_emo": 1.0,
      "lambda_asr": 0.0001,
      "lambda_per": 0.0
    },
    {
      "step": 8,
      "total": 4.248015716648101,
      "emo": 4.247608661651611,
      "asr": 4.070549964904785,
      "per": 0.05028245598077774,
      "lambda_emo": 1.0,
      "lambda_asr": 0.0001,
      "lambda_per": 0.0
    },
    {
      "step": 9,
      "total": 3.6882546781539918,
      "emo": 3.6877875328063965,
      "asr": 4.671453475952148,
      "per": 0.03816436231136322,
      "lambda_emo": 1.0,
      "lambda_asr": 0.0001,
      "lambda_per": 0.0
    },
    {
      "step": 10,
      "total": 4.033006301403046,
      "emo": 4.032593727111816,
      "asr": 4.1257429122924805,
      "per": 0.03965465724468231,
      "lambda_emo": 1.0,
      "lambda_asr": 0.0001,
      "lambda_per": 0.0
    },
    {
      "step": 11,
      "total": 3.769863346576691,
      "emo": 3.769381284713745,
      "asr": 4.820618629455566,
      "per": 0.054601799696683884,
      "lambda_emo": 1.0,
      "lambda_asr": 0.0001,
      "lambda_per": 0.0
    },
    {
      "step": 12,
      "total": 3.920391310739517,
      "emo": 3.9199633598327637,
      "asr": 4.2795090675354,
      "per": 0.042879294604063034,
      "lambda_emo": 1.0,
      "lambda_asr": 0.0001,
      "lambda_per": 0.0
    },
    {
      "step": 13,
      "total": 3.3858965252876283,
      "emo": 3.385430335998535,
      "asr": 4.661892890930176,
      "per": 0.044439565390348434,
      "lambda_emo": 1.0,
      "lambda_asr": 0.0001,
      "lambda_per": 0.0
    },
    {
      "step": 14,
      "total": 3.0023068185329436,
      "emo": 3.0018415451049805,
      "asr": 4.652734279632568,
      "per": 0.04103998467326164,
      "lambda_emo": 1.0,
      "lambda_asr": 0.0001,
      "lambda_per": 0.0
    },
    {
      "step": 15,
      "total": 3.0410636350154876,
      "emo": 3.040586233139038,
      "asr": 4.77401876449585,
      "per": 0.045369766652584076,
      "lambda_emo": 1.0,
      "lambda_asr": 0.0001,
      "lambda_per": 0.0
    },
    {
      "step": 16,
      "total": 3.0631934138298034,
      "emo": 3.062710762023926,
      "asr": 4.8265180587768555,
      "per": 0.05298307538032532,
      "lambda_emo": 1.0,
      "lambda_asr": 0.0001,
      "lambda_per": 0.0
    },
    {
      "step": 17,
      "total": 3.055081734275818,
      "emo": 3.0546233654022217,
      "asr": 4.583688735961914,
      "per": 0.05390676483511925,
      "lambda_emo": 1.0,
      "lambda_asr": 0.0001,
      "lambda_per": 0.0
    },
    {
      "step": 18,
      "total": 2.9726956686019896,
      "emo": 2.9722278118133545,
      "asr": 4.678567886352539,
      "per": 0.044996947050094604,
      "lambda_emo": 1.0,
      "lambda_asr": 0.0001,
      "lambda_per": 0.0
    },
    {
      "step": 19,
      "total": 2.7938566440582275,
      "emo": 2.793395519256592,
      "asr": 4.611248016357422,
      "per": 0.04682517051696777,
      "lambda_emo": 1.0,
      "lambda_asr": 0.0001,
      "lambda_per": 0.0
    },
    {
      "step": 20,
      "total": 2.7564062557196616,
      "emo": 2.707507848739624,
      "asr": 4.889801979064941,
      "per": 0.03871893882751465,
      "lambda_emo": 1.0,
      "lambda_asr": 0.01,
      "lambda_per": 1e-05
    },
    {
      "step": 21,
      "total": 2.6452055154128002,
      "emo": 2.599513053894043,
      "asr": 4.569192409515381,
      "per": 0.053742360323667526,
      "lambda_emo": 1.0,
      "lambda_asr": 0.01,
      "lambda_per": 1e-05
    },
    {
      "step": 22,
      "total": 2.654311481291875,
      "emo": 2.607682943344116,
      "asr": 4.662816524505615,
      "per": 0.03727027028799057,
      "lambda_emo": 1.0,
      "lambda_asr": 0.01,
      "lambda_per": 1e-05
    },
    {
      "step": 23,
      "total": 2.7361694050703944,
      "emo": 2.6857848167419434,
      "asr": 5.038410663604736,
      "per": 0.04816924035549164,
      "lambda_emo": 1.0,
      "lambda_asr": 0.01,