{
  "sample_id": "01496_0002_angry_0002_000590",
  "path": "/data1/lixiang/OpenS2S_dataset/ESD/CN/0002/Angry/0002_000590.wav",
  "speaker_id": "0002",
  "ground_truth_emotion": "angry",
  "target_emotion": "happy",
  "emo_text_clean": [
    "Angry.",
    "angry",
    "\u5927\u7ea6\u4e00\u4e2a\u5c0f\u65f6"
  ],
  "emo_text_adv": [
    "Happy",
    "Happy",
    "Happy"
  ],
  "emo_pred_clean": [
    "angry",
    "angry",
    ""
  ],
  "emo_pred_adv": [
    "happy",
    "happy",
    "happy"
  ],
  "asr_text_clean": "\u5927\u7ea6\u4e00\u4e2a\u5c0f\u65f6",
  "asr_text_adv": "\u5927\u7ea6\u4e00\u4e2a\u5c0f\u65f6",
  "success_emo": true,
  "wer": 0.0,
  "semantic_sim": 1.000000238418579,
  "semantic_preserved": true,
  "delta_linf": 0.008000001311302185,
  "delta_l2": 0.8570442199707031,
  "snr_db": 22.776868745099144,
  "grad_norm_trace": [
    202.2097625732422,
    108.34648895263672,
    192.96026611328125,
    129.5800323486328,
    70.68331909179688,
    57.60627746582031,
    66.19461059570312,
    74.62274169921875,
    115.85977935791016,
    192.90399169921875,
    55.421329498291016,
    43.822505950927734,
    51.82098388671875,
    152.39718627929688,
    50.68848419189453,
    47.74856185913086,
    33.63928985595703,
    46.411705017089844,
    47.49168014526367,
    50.89643859863281,
    25.777240753173828,
    49.39118576049805,
    27.69894027709961,
    63.43444061279297,
    67.96658325195312,
    34.33361053466797,
    21.764049530029297,
    21.992128372192383,
    52.04307174682617,
    76.13648986816406,
    47.462562561035156,
    27.503559112548828,
    52.38711166381836,
    50.99277877807617,
    37.960567474365234,
    104.2391128540039,
    57.2980842590332,
    35.98685836791992,
    43.406768798828125,
    28.071474075317383,
    54.90807342529297,
    26.287870407104492,
    42.50929641723633,
    29.42890739440918,
    18.91010093688965,
    42.678226470947266,
    25.598217010498047,
    16.011430740356445,
    38.405982971191406,
    23.82064437866211,
    22.29732894897461,
    26.243515014648438,
    18.358491897583008,
    23.038192749023438,
    16.465293884277344,
    18.007509231567383,
    50.210289001464844,
    22.7316951751709,
    26.17683982849121,
    41.428863525390625
  ],
  "loss_trace": [
    {
      "step": 0,
      "total": 10.414710733114182,
      "emo": 10.414697647094727,
      "asr": 0.13086019456386566,
      "per": 0.0,
      "lambda_emo": 1.0,
      "lambda_asr": 0.0001,
      "lambda_per": 0.0
    },
    {
      "step": 1,
      "total": 9.944765469221771,
      "emo": 9.944753646850586,
      "asr": 0.11822371184825897,
      "per": 0.010677561163902283,
      "lambda_emo": 1.0,
      "lambda_asr": 0.0001,
      "lambda_per": 0.0
    },
    {
      "step": 2,
      "total": 7.1285469930209215,
      "emo": 7.1285400390625,
      "asr": 0.06953958421945572,
      "per": 0.015671968460083008,
      "lambda_emo": 1.0,
      "lambda_asr": 0.0001,
      "lambda_per": 0.0
    },
    {
      "step": 3,
      "total": 6.403999898140878,
      "emo": 6.403989315032959,
      "asr": 0.105831079185009,
      "per": 0.019007638096809387,
      "lambda_emo": 1.0,
      "lambda_asr": 0.0001,
      "lambda_per": 0.0
    },
    {
      "step": 4,
      "total": 6.022937705839425,
      "emo": 6.022927761077881,
      "asr": 0.09944761544466019,
      "per": 0.028430640697479248,
      "lambda_emo": 1.0,
      "lambda_asr": 0.0001,
      "lambda_per": 0.0
    },
    {
      "step": 5,
      "total": 5.606024252551794,
      "emo": 5.605950832366943,
      "asr": 0.7342018485069275,
      "per": 0.025568585842847824,
      "lambda_emo": 1.0,
      "lambda_asr": 0.0001,
      "lambda_per": 0.0
    },
    {
      "step": 6,
      "total": 5.4398263685300945,
      "emo": 5.439806938171387,
      "asr": 0.19430358707904816,
      "per": 0.022746387869119644,
      "lambda_emo": 1.0,
      "lambda_asr": 0.0001,
      "lambda_per": 0.0
    },
    {
      "step": 7,
      "total": 4.877673147130013,
      "emo": 4.877603530883789,
      "asr": 0.6961624622344971,
      "per": 0.027706872671842575,
      "lambda_emo": 1.0,
      "lambda_asr": 0.0001,
      "lambda_per": 0.0
    },
    {
      "step": 8,
      "total": 4.497445111742616,
      "emo": 4.4974164962768555,
      "asr": 0.2861546576023102,
      "per": 0.0334925539791584,
      "lambda_emo": 1.0,
      "lambda_asr": 0.0001,
      "lambda_per": 0.0
    },
    {
      "step": 9,
      "total": 4.239794542435557,
      "emo": 4.239782333374023,
      "asr": 0.12209061533212662,
      "per": 0.037525441497564316,
      "lambda_emo": 1.0,
      "lambda_asr": 0.0001,
      "lambda_per": 0.0
    },
    {
      "step": 10,
      "total": 3.9832537452816963,
      "emo": 3.9832358360290527,
      "asr": 0.17909252643585205,
      "per": 0.02828371338546276,
      "lambda_emo": 1.0,
      "lambda_asr": 0.0001,
      "lambda_per": 0.0
    },
    {
      "step": 11,
      "total": 3.738541041110456,
      "emo": 3.738527297973633,
      "asr": 0.13743136823177338,
      "per": 0.030525488778948784,
      "lambda_emo": 1.0,
      "lambda_asr": 0.0001,
      "lambda_per": 0.0
    },
    {
      "step": 12,
      "total": 3.34483293152675,
      "emo": 3.3448219299316406,
      "asr": 0.11001595109701157,
      "per": 0.037601664662361145,
      "lambda_emo": 1.0,
      "lambda_asr": 0.0001,
      "lambda_per": 0.0
    },
    {
      "step": 13,
      "total": 3.802132333548367,
      "emo": 3.8021154403686523,
      "asr": 0.16893179714679718,
      "per": 0.03334654122591019,
      "lambda_emo": 1.0,
      "lambda_asr": 0.0001,
      "lambda_per": 0.0
    },
    {
      "step": 14,
      "total": 3.4251527801759543,
      "emo": 3.425142288208008,
      "asr": 0.1049196794629097,
      "per": 0.04284558445215225,
      "lambda_emo": 1.0,
      "lambda_asr": 0.0001,
      "lambda_per": 0.0
    },
    {
      "step": 15,
      "total": 3.2417445371970532,
      "emo": 3.241731643676758,
      "asr": 0.12893520295619965,
      "per": 0.04125267267227173,
      "lambda_emo": 1.0,
      "lambda_asr": 0.0001,
      "lambda_per": 0.0
    },
    {
      "step": 16,
      "total": 2.5126233596473933,
      "emo": 2.512610912322998,
      "asr": 0.12447324395179749,
      "per": 0.03982003778219223,
      "lambda_emo": 1.0,
      "lambda_asr": 0.0001,
      "lambda_per": 0.0
    },
    {
      "step": 17,
      "total": 2.7333845919013022,
      "emo": 2.7333712577819824,
      "asr": 0.13334119319915771,
      "per": 0.04456022009253502,
      "lambda_emo": 1.0,
      "lambda_asr": 0.0001,
      "lambda_per": 0.0
    },
    {
      "step": 18,
      "total": 2.437085631451756,
      "emo": 2.437073230743408,
      "asr": 0.12400708347558975,
      "per": 0.03676007688045502,
      "lambda_emo": 1.0,
      "lambda_asr": 0.0001,
      "lambda_per": 0.0
    },
    {
      "step": 19,
      "total": 2.709438849188387,
      "emo": 2.709425926208496,
      "asr": 0.12922979891300201,
      "per": 0.03828498721122742,
      "lambda_emo": 1.0,
      "lambda_asr": 0.0001,
      "lambda_per": 0.0
    },
    {
      "step": 20,
      "total": 2.2103925630561636,
      "emo": 2.2090463638305664,
      "asr": 0.13458792865276337,
      "per": 0.03199390694499016,
      "lambda_emo": 1.0,
      "lambda_asr": 0.01,
      "lambda_per": 1e-05
    },
    {
      "step": 21,
      "total": 2.0501173487532514,
      "emo": 2.0489373207092285,
      "asr": 0.11796210706233978,
      "per": 0.04069733992218971,
      "lambda_emo": 1.0,
      "lambda_asr": 0.01,
      "lambda_per": 1e-05
    },
    {
      "step": 22,
      "total": 1.9630517888926715,
      "emo": 1.9611810445785522,
      "asr": 0.1870381087064743,
      "per": 0.0363227054476738,
      "lambda_emo": 1.0,
      "lambda_asr": 0.01,
      "lambda_per": 1e-05
    },
    {
      "step": 23,
      "total": 1.9164539289607851,
      "emo": 1.915191411972046,
      "asr": 0.12621070444583893,
      "per": 0.04099442809820175,