{
  "sample_id": "01549_0002_angry_0002_000582",
  "path": "/data1/lixiang/OpenS2S_dataset/ESD/CN/0002/Angry/0002_000582.wav",
  "speaker_id": "0002",
  "ground_truth_emotion": "angry",
  "target_emotion": "happy",
  "emo_text_clean": [
    "Angry",
    "Angry",
    "\u4f60\u542c\u8d77\u6765"
  ],
  "emo_text_adv": [
    "Happy",
    "Happy",
    "Happy"
  ],
  "emo_pred_clean": [
    "angry",
    "angry",
    ""
  ],
  "emo_pred_adv": [
    "happy",
    "happy",
    "happy"
  ],
  "asr_text_clean": "\u4f60\u542c\u8d77\u6765",
  "asr_text_adv": "\"\u6211\u6700\u8fd1\u6b63\u5728\u52aa\u529b\u7ec3\u4e60\u68cb\u827a\u3002\"",
  "success_emo": true,
  "wer": 1.0,
  "semantic_sim": 0.31457817554473877,
  "semantic_preserved": false,
  "delta_linf": 0.008000001311302185,
  "delta_l2": 1.1189385652542114,
  "snr_db": 16.56973691493223,
  "grad_norm_trace": [
    399.525146484375,
    232.88722229003906,
    391.52001953125,
    139.40208435058594,
    93.4330825805664,
    487.3405456542969,
    85.51097869873047,
    95.29419708251953,
    120.17294311523438,
    109.25501251220703,
    36.52116775512695,
    47.0288200378418,
    129.26824951171875,
    43.73832321166992,
    251.1798553466797,
    86.4022445678711,
    74.87962341308594,
    108.626708984375,
    438.1370544433594,
    155.94512939453125,
    69.68843841552734,
    131.1266326904297,
    340.3110046386719,
    83.96536254882812,
    111.74866485595703,
    48.95646286010742,
    42.048736572265625,
    73.33706665039062,
    83.87901306152344,
    95.59129333496094,
    50.553226470947266,
    34.55692672729492,
    96.5417251586914,
    63.4094352722168,
    45.31333541870117,
    35.77861022949219,
    100.90403747558594,
    186.60855102539062,
    107.30384826660156,
    22.784549713134766,
    101.7866439819336,
    62.51226043701172,
    154.46389770507812,
    45.18289566040039,
    44.03278732299805,
    37.95124816894531,
    78.29946899414062,
    54.07634353637695,
    97.02400207519531,
    52.98356628417969,
    50.64846420288086,
    65.68392944335938,
    42.1812858581543,
    28.762516021728516,
    73.6021957397461,
    86.61610412597656,
    33.17467498779297,
    83.57806396484375,
    45.358211517333984,
    139.26068115234375
  ],
  "loss_trace": [
    {
      "step": 0,
      "total": 13.175173667043447,
      "emo": 13.175130844116211,
      "asr": 0.42822927236557007,
      "per": 0.0,
      "lambda_emo": 1.0,
      "lambda_asr": 0.0001,
      "lambda_per": 0.0
    },
    {
      "step": 1,
      "total": 6.641509059619904,
      "emo": 6.6410956382751465,
      "asr": 4.134213447570801,
      "per": 0.017315197736024857,
      "lambda_emo": 1.0,
      "lambda_asr": 0.0001,
      "lambda_per": 0.0
    },
    {
      "step": 2,
      "total": 5.933457837438583,
      "emo": 5.933180809020996,
      "asr": 2.7702841758728027,
      "per": 0.022917097434401512,
      "lambda_emo": 1.0,
      "lambda_asr": 0.0001,
      "lambda_per": 0.0
    },
    {
      "step": 3,
      "total": 4.277505607962608,
      "emo": 4.277182102203369,
      "asr": 3.2350575923919678,
      "per": 0.02879050374031067,
      "lambda_emo": 1.0,
      "lambda_asr": 0.0001,
      "lambda_per": 0.0
    },
    {
      "step": 4,
      "total": 3.781046501159668,
      "emo": 3.780658721923828,
      "asr": 3.8777923583984375,
      "per": 0.030465034767985344,
      "lambda_emo": 1.0,
      "lambda_asr": 0.0001,
      "lambda_per": 0.0
    },
    {
      "step": 5,
      "total": 3.2024997319936754,
      "emo": 3.2021567821502686,
      "asr": 3.4294984340667725,
      "per": 0.03528892993927002,
      "lambda_emo": 1.0,
      "lambda_asr": 0.0001,
      "lambda_per": 0.0
    },
    {
      "step": 6,
      "total": 4.366800314688683,
      "emo": 4.366462707519531,
      "asr": 3.3760716915130615,
      "per": 0.0381307527422905,
      "lambda_emo": 1.0,
      "lambda_asr": 0.0001,
      "lambda_per": 0.0
    },
    {
      "step": 7,
      "total": 3.128320547389984,
      "emo": 3.1278891563415527,
      "asr": 4.313910484313965,
      "per": 0.042328909039497375,
      "lambda_emo": 1.0,
      "lambda_asr": 0.0001,
      "lambda_per": 0.0
    },
    {
      "step": 8,
      "total": 3.6735803302049637,
      "emo": 3.6732470989227295,
      "asr": 3.332312822341919,
      "per": 0.04230312630534172,
      "lambda_emo": 1.0,
      "lambda_asr": 0.0001,
      "lambda_per": 0.0
    },
    {
      "step": 9,
      "total": 3.841032627940178,
      "emo": 3.8407092094421387,
      "asr": 3.234184980392456,
      "per": 0.04190785810351372,
      "lambda_emo": 1.0,
      "lambda_asr": 0.0001,
      "lambda_per": 0.0
    },
    {
      "step": 10,
      "total": 2.5795131385803223,
      "emo": 2.5791099071502686,
      "asr": 4.032314300537109,
      "per": 0.03701125457882881,
      "lambda_emo": 1.0,
      "lambda_asr": 0.0001,
      "lambda_per": 0.0
    },
    {
      "step": 11,
      "total": 2.644822371864319,
      "emo": 2.644367218017578,
      "asr": 4.551538467407227,
      "per": 0.03841855749487877,
      "lambda_emo": 1.0,
      "lambda_asr": 0.0001,
      "lambda_per": 0.0
    },
    {
      "step": 12,
      "total": 2.743281346321106,
      "emo": 2.7428059577941895,
      "asr": 4.753885269165039,
      "per": 0.036344826221466064,
      "lambda_emo": 1.0,
      "lambda_asr": 0.0001,
      "lambda_per": 0.0
    },
    {
      "step": 13,
      "total": 2.538748464345932,
      "emo": 2.5382766723632812,
      "asr": 4.717919826507568,
      "per": 0.037330809980630875,
      "lambda_emo": 1.0,
      "lambda_asr": 0.0001,
      "lambda_per": 0.0
    },
    {
      "step": 14,
      "total": 5.3685066772937775,
      "emo": 5.368251800537109,
      "asr": 2.548767566680908,
      "per": 0.041813984513282776,
      "lambda_emo": 1.0,
      "lambda_asr": 0.0001,
      "lambda_per": 0.0
    },
    {
      "step": 15,
      "total": 4.9689992853164675,
      "emo": 4.968597412109375,
      "asr": 4.018732070922852,
      "per": 0.03987594693899155,
      "lambda_emo": 1.0,
      "lambda_asr": 0.0001,
      "lambda_per": 0.0
    },
    {
      "step": 16,
      "total": 5.228112928390503,
      "emo": 5.227800369262695,
      "asr": 3.125591278076172,
      "per": 0.048440318554639816,
      "lambda_emo": 1.0,
      "lambda_asr": 0.0001,
      "lambda_per": 0.0
    },
    {
      "step": 17,
      "total": 3.3002118554115296,
      "emo": 3.299757719039917,
      "asr": 4.541363716125488,
      "per": 0.037861503660678864,
      "lambda_emo": 1.0,
      "lambda_asr": 0.0001,
      "lambda_per": 0.0
    },
    {
      "step": 18,
      "total": 3.3144507845401763,
      "emo": 3.314115524291992,
      "asr": 3.352602481842041,
      "per": 0.04282579571008682,
      "lambda_emo": 1.0,
      "lambda_asr": 0.0001,
      "lambda_per": 0.0
    },
    {
      "step": 19,
      "total": 3.36254493997097,
      "emo": 3.3622100353240967,
      "asr": 3.349046468734741,
      "per": 0.04954107850790024,
      "lambda_emo": 1.0,
      "lambda_asr": 0.0001,
      "lambda_per": 0.0
    },
    {
      "step": 20,
      "total": 2.7935435572566836,
      "emo": 2.7484130859375,
      "asr": 4.512996196746826,
      "per": 0.05093517154455185,
      "lambda_emo": 1.0,
      "lambda_asr": 0.01,
      "lambda_per": 1e-05
    },
    {
      "step": 21,
      "total": 3.418433308835924,
      "emo": 3.376682996749878,
      "asr": 4.174984931945801,
      "per": 0.04627665877342224,
      "lambda_emo": 1.0,
      "lambda_asr": 0.01,
      "lambda_per": 1e-05
    },
    {
      "step": 22,
      "total": 3.022432478028722,
      "emo": 2.9874911308288574,
      "asr": 3.494096279144287,
      "per": 0.03844084218144417,
      "lambda_emo": 1.0,
      "lambda_asr": 0.01,
      "lambda_per": 1e-05
    },
    {
      "step": 23,
      "total": 3.2344812984569,
      "emo": 3.188565731048584,
      "asr": 4.591504096984863,
      "per": 0.05264384672045708,
      "lambda_emo": 1.0,