{
  "sample_id": "01567_0002_angry_0002_000693",
  "path": "/data1/lixiang/OpenS2S_dataset/ESD/CN/0002/Angry/0002_000693.wav",
  "speaker_id": "0002",
  "ground_truth_emotion": "angry",
  "target_emotion": "happy",
  "emo_text_clean": [
    "Angry.",
    "Angry.",
    "Angry."
  ],
  "emo_text_adv": [
    "happy",
    "happy",
    "happy"
  ],
  "emo_pred_clean": [
    "angry",
    "angry",
    "angry"
  ],
  "emo_pred_adv": [
    "happy",
    "happy",
    "happy"
  ],
  "asr_text_clean": "\u8bb8\u591a\u767d\u9886",
  "asr_text_adv": "\u8bb8\u591a\u767d\u9886",
  "success_emo": true,
  "wer": 0.0,
  "semantic_sim": 1.0,
  "semantic_preserved": true,
  "delta_linf": 0.008000001311302185,
  "delta_l2": 1.062117099761963,
  "snr_db": 20.92874991344218,
  "grad_norm_trace": [
    202.29270935058594,
    225.8270721435547,
    273.6048889160156,
    195.290283203125,
    598.442138671875,
    82.39856719970703,
    284.3931579589844,
    174.3756561279297,
    83.07536315917969,
    84.35419464111328,
    228.62115478515625,
    147.1289825439453,
    71.55680084228516,
    81.44512176513672,
    78.96714782714844,
    85.8827133178711,
    161.002197265625,
    94.96818542480469,
    134.91229248046875,
    60.114444732666016,
    228.63865661621094,
    73.35939025878906,
    73.84012603759766,
    83.54168701171875,
    83.8989028930664,
    34.39649963378906,
    142.08920288085938,
    191.7143096923828,
    93.614501953125,
    194.1129150390625,
    196.46205139160156,
    40.482669830322266,
    85.20501708984375,
    53.58599853515625,
    25.73332405090332,
    45.58629608154297,
    59.48353576660156,
    42.343814849853516,
    58.772579193115234,
    45.85630416870117,
    19.57340431213379,
    24.42247200012207,
    36.85402297973633,
    22.832792282104492,
    26.594951629638672,
    25.40278434753418,
    176.5474090576172,
    78.94916534423828,
    27.079607009887695,
    93.48086547851562,
    84.24696350097656,
    32.070194244384766,
    28.345409393310547,
    50.5997428894043,
    76.98271179199219,
    23.968914031982422,
    46.591854095458984,
    24.434097290039062,
    21.885393142700195,
    33.73598098754883
  ],
  "loss_trace": [
    {
      "step": 0,
      "total": 10.933679209944605,
      "emo": 10.93366527557373,
      "asr": 0.13934370875358582,
      "per": 0.0,
      "lambda_emo": 1.0,
      "lambda_asr": 0.0001,
      "lambda_per": 0.0
    },
    {
      "step": 1,
      "total": 8.560814959950745,
      "emo": 8.560792922973633,
      "asr": 0.22036977112293243,
      "per": 0.006615929305553436,
      "lambda_emo": 1.0,
      "lambda_asr": 0.0001,
      "lambda_per": 0.0
    },
    {
      "step": 2,
      "total": 6.243165846952796,
      "emo": 6.2431535720825195,
      "asr": 0.12274870276451111,
      "per": 0.015918700024485588,
      "lambda_emo": 1.0,
      "lambda_asr": 0.0001,
      "lambda_per": 0.0
    },
    {
      "step": 3,
      "total": 5.526054957696796,
      "emo": 5.5260329246521,
      "asr": 0.22033044695854187,
      "per": 0.026345301419496536,
      "lambda_emo": 1.0,
      "lambda_asr": 0.0001,
      "lambda_per": 0.0
    },
    {
      "step": 4,
      "total": 5.133921864873171,
      "emo": 5.1338582038879395,
      "asr": 0.6366098523139954,
      "per": 0.027176514267921448,
      "lambda_emo": 1.0,
      "lambda_asr": 0.0001,
      "lambda_per": 0.0
    },
    {
      "step": 5,
      "total": 3.293364652770758,
      "emo": 3.2932991981506348,
      "asr": 0.6545462012290955,
      "per": 0.036401744931936264,
      "lambda_emo": 1.0,
      "lambda_asr": 0.0001,
      "lambda_per": 0.0
    },
    {
      "step": 6,
      "total": 3.9012778029620647,
      "emo": 3.901264190673828,
      "asr": 0.13612288236618042,
      "per": 0.03849989175796509,
      "lambda_emo": 1.0,
      "lambda_asr": 0.0001,
      "lambda_per": 0.0
    },
    {
      "step": 7,
      "total": 4.355310817456245,
      "emo": 4.3552775382995605,
      "asr": 0.3327915668487549,
      "per": 0.042358897626399994,
      "lambda_emo": 1.0,
      "lambda_asr": 0.0001,
      "lambda_per": 0.0
    },
    {
      "step": 8,
      "total": 3.1213190458640456,
      "emo": 3.1212985515594482,
      "asr": 0.20494304597377777,
      "per": 0.035932108759880066,
      "lambda_emo": 1.0,
      "lambda_asr": 0.0001,
      "lambda_per": 0.0
    },
    {
      "step": 9,
      "total": 5.717956271281839,
      "emo": 5.717942237854004,
      "asr": 0.14033427834510803,
      "per": 0.040391288697719574,
      "lambda_emo": 1.0,
      "lambda_asr": 0.0001,
      "lambda_per": 0.0
    },
    {
      "step": 10,
      "total": 3.3778569028049708,
      "emo": 3.377833843231201,
      "asr": 0.23059573769569397,
      "per": 0.03295398876070976,
      "lambda_emo": 1.0,
      "lambda_asr": 0.0001,
      "lambda_per": 0.0
    },
    {
      "step": 11,
      "total": 2.5439237554728984,
      "emo": 2.543882369995117,
      "asr": 0.41385477781295776,
      "per": 0.04559594392776489,
      "lambda_emo": 1.0,
      "lambda_asr": 0.0001,
      "lambda_per": 0.0
    },
    {
      "step": 12,
      "total": 2.4069982766270637,
      "emo": 2.4069433212280273,
      "asr": 0.5495539903640747,
      "per": 0.041812144219875336,
      "lambda_emo": 1.0,
      "lambda_asr": 0.0001,
      "lambda_per": 0.0
    },
    {
      "step": 13,
      "total": 2.666355022674799,
      "emo": 2.6663272380828857,
      "asr": 0.27784591913223267,
      "per": 0.042450591921806335,
      "lambda_emo": 1.0,
      "lambda_asr": 0.0001,
      "lambda_per": 0.0
    },
    {
      "step": 14,
      "total": 2.078038568675518,
      "emo": 2.0780184268951416,
      "asr": 0.20141780376434326,
      "per": 0.044159501791000366,
      "lambda_emo": 1.0,
      "lambda_asr": 0.0001,
      "lambda_per": 0.0
    },
    {
      "step": 15,
      "total": 2.717122466382384,
      "emo": 2.717103958129883,
      "asr": 0.18508252501487732,
      "per": 0.04033532738685608,
      "lambda_emo": 1.0,
      "lambda_asr": 0.0001,
      "lambda_per": 0.0
    },
    {
      "step": 16,
      "total": 2.776508326408267,
      "emo": 2.7764883041381836,
      "asr": 0.2002227008342743,
      "per": 0.045265715569257736,
      "lambda_emo": 1.0,
      "lambda_asr": 0.0001,
      "lambda_per": 0.0
    },
    {
      "step": 17,
      "total": 2.975901791572571,
      "emo": 2.9758825302124023,
      "asr": 0.1926136016845703,
      "per": 0.041443873196840286,
      "lambda_emo": 1.0,
      "lambda_asr": 0.0001,
      "lambda_per": 0.0
    },
    {
      "step": 18,
      "total": 2.2389573193609715,
      "emo": 2.2389330863952637,
      "asr": 0.2423296570777893,
      "per": 0.048164259642362595,
      "lambda_emo": 1.0,
      "lambda_asr": 0.0001,
      "lambda_per": 0.0
    },
    {
      "step": 19,
      "total": 2.38808007427752,
      "emo": 2.388058662414551,
      "asr": 0.21411862969398499,
      "per": 0.041129834949970245,
      "lambda_emo": 1.0,
      "lambda_asr": 0.0001,
      "lambda_per": 0.0
    },
    {
      "step": 20,
      "total": 2.049378770565316,
      "emo": 2.048079013824463,
      "asr": 0.12992992997169495,
      "per": 0.04574411362409592,
      "lambda_emo": 1.0,
      "lambda_asr": 0.01,
      "lambda_per": 1e-05
    },
    {
      "step": 21,
      "total": 2.0283151431882382,
      "emo": 2.0269877910614014,
      "asr": 0.1326989233493805,
      "per": 0.036289334297180176,
      "lambda_emo": 1.0,
      "lambda_asr": 0.01,
      "lambda_per": 1e-05
    },
    {
      "step": 22,
      "total": 2.0290156491263955,
      "emo": 2.0279183387756348,
      "asr": 0.10968916863203049,
      "per": 0.04186644405126572,
      "lambda_emo": 1.0,
      "lambda_asr": 0.01,
      "lambda_per": 1e-05
    },
    {
      "step": 23,
      "total": 2.1052247148422527,
      "emo": 2.1020917892456055,
      "asr": 0.3132529854774475,
      "per": 0.039574187248945236,
      "lambda_emo": 1.0,
      "lambda_asr": 0.01,