{
  "sample_id": "01569_0002_angry_0002_000697",
  "path": "/data1/lixiang/OpenS2S_dataset/ESD/CN/0002/Angry/0002_000697.wav",
  "speaker_id": "0002",
  "ground_truth_emotion": "angry",
  "target_emotion": "happy",
  "emo_text_clean": [
    "Angry",
    "Angry",
    "\u8fd9\u4e24\u5757\u662f\u5510\u671d"
  ],
  "emo_text_adv": [
    "Happy",
    "Happy",
    "\u8fd9\u4e24\u6b3e\u662f\u5510\u671d"
  ],
  "emo_pred_clean": [
    "angry",
    "angry",
    ""
  ],
  "emo_pred_adv": [
    "happy",
    "happy",
    ""
  ],
  "asr_text_clean": "\u8fd9\u4e24\u5757\u662f\u5510\u671d",
  "asr_text_adv": "\u8fd9\u4e24\u5757\u662f\u5510\u671d",
  "success_emo": false,
  "wer": 0.0,
  "semantic_sim": 1.0,
  "semantic_preserved": true,
  "delta_linf": 0.008000001311302185,
  "delta_l2": 1.1235541105270386,
  "snr_db": 22.414823713958533,
  "grad_norm_trace": [
    218.98216247558594,
    116.01370239257812,
    137.30621337890625,
    123.2458724975586,
    190.27435302734375,
    116.72746276855469,
    79.56544494628906,
    112.39179992675781,
    114.21454620361328,
    77.20157623291016,
    125.94114685058594,
    82.27247619628906,
    101.71807098388672,
    87.79043579101562,
    39.5086784362793,
    70.25070190429688,
    98.59573364257812,
    76.08753204345703,
    79.05117797851562,
    155.9131622314453,
    138.74066162109375,
    137.63645935058594,
    121.00542449951172,
    54.34145736694336,
    124.61554718017578,
    62.109169006347656,
    64.57243347167969,
    35.94608688354492,
    70.7272720336914,
    85.27476501464844,
    86.34638214111328,
    108.01679229736328,
    56.303062438964844,
    118.01490783691406,
    88.60733032226562,
    55.775665283203125,
    69.07121276855469,
    69.21284484863281,
    65.3154296875,
    88.88289642333984,
    100.96503448486328,
    122.04031372070312,
    81.67848205566406,
    36.68894958496094,
    174.46754455566406,
    87.67312622070312,
    500.81781005859375,
    64.61123657226562,
    142.1544189453125,
    66.41522216796875,
    55.66826629638672,
    255.18386840820312,
    89.99561309814453,
    33.933982849121094,
    104.33114624023438,
    108.87076568603516,
    93.04363250732422,
    64.49903106689453,
    169.47804260253906,
    55.135536193847656
  ],
  "loss_trace": [
    {
      "step": 0,
      "total": 11.563998317411542,
      "emo": 11.563987731933594,
      "asr": 0.10585477948188782,
      "per": 0.0,
      "lambda_emo": 1.0,
      "lambda_asr": 0.0001,
      "lambda_per": 0.0
    },
    {
      "step": 1,
      "total": 10.232916436349601,
      "emo": 10.232906341552734,
      "asr": 0.10094796866178513,
      "per": 0.007227350026369095,
      "lambda_emo": 1.0,
      "lambda_asr": 0.0001,
      "lambda_per": 0.0
    },
    {
      "step": 2,
      "total": 9.235303018878401,
      "emo": 9.235297203063965,
      "asr": 0.05815814435482025,
      "per": 0.012345224618911743,
      "lambda_emo": 1.0,
      "lambda_asr": 0.0001,
      "lambda_per": 0.0
    },
    {
      "step": 3,
      "total": 7.824639282790572,
      "emo": 7.8246307373046875,
      "asr": 0.08545485883951187,
      "per": 0.01743711531162262,
      "lambda_emo": 1.0,
      "lambda_asr": 0.0001,
      "lambda_per": 0.0
    },
    {
      "step": 4,
      "total": 7.349283351329714,
      "emo": 7.349277019500732,
      "asr": 0.06331828981637955,
      "per": 0.017260340973734856,
      "lambda_emo": 1.0,
      "lambda_asr": 0.0001,
      "lambda_per": 0.0
    },
    {
      "step": 5,
      "total": 8.68383809937723,
      "emo": 8.683832168579102,
      "asr": 0.05930798128247261,
      "per": 0.020931754261255264,
      "lambda_emo": 1.0,
      "lambda_asr": 0.0001,
      "lambda_per": 0.0
    },
    {
      "step": 6,
      "total": 6.908378126516193,
      "emo": 6.908370018005371,
      "asr": 0.08108510822057724,
      "per": 0.024422243237495422,
      "lambda_emo": 1.0,
      "lambda_asr": 0.0001,
      "lambda_per": 0.0
    },
    {
      "step": 7,
      "total": 6.500166964622587,
      "emo": 6.500157833099365,
      "asr": 0.09131523221731186,
      "per": 0.027082381770014763,
      "lambda_emo": 1.0,
      "lambda_asr": 0.0001,
      "lambda_per": 0.0
    },
    {
      "step": 8,
      "total": 7.665984942351281,
      "emo": 7.665978908538818,
      "asr": 0.06033812463283539,
      "per": 0.024487605318427086,
      "lambda_emo": 1.0,
      "lambda_asr": 0.0001,
      "lambda_per": 0.0
    },
    {
      "step": 9,
      "total": 7.449803329196572,
      "emo": 7.449795722961426,
      "asr": 0.07606235146522522,
      "per": 0.02908320724964142,
      "lambda_emo": 1.0,
      "lambda_asr": 0.0001,
      "lambda_per": 0.0
    },
    {
      "step": 10,
      "total": 7.202148832991719,
      "emo": 7.202142238616943,
      "asr": 0.06594374775886536,
      "per": 0.024593740701675415,
      "lambda_emo": 1.0,
      "lambda_asr": 0.0001,
      "lambda_per": 0.0
    },
    {
      "step": 11,
      "total": 7.104199615934491,
      "emo": 7.104186534881592,
      "asr": 0.13081052899360657,
      "per": 0.034785158932209015,
      "lambda_emo": 1.0,
      "lambda_asr": 0.0001,
      "lambda_per": 0.0
    },
    {
      "step": 12,
      "total": 5.929523168291151,
      "emo": 5.929508209228516,
      "asr": 0.1495906263589859,
      "per": 0.032550983130931854,
      "lambda_emo": 1.0,
      "lambda_asr": 0.0001,
      "lambda_per": 0.0
    },
    {
      "step": 13,
      "total": 6.330412539675832,
      "emo": 6.330384731292725,
      "asr": 0.27808383107185364,
      "per": 0.03395955264568329,
      "lambda_emo": 1.0,
      "lambda_asr": 0.0001,
      "lambda_per": 0.0
    },
    {
      "step": 14,
      "total": 5.2724738807663325,
      "emo": 5.272458553314209,
      "asr": 0.1532745212316513,
      "per": 0.03622354939579964,
      "lambda_emo": 1.0,
      "lambda_asr": 0.0001,
      "lambda_per": 0.0
    },
    {
      "step": 15,
      "total": 5.190555362640321,
      "emo": 5.190534591674805,
      "asr": 0.2077096551656723,
      "per": 0.0327935628592968,
      "lambda_emo": 1.0,
      "lambda_asr": 0.0001,
      "lambda_per": 0.0
    },
    {
      "step": 16,
      "total": 4.601518300399184,
      "emo": 4.6014909744262695,
      "asr": 0.2732597291469574,
      "per": 0.03730212152004242,
      "lambda_emo": 1.0,
      "lambda_asr": 0.0001,
      "lambda_per": 0.0
    },
    {
      "step": 17,
      "total": 5.203638421012461,
      "emo": 5.203614234924316,
      "asr": 0.24186088144779205,
      "per": 0.034636907279491425,
      "lambda_emo": 1.0,
      "lambda_asr": 0.0001,
      "lambda_per": 0.0
    },
    {
      "step": 18,
      "total": 4.312322078871727,
      "emo": 4.312294006347656,
      "asr": 0.28072524070739746,
      "per": 0.0410502664744854,
      "lambda_emo": 1.0,
      "lambda_asr": 0.0001,
      "lambda_per": 0.0
    },
    {
      "step": 19,
      "total": 5.148612952172757,
      "emo": 5.14857816696167,
      "asr": 0.34785211086273193,
      "per": 0.03489319607615471,
      "lambda_emo": 1.0,
      "lambda_asr": 0.0001,
      "lambda_per": 0.0
    },
    {
      "step": 20,
      "total": 4.754422004867718,
      "emo": 4.752425193786621,
      "asr": 0.19964094460010529,
      "per": 0.04016350954771042,
      "lambda_emo": 1.0,
      "lambda_asr": 0.01,
      "lambda_per": 1e-05
    },
    {
      "step": 21,
      "total": 5.192053320328295,
      "emo": 5.190070152282715,
      "asr": 0.19828501343727112,
      "per": 0.031791120767593384,
      "lambda_emo": 1.0,
      "lambda_asr": 0.01,
      "lambda_per": 1e-05
    },
    {
      "step": 22,
      "total": 4.594463118196391,
      "emo": 4.591357231140137,
      "asr": 0.31055134534835815,
      "per": 0.03736027702689171,
      "lambda_emo": 1.0,
      "lambda_asr": 0.01,
      "lambda_per": 1e-05
    },
    {
      "step": 23,
      "total": 4.252461849930138,
      "emo": 4.248939037322998,
      "asr": 0.3522449731826782,
      "per": 0.03628753125667572,