{
  "sample_id": "01574_0002_angry_0002_000687",
  "path": "/data1/lixiang/OpenS2S_dataset/ESD/CN/0002/Angry/0002_000687.wav",
  "speaker_id": "0002",
  "ground_truth_emotion": "angry",
  "target_emotion": "happy",
  "emo_text_clean": [
    "Surprise!",
    "Surprise!",
    "\u4f60\u542c\u8d77\u6765"
  ],
  "emo_text_adv": [
    "Happy",
    "happy",
    "happy"
  ],
  "emo_pred_clean": [
    "surprise",
    "surprise",
    ""
  ],
  "emo_pred_adv": [
    "happy",
    "happy",
    "happy"
  ],
  "asr_text_clean": "\u4f60\u542c\u8d77\u6765",
  "asr_text_adv": "\u4f60\u542c\u8d77\u6765",
  "success_emo": true,
  "wer": 0.0,
  "semantic_sim": 0.9999999403953552,
  "semantic_preserved": true,
  "delta_linf": 0.008000001311302185,
  "delta_l2": 1.0756884813308716,
  "snr_db": 19.21779495970253,
  "grad_norm_trace": [
    270.6655578613281,
    495.27301025390625,
    71.34130859375,
    117.59749603271484,
    114.98551177978516,
    48.923770904541016,
    41.42499923706055,
    94.63697814941406,
    37.19091796875,
    35.51312255859375,
    28.72539710998535,
    38.49760437011719,
    36.08373260498047,
    31.965951919555664,
    20.870433807373047,
    28.909608840942383,
    92.71302795410156,
    46.44965744018555,
    128.81634521484375,
    17.05105209350586,
    43.355472564697266,
    26.357532501220703,
    52.01781463623047,
    17.21229362487793,
    23.841005325317383,
    22.18814468383789,
    13.683731079101562,
    11.278347969055176,
    37.67898941040039,
    87.26789855957031,
    14.246917724609375,
    16.880741119384766,
    15.54119873046875,
    25.139734268188477,
    33.11518859863281,
    16.625396728515625,
    34.948543548583984,
    19.447893142700195,
    12.986613273620605,
    30.651508331298828,
    16.14434814453125,
    17.44459342956543,
    15.730385780334473,
    17.883039474487305,
    15.611062049865723,
    27.187931060791016,
    13.555442810058594,
    13.682275772094727,
    24.13343048095703,
    11.260248184204102,
    25.409366607666016,
    87.54656219482422,
    36.35178756713867,
    27.96075439453125,
    15.864920616149902,
    23.208927154541016,
    18.58711051940918,
    16.24219512939453,
    13.429472923278809,
    9.012261390686035
  ],
  "loss_trace": [
    {
      "step": 0,
      "total": 5.542297964148223,
      "emo": 5.542283058166504,
      "asr": 0.14905981719493866,
      "per": 0.0,
      "lambda_emo": 1.0,
      "lambda_asr": 0.0001,
      "lambda_per": 0.0
    },
    {
      "step": 1,
      "total": 3.306507840257883,
      "emo": 3.306452512741089,
      "asr": 0.5532751679420471,
      "per": 0.011208618991076946,
      "lambda_emo": 1.0,
      "lambda_asr": 0.0001,
      "lambda_per": 0.0
    },
    {
      "step": 2,
      "total": 2.642983798146248,
      "emo": 2.6429190635681152,
      "asr": 0.647345781326294,
      "per": 0.022905511781573296,
      "lambda_emo": 1.0,
      "lambda_asr": 0.0001,
      "lambda_per": 0.0
    },
    {
      "step": 3,
      "total": 2.7300996365606784,
      "emo": 2.730030059814453,
      "asr": 0.6957674622535706,
      "per": 0.026173090562224388,
      "lambda_emo": 1.0,
      "lambda_asr": 0.0001,
      "lambda_per": 0.0
    },
    {
      "step": 4,
      "total": 2.461095517069101,
      "emo": 2.461031913757324,
      "asr": 0.6360331177711487,
      "per": 0.02727450430393219,
      "lambda_emo": 1.0,
      "lambda_asr": 0.0001,
      "lambda_per": 0.0
    },
    {
      "step": 5,
      "total": 2.212039993518591,
      "emo": 2.211982488632202,
      "asr": 0.5750488638877869,
      "per": 0.02540094219148159,
      "lambda_emo": 1.0,
      "lambda_asr": 0.0001,
      "lambda_per": 0.0
    },
    {
      "step": 6,
      "total": 2.1483993900716305,
      "emo": 2.1483166217803955,
      "asr": 0.8276829123497009,
      "per": 0.03127371147274971,
      "lambda_emo": 1.0,
      "lambda_asr": 0.0001,
      "lambda_per": 0.0
    },
    {
      "step": 7,
      "total": 1.9072003609836101,
      "emo": 1.907147765159607,
      "asr": 0.525958240032196,
      "per": 0.034193504601716995,
      "lambda_emo": 1.0,
      "lambda_asr": 0.0001,
      "lambda_per": 0.0
    },
    {
      "step": 8,
      "total": 1.8390723239004612,
      "emo": 1.8390028476715088,
      "asr": 0.6947622895240784,
      "per": 0.03439876064658165,
      "lambda_emo": 1.0,
      "lambda_asr": 0.0001,
      "lambda_per": 0.0
    },
    {
      "step": 9,
      "total": 1.9819730532944202,
      "emo": 1.9818910360336304,
      "asr": 0.8201726078987122,
      "per": 0.0324067547917366,
      "lambda_emo": 1.0,
      "lambda_asr": 0.0001,
      "lambda_per": 0.0
    },
    {
      "step": 10,
      "total": 1.9786407784402371,
      "emo": 1.9785776138305664,
      "asr": 0.6316460967063904,
      "per": 0.035595715045928955,
      "lambda_emo": 1.0,
      "lambda_asr": 0.0001,
      "lambda_per": 0.0
    },
    {
      "step": 11,
      "total": 2.1117604070425036,
      "emo": 2.1117045879364014,
      "asr": 0.5581910610198975,
      "per": 0.03571011498570442,
      "lambda_emo": 1.0,
      "lambda_asr": 0.0001,
      "lambda_per": 0.0
    },
    {
      "step": 12,
      "total": 1.5079910318136216,
      "emo": 1.5079002380371094,
      "asr": 0.90793776512146,
      "per": 0.030958786606788635,
      "lambda_emo": 1.0,
      "lambda_asr": 0.0001,
      "lambda_per": 0.0
    },
    {
      "step": 13,
      "total": 1.3940491686940193,
      "emo": 1.393967628479004,
      "asr": 0.8154021501541138,
      "per": 0.03067735955119133,
      "lambda_emo": 1.0,
      "lambda_asr": 0.0001,
      "lambda_per": 0.0
    },
    {
      "step": 14,
      "total": 1.3377245017528534,
      "emo": 1.337633490562439,
      "asr": 0.9101119041442871,
      "per": 0.034158315509557724,
      "lambda_emo": 1.0,
      "lambda_asr": 0.0001,
      "lambda_per": 0.0
    },
    {
      "step": 15,
      "total": 1.3737805999100208,
      "emo": 1.3737382888793945,
      "asr": 0.42311030626296997,
      "per": 0.026629142463207245,
      "lambda_emo": 1.0,
      "lambda_asr": 0.0001,
      "lambda_per": 0.0
    },
    {
      "step": 16,
      "total": 1.516696585315466,
      "emo": 1.5166404247283936,
      "asr": 0.5616058707237244,
      "per": 0.03697207197546959,
      "lambda_emo": 1.0,
      "lambda_asr": 0.0001,
      "lambda_per": 0.0
    },
    {
      "step": 17,
      "total": 1.6635815149247646,
      "emo": 1.6635332107543945,
      "asr": 0.4830417037010193,
      "per": 0.028106963261961937,
      "lambda_emo": 1.0,
      "lambda_asr": 0.0001,
      "lambda_per": 0.0
    },
    {
      "step": 18,
      "total": 1.6033366871654988,
      "emo": 1.6032823324203491,
      "asr": 0.5435474514961243,
      "per": 0.03591035306453705,
      "lambda_emo": 1.0,
      "lambda_asr": 0.0001,
      "lambda_per": 0.0
    },
    {
      "step": 19,
      "total": 1.2932849712789058,
      "emo": 1.2932246923446655,
      "asr": 0.6027893424034119,
      "per": 0.02971380576491356,
      "lambda_emo": 1.0,
      "lambda_asr": 0.0001,
      "lambda_per": 0.0
    },
    {
      "step": 20,
      "total": 1.3967038814028352,
      "emo": 1.388047218322754,
      "asr": 0.865627110004425,
      "per": 0.039198003709316254,
      "lambda_emo": 1.0,
      "lambda_asr": 0.01,
      "lambda_per": 1e-05
    },
    {
      "step": 21,
      "total": 1.6101993942691013,
      "emo": 1.6038844585418701,
      "asr": 0.631462037563324,
      "per": 0.031535159796476364,
      "lambda_emo": 1.0,
      "lambda_asr": 0.01,
      "lambda_per": 1e-05
    },
    {
      "step": 22,
      "total": 1.3370579650607333,
      "emo": 1.3305370807647705,
      "asr": 0.6520511507987976,
      "per": 0.03727879747748375,
      "lambda_emo": 1.0,
      "lambda_asr": 0.01,
      "lambda_per": 1e-05
    },
    {
      "step": 23,
      "total": 1.4235689088440686,
      "emo": 1.416431188583374,
      "asr": 0.7137385010719299,
      "per": 0.033524997532367706,
      "lambda_emo": 1.0,