{
  "sample_id": "01606_0002_angry_0002_000381",
  "path": "/data1/lixiang/OpenS2S_dataset/ESD/CN/0002/Angry/0002_000381.wav",
  "speaker_id": "0002",
  "ground_truth_emotion": "angry",
  "target_emotion": "happy",
  "emo_text_clean": [
    "Angry.",
    "Angry",
    "\u62b1\u6b49"
  ],
  "emo_text_adv": [
    "Happy",
    "Happy",
    "\u5341\u70b9\u63d0\u9192\u4f60\u3002"
  ],
  "emo_pred_clean": [
    "angry",
    "angry",
    ""
  ],
  "emo_pred_adv": [
    "happy",
    "happy",
    ""
  ],
  "asr_text_clean": "\u62b1\u6b49",
  "asr_text_adv": "\u8bf7\u95ee\uff0c\u51e0\u70b9\u63d0\u9192\u4f60\uff1f",
  "success_emo": false,
  "wer": 1.0,
  "semantic_sim": 0.5657609701156616,
  "semantic_preserved": false,
  "delta_linf": 0.008000001311302185,
  "delta_l2": 1.0531589984893799,
  "snr_db": 25.30591987202476,
  "grad_norm_trace": [
    120.14404296875,
    70.38276672363281,
    207.2310333251953,
    52.60661315917969,
    135.9109649658203,
    25.008939743041992,
    38.46628189086914,
    31.963808059692383,
    44.36159133911133,
    26.363821029663086,
    74.86601257324219,
    47.98663330078125,
    30.584304809570312,
    87.24150085449219,
    43.78239440917969,
    33.13280487060547,
    39.63233947753906,
    71.94023132324219,
    67.3763427734375,
    82.22993469238281,
    37.9780158996582,
    56.31926727294922,
    41.24421691894531,
    48.07466506958008,
    52.582069396972656,
    87.79977416992188,
    46.38644790649414,
    39.551185607910156,
    62.130062103271484,
    51.164363861083984,
    83.5190200805664,
    131.5155487060547,
    158.53744506835938,
    56.4408073425293,
    98.01953887939453,
    237.1809844970703,
    269.0847473144531,
    35.22813034057617,
    35.213172912597656,
    80.66464233398438,
    64.9023666381836,
    37.02803039550781,
    28.78001594543457,
    37.49882507324219,
    98.3649673461914,
    114.42793273925781,
    73.43171691894531,
    94.5740737915039,
    45.463905334472656,
    53.97309112548828,
    38.35377883911133,
    49.80702590942383,
    49.00102233886719,
    30.901416778564453,
    46.59197235107422,
    22.686845779418945,
    19.448596954345703,
    28.009641647338867,
    42.226661682128906,
    32.83590316772461
  ],
  "loss_trace": [
    {
      "step": 0,
      "total": 12.442832015541196,
      "emo": 12.442789077758789,
      "asr": 0.42937782406806946,
      "per": 0.0,
      "lambda_emo": 1.0,
      "lambda_asr": 0.0001,
      "lambda_per": 0.0
    },
    {
      "step": 1,
      "total": 11.835686558818818,
      "emo": 11.835603713989258,
      "asr": 0.8284482955932617,
      "per": 0.0042234561406075954,
      "lambda_emo": 1.0,
      "lambda_asr": 0.0001,
      "lambda_per": 0.0
    },
    {
      "step": 2,
      "total": 8.10452532339096,
      "emo": 8.104227066040039,
      "asr": 2.9825735092163086,
      "per": 0.006900530308485031,
      "lambda_emo": 1.0,
      "lambda_asr": 0.0001,
      "lambda_per": 0.0
    },
    {
      "step": 3,
      "total": 7.712160467863083,
      "emo": 7.711883544921875,
      "asr": 2.7692294120788574,
      "per": 0.013077681884169579,
      "lambda_emo": 1.0,
      "lambda_asr": 0.0001,
      "lambda_per": 0.0
    },
    {
      "step": 4,
      "total": 7.3685592927217485,
      "emo": 7.368247032165527,
      "asr": 3.122605562210083,
      "per": 0.014481804333627224,
      "lambda_emo": 1.0,
      "lambda_asr": 0.0001,
      "lambda_per": 0.0
    },
    {
      "step": 5,
      "total": 6.95572331712246,
      "emo": 6.955411434173584,
      "asr": 3.1188294887542725,
      "per": 0.015109929256141186,
      "lambda_emo": 1.0,
      "lambda_asr": 0.0001,
      "lambda_per": 0.0
    },
    {
      "step": 6,
      "total": 6.6992692562580105,
      "emo": 6.6989569664001465,
      "asr": 3.122898578643799,
      "per": 0.013559812679886818,
      "lambda_emo": 1.0,
      "lambda_asr": 0.0001,
      "lambda_per": 0.0
    },
    {
      "step": 7,
      "total": 6.923484448051453,
      "emo": 6.923137664794922,
      "asr": 3.467832565307617,
      "per": 0.016523681581020355,
      "lambda_emo": 1.0,
      "lambda_asr": 0.0001,
      "lambda_per": 0.0
    },
    {
      "step": 8,
      "total": 7.161977082395554,
      "emo": 7.16163444519043,
      "asr": 3.4263720512390137,
      "per": 0.015107161365449429,
      "lambda_emo": 1.0,
      "lambda_asr": 0.0001,
      "lambda_per": 0.0
    },
    {
      "step": 9,
      "total": 6.764203758001328,
      "emo": 6.763895034790039,
      "asr": 3.0872321128845215,
      "per": 0.016480501741170883,
      "lambda_emo": 1.0,
      "lambda_asr": 0.0001,
      "lambda_per": 0.0
    },
    {
      "step": 10,
      "total": 7.070729452753067,
      "emo": 7.070279598236084,
      "asr": 4.498545169830322,
      "per": 0.01527916919440031,
      "lambda_emo": 1.0,
      "lambda_asr": 0.0001,
      "lambda_per": 0.0
    },
    {
      "step": 11,
      "total": 6.6895693795919415,
      "emo": 6.689278602600098,
      "asr": 2.9077699184417725,
      "per": 0.01957506686449051,
      "lambda_emo": 1.0,
      "lambda_asr": 0.0001,
      "lambda_per": 0.0
    },
    {
      "step": 12,
      "total": 6.138842249679565,
      "emo": 6.1384687423706055,
      "asr": 3.7350730895996094,
      "per": 0.019089974462985992,
      "lambda_emo": 1.0,
      "lambda_asr": 0.0001,
      "lambda_per": 0.0
    },
    {
      "step": 13,
      "total": 6.0685405500888825,
      "emo": 6.0681471824646,
      "asr": 3.933676242828369,
      "per": 0.017398320138454437,
      "lambda_emo": 1.0,
      "lambda_asr": 0.0001,
      "lambda_per": 0.0
    },
    {
      "step": 14,
      "total": 5.747292627048492,
      "emo": 5.746875762939453,
      "asr": 4.168641090393066,
      "per": 0.02035539597272873,
      "lambda_emo": 1.0,
      "lambda_asr": 0.0001,
      "lambda_per": 0.0
    },
    {
      "step": 15,
      "total": 5.404815804004669,
      "emo": 5.40433406829834,
      "asr": 4.817357063293457,
      "per": 0.021332040429115295,
      "lambda_emo": 1.0,
      "lambda_asr": 0.0001,
      "lambda_per": 0.0
    },
    {
      "step": 16,
      "total": 5.231678146314621,
      "emo": 5.231198310852051,
      "asr": 4.798354625701904,
      "per": 0.024200303480029106,
      "lambda_emo": 1.0,
      "lambda_asr": 0.0001,
      "lambda_per": 0.0
    },
    {
      "step": 17,
      "total": 5.4908222999572756,
      "emo": 5.490357398986816,
      "asr": 4.649009704589844,
      "per": 0.018612802028656006,
      "lambda_emo": 1.0,
      "lambda_asr": 0.0001,
      "lambda_per": 0.0
    },
    {
      "step": 18,
      "total": 5.283950424098968,
      "emo": 5.283501625061035,
      "asr": 4.487990379333496,
      "per": 0.022861089557409286,
      "lambda_emo": 1.0,
      "lambda_asr": 0.0001,
      "lambda_per": 0.0
    },
    {
      "step": 19,
      "total": 5.799194092082978,
      "emo": 5.798809051513672,
      "asr": 3.850405693054199,
      "per": 0.019040346145629883,
      "lambda_emo": 1.0,
      "lambda_asr": 0.0001,
      "lambda_per": 0.0
    },
    {
      "step": 20,
      "total": 5.62556859545242,
      "emo": 5.577362060546875,
      "asr": 4.8206305503845215,
      "per": 0.022940170019865036,
      "lambda_emo": 1.0,
      "lambda_asr": 0.01,
      "lambda_per": 1e-05
    },
    {
      "step": 21,
      "total": 5.254021174219605,
      "emo": 5.206920623779297,
      "asr": 4.710028648376465,
      "per": 0.026395654305815697,
      "lambda_emo": 1.0,
      "lambda_asr": 0.01,
      "lambda_per": 1e-05
    },
    {
      "step": 22,
      "total": 5.364999565356429,
      "emo": 5.319774150848389,
      "asr": 4.5225114822387695,
      "per": 0.029968565329909325,
      "lambda_emo": 1.0,
      "lambda_asr": 0.01,
      "lambda_per": 1e-05
    },
    {
      "step": 23,
      "total": 5.170345474997536,
      "emo": 5.126087188720703,
      "asr": 4.425803184509277,
      "per": 0.025443173944950104,
      "lambda_emo": 1.0,
      "lambda_asr": 0.01,