{
  "sample_id": "01613_0002_angry_0002_000486",
  "path": "/data1/lixiang/OpenS2S_dataset/ESD/CN/0002/Angry/0002_000486.wav",
  "speaker_id": "0002",
  "ground_truth_emotion": "angry",
  "target_emotion": "happy",
  "emo_text_clean": [
    "Angry",
    "Angry",
    "\u4f60\u542c\u8d77\u6765"
  ],
  "emo_text_adv": [
    "Happy",
    "Happy",
    "Happy"
  ],
  "emo_pred_clean": [
    "angry",
    "angry",
    ""
  ],
  "emo_pred_adv": [
    "happy",
    "happy",
    "happy"
  ],
  "asr_text_clean": "\u55ef\uff0c\u4f60\u559c\u6b22",
  "asr_text_adv": "\u6211\u559c\u6b22\u51e0\u4e4e\u6240\u6709\u7684\u8fd0\u52a8\u3002",
  "success_emo": true,
  "wer": 1.0,
  "semantic_sim": 0.214319109916687,
  "semantic_preserved": false,
  "delta_linf": 0.008000001311302185,
  "delta_l2": 0.9459654092788696,
  "snr_db": 26.3055204483534,
  "grad_norm_trace": [
    2604.05810546875,
    235.9237823486328,
    97.89668273925781,
    120.35613250732422,
    54.575233459472656,
    52.71939468383789,
    93.54596710205078,
    55.32811737060547,
    56.16804504394531,
    52.66461181640625,
    129.07565307617188,
    130.82647705078125,
    64.1475601196289,
    284.90069580078125,
    62.46681213378906,
    39.54508590698242,
    45.65357208251953,
    205.3087615966797,
    46.0959587097168,
    29.506664276123047,
    23.182191848754883,
    41.99555206298828,
    45.72477340698242,
    27.462078094482422,
    16.67805290222168,
    29.761154174804688,
    20.217830657958984,
    25.372482299804688,
    37.43135452270508,
    38.342681884765625,
    43.8504524230957,
    27.01384735107422,
    21.886533737182617,
    38.75090408325195,
    32.62981414794922,
    71.47224426269531,
    82.69967651367188,
    67.20855712890625,
    237.02098083496094,
    34.812705993652344,
    24.873544692993164,
    21.997501373291016,
    22.70751190185547,
    32.31712341308594,
    20.94687843322754,
    27.21299934387207,
    18.161441802978516,
    24.612106323242188,
    36.991554260253906,
    68.03048706054688,
    25.21068572998047,
    65.97138977050781,
    49.58152389526367,
    31.185382843017578,
    32.52001190185547,
    32.57246398925781,
    19.40436363220215,
    21.032550811767578,
    16.65153694152832,
    18.689037322998047
  ],
  "loss_trace": [
    {
      "step": 0,
      "total": 10.200481934279203,
      "emo": 10.200408935546875,
      "asr": 0.7299873232841492,
      "per": 0.0,
      "lambda_emo": 1.0,
      "lambda_asr": 0.0001,
      "lambda_per": 0.0
    },
    {
      "step": 1,
      "total": 8.543178303337097,
      "emo": 8.543082237243652,
      "asr": 0.9606609344482422,
      "per": 0.009869471192359924,
      "lambda_emo": 1.0,
      "lambda_asr": 0.0001,
      "lambda_per": 0.0
    },
    {
      "step": 2,
      "total": 5.1463761643469335,
      "emo": 5.146281719207764,
      "asr": 0.9444513916969299,
      "per": 0.018360503017902374,
      "lambda_emo": 1.0,
      "lambda_asr": 0.0001,
      "lambda_per": 0.0
    },
    {
      "step": 3,
      "total": 4.5773462343215945,
      "emo": 4.577239513397217,
      "asr": 1.067209243774414,
      "per": 0.020504655316472054,
      "lambda_emo": 1.0,
      "lambda_asr": 0.0001,
      "lambda_per": 0.0
    },
    {
      "step": 4,
      "total": 4.231072199583053,
      "emo": 4.230968952178955,
      "asr": 1.0324740409851074,
      "per": 0.021714579313993454,
      "lambda_emo": 1.0,
      "lambda_asr": 0.0001,
      "lambda_per": 0.0
    },
    {
      "step": 5,
      "total": 3.902146618819237,
      "emo": 3.9020309448242188,
      "asr": 1.1567399501800537,
      "per": 0.01991211250424385,
      "lambda_emo": 1.0,
      "lambda_asr": 0.0001,
      "lambda_per": 0.0
    },
    {
      "step": 6,
      "total": 3.9665939053177834,
      "emo": 3.9664740562438965,
      "asr": 1.1984907388687134,
      "per": 0.026302631944417953,
      "lambda_emo": 1.0,
      "lambda_asr": 0.0001,
      "lambda_per": 0.0
    },
    {
      "step": 7,
      "total": 3.612827462697029,
      "emo": 3.6126155853271484,
      "asr": 2.1187736988067627,
      "per": 0.026992294937372208,
      "lambda_emo": 1.0,
      "lambda_asr": 0.0001,
      "lambda_per": 0.0
    },
    {
      "step": 8,
      "total": 3.2365600110411643,
      "emo": 3.2364203929901123,
      "asr": 1.396180510520935,
      "per": 0.026598965749144554,
      "lambda_emo": 1.0,
      "lambda_asr": 0.0001,
      "lambda_per": 0.0
    },
    {
      "step": 9,
      "total": 2.980890349650383,
      "emo": 2.98068904876709,
      "asr": 2.0130088329315186,
      "per": 0.027133643627166748,
      "lambda_emo": 1.0,
      "lambda_asr": 0.0001,
      "lambda_per": 0.0
    },
    {
      "step": 10,
      "total": 2.964452125966549,
      "emo": 2.9642741680145264,
      "asr": 1.779579520225525,
      "per": 0.022690100595355034,
      "lambda_emo": 1.0,
      "lambda_asr": 0.0001,
      "lambda_per": 0.0
    },
    {
      "step": 11,
      "total": 4.463827810049057,
      "emo": 4.463723182678223,
      "asr": 1.0462737083435059,
      "per": 0.03283117711544037,
      "lambda_emo": 1.0,
      "lambda_asr": 0.0001,
      "lambda_per": 0.0
    },
    {
      "step": 12,
      "total": 3.472899643433094,
      "emo": 3.4727582931518555,
      "asr": 1.413502812385559,
      "per": 0.03229176998138428,
      "lambda_emo": 1.0,
      "lambda_asr": 0.0001,
      "lambda_per": 0.0
    },
    {
      "step": 13,
      "total": 3.746109241759777,
      "emo": 3.7460036277770996,
      "asr": 1.0561398267745972,
      "per": 0.03392811864614487,
      "lambda_emo": 1.0,
      "lambda_asr": 0.0001,
      "lambda_per": 0.0
    },
    {
      "step": 14,
      "total": 3.157910779953003,
      "emo": 3.1577606201171875,
      "asr": 1.5015983581542969,
      "per": 0.03482728824019432,
      "lambda_emo": 1.0,
      "lambda_asr": 0.0001,
      "lambda_per": 0.0
    },
    {
      "step": 15,
      "total": 3.146922399008274,
      "emo": 3.1468124389648438,
      "asr": 1.0996004343032837,
      "per": 0.03631383180618286,
      "lambda_emo": 1.0,
      "lambda_asr": 0.0001,
      "lambda_per": 0.0
    },
    {
      "step": 16,
      "total": 2.870201446592808,
      "emo": 2.870074987411499,
      "asr": 1.2645918130874634,
      "per": 0.032544106245040894,
      "lambda_emo": 1.0,
      "lambda_asr": 0.0001,
      "lambda_per": 0.0
    },
    {
      "step": 17,
      "total": 2.7589649132728575,
      "emo": 2.758845806121826,
      "asr": 1.1910715103149414,
      "per": 0.02919919043779373,
      "lambda_emo": 1.0,
      "lambda_asr": 0.0001,
      "lambda_per": 0.0
    },
    {
      "step": 18,
      "total": 2.8221375264525412,
      "emo": 2.822009563446045,
      "asr": 1.2796300649642944,
      "per": 0.03789464756846428,
      "lambda_emo": 1.0,
      "lambda_asr": 0.0001,
      "lambda_per": 0.0
    },
    {
      "step": 19,
      "total": 2.935757998466492,
      "emo": 2.9355971813201904,
      "asr": 1.6081714630126953,
      "per": 0.03606358543038368,
      "lambda_emo": 1.0,
      "lambda_asr": 0.0001,
      "lambda_per": 0.0
    },
    {
      "step": 20,
      "total": 2.6984740956600755,
      "emo": 2.685772657394409,
      "asr": 1.2701078653335571,
      "per": 0.03596123307943344,
      "lambda_emo": 1.0,
      "lambda_asr": 0.01,
      "lambda_per": 1e-05
    },
    {
      "step": 21,
      "total": 2.6621548834110795,
      "emo": 2.64617919921875,
      "asr": 1.597532868385315,
      "per": 0.03555084764957428,
      "lambda_emo": 1.0,
      "lambda_asr": 0.01,
      "lambda_per": 1e-05
    },
    {
      "step": 22,
      "total": 2.390661550212037,
      "emo": 2.376807689666748,
      "asr": 1.3853588104248047,
      "per": 0.02724410407245159,
      "lambda_emo": 1.0,
      "lambda_asr": 0.01,
      "lambda_per": 1e-05
    },
    {
      "step": 23,
      "total": 2.552666947412938,
      "emo": 2.5384178161621094,
      "asr": 1.4248749017715454,
      "per": 0.03822331130504608,
      "lambda_emo": 1.0,