{
  "sample_id": "01627_0002_angry_0002_000499",
  "path": "/data1/lixiang/OpenS2S_dataset/ESD/CN/0002/Angry/0002_000499.wav",
  "speaker_id": "0002",
  "ground_truth_emotion": "angry",
  "target_emotion": "happy",
  "emo_text_clean": [
    "Angry.",
    "Angry",
    "\u4f60\u597d\u5e03\u83b1"
  ],
  "emo_text_adv": [
    "Happy",
    "Happy",
    "Happy"
  ],
  "emo_pred_clean": [
    "angry",
    "angry",
    ""
  ],
  "emo_pred_adv": [
    "happy",
    "happy",
    "happy"
  ],
  "asr_text_clean": "\u4f60\u597d\u5e03\u83b1",
  "asr_text_adv": "\u6c11\u8c23\u6b4c\u624b\u5e03\u83b1",
  "success_emo": true,
  "wer": 1.0,
  "semantic_sim": 0.5947545170783997,
  "semantic_preserved": false,
  "delta_linf": 0.008000001311302185,
  "delta_l2": 1.0750324726104736,
  "snr_db": 22.789375080151018,
  "grad_norm_trace": [
    301.9320068359375,
    336.0398864746094,
    637.3261108398438,
    102.72899627685547,
    65.25127410888672,
    54.84132385253906,
    71.76863098144531,
    29.395694732666016,
    28.387130737304688,
    51.55611801147461,
    30.803421020507812,
    40.99818801879883,
    165.26918029785156,
    48.72895812988281,
    32.18463897705078,
    33.80257797241211,
    21.383821487426758,
    32.399658203125,
    54.91161346435547,
    149.55714416503906,
    65.01277160644531,
    102.66709899902344,
    31.094831466674805,
    46.677860260009766,
    50.86825942993164,
    36.84374237060547,
    36.464664459228516,
    24.000473022460938,
    22.819210052490234,
    17.996732711791992,
    47.75461959838867,
    35.84617614746094,
    25.668474197387695,
    40.69880294799805,
    31.56856346130371,
    29.549436569213867,
    24.386445999145508,
    65.67658996582031,
    176.15882873535156,
    19.07145881652832,
    34.00443649291992,
    31.469125747680664,
    35.91862487792969,
    43.76555252075195,
    41.689571380615234,
    30.445526123046875,
    24.537599563598633,
    28.59060287475586,
    49.79368209838867,
    52.874996185302734,
    23.227323532104492,
    31.086755752563477,
    52.7116813659668,
    46.28749084472656,
    43.375343322753906,
    47.38353729248047,
    42.39250183105469,
    26.89987564086914,
    25.831716537475586,
    23.232404708862305
  ],
  "loss_trace": [
    {
      "step": 0,
      "total": 11.992746050545573,
      "emo": 11.992724418640137,
      "asr": 0.21631905436515808,
      "per": 0.0,
      "lambda_emo": 1.0,
      "lambda_asr": 0.0001,
      "lambda_per": 0.0
    },
    {
      "step": 1,
      "total": 11.968949668678642,
      "emo": 11.968900680541992,
      "asr": 0.48988136649131775,
      "per": 0.004871169105172157,
      "lambda_emo": 1.0,
      "lambda_asr": 0.0001,
      "lambda_per": 0.0
    },
    {
      "step": 2,
      "total": 10.441211447024346,
      "emo": 10.441145896911621,
      "asr": 0.655501127243042,
      "per": 0.012948531657457352,
      "lambda_emo": 1.0,
      "lambda_asr": 0.0001,
      "lambda_per": 0.0
    },
    {
      "step": 3,
      "total": 7.04409716142416,
      "emo": 7.043990135192871,
      "asr": 1.0702623128890991,
      "per": 0.030033765360713005,
      "lambda_emo": 1.0,
      "lambda_asr": 0.0001,
      "lambda_per": 0.0
    },
    {
      "step": 4,
      "total": 6.3162679781675335,
      "emo": 6.31613826751709,
      "asr": 1.2971065044403076,
      "per": 0.03150484710931778,
      "lambda_emo": 1.0,
      "lambda_asr": 0.0001,
      "lambda_per": 0.0
    },
    {
      "step": 5,
      "total": 5.784169415128231,
      "emo": 5.7840189933776855,
      "asr": 1.504217505455017,
      "per": 0.028238570317626,
      "lambda_emo": 1.0,
      "lambda_asr": 0.0001,
      "lambda_per": 0.0
    },
    {
      "step": 6,
      "total": 5.780969466686249,
      "emo": 5.780813217163086,
      "asr": 1.562495231628418,
      "per": 0.026787571609020233,
      "lambda_emo": 1.0,
      "lambda_asr": 0.0001,
      "lambda_per": 0.0
    },
    {
      "step": 7,
      "total": 5.554819743514061,
      "emo": 5.55465030670166,
      "asr": 1.6943681240081787,
      "per": 0.03239501267671585,
      "lambda_emo": 1.0,
      "lambda_asr": 0.0001,
      "lambda_per": 0.0
    },
    {
      "step": 8,
      "total": 5.0510119218587874,
      "emo": 5.0508270263671875,
      "asr": 1.8489549160003662,
      "per": 0.03155011683702469,
      "lambda_emo": 1.0,
      "lambda_asr": 0.0001,
      "lambda_per": 0.0
    },
    {
      "step": 9,
      "total": 4.718316642868519,
      "emo": 4.718137264251709,
      "asr": 1.7937861680984497,
      "per": 0.031009351834654808,
      "lambda_emo": 1.0,
      "lambda_asr": 0.0001,
      "lambda_per": 0.0
    },
    {
      "step": 10,
      "total": 4.528635822105407,
      "emo": 4.528472900390625,
      "asr": 1.6292171478271484,
      "per": 0.028080135583877563,
      "lambda_emo": 1.0,
      "lambda_asr": 0.0001,
      "lambda_per": 0.0
    },
    {
      "step": 11,
      "total": 4.658337293100357,
      "emo": 4.658143043518066,
      "asr": 1.9424958229064941,
      "per": 0.03957202658057213,
      "lambda_emo": 1.0,
      "lambda_asr": 0.0001,
      "lambda_per": 0.0
    },
    {
      "step": 12,
      "total": 4.226014904093742,
      "emo": 4.2258219718933105,
      "asr": 1.9293220043182373,
      "per": 0.03652475029230118,
      "lambda_emo": 1.0,
      "lambda_asr": 0.0001,
      "lambda_per": 0.0
    },
    {
      "step": 13,
      "total": 4.5698593385457995,
      "emo": 4.569696426391602,
      "asr": 1.6291215419769287,
      "per": 0.03291947394609451,
      "lambda_emo": 1.0,
      "lambda_asr": 0.0001,
      "lambda_per": 0.0
    },
    {
      "step": 14,
      "total": 4.177848137009144,
      "emo": 4.177648544311523,
      "asr": 1.9959269762039185,
      "per": 0.03288032114505768,
      "lambda_emo": 1.0,
      "lambda_asr": 0.0001,
      "lambda_per": 0.0
    },
    {
      "step": 15,
      "total": 4.023746795225144,
      "emo": 4.0235514640808105,
      "asr": 1.9533114433288574,
      "per": 0.04072465002536774,
      "lambda_emo": 1.0,
      "lambda_asr": 0.0001,
      "lambda_per": 0.0
    },
    {
      "step": 16,
      "total": 3.736027580857277,
      "emo": 3.73583984375,
      "asr": 1.877371072769165,
      "per": 0.04134928435087204,
      "lambda_emo": 1.0,
      "lambda_asr": 0.0001,
      "lambda_per": 0.0
    },
    {
      "step": 17,
      "total": 3.8988881695747377,
      "emo": 3.8987064361572266,
      "asr": 1.8173341751098633,
      "per": 0.037361349910497665,
      "lambda_emo": 1.0,
      "lambda_asr": 0.0001,
      "lambda_per": 0.0
    },
    {
      "step": 18,
      "total": 3.8679152286171914,
      "emo": 3.86771559715271,
      "asr": 1.9963146448135376,
      "per": 0.03143926337361336,
      "lambda_emo": 1.0,
      "lambda_asr": 0.0001,
      "lambda_per": 0.0
    },
    {
      "step": 19,
      "total": 4.519477953839302,
      "emo": 4.519282341003418,
      "asr": 1.9561283588409424,
      "per": 0.03552931547164917,
      "lambda_emo": 1.0,
      "lambda_asr": 0.0001,
      "lambda_per": 0.0
    },
    {
      "step": 20,
      "total": 4.820165727300644,
      "emo": 4.802443981170654,
      "asr": 1.7721387147903442,
      "per": 0.03589820861816406,
      "lambda_emo": 1.0,
      "lambda_asr": 0.01,
      "lambda_per": 1e-05
    },
    {
      "step": 21,
      "total": 4.358071360337883,
      "emo": 4.335907936096191,
      "asr": 2.2163004875183105,
      "per": 0.04193665087223053,
      "lambda_emo": 1.0,
      "lambda_asr": 0.01,
      "lambda_per": 1e-05
    },
    {
      "step": 22,
      "total": 3.862285919381231,
      "emo": 3.842050075531006,
      "asr": 2.023552417755127,
      "per": 0.03196726739406586,
      "lambda_emo": 1.0,
      "lambda_asr": 0.01,
      "lambda_per": 1e-05
    },
    {
      "step": 23,
      "total": 3.686878035436906,
      "emo": 3.6655073165893555,
      "asr": 2.1370341777801514,
      "per": 0.037706974893808365,
      "lambda_emo": 1.0,
      "lambda_asr": 0.01,