{
  "sample_id": "01652_0002_angry_0002_000383",
  "path": "/data1/lixiang/OpenS2S_dataset/ESD/CN/0002/Angry/0002_000383.wav",
  "speaker_id": "0002",
  "ground_truth_emotion": "angry",
  "target_emotion": "happy",
  "emo_text_clean": [
    "Angry",
    "Angry",
    "\u4f60\u4e0d\u662f\u9752\u86d9"
  ],
  "emo_text_adv": [
    "Neutral",
    "happy",
    "Happy!"
  ],
  "emo_pred_clean": [
    "angry",
    "angry",
    ""
  ],
  "emo_pred_adv": [
    "neutral",
    "happy",
    "happy"
  ],
  "asr_text_clean": "\u6211\u5c31\u662f\u9752\u86d9",
  "asr_text_adv": "\u6211\u662f\u9752\u86d9",
  "success_emo": false,
  "wer": 1.0,
  "semantic_sim": 0.9967452883720398,
  "semantic_preserved": true,
  "delta_linf": 0.008000001311302185,
  "delta_l2": 1.0787800550460815,
  "snr_db": 24.600601620961086,
  "grad_norm_trace": [
    257.4924621582031,
    150.56124877929688,
    313.5238342285156,
    128.40921020507812,
    129.1674041748047,
    89.81551361083984,
    83.07286071777344,
    42.79987335205078,
    59.81122589111328,
    37.65161895751953,
    40.14179992675781,
    31.29928207397461,
    64.74744415283203,
    59.524993896484375,
    43.5821418762207,
    43.435935974121094,
    32.808509826660156,
    34.77900695800781,
    32.7094612121582,
    106.86530303955078,
    26.15485382080078,
    26.517742156982422,
    30.875600814819336,
    27.903942108154297,
    18.837432861328125,
    24.419845581054688,
    19.416032791137695,
    32.518455505371094,
    38.41236877441406,
    29.029874801635742,
    21.450544357299805,
    21.345117568969727,
    20.70061683654785,
    22.49529266357422,
    33.375221252441406,
    27.026344299316406,
    22.305503845214844,
    22.204647064208984,
    38.579498291015625,
    37.963104248046875,
    210.51844787597656,
    57.012699127197266,
    96.18389892578125,
    28.280193328857422,
    39.40283203125,
    27.284982681274414,
    97.28534698486328,
    30.632156372070312,
    20.91900062561035,
    24.088430404663086,
    23.422300338745117,
    18.014720916748047,
    26.506237030029297,
    61.79048538208008,
    21.185401916503906,
    21.610698699951172,
    47.10874938964844,
    29.73033905029297,
    31.334369659423828,
    50.05299758911133
  ],
  "loss_trace": [
    {
      "step": 0,
      "total": 12.330158875131607,
      "emo": 12.330072402954102,
      "asr": 0.8647217750549316,
      "per": 0.0,
      "lambda_emo": 1.0,
      "lambda_asr": 0.0001,
      "lambda_per": 0.0
    },
    {
      "step": 1,
      "total": 11.82254306640625,
      "emo": 11.82239818572998,
      "asr": 1.4488067626953125,
      "per": 0.011718983761966228,
      "lambda_emo": 1.0,
      "lambda_asr": 0.0001,
      "lambda_per": 0.0
    },
    {
      "step": 2,
      "total": 10.222641553187371,
      "emo": 10.222387313842773,
      "asr": 2.542393445968628,
      "per": 0.015201926231384277,
      "lambda_emo": 1.0,
      "lambda_asr": 0.0001,
      "lambda_per": 0.0
    },
    {
      "step": 3,
      "total": 6.946264575195313,
      "emo": 6.945818901062012,
      "asr": 4.4567413330078125,
      "per": 0.02997853420674801,
      "lambda_emo": 1.0,
      "lambda_asr": 0.0001,
      "lambda_per": 0.0
    },
    {
      "step": 4,
      "total": 4.622859465479851,
      "emo": 4.622536659240723,
      "asr": 3.228062391281128,
      "per": 0.029087839648127556,
      "lambda_emo": 1.0,
      "lambda_asr": 0.0001,
      "lambda_per": 0.0
    },
    {
      "step": 5,
      "total": 5.048296272659302,
      "emo": 5.0478997230529785,
      "asr": 3.965496063232422,
      "per": 0.03432222828269005,
      "lambda_emo": 1.0,
      "lambda_asr": 0.0001,
      "lambda_per": 0.0
    },
    {
      "step": 6,
      "total": 4.267279055380821,
      "emo": 4.266931056976318,
      "asr": 3.4799840450286865,
      "per": 0.03456662595272064,
      "lambda_emo": 1.0,
      "lambda_asr": 0.0001,
      "lambda_per": 0.0
    },
    {
      "step": 7,
      "total": 3.5270758904218673,
      "emo": 3.5266966819763184,
      "asr": 3.7920844554901123,
      "per": 0.03844433277845383,
      "lambda_emo": 1.0,
      "lambda_asr": 0.0001,
      "lambda_per": 0.0
    },
    {
      "step": 8,
      "total": 3.7146883399248125,
      "emo": 3.7143421173095703,
      "asr": 3.462226152420044,
      "per": 0.032075315713882446,
      "lambda_emo": 1.0,
      "lambda_asr": 0.0001,
      "lambda_per": 0.0
    },
    {
      "step": 9,
      "total": 4.08694165558815,
      "emo": 4.086524486541748,
      "asr": 4.171690464019775,
      "per": 0.027380479499697685,
      "lambda_emo": 1.0,
      "lambda_asr": 0.0001,
      "lambda_per": 0.0
    },
    {
      "step": 10,
      "total": 3.1901159373044967,
      "emo": 3.1897525787353516,
      "asr": 3.6335856914520264,
      "per": 0.03567736968398094,
      "lambda_emo": 1.0,
      "lambda_asr": 0.0001,
      "lambda_per": 0.0
    },
    {
      "step": 11,
      "total": 3.455976881480217,
      "emo": 3.455672025680542,
      "asr": 3.048557996749878,
      "per": 0.03773025423288345,
      "lambda_emo": 1.0,
      "lambda_asr": 0.0001,
      "lambda_per": 0.0
    },
    {
      "step": 12,
      "total": 3.267997957921028,
      "emo": 3.2676329612731934,
      "asr": 3.6499664783477783,
      "per": 0.03351658955216408,
      "lambda_emo": 1.0,
      "lambda_asr": 0.0001,
      "lambda_per": 0.0
    },
    {
      "step": 13,
      "total": 3.2079125653266907,
      "emo": 3.2075610160827637,
      "asr": 3.5154924392700195,
      "per": 0.03673587739467621,
      "lambda_emo": 1.0,
      "lambda_asr": 0.0001,
      "lambda_per": 0.0
    },
    {
      "step": 14,
      "total": 3.3213531171798705,
      "emo": 3.3209807872772217,
      "asr": 3.723299026489258,
      "per": 0.02827959507703781,
      "lambda_emo": 1.0,
      "lambda_asr": 0.0001,
      "lambda_per": 0.0
    },
    {
      "step": 15,
      "total": 3.0642348627328873,
      "emo": 3.063871383666992,
      "asr": 3.6347906589508057,
      "per": 0.04253366217017174,
      "lambda_emo": 1.0,
      "lambda_asr": 0.0001,
      "lambda_per": 0.0
    },
    {
      "step": 16,
      "total": 2.8045319936037063,
      "emo": 2.8041815757751465,
      "asr": 3.504178285598755,
      "per": 0.03903422877192497,
      "lambda_emo": 1.0,
      "lambda_asr": 0.0001,
      "lambda_per": 0.0
    },
    {
      "step": 17,
      "total": 2.7399019775390623,
      "emo": 2.7394986152648926,
      "asr": 4.033622741699219,
      "per": 0.04242362082004547,
      "lambda_emo": 1.0,
      "lambda_asr": 0.0001,
      "lambda_per": 0.0
    },
    {
      "step": 18,
      "total": 2.5823914070606233,
      "emo": 2.5819802284240723,
      "asr": 4.111786365509033,
      "per": 0.03724662959575653,
      "lambda_emo": 1.0,
      "lambda_asr": 0.0001,
      "lambda_per": 0.0
    },
    {
      "step": 19,
      "total": 2.8058878664016724,
      "emo": 2.80549693107605,
      "asr": 3.909353256225586,
      "per": 0.042326606810092926,
      "lambda_emo": 1.0,
      "lambda_asr": 0.0001,
      "lambda_per": 0.0
    },
    {
      "step": 20,
      "total": 2.8872782489500195,
      "emo": 2.848684072494507,
      "asr": 3.8593761920928955,
      "per": 0.04145345836877823,
      "lambda_emo": 1.0,
      "lambda_asr": 0.01,
      "lambda_per": 1e-05
    },
    {
      "step": 21,
      "total": 2.565730939321481,
      "emo": 2.5245771408081055,
      "asr": 4.1153483390808105,
      "per": 0.03151225671172142,
      "lambda_emo": 1.0,
      "lambda_asr": 0.01,
      "lambda_per": 1e-05
    },
    {
      "step": 22,
      "total": 2.6408359176745266,
      "emo": 2.6026816368103027,
      "asr": 3.8153884410858154,
      "per": 0.03964533656835556,
      "lambda_emo": 1.0,
      "lambda_asr": 0.01,
      "lambda_per": 1e-05
    },
    {
      "step": 23,
      "total": 2.422111706994921,
      "emo": 2.3835206031799316,
      "asr": 3.859071731567383,
      "per": 0.03864993155002594,
      "lambda_emo": 1.0,