{
  "sample_id": "01671_0002_angry_0002_000463",
  "path": "/data1/lixiang/OpenS2S_dataset/ESD/CN/0002/Angry/0002_000463.wav",
  "speaker_id": "0002",
  "ground_truth_emotion": "angry",
  "target_emotion": "happy",
  "emo_text_clean": [
    "Angry.",
    "Angry",
    "\u4f60\u624d\u8bef\u89e3"
  ],
  "emo_text_adv": [
    "happy",
    "happy",
    "happy"
  ],
  "emo_pred_clean": [
    "angry",
    "angry",
    ""
  ],
  "emo_pred_adv": [
    "happy",
    "happy",
    "happy"
  ],
  "asr_text_clean": "\u4f60\u6839\u672c\u4e0d\u61c2\u6211\u597d\u5417",
  "asr_text_adv": "\u4f60\u542c\u8d77\u6765",
  "success_emo": true,
  "wer": 1.0,
  "semantic_sim": 0.4323275685310364,
  "semantic_preserved": false,
  "delta_linf": 0.008000001311302185,
  "delta_l2": 1.0661735534667969,
  "snr_db": 23.454436982629183,
  "grad_norm_trace": [
    255.582275390625,
    275.573486328125,
    147.3304443359375,
    134.43455505371094,
    94.8094482421875,
    57.676902770996094,
    52.526893615722656,
    56.595603942871094,
    36.90886306762695,
    118.43608093261719,
    53.77008819580078,
    44.3170166015625,
    48.69036865234375,
    82.3490219116211,
    60.67487335205078,
    85.74191284179688,
    73.86331939697266,
    60.74021530151367,
    31.612131118774414,
    33.14157485961914,
    21.63272476196289,
    26.456418991088867,
    21.877700805664062,
    25.183032989501953,
    40.842376708984375,
    25.702163696289062,
    22.34302520751953,
    27.40523910522461,
    31.08936309814453,
    26.708541870117188,
    59.939796447753906,
    19.677841186523438,
    24.350311279296875,
    41.22041320800781,
    27.524179458618164,
    29.263519287109375,
    67.65160369873047,
    46.607582092285156,
    20.807960510253906,
    28.605119705200195,
    24.820819854736328,
    17.613595962524414,
    18.078638076782227,
    20.46318244934082,
    16.425609588623047,
    19.307676315307617,
    25.431884765625,
    13.074761390686035,
    65.7525405883789,
    23.870229721069336,
    40.80452346801758,
    24.755998611450195,
    15.552849769592285,
    17.97464370727539,
    12.472225189208984,
    25.427345275878906,
    65.84937286376953,
    15.311796188354492,
    31.207914352416992,
    20.71443748474121
  ],
  "loss_trace": [
    {
      "step": 0,
      "total": 12.180523171359301,
      "emo": 12.180484771728516,
      "asr": 0.38399630784988403,
      "per": 0.0,
      "lambda_emo": 1.0,
      "lambda_asr": 0.0001,
      "lambda_per": 0.0
    },
    {
      "step": 1,
      "total": 8.149869495511055,
      "emo": 8.14974594116211,
      "asr": 1.2355434894561768,
      "per": 0.008266626857221127,
      "lambda_emo": 1.0,
      "lambda_asr": 0.0001,
      "lambda_per": 0.0
    },
    {
      "step": 2,
      "total": 5.6743917655587195,
      "emo": 5.674219131469727,
      "asr": 1.726340889930725,
      "per": 0.017521660774946213,
      "lambda_emo": 1.0,
      "lambda_asr": 0.0001,
      "lambda_per": 0.0
    },
    {
      "step": 3,
      "total": 7.451307567667961,
      "emo": 7.45112943649292,
      "asr": 1.7813117504119873,
      "per": 0.02002592384815216,
      "lambda_emo": 1.0,
      "lambda_asr": 0.0001,
      "lambda_per": 0.0
    },
    {
      "step": 4,
      "total": 4.725613726806641,
      "emo": 4.725322723388672,
      "asr": 2.9100341796875,
      "per": 0.022982515394687653,
      "lambda_emo": 1.0,
      "lambda_asr": 0.0001,
      "lambda_per": 0.0
    },
    {
      "step": 5,
      "total": 4.4834879192352295,
      "emo": 4.483170986175537,
      "asr": 3.169330596923828,
      "per": 0.023469267413020134,
      "lambda_emo": 1.0,
      "lambda_asr": 0.0001,
      "lambda_per": 0.0
    },
    {
      "step": 6,
      "total": 4.310801378893852,
      "emo": 4.310516357421875,
      "asr": 2.850214719772339,
      "per": 0.022313520312309265,
      "lambda_emo": 1.0,
      "lambda_asr": 0.0001,
      "lambda_per": 0.0
    },
    {
      "step": 7,
      "total": 4.613683127331734,
      "emo": 4.6133880615234375,
      "asr": 2.950658082962036,
      "per": 0.027902185916900635,
      "lambda_emo": 1.0,
      "lambda_asr": 0.0001,
      "lambda_per": 0.0
    },
    {
      "step": 8,
      "total": 4.185746317815781,
      "emo": 4.185471534729004,
      "asr": 2.747830867767334,
      "per": 0.026991471648216248,
      "lambda_emo": 1.0,
      "lambda_asr": 0.0001,
      "lambda_per": 0.0
    },
    {
      "step": 9,
      "total": 4.448657556056976,
      "emo": 4.44847297668457,
      "asr": 1.8457937240600586,
      "per": 0.030331484973430634,
      "lambda_emo": 1.0,
      "lambda_asr": 0.0001,
      "lambda_per": 0.0
    },
    {
      "step": 10,
      "total": 3.7321156442165373,
      "emo": 3.731867551803589,
      "asr": 2.480924129486084,
      "per": 0.030083751305937767,
      "lambda_emo": 1.0,
      "lambda_asr": 0.0001,
      "lambda_per": 0.0
    },
    {
      "step": 11,
      "total": 2.9909463070631026,
      "emo": 2.9907126426696777,
      "asr": 2.336643934249878,
      "per": 0.02951524779200554,
      "lambda_emo": 1.0,
      "lambda_asr": 0.0001,
      "lambda_per": 0.0
    },
    {
      "step": 12,
      "total": 2.950926355934143,
      "emo": 2.950681686401367,
      "asr": 2.446695327758789,
      "per": 0.034093938767910004,
      "lambda_emo": 1.0,
      "lambda_asr": 0.0001,
      "lambda_per": 0.0
    },
    {
      "step": 13,
      "total": 2.788982572865486,
      "emo": 2.7887678146362305,
      "asr": 2.1475822925567627,
      "per": 0.0275600403547287,
      "lambda_emo": 1.0,
      "lambda_asr": 0.0001,
      "lambda_per": 0.0
    },
    {
      "step": 14,
      "total": 2.9798590646743772,
      "emo": 2.979618787765503,
      "asr": 2.402769088745117,
      "per": 0.03476830571889877,
      "lambda_emo": 1.0,
      "lambda_asr": 0.0001,
      "lambda_per": 0.0
    },
    {
      "step": 15,
      "total": 2.813178328156471,
      "emo": 2.8129403591156006,
      "asr": 2.379690408706665,
      "per": 0.026108911260962486,
      "lambda_emo": 1.0,
      "lambda_asr": 0.0001,
      "lambda_per": 0.0
    },
    {
      "step": 16,
      "total": 2.490304293680191,
      "emo": 2.4900765419006348,
      "asr": 2.277517795562744,
      "per": 0.03248840197920799,
      "lambda_emo": 1.0,
      "lambda_asr": 0.0001,
      "lambda_per": 0.0
    },
    {
      "step": 17,
      "total": 3.181192140316963,
      "emo": 3.1809966564178467,
      "asr": 1.9548389911651611,
      "per": 0.037957437336444855,
      "lambda_emo": 1.0,
      "lambda_asr": 0.0001,
      "lambda_per": 0.0
    },
    {
      "step": 18,
      "total": 2.738394297623634,
      "emo": 2.7381725311279297,
      "asr": 2.217664957046509,
      "per": 0.03681540489196777,
      "lambda_emo": 1.0,
      "lambda_asr": 0.0001,
      "lambda_per": 0.0
    },
    {
      "step": 19,
      "total": 2.422977202105522,
      "emo": 2.4227559566497803,
      "asr": 2.2124545574188232,
      "per": 0.03733336180448532,
      "lambda_emo": 1.0,
      "lambda_asr": 0.0001,
      "lambda_per": 0.0
    },
    {
      "step": 20,
      "total": 2.216392996475324,
      "emo": 2.1929101943969727,
      "asr": 2.348245143890381,
      "per": 0.03506394475698471,
      "lambda_emo": 1.0,
      "lambda_asr": 0.01,
      "lambda_per": 1e-05
    },
    {
      "step": 21,
      "total": 2.149022927131057,
      "emo": 2.1262550354003906,
      "asr": 2.2767539024353027,
      "per": 0.035270631313323975,
      "lambda_emo": 1.0,
      "lambda_asr": 0.01,
      "lambda_per": 1e-05
    },
    {
      "step": 22,
      "total": 2.1266554868189615,
      "emo": 2.1044387817382812,
      "asr": 2.221644163131714,
      "per": 0.026344936341047287,
      "lambda_emo": 1.0,
      "lambda_asr": 0.01,
      "lambda_per": 1e-05
    },
    {
      "step": 23,
      "total": 1.9231053392017259,
      "emo": 1.901005744934082,
      "asr": 2.209929943084717,
      "per": 0.029483679682016373,
      "lambda_emo": 1.0,