{
  "sample_id": "01682_0002_angry_0002_000362",
  "path": "/data1/lixiang/OpenS2S_dataset/ESD/CN/0002/Angry/0002_000362.wav",
  "speaker_id": "0002",
  "ground_truth_emotion": "angry",
  "target_emotion": "happy",
  "emo_text_clean": [
    "Angry",
    "Angry",
    "\u4f60\u6bcf\u6b21\u90fd"
  ],
  "emo_text_adv": [
    "Happy",
    "happy",
    "Happy"
  ],
  "emo_pred_clean": [
    "angry",
    "angry",
    ""
  ],
  "emo_pred_adv": [
    "happy",
    "happy",
    "happy"
  ],
  "asr_text_clean": "\u4f60\u6bcf\u6b21\u90fd",
  "asr_text_adv": "\u6bcf\u6b21\u8c08\u604b\u7231",
  "success_emo": true,
  "wer": 1.0,
  "semantic_sim": 0.5785552859306335,
  "semantic_preserved": false,
  "delta_linf": 0.008000001311302185,
  "delta_l2": 1.2033926248550415,
  "snr_db": 22.989849413811925,
  "grad_norm_trace": [
    630.8829956054688,
    154.95611572265625,
    135.1109161376953,
    236.16903686523438,
    185.76031494140625,
    84.89418029785156,
    41.25094223022461,
    92.7448501586914,
    57.070255279541016,
    52.834503173828125,
    65.47673034667969,
    54.37608337402344,
    54.10577392578125,
    40.49187088012695,
    37.05621337890625,
    30.593252182006836,
    51.04584503173828,
    97.37845611572266,
    54.267601013183594,
    36.32838439941406,
    29.856386184692383,
    23.252490997314453,
    31.491809844970703,
    101.02362823486328,
    120.61710357666016,
    53.63684844970703,
    49.041107177734375,
    77.94681549072266,
    63.156803131103516,
    66.05113983154297,
    51.77229690551758,
    40.970584869384766,
    27.95084571838379,
    141.06405639648438,
    98.81680297851562,
    79.50445556640625,
    68.03978729248047,
    209.37184143066406,
    41.413639068603516,
    88.60904693603516,
    44.29620361328125,
    35.85731887817383,
    58.84700012207031,
    52.73975372314453,
    57.45197677612305,
    71.5057373046875,
    67.74779510498047,
    24.34922981262207,
    26.657140731811523,
    57.782630920410156,
    39.98955154418945,
    27.565710067749023,
    58.71196746826172,
    25.051162719726562,
    31.734432220458984,
    16.554655075073242,
    25.59050941467285,
    32.557899475097656,
    27.068639755249023,
    23.821636199951172
  ],
  "loss_trace": [
    {
      "step": 0,
      "total": 13.24639274610281,
      "emo": 13.246366500854492,
      "asr": 0.26245248317718506,
      "per": 0.0,
      "lambda_emo": 1.0,
      "lambda_asr": 0.0001,
      "lambda_per": 0.0
    },
    {
      "step": 1,
      "total": 6.248473194044829,
      "emo": 6.248434066772461,
      "asr": 0.39127272367477417,
      "per": 0.02143917977809906,
      "lambda_emo": 1.0,
      "lambda_asr": 0.0001,
      "lambda_per": 0.0
    },
    {
      "step": 2,
      "total": 5.127146791142225,
      "emo": 5.127091407775879,
      "asr": 0.5538336634635925,
      "per": 0.020928671583533287,
      "lambda_emo": 1.0,
      "lambda_asr": 0.0001,
      "lambda_per": 0.0
    },
    {
      "step": 3,
      "total": 6.345474405837059,
      "emo": 6.345251083374023,
      "asr": 2.233224630355835,
      "per": 0.027617719024419785,
      "lambda_emo": 1.0,
      "lambda_asr": 0.0001,
      "lambda_per": 0.0
    },
    {
      "step": 4,
      "total": 4.543814577960968,
      "emo": 4.5436248779296875,
      "asr": 1.8970003128051758,
      "per": 0.03199208900332451,
      "lambda_emo": 1.0,
      "lambda_asr": 0.0001,
      "lambda_per": 0.0
    },
    {
      "step": 5,
      "total": 4.463560589551926,
      "emo": 4.4633636474609375,
      "asr": 1.9694209098815918,
      "per": 0.0335119366645813,
      "lambda_emo": 1.0,
      "lambda_asr": 0.0001,
      "lambda_per": 0.0
    },
    {
      "step": 6,
      "total": 3.677198601269722,
      "emo": 3.6770071983337402,
      "asr": 1.9140293598175049,
      "per": 0.030590258538722992,
      "lambda_emo": 1.0,
      "lambda_asr": 0.0001,
      "lambda_per": 0.0
    },
    {
      "step": 7,
      "total": 3.798617760658264,
      "emo": 3.7984442710876465,
      "asr": 1.7348957061767578,
      "per": 0.032099269330501556,
      "lambda_emo": 1.0,
      "lambda_asr": 0.0001,
      "lambda_per": 0.0
    },
    {
      "step": 8,
      "total": 3.430909240460396,
      "emo": 3.4307312965393066,
      "asr": 1.7794392108917236,
      "per": 0.03299277648329735,
      "lambda_emo": 1.0,
      "lambda_asr": 0.0001,
      "lambda_per": 0.0
    },
    {
      "step": 9,
      "total": 3.5534407440662386,
      "emo": 3.5532329082489014,
      "asr": 2.0783581733703613,
      "per": 0.02642030082643032,
      "lambda_emo": 1.0,
      "lambda_asr": 0.0001,
      "lambda_per": 0.0
    },
    {
      "step": 10,
      "total": 3.237381684088707,
      "emo": 3.237192153930664,
      "asr": 1.8953015804290771,
      "per": 0.036329180002212524,
      "lambda_emo": 1.0,
      "lambda_asr": 0.0001,
      "lambda_per": 0.0
    },
    {
      "step": 11,
      "total": 2.9062357211470604,
      "emo": 2.906064033508301,
      "asr": 1.7168763875961304,
      "per": 0.03796890377998352,
      "lambda_emo": 1.0,
      "lambda_asr": 0.0001,
      "lambda_per": 0.0
    },
    {
      "step": 12,
      "total": 3.3716294068813326,
      "emo": 3.3714427947998047,
      "asr": 1.8661208152770996,
      "per": 0.03807686269283295,
      "lambda_emo": 1.0,
      "lambda_asr": 0.0001,
      "lambda_per": 0.0
    },
    {
      "step": 13,
      "total": 2.459526127386093,
      "emo": 2.4592862129211426,
      "asr": 2.3991446495056152,
      "per": 0.03506392985582352,
      "lambda_emo": 1.0,
      "lambda_asr": 0.0001,
      "lambda_per": 0.0
    },
    {
      "step": 14,
      "total": 2.8916526472568513,
      "emo": 2.891465902328491,
      "asr": 1.8674492835998535,
      "per": 0.02634931355714798,
      "lambda_emo": 1.0,
      "lambda_asr": 0.0001,
      "lambda_per": 0.0
    },
    {
      "step": 15,
      "total": 2.7783484637498854,
      "emo": 2.778186321258545,
      "asr": 1.621424913406372,
      "per": 0.03469676524400711,
      "lambda_emo": 1.0,
      "lambda_asr": 0.0001,
      "lambda_per": 0.0
    },
    {
      "step": 16,
      "total": 2.5896018577337263,
      "emo": 2.589400291442871,
      "asr": 2.015662908554077,
      "per": 0.03405767306685448,
      "lambda_emo": 1.0,
      "lambda_asr": 0.0001,
      "lambda_per": 0.0
    },
    {
      "step": 17,
      "total": 2.3132477741479875,
      "emo": 2.313044548034668,
      "asr": 2.0322611331939697,
      "per": 0.03230448067188263,
      "lambda_emo": 1.0,
      "lambda_asr": 0.0001,
      "lambda_per": 0.0
    },
    {
      "step": 18,
      "total": 2.6437326353192327,
      "emo": 2.6435494422912598,
      "asr": 1.8319302797317505,
      "per": 0.038507819175720215,
      "lambda_emo": 1.0,
      "lambda_asr": 0.0001,
      "lambda_per": 0.0
    },
    {
      "step": 19,
      "total": 2.4858410074472426,
      "emo": 2.4856269359588623,
      "asr": 2.1407148838043213,
      "per": 0.03588094562292099,
      "lambda_emo": 1.0,
      "lambda_asr": 0.0001,
      "lambda_per": 0.0
    },
    {
      "step": 20,
      "total": 2.2585022779376804,
      "emo": 2.2370028495788574,
      "asr": 2.1499135494232178,
      "per": 0.0292864590883255,
      "lambda_emo": 1.0,
      "lambda_asr": 0.01,
      "lambda_per": 1e-05
    },
    {
      "step": 21,
      "total": 2.1276388958771153,
      "emo": 2.1075074672698975,
      "asr": 2.013108015060425,
      "per": 0.034845661371946335,
      "lambda_emo": 1.0,
      "lambda_asr": 0.01,
      "lambda_per": 1e-05
    },
    {
      "step": 22,
      "total": 2.045739785071835,
      "emo": 2.0264220237731934,
      "asr": 1.9317388534545898,
      "per": 0.037276409566402435,
      "lambda_emo": 1.0,
      "lambda_asr": 0.01,
      "lambda_per": 1e-05
    },
    {
      "step": 23,
      "total": 2.6927629274266587,
      "emo": 2.6630585193634033,
      "asr": 2.9704012870788574,
      "per": 0.03951924666762352,
      "lambda_emo": 1.0,
      "lambda_asr": 0.01,