{
  "sample_id": "01733_0002_angry_0002_000599",
  "path": "/data1/lixiang/OpenS2S_dataset/ESD/CN/0002/Angry/0002_000599.wav",
  "speaker_id": "0002",
  "ground_truth_emotion": "angry",
  "target_emotion": "happy",
  "emo_text_clean": [
    "Angry",
    "Angry",
    "\u4f60\u542c\u8d77\u6765"
  ],
  "emo_text_adv": [
    "Happy",
    "Happy",
    "Happy"
  ],
  "emo_pred_clean": [
    "angry",
    "angry",
    ""
  ],
  "emo_pred_adv": [
    "happy",
    "happy",
    "happy"
  ],
  "asr_text_clean": "\u4f60\u6700\u597d\u7684\u670b\u53cb\u5c31\u7ea6\u4f1a",
  "asr_text_adv": "\u6211\u6700\u597d\u7684\u670b\u53cb\u5c31\u7ea6\u4f1a",
  "success_emo": true,
  "wer": 1.0,
  "semantic_sim": 0.9453809261322021,
  "semantic_preserved": true,
  "delta_linf": 0.008000001311302185,
  "delta_l2": 0.9891000986099243,
  "snr_db": 22.741405598186866,
  "grad_norm_trace": [
    183.16183471679688,
    70.52420806884766,
    229.12423706054688,
    180.9605255126953,
    399.5476379394531,
    235.7260284423828,
    126.38156127929688,
    113.52593231201172,
    112.91534423828125,
    55.338844299316406,
    42.60984802246094,
    53.108497619628906,
    45.58379364013672,
    65.65025329589844,
    50.993492126464844,
    59.20619583129883,
    70.39952087402344,
    63.20711135864258,
    62.356658935546875,
    41.20961380004883,
    73.20646667480469,
    60.01033020019531,
    44.60377883911133,
    76.0351791381836,
    72.3423080444336,
    60.85743713378906,
    45.99075698852539,
    39.365684509277344,
    110.4508056640625,
    51.05499267578125,
    42.429443359375,
    138.0576171875,
    76.39871215820312,
    82.0434799194336,
    28.698474884033203,
    22.647686004638672,
    27.885160446166992,
    35.67647933959961,
    38.2900276184082,
    30.6289005279541,
    29.74741554260254,
    40.261417388916016,
    32.0997314453125,
    69.53386688232422,
    49.43132019042969,
    176.70333862304688,
    133.5577850341797,
    50.0037727355957,
    30.66499137878418,
    119.81072998046875,
    54.82197952270508,
    97.38457489013672,
    31.63697052001953,
    45.97950744628906,
    35.790748596191406,
    20.717426300048828,
    43.11709213256836,
    24.881305694580078,
    47.258182525634766,
    20.853368759155273
  ],
  "loss_trace": [
    {
      "step": 0,
      "total": 12.143122798234224,
      "emo": 12.14307689666748,
      "asr": 0.4590156674385071,
      "per": 0.0,
      "lambda_emo": 1.0,
      "lambda_asr": 0.0001,
      "lambda_per": 0.0
    },
    {
      "step": 1,
      "total": 12.378540417775511,
      "emo": 12.378507614135742,
      "asr": 0.3280363976955414,
      "per": 0.010251800529658794,
      "lambda_emo": 1.0,
      "lambda_asr": 0.0001,
      "lambda_per": 0.0
    },
    {
      "step": 2,
      "total": 11.351406338900327,
      "emo": 11.351347923278809,
      "asr": 0.5841562151908875,
      "per": 0.00970549788326025,
      "lambda_emo": 1.0,
      "lambda_asr": 0.0001,
      "lambda_per": 0.0
    },
    {
      "step": 3,
      "total": 11.103722031527758,
      "emo": 11.103691101074219,
      "asr": 0.30930453538894653,
      "per": 0.01906716451048851,
      "lambda_emo": 1.0,
      "lambda_asr": 0.0001,
      "lambda_per": 0.0
    },
    {
      "step": 4,
      "total": 10.602780692267418,
      "emo": 10.60272216796875,
      "asr": 0.5852429866790771,
      "per": 0.01906733587384224,
      "lambda_emo": 1.0,
      "lambda_asr": 0.0001,
      "lambda_per": 0.0
    },
    {
      "step": 5,
      "total": 7.187484251028299,
      "emo": 7.1874098777771,
      "asr": 0.7437325119972229,
      "per": 0.031037088483572006,
      "lambda_emo": 1.0,
      "lambda_asr": 0.0001,
      "lambda_per": 0.0
    },
    {
      "step": 6,
      "total": 5.811185483145714,
      "emo": 5.811112403869629,
      "asr": 0.730792760848999,
      "per": 0.0285275187343359,
      "lambda_emo": 1.0,
      "lambda_asr": 0.0001,
      "lambda_per": 0.0
    },
    {
      "step": 7,
      "total": 5.482092861026525,
      "emo": 5.48201847076416,
      "asr": 0.7439026236534119,
      "per": 0.031774476170539856,
      "lambda_emo": 1.0,
      "lambda_asr": 0.0001,
      "lambda_per": 0.0
    },
    {
      "step": 8,
      "total": 5.117225067353249,
      "emo": 5.117147445678711,
      "asr": 0.7762167453765869,
      "per": 0.03780623525381088,
      "lambda_emo": 1.0,
      "lambda_asr": 0.0001,
      "lambda_per": 0.0
    },
    {
      "step": 9,
      "total": 4.393622259807587,
      "emo": 4.393551349639893,
      "asr": 0.709101676940918,
      "per": 0.045617397874593735,
      "lambda_emo": 1.0,
      "lambda_asr": 0.0001,
      "lambda_per": 0.0
    },
    {
      "step": 10,
      "total": 4.303970005607605,
      "emo": 4.303895473480225,
      "asr": 0.7453212738037109,
      "per": 0.03274644911289215,
      "lambda_emo": 1.0,
      "lambda_asr": 0.0001,
      "lambda_per": 0.0
    },
    {
      "step": 11,
      "total": 3.729227158623934,
      "emo": 3.7291553020477295,
      "asr": 0.7185657620429993,
      "per": 0.03400089964270592,
      "lambda_emo": 1.0,
      "lambda_asr": 0.0001,
      "lambda_per": 0.0
    },
    {
      "step": 12,
      "total": 3.9464323554813863,
      "emo": 3.9463443756103516,
      "asr": 0.8797987103462219,
      "per": 0.03894669562578201,
      "lambda_emo": 1.0,
      "lambda_asr": 0.0001,
      "lambda_per": 0.0
    },
    {
      "step": 13,
      "total": 3.4606928697109223,
      "emo": 3.460601329803467,
      "asr": 0.9153990745544434,
      "per": 0.03448853641748428,
      "lambda_emo": 1.0,
      "lambda_asr": 0.0001,
      "lambda_per": 0.0
    },
    {
      "step": 14,
      "total": 3.5995181514143946,
      "emo": 3.599416494369507,
      "asr": 1.0165704488754272,
      "per": 0.0431719571352005,
      "lambda_emo": 1.0,
      "lambda_asr": 0.0001,
      "lambda_per": 0.0
    },
    {
      "step": 15,
      "total": 3.069700057667494,
      "emo": 3.069607734680176,
      "asr": 0.9232298731803894,
      "per": 0.038485415279865265,
      "lambda_emo": 1.0,
      "lambda_asr": 0.0001,
      "lambda_per": 0.0
    },
    {
      "step": 16,
      "total": 2.9423513311564924,
      "emo": 2.9422659873962402,
      "asr": 0.853437602519989,
      "per": 0.03394213318824768,
      "lambda_emo": 1.0,
      "lambda_asr": 0.0001,
      "lambda_per": 0.0
    },
    {
      "step": 17,
      "total": 3.4157111452400684,
      "emo": 3.415616989135742,
      "asr": 0.9415610432624817,
      "per": 0.04626838490366936,
      "lambda_emo": 1.0,
      "lambda_asr": 0.0001,
      "lambda_per": 0.0
    },
    {
      "step": 18,
      "total": 2.670541805970669,
      "emo": 2.6704516410827637,
      "asr": 0.9016488790512085,
      "per": 0.0399564690887928,
      "lambda_emo": 1.0,
      "lambda_asr": 0.0001,
      "lambda_per": 0.0
    },
    {
      "step": 19,
      "total": 3.115788822853565,
      "emo": 3.115691661834717,
      "asr": 0.9716101884841919,
      "per": 0.03799135982990265,
      "lambda_emo": 1.0,
      "lambda_asr": 0.0001,
      "lambda_per": 0.0
    },
    {
      "step": 20,
      "total": 2.9652864577597007,
      "emo": 2.9525485038757324,
      "asr": 1.2737575769424438,
      "per": 0.03781145438551903,
      "lambda_emo": 1.0,
      "lambda_asr": 0.01,
      "lambda_per": 1e-05
    },
    {
      "step": 21,
      "total": 3.2895281433676926,
      "emo": 3.2778537273406982,
      "asr": 1.1673980951309204,
      "per": 0.043507568538188934,
      "lambda_emo": 1.0,
      "lambda_asr": 0.01,
      "lambda_per": 1e-05
    },
    {
      "step": 22,
      "total": 2.9805413690454885,
      "emo": 2.9705970287323,
      "asr": 0.994387149810791,
      "per": 0.04688150808215141,
      "lambda_emo": 1.0,
      "lambda_asr": 0.01,
      "lambda_per": 1e-05
    },
    {
      "step": 23,
      "total": 3.310399025766477,
      "emo": 3.298921585083008,
      "asr": 1.1476943492889404,
      "per": 0.049719057977199554,
      "lambda_emo": 1.0,