{
  "sample_id": "01778_0002_neutral_0002_000174",
  "path": "/data1/lixiang/OpenS2S_dataset/ESD/CN/0002/Neutral/0002_000174.wav",
  "speaker_id": "0002",
  "ground_truth_emotion": "neutral",
  "target_emotion": "happy",
  "emo_text_clean": [
    "Neutral",
    "neutral",
    "\u5979\u5728\u8fd9\u6b21\u7ade\u9009"
  ],
  "emo_text_adv": [
    "happy",
    "happy",
    "happy"
  ],
  "emo_pred_clean": [
    "neutral",
    "neutral",
    ""
  ],
  "emo_pred_adv": [
    "happy",
    "happy",
    "happy"
  ],
  "asr_text_clean": "\u5979\u5728\u8fd9\u6b21\u7ade\u9009",
  "asr_text_adv": "\u5979\u5728\u8fd9\u6b21\u7ade\u9009",
  "success_emo": true,
  "wer": 0.0,
  "semantic_sim": 0.9999999403953552,
  "semantic_preserved": true,
  "delta_linf": 0.008000001311302185,
  "delta_l2": 1.1137182712554932,
  "snr_db": 17.7613736088558,
  "grad_norm_trace": [
    488.7971496582031,
    490.9975280761719,
    307.31903076171875,
    191.05294799804688,
    201.2566375732422,
    204.5276641845703,
    100.93921661376953,
    108.26078796386719,
    93.8748550415039,
    75.01581573486328,
    58.64525604248047,
    61.63468551635742,
    47.43191146850586,
    52.65010452270508,
    45.43609619140625,
    53.66287612915039,
    48.7796745300293,
    21.284072875976562,
    44.852195739746094,
    42.20082092285156,
    26.638381958007812,
    190.25746154785156,
    81.08599090576172,
    23.28879165649414,
    63.686283111572266,
    39.65437316894531,
    37.1550178527832,
    25.995176315307617,
    23.840343475341797,
    20.541414260864258,
    42.957950592041016,
    37.77470779418945,
    36.47853088378906,
    30.47296905517578,
    342.0335388183594,
    48.60884475708008,
    36.21896743774414,
    32.52080154418945,
    21.225379943847656,
    76.66325378417969,
    24.30270767211914,
    18.3995304107666,
    21.26950454711914,
    59.981224060058594,
    11.136116981506348,
    29.015117645263672,
    17.07288360595703,
    12.302075386047363,
    16.15854263305664,
    20.086515426635742,
    14.003326416015625,
    16.316152572631836,
    13.296724319458008,
    15.373199462890625,
    9.980851173400879,
    9.481060028076172,
    9.580008506774902,
    12.26658821105957,
    6.424605369567871,
    7.358307361602783
  ],
  "loss_trace": [
    {
      "step": 0,
      "total": 10.360955656737088,
      "emo": 10.360936164855957,
      "asr": 0.19491881132125854,
      "per": 0.0,
      "lambda_emo": 1.0,
      "lambda_asr": 0.0001,
      "lambda_per": 0.0
    },
    {
      "step": 1,
      "total": 8.539126929695904,
      "emo": 8.539106369018555,
      "asr": 0.20560677349567413,
      "per": 0.02076692506670952,
      "lambda_emo": 1.0,
      "lambda_asr": 0.0001,
      "lambda_per": 0.0
    },
    {
      "step": 2,
      "total": 6.1686626521602275,
      "emo": 6.168643474578857,
      "asr": 0.19177581369876862,
      "per": 0.030074212700128555,
      "lambda_emo": 1.0,
      "lambda_asr": 0.0001,
      "lambda_per": 0.0
    },
    {
      "step": 3,
      "total": 5.000581809566915,
      "emo": 5.000560283660889,
      "asr": 0.21525906026363373,
      "per": 0.03396698087453842,
      "lambda_emo": 1.0,
      "lambda_asr": 0.0001,
      "lambda_per": 0.0
    },
    {
      "step": 4,
      "total": 3.3241359601616858,
      "emo": 3.3241078853607178,
      "asr": 0.28074800968170166,
      "per": 0.03621608763933182,
      "lambda_emo": 1.0,
      "lambda_asr": 0.0001,
      "lambda_per": 0.0
    },
    {
      "step": 5,
      "total": 3.73052527179718,
      "emo": 3.7304372787475586,
      "asr": 0.8799304962158203,
      "per": 0.03094300627708435,
      "lambda_emo": 1.0,
      "lambda_asr": 0.0001,
      "lambda_per": 0.0
    },
    {
      "step": 6,
      "total": 3.1797184944778683,
      "emo": 3.1797032356262207,
      "asr": 0.15258851647377014,
      "per": 0.04014534503221512,
      "lambda_emo": 1.0,
      "lambda_asr": 0.0001,
      "lambda_per": 0.0
    },
    {
      "step": 7,
      "total": 3.615906168875098,
      "emo": 3.6158950328826904,
      "asr": 0.11135992407798767,
      "per": 0.029668524861335754,
      "lambda_emo": 1.0,
      "lambda_asr": 0.0001,
      "lambda_per": 0.0
    },
    {
      "step": 8,
      "total": 2.713842285591364,
      "emo": 2.7138075828552246,
      "asr": 0.34702736139297485,
      "per": 0.043256476521492004,
      "lambda_emo": 1.0,
      "lambda_asr": 0.0001,
      "lambda_per": 0.0
    },
    {
      "step": 9,
      "total": 3.9989679491326213,
      "emo": 3.9989471435546875,
      "asr": 0.208055779337883,
      "per": 0.03163590654730797,
      "lambda_emo": 1.0,
      "lambda_asr": 0.0001,
      "lambda_per": 0.0
    },
    {
      "step": 10,
      "total": 1.9417206105418503,
      "emo": 1.9417083263397217,
      "asr": 0.12284202128648758,
      "per": 0.031312886625528336,
      "lambda_emo": 1.0,
      "lambda_asr": 0.0001,
      "lambda_per": 0.0
    },
    {
      "step": 11,
      "total": 3.5312767587326466,
      "emo": 3.5312671661376953,
      "asr": 0.0959259495139122,
      "per": 0.030927270650863647,
      "lambda_emo": 1.0,
      "lambda_asr": 0.0001,
      "lambda_per": 0.0
    },
    {
      "step": 12,
      "total": 1.6111365947186946,
      "emo": 1.6111243963241577,
      "asr": 0.12198394536972046,
      "per": 0.03826852887868881,
      "lambda_emo": 1.0,
      "lambda_asr": 0.0001,
      "lambda_per": 0.0
    },
    {
      "step": 13,
      "total": 1.490247958099842,
      "emo": 1.4902315139770508,
      "asr": 0.16444122791290283,
      "per": 0.044608306139707565,
      "lambda_emo": 1.0,
      "lambda_asr": 0.0001,
      "lambda_per": 0.0
    },
    {
      "step": 14,
      "total": 1.9042701070666312,
      "emo": 1.9042595624923706,
      "asr": 0.1054457426071167,
      "per": 0.039179086685180664,
      "lambda_emo": 1.0,
      "lambda_asr": 0.0001,
      "lambda_per": 0.0
    },
    {
      "step": 15,
      "total": 1.7873042387142777,
      "emo": 1.7872951030731201,
      "asr": 0.09135641157627106,
      "per": 0.041140589863061905,
      "lambda_emo": 1.0,
      "lambda_asr": 0.0001,
      "lambda_per": 0.0
    },
    {
      "step": 16,
      "total": 2.416169506511092,
      "emo": 2.4161553382873535,
      "asr": 0.1416822373867035,
      "per": 0.03641161322593689,
      "lambda_emo": 1.0,
      "lambda_asr": 0.0001,
      "lambda_per": 0.0
    },
    {
      "step": 17,
      "total": 1.4820526886388659,
      "emo": 1.4820398092269897,
      "asr": 0.1287941187620163,
      "per": 0.041995227336883545,
      "lambda_emo": 1.0,
      "lambda_asr": 0.0001,
      "lambda_per": 0.0
    },
    {
      "step": 18,
      "total": 1.221124717849493,
      "emo": 1.2211072444915771,
      "asr": 0.17473357915878296,
      "per": 0.043041400611400604,
      "lambda_emo": 1.0,
      "lambda_asr": 0.0001,
      "lambda_per": 0.0
    },
    {
      "step": 19,
      "total": 1.4877511697754264,
      "emo": 1.4877299070358276,
      "asr": 0.21262739598751068,
      "per": 0.03574761003255844,
      "lambda_emo": 1.0,
      "lambda_asr": 0.0001,
      "lambda_per": 0.0
    },
    {
      "step": 20,
      "total": 1.4274858090863378,
      "emo": 1.4258253574371338,
      "asr": 0.1660057008266449,
      "per": 0.03946409374475479,
      "lambda_emo": 1.0,
      "lambda_asr": 0.01,
      "lambda_per": 1e-05
    },
    {
      "step": 21,
      "total": 1.7917565797805042,
      "emo": 1.7903780937194824,
      "asr": 0.13780441880226135,
      "per": 0.04418729990720749,
      "lambda_emo": 1.0,
      "lambda_asr": 0.01,
      "lambda_per": 1e-05
    },
    {
      "step": 22,
      "total": 2.169067739360295,
      "emo": 2.168222188949585,
      "asr": 0.08451978117227554,
      "per": 0.035259898751974106,
      "lambda_emo": 1.0,
      "lambda_asr": 0.01,
      "lambda_per": 1e-05
    },
    {
      "step": 23,
      "total": 1.4331359481732173,
      "emo": 1.4315189123153687,
      "asr": 0.16167017817497253,