{
  "sample_id": "01814_0002_neutral_0002_000213",
  "path": "/data1/lixiang/OpenS2S_dataset/ESD/CN/0002/Neutral/0002_000213.wav",
  "speaker_id": "0002",
  "ground_truth_emotion": "neutral",
  "target_emotion": "happy",
  "emo_text_clean": [
    "Neutral",
    "Neutral",
    "\u88c1\u5224\u5168\u7ed9\u4e86\u6ee1\u5206"
  ],
  "emo_text_adv": [
    "Happy",
    "Happy",
    "happy"
  ],
  "emo_pred_clean": [
    "neutral",
    "neutral",
    ""
  ],
  "emo_pred_adv": [
    "happy",
    "happy",
    "happy"
  ],
  "asr_text_clean": "\u88c1\u5224\u5168\u7ed9\u4e86\u6ee1\u5206",
  "asr_text_adv": "\u88c1\u5224\u5168\u7ed9\u4e86\u6ee1\u5206",
  "success_emo": true,
  "wer": 0.0,
  "semantic_sim": 1.0,
  "semantic_preserved": true,
  "delta_linf": 0.008000001311302185,
  "delta_l2": 1.1471033096313477,
  "snr_db": 15.7575643816468,
  "grad_norm_trace": [
    5640.58203125,
    95.70963287353516,
    141.8602752685547,
    137.7362518310547,
    111.03577423095703,
    43.59393310546875,
    152.34811401367188,
    186.84320068359375,
    3842.542724609375,
    56.92621612548828,
    51.393062591552734,
    43.19280242919922,
    127.86347198486328,
    41.13134765625,
    130.4976806640625,
    74.47694396972656,
    230.82144165039062,
    138.52366638183594,
    65.44247436523438,
    47.37471008300781,
    64.39663696289062,
    113.8819580078125,
    106.03009033203125,
    54.08177185058594,
    85.30452728271484,
    79.084228515625,
    110.01180267333984,
    54.75374984741211,
    92.06130981445312,
    185.94049072265625,
    154.55487060546875,
    69.07461547851562,
    43.38117599487305,
    27.95233917236328,
    162.6680145263672,
    68.34498596191406,
    79.85060119628906,
    48.488075256347656,
    45.10187530517578,
    54.585426330566406,
    37.502357482910156,
    22.922393798828125,
    22.322250366210938,
    126.55622100830078,
    30.176618576049805,
    19.043346405029297,
    41.954891204833984,
    27.597944259643555,
    111.9053726196289,
    107.20435333251953,
    33.10597610473633,
    30.94380760192871,
    15.05565071105957,
    418.0736999511719,
    41.871524810791016,
    34.2369499206543,
    42.950828552246094,
    117.35411834716797,
    233.22012329101562,
    136.7136688232422
  ],
  "loss_trace": [
    {
      "step": 0,
      "total": 6.816213945811987,
      "emo": 6.816188812255859,
      "asr": 0.2513355612754822,
      "per": 0.0,
      "lambda_emo": 1.0,
      "lambda_asr": 0.0001,
      "lambda_per": 0.0
    },
    {
      "step": 1,
      "total": 5.011978059343249,
      "emo": 5.011968612670898,
      "asr": 0.09446672350168228,
      "per": 0.030227363109588623,
      "lambda_emo": 1.0,
      "lambda_asr": 0.0001,
      "lambda_per": 0.0
    },
    {
      "step": 2,
      "total": 3.3968411394789815,
      "emo": 3.3968257904052734,
      "asr": 0.15349073708057404,
      "per": 0.03210015967488289,
      "lambda_emo": 1.0,
      "lambda_asr": 0.0001,
      "lambda_per": 0.0
    },
    {
      "step": 3,
      "total": 4.233763468456268,
      "emo": 4.233736991882324,
      "asr": 0.26476573944091797,
      "per": 0.03565991669893265,
      "lambda_emo": 1.0,
      "lambda_asr": 0.0001,
      "lambda_per": 0.0
    },
    {
      "step": 4,
      "total": 5.091145187747479,
      "emo": 5.091137886047363,
      "asr": 0.07301700115203857,
      "per": 0.0466356985270977,
      "lambda_emo": 1.0,
      "lambda_asr": 0.0001,
      "lambda_per": 0.0
    },
    {
      "step": 5,
      "total": 3.435944073598087,
      "emo": 3.4359354972839355,
      "asr": 0.08576314151287079,
      "per": 0.04656684398651123,
      "lambda_emo": 1.0,
      "lambda_asr": 0.0001,
      "lambda_per": 0.0
    },
    {
      "step": 6,
      "total": 3.184007468736172,
      "emo": 3.184000015258789,
      "asr": 0.07453477382659912,
      "per": 0.040142565965652466,
      "lambda_emo": 1.0,
      "lambda_asr": 0.0001,
      "lambda_per": 0.0
    },
    {
      "step": 7,
      "total": 4.66514375833869,
      "emo": 4.665114879608154,
      "asr": 0.288787305355072,
      "per": 0.03845779225230217,
      "lambda_emo": 1.0,
      "lambda_asr": 0.0001,
      "lambda_per": 0.0
    },
    {
      "step": 8,
      "total": 4.398141190677881,
      "emo": 4.398115158081055,
      "asr": 0.26032596826553345,
      "per": 0.039318256080150604,
      "lambda_emo": 1.0,
      "lambda_asr": 0.0001,
      "lambda_per": 0.0
    },
    {
      "step": 9,
      "total": 3.9540489305205644,
      "emo": 3.954042434692383,
      "asr": 0.06495828181505203,
      "per": 0.049000393599271774,
      "lambda_emo": 1.0,
      "lambda_asr": 0.0001,
      "lambda_per": 0.0
    },
    {
      "step": 10,
      "total": 3.317739999677241,
      "emo": 3.317716598510742,
      "asr": 0.2340116649866104,
      "per": 0.05020231008529663,
      "lambda_emo": 1.0,
      "lambda_asr": 0.0001,
      "lambda_per": 0.0
    },
    {
      "step": 11,
      "total": 2.5924783165186644,
      "emo": 2.5924508571624756,
      "asr": 0.2745935618877411,
      "per": 0.049347080290317535,
      "lambda_emo": 1.0,
      "lambda_asr": 0.0001,
      "lambda_per": 0.0
    },
    {
      "step": 12,
      "total": 2.6093205559358,
      "emo": 2.609299659729004,
      "asr": 0.2089620679616928,
      "per": 0.05399037525057793,
      "lambda_emo": 1.0,
      "lambda_asr": 0.0001,
      "lambda_per": 0.0
    },
    {
      "step": 13,
      "total": 2.6429196291923525,
      "emo": 2.642897605895996,
      "asr": 0.22023296356201172,
      "per": 0.05946984142065048,
      "lambda_emo": 1.0,
      "lambda_asr": 0.0001,
      "lambda_per": 0.0
    },
    {
      "step": 14,
      "total": 2.83540712171793,
      "emo": 2.835296154022217,
      "asr": 1.1096769571304321,
      "per": 0.05646519362926483,
      "lambda_emo": 1.0,
      "lambda_asr": 0.0001,
      "lambda_per": 0.0
    },
    {
      "step": 15,
      "total": 3.3214098092213273,
      "emo": 3.321387767791748,
      "asr": 0.22041429579257965,
      "per": 0.06219106912612915,
      "lambda_emo": 1.0,
      "lambda_asr": 0.0001,
      "lambda_per": 0.0
    },
    {
      "step": 16,
      "total": 2.795508897867054,
      "emo": 2.795501708984375,
      "asr": 0.07188882678747177,
      "per": 0.06202494725584984,
      "lambda_emo": 1.0,
      "lambda_asr": 0.0001,
      "lambda_per": 0.0
    },
    {
      "step": 17,
      "total": 3.0167752179920675,
      "emo": 3.0167148113250732,
      "asr": 0.6040666699409485,
      "per": 0.0636775940656662,
      "lambda_emo": 1.0,
      "lambda_asr": 0.0001,
      "lambda_per": 0.0
    },
    {
      "step": 18,
      "total": 2.886631427194178,
      "emo": 2.88661527633667,
      "asr": 0.16150857508182526,
      "per": 0.06305736303329468,
      "lambda_emo": 1.0,
      "lambda_asr": 0.0001,
      "lambda_per": 0.0
    },
    {
      "step": 19,
      "total": 2.196061186274886,
      "emo": 2.1960370540618896,
      "asr": 0.2413221299648285,
      "per": 0.058141134679317474,
      "lambda_emo": 1.0,
      "lambda_asr": 0.0001,
      "lambda_per": 0.0
    },
    {
      "step": 20,
      "total": 2.362991030871197,
      "emo": 2.3602659702301025,
      "asr": 0.2724631428718567,
      "per": 0.04292123764753342,
      "lambda_emo": 1.0,
      "lambda_asr": 0.01,
      "lambda_per": 1e-05
    },
    {
      "step": 21,
      "total": 2.2597580951214953,
      "emo": 2.2592926025390625,
      "asr": 0.0465032160282135,
      "per": 0.04604221507906914,
      "lambda_emo": 1.0,
      "lambda_asr": 0.01,
      "lambda_per": 1e-05
    },
    {
      "step": 22,
      "total": 2.2882417182251813,
      "emo": 2.2831315994262695,
      "asr": 0.5109553933143616,
      "per": 0.056486576795578,
      "lambda_emo": 1.0,
      "lambda_asr": 0.01,
      "lambda_per": 1e-05
    },
    {
      "step": 23,
      "total": 1.8915420162349195,
      "emo": 1.8894227743148804,
      "asr": 0.21186834573745728,
      "per": 0.05584626644849777,