{
  "sample_id": "01852_0002_neutral_0002_000207",
  "path": "/data1/lixiang/OpenS2S_dataset/ESD/CN/0002/Neutral/0002_000207.wav",
  "speaker_id": "0002",
  "ground_truth_emotion": "neutral",
  "target_emotion": "happy",
  "emo_text_clean": [
    "Neutral",
    "Neutral",
    "\u54c8\u54c8\uff0c\u6211\u662f\u5446\u5446\u54d2"
  ],
  "emo_text_adv": [
    "Happy",
    "Happy",
    "Happy"
  ],
  "emo_pred_clean": [
    "neutral",
    "neutral",
    ""
  ],
  "emo_pred_adv": [
    "happy",
    "happy",
    "happy"
  ],
  "asr_text_clean": "\u6211\u662f\u840c\u840c\u54d2",
  "asr_text_adv": "\u6211\u662f\u840c\u840c\u54d2",
  "success_emo": true,
  "wer": 0.0,
  "semantic_sim": 0.9999999403953552,
  "semantic_preserved": true,
  "delta_linf": 0.008000001311302185,
  "delta_l2": 1.2080669403076172,
  "snr_db": 17.106164229852688,
  "grad_norm_trace": [
    1587.9375,
    173.4484405517578,
    421.3337707519531,
    65.60094451904297,
    126.91133880615234,
    109.08535766601562,
    60.3653450012207,
    67.43476104736328,
    108.9413070678711,
    39.486976623535156,
    87.11774444580078,
    94.7271957397461,
    28.70893669128418,
    32.164794921875,
    45.311885833740234,
    33.799827575683594,
    50.55663299560547,
    35.730655670166016,
    29.122236251831055,
    40.37360763549805,
    44.39038848876953,
    46.93896484375,
    138.0695343017578,
    50.21189880371094,
    48.81032943725586,
    59.64039611816406,
    50.031822204589844,
    49.40083694458008,
    64.05680847167969,
    43.16633605957031,
    68.15426635742188,
    54.67618179321289,
    52.62284851074219,
    25.88425636291504,
    40.085121154785156,
    27.52188491821289,
    34.538299560546875,
    43.901023864746094,
    45.77436065673828,
    46.17289352416992,
    36.61201095581055,
    154.1151123046875,
    72.27165222167969,
    48.808170318603516,
    37.363319396972656,
    31.406402587890625,
    52.150352478027344,
    283.15289306640625,
    142.1737060546875,
    67.75121307373047,
    26.882938385009766,
    38.83029556274414,
    36.558372497558594,
    41.55791091918945,
    37.40386199951172,
    211.2142333984375,
    94.54486846923828,
    433.45159912109375,
    93.78340911865234,
    71.45125579833984
  ],
  "loss_trace": [
    {
      "step": 0,
      "total": 7.851687237779051,
      "emo": 7.851678371429443,
      "asr": 0.0886634960770607,
      "per": 0.0,
      "lambda_emo": 1.0,
      "lambda_asr": 0.0001,
      "lambda_per": 0.0
    },
    {
      "step": 1,
      "total": 6.4555626814961435,
      "emo": 6.4555559158325195,
      "asr": 0.06765663623809814,
      "per": 0.016920646652579308,
      "lambda_emo": 1.0,
      "lambda_asr": 0.0001,
      "lambda_per": 0.0
    },
    {
      "step": 2,
      "total": 6.174767215849459,
      "emo": 6.174759864807129,
      "asr": 0.07351042330265045,
      "per": 0.02348279021680355,
      "lambda_emo": 1.0,
      "lambda_asr": 0.0001,
      "lambda_per": 0.0
    },
    {
      "step": 3,
      "total": 6.203843772436678,
      "emo": 6.203832149505615,
      "asr": 0.11622931063175201,
      "per": 0.03551584482192993,
      "lambda_emo": 1.0,
      "lambda_asr": 0.0001,
      "lambda_per": 0.0
    },
    {
      "step": 4,
      "total": 5.20720008270815,
      "emo": 5.207192420959473,
      "asr": 0.07661748677492142,
      "per": 0.040931832045316696,
      "lambda_emo": 1.0,
      "lambda_asr": 0.0001,
      "lambda_per": 0.0
    },
    {
      "step": 5,
      "total": 4.78904768339917,
      "emo": 4.78903865814209,
      "asr": 0.09025257080793381,
      "per": 0.04168928787112236,
      "lambda_emo": 1.0,
      "lambda_asr": 0.0001,
      "lambda_per": 0.0
    },
    {
      "step": 6,
      "total": 5.239010899139941,
      "emo": 5.239002227783203,
      "asr": 0.08671356737613678,
      "per": 0.037315160036087036,
      "lambda_emo": 1.0,
      "lambda_asr": 0.0001,
      "lambda_per": 0.0
    },
    {
      "step": 7,
      "total": 5.005860085789859,
      "emo": 5.005846977233887,
      "asr": 0.1310855597257614,
      "per": 0.03835538029670715,
      "lambda_emo": 1.0,
      "lambda_asr": 0.0001,
      "lambda_per": 0.0
    },
    {
      "step": 8,
      "total": 4.0409113072305916,
      "emo": 4.040897369384766,
      "asr": 0.13937845826148987,
      "per": 0.031060097739100456,
      "lambda_emo": 1.0,
      "lambda_asr": 0.0001,
      "lambda_per": 0.0
    },
    {
      "step": 9,
      "total": 3.758346662093699,
      "emo": 3.7583272457122803,
      "asr": 0.19416381418704987,
      "per": 0.03545224666595459,
      "lambda_emo": 1.0,
      "lambda_asr": 0.0001,
      "lambda_per": 0.0
    },
    {
      "step": 10,
      "total": 3.649624050882459,
      "emo": 3.6496081352233887,
      "asr": 0.15915659070014954,
      "per": 0.04124235361814499,
      "lambda_emo": 1.0,
      "lambda_asr": 0.0001,
      "lambda_per": 0.0
    },
    {
      "step": 11,
      "total": 3.466595148178935,
      "emo": 3.466578960418701,
      "asr": 0.1618776023387909,
      "per": 0.039994265884160995,
      "lambda_emo": 1.0,
      "lambda_asr": 0.0001,
      "lambda_per": 0.0
    },
    {
      "step": 12,
      "total": 3.2848736753568053,
      "emo": 3.284858226776123,
      "asr": 0.1544858068227768,
      "per": 0.036566879600286484,
      "lambda_emo": 1.0,
      "lambda_asr": 0.0001,
      "lambda_per": 0.0
    },
    {
      "step": 13,
      "total": 3.3703318653196095,
      "emo": 3.370314121246338,
      "asr": 0.17744073271751404,
      "per": 0.043964873999357224,
      "lambda_emo": 1.0,
      "lambda_asr": 0.0001,
      "lambda_per": 0.0
    },
    {
      "step": 14,
      "total": 3.129017552421987,
      "emo": 3.1289966106414795,
      "asr": 0.20941780507564545,
      "per": 0.036073241382837296,
      "lambda_emo": 1.0,
      "lambda_asr": 0.0001,
      "lambda_per": 0.0
    },
    {
      "step": 15,
      "total": 2.859937795525789,
      "emo": 2.85992431640625,
      "asr": 0.13479119539260864,
      "per": 0.04161781072616577,
      "lambda_emo": 1.0,
      "lambda_asr": 0.0001,
      "lambda_per": 0.0
    },
    {
      "step": 16,
      "total": 2.926925384362787,
      "emo": 2.926913022994995,
      "asr": 0.12361367791891098,
      "per": 0.044575463980436325,
      "lambda_emo": 1.0,
      "lambda_asr": 0.0001,
      "lambda_per": 0.0
    },
    {
      "step": 17,
      "total": 3.047826119749248,
      "emo": 3.047811508178711,
      "asr": 0.14611570537090302,
      "per": 0.03658701106905937,
      "lambda_emo": 1.0,
      "lambda_asr": 0.0001,
      "lambda_per": 0.0
    },
    {
      "step": 18,
      "total": 2.712641550002992,
      "emo": 2.712625503540039,
      "asr": 0.16046462953090668,
      "per": 0.03338993713259697,
      "lambda_emo": 1.0,
      "lambda_asr": 0.0001,
      "lambda_per": 0.0
    },
    {
      "step": 19,
      "total": 2.6909983067840337,
      "emo": 2.690981864929199,
      "asr": 0.1644185483455658,
      "per": 0.04505939036607742,
      "lambda_emo": 1.0,
      "lambda_asr": 0.0001,
      "lambda_per": 0.0
    },
    {
      "step": 20,
      "total": 2.496555747327581,
      "emo": 2.4949417114257812,
      "asr": 0.16136522591114044,
      "per": 0.03836426883935928,
      "lambda_emo": 1.0,
      "lambda_asr": 0.01,
      "lambda_per": 1e-05
    },
    {
      "step": 21,
      "total": 2.423350790994465,
      "emo": 2.4221484661102295,
      "asr": 0.12019630521535873,
      "per": 0.03618320822715759,
      "lambda_emo": 1.0,
      "lambda_asr": 0.01,
      "lambda_per": 1e-05
    },
    {
      "step": 22,
      "total": 2.4319197943149136,
      "emo": 2.430211067199707,
      "asr": 0.17082872986793518,
      "per": 0.043981652706861496,
      "lambda_emo": 1.0,
      "lambda_asr": 0.01,
      "lambda_per": 1e-05
    },
    {
      "step": 23,
      "total": 2.519805499707684,
      "emo": 2.518582820892334,
      "asr": 0.12222860753536224,
      "per": 0.03927399963140488,