{
  "sample_id": "01886_0002_neutral_0002_000230",
  "path": "/data1/lixiang/OpenS2S_dataset/ESD/CN/0002/Neutral/0002_000230.wav",
  "speaker_id": "0002",
  "ground_truth_emotion": "neutral",
  "target_emotion": "happy",
  "emo_text_clean": [
    "Neutral",
    "Neutral",
    "\u6ca1\u5173\u7cfb"
  ],
  "emo_text_adv": [
    "Happy",
    "Happy",
    "Happy"
  ],
  "emo_pred_clean": [
    "neutral",
    "neutral",
    ""
  ],
  "emo_pred_adv": [
    "happy",
    "happy",
    "happy"
  ],
  "asr_text_clean": "\u597d\u7684\uff0c\u90a3\u6211\u5c31\u4e0d\u6253\u6270",
  "asr_text_adv": "\u90a3\u4e0d\u6253\u6270",
  "success_emo": true,
  "wer": 1.0,
  "semantic_sim": 0.8113201856613159,
  "semantic_preserved": true,
  "delta_linf": 0.008000001311302185,
  "delta_l2": 1.2650169134140015,
  "snr_db": 16.523571945526395,
  "grad_norm_trace": [
    456.01531982421875,
    441.8791809082031,
    176.4776611328125,
    235.0541229248047,
    550.5527954101562,
    313.1759338378906,
    190.8223114013672,
    79.37539672851562,
    234.84120178222656,
    210.23963928222656,
    166.2077178955078,
    208.55055236816406,
    61.79069900512695,
    249.81236267089844,
    406.6197509765625,
    179.1998748779297,
    160.73338317871094,
    62.08864212036133,
    79.92639923095703,
    60.431583404541016,
    64.8125,
    85.05377197265625,
    55.40657043457031,
    48.59958267211914,
    141.89431762695312,
    43.217525482177734,
    78.20068359375,
    81.55786895751953,
    148.47293090820312,
    35.880035400390625,
    43.94000244140625,
    34.20233154296875,
    98.96867370605469,
    81.98713684082031,
    44.93503189086914,
    41.217960357666016,
    61.03508377075195,
    37.91862869262695,
    54.599525451660156,
    52.147674560546875,
    52.0874137878418,
    34.3419303894043,
    52.767879486083984,
    27.4580020904541,
    32.38741683959961,
    41.35770034790039,
    35.839195251464844,
    37.93144607543945,
    36.37649917602539,
    29.455814361572266,
    24.081260681152344,
    34.221981048583984,
    35.425933837890625,
    22.51715087890625,
    24.157573699951172,
    58.552955627441406,
    32.96055221557617,
    30.179969787597656,
    71.71731567382812,
    38.728023529052734
  ],
  "loss_trace": [
    {
      "step": 0,
      "total": 11.225748775711656,
      "emo": 11.225700378417969,
      "asr": 0.4839729368686676,
      "per": 0.0,
      "lambda_emo": 1.0,
      "lambda_asr": 0.0001,
      "lambda_per": 0.0
    },
    {
      "step": 1,
      "total": 9.709747732645273,
      "emo": 9.709693908691406,
      "asr": 0.5382395386695862,
      "per": 0.01971513405442238,
      "lambda_emo": 1.0,
      "lambda_asr": 0.0001,
      "lambda_per": 0.0
    },
    {
      "step": 2,
      "total": 9.892572335648536,
      "emo": 9.892518997192383,
      "asr": 0.5333845615386963,
      "per": 0.029689660295844078,
      "lambda_emo": 1.0,
      "lambda_asr": 0.0001,
      "lambda_per": 0.0
    },
    {
      "step": 3,
      "total": 7.538555982202292,
      "emo": 7.538501739501953,
      "asr": 0.5424270033836365,
      "per": 0.03151834011077881,
      "lambda_emo": 1.0,
      "lambda_asr": 0.0001,
      "lambda_per": 0.0
    },
    {
      "step": 4,
      "total": 6.799848698705435,
      "emo": 6.7997965812683105,
      "asr": 0.5211743712425232,
      "per": 0.03783440217375755,
      "lambda_emo": 1.0,
      "lambda_asr": 0.0001,
      "lambda_per": 0.0
    },
    {
      "step": 5,
      "total": 7.045314412075281,
      "emo": 7.045258522033691,
      "asr": 0.5589004158973694,
      "per": 0.04424513503909111,
      "lambda_emo": 1.0,
      "lambda_asr": 0.0001,
      "lambda_per": 0.0
    },
    {
      "step": 6,
      "total": 6.149506795293092,
      "emo": 6.149456024169922,
      "asr": 0.5077112317085266,
      "per": 0.04874294996261597,
      "lambda_emo": 1.0,
      "lambda_asr": 0.0001,
      "lambda_per": 0.0
    },
    {
      "step": 7,
      "total": 4.596779785043001,
      "emo": 4.596724987030029,
      "asr": 0.5479801297187805,
      "per": 0.05801774188876152,
      "lambda_emo": 1.0,
      "lambda_asr": 0.0001,
      "lambda_per": 0.0
    },
    {
      "step": 8,
      "total": 5.9615619502902035,
      "emo": 5.961513519287109,
      "asr": 0.4843100309371948,
      "per": 0.04284535348415375,
      "lambda_emo": 1.0,
      "lambda_asr": 0.0001,
      "lambda_per": 0.0
    },
    {
      "step": 9,
      "total": 5.0895845944017175,
      "emo": 5.089535236358643,
      "asr": 0.4935804307460785,
      "per": 0.04639652371406555,
      "lambda_emo": 1.0,
      "lambda_asr": 0.0001,
      "lambda_per": 0.0
    },
    {
      "step": 10,
      "total": 4.351967543762922,
      "emo": 4.351916790008545,
      "asr": 0.5075375437736511,
      "per": 0.04406699165701866,
      "lambda_emo": 1.0,
      "lambda_asr": 0.0001,
      "lambda_per": 0.0
    },
    {
      "step": 11,
      "total": 4.968644901120663,
      "emo": 4.968593120574951,
      "asr": 0.5178054571151733,
      "per": 0.049379974603652954,
      "lambda_emo": 1.0,
      "lambda_asr": 0.0001,
      "lambda_per": 0.0
    },
    {
      "step": 12,
      "total": 3.834182839041948,
      "emo": 3.8341169357299805,
      "asr": 0.6590331196784973,
      "per": 0.05223006010055542,
      "lambda_emo": 1.0,
      "lambda_asr": 0.0001,
      "lambda_per": 0.0
    },
    {
      "step": 13,
      "total": 4.087075937098264,
      "emo": 4.0870208740234375,
      "asr": 0.5506307482719421,
      "per": 0.05043179914355278,
      "lambda_emo": 1.0,
      "lambda_asr": 0.0001,
      "lambda_per": 0.0
    },
    {
      "step": 14,
      "total": 4.24536589358747,
      "emo": 4.24531888961792,
      "asr": 0.4700396955013275,
      "per": 0.050936322659254074,
      "lambda_emo": 1.0,
      "lambda_asr": 0.0001,
      "lambda_per": 0.0
    },
    {
      "step": 15,
      "total": 4.063307928127051,
      "emo": 4.06325101852417,
      "asr": 0.569096028804779,
      "per": 0.0427040234208107,
      "lambda_emo": 1.0,
      "lambda_asr": 0.0001,
      "lambda_per": 0.0
    },
    {
      "step": 16,
      "total": 4.128963186341524,
      "emo": 4.128894329071045,
      "asr": 0.6885727047920227,
      "per": 0.05660095438361168,
      "lambda_emo": 1.0,
      "lambda_asr": 0.0001,
      "lambda_per": 0.0
    },
    {
      "step": 17,
      "total": 3.8696450970232488,
      "emo": 3.869574546813965,
      "asr": 0.7055020928382874,
      "per": 0.04837667569518089,
      "lambda_emo": 1.0,
      "lambda_asr": 0.0001,
      "lambda_per": 0.0
    },
    {
      "step": 18,
      "total": 3.578102900290489,
      "emo": 3.578045606613159,
      "asr": 0.5729367733001709,
      "per": 0.040736548602581024,
      "lambda_emo": 1.0,
      "lambda_asr": 0.0001,
      "lambda_per": 0.0
    },
    {
      "step": 19,
      "total": 3.078837932986021,
      "emo": 3.0787618160247803,
      "asr": 0.7611696124076843,
      "per": 0.04989313334226608,
      "lambda_emo": 1.0,
      "lambda_asr": 0.0001,
      "lambda_per": 0.0
    },
    {
      "step": 20,
      "total": 3.2545853532036766,
      "emo": 3.248344898223877,
      "asr": 0.6239942908287048,
      "per": 0.051207151263952255,
      "lambda_emo": 1.0,
      "lambda_asr": 0.01,
      "lambda_per": 1e-05
    },
    {
      "step": 21,
      "total": 2.8599293814681097,
      "emo": 2.851658821105957,
      "asr": 0.8270061016082764,
      "per": 0.04993460699915886,
      "lambda_emo": 1.0,
      "lambda_asr": 0.01,
      "lambda_per": 1e-05
    },
    {
      "step": 22,
      "total": 2.5963753208360076,
      "emo": 2.589024543762207,
      "asr": 0.7350268363952637,
      "per": 0.05087098479270935,
      "lambda_emo": 1.0,
      "lambda_asr": 0.01,
      "lambda_per": 1e-05
    },
    {
      "step": 23,
      "total": 2.7006405606557427,
      "emo": 2.693453788757324,
      "asr": 0.7186285853385925,
      "per": 0.04860450327396393,
      "lambda_emo": 1.0,
      "lambda_asr": 0.01,