{
  "sample_id": "01945_0002_neutral_0002_000089",
  "path": "/data1/lixiang/OpenS2S_dataset/ESD/CN/0002/Neutral/0002_000089.wav",
  "speaker_id": "0002",
  "ground_truth_emotion": "neutral",
  "target_emotion": "happy",
  "emo_text_clean": [
    "Neutral",
    "Neutral",
    "\u662f\u5440\uff0c\u51b0\u6dc7\u6dcb"
  ],
  "emo_text_adv": [
    "happy",
    "happy",
    "happy"
  ],
  "emo_pred_clean": [
    "neutral",
    "neutral",
    ""
  ],
  "emo_pred_adv": [
    "happy",
    "happy",
    "happy"
  ],
  "asr_text_clean": "\u662f\u7684\uff0c\u51b0\u6dc7\u6dcb",
  "asr_text_adv": "\u662f\u4e2a\u51b0\u6dc7\u6dcb",
  "success_emo": true,
  "wer": 1.0,
  "semantic_sim": 0.9233803749084473,
  "semantic_preserved": true,
  "delta_linf": 0.008000001311302185,
  "delta_l2": 1.1404125690460205,
  "snr_db": 16.79383510451618,
  "grad_norm_trace": [
    309.478515625,
    172.28945922851562,
    168.447021484375,
    183.2896270751953,
    137.22723388671875,
    247.5621795654297,
    109.05306243896484,
    156.48306274414062,
    105.70761108398438,
    118.98023986816406,
    81.8489761352539,
    36.97015380859375,
    70.4018783569336,
    85.28453063964844,
    139.7787322998047,
    59.80474090576172,
    78.9188232421875,
    70.27117156982422,
    41.56246566772461,
    64.50929260253906,
    68.86769104003906,
    61.71762466430664,
    88.09346771240234,
    28.57204818725586,
    32.345481872558594,
    59.83639907836914,
    25.698928833007812,
    33.13905334472656,
    41.35365676879883,
    10.873237609863281,
    16.4106502532959,
    15.728607177734375,
    27.069120407104492,
    21.51520347595215,
    31.21868324279785,
    23.142072677612305,
    32.03974533081055,
    15.965421676635742,
    18.866853713989258,
    17.465511322021484,
    25.794973373413086,
    17.525691986083984,
    20.329721450805664,
    25.102245330810547,
    25.961318969726562,
    17.555395126342773,
    24.221603393554688,
    16.30820655822754,
    17.693429946899414,
    18.7674617767334,
    17.59292221069336,
    29.35655403137207,
    14.922544479370117,
    22.368446350097656,
    18.144611358642578,
    23.29110336303711,
    18.61855697631836,
    8.938459396362305,
    13.025452613830566,
    8.49193000793457
  ],
  "loss_trace": [
    {
      "step": 0,
      "total": 4.677008343237638,
      "emo": 4.67695426940918,
      "asr": 0.5407382845878601,
      "per": 0.0,
      "lambda_emo": 1.0,
      "lambda_asr": 0.0001,
      "lambda_per": 0.0
    },
    {
      "step": 1,
      "total": 5.594592147535086,
      "emo": 5.594532012939453,
      "asr": 0.601345956325531,
      "per": 0.012830507010221481,
      "lambda_emo": 1.0,
      "lambda_asr": 0.0001,
      "lambda_per": 0.0
    },
    {
      "step": 2,
      "total": 4.277102978390455,
      "emo": 4.277034282684326,
      "asr": 0.686957061290741,
      "per": 0.016208887100219727,
      "lambda_emo": 1.0,
      "lambda_asr": 0.0001,
      "lambda_per": 0.0
    },
    {
      "step": 3,
      "total": 4.14198119379878,
      "emo": 4.141932010650635,
      "asr": 0.4918314814567566,
      "per": 0.02029920555651188,
      "lambda_emo": 1.0,
      "lambda_asr": 0.0001,
      "lambda_per": 0.0
    },
    {
      "step": 4,
      "total": 4.360848281085492,
      "emo": 4.360807418823242,
      "asr": 0.4086226224899292,
      "per": 0.021769002079963684,
      "lambda_emo": 1.0,
      "lambda_asr": 0.0001,
      "lambda_per": 0.0
    },
    {
      "step": 5,
      "total": 3.3103677738428114,
      "emo": 3.3103160858154297,
      "asr": 0.5168802738189697,
      "per": 0.0325394831597805,
      "lambda_emo": 1.0,
      "lambda_asr": 0.0001,
      "lambda_per": 0.0
    },
    {
      "step": 6,
      "total": 4.792103417080641,
      "emo": 4.792031288146973,
      "asr": 0.721289336681366,
      "per": 0.03385814279317856,
      "lambda_emo": 1.0,
      "lambda_asr": 0.0001,
      "lambda_per": 0.0
    },
    {
      "step": 7,
      "total": 3.7626951132953166,
      "emo": 3.7626185417175293,
      "asr": 0.7657157778739929,
      "per": 0.03969043493270874,
      "lambda_emo": 1.0,
      "lambda_asr": 0.0001,
      "lambda_per": 0.0
    },
    {
      "step": 8,
      "total": 3.720228631269932,
      "emo": 3.72015380859375,
      "asr": 0.7482267618179321,
      "per": 0.03379290550947189,
      "lambda_emo": 1.0,
      "lambda_asr": 0.0001,
      "lambda_per": 0.0
    },
    {
      "step": 9,
      "total": 3.622144636976719,
      "emo": 3.6220614910125732,
      "asr": 0.831459641456604,
      "per": 0.03556165471673012,
      "lambda_emo": 1.0,
      "lambda_asr": 0.0001,
      "lambda_per": 0.0
    },
    {
      "step": 10,
      "total": 2.9174137392938135,
      "emo": 2.9173240661621094,
      "asr": 0.8967313170433044,
      "per": 0.036008477210998535,
      "lambda_emo": 1.0,
      "lambda_asr": 0.0001,
      "lambda_per": 0.0
    },
    {
      "step": 11,
      "total": 2.4932221392810345,
      "emo": 2.493164539337158,
      "asr": 0.5759994387626648,
      "per": 0.03670467436313629,
      "lambda_emo": 1.0,
      "lambda_asr": 0.0001,
      "lambda_per": 0.0
    },
    {
      "step": 12,
      "total": 2.163744747573137,
      "emo": 2.1636481285095215,
      "asr": 0.9661906361579895,
      "per": 0.04155898466706276,
      "lambda_emo": 1.0,
      "lambda_asr": 0.0001,
      "lambda_per": 0.0
    },
    {
      "step": 13,
      "total": 2.0999963287115095,
      "emo": 2.099907875061035,
      "asr": 0.8845365047454834,
      "per": 0.03301246464252472,
      "lambda_emo": 1.0,
      "lambda_asr": 0.0001,
      "lambda_per": 0.0
    },
    {
      "step": 14,
      "total": 3.144603345835209,
      "emo": 3.1445271968841553,
      "asr": 0.7614895105361938,
      "per": 0.043895259499549866,
      "lambda_emo": 1.0,
      "lambda_asr": 0.0001,
      "lambda_per": 0.0
    },
    {
      "step": 15,
      "total": 2.747722076743841,
      "emo": 2.747636556625366,
      "asr": 0.8552011847496033,
      "per": 0.03443286195397377,
      "lambda_emo": 1.0,
      "lambda_asr": 0.0001,
      "lambda_per": 0.0
    },
    {
      "step": 16,
      "total": 1.747429445308447,
      "emo": 1.7473325729370117,
      "asr": 0.968723714351654,
      "per": 0.036225274205207825,
      "lambda_emo": 1.0,
      "lambda_asr": 0.0001,
      "lambda_per": 0.0
    },
    {
      "step": 17,
      "total": 2.1531784560739995,
      "emo": 2.153095006942749,
      "asr": 0.8344913125038147,
      "per": 0.043177902698516846,
      "lambda_emo": 1.0,
      "lambda_asr": 0.0001,
      "lambda_per": 0.0
    },
    {
      "step": 18,
      "total": 2.3113975514292715,
      "emo": 2.3112940788269043,
      "asr": 1.0347260236740112,
      "per": 0.031591396778821945,
      "lambda_emo": 1.0,
      "lambda_asr": 0.0001,
      "lambda_per": 0.0
    },
    {
      "step": 19,
      "total": 2.0417595541238787,
      "emo": 2.0416579246520996,
      "asr": 1.0162947177886963,
      "per": 0.044494450092315674,
      "lambda_emo": 1.0,
      "lambda_asr": 0.0001,
      "lambda_per": 0.0
    },
    {
      "step": 20,
      "total": 1.6276863311502339,
      "emo": 1.616546392440796,
      "asr": 1.1139518022537231,
      "per": 0.042068690061569214,
      "lambda_emo": 1.0,
      "lambda_asr": 0.01,
      "lambda_per": 1e-05
    },
    {
      "step": 21,
      "total": 2.0506850916488095,
      "emo": 2.0407862663269043,
      "asr": 0.9898468852043152,
      "per": 0.035646986216306686,
      "lambda_emo": 1.0,
      "lambda_asr": 0.01,
      "lambda_per": 1e-05
    },
    {
      "step": 22,
      "total": 2.0522627694177626,
      "emo": 2.0410828590393066,
      "asr": 1.117950439453125,
      "per": 0.040598392486572266,
      "lambda_emo": 1.0,
      "lambda_asr": 0.01,
      "lambda_per": 1e-05
    },
    {
      "step": 23,
      "total": 1.8779443689717352,
      "emo": 1.8659698963165283,
      "asr": 1.1974048614501953,
      "per": 0.04240407049655914,
      "lambda_emo": 1.0,