{
  "sample_id": "02027_0002_neutral_0002_000337",
  "path": "/data1/lixiang/OpenS2S_dataset/ESD/CN/0002/Neutral/0002_000337.wav",
  "speaker_id": "0002",
  "ground_truth_emotion": "neutral",
  "target_emotion": "happy",
  "emo_text_clean": [
    "Happy",
    "Happy",
    "Happy"
  ],
  "emo_text_adv": [
    "happy",
    "happy",
    "happy"
  ],
  "emo_pred_clean": [
    "happy",
    "happy",
    "happy"
  ],
  "emo_pred_adv": [
    "happy",
    "happy",
    "happy"
  ],
  "asr_text_clean": "\u4f60\u542c\u8d77\u6765",
  "asr_text_adv": "\u7c73\u770b\u8d77\u6765\u5f88\u9ad8\u5174\uff0c\u773c\u775b\u95ea\u95ea",
  "success_emo": true,
  "wer": 1.0,
  "semantic_sim": 0.21243026852607727,
  "semantic_preserved": false,
  "delta_linf": 0.008000001311302185,
  "delta_l2": 0.9398850202560425,
  "snr_db": 19.083422435590183,
  "grad_norm_trace": [
    310.7806701660156,
    583.4806518554688,
    217.33888244628906,
    114.57633972167969,
    37.408103942871094,
    46.701087951660156,
    39.68851089477539,
    21.817813873291016,
    16.929668426513672,
    29.942249298095703,
    50.88655471801758,
    13.130460739135742,
    20.57659149169922,
    14.244026184082031,
    27.23244285583496,
    17.828046798706055,
    31.573850631713867,
    19.828718185424805,
    35.18422317504883,
    27.041013717651367,
    37.17092514038086,
    29.973098754882812,
    20.42424201965332,
    24.03261375427246,
    68.24827575683594,
    55.12330627441406,
    20.452913284301758,
    27.46084213256836,
    35.744441986083984,
    26.205978393554688,
    26.332767486572266,
    30.944644927978516,
    30.891277313232422,
    26.2362117767334,
    15.80720043182373,
    55.19303512573242,
    74.50926971435547,
    30.503616333007812,
    25.60531997680664,
    50.479068756103516,
    48.043067932128906,
    20.916460037231445,
    44.88436508178711,
    36.945674896240234,
    50.09519577026367,
    26.64541244506836,
    43.38364028930664,
    37.342620849609375,
    12.256427764892578,
    37.39480972290039,
    29.97738265991211,
    15.98033332824707,
    26.00061798095703,
    16.0186767578125,
    13.91268253326416,
    21.043424606323242,
    24.254920959472656,
    10.200607299804688,
    9.608793258666992,
    5.905388832092285
  ],
  "loss_trace": [
    {
      "step": 0,
      "total": 2.052423284232616,
      "emo": 2.0523977279663086,
      "asr": 0.2555626630783081,
      "per": 0.0,
      "lambda_emo": 1.0,
      "lambda_asr": 0.0001,
      "lambda_per": 0.0
    },
    {
      "step": 1,
      "total": 2.903118525052071,
      "emo": 2.903066396713257,
      "asr": 0.5212833881378174,
      "per": 0.010911615565419197,
      "lambda_emo": 1.0,
      "lambda_asr": 0.0001,
      "lambda_per": 0.0
    },
    {
      "step": 2,
      "total": 2.8429596870839595,
      "emo": 2.8429136276245117,
      "asr": 0.4605945944786072,
      "per": 0.020394880324602127,
      "lambda_emo": 1.0,
      "lambda_asr": 0.0001,
      "lambda_per": 0.0
    },
    {
      "step": 3,
      "total": 2.2305701150476933,
      "emo": 2.230482578277588,
      "asr": 0.8753677010536194,
      "per": 0.02166459709405899,
      "lambda_emo": 1.0,
      "lambda_asr": 0.0001,
      "lambda_per": 0.0
    },
    {
      "step": 4,
      "total": 1.7967889971256257,
      "emo": 1.796518087387085,
      "asr": 2.709097385406494,
      "per": 0.02102786675095558,
      "lambda_emo": 1.0,
      "lambda_asr": 0.0001,
      "lambda_per": 0.0
    },
    {
      "step": 5,
      "total": 1.527009574651718,
      "emo": 1.526746153831482,
      "asr": 2.6342082023620605,
      "per": 0.018884697929024696,
      "lambda_emo": 1.0,
      "lambda_asr": 0.0001,
      "lambda_per": 0.0
    },
    {
      "step": 6,
      "total": 1.4775586316347122,
      "emo": 1.4772651195526123,
      "asr": 2.9351208209991455,
      "per": 0.018846582621335983,
      "lambda_emo": 1.0,
      "lambda_asr": 0.0001,
      "lambda_per": 0.0
    },
    {
      "step": 7,
      "total": 1.3234029401779175,
      "emo": 1.3231220245361328,
      "asr": 2.8091564178466797,
      "per": 0.01943054422736168,
      "lambda_emo": 1.0,
      "lambda_asr": 0.0001,
      "lambda_per": 0.0
    },
    {
      "step": 8,
      "total": 1.072330697655678,
      "emo": 1.0720409154891968,
      "asr": 2.8978216648101807,
      "per": 0.019801143556833267,
      "lambda_emo": 1.0,
      "lambda_asr": 0.0001,
      "lambda_per": 0.0
    },
    {
      "step": 9,
      "total": 1.1288101541519164,
      "emo": 1.128514289855957,
      "asr": 2.9586429595947266,
      "per": 0.01967933028936386,
      "lambda_emo": 1.0,
      "lambda_asr": 0.0001,
      "lambda_per": 0.0
    },
    {
      "step": 10,
      "total": 1.290337796831131,
      "emo": 1.2900855541229248,
      "asr": 2.5224270820617676,
      "per": 0.021330123767256737,
      "lambda_emo": 1.0,
      "lambda_asr": 0.0001,
      "lambda_per": 0.0
    },
    {
      "step": 11,
      "total": 1.0815699284553528,
      "emo": 1.081328272819519,
      "asr": 2.4165563583374023,
      "per": 0.020127546042203903,
      "lambda_emo": 1.0,
      "lambda_asr": 0.0001,
      "lambda_per": 0.0
    },
    {
      "step": 12,
      "total": 0.9538728836536408,
      "emo": 0.9536266326904297,
      "asr": 2.4625096321105957,
      "per": 0.026742782443761826,
      "lambda_emo": 1.0,
      "lambda_asr": 0.0001,
      "lambda_per": 0.0
    },
    {
      "step": 13,
      "total": 1.038756823706627,
      "emo": 1.038466453552246,
      "asr": 2.9037015438079834,
      "per": 0.025275539606809616,
      "lambda_emo": 1.0,
      "lambda_asr": 0.0001,
      "lambda_per": 0.0
    },
    {
      "step": 14,
      "total": 1.0108484080791473,
      "emo": 1.010580062866211,
      "asr": 2.6834521293640137,
      "per": 0.020954366773366928,
      "lambda_emo": 1.0,
      "lambda_asr": 0.0001,
      "lambda_per": 0.0
    },
    {
      "step": 15,
      "total": 1.066651079916954,
      "emo": 1.066389799118042,
      "asr": 2.6128079891204834,
      "per": 0.027747079730033875,
      "lambda_emo": 1.0,
      "lambda_asr": 0.0001,
      "lambda_per": 0.0
    },
    {
      "step": 16,
      "total": 0.8927607709169387,
      "emo": 0.8924833536148071,
      "asr": 2.7741730213165283,
      "per": 0.02581462264060974,
      "lambda_emo": 1.0,
      "lambda_asr": 0.0001,
      "lambda_per": 0.0
    },
    {
      "step": 17,
      "total": 1.001338764810562,
      "emo": 1.001036524772644,
      "asr": 3.022400379180908,
      "per": 0.022674916312098503,
      "lambda_emo": 1.0,
      "lambda_asr": 0.0001,
      "lambda_per": 0.0
    },
    {
      "step": 18,
      "total": 1.0051790556907654,
      "emo": 1.0049527883529663,
      "asr": 2.2626733779907227,
      "per": 0.028578530997037888,
      "lambda_emo": 1.0,
      "lambda_asr": 0.0001,
      "lambda_per": 0.0
    },
    {
      "step": 19,
      "total": 1.1529560437679292,
      "emo": 1.15267813205719,
      "asr": 2.7791171073913574,
      "per": 0.02861626073718071,
      "lambda_emo": 1.0,
      "lambda_asr": 0.0001,
      "lambda_per": 0.0
    },
    {
      "step": 20,
      "total": 0.8236260534681007,
      "emo": 0.7943264842033386,
      "asr": 2.929933786392212,
      "per": 0.023140083998441696,
      "lambda_emo": 1.0,
      "lambda_asr": 0.01,
      "lambda_per": 1e-05
    },
    {
      "step": 21,
      "total": 1.0943198041645437,
      "emo": 1.0652544498443604,
      "asr": 2.9065146446228027,
      "per": 0.020787395536899567,
      "lambda_emo": 1.0,
      "lambda_asr": 0.01,
      "lambda_per": 1e-05
    },
    {
      "step": 22,
      "total": 0.7503283258248493,
      "emo": 0.722571611404419,
      "asr": 2.775646686553955,
      "per": 0.024755489081144333,
      "lambda_emo": 1.0,
      "lambda_asr": 0.01,
      "lambda_per": 1e-05
    },
    {
      "step": 23,
      "total": 0.8092098354749381,
      "emo": 0.7825644016265869,
      "asr": 2.6645209789276123,
      "per": 0.02240590751171112,