{
  "sample_id": "02077_0002_neutral_0002_000212",
  "path": "/data1/lixiang/OpenS2S_dataset/ESD/CN/0002/Neutral/0002_000212.wav",
  "speaker_id": "0002",
  "ground_truth_emotion": "neutral",
  "target_emotion": "happy",
  "emo_text_clean": [
    "neutral",
    "neutral",
    "\u597d\u5440\uff0c\u4e00\u8d77\u8d70\u5427\u3002"
  ],
  "emo_text_adv": [
    "happy",
    "happy",
    "happy"
  ],
  "emo_pred_clean": [
    "neutral",
    "neutral",
    ""
  ],
  "emo_pred_adv": [
    "happy",
    "happy",
    "happy"
  ],
  "asr_text_clean": "\u6211\u8fd8\u4f1a\u966a\u7740",
  "asr_text_adv": "\u6211\u8fd8\u4f1a\u966a\u4f60",
  "success_emo": true,
  "wer": 1.0,
  "semantic_sim": 0.9401930570602417,
  "semantic_preserved": true,
  "delta_linf": 0.008000001311302185,
  "delta_l2": 1.105941891670227,
  "snr_db": 17.783822556162,
  "grad_norm_trace": [
    401.8763732910156,
    356.228515625,
    264.573974609375,
    351.9721374511719,
    273.33587646484375,
    117.84521484375,
    953.6614990234375,
    151.5248260498047,
    61.291664123535156,
    62.333641052246094,
    61.14308547973633,
    55.59884262084961,
    33.126121520996094,
    36.067684173583984,
    32.41653823852539,
    60.56781768798828,
    196.8887939453125,
    34.62814712524414,
    49.758750915527344,
    45.3924674987793,
    23.49183464050293,
    25.680946350097656,
    22.6390323638916,
    19.905075073242188,
    26.895849227905273,
    31.120397567749023,
    24.859535217285156,
    53.31462478637695,
    54.979087829589844,
    73.10751342773438,
    34.90769577026367,
    42.57510757446289,
    82.9703598022461,
    74.62274169921875,
    99.3375473022461,
    225.2957305908203,
    144.18577575683594,
    31.78313446044922,
    40.87898635864258,
    51.496002197265625,
    37.33881378173828,
    25.796865463256836,
    78.66780853271484,
    54.821510314941406,
    48.51065444946289,
    31.878320693969727,
    31.793704986572266,
    26.603181838989258,
    17.53186798095703,
    19.25979232788086,
    23.613550186157227,
    24.54166603088379,
    42.540252685546875,
    25.772247314453125,
    12.955719947814941,
    30.252832412719727,
    33.366294860839844,
    12.24294662475586,
    14.61503791809082,
    11.020814895629883
  ],
  "loss_trace": [
    {
      "step": 0,
      "total": 7.591157932314276,
      "emo": 7.591126918792725,
      "asr": 0.31013521552085876,
      "per": 0.0,
      "lambda_emo": 1.0,
      "lambda_asr": 0.0001,
      "lambda_per": 0.0
    },
    {
      "step": 1,
      "total": 6.17048987788558,
      "emo": 6.170421600341797,
      "asr": 0.6827754378318787,
      "per": 0.014455849304795265,
      "lambda_emo": 1.0,
      "lambda_asr": 0.0001,
      "lambda_per": 0.0
    },
    {
      "step": 2,
      "total": 5.542242858719826,
      "emo": 5.542205333709717,
      "asr": 0.37525010108947754,
      "per": 0.02697676047682762,
      "lambda_emo": 1.0,
      "lambda_asr": 0.0001,
      "lambda_per": 0.0
    },
    {
      "step": 3,
      "total": 4.401377733278275,
      "emo": 4.401337623596191,
      "asr": 0.40109682083129883,
      "per": 0.0316508486866951,
      "lambda_emo": 1.0,
      "lambda_asr": 0.0001,
      "lambda_per": 0.0
    },
    {
      "step": 4,
      "total": 3.9498902877509594,
      "emo": 3.9498395919799805,
      "asr": 0.5069577097892761,
      "per": 0.03864070400595665,
      "lambda_emo": 1.0,
      "lambda_asr": 0.0001,
      "lambda_per": 0.0
    },
    {
      "step": 5,
      "total": 3.243837657928467,
      "emo": 3.243764638900757,
      "asr": 0.7301902770996094,
      "per": 0.03173147886991501,
      "lambda_emo": 1.0,
      "lambda_asr": 0.0001,
      "lambda_per": 0.0
    },
    {
      "step": 6,
      "total": 4.189516914492845,
      "emo": 4.189453125,
      "asr": 0.6378949284553528,
      "per": 0.04424048960208893,
      "lambda_emo": 1.0,
      "lambda_asr": 0.0001,
      "lambda_per": 0.0
    },
    {
      "step": 7,
      "total": 5.5004287382006645,
      "emo": 5.500365734100342,
      "asr": 0.6300410032272339,
      "per": 0.04998854547739029,
      "lambda_emo": 1.0,
      "lambda_asr": 0.0001,
      "lambda_per": 0.0
    },
    {
      "step": 8,
      "total": 3.2083188605308535,
      "emo": 3.208219528198242,
      "asr": 0.9933233261108398,
      "per": 0.0443037711083889,
      "lambda_emo": 1.0,
      "lambda_asr": 0.0001,
      "lambda_per": 0.0
    },
    {
      "step": 9,
      "total": 2.3190285168290137,
      "emo": 2.318894624710083,
      "asr": 1.3389211893081665,
      "per": 0.055386126041412354,
      "lambda_emo": 1.0,
      "lambda_asr": 0.0001,
      "lambda_per": 0.0
    },
    {
      "step": 10,
      "total": 2.5406531128048897,
      "emo": 2.5405478477478027,
      "asr": 1.0526505708694458,
      "per": 0.055289678275585175,
      "lambda_emo": 1.0,
      "lambda_asr": 0.0001,
      "lambda_per": 0.0
    },
    {
      "step": 11,
      "total": 2.427510264790058,
      "emo": 2.4273862838745117,
      "asr": 1.2398091554641724,
      "per": 0.04461153969168663,
      "lambda_emo": 1.0,
      "lambda_asr": 0.0001,
      "lambda_per": 0.0
    },
    {
      "step": 12,
      "total": 2.0691898776948454,
      "emo": 2.0690951347351074,
      "asr": 0.9474295973777771,
      "per": 0.042627643793821335,
      "lambda_emo": 1.0,
      "lambda_asr": 0.0001,
      "lambda_per": 0.0
    },
    {
      "step": 13,
      "total": 2.0059422621309757,
      "emo": 2.005845785140991,
      "asr": 0.9647698998451233,
      "per": 0.05377018079161644,
      "lambda_emo": 1.0,
      "lambda_asr": 0.0001,
      "lambda_per": 0.0
    },
    {
      "step": 14,
      "total": 1.636249646484852,
      "emo": 1.6361260414123535,
      "asr": 1.2360507249832153,
      "per": 0.04618368670344353,
      "lambda_emo": 1.0,
      "lambda_asr": 0.0001,
      "lambda_per": 0.0
    },
    {
      "step": 15,
      "total": 1.866119685125351,
      "emo": 1.8659894466400146,
      "asr": 1.302384853363037,
      "per": 0.051073335111141205,
      "lambda_emo": 1.0,
      "lambda_asr": 0.0001,
      "lambda_per": 0.0
    },
    {
      "step": 16,
      "total": 2.189716444206238,
      "emo": 2.1896309852600098,
      "asr": 0.8545894622802734,
      "per": 0.03982609137892723,
      "lambda_emo": 1.0,
      "lambda_asr": 0.0001,
      "lambda_per": 0.0
    },
    {
      "step": 17,
      "total": 1.6258362002015114,
      "emo": 1.6257346868515015,
      "asr": 1.0151335000991821,
      "per": 0.05209631845355034,
      "lambda_emo": 1.0,
      "lambda_asr": 0.0001,
      "lambda_per": 0.0
    },
    {
      "step": 18,
      "total": 2.195458312880993,
      "emo": 2.1953320503234863,
      "asr": 1.2626255750656128,
      "per": 0.05311459302902222,
      "lambda_emo": 1.0,
      "lambda_asr": 0.0001,
      "lambda_per": 0.0
    },
    {
      "step": 19,
      "total": 1.6581787838280202,
      "emo": 1.658095121383667,
      "asr": 0.8366244435310364,
      "per": 0.053544096648693085,
      "lambda_emo": 1.0,
      "lambda_asr": 0.0001,
      "lambda_per": 0.0
    },
    {
      "step": 20,
      "total": 1.4785376368467509,
      "emo": 1.4644274711608887,
      "asr": 1.4109653234481812,
      "per": 0.05124513804912567,
      "lambda_emo": 1.0,
      "lambda_asr": 0.01,
      "lambda_per": 1e-05
    },
    {
      "step": 21,
      "total": 1.2273532729905845,
      "emo": 1.2137658596038818,
      "asr": 1.358688473701477,
      "per": 0.05286496877670288,
      "lambda_emo": 1.0,
      "lambda_asr": 0.01,
      "lambda_per": 1e-05
    },
    {
      "step": 22,
      "total": 1.1322700619027763,
      "emo": 1.121262550354004,
      "asr": 1.1007070541381836,
      "per": 0.04410073906183243,
      "lambda_emo": 1.0,
      "lambda_asr": 0.01,
      "lambda_per": 1e-05
    },
    {
      "step": 23,
      "total": 1.0104014893732591,
      "emo": 1.0008951425552368,
      "asr": 0.9505835175514221,
      "per": 0.05116425082087517,
      "lambda_emo": 1.0,