{
  "sample_id": "02098_0002_neutral_0002_000319",
  "path": "/data1/lixiang/OpenS2S_dataset/ESD/CN/0002/Neutral/0002_000319.wav",
  "speaker_id": "0002",
  "ground_truth_emotion": "neutral",
  "target_emotion": "happy",
  "emo_text_clean": [
    "Neutral",
    "Neutral",
    "\u5bb6\u91cc\u6709\u5168\u81ea\u52a8"
  ],
  "emo_text_adv": [
    "Happy",
    "Happy",
    "Happy!"
  ],
  "emo_pred_clean": [
    "neutral",
    "neutral",
    ""
  ],
  "emo_pred_adv": [
    "happy",
    "happy",
    "happy"
  ],
  "asr_text_clean": "\u5bb6\u91cc\u6709\u5168\u81ea\u52a8",
  "asr_text_adv": "\u5bb6\u91cc\u6709\u5168\u81ea\u52a8",
  "success_emo": true,
  "wer": 0.0,
  "semantic_sim": 1.0,
  "semantic_preserved": true,
  "delta_linf": 0.008000001311302185,
  "delta_l2": 1.0301705598831177,
  "snr_db": 16.85343602265033,
  "grad_norm_trace": [
    699.6270141601562,
    91.083251953125,
    215.54090881347656,
    65.50247192382812,
    126.08348083496094,
    68.01927947998047,
    48.56363296508789,
    54.90686798095703,
    77.42959594726562,
    37.16107940673828,
    48.09185028076172,
    182.25811767578125,
    165.89442443847656,
    55.4119987487793,
    54.97972106933594,
    33.94475173950195,
    62.31086730957031,
    54.19722366333008,
    58.71043014526367,
    39.72679901123047,
    45.588951110839844,
    28.000703811645508,
    93.88424682617188,
    89.07351684570312,
    32.81338882446289,
    28.598417282104492,
    28.959819793701172,
    431.1159973144531,
    64.28473663330078,
    52.09538269042969,
    26.74560546875,
    50.60919189453125,
    21.612136840820312,
    58.98733139038086,
    23.967138290405273,
    21.11590003967285,
    35.12779998779297,
    72.47866821289062,
    29.245006561279297,
    39.81376266479492,
    22.437517166137695,
    22.02952003479004,
    22.289384841918945,
    40.51081466674805,
    34.664913177490234,
    147.83946228027344,
    44.09711456298828,
    41.92646408081055,
    57.21809387207031,
    47.721595764160156,
    441.958740234375,
    41.04568099975586,
    40.09306335449219,
    62.503875732421875,
    50.30596923828125,
    37.787452697753906,
    30.378963470458984,
    27.754779815673828,
    105.19585418701172,
    29.10297966003418
  ],
  "loss_trace": [
    {
      "step": 0,
      "total": 5.972510186351836,
      "emo": 5.972493648529053,
      "asr": 0.16537822782993317,
      "per": 0.0,
      "lambda_emo": 1.0,
      "lambda_asr": 0.0001,
      "lambda_per": 0.0
    },
    {
      "step": 1,
      "total": 5.013129420870542,
      "emo": 5.0131120681762695,
      "asr": 0.17352694272994995,
      "per": 0.02121560275554657,
      "lambda_emo": 1.0,
      "lambda_asr": 0.0001,
      "lambda_per": 0.0
    },
    {
      "step": 2,
      "total": 4.411812225849927,
      "emo": 4.411794185638428,
      "asr": 0.18040211498737335,
      "per": 0.027937760576605797,
      "lambda_emo": 1.0,
      "lambda_asr": 0.0001,
      "lambda_per": 0.0
    },
    {
      "step": 3,
      "total": 3.9903124643698336,
      "emo": 3.990291118621826,
      "asr": 0.21345748007297516,
      "per": 0.025269247591495514,
      "lambda_emo": 1.0,
      "lambda_asr": 0.0001,
      "lambda_per": 0.0
    },
    {
      "step": 4,
      "total": 3.4322934892416,
      "emo": 3.4322738647460938,
      "asr": 0.1962449550628662,
      "per": 0.02374955825507641,
      "lambda_emo": 1.0,
      "lambda_asr": 0.0001,
      "lambda_per": 0.0
    },
    {
      "step": 5,
      "total": 3.940092430989444,
      "emo": 3.9400744438171387,
      "asr": 0.17987172305583954,
      "per": 0.03141582012176514,
      "lambda_emo": 1.0,
      "lambda_asr": 0.0001,
      "lambda_per": 0.0
    },
    {
      "step": 6,
      "total": 3.1408257756605744,
      "emo": 3.14080810546875,
      "asr": 0.17670191824436188,
      "per": 0.03089706227183342,
      "lambda_emo": 1.0,
      "lambda_asr": 0.0001,
      "lambda_per": 0.0
    },
    {
      "step": 7,
      "total": 2.8997021653950212,
      "emo": 2.8996894359588623,
      "asr": 0.1272943615913391,
      "per": 0.033099960535764694,
      "lambda_emo": 1.0,
      "lambda_asr": 0.0001,
      "lambda_per": 0.0
    },
    {
      "step": 8,
      "total": 2.6616052395120264,
      "emo": 2.6615896224975586,
      "asr": 0.15617014467716217,
      "per": 0.03389493748545647,
      "lambda_emo": 1.0,
      "lambda_asr": 0.0001,
      "lambda_per": 0.0
    },
    {
      "step": 9,
      "total": 2.784428478370607,
      "emo": 2.784412384033203,
      "asr": 0.16094337403774261,
      "per": 0.028095733374357224,
      "lambda_emo": 1.0,
      "lambda_asr": 0.0001,
      "lambda_per": 0.0
    },
    {
      "step": 10,
      "total": 2.2881315062120557,
      "emo": 2.2881102561950684,
      "asr": 0.2125001698732376,
      "per": 0.03767537325620651,
      "lambda_emo": 1.0,
      "lambda_asr": 0.0001,
      "lambda_per": 0.0
    },
    {
      "step": 11,
      "total": 3.073916073665023,
      "emo": 3.0738887786865234,
      "asr": 0.27294978499412537,
      "per": 0.029068782925605774,
      "lambda_emo": 1.0,
      "lambda_asr": 0.0001,
      "lambda_per": 0.0
    },
    {
      "step": 12,
      "total": 3.8386133013263346,
      "emo": 3.8385977745056152,
      "asr": 0.15526820719242096,
      "per": 0.037630703300237656,
      "lambda_emo": 1.0,
      "lambda_asr": 0.0001,
      "lambda_per": 0.0
    },
    {
      "step": 13,
      "total": 3.5133875520944597,
      "emo": 3.513368606567383,
      "asr": 0.18945527076721191,
      "per": 0.03565141186118126,
      "lambda_emo": 1.0,
      "lambda_asr": 0.0001,
      "lambda_per": 0.0
    },
    {
      "step": 14,
      "total": 2.6860676312044265,
      "emo": 2.686044454574585,
      "asr": 0.23176629841327667,
      "per": 0.03124764934182167,
      "lambda_emo": 1.0,
      "lambda_asr": 0.0001,
      "lambda_per": 0.0
    },
    {
      "step": 15,
      "total": 2.2262185673236847,
      "emo": 2.2262003421783447,
      "asr": 0.1822514533996582,
      "per": 0.040887970477342606,
      "lambda_emo": 1.0,
      "lambda_asr": 0.0001,
      "lambda_per": 0.0
    },
    {
      "step": 16,
      "total": 2.0478321307986973,
      "emo": 2.04780650138855,
      "asr": 0.2562941014766693,
      "per": 0.04582472890615463,
      "lambda_emo": 1.0,
      "lambda_asr": 0.0001,
      "lambda_per": 0.0
    },
    {
      "step": 17,
      "total": 2.6386237338647245,
      "emo": 2.638601064682007,
      "asr": 0.2266918271780014,
      "per": 0.04602431505918503,
      "lambda_emo": 1.0,
      "lambda_asr": 0.0001,
      "lambda_per": 0.0
    },
    {
      "step": 18,
      "total": 1.8803090095251798,
      "emo": 1.8802814483642578,
      "asr": 0.27561160922050476,
      "per": 0.03475506603717804,
      "lambda_emo": 1.0,
      "lambda_asr": 0.0001,
      "lambda_per": 0.0
    },
    {
      "step": 19,
      "total": 2.1091814114794136,
      "emo": 2.109165668487549,
      "asr": 0.15742991864681244,
      "per": 0.04351319000124931,
      "lambda_emo": 1.0,
      "lambda_asr": 0.0001,
      "lambda_per": 0.0
    },
    {
      "step": 20,
      "total": 1.7862034671154619,
      "emo": 1.7841442823410034,
      "asr": 0.20587575435638428,
      "per": 0.04272308945655823,
      "lambda_emo": 1.0,
      "lambda_asr": 0.01,
      "lambda_per": 1e-05
    },
    {
      "step": 21,
      "total": 1.6444223722096158,
      "emo": 1.6420754194259644,
      "asr": 0.2346537858247757,
      "per": 0.04149254038929939,
      "lambda_emo": 1.0,
      "lambda_asr": 0.01,
      "lambda_per": 1e-05
    },
    {
      "step": 22,
      "total": 1.7609453663954138,
      "emo": 1.7586727142333984,
      "asr": 0.2272244542837143,
      "per": 0.04076191782951355,
      "lambda_emo": 1.0,
      "lambda_asr": 0.01,
      "lambda_per": 1e-05
    },
    {
      "step": 23,
      "total": 1.7888129108613728,
      "emo": 1.7868671417236328,
      "asr": 0.19454234838485718,
      "per": 0.03456538915634155,