{
  "sample_id": "02151_0002_sad_0002_001140",
  "path": "/data1/lixiang/OpenS2S_dataset/ESD/CN/0002/Sad/0002_001140.wav",
  "speaker_id": "0002",
  "ground_truth_emotion": "sad",
  "target_emotion": "happy",
  "emo_text_clean": [
    "Sad",
    "Sad",
    "\u542c\u8d77\u6765"
  ],
  "emo_text_adv": [
    "happy",
    "happy",
    "happy"
  ],
  "emo_pred_clean": [
    "sad",
    "sad",
    ""
  ],
  "emo_pred_adv": [
    "happy",
    "happy",
    "happy"
  ],
  "asr_text_clean": "\u542c\u8d77\u6765",
  "asr_text_adv": "\u8fd8\u4e0d\u592a\u7cdf\u7cd5\uff0c\u4e0d\u8fc7\u5f97\u8eba\u5728\u5e8a\u4e0a",
  "success_emo": true,
  "wer": 1.0,
  "semantic_sim": 0.3425731658935547,
  "semantic_preserved": false,
  "delta_linf": 0.008000001311302185,
  "delta_l2": 1.3349255323410034,
  "snr_db": 19.70960146152504,
  "grad_norm_trace": [
    6350.11279296875,
    199.0099334716797,
    247.70977783203125,
    155.93910217285156,
    410.4376525878906,
    194.48216247558594,
    264.82818603515625,
    173.36727905273438,
    405.9010314941406,
    173.5877227783203,
    103.1251220703125,
    46.9488410949707,
    209.0222930908203,
    59.2921142578125,
    65.28065490722656,
    32.273681640625,
    27.643142700195312,
    30.6131649017334,
    39.25406265258789,
    58.0538215637207,
    24.73154640197754,
    19.878292083740234,
    19.03434944152832,
    48.320186614990234,
    35.80256652832031,
    26.225502014160156,
    21.51641273498535,
    23.91591453552246,
    85.84374237060547,
    30.26095962524414,
    20.393877029418945,
    16.10481834411621,
    12.562137603759766,
    10.773357391357422,
    9.005596160888672,
    15.470911026000977,
    25.229877471923828,
    24.336212158203125,
    16.481597900390625,
    9.128735542297363,
    12.593965530395508,
    14.78916072845459,
    181.83334350585938,
    17.788755416870117,
    24.400096893310547,
    15.527582168579102,
    8.671605110168457,
    8.134496688842773,
    6.342565059661865,
    44.43511199951172,
    7.899259567260742,
    15.293723106384277,
    10.081883430480957,
    20.157596588134766,
    40.516910552978516,
    16.797138214111328,
    11.570832252502441,
    5.565753936767578,
    5.630734443664551,
    4.13969612121582
  ],
  "loss_trace": [
    {
      "step": 0,
      "total": 11.257347205722333,
      "emo": 11.257224082946777,
      "asr": 1.2312277555465698,
      "per": 0.0,
      "lambda_emo": 1.0,
      "lambda_asr": 0.0001,
      "lambda_per": 0.0
    },
    {
      "step": 1,
      "total": 11.205794131833315,
      "emo": 11.205709457397461,
      "asr": 0.8467443585395813,
      "per": 0.013127337209880352,
      "lambda_emo": 1.0,
      "lambda_asr": 0.0001,
      "lambda_per": 0.0
    },
    {
      "step": 2,
      "total": 9.069735016798973,
      "emo": 9.069555282592773,
      "asr": 1.79734206199646,
      "per": 0.019308552145957947,
      "lambda_emo": 1.0,
      "lambda_asr": 0.0001,
      "lambda_per": 0.0
    },
    {
      "step": 3,
      "total": 6.734222261500358,
      "emo": 6.733829021453857,
      "asr": 3.9324004650115967,
      "per": 0.02646399848163128,
      "lambda_emo": 1.0,
      "lambda_asr": 0.0001,
      "lambda_per": 0.0
    },
    {
      "step": 4,
      "total": 4.227311142730713,
      "emo": 4.226792335510254,
      "asr": 5.188072204589844,
      "per": 0.026432916522026062,
      "lambda_emo": 1.0,
      "lambda_asr": 0.0001,
      "lambda_per": 0.0
    },
    {
      "step": 5,
      "total": 4.106876173782348,
      "emo": 4.106380462646484,
      "asr": 4.957111358642578,
      "per": 0.02805595099925995,
      "lambda_emo": 1.0,
      "lambda_asr": 0.0001,
      "lambda_per": 0.0
    },
    {
      "step": 6,
      "total": 4.051255863046646,
      "emo": 4.050738334655762,
      "asr": 5.175283908843994,
      "per": 0.02651229500770569,
      "lambda_emo": 1.0,
      "lambda_asr": 0.0001,
      "lambda_per": 0.0
    },
    {
      "step": 7,
      "total": 3.2028685684204103,
      "emo": 3.2023210525512695,
      "asr": 5.47515869140625,
      "per": 0.03957945108413696,
      "lambda_emo": 1.0,
      "lambda_asr": 0.0001,
      "lambda_per": 0.0
    },
    {
      "step": 8,
      "total": 3.494697047328949,
      "emo": 3.494288921356201,
      "asr": 4.081259727478027,
      "per": 0.02802462875843048,
      "lambda_emo": 1.0,
      "lambda_asr": 0.0001,
      "lambda_per": 0.0
    },
    {
      "step": 9,
      "total": 3.380018544960022,
      "emo": 3.3794617652893066,
      "asr": 5.56779670715332,
      "per": 0.038791559636592865,
      "lambda_emo": 1.0,
      "lambda_asr": 0.0001,
      "lambda_per": 0.0
    },
    {
      "step": 10,
      "total": 3.0302803347110747,
      "emo": 3.029850721359253,
      "asr": 4.296133518218994,
      "per": 0.03441578894853592,
      "lambda_emo": 1.0,
      "lambda_asr": 0.0001,
      "lambda_per": 0.0
    },
    {
      "step": 11,
      "total": 2.1982477774620057,
      "emo": 2.19773006439209,
      "asr": 5.177130699157715,
      "per": 0.04385622590780258,
      "lambda_emo": 1.0,
      "lambda_asr": 0.0001,
      "lambda_per": 0.0
    },
    {
      "step": 12,
      "total": 3.6575432230472567,
      "emo": 3.656954526901245,
      "asr": 5.886961460113525,
      "per": 0.033963173627853394,
      "lambda_emo": 1.0,
      "lambda_asr": 0.0001,
      "lambda_per": 0.0
    },
    {
      "step": 13,
      "total": 2.6349838364124296,
      "emo": 2.6344687938690186,
      "asr": 5.150425434112549,
      "per": 0.04168045520782471,
      "lambda_emo": 1.0,
      "lambda_asr": 0.0001,
      "lambda_per": 0.0
    },
    {
      "step": 14,
      "total": 2.3355043058395384,
      "emo": 2.335031270980835,
      "asr": 4.730348587036133,
      "per": 0.03401033580303192,
      "lambda_emo": 1.0,
      "lambda_asr": 0.0001,
      "lambda_per": 0.0
    },
    {
      "step": 15,
      "total": 1.8594799675941467,
      "emo": 1.85896635055542,
      "asr": 5.136170387268066,
      "per": 0.036454662680625916,
      "lambda_emo": 1.0,
      "lambda_asr": 0.0001,
      "lambda_per": 0.0
    },
    {
      "step": 16,
      "total": 1.9021668077945708,
      "emo": 1.9017081260681152,
      "asr": 4.586817264556885,
      "per": 0.04160151258111,
      "lambda_emo": 1.0,
      "lambda_asr": 0.0001,
      "lambda_per": 0.0
    },
    {
      "step": 17,
      "total": 1.6559849480628968,
      "emo": 1.6554937362670898,
      "asr": 4.912117958068848,
      "per": 0.04117216169834137,
      "lambda_emo": 1.0,
      "lambda_asr": 0.0001,
      "lambda_per": 0.0
    },
    {
      "step": 18,
      "total": 1.6718505123615266,
      "emo": 1.6714156866073608,
      "asr": 4.348257541656494,
      "per": 0.03846050798892975,
      "lambda_emo": 1.0,
      "lambda_asr": 0.0001,
      "lambda_per": 0.0
    },
    {
      "step": 19,
      "total": 1.3761544276237487,
      "emo": 1.3756885528564453,
      "asr": 4.658747673034668,
      "per": 0.038287706673145294,
      "lambda_emo": 1.0,
      "lambda_asr": 0.0001,
      "lambda_per": 0.0
    },
    {
      "step": 20,
      "total": 1.2213035442049058,
      "emo": 1.186859130859375,
      "asr": 3.4444079399108887,
      "per": 0.03339464217424393,
      "lambda_emo": 1.0,
      "lambda_asr": 0.01,
      "lambda_per": 1e-05
    },
    {
      "step": 21,
      "total": 1.3668669766844435,
      "emo": 1.332127332687378,
      "asr": 3.4739320278167725,
      "per": 0.0323718897998333,
      "lambda_emo": 1.0,
      "lambda_asr": 0.01,
      "lambda_per": 1e-05
    },
    {
      "step": 22,
      "total": 1.0795485255290194,
      "emo": 1.051395297050476,
      "asr": 2.8152778148651123,
      "per": 0.045032989233732224,
      "lambda_emo": 1.0,
      "lambda_asr": 0.01,
      "lambda_per": 1e-05
    },
    {
      "step": 23,
      "total": 1.0281365562226623,
      "emo": 0.9968894720077515,
      "asr": 3.1246721744537354,
      "per": 0.03624703735113144,
      "lambda_emo": 1.0,
      "lambda_asr": 0.01,