{
  "sample_id": "02331_0002_sad_0002_001380",
  "path": "/data1/lixiang/OpenS2S_dataset/ESD/CN/0002/Sad/0002_001380.wav",
  "speaker_id": "0002",
  "ground_truth_emotion": "sad",
  "target_emotion": "happy",
  "emo_text_clean": [
    "Sad",
    "Sad",
    "\u6211\u4eec\u76f8\u5904\u5f97\u5f88\u597d"
  ],
  "emo_text_adv": [
    "happy",
    "happy",
    "happy"
  ],
  "emo_pred_clean": [
    "sad",
    "sad",
    ""
  ],
  "emo_pred_adv": [
    "happy",
    "happy",
    "happy"
  ],
  "asr_text_clean": "\u6211\u4eec\u76f8\u5904\u5f97\u5f88\u597d",
  "asr_text_adv": "\u6211\u4eec\u76f8\u5904\u5f97\u5f88\u597d",
  "success_emo": true,
  "wer": 0.0,
  "semantic_sim": 1.0,
  "semantic_preserved": true,
  "delta_linf": 0.008000001311302185,
  "delta_l2": 1.1963045597076416,
  "snr_db": 21.54631553088503,
  "grad_norm_trace": [
    291.07476806640625,
    125.78655242919922,
    285.9233093261719,
    181.6505889892578,
    72.7228012084961,
    199.12196350097656,
    60.255252838134766,
    247.0428466796875,
    75.54061126708984,
    70.09205627441406,
    63.0159912109375,
    46.75242233276367,
    103.40387725830078,
    49.09727478027344,
    38.39252471923828,
    26.44952964782715,
    48.52130126953125,
    60.863468170166016,
    79.2975082397461,
    39.58334732055664,
    46.60556411743164,
    46.303199768066406,
    58.969608306884766,
    52.56806945800781,
    46.33919906616211,
    28.40303611755371,
    72.2192611694336,
    43.09246063232422,
    25.793066024780273,
    45.1642951965332,
    24.993404388427734,
    33.8727912902832,
    61.41209030151367,
    53.00503921508789,
    42.60283279418945,
    24.30549430847168,
    100.43560028076172,
    33.18418502807617,
    59.04937744140625,
    26.842912673950195,
    39.9127311706543,
    37.84001922607422,
    25.940889358520508,
    21.22564697265625,
    66.105712890625,
    17.052474975585938,
    20.680212020874023,
    19.23879623413086,
    29.062347412109375,
    78.09048461914062,
    35.03004455566406,
    28.6253719329834,
    177.04966735839844,
    53.0110969543457,
    26.780960083007812,
    18.84001350402832,
    16.774141311645508,
    26.51970672607422,
    19.476945877075195,
    29.87075424194336
  ],
  "loss_trace": [
    {
      "step": 0,
      "total": 6.83058272591792,
      "emo": 6.830577850341797,
      "asr": 0.04875576123595238,
      "per": 0.0,
      "lambda_emo": 1.0,
      "lambda_asr": 0.0001,
      "lambda_per": 0.0
    },
    {
      "step": 1,
      "total": 6.033365806777403,
      "emo": 6.033361434936523,
      "asr": 0.04371840879321098,
      "per": 0.006398371886461973,
      "lambda_emo": 1.0,
      "lambda_asr": 0.0001,
      "lambda_per": 0.0
    },
    {
      "step": 2,
      "total": 2.9266280134737492,
      "emo": 2.926623821258545,
      "asr": 0.041922152042388916,
      "per": 0.011341272853314877,
      "lambda_emo": 1.0,
      "lambda_asr": 0.0001,
      "lambda_per": 0.0
    },
    {
      "step": 3,
      "total": 3.015996115339175,
      "emo": 3.0159900188446045,
      "asr": 0.06096494570374489,
      "per": 0.0194212906062603,
      "lambda_emo": 1.0,
      "lambda_asr": 0.0001,
      "lambda_per": 0.0
    },
    {
      "step": 4,
      "total": 2.60816115911901,
      "emo": 2.608154296875,
      "asr": 0.06862244009971619,
      "per": 0.019690876826643944,
      "lambda_emo": 1.0,
      "lambda_asr": 0.0001,
      "lambda_per": 0.0
    },
    {
      "step": 5,
      "total": 2.8971553622689097,
      "emo": 2.8971500396728516,
      "asr": 0.053225960582494736,
      "per": 0.026581449434161186,
      "lambda_emo": 1.0,
      "lambda_asr": 0.0001,
      "lambda_per": 0.0
    },
    {
      "step": 6,
      "total": 2.2800867631532253,
      "emo": 2.2800798416137695,
      "asr": 0.06921539455652237,
      "per": 0.029385199770331383,
      "lambda_emo": 1.0,
      "lambda_asr": 0.0001,
      "lambda_per": 0.0
    },
    {
      "step": 7,
      "total": 2.4372294408261777,
      "emo": 2.4372239112854004,
      "asr": 0.05529540777206421,
      "per": 0.026747887954115868,
      "lambda_emo": 1.0,
      "lambda_asr": 0.0001,
      "lambda_per": 0.0
    },
    {
      "step": 8,
      "total": 2.5542619200281798,
      "emo": 2.554253101348877,
      "asr": 0.08818679302930832,
      "per": 0.0292692631483078,
      "lambda_emo": 1.0,
      "lambda_asr": 0.0001,
      "lambda_per": 0.0
    },
    {
      "step": 9,
      "total": 2.2796860847219826,
      "emo": 2.2796735763549805,
      "asr": 0.12508367002010345,
      "per": 0.029534293338656425,
      "lambda_emo": 1.0,
      "lambda_asr": 0.0001,
      "lambda_per": 0.0
    },
    {
      "step": 10,
      "total": 2.1895995997011664,
      "emo": 2.189589738845825,
      "asr": 0.09860855340957642,
      "per": 0.035065338015556335,
      "lambda_emo": 1.0,
      "lambda_asr": 0.0001,
      "lambda_per": 0.0
    },
    {
      "step": 11,
      "total": 1.9128368928078563,
      "emo": 1.9128310680389404,
      "asr": 0.05824768915772438,
      "per": 0.030979862436652184,
      "lambda_emo": 1.0,
      "lambda_asr": 0.0001,
      "lambda_per": 0.0
    },
    {
      "step": 12,
      "total": 1.8463553996399045,
      "emo": 1.8463385105133057,
      "asr": 0.16889126598834991,
      "per": 0.03268025070428848,
      "lambda_emo": 1.0,
      "lambda_asr": 0.0001,
      "lambda_per": 0.0
    },
    {
      "step": 13,
      "total": 1.7355590325534345,
      "emo": 1.7355502843856812,
      "asr": 0.08748167753219604,
      "per": 0.0360700786113739,
      "lambda_emo": 1.0,
      "lambda_asr": 0.0001,
      "lambda_per": 0.0
    },
    {
      "step": 14,
      "total": 1.9078263645485043,
      "emo": 1.9078195095062256,
      "asr": 0.06855042278766632,
      "per": 0.035531967878341675,
      "lambda_emo": 1.0,
      "lambda_asr": 0.0001,
      "lambda_per": 0.0
    },
    {
      "step": 15,
      "total": 1.6178846819281578,
      "emo": 1.6178786754608154,
      "asr": 0.06006467342376709,
      "per": 0.03361926227807999,
      "lambda_emo": 1.0,
      "lambda_asr": 0.0001,
      "lambda_per": 0.0
    },
    {
      "step": 16,
      "total": 1.4272181537143886,
      "emo": 1.427210807800293,
      "asr": 0.07345914095640182,
      "per": 0.03380674123764038,
      "lambda_emo": 1.0,
      "lambda_asr": 0.0001,
      "lambda_per": 0.0
    },
    {
      "step": 17,
      "total": 1.7199890639655293,
      "emo": 1.719982624053955,
      "asr": 0.0643991157412529,
      "per": 0.028113802894949913,
      "lambda_emo": 1.0,
      "lambda_asr": 0.0001,
      "lambda_per": 0.0
    },
    {
      "step": 18,
      "total": 2.0973687469705937,
      "emo": 2.097352981567383,
      "asr": 0.1576540321111679,
      "per": 0.03442567586898804,
      "lambda_emo": 1.0,
      "lambda_asr": 0.0001,
      "lambda_per": 0.0
    },
    {
      "step": 19,
      "total": 1.6780852429963649,
      "emo": 1.6780757904052734,
      "asr": 0.09452591091394424,
      "per": 0.03344227001070976,
      "lambda_emo": 1.0,
      "lambda_asr": 0.0001,
      "lambda_per": 0.0
    },
    {
      "step": 20,
      "total": 1.1832794241169653,
      "emo": 1.1824889183044434,
      "asr": 0.07902013510465622,
      "per": 0.030446147546172142,
      "lambda_emo": 1.0,
      "lambda_asr": 0.01,
      "lambda_per": 1e-05
    },
    {
      "step": 21,
      "total": 1.3300805177505315,
      "emo": 1.3285317420959473,
      "asr": 0.15484024584293365,
      "per": 0.037319615483284,
      "lambda_emo": 1.0,
      "lambda_asr": 0.01,
      "lambda_per": 1e-05
    },
    {
      "step": 22,
      "total": 1.3041146313587577,
      "emo": 1.303511619567871,
      "asr": 0.060269344598054886,
      "per": 0.03183449059724808,
      "lambda_emo": 1.0,
      "lambda_asr": 0.01,
      "lambda_per": 1e-05
    },
    {
      "step": 23,
      "total": 1.4523162115022168,
      "emo": 1.4514951705932617,
      "asr": 0.08207084983587265,
      "per": 0.03324105963110924,