{
  "sample_id": "02340_0002_sad_0002_001081",
  "path": "/data1/lixiang/OpenS2S_dataset/ESD/CN/0002/Sad/0002_001081.wav",
  "speaker_id": "0002",
  "ground_truth_emotion": "sad",
  "target_emotion": "happy",
  "emo_text_clean": [
    "Sad",
    "\u62b1\u6b49",
    "\u62b1\u6b49"
  ],
  "emo_text_adv": [
    "Neutral",
    "Happy",
    "\u597d\u5440\uff0c\u6211\u8fd9\u5c31\u63d0\u9192\u4f60\uff01"
  ],
  "emo_pred_clean": [
    "sad",
    "",
    ""
  ],
  "emo_pred_adv": [
    "neutral",
    "happy",
    ""
  ],
  "asr_text_clean": "\u62b1\u6b49",
  "asr_text_adv": "\u63d0\u9192\u4f60\u7684\u65f6\u95f4\u662f\u4e5d\u70b9\u3002",
  "success_emo": false,
  "wer": 1.0,
  "semantic_sim": 0.2953847050666809,
  "semantic_preserved": false,
  "delta_linf": 0.008000001311302185,
  "delta_l2": 1.1257636547088623,
  "snr_db": 25.241712815715335,
  "grad_norm_trace": [
    188.13096618652344,
    110.04244232177734,
    175.22384643554688,
    42.55863952636719,
    78.8412857055664,
    32.45414352416992,
    82.3914566040039,
    46.99445724487305,
    58.73665237426758,
    38.59880828857422,
    42.85301208496094,
    110.88320922851562,
    41.129730224609375,
    33.17043685913086,
    23.260929107666016,
    36.77338409423828,
    72.24667358398438,
    41.84386444091797,
    47.70320129394531,
    50.1415901184082,
    33.300682067871094,
    44.552310943603516,
    43.48251724243164,
    37.70109176635742,
    152.10182189941406,
    66.26478576660156,
    44.1614990234375,
    67.41407012939453,
    34.58779525756836,
    51.23325729370117,
    136.89114379882812,
    34.85175704956055,
    92.41754913330078,
    89.06226348876953,
    32.71792984008789,
    75.89109802246094,
    43.56217575073242,
    30.70568084716797,
    29.999738693237305,
    269.2524108886719,
    92.8490219116211,
    32.37540054321289,
    45.710994720458984,
    33.89398956298828,
    72.30709838867188,
    33.22201156616211,
    34.644718170166016,
    76.62553405761719,
    43.59613037109375,
    48.99354553222656,
    58.46196365356445,
    106.72884368896484,
    29.08113670349121,
    78.20594024658203,
    35.92030334472656,
    83.59249114990234,
    59.93180465698242,
    77.22783660888672,
    104.99893951416016,
    41.18734359741211
  ],
  "loss_trace": [
    {
      "step": 0,
      "total": 9.725320212590695,
      "emo": 9.72518539428711,
      "asr": 1.348183035850525,
      "per": 0.0,
      "lambda_emo": 1.0,
      "lambda_asr": 0.0001,
      "lambda_per": 0.0
    },
    {
      "step": 1,
      "total": 8.749929355168343,
      "emo": 8.749735832214355,
      "asr": 1.9352295398712158,
      "per": 0.0037189291324466467,
      "lambda_emo": 1.0,
      "lambda_asr": 0.0001,
      "lambda_per": 0.0
    },
    {
      "step": 2,
      "total": 6.279979949092865,
      "emo": 6.279709815979004,
      "asr": 2.70133113861084,
      "per": 0.007608756422996521,
      "lambda_emo": 1.0,
      "lambda_asr": 0.0001,
      "lambda_per": 0.0
    },
    {
      "step": 3,
      "total": 6.110166434383392,
      "emo": 6.109805107116699,
      "asr": 3.6132726669311523,
      "per": 0.01108056865632534,
      "lambda_emo": 1.0,
      "lambda_asr": 0.0001,
      "lambda_per": 0.0
    },
    {
      "step": 4,
      "total": 5.838715914940834,
      "emo": 5.838364601135254,
      "asr": 3.5131380558013916,
      "per": 0.013905133120715618,
      "lambda_emo": 1.0,
      "lambda_asr": 0.0001,
      "lambda_per": 0.0
    },
    {
      "step": 5,
      "total": 5.628597882676124,
      "emo": 5.628227233886719,
      "asr": 3.7064878940582275,
      "per": 0.014871472492814064,
      "lambda_emo": 1.0,
      "lambda_asr": 0.0001,
      "lambda_per": 0.0
    },
    {
      "step": 6,
      "total": 5.61857606818676,
      "emo": 5.618274688720703,
      "asr": 3.0137946605682373,
      "per": 0.014151285402476788,
      "lambda_emo": 1.0,
      "lambda_asr": 0.0001,
      "lambda_per": 0.0
    },
    {
      "step": 7,
      "total": 5.431754525327682,
      "emo": 5.431294918060303,
      "asr": 4.596072673797607,
      "per": 0.012737777084112167,
      "lambda_emo": 1.0,
      "lambda_asr": 0.0001,
      "lambda_per": 0.0
    },
    {
      "step": 8,
      "total": 5.573278321838379,
      "emo": 5.572937965393066,
      "asr": 3.403564453125,
      "per": 0.016367580741643906,
      "lambda_emo": 1.0,
      "lambda_asr": 0.0001,
      "lambda_per": 0.0
    },
    {
      "step": 9,
      "total": 5.290227017974853,
      "emo": 5.289750099182129,
      "asr": 4.769187927246094,
      "per": 0.019114091992378235,
      "lambda_emo": 1.0,
      "lambda_asr": 0.0001,
      "lambda_per": 0.0
    },
    {
      "step": 10,
      "total": 5.1718750443935395,
      "emo": 5.171452522277832,
      "asr": 4.225221157073975,
      "per": 0.018289238214492798,
      "lambda_emo": 1.0,
      "lambda_asr": 0.0001,
      "lambda_per": 0.0
    },
    {
      "step": 11,
      "total": 4.827776544809342,
      "emo": 4.827334880828857,
      "asr": 4.416639804840088,
      "per": 0.018517861142754555,
      "lambda_emo": 1.0,
      "lambda_asr": 0.0001,
      "lambda_per": 0.0
    },
    {
      "step": 12,
      "total": 5.28547532427311,
      "emo": 5.285104274749756,
      "asr": 3.7104952335357666,
      "per": 0.016065528616309166,
      "lambda_emo": 1.0,
      "lambda_asr": 0.0001,
      "lambda_per": 0.0
    },
    {
      "step": 13,
      "total": 5.0541259304046635,
      "emo": 5.053713321685791,
      "asr": 4.126087188720703,
      "per": 0.01911720260977745,
      "lambda_emo": 1.0,
      "lambda_asr": 0.0001,
      "lambda_per": 0.0
    },
    {
      "step": 14,
      "total": 4.556075469994545,
      "emo": 4.555692195892334,
      "asr": 3.8327410221099854,
      "per": 0.02040044777095318,
      "lambda_emo": 1.0,
      "lambda_asr": 0.0001,
      "lambda_per": 0.0
    },
    {
      "step": 15,
      "total": 4.774133818721771,
      "emo": 4.773697376251221,
      "asr": 4.364424705505371,
      "per": 0.01679847203195095,
      "lambda_emo": 1.0,
      "lambda_asr": 0.0001,
      "lambda_per": 0.0
    },
    {
      "step": 16,
      "total": 4.921126307725906,
      "emo": 4.920790672302246,
      "asr": 3.356354236602783,
      "per": 0.01872161775827408,
      "lambda_emo": 1.0,
      "lambda_asr": 0.0001,
      "lambda_per": 0.0
    },
    {
      "step": 17,
      "total": 5.176682571864128,
      "emo": 5.17637825012207,
      "asr": 3.043217420578003,
      "per": 0.02277582511305809,
      "lambda_emo": 1.0,
      "lambda_asr": 0.0001,
      "lambda_per": 0.0
    },
    {
      "step": 18,
      "total": 4.721974281311035,
      "emo": 4.72152042388916,
      "asr": 4.53857421875,
      "per": 0.017410172149538994,
      "lambda_emo": 1.0,
      "lambda_asr": 0.0001,
      "lambda_per": 0.0
    },
    {
      "step": 19,
      "total": 4.78242115240097,
      "emo": 4.781920909881592,
      "asr": 5.002425193786621,
      "per": 0.02251317724585533,
      "lambda_emo": 1.0,
      "lambda_asr": 0.0001,
      "lambda_per": 0.0
    },
    {
      "step": 20,
      "total": 4.614910600939151,
      "emo": 4.581162452697754,
      "asr": 3.374793529510498,
      "per": 0.02129462920129299,
      "lambda_emo": 1.0,
      "lambda_asr": 0.01,
      "lambda_per": 1e-05
    },
    {
      "step": 21,
      "total": 4.4483869508198275,
      "emo": 4.408351421356201,
      "asr": 4.0035319328308105,
      "per": 0.0210135318338871,
      "lambda_emo": 1.0,
      "lambda_asr": 0.01,
      "lambda_per": 1e-05
    },
    {
      "step": 22,
      "total": 4.642266337092816,
      "emo": 4.601569175720215,
      "asr": 4.069691181182861,
      "per": 0.024956077337265015,
      "lambda_emo": 1.0,
      "lambda_asr": 0.01,
      "lambda_per": 1e-05
    },
    {
      "step": 23,
      "total": 4.304814606574271,
      "emo": 4.261682510375977,
      "asr": 4.313189506530762,
      "per": 0.020113298669457436,
      "lambda_emo": 1.0,
      "lambda_asr": 0.01,