{
  "sample_id": "02400_0002_sad_0002_001159",
  "path": "/data1/lixiang/OpenS2S_dataset/ESD/CN/0002/Sad/0002_001159.wav",
  "speaker_id": "0002",
  "ground_truth_emotion": "sad",
  "target_emotion": "happy",
  "emo_text_clean": [
    "Sad",
    "Sad",
    "\u4f60\u542c\u8d77\u6765"
  ],
  "emo_text_adv": [
    "happy",
    "happy",
    "happy"
  ],
  "emo_pred_clean": [
    "sad",
    "sad",
    ""
  ],
  "emo_pred_adv": [
    "happy",
    "happy",
    "happy"
  ],
  "asr_text_clean": "\u6211\u5176\u5b9e\u633a\u997f\u7684\u3002",
  "asr_text_adv": "\u6211\u4eca\u5929\u5fc3\u60c5\u7279\u522b\u597d\uff01",
  "success_emo": true,
  "wer": 1.0,
  "semantic_sim": 0.3888578414916992,
  "semantic_preserved": false,
  "delta_linf": 0.008000001311302185,
  "delta_l2": 1.1105608940124512,
  "snr_db": 22.825047639754867,
  "grad_norm_trace": [
    260.6210021972656,
    88.2109375,
    522.0111083984375,
    151.15869140625,
    93.19863891601562,
    85.90303039550781,
    223.54925537109375,
    215.705322265625,
    152.78607177734375,
    83.70267486572266,
    127.33777618408203,
    93.24158477783203,
    154.19468688964844,
    78.70416259765625,
    80.3604736328125,
    50.901756286621094,
    48.9340934753418,
    51.44272232055664,
    42.52040100097656,
    230.39845275878906,
    126.11243438720703,
    165.9386444091797,
    118.25119018554688,
    30.64747428894043,
    64.90299987792969,
    33.19245147705078,
    57.10017395019531,
    22.972986221313477,
    104.65348052978516,
    47.579986572265625,
    44.0638313293457,
    29.04605484008789,
    25.53023338317871,
    27.72840118408203,
    32.843482971191406,
    15.268041610717773,
    11.994706153869629,
    30.238500595092773,
    28.04700469970703,
    13.700898170471191,
    12.167339324951172,
    9.93864631652832,
    81.49072265625,
    17.51868438720703,
    24.019851684570312,
    16.79215431213379,
    11.087288856506348,
    9.892112731933594,
    24.351654052734375,
    30.153047561645508,
    26.774953842163086,
    61.910091400146484,
    17.090036392211914,
    23.685056686401367,
    13.891422271728516,
    11.444822311401367,
    27.50987434387207,
    32.076900482177734,
    26.275192260742188,
    79.95606994628906
  ],
  "loss_trace": [
    {
      "step": 0,
      "total": 11.449652388447523,
      "emo": 11.449641227722168,
      "asr": 0.11160725355148315,
      "per": 0.0,
      "lambda_emo": 1.0,
      "lambda_asr": 0.0001,
      "lambda_per": 0.0
    },
    {
      "step": 1,
      "total": 10.386968361639976,
      "emo": 10.386957168579102,
      "asr": 0.11193060874938965,
      "per": 0.016206419095396996,
      "lambda_emo": 1.0,
      "lambda_asr": 0.0001,
      "lambda_per": 0.0
    },
    {
      "step": 2,
      "total": 8.176744756299257,
      "emo": 8.176715850830078,
      "asr": 0.2890546917915344,
      "per": 0.0157918818295002,
      "lambda_emo": 1.0,
      "lambda_asr": 0.0001,
      "lambda_per": 0.0
    },
    {
      "step": 3,
      "total": 7.542947609453648,
      "emo": 7.542936325073242,
      "asr": 0.11284380406141281,
      "per": 0.03811011090874672,
      "lambda_emo": 1.0,
      "lambda_asr": 0.0001,
      "lambda_per": 0.0
    },
    {
      "step": 4,
      "total": 6.736078944331408,
      "emo": 6.735992431640625,
      "asr": 0.86512690782547,
      "per": 0.04130629822611809,
      "lambda_emo": 1.0,
      "lambda_asr": 0.0001,
      "lambda_per": 0.0
    },
    {
      "step": 5,
      "total": 6.141511341327429,
      "emo": 6.141456604003906,
      "asr": 0.5473732352256775,
      "per": 0.04103420674800873,
      "lambda_emo": 1.0,
      "lambda_asr": 0.0001,
      "lambda_per": 0.0
    },
    {
      "step": 6,
      "total": 6.064772456741333,
      "emo": 6.064744472503662,
      "asr": 0.2798423767089844,
      "per": 0.04472856968641281,
      "lambda_emo": 1.0,
      "lambda_asr": 0.0001,
      "lambda_per": 0.0
    },
    {
      "step": 7,
      "total": 6.91745713480711,
      "emo": 6.917405605316162,
      "asr": 0.5152949094772339,
      "per": 0.041348621249198914,
      "lambda_emo": 1.0,
      "lambda_asr": 0.0001,
      "lambda_per": 0.0
    },
    {
      "step": 8,
      "total": 5.866759566529095,
      "emo": 5.86674690246582,
      "asr": 0.12664063274860382,
      "per": 0.04147855564951897,
      "lambda_emo": 1.0,
      "lambda_asr": 0.0001,
      "lambda_per": 0.0
    },
    {
      "step": 9,
      "total": 4.300738319683075,
      "emo": 4.300704002380371,
      "asr": 0.3431730270385742,
      "per": 0.040048323571681976,
      "lambda_emo": 1.0,
      "lambda_asr": 0.0001,
      "lambda_per": 0.0
    },
    {
      "step": 10,
      "total": 4.109427448830009,
      "emo": 4.109391689300537,
      "asr": 0.357595294713974,
      "per": 0.04570996016263962,
      "lambda_emo": 1.0,
      "lambda_asr": 0.0001,
      "lambda_per": 0.0
    },
    {
      "step": 11,
      "total": 4.593054638569802,
      "emo": 4.593042373657227,
      "asr": 0.12264912575483322,
      "per": 0.04011019319295883,
      "lambda_emo": 1.0,
      "lambda_asr": 0.0001,
      "lambda_per": 0.0
    },
    {
      "step": 12,
      "total": 4.882501661491394,
      "emo": 4.882429122924805,
      "asr": 0.7253856658935547,
      "per": 0.040035925805568695,
      "lambda_emo": 1.0,
      "lambda_asr": 0.0001,
      "lambda_per": 0.0
    },
    {
      "step": 13,
      "total": 4.422070845997333,
      "emo": 4.422038555145264,
      "asr": 0.32290852069854736,
      "per": 0.040086716413497925,
      "lambda_emo": 1.0,
      "lambda_asr": 0.0001,
      "lambda_per": 0.0
    },
    {
      "step": 14,
      "total": 3.135368675082922,
      "emo": 3.1353020668029785,
      "asr": 0.6660827994346619,
      "per": 0.03956177085638046,
      "lambda_emo": 1.0,
      "lambda_asr": 0.0001,
      "lambda_per": 0.0
    },
    {
      "step": 15,
      "total": 2.2954956735253336,
      "emo": 2.2953567504882812,
      "asr": 1.3892303705215454,
      "per": 0.04148036241531372,
      "lambda_emo": 1.0,
      "lambda_asr": 0.0001,
      "lambda_per": 0.0
    },
    {
      "step": 16,
      "total": 2.247564437806606,
      "emo": 2.2474279403686523,
      "asr": 1.3649743795394897,
      "per": 0.05234374850988388,
      "lambda_emo": 1.0,
      "lambda_asr": 0.0001,
      "lambda_per": 0.0
    },
    {
      "step": 17,
      "total": 1.8380925159692765,
      "emo": 1.8378829956054688,
      "asr": 2.0952036380767822,
      "per": 0.03906543552875519,
      "lambda_emo": 1.0,
      "lambda_asr": 0.0001,
      "lambda_per": 0.0
    },
    {
      "step": 18,
      "total": 1.56637977694273,
      "emo": 1.5661962032318115,
      "asr": 1.8357371091842651,
      "per": 0.05298566818237305,
      "lambda_emo": 1.0,
      "lambda_asr": 0.0001,
      "lambda_per": 0.0
    },
    {
      "step": 19,
      "total": 2.5989041249155997,
      "emo": 2.598794460296631,
      "asr": 1.0966461896896362,
      "per": 0.04099494218826294,
      "lambda_emo": 1.0,
      "lambda_asr": 0.0001,
      "lambda_per": 0.0
    },
    {
      "step": 20,
      "total": 4.317854758687727,
      "emo": 4.303683280944824,
      "asr": 1.4170913696289062,
      "per": 0.056404661387205124,
      "lambda_emo": 1.0,
      "lambda_asr": 0.01,
      "lambda_per": 1e-05
    },
    {
      "step": 21,
      "total": 6.0434662622419,
      "emo": 6.042600154876709,
      "asr": 0.08655527979135513,
      "per": 0.055456727743148804,
      "lambda_emo": 1.0,
      "lambda_asr": 0.01,
      "lambda_per": 1e-05
    },
    {
      "step": 22,
      "total": 3.7359290054967627,
      "emo": 3.728417158126831,
      "asr": 0.7511268258094788,
      "per": 0.057911183685064316,
      "lambda_emo": 1.0,
      "lambda_asr": 0.01,
      "lambda_per": 1e-05
    },
    {
      "step": 23,
      "total": 2.1030638485426456,
      "emo": 2.082145929336548,
      "asr": 2.0917418003082275,
      "per": 0.05012030154466629,
      "lambda_emo": 1.0,