{
  "sample_id": "02410_0002_sad_0002_001306",
  "path": "/data1/lixiang/OpenS2S_dataset/ESD/CN/0002/Sad/0002_001306.wav",
  "speaker_id": "0002",
  "ground_truth_emotion": "sad",
  "target_emotion": "happy",
  "emo_text_clean": [
    "Sad",
    "Sad",
    "\u6211\u5728\u8fd9\u91cc\u966a\u7740"
  ],
  "emo_text_adv": [
    "Happy",
    "Happy",
    "Happy!"
  ],
  "emo_pred_clean": [
    "sad",
    "sad",
    ""
  ],
  "emo_pred_adv": [
    "happy",
    "happy",
    "happy"
  ],
  "asr_text_clean": "\u4f60\u4e00\u76f4\u90fd\u5728\uff0c\u966a\u6211\u5ea6\u8fc7\u8fd9\u6f2b\u957f\u7684",
  "asr_text_adv": "\u966a\u4f60",
  "success_emo": true,
  "wer": 1.0,
  "semantic_sim": 0.5708351135253906,
  "semantic_preserved": false,
  "delta_linf": 0.008000001311302185,
  "delta_l2": 1.3610303401947021,
  "snr_db": 23.406672054859612,
  "grad_norm_trace": [
    116.68375396728516,
    100.47620391845703,
    1437.0689697265625,
    127.20490264892578,
    56.75297546386719,
    82.5783920288086,
    146.86965942382812,
    49.068031311035156,
    35.623016357421875,
    38.93614196777344,
    94.40631866455078,
    67.94744873046875,
    50.56217575073242,
    35.78266143798828,
    81.03411865234375,
    57.57646179199219,
    31.81036376953125,
    37.270530700683594,
    24.60793685913086,
    65.44116973876953,
    53.50687026977539,
    114.29317474365234,
    128.10755920410156,
    65.16877746582031,
    68.74146270751953,
    56.39362716674805,
    232.08734130859375,
    100.58904266357422,
    86.84891510009766,
    49.52544021606445,
    28.076480865478516,
    82.61371612548828,
    26.161592483520508,
    29.804458618164062,
    25.80659294128418,
    40.661746978759766,
    220.64613342285156,
    219.9981689453125,
    117.58805084228516,
    109.69007110595703,
    102.44098663330078,
    67.34963989257812,
    322.8244934082031,
    118.61408233642578,
    38.62278366088867,
    61.333438873291016,
    61.36506271362305,
    86.48755645751953,
    42.454193115234375,
    33.2794303894043,
    97.03273010253906,
    54.0818977355957,
    51.68583297729492,
    49.810482025146484,
    64.61551666259766,
    64.05435943603516,
    73.27372741699219,
    106.92625427246094,
    108.89179992675781,
    84.0578384399414
  ],
  "loss_trace": [
    {
      "step": 0,
      "total": 9.96277587109208,
      "emo": 9.962724685668945,
      "asr": 0.5118542313575745,
      "per": 0.0,
      "lambda_emo": 1.0,
      "lambda_asr": 0.0001,
      "lambda_per": 0.0
    },
    {
      "step": 1,
      "total": 9.521424770379067,
      "emo": 9.521368026733398,
      "asr": 0.5674364566802979,
      "per": 0.004024183843284845,
      "lambda_emo": 1.0,
      "lambda_asr": 0.0001,
      "lambda_per": 0.0
    },
    {
      "step": 2,
      "total": 6.901346030473709,
      "emo": 6.901274681091309,
      "asr": 0.713493824005127,
      "per": 0.008411388844251633,
      "lambda_emo": 1.0,
      "lambda_asr": 0.0001,
      "lambda_per": 0.0
    },
    {
      "step": 3,
      "total": 5.765854462313652,
      "emo": 5.76577091217041,
      "asr": 0.8355014324188232,
      "per": 0.039892591536045074,
      "lambda_emo": 1.0,
      "lambda_asr": 0.0001,
      "lambda_per": 0.0
    },
    {
      "step": 4,
      "total": 5.148218404042721,
      "emo": 5.148133277893066,
      "asr": 0.8512614965438843,
      "per": 0.04385111480951309,
      "lambda_emo": 1.0,
      "lambda_asr": 0.0001,
      "lambda_per": 0.0
    },
    {
      "step": 5,
      "total": 4.1577217743396755,
      "emo": 4.157598495483398,
      "asr": 1.2327885627746582,
      "per": 0.04742938280105591,
      "lambda_emo": 1.0,
      "lambda_asr": 0.0001,
      "lambda_per": 0.0
    },
    {
      "step": 6,
      "total": 4.472080600142479,
      "emo": 4.471948623657227,
      "asr": 1.3197648525238037,
      "per": 0.035309258848428726,
      "lambda_emo": 1.0,
      "lambda_asr": 0.0001,
      "lambda_per": 0.0
    },
    {
      "step": 7,
      "total": 4.109117732894421,
      "emo": 4.108996391296387,
      "asr": 1.2134159803390503,
      "per": 0.039467718452215195,
      "lambda_emo": 1.0,
      "lambda_asr": 0.0001,
      "lambda_per": 0.0
    },
    {
      "step": 8,
      "total": 3.8760097767710686,
      "emo": 3.875866651535034,
      "asr": 1.431252360343933,
      "per": 0.039927706122398376,
      "lambda_emo": 1.0,
      "lambda_asr": 0.0001,
      "lambda_per": 0.0
    },
    {
      "step": 9,
      "total": 3.530521974515915,
      "emo": 3.53037166595459,
      "asr": 1.5030856132507324,
      "per": 0.04502452537417412,
      "lambda_emo": 1.0,
      "lambda_asr": 0.0001,
      "lambda_per": 0.0
    },
    {
      "step": 10,
      "total": 3.150904226565361,
      "emo": 3.150756597518921,
      "asr": 1.4762904644012451,
      "per": 0.039743416011333466,
      "lambda_emo": 1.0,
      "lambda_asr": 0.0001,
      "lambda_per": 0.0
    },
    {
      "step": 11,
      "total": 3.4537801295876505,
      "emo": 3.4536311626434326,
      "asr": 1.4896694421768188,
      "per": 0.04663677141070366,
      "lambda_emo": 1.0,
      "lambda_asr": 0.0001,
      "lambda_per": 0.0
    },
    {
      "step": 12,
      "total": 3.4631431864857674,
      "emo": 3.4629998207092285,
      "asr": 1.4336577653884888,
      "per": 0.036905646324157715,
      "lambda_emo": 1.0,
      "lambda_asr": 0.0001,
      "lambda_per": 0.0
    },
    {
      "step": 13,
      "total": 3.0492174518823623,
      "emo": 3.0490527153015137,
      "asr": 1.6473658084869385,
      "per": 0.03899925947189331,
      "lambda_emo": 1.0,
      "lambda_asr": 0.0001,
      "lambda_per": 0.0
    },
    {
      "step": 14,
      "total": 3.1719224409818647,
      "emo": 3.1717634201049805,
      "asr": 1.5902087688446045,
      "per": 0.04207320138812065,
      "lambda_emo": 1.0,
      "lambda_asr": 0.0001,
      "lambda_per": 0.0
    },
    {
      "step": 15,
      "total": 3.7747876487135885,
      "emo": 3.7746691703796387,
      "asr": 1.1847833395004272,
      "per": 0.03417437896132469,
      "lambda_emo": 1.0,
      "lambda_asr": 0.0001,
      "lambda_per": 0.0
    },
    {
      "step": 16,
      "total": 3.256157796406746,
      "emo": 3.256021499633789,
      "asr": 1.3629677295684814,
      "per": 0.04902730509638786,
      "lambda_emo": 1.0,
      "lambda_asr": 0.0001,
      "lambda_per": 0.0
    },
    {
      "step": 17,
      "total": 2.91574436416626,
      "emo": 2.915595531463623,
      "asr": 1.4883270263671875,
      "per": 0.04796796292066574,
      "lambda_emo": 1.0,
      "lambda_asr": 0.0001,
      "lambda_per": 0.0
    },
    {
      "step": 18,
      "total": 2.5343123691678047,
      "emo": 2.53413724899292,
      "asr": 1.7512017488479614,
      "per": 0.0357997864484787,
      "lambda_emo": 1.0,
      "lambda_asr": 0.0001,
      "lambda_per": 0.0
    },
    {
      "step": 19,
      "total": 2.5316796293735506,
      "emo": 2.531558036804199,
      "asr": 1.215925693511963,
      "per": 0.03804223611950874,
      "lambda_emo": 1.0,
      "lambda_asr": 0.0001,
      "lambda_per": 0.0
    },
    {
      "step": 20,
      "total": 2.7609603160678597,
      "emo": 2.7445578575134277,
      "asr": 1.6402056217193604,
      "per": 0.04023372381925583,
      "lambda_emo": 1.0,
      "lambda_asr": 0.01,
      "lambda_per": 1e-05
    },
    {
      "step": 21,
      "total": 3.099474729971662,
      "emo": 3.079904079437256,
      "asr": 1.9570306539535522,
      "per": 0.03439948707818985,
      "lambda_emo": 1.0,
      "lambda_asr": 0.01,
      "lambda_per": 1e-05
    },
    {
      "step": 22,
      "total": 3.1978646551042798,
      "emo": 3.184049606323242,
      "asr": 1.3814574480056763,
      "per": 0.04743009805679321,
      "lambda_emo": 1.0,
      "lambda_asr": 0.01,
      "lambda_per": 1e-05
    },
    {
      "step": 23,
      "total": 3.3538380622214823,
      "emo": 3.3429718017578125,
      "asr": 1.0865901708602905,
      "per": 0.035875506699085236,
      "lambda_emo": 1.0,