{
  "sample_id": "02429_0002_sad_0002_001290",
  "path": "/data1/lixiang/OpenS2S_dataset/ESD/CN/0002/Sad/0002_001290.wav",
  "speaker_id": "0002",
  "ground_truth_emotion": "sad",
  "target_emotion": "happy",
  "emo_text_clean": [
    "Sad",
    "Sad",
    "\u4e00\u4e2a\u5c0f\u65f6"
  ],
  "emo_text_adv": [
    "Happy",
    "happy",
    "Happy"
  ],
  "emo_pred_clean": [
    "sad",
    "sad",
    ""
  ],
  "emo_pred_adv": [
    "happy",
    "happy",
    "happy"
  ],
  "asr_text_clean": "\u5927\u7ea6\u4e00\u4e2a\u5c0f\u65f6",
  "asr_text_adv": "\u5927\u7ea6\u4e00\u4e2a\u5c0f\u65f6",
  "success_emo": true,
  "wer": 0.0,
  "semantic_sim": 1.000000238418579,
  "semantic_preserved": true,
  "delta_linf": 0.008000001311302185,
  "delta_l2": 0.9469904899597168,
  "snr_db": 25.463241655620976,
  "grad_norm_trace": [
    198.7098388671875,
    121.27828216552734,
    177.19029235839844,
    81.84750366210938,
    75.81585693359375,
    27.528278350830078,
    24.75316047668457,
    63.54531478881836,
    73.35482025146484,
    67.43780517578125,
    75.47872924804688,
    63.90436553955078,
    74.1821060180664,
    160.2696990966797,
    37.29132843017578,
    27.46478843688965,
    84.49384307861328,
    56.817840576171875,
    138.44467163085938,
    87.99018096923828,
    58.15399169921875,
    45.69588851928711,
    61.002716064453125,
    53.18686294555664,
    131.06373596191406,
    138.10572814941406,
    43.59980010986328,
    48.983245849609375,
    51.1330680847168,
    41.253047943115234,
    34.168052673339844,
    44.80990982055664,
    26.819015502929688,
    31.282882690429688,
    21.355976104736328,
    19.47919464111328,
    42.42173385620117,
    46.11442184448242,
    25.85845375061035,
    14.720788955688477,
    33.00465774536133,
    73.95620727539062,
    110.75476837158203,
    90.96878051757812,
    145.58950805664062,
    29.421300888061523,
    78.51454162597656,
    55.089698791503906,
    14.682356834411621,
    36.293052673339844,
    89.49752044677734,
    31.560976028442383,
    23.47372817993164,
    17.509599685668945,
    10.703920364379883,
    23.839740753173828,
    31.029422760009766,
    11.634997367858887,
    13.639440536499023,
    21.78002166748047
  ],
  "loss_trace": [
    {
      "step": 0,
      "total": 8.784463789471983,
      "emo": 8.784440040588379,
      "asr": 0.23748883605003357,
      "per": 0.0,
      "lambda_emo": 1.0,
      "lambda_asr": 0.0001,
      "lambda_per": 0.0
    },
    {
      "step": 1,
      "total": 8.566018470808864,
      "emo": 8.565999031066895,
      "asr": 0.19439741969108582,
      "per": 0.006889814045280218,
      "lambda_emo": 1.0,
      "lambda_asr": 0.0001,
      "lambda_per": 0.0
    },
    {
      "step": 2,
      "total": 7.327730372355878,
      "emo": 7.327714920043945,
      "asr": 0.1545231193304062,
      "per": 0.0076208533719182014,
      "lambda_emo": 1.0,
      "lambda_asr": 0.0001,
      "lambda_per": 0.0
    },
    {
      "step": 3,
      "total": 6.639535342079401,
      "emo": 6.63950252532959,
      "asr": 0.32816749811172485,
      "per": 0.013949936255812645,
      "lambda_emo": 1.0,
      "lambda_asr": 0.0001,
      "lambda_per": 0.0
    },
    {
      "step": 4,
      "total": 5.772124612928927,
      "emo": 5.772116661071777,
      "asr": 0.07951857149600983,
      "per": 0.018819106742739677,
      "lambda_emo": 1.0,
      "lambda_asr": 0.0001,
      "lambda_per": 0.0
    },
    {
      "step": 5,
      "total": 5.443800300976634,
      "emo": 5.443793773651123,
      "asr": 0.06527325510978699,
      "per": 0.014442099258303642,
      "lambda_emo": 1.0,
      "lambda_asr": 0.0001,
      "lambda_per": 0.0
    },
    {
      "step": 6,
      "total": 4.810091751243919,
      "emo": 4.810084819793701,
      "asr": 0.06931450217962265,
      "per": 0.020897027105093002,
      "lambda_emo": 1.0,
      "lambda_asr": 0.0001,
      "lambda_per": 0.0
    },
    {
      "step": 7,
      "total": 4.780823579210043,
      "emo": 4.780816078186035,
      "asr": 0.07501024007797241,
      "per": 0.021459590643644333,
      "lambda_emo": 1.0,
      "lambda_asr": 0.0001,
      "lambda_per": 0.0
    },
    {
      "step": 8,
      "total": 4.808353625626862,
      "emo": 4.808343887329102,
      "asr": 0.09738297760486603,
      "per": 0.01990777812898159,
      "lambda_emo": 1.0,
      "lambda_asr": 0.0001,
      "lambda_per": 0.0
    },
    {
      "step": 9,
      "total": 4.739980658312887,
      "emo": 4.7399725914001465,
      "asr": 0.08066912740468979,
      "per": 0.01612655073404312,
      "lambda_emo": 1.0,
      "lambda_asr": 0.0001,
      "lambda_per": 0.0
    },
    {
      "step": 10,
      "total": 4.3434726853035395,
      "emo": 4.34346342086792,
      "asr": 0.0926443561911583,
      "per": 0.017992764711380005,
      "lambda_emo": 1.0,
      "lambda_asr": 0.0001,
      "lambda_per": 0.0
    },
    {
      "step": 11,
      "total": 4.556197422617674,
      "emo": 4.556187629699707,
      "asr": 0.09792917966842651,
      "per": 0.021867534145712852,
      "lambda_emo": 1.0,
      "lambda_asr": 0.0001,
      "lambda_per": 0.0
    },
    {
      "step": 12,
      "total": 4.615038744445145,
      "emo": 4.615025520324707,
      "asr": 0.13224120438098907,
      "per": 0.02124648354947567,
      "lambda_emo": 1.0,
      "lambda_asr": 0.0001,
      "lambda_per": 0.0
    },
    {
      "step": 13,
      "total": 4.244522394423932,
      "emo": 4.244512557983398,
      "asr": 0.09836440533399582,
      "per": 0.026014599949121475,
      "lambda_emo": 1.0,
      "lambda_asr": 0.0001,
      "lambda_per": 0.0
    },
    {
      "step": 14,
      "total": 5.29235590646863,
      "emo": 5.292346477508545,
      "asr": 0.09428960084915161,
      "per": 0.028629979118704796,
      "lambda_emo": 1.0,
      "lambda_asr": 0.0001,
      "lambda_per": 0.0
    },
    {
      "step": 15,
      "total": 4.66389376577735,
      "emo": 4.663885116577148,
      "asr": 0.08649200201034546,
      "per": 0.026799438521265984,
      "lambda_emo": 1.0,
      "lambda_asr": 0.0001,
      "lambda_per": 0.0
    },
    {
      "step": 16,
      "total": 4.223662103785575,
      "emo": 4.223649501800537,
      "asr": 0.12601985037326813,
      "per": 0.0228117685765028,
      "lambda_emo": 1.0,
      "lambda_asr": 0.0001,
      "lambda_per": 0.0
    },
    {
      "step": 17,
      "total": 3.9104909710235893,
      "emo": 3.9104793071746826,
      "asr": 0.11663848906755447,
      "per": 0.02807062864303589,
      "lambda_emo": 1.0,
      "lambda_asr": 0.0001,
      "lambda_per": 0.0
    },
    {
      "step": 18,
      "total": 4.294202741663158,
      "emo": 4.294190406799316,
      "asr": 0.12334863841533661,
      "per": 0.030740028247237206,
      "lambda_emo": 1.0,
      "lambda_asr": 0.0001,
      "lambda_per": 0.0
    },
    {
      "step": 19,
      "total": 4.016908314913511,
      "emo": 4.0168986320495605,
      "asr": 0.0968286395072937,
      "per": 0.02977311611175537,
      "lambda_emo": 1.0,
      "lambda_asr": 0.0001,
      "lambda_per": 0.0
    },
    {
      "step": 20,
      "total": 3.471400657415651,
      "emo": 3.470233917236328,
      "asr": 0.11664550751447678,
      "per": 0.02851041778922081,
      "lambda_emo": 1.0,
      "lambda_asr": 0.01,
      "lambda_per": 1e-05
    },
    {
      "step": 21,
      "total": 2.848094092020951,
      "emo": 2.8469979763031006,
      "asr": 0.10958446562290192,
      "per": 0.027106162160634995,
      "lambda_emo": 1.0,
      "lambda_asr": 0.01,
      "lambda_per": 1e-05
    },
    {
      "step": 22,
      "total": 2.6519736891032757,
      "emo": 2.6508617401123047,
      "asr": 0.11116774380207062,
      "per": 0.02715529501438141,
      "lambda_emo": 1.0,
      "lambda_asr": 0.01,
      "lambda_per": 1e-05
    },
    {
      "step": 23,
      "total": 2.426928331396859,
      "emo": 2.4257020950317383,
      "asr": 0.12259464710950851,
      "per": 0.028989402577280998,
      "lambda_emo": 1.0,