{
  "sample_id": "02438_0002_sad_0002_001273",
  "path": "/data1/lixiang/OpenS2S_dataset/ESD/CN/0002/Sad/0002_001273.wav",
  "speaker_id": "0002",
  "ground_truth_emotion": "sad",
  "target_emotion": "happy",
  "emo_text_clean": [
    "Happy",
    "\u542c\u8d77\u6765",
    "\u6211\u4eec\u90fd\u5728\u52aa\u529b\u8fc7\u597d\u6bcf\u4e00\u5929"
  ],
  "emo_text_adv": [
    "happy",
    "happy",
    "happy"
  ],
  "emo_pred_clean": [
    "happy",
    "",
    ""
  ],
  "emo_pred_adv": [
    "happy",
    "happy",
    "happy"
  ],
  "asr_text_clean": "\u542c\u8d77\u6765",
  "asr_text_adv": "\u542c\u8d77\u6765",
  "success_emo": true,
  "wer": 0.0,
  "semantic_sim": 1.0,
  "semantic_preserved": true,
  "delta_linf": 0.008000001311302185,
  "delta_l2": 1.1085643768310547,
  "snr_db": 21.23033554994926,
  "grad_norm_trace": [
    681.4920654296875,
    235.0771026611328,
    106.9109115600586,
    132.627685546875,
    105.82149505615234,
    118.63970947265625,
    49.991817474365234,
    46.0314826965332,
    103.43134307861328,
    88.8423843383789,
    60.23310470581055,
    103.61857604980469,
    41.756446838378906,
    34.436485290527344,
    71.43809509277344,
    45.58264923095703,
    27.630084991455078,
    23.57575035095215,
    25.469226837158203,
    47.418277740478516,
    46.67049026489258,
    75.15147399902344,
    104.43400573730469,
    72.67989349365234,
    40.32530212402344,
    27.91659164428711,
    30.091415405273438,
    44.13035583496094,
    25.398273468017578,
    23.051151275634766,
    18.054977416992188,
    29.991113662719727,
    18.636991500854492,
    16.043846130371094,
    38.17289733886719,
    19.25202751159668,
    23.137516021728516,
    19.7585391998291,
    19.713748931884766,
    51.24761962890625,
    21.11128044128418,
    34.947540283203125,
    36.63488006591797,
    35.60945510864258,
    15.92209243774414,
    15.2953519821167,
    16.523263931274414,
    27.514429092407227,
    16.975313186645508,
    16.697132110595703,
    14.006547927856445,
    10.565848350524902,
    16.76236915588379,
    11.805249214172363,
    11.794024467468262,
    14.90853214263916,
    9.433074951171875,
    15.74271297454834,
    18.082406997680664,
    17.624679565429688
  ],
  "loss_trace": [
    {
      "step": 0,
      "total": 5.3149838681161405,
      "emo": 5.314966201782227,
      "asr": 0.176663339138031,
      "per": 0.0,
      "lambda_emo": 1.0,
      "lambda_asr": 0.0001,
      "lambda_per": 0.0
    },
    {
      "step": 1,
      "total": 5.445793147400021,
      "emo": 5.445767879486084,
      "asr": 0.25267913937568665,
      "per": 0.008852528408169746,
      "lambda_emo": 1.0,
      "lambda_asr": 0.0001,
      "lambda_per": 0.0
    },
    {
      "step": 2,
      "total": 3.621759515285492,
      "emo": 3.6214957237243652,
      "asr": 2.63791561126709,
      "per": 0.016348853707313538,
      "lambda_emo": 1.0,
      "lambda_asr": 0.0001,
      "lambda_per": 0.0
    },
    {
      "step": 3,
      "total": 4.143227083468437,
      "emo": 4.143065929412842,
      "asr": 1.6115405559539795,
      "per": 0.021021414548158646,
      "lambda_emo": 1.0,
      "lambda_asr": 0.0001,
      "lambda_per": 0.0
    },
    {
      "step": 4,
      "total": 3.432853616523743,
      "emo": 3.432753324508667,
      "asr": 1.002920150756836,
      "per": 0.018027393147349358,
      "lambda_emo": 1.0,
      "lambda_asr": 0.0001,
      "lambda_per": 0.0
    },
    {
      "step": 5,
      "total": 3.719226457500458,
      "emo": 3.719111919403076,
      "asr": 1.145380973815918,
      "per": 0.022229552268981934,
      "lambda_emo": 1.0,
      "lambda_asr": 0.0001,
      "lambda_per": 0.0
    },
    {
      "step": 6,
      "total": 2.9250023081481458,
      "emo": 2.9249351024627686,
      "asr": 0.6720568537712097,
      "per": 0.019559890031814575,
      "lambda_emo": 1.0,
      "lambda_asr": 0.0001,
      "lambda_per": 0.0
    },
    {
      "step": 7,
      "total": 2.403513734406233,
      "emo": 2.403473377227783,
      "asr": 0.4035717844963074,
      "per": 0.023242121562361717,
      "lambda_emo": 1.0,
      "lambda_asr": 0.0001,
      "lambda_per": 0.0
    },
    {
      "step": 8,
      "total": 2.487166355136037,
      "emo": 2.4871327877044678,
      "asr": 0.33567431569099426,
      "per": 0.0287513118237257,
      "lambda_emo": 1.0,
      "lambda_asr": 0.0001,
      "lambda_per": 0.0
    },
    {
      "step": 9,
      "total": 2.9723261018574236,
      "emo": 2.972287654876709,
      "asr": 0.38446980714797974,
      "per": 0.023703312501311302,
      "lambda_emo": 1.0,
      "lambda_asr": 0.0001,
      "lambda_per": 0.0
    },
    {
      "step": 10,
      "total": 2.7911263572692873,
      "emo": 2.791076183319092,
      "asr": 0.501739501953125,
      "per": 0.02207980863749981,
      "lambda_emo": 1.0,
      "lambda_asr": 0.0001,
      "lambda_per": 0.0
    },
    {
      "step": 11,
      "total": 3.662189017033577,
      "emo": 3.6619420051574707,
      "asr": 2.470118761062622,
      "per": 0.026252124458551407,
      "lambda_emo": 1.0,
      "lambda_asr": 0.0001,
      "lambda_per": 0.0
    },
    {
      "step": 12,
      "total": 2.73062598323226,
      "emo": 2.7305543422698975,
      "asr": 0.7164096236228943,
      "per": 0.02532077580690384,
      "lambda_emo": 1.0,
      "lambda_asr": 0.0001,
      "lambda_per": 0.0
    },
    {
      "step": 13,
      "total": 2.535227534031868,
      "emo": 2.5351834297180176,
      "asr": 0.4410431385040283,
      "per": 0.027427276596426964,
      "lambda_emo": 1.0,
      "lambda_asr": 0.0001,
      "lambda_per": 0.0
    },
    {
      "step": 14,
      "total": 1.98130070284307,
      "emo": 1.9812626838684082,
      "asr": 0.3801897466182709,
      "per": 0.023768991231918335,
      "lambda_emo": 1.0,
      "lambda_asr": 0.0001,
      "lambda_per": 0.0
    },
    {
      "step": 15,
      "total": 2.0054402616471054,
      "emo": 2.005417823791504,
      "asr": 0.2243785560131073,
      "per": 0.03208319470286369,
      "lambda_emo": 1.0,
      "lambda_asr": 0.0001,
      "lambda_per": 0.0
    },
    {
      "step": 16,
      "total": 1.6163518288195133,
      "emo": 1.6163320541381836,
      "asr": 0.19774681329727173,
      "per": 0.03257574886083603,
      "lambda_emo": 1.0,
      "lambda_asr": 0.0001,
      "lambda_per": 0.0
    },
    {
      "step": 17,
      "total": 1.6260722446143627,
      "emo": 1.6260383129119873,
      "asr": 0.3393170237541199,
      "per": 0.02937210723757744,
      "lambda_emo": 1.0,
      "lambda_asr": 0.0001,
      "lambda_per": 0.0
    },
    {
      "step": 18,
      "total": 1.3305364944398403,
      "emo": 1.3304795026779175,
      "asr": 0.569917619228363,
      "per": 0.027376525104045868,
      "lambda_emo": 1.0,
      "lambda_asr": 0.0001,
      "lambda_per": 0.0
    },
    {
      "step": 19,
      "total": 1.4693541527450085,
      "emo": 1.4693186283111572,
      "asr": 0.35524433851242065,
      "per": 0.031234195455908775,
      "lambda_emo": 1.0,
      "lambda_asr": 0.0001,
      "lambda_per": 0.0
    },
    {
      "step": 20,
      "total": 1.7672957277163863,
      "emo": 1.7567071914672852,
      "asr": 1.058821201324463,
      "per": 0.032423585653305054,
      "lambda_emo": 1.0,
      "lambda_asr": 0.01,
      "lambda_per": 1e-05
    },
    {
      "step": 21,
      "total": 1.732455090813115,
      "emo": 1.7300031185150146,
      "asr": 0.24517107009887695,
      "per": 0.026159711182117462,
      "lambda_emo": 1.0,
      "lambda_asr": 0.01,
      "lambda_per": 1e-05
    },
    {
      "step": 22,
      "total": 1.608501080593895,
      "emo": 1.5991787910461426,
      "asr": 0.9321987628936768,
      "per": 0.030191881582140923,
      "lambda_emo": 1.0,
      "lambda_asr": 0.01,
      "lambda_per": 1e-05
    },
    {
      "step": 23,
      "total": 2.0047597624458,
      "emo": 2.0006446838378906,
      "asr": 0.4114694893360138,
      "per": 0.038371454924345016,
      "lambda_emo": 1.0,