{
  "sample_id": "02483_0002_surprise_0002_001602",
  "path": "/data1/lixiang/OpenS2S_dataset/ESD/CN/0002/Surprise/0002_001602.wav",
  "speaker_id": "0002",
  "ground_truth_emotion": "surprise",
  "target_emotion": "happy",
  "emo_text_clean": [
    "Surprise.",
    "Surprise.",
    "\u4f60\u542c\u8d77\u6765"
  ],
  "emo_text_adv": [
    "Happy",
    "happy",
    "happy"
  ],
  "emo_pred_clean": [
    "surprise",
    "surprise",
    ""
  ],
  "emo_pred_adv": [
    "happy",
    "happy",
    "happy"
  ],
  "asr_text_clean": "\u4f60\u542c\u8d77\u6765",
  "asr_text_adv": "\u6211\u597d\u5bb3\u6015",
  "success_emo": true,
  "wer": 1.0,
  "semantic_sim": 0.20695391297340393,
  "semantic_preserved": false,
  "delta_linf": 0.008000001311302185,
  "delta_l2": 1.141879916191101,
  "snr_db": 20.97799430907381,
  "grad_norm_trace": [
    2199.53369140625,
    334.4488830566406,
    309.1959533691406,
    164.3934783935547,
    392.9654846191406,
    219.39178466796875,
    248.35208129882812,
    315.88629150390625,
    151.1730194091797,
    390.50909423828125,
    76.46949005126953,
    37.05840301513672,
    68.80868530273438,
    42.55416488647461,
    77.67010498046875,
    31.653411865234375,
    17.920373916625977,
    33.264739990234375,
    72.47616577148438,
    29.3712158203125,
    21.26656150817871,
    66.26292419433594,
    19.78028678894043,
    22.476364135742188,
    42.179988861083984,
    21.495195388793945,
    29.20887565612793,
    42.29133987426758,
    20.908981323242188,
    66.30558013916016,
    18.251909255981445,
    21.91373634338379,
    38.92269515991211,
    22.019319534301758,
    22.47884178161621,
    23.74367904663086,
    43.4185676574707,
    29.13991355895996,
    35.69131088256836,
    25.042823791503906,
    20.714805603027344,
    62.62261962890625,
    63.572174072265625,
    22.67693328857422,
    24.248485565185547,
    16.011972427368164,
    21.777990341186523,
    14.579754829406738,
    15.894721984863281,
    22.44892692565918,
    14.91926383972168,
    15.53757381439209,
    19.267595291137695,
    19.261743545532227,
    13.112312316894531,
    16.433961868286133,
    20.012205123901367,
    23.613096237182617,
    24.997480392456055,
    15.18285846710205
  ],
  "loss_trace": [
    {
      "step": 0,
      "total": 11.854105212831497,
      "emo": 11.853986740112305,
      "asr": 1.1847271919250488,
      "per": 0.0,
      "lambda_emo": 1.0,
      "lambda_asr": 0.0001,
      "lambda_per": 0.0
    },
    {
      "step": 1,
      "total": 13.38107426301241,
      "emo": 13.380912780761719,
      "asr": 1.614822506904602,
      "per": 0.027638360857963562,
      "lambda_emo": 1.0,
      "lambda_asr": 0.0001,
      "lambda_per": 0.0
    },
    {
      "step": 2,
      "total": 8.501866167211533,
      "emo": 8.501590728759766,
      "asr": 2.7543845176696777,
      "per": 0.03727239370346069,
      "lambda_emo": 1.0,
      "lambda_asr": 0.0001,
      "lambda_per": 0.0
    },
    {
      "step": 3,
      "total": 7.669797156739235,
      "emo": 7.669485092163086,
      "asr": 3.120645761489868,
      "per": 0.03733748197555542,
      "lambda_emo": 1.0,
      "lambda_asr": 0.0001,
      "lambda_per": 0.0
    },
    {
      "step": 4,
      "total": 4.725189239597321,
      "emo": 4.724887847900391,
      "asr": 3.0139169692993164,
      "per": 0.04202258214354515,
      "lambda_emo": 1.0,
      "lambda_asr": 0.0001,
      "lambda_per": 0.0
    },
    {
      "step": 5,
      "total": 4.6205812109589575,
      "emo": 4.620403289794922,
      "asr": 1.7792116403579712,
      "per": 0.03570505231618881,
      "lambda_emo": 1.0,
      "lambda_asr": 0.0001,
      "lambda_per": 0.0
    },
    {
      "step": 6,
      "total": 4.856274221134186,
      "emo": 4.856016159057617,
      "asr": 2.580620765686035,
      "per": 0.045332521200180054,
      "lambda_emo": 1.0,
      "lambda_asr": 0.0001,
      "lambda_per": 0.0
    },
    {
      "step": 7,
      "total": 3.9790089959859847,
      "emo": 3.9788100719451904,
      "asr": 1.9892404079437256,
      "per": 0.04920420050621033,
      "lambda_emo": 1.0,
      "lambda_asr": 0.0001,
      "lambda_per": 0.0
    },
    {
      "step": 8,
      "total": 4.416703795266152,
      "emo": 4.416424751281738,
      "asr": 2.7904398441314697,
      "per": 0.03796420991420746,
      "lambda_emo": 1.0,
      "lambda_asr": 0.0001,
      "lambda_per": 0.0
    },
    {
      "step": 9,
      "total": 4.017488799095154,
      "emo": 4.0172953605651855,
      "asr": 1.9343852996826172,
      "per": 0.036975353956222534,
      "lambda_emo": 1.0,
      "lambda_asr": 0.0001,
      "lambda_per": 0.0
    },
    {
      "step": 10,
      "total": 3.024586227011681,
      "emo": 3.024357318878174,
      "asr": 2.289081335067749,
      "per": 0.047536324709653854,
      "lambda_emo": 1.0,
      "lambda_asr": 0.0001,
      "lambda_per": 0.0
    },
    {
      "step": 11,
      "total": 3.0718652437448504,
      "emo": 3.071688175201416,
      "asr": 1.7706854343414307,
      "per": 0.049282949417829514,
      "lambda_emo": 1.0,
      "lambda_asr": 0.0001,
      "lambda_per": 0.0
    },
    {
      "step": 12,
      "total": 2.5571316519379614,
      "emo": 2.5569369792938232,
      "asr": 1.9467264413833618,
      "per": 0.04401040077209473,
      "lambda_emo": 1.0,
      "lambda_asr": 0.0001,
      "lambda_per": 0.0
    },
    {
      "step": 13,
      "total": 2.4047793442726135,
      "emo": 2.40456485748291,
      "asr": 2.1448678970336914,
      "per": 0.04482213780283928,
      "lambda_emo": 1.0,
      "lambda_asr": 0.0001,
      "lambda_per": 0.0
    },
    {
      "step": 14,
      "total": 2.357360392618179,
      "emo": 2.357161283493042,
      "asr": 1.991091251373291,
      "per": 0.03799889236688614,
      "lambda_emo": 1.0,
      "lambda_asr": 0.0001,
      "lambda_per": 0.0
    },
    {
      "step": 15,
      "total": 2.2283934640884397,
      "emo": 2.22815203666687,
      "asr": 2.414274215698242,
      "per": 0.03778865933418274,
      "lambda_emo": 1.0,
      "lambda_asr": 0.0001,
      "lambda_per": 0.0
    },
    {
      "step": 16,
      "total": 1.9118143982410432,
      "emo": 1.9116075038909912,
      "asr": 2.068943500518799,
      "per": 0.047539081424474716,
      "lambda_emo": 1.0,
      "lambda_asr": 0.0001,
      "lambda_per": 0.0
    },
    {
      "step": 17,
      "total": 2.197536331987381,
      "emo": 2.1973013877868652,
      "asr": 2.3494420051574707,
      "per": 0.05402946472167969,
      "lambda_emo": 1.0,
      "lambda_asr": 0.0001,
      "lambda_per": 0.0
    },
    {
      "step": 18,
      "total": 2.009364980363846,
      "emo": 2.0091562271118164,
      "asr": 2.0875325202941895,
      "per": 0.05336543917655945,
      "lambda_emo": 1.0,
      "lambda_asr": 0.0001,
      "lambda_per": 0.0
    },
    {
      "step": 19,
      "total": 1.9977718554496766,
      "emo": 1.9975502490997314,
      "asr": 2.2160634994506836,
      "per": 0.05292155593633652,
      "lambda_emo": 1.0,
      "lambda_asr": 0.0001,
      "lambda_per": 0.0
    },
    {
      "step": 20,
      "total": 1.6950668593454734,
      "emo": 1.67537522315979,
      "asr": 1.9691240787506104,
      "per": 0.03953981772065163,
      "lambda_emo": 1.0,
      "lambda_asr": 0.01,
      "lambda_per": 1e-05
    },
    {
      "step": 21,
      "total": 1.7454327458932624,
      "emo": 1.7240774631500244,
      "asr": 2.1354806423187256,
      "per": 0.04763200506567955,
      "lambda_emo": 1.0,
      "lambda_asr": 0.01,
      "lambda_per": 1e-05
    },
    {
      "step": 22,
      "total": 1.725418998503238,
      "emo": 1.7023252248764038,
      "asr": 2.3093411922454834,
      "per": 0.036170437932014465,
      "lambda_emo": 1.0,
      "lambda_asr": 0.01,
      "lambda_per": 1e-05
    },
    {
      "step": 23,
      "total": 1.4948561226115376,
      "emo": 1.472776174545288,
      "asr": 2.2079524993896484,
      "per": 0.042307235300540924,
      "lambda_emo": 1.0,