{
  "sample_id": "02527_0002_surprise_0002_001490",
  "path": "/data1/lixiang/OpenS2S_dataset/ESD/CN/0002/Surprise/0002_001490.wav",
  "speaker_id": "0002",
  "ground_truth_emotion": "surprise",
  "target_emotion": "happy",
  "emo_text_clean": [
    "Surprise.",
    "Surprise.",
    "\u542c\u8d77\u6765"
  ],
  "emo_text_adv": [
    "happy",
    "happy",
    "happy"
  ],
  "emo_pred_clean": [
    "surprise",
    "surprise",
    ""
  ],
  "emo_pred_adv": [
    "happy",
    "happy",
    "happy"
  ],
  "asr_text_clean": "\u542c\u8d77\u6765",
  "asr_text_adv": "\u542c\u8d77\u6765",
  "success_emo": true,
  "wer": 0.0,
  "semantic_sim": 1.0,
  "semantic_preserved": true,
  "delta_linf": 0.008000001311302185,
  "delta_l2": 1.2577584981918335,
  "snr_db": 24.91978926187764,
  "grad_norm_trace": [
    1726.4149169921875,
    657.785888671875,
    94.03205108642578,
    67.00930786132812,
    137.88232421875,
    140.57565307617188,
    167.23486328125,
    104.1903305053711,
    68.36837005615234,
    360.4193115234375,
    84.23429107666016,
    49.360652923583984,
    51.19281768798828,
    47.056602478027344,
    42.94454574584961,
    69.1265640258789,
    77.63457489013672,
    42.93547439575195,
    65.93191528320312,
    41.86130905151367,
    58.10822296142578,
    61.55152130126953,
    37.985382080078125,
    52.63666534423828,
    56.63274002075195,
    36.85319900512695,
    44.61306381225586,
    125.01536560058594,
    75.7432632446289,
    32.01142501831055,
    48.30003356933594,
    38.25891876220703,
    45.417266845703125,
    38.04132080078125,
    46.93459701538086,
    22.621028900146484,
    9.281234741210938,
    24.21082305908203,
    55.25255584716797,
    17.18401336669922,
    15.637341499328613,
    20.252622604370117,
    14.373087882995605,
    33.385868072509766,
    37.396705627441406,
    19.86834144592285,
    7.8724045753479,
    13.186817169189453,
    38.447532653808594,
    19.107662200927734,
    30.0675048828125,
    17.55130958557129,
    15.721274375915527,
    13.080304145812988,
    18.60326385498047,
    20.886594772338867,
    26.035072326660156,
    17.524084091186523,
    18.193586349487305,
    39.67965316772461
  ],
  "loss_trace": [
    {
      "step": 0,
      "total": 7.413855905520916,
      "emo": 7.413760662078857,
      "asr": 0.9524344205856323,
      "per": 0.0,
      "lambda_emo": 1.0,
      "lambda_asr": 0.0001,
      "lambda_per": 0.0
    },
    {
      "step": 1,
      "total": 6.5862775302171706,
      "emo": 6.586154460906982,
      "asr": 1.2306931018829346,
      "per": 0.03400728851556778,
      "lambda_emo": 1.0,
      "lambda_asr": 0.0001,
      "lambda_per": 0.0
    },
    {
      "step": 2,
      "total": 3.800435156822205,
      "emo": 3.8002448081970215,
      "asr": 1.9034862518310547,
      "per": 0.04806172102689743,
      "lambda_emo": 1.0,
      "lambda_asr": 0.0001,
      "lambda_per": 0.0
    },
    {
      "step": 3,
      "total": 2.5960955506801606,
      "emo": 2.595876693725586,
      "asr": 2.1885695457458496,
      "per": 0.04009479284286499,
      "lambda_emo": 1.0,
      "lambda_asr": 0.0001,
      "lambda_per": 0.0
    },
    {
      "step": 4,
      "total": 2.289072967886925,
      "emo": 2.288825273513794,
      "asr": 2.4769437313079834,
      "per": 0.04688039422035217,
      "lambda_emo": 1.0,
      "lambda_asr": 0.0001,
      "lambda_per": 0.0
    },
    {
      "step": 5,
      "total": 2.233604142808914,
      "emo": 2.2333436012268066,
      "asr": 2.6054158210754395,
      "per": 0.041209809482097626,
      "lambda_emo": 1.0,
      "lambda_asr": 0.0001,
      "lambda_per": 0.0
    },
    {
      "step": 6,
      "total": 8.02336398882866,
      "emo": 8.023001670837402,
      "asr": 3.6231799125671387,
      "per": 0.0530746690928936,
      "lambda_emo": 1.0,
      "lambda_asr": 0.0001,
      "lambda_per": 0.0
    },
    {
      "step": 7,
      "total": 3.4001696768045426,
      "emo": 3.3999791145324707,
      "asr": 1.9056227207183838,
      "per": 0.04839984327554703,
      "lambda_emo": 1.0,
      "lambda_asr": 0.0001,
      "lambda_per": 0.0
    },
    {
      "step": 8,
      "total": 2.2934444590091707,
      "emo": 2.2932119369506836,
      "asr": 2.3252205848693848,
      "per": 0.04097384586930275,
      "lambda_emo": 1.0,
      "lambda_asr": 0.0001,
      "lambda_per": 0.0
    },
    {
      "step": 9,
      "total": 2.432191275072098,
      "emo": 2.4318950176239014,
      "asr": 2.9625744819641113,
      "per": 0.0400310680270195,
      "lambda_emo": 1.0,
      "lambda_asr": 0.0001,
      "lambda_per": 0.0
    },
    {
      "step": 10,
      "total": 2.3597142298698426,
      "emo": 2.359510898590088,
      "asr": 2.0333127975463867,
      "per": 0.057727254927158356,
      "lambda_emo": 1.0,
      "lambda_asr": 0.0001,
      "lambda_per": 0.0
    },
    {
      "step": 11,
      "total": 1.6355348784923553,
      "emo": 1.6353049278259277,
      "asr": 2.299506664276123,
      "per": 0.05052253603935242,
      "lambda_emo": 1.0,
      "lambda_asr": 0.0001,
      "lambda_per": 0.0
    },
    {
      "step": 12,
      "total": 2.192374359178543,
      "emo": 2.1920745372772217,
      "asr": 2.9982190132141113,
      "per": 0.04432022199034691,
      "lambda_emo": 1.0,
      "lambda_asr": 0.0001,
      "lambda_per": 0.0
    },
    {
      "step": 13,
      "total": 1.4840704984426498,
      "emo": 1.4838374853134155,
      "asr": 2.3301312923431396,
      "per": 0.05461501702666283,
      "lambda_emo": 1.0,
      "lambda_asr": 0.0001,
      "lambda_per": 0.0
    },
    {
      "step": 14,
      "total": 1.7409620935201644,
      "emo": 1.7406654357910156,
      "asr": 2.9665772914886475,
      "per": 0.04575319588184357,
      "lambda_emo": 1.0,
      "lambda_asr": 0.0001,
      "lambda_per": 0.0
    },
    {
      "step": 15,
      "total": 1.584949913907051,
      "emo": 1.5846961736679077,
      "asr": 2.537402391433716,
      "per": 0.04400261491537094,
      "lambda_emo": 1.0,
      "lambda_asr": 0.0001,
      "lambda_per": 0.0
    },
    {
      "step": 16,
      "total": 1.4290743380188942,
      "emo": 1.428898572921753,
      "asr": 1.7576509714126587,
      "per": 0.05152195692062378,
      "lambda_emo": 1.0,
      "lambda_asr": 0.0001,
      "lambda_per": 0.0
    },
    {
      "step": 17,
      "total": 1.6506921384334565,
      "emo": 1.6504030227661133,
      "asr": 2.8911566734313965,
      "per": 0.0417465977370739,
      "lambda_emo": 1.0,
      "lambda_asr": 0.0001,
      "lambda_per": 0.0
    },
    {
      "step": 18,
      "total": 1.2292753409385682,
      "emo": 1.2290185689926147,
      "asr": 2.5677194595336914,
      "per": 0.05021810159087181,
      "lambda_emo": 1.0,
      "lambda_asr": 0.0001,
      "lambda_per": 0.0
    },
    {
      "step": 19,
      "total": 1.335337269771099,
      "emo": 1.3351768255233765,
      "asr": 1.6044424772262573,
      "per": 0.055339515209198,
      "lambda_emo": 1.0,
      "lambda_asr": 0.0001,
      "lambda_per": 0.0
    },
    {
      "step": 20,
      "total": 1.5058339448320492,
      "emo": 1.4776980876922607,
      "asr": 2.8135437965393066,
      "per": 0.04191743955016136,
      "lambda_emo": 1.0,
      "lambda_asr": 0.01,
      "lambda_per": 1e-05
    },
    {
      "step": 21,
      "total": 1.521625083370954,
      "emo": 1.50056791305542,
      "asr": 2.1056718826293945,
      "per": 0.04514892399311066,
      "lambda_emo": 1.0,
      "lambda_asr": 0.01,
      "lambda_per": 1e-05
    },
    {
      "step": 22,
      "total": 0.9561880861546099,
      "emo": 0.9317630529403687,
      "asr": 2.4424562454223633,
      "per": 0.04707600176334381,
      "lambda_emo": 1.0,
      "lambda_asr": 0.01,
      "lambda_per": 1e-05
    },
    {
      "step": 23,
      "total": 1.6156082676944137,
      "emo": 1.5927413702011108,
      "asr": 2.2866454124450684,
      "per": 0.04433688521385193,
      "lambda_emo": 1.0,
      "lambda_asr": 0.01,