{
  "sample_id": "02769_0002_surprise_0002_001612",
  "path": "/data1/lixiang/OpenS2S_dataset/ESD/CN/0002/Surprise/0002_001612.wav",
  "speaker_id": "0002",
  "ground_truth_emotion": "surprise",
  "target_emotion": "happy",
  "emo_text_clean": [
    "Surprise.",
    "Surprise.",
    "\u54c7\uff0c\u771f\u7684\u5417\uff1f"
  ],
  "emo_text_adv": [
    "happy",
    "happy",
    "happy"
  ],
  "emo_pred_clean": [
    "surprise",
    "surprise",
    ""
  ],
  "emo_pred_adv": [
    "happy",
    "happy",
    "happy"
  ],
  "asr_text_clean": "\u6211\u8fd8\u4f1a\u966a\u4f60",
  "asr_text_adv": "\u6211\u8fd8\u4f1a\u966a\u4f60",
  "success_emo": true,
  "wer": 0.0,
  "semantic_sim": 0.9999999403953552,
  "semantic_preserved": true,
  "delta_linf": 0.008000001311302185,
  "delta_l2": 0.9930936694145203,
  "snr_db": 25.450194705379225,
  "grad_norm_trace": [
    331.7588195800781,
    683.6704711914062,
    295.0483703613281,
    110.7099609375,
    26.163368225097656,
    24.50003433227539,
    37.878265380859375,
    40.62715148925781,
    33.92594909667969,
    53.79951858520508,
    35.90314865112305,
    39.03689956665039,
    28.783145904541016,
    38.1677360534668,
    43.9649543762207,
    50.720550537109375,
    45.03964614868164,
    24.338329315185547,
    84.32977294921875,
    27.451231002807617,
    19.365123748779297,
    21.77520179748535,
    17.56846809387207,
    18.605911254882812,
    18.140525817871094,
    28.331315994262695,
    24.724864959716797,
    17.25946617126465,
    13.785233497619629,
    37.87342071533203,
    17.072917938232422,
    27.906774520874023,
    22.839811325073242,
    25.42436981201172,
    16.88625144958496,
    12.688257217407227,
    18.3043212890625,
    72.31632995605469,
    26.325963973999023,
    28.40690803527832,
    18.9606876373291,
    16.286108016967773,
    13.529496192932129,
    25.557723999023438,
    21.03705406188965,
    14.73589038848877,
    16.107370376586914,
    10.039651870727539,
    14.305512428283691,
    11.021280288696289,
    22.32560920715332,
    11.33349609375,
    10.790871620178223,
    22.736474990844727,
    14.45186710357666,
    21.566532135009766,
    41.34722900390625,
    16.03711700439453,
    26.1027889251709,
    14.534368515014648
  ],
  "loss_trace": [
    {
      "step": 0,
      "total": 12.140209317716955,
      "emo": 12.14017391204834,
      "asr": 0.3540566861629486,
      "per": 0.0,
      "lambda_emo": 1.0,
      "lambda_asr": 0.0001,
      "lambda_per": 0.0
    },
    {
      "step": 1,
      "total": 6.539734542417526,
      "emo": 6.539703369140625,
      "asr": 0.31173276901245117,
      "per": 0.014318703673779964,
      "lambda_emo": 1.0,
      "lambda_asr": 0.0001,
      "lambda_per": 0.0
    },
    {
      "step": 2,
      "total": 4.385845675656199,
      "emo": 4.385807037353516,
      "asr": 0.3863830268383026,
      "per": 0.03126835078001022,
      "lambda_emo": 1.0,
      "lambda_asr": 0.0001,
      "lambda_per": 0.0
    },
    {
      "step": 3,
      "total": 3.0234624781936406,
      "emo": 3.0234172344207764,
      "asr": 0.45243772864341736,
      "per": 0.04056204855442047,
      "lambda_emo": 1.0,
      "lambda_asr": 0.0001,
      "lambda_per": 0.0
    },
    {
      "step": 4,
      "total": 2.7407114754319193,
      "emo": 2.7406511306762695,
      "asr": 0.6034475564956665,
      "per": 0.028754614293575287,
      "lambda_emo": 1.0,
      "lambda_asr": 0.0001,
      "lambda_per": 0.0
    },
    {
      "step": 5,
      "total": 2.413892198753357,
      "emo": 2.413835048675537,
      "asr": 0.5715007781982422,
      "per": 0.037566717714071274,
      "lambda_emo": 1.0,
      "lambda_asr": 0.0001,
      "lambda_per": 0.0
    },
    {
      "step": 6,
      "total": 2.1473718869417904,
      "emo": 2.1473236083984375,
      "asr": 0.4827854335308075,
      "per": 0.040308840572834015,
      "lambda_emo": 1.0,
      "lambda_asr": 0.0001,
      "lambda_per": 0.0
    },
    {
      "step": 7,
      "total": 1.90915427441895,
      "emo": 1.9091107845306396,
      "asr": 0.43489888310432434,
      "per": 0.03484012186527252,
      "lambda_emo": 1.0,
      "lambda_asr": 0.0001,
      "lambda_per": 0.0
    },
    {
      "step": 8,
      "total": 1.8599063652694225,
      "emo": 1.8598554134368896,
      "asr": 0.5095183253288269,
      "per": 0.03547440469264984,
      "lambda_emo": 1.0,
      "lambda_asr": 0.0001,
      "lambda_per": 0.0
    },
    {
      "step": 9,
      "total": 1.9354000991940499,
      "emo": 1.9353606700897217,
      "asr": 0.3942910432815552,
      "per": 0.03609239682555199,
      "lambda_emo": 1.0,
      "lambda_asr": 0.0001,
      "lambda_per": 0.0
    },
    {
      "step": 10,
      "total": 2.3513252019941806,
      "emo": 2.3512463569641113,
      "asr": 0.788450300693512,
      "per": 0.032845377922058105,
      "lambda_emo": 1.0,
      "lambda_asr": 0.0001,
      "lambda_per": 0.0
    },
    {
      "step": 11,
      "total": 1.8833995645582675,
      "emo": 1.8833421468734741,
      "asr": 0.5741768479347229,
      "per": 0.03706809878349304,
      "lambda_emo": 1.0,
      "lambda_asr": 0.0001,
      "lambda_per": 0.0
    },
    {
      "step": 12,
      "total": 1.861440151375532,
      "emo": 1.8613767623901367,
      "asr": 0.6338898539543152,
      "per": 0.04324504733085632,
      "lambda_emo": 1.0,
      "lambda_asr": 0.0001,
      "lambda_per": 0.0
    },
    {
      "step": 13,
      "total": 1.5238877203017474,
      "emo": 1.523849368095398,
      "asr": 0.38352206349372864,
      "per": 0.03598581999540329,
      "lambda_emo": 1.0,
      "lambda_asr": 0.0001,
      "lambda_per": 0.0
    },
    {
      "step": 14,
      "total": 1.6406473165482283,
      "emo": 1.6406177282333374,
      "asr": 0.2958831489086151,
      "per": 0.03657222539186478,
      "lambda_emo": 1.0,
      "lambda_asr": 0.0001,
      "lambda_per": 0.0
    },
    {
      "step": 15,
      "total": 1.801441383010149,
      "emo": 1.8013803958892822,
      "asr": 0.6098712086677551,
      "per": 0.02947622537612915,
      "lambda_emo": 1.0,
      "lambda_asr": 0.0001,
      "lambda_per": 0.0
    },
    {
      "step": 16,
      "total": 1.6762610149115325,
      "emo": 1.676212191581726,
      "asr": 0.4882332980632782,
      "per": 0.035229265689849854,
      "lambda_emo": 1.0,
      "lambda_asr": 0.0001,
      "lambda_per": 0.0
    },
    {
      "step": 17,
      "total": 1.7372588754832745,
      "emo": 1.7371991872787476,
      "asr": 0.5968820452690125,
      "per": 0.03191986680030823,
      "lambda_emo": 1.0,
      "lambda_asr": 0.0001,
      "lambda_per": 0.0
    },
    {
      "step": 18,
      "total": 1.8387860650241374,
      "emo": 1.8387212753295898,
      "asr": 0.647896945476532,
      "per": 0.03748700022697449,
      "lambda_emo": 1.0,
      "lambda_asr": 0.0001,
      "lambda_per": 0.0
    },
    {
      "step": 19,
      "total": 1.3185041336536407,
      "emo": 1.3184349536895752,
      "asr": 0.6917996406555176,
      "per": 0.042924754321575165,
      "lambda_emo": 1.0,
      "lambda_asr": 0.0001,
      "lambda_per": 0.0
    },
    {
      "step": 20,
      "total": 1.4088074067925662,
      "emo": 1.401503086090088,
      "asr": 0.7303896546363831,
      "per": 0.04241561144590378,
      "lambda_emo": 1.0,
      "lambda_asr": 0.01,
      "lambda_per": 1e-05
    },
    {
      "step": 21,
      "total": 1.192575157600306,
      "emo": 1.1879040002822876,
      "asr": 0.46708419919013977,
      "per": 0.031532611697912216,
      "lambda_emo": 1.0,
      "lambda_asr": 0.01,
      "lambda_per": 1e-05
    },
    {
      "step": 22,
      "total": 1.2206067930085212,
      "emo": 1.2154109477996826,
      "asr": 0.5195498466491699,
      "per": 0.03467423468828201,
      "lambda_emo": 1.0,
      "lambda_asr": 0.01,
      "lambda_per": 1e-05
    },
    {
      "step": 23,
      "total": 1.2227914392681047,
      "emo": 1.2179229259490967,
      "asr": 0.4868112802505493,
      "per": 0.0400516502559185,