{
  "sample_id": "02795_0002_surprise_0002_001446",
  "path": "/data1/lixiang/OpenS2S_dataset/ESD/CN/0002/Surprise/0002_001446.wav",
  "speaker_id": "0002",
  "ground_truth_emotion": "surprise",
  "target_emotion": "happy",
  "emo_text_clean": [
    "Surprise.",
    "Surprise.",
    "\u597d\u5440\uff0c\u8f6e\u6d41"
  ],
  "emo_text_adv": [
    "Happy",
    "Happy",
    "Happy!"
  ],
  "emo_pred_clean": [
    "surprise",
    "surprise",
    ""
  ],
  "emo_pred_adv": [
    "happy",
    "happy",
    "happy"
  ],
  "asr_text_clean": "\u597d\u7684\uff0c\u8f6e\u6d41",
  "asr_text_adv": "We can go on a road trip by car.",
  "success_emo": true,
  "wer": 9.0,
  "semantic_sim": 0.36336785554885864,
  "semantic_preserved": false,
  "delta_linf": 0.008000001311302185,
  "delta_l2": 0.9612855911254883,
  "snr_db": 23.266281801257115,
  "grad_norm_trace": [
    506.8779602050781,
    1012.46435546875,
    169.5145721435547,
    103.2433853149414,
    96.9328384399414,
    51.179542541503906,
    47.083274841308594,
    38.30926513671875,
    56.091896057128906,
    306.9197692871094,
    85.23936462402344,
    71.49044799804688,
    49.632102966308594,
    53.560150146484375,
    37.00883865356445,
    37.34334182739258,
    33.367584228515625,
    42.89248275756836,
    51.01665496826172,
    29.262826919555664,
    25.169593811035156,
    22.48625373840332,
    42.31543731689453,
    27.038158416748047,
    39.70552062988281,
    28.934202194213867,
    24.32388687133789,
    25.363651275634766,
    24.266754150390625,
    19.594738006591797,
    16.78797721862793,
    18.066017150878906,
    49.86418914794922,
    29.904775619506836,
    19.848464965820312,
    17.265888214111328,
    14.230937957763672,
    43.94694519042969,
    26.75313377380371,
    17.528772354125977,
    19.881101608276367,
    28.202747344970703,
    20.01129150390625,
    35.17715072631836,
    37.54813766479492,
    29.75443458557129,
    44.085411071777344,
    19.6185302734375,
    17.36659049987793,
    33.31544876098633,
    47.77065658569336,
    30.060335159301758,
    21.740175247192383,
    13.744214057922363,
    14.882888793945312,
    27.754316329956055,
    25.114919662475586,
    20.07149314880371,
    35.0014762878418,
    15.875170707702637
  ],
  "loss_trace": [
    {
      "step": 0,
      "total": 13.132180835390091,
      "emo": 13.132108688354492,
      "asr": 0.7214703559875488,
      "per": 0.0,
      "lambda_emo": 1.0,
      "lambda_asr": 0.0001,
      "lambda_per": 0.0
    },
    {
      "step": 1,
      "total": 8.805689119547605,
      "emo": 8.805608749389648,
      "asr": 0.8037015795707703,
      "per": 0.024624761193990707,
      "lambda_emo": 1.0,
      "lambda_asr": 0.0001,
      "lambda_per": 0.0
    },
    {
      "step": 2,
      "total": 5.851814295262098,
      "emo": 5.851747512817383,
      "asr": 0.6678244471549988,
      "per": 0.03915204107761383,
      "lambda_emo": 1.0,
      "lambda_asr": 0.0001,
      "lambda_per": 0.0
    },
    {
      "step": 3,
      "total": 5.153972990900278,
      "emo": 5.153907299041748,
      "asr": 0.6569185853004456,
      "per": 0.0368245393037796,
      "lambda_emo": 1.0,
      "lambda_asr": 0.0001,
      "lambda_per": 0.0
    },
    {
      "step": 4,
      "total": 5.3954065754354,
      "emo": 5.395340919494629,
      "asr": 0.656559407711029,
      "per": 0.05065419524908066,
      "lambda_emo": 1.0,
      "lambda_asr": 0.0001,
      "lambda_per": 0.0
    },
    {
      "step": 5,
      "total": 4.904231458109617,
      "emo": 4.904153347015381,
      "asr": 0.781110942363739,
      "per": 0.04942835867404938,
      "lambda_emo": 1.0,
      "lambda_asr": 0.0001,
      "lambda_per": 0.0
    },
    {
      "step": 6,
      "total": 4.27703636713028,
      "emo": 4.27693510055542,
      "asr": 1.0126657485961914,
      "per": 0.035704128444194794,
      "lambda_emo": 1.0,
      "lambda_asr": 0.0001,
      "lambda_per": 0.0
    },
    {
      "step": 7,
      "total": 4.159221991461515,
      "emo": 4.159140586853027,
      "asr": 0.8140460848808289,
      "per": 0.04467592388391495,
      "lambda_emo": 1.0,
      "lambda_asr": 0.0001,
      "lambda_per": 0.0
    },
    {
      "step": 8,
      "total": 3.973855696707964,
      "emo": 3.973759412765503,
      "asr": 0.9628394246101379,
      "per": 0.037329938262701035,
      "lambda_emo": 1.0,
      "lambda_asr": 0.0001,
      "lambda_per": 0.0
    },
    {
      "step": 9,
      "total": 4.137260851144791,
      "emo": 4.1371564865112305,
      "asr": 1.0436463356018066,
      "per": 0.041259102523326874,
      "lambda_emo": 1.0,
      "lambda_asr": 0.0001,
      "lambda_per": 0.0
    },
    {
      "step": 10,
      "total": 4.176941554826498,
      "emo": 4.176848888397217,
      "asr": 0.9266642928123474,
      "per": 0.04910055547952652,
      "lambda_emo": 1.0,
      "lambda_asr": 0.0001,
      "lambda_per": 0.0
    },
    {
      "step": 11,
      "total": 3.660702854061127,
      "emo": 3.660609006881714,
      "asr": 0.938471794128418,
      "per": 0.03912145271897316,
      "lambda_emo": 1.0,
      "lambda_asr": 0.0001,
      "lambda_per": 0.0
    },
    {
      "step": 12,
      "total": 3.5178864168047905,
      "emo": 3.517746925354004,
      "asr": 1.3949145078659058,
      "per": 0.043444812297821045,
      "lambda_emo": 1.0,
      "lambda_asr": 0.0001,
      "lambda_per": 0.0
    },
    {
      "step": 13,
      "total": 3.0259982068896294,
      "emo": 3.025890827178955,
      "asr": 1.0737971067428589,
      "per": 0.050756216049194336,
      "lambda_emo": 1.0,
      "lambda_asr": 0.0001,
      "lambda_per": 0.0
    },
    {
      "step": 14,
      "total": 3.138277913427353,
      "emo": 3.1377224922180176,
      "asr": 5.5542120933532715,
      "per": 0.036858510226011276,
      "lambda_emo": 1.0,
      "lambda_asr": 0.0001,
      "lambda_per": 0.0
    },
    {
      "step": 15,
      "total": 2.981735924720764,
      "emo": 2.981165647506714,
      "asr": 5.70277214050293,
      "per": 0.03793664649128914,
      "lambda_emo": 1.0,
      "lambda_asr": 0.0001,
      "lambda_per": 0.0
    },
    {
      "step": 16,
      "total": 3.1868802127838136,
      "emo": 3.186326026916504,
      "asr": 5.541858673095703,
      "per": 0.042975783348083496,
      "lambda_emo": 1.0,
      "lambda_asr": 0.0001,
      "lambda_per": 0.0
    },
    {
      "step": 17,
      "total": 2.618089078569412,
      "emo": 2.6175765991210938,
      "asr": 5.1247944831848145,
      "per": 0.038910653442144394,
      "lambda_emo": 1.0,
      "lambda_asr": 0.0001,
      "lambda_per": 0.0
    },
    {
      "step": 18,
      "total": 2.636081474876404,
      "emo": 2.6355419158935547,
      "asr": 5.395589828491211,
      "per": 0.04511020705103874,
      "lambda_emo": 1.0,
      "lambda_asr": 0.0001,
      "lambda_per": 0.0
    },
    {
      "step": 19,
      "total": 2.839780640411377,
      "emo": 2.839259624481201,
      "asr": 5.2101593017578125,
      "per": 0.03849415481090546,
      "lambda_emo": 1.0,
      "lambda_asr": 0.0001,
      "lambda_per": 0.0
    },
    {
      "step": 20,
      "total": 2.495307674694806,
      "emo": 2.444399833679199,
      "asr": 5.090745449066162,
      "per": 0.03865249454975128,
      "lambda_emo": 1.0,
      "lambda_asr": 0.01,
      "lambda_per": 1e-05
    },
    {
      "step": 21,
      "total": 2.3620810534317043,
      "emo": 2.3095860481262207,
      "asr": 5.249457359313965,
      "per": 0.0431712344288826,
      "lambda_emo": 1.0,
      "lambda_asr": 0.01,
      "lambda_per": 1e-05
    },
    {
      "step": 22,
      "total": 2.286776025212556,
      "emo": 2.236724853515625,
      "asr": 5.0050811767578125,
      "per": 0.03599293529987335,
      "lambda_emo": 1.0,
      "lambda_asr": 0.01,
      "lambda_per": 1e-05
    },
    {
      "step": 23,
      "total": 2.237413676483929,
      "emo": 2.1855881214141846,
      "asr": 5.182514667510986,
      "per": 0.04083946347236633,
      "lambda_emo": 1.0,