{
  "sample_id": "08473_0005_angry_0005_000551",
  "path": "/data1/lixiang/OpenS2S_dataset/ESD/CN/0005/Angry/0005_000551.wav",
  "speaker_id": "0005",
  "ground_truth_emotion": "angry",
  "target_emotion": "happy",
  "emo_text_clean": [
    "Angry",
    "angry",
    "\u6124\u6012"
  ],
  "emo_text_adv": [
    "Happy",
    "Happy",
    "Happy"
  ],
  "emo_pred_clean": [
    "angry",
    "angry",
    ""
  ],
  "emo_pred_adv": [
    "happy",
    "happy",
    "happy"
  ],
  "asr_text_clean": "\u4e5f\u5c31\u662f\u4e00\u5927\u5806",
  "asr_text_adv": "\u4e5f\u5c31\u662f\u4e00\u5927\u5806",
  "success_emo": true,
  "wer": 0.0,
  "semantic_sim": 0.9999998807907104,
  "semantic_preserved": true,
  "delta_linf": 0.008000001311302185,
  "delta_l2": 0.8068808913230896,
  "snr_db": 24.998632148260924,
  "grad_norm_trace": [
    132.32113647460938,
    115.76315307617188,
    358.0756530761719,
    67.59563446044922,
    53.142093658447266,
    66.8656997680664,
    52.72234344482422,
    72.1596908569336,
    63.87344741821289,
    55.06478500366211,
    57.35490036010742,
    106.22579193115234,
    83.03495788574219,
    58.90119171142578,
    126.74186706542969,
    68.65325927734375,
    36.89884567260742,
    56.951499938964844,
    30.82499885559082,
    450.44488525390625,
    64.8131332397461,
    35.51945877075195,
    29.8006649017334,
    31.006343841552734,
    33.39740753173828,
    48.49198532104492,
    82.04595184326172,
    44.999237060546875,
    50.57550048828125,
    43.88399124145508,
    35.87032699584961,
    27.70592498779297,
    35.80246353149414,
    66.27388763427734,
    45.6964111328125,
    57.48661422729492,
    27.519729614257812,
    45.31418991088867,
    47.033042907714844,
    27.069480895996094,
    20.466581344604492,
    46.482086181640625,
    36.88706588745117,
    23.14102554321289,
    18.844945907592773,
    23.22001838684082,
    68.55040740966797,
    45.066917419433594,
    24.53831672668457,
    41.23613739013672,
    54.89087677001953,
    38.64015579223633,
    36.807044982910156,
    22.888999938964844,
    27.50602149963379,
    27.3953857421875,
    29.929616928100586,
    26.4758358001709,
    19.663114547729492,
    23.666791915893555
  ],
  "loss_trace": [
    {
      "step": 0,
      "total": 11.384365600687266,
      "emo": 11.384273529052734,
      "asr": 0.9207163453102112,
      "per": 0.0,
      "lambda_emo": 1.0,
      "lambda_asr": 0.0001,
      "lambda_per": 0.0
    },
    {
      "step": 1,
      "total": 10.765779313373566,
      "emo": 10.765697479248047,
      "asr": 0.8183412551879883,
      "per": 0.007262449245899916,
      "lambda_emo": 1.0,
      "lambda_asr": 0.0001,
      "lambda_per": 0.0
    },
    {
      "step": 2,
      "total": 7.2974098102808,
      "emo": 7.297154903411865,
      "asr": 2.5490686893463135,
      "per": 0.014315149746835232,
      "lambda_emo": 1.0,
      "lambda_asr": 0.0001,
      "lambda_per": 0.0
    },
    {
      "step": 3,
      "total": 6.869168286252021,
      "emo": 6.869002819061279,
      "asr": 1.6546719074249268,
      "per": 0.02333030104637146,
      "lambda_emo": 1.0,
      "lambda_asr": 0.0001,
      "lambda_per": 0.0
    },
    {
      "step": 4,
      "total": 6.512665461158752,
      "emo": 6.512296199798584,
      "asr": 3.6926136016845703,
      "per": 0.026016777381300926,
      "lambda_emo": 1.0,
      "lambda_asr": 0.0001,
      "lambda_per": 0.0
    },
    {
      "step": 5,
      "total": 6.3901084599733355,
      "emo": 6.389819622039795,
      "asr": 2.8883793354034424,
      "per": 0.030535954982042313,
      "lambda_emo": 1.0,
      "lambda_asr": 0.0001,
      "lambda_per": 0.0
    },
    {
      "step": 6,
      "total": 5.887945179367065,
      "emo": 5.887528896331787,
      "asr": 4.162830352783203,
      "per": 0.034939736127853394,
      "lambda_emo": 1.0,
      "lambda_asr": 0.0001,
      "lambda_per": 0.0
    },
    {
      "step": 7,
      "total": 5.478173218798638,
      "emo": 5.47803258895874,
      "asr": 1.4062983989715576,
      "per": 0.03838667646050453,
      "lambda_emo": 1.0,
      "lambda_asr": 0.0001,
      "lambda_per": 0.0
    },
    {
      "step": 8,
      "total": 5.474654138088226,
      "emo": 5.474353313446045,
      "asr": 3.008246421813965,
      "per": 0.030243029817938805,
      "lambda_emo": 1.0,
      "lambda_asr": 0.0001,
      "lambda_per": 0.0
    },
    {
      "step": 9,
      "total": 5.12050729970932,
      "emo": 5.120283126831055,
      "asr": 2.2417287826538086,
      "per": 0.03936535120010376,
      "lambda_emo": 1.0,
      "lambda_asr": 0.0001,
      "lambda_per": 0.0
    },
    {
      "step": 10,
      "total": 5.024360436868667,
      "emo": 5.024028778076172,
      "asr": 3.3165879249572754,
      "per": 0.036827802658081055,
      "lambda_emo": 1.0,
      "lambda_asr": 0.0001,
      "lambda_per": 0.0
    },
    {
      "step": 11,
      "total": 4.860126725316047,
      "emo": 4.859817981719971,
      "asr": 3.0874359607696533,
      "per": 0.0418083630502224,
      "lambda_emo": 1.0,
      "lambda_asr": 0.0001,
      "lambda_per": 0.0
    },
    {
      "step": 12,
      "total": 4.6915468656301496,
      "emo": 4.691231727600098,
      "asr": 3.1513803005218506,
      "per": 0.04283410310745239,
      "lambda_emo": 1.0,
      "lambda_asr": 0.0001,
      "lambda_per": 0.0
    },
    {
      "step": 13,
      "total": 4.42184834280014,
      "emo": 4.421515941619873,
      "asr": 3.32401180267334,
      "per": 0.04388803243637085,
      "lambda_emo": 1.0,
      "lambda_asr": 0.0001,
      "lambda_per": 0.0
    },
    {
      "step": 14,
      "total": 4.397811023855209,
      "emo": 4.39747953414917,
      "asr": 3.314897060394287,
      "per": 0.04217727482318878,
      "lambda_emo": 1.0,
      "lambda_asr": 0.0001,
      "lambda_per": 0.0
    },
    {
      "step": 15,
      "total": 5.037573146367073,
      "emo": 5.037454605102539,
      "asr": 1.1854126453399658,
      "per": 0.04203818365931511,
      "lambda_emo": 1.0,
      "lambda_asr": 0.0001,
      "lambda_per": 0.0
    },
    {
      "step": 16,
      "total": 4.246695875120163,
      "emo": 4.2462663650512695,
      "asr": 4.295100688934326,
      "per": 0.044119175523519516,
      "lambda_emo": 1.0,
      "lambda_asr": 0.0001,
      "lambda_per": 0.0
    },
    {
      "step": 17,
      "total": 3.9647293301105497,
      "emo": 3.964531660079956,
      "asr": 1.9767003059387207,
      "per": 0.04738767072558403,
      "lambda_emo": 1.0,
      "lambda_asr": 0.0001,
      "lambda_per": 0.0
    },
    {
      "step": 18,
      "total": 3.75300883936882,
      "emo": 3.7527103424072266,
      "asr": 2.9849696159362793,
      "per": 0.04664340615272522,
      "lambda_emo": 1.0,
      "lambda_asr": 0.0001,
      "lambda_per": 0.0
    },
    {
      "step": 19,
      "total": 4.193518031191826,
      "emo": 4.193218231201172,
      "asr": 2.997999906539917,
      "per": 0.048765361309051514,
      "lambda_emo": 1.0,
      "lambda_asr": 0.0001,
      "lambda_per": 0.0
    },
    {
      "step": 20,
      "total": 6.016049073099196,
      "emo": 6.007890701293945,
      "asr": 0.8157948851585388,
      "per": 0.042295366525650024,
      "lambda_emo": 1.0,
      "lambda_asr": 0.01,
      "lambda_per": 1e-05
    },
    {
      "step": 21,
      "total": 4.8974198090545835,
      "emo": 4.873732089996338,
      "asr": 2.3687167167663574,
      "per": 0.05518905818462372,
      "lambda_emo": 1.0,
      "lambda_asr": 0.01,
      "lambda_per": 1e-05
    },
    {
      "step": 22,
      "total": 4.655740489987992,
      "emo": 4.609306335449219,
      "asr": 4.643366813659668,
      "per": 0.04864021763205528,
      "lambda_emo": 1.0,
      "lambda_asr": 0.01,
      "lambda_per": 1e-05
    },
    {
      "step": 23,
      "total": 4.585454019518792,
      "emo": 4.572895526885986,
      "asr": 1.255811095237732,
      "per": 0.0381680428981781,
      "lambda_emo": 1.0,
      "lambda_asr": 0.01,