{
  "sample_id": "08498_0005_angry_0005_000606",
  "path": "/data1/lixiang/OpenS2S_dataset/ESD/CN/0005/Angry/0005_000606.wav",
  "speaker_id": "0005",
  "ground_truth_emotion": "angry",
  "target_emotion": "happy",
  "emo_text_clean": [
    "Angry.",
    "Angry",
    "\u563f\uff0c\u522b\u751f\u6c14\uff0c\u6f2b\u957f\u9ed1\u591c"
  ],
  "emo_text_adv": [
    "happy",
    "happy",
    "Happy"
  ],
  "emo_pred_clean": [
    "angry",
    "angry",
    ""
  ],
  "emo_pred_adv": [
    "happy",
    "happy",
    "happy"
  ],
  "asr_text_clean": "\u6211\u966a\u4f60",
  "asr_text_adv": "\u6211\u4eec\u624b\u7275\u624b",
  "success_emo": true,
  "wer": 1.0,
  "semantic_sim": 0.4200141727924347,
  "semantic_preserved": false,
  "delta_linf": 0.008000001311302185,
  "delta_l2": 0.8286011219024658,
  "snr_db": 23.1825428600208,
  "grad_norm_trace": [
    209.79869079589844,
    106.2704086303711,
    197.8744659423828,
    286.2471008300781,
    192.41714477539062,
    133.4855499267578,
    163.43353271484375,
    130.922607421875,
    73.09618377685547,
    86.62028503417969,
    49.728759765625,
    102.41322326660156,
    51.581539154052734,
    44.267494201660156,
    53.9803466796875,
    75.03052520751953,
    275.0372009277344,
    118.0294189453125,
    58.562435150146484,
    74.13768005371094,
    28.004240036010742,
    36.603084564208984,
    49.68029022216797,
    168.68411254882812,
    64.61260223388672,
    31.9912109375,
    75.66728973388672,
    43.358760833740234,
    48.388275146484375,
    49.38412094116211,
    35.713890075683594,
    42.435726165771484,
    35.70613098144531,
    21.133216857910156,
    41.89535140991211,
    26.711599349975586,
    32.97487258911133,
    26.402366638183594,
    17.22429656982422,
    30.633819580078125,
    25.235870361328125,
    22.18872833251953,
    30.189292907714844,
    45.21083450317383,
    26.510581970214844,
    51.969642639160156,
    24.129993438720703,
    18.076202392578125,
    18.343801498413086,
    26.237991333007812,
    87.16304779052734,
    53.950069427490234,
    16.369047164916992,
    24.29046058654785,
    27.700042724609375,
    26.669843673706055,
    63.72982406616211,
    19.159996032714844,
    18.605321884155273,
    21.12984275817871
  ],
  "loss_trace": [
    {
      "step": 0,
      "total": 10.05063701453209,
      "emo": 10.050553321838379,
      "asr": 0.8369269371032715,
      "per": 0.0,
      "lambda_emo": 1.0,
      "lambda_asr": 0.0001,
      "lambda_per": 0.0
    },
    {
      "step": 1,
      "total": 9.851050010514259,
      "emo": 9.85094928741455,
      "asr": 1.0072309970855713,
      "per": 0.012127092108130455,
      "lambda_emo": 1.0,
      "lambda_asr": 0.0001,
      "lambda_per": 0.0
    },
    {
      "step": 2,
      "total": 8.576320782852173,
      "emo": 8.5760498046875,
      "asr": 2.7097816467285156,
      "per": 0.01962590217590332,
      "lambda_emo": 1.0,
      "lambda_asr": 0.0001,
      "lambda_per": 0.0
    },
    {
      "step": 3,
      "total": 7.35384689040184,
      "emo": 7.353721618652344,
      "asr": 1.2527174949645996,
      "per": 0.020590635016560555,
      "lambda_emo": 1.0,
      "lambda_asr": 0.0001,
      "lambda_per": 0.0
    },
    {
      "step": 4,
      "total": 5.5367370945096015,
      "emo": 5.536597728729248,
      "asr": 1.3936578035354614,
      "per": 0.03562753647565842,
      "lambda_emo": 1.0,
      "lambda_asr": 0.0001,
      "lambda_per": 0.0
    },
    {
      "step": 5,
      "total": 5.582685205495357,
      "emo": 5.582544326782227,
      "asr": 1.4087871313095093,
      "per": 0.02975302003324032,
      "lambda_emo": 1.0,
      "lambda_asr": 0.0001,
      "lambda_per": 0.0
    },
    {
      "step": 6,
      "total": 4.311191613221169,
      "emo": 4.311054706573486,
      "asr": 1.3690664768218994,
      "per": 0.04236191511154175,
      "lambda_emo": 1.0,
      "lambda_asr": 0.0001,
      "lambda_per": 0.0
    },
    {
      "step": 7,
      "total": 4.093913601648808,
      "emo": 4.093774318695068,
      "asr": 1.3928295373916626,
      "per": 0.03451531380414963,
      "lambda_emo": 1.0,
      "lambda_asr": 0.0001,
      "lambda_per": 0.0
    },
    {
      "step": 8,
      "total": 3.294738387608528,
      "emo": 3.2945261001586914,
      "asr": 2.1228744983673096,
      "per": 0.043298594653606415,
      "lambda_emo": 1.0,
      "lambda_asr": 0.0001,
      "lambda_per": 0.0
    },
    {
      "step": 9,
      "total": 2.6775163905382158,
      "emo": 2.6773204803466797,
      "asr": 1.959101915359497,
      "per": 0.04110249504446983,
      "lambda_emo": 1.0,
      "lambda_asr": 0.0001,
      "lambda_per": 0.0
    },
    {
      "step": 10,
      "total": 2.664228729248047,
      "emo": 2.6638894081115723,
      "asr": 3.3932113647460938,
      "per": 0.039197783917188644,
      "lambda_emo": 1.0,
      "lambda_asr": 0.0001,
      "lambda_per": 0.0
    },
    {
      "step": 11,
      "total": 2.7294395852804185,
      "emo": 2.7292251586914062,
      "asr": 2.14426589012146,
      "per": 0.03550970181822777,
      "lambda_emo": 1.0,
      "lambda_asr": 0.0001,
      "lambda_per": 0.0
    },
    {
      "step": 12,
      "total": 2.444697830963135,
      "emo": 2.4443678855895996,
      "asr": 3.2994537353515625,
      "per": 0.037717800587415695,
      "lambda_emo": 1.0,
      "lambda_asr": 0.0001,
      "lambda_per": 0.0
    },
    {
      "step": 13,
      "total": 1.6133953288316727,
      "emo": 1.6130918264389038,
      "asr": 3.0350239276885986,
      "per": 0.03636489808559418,
      "lambda_emo": 1.0,
      "lambda_asr": 0.0001,
      "lambda_per": 0.0
    },
    {
      "step": 14,
      "total": 1.7943952350854873,
      "emo": 1.794112205505371,
      "asr": 2.8302958011627197,
      "per": 0.04489893466234207,
      "lambda_emo": 1.0,
      "lambda_asr": 0.0001,
      "lambda_per": 0.0
    },
    {
      "step": 15,
      "total": 1.9671001196622848,
      "emo": 1.9668458700180054,
      "asr": 2.5424964427948,
      "per": 0.03498552739620209,
      "lambda_emo": 1.0,
      "lambda_asr": 0.0001,
      "lambda_per": 0.0
    },
    {
      "step": 16,
      "total": 4.2778245073437695,
      "emo": 4.2776288986206055,
      "asr": 1.9560872316360474,
      "per": 0.039718855172395706,
      "lambda_emo": 1.0,
      "lambda_asr": 0.0001,
      "lambda_per": 0.0
    },
    {
      "step": 17,
      "total": 4.125740451228618,
      "emo": 4.125619411468506,
      "asr": 1.2103976011276245,
      "per": 0.048688095062971115,
      "lambda_emo": 1.0,
      "lambda_asr": 0.0001,
      "lambda_per": 0.0
    },
    {
      "step": 18,
      "total": 2.237786883234978,
      "emo": 2.2376017570495605,
      "asr": 1.851261854171753,
      "per": 0.046639829874038696,
      "lambda_emo": 1.0,
      "lambda_asr": 0.0001,
      "lambda_per": 0.0
    },
    {
      "step": 19,
      "total": 1.9077458434343337,
      "emo": 1.9075464010238647,
      "asr": 1.9944241046905518,
      "per": 0.04155391454696655,
      "lambda_emo": 1.0,
      "lambda_asr": 0.0001,
      "lambda_per": 0.0
    },
    {
      "step": 20,
      "total": 1.8482658881323786,
      "emo": 1.8285430669784546,
      "asr": 1.9722440242767334,
      "per": 0.03809111565351486,
      "lambda_emo": 1.0,
      "lambda_asr": 0.01,
      "lambda_per": 1e-05
    },
    {
      "step": 21,
      "total": 1.585806533132419,
      "emo": 1.562342643737793,
      "asr": 2.346353530883789,
      "per": 0.03540857881307602,
      "lambda_emo": 1.0,
      "lambda_asr": 0.01,
      "lambda_per": 1e-05
    },
    {
      "step": 22,
      "total": 1.509451383832842,
      "emo": 1.4811043739318848,
      "asr": 2.8346500396728516,
      "per": 0.05095042288303375,
      "lambda_emo": 1.0,
      "lambda_asr": 0.01,
      "lambda_per": 1e-05
    },
    {
      "step": 23,
      "total": 1.281993989192806,
      "emo": 1.2579290866851807,
      "asr": 2.4064502716064453,
      "per": 0.039979156106710434,
      "lambda_emo": 1.0,