{
  "sample_id": "08523_0005_angry_0005_000647",
  "path": "/data1/lixiang/OpenS2S_dataset/ESD/CN/0005/Angry/0005_000647.wav",
  "speaker_id": "0005",
  "ground_truth_emotion": "angry",
  "target_emotion": "happy",
  "emo_text_clean": [
    "Angry",
    "Angry",
    "Angry."
  ],
  "emo_text_adv": [
    "Happy",
    "Happy",
    "Happy"
  ],
  "emo_pred_clean": [
    "angry",
    "angry",
    "angry"
  ],
  "emo_pred_adv": [
    "happy",
    "happy",
    "happy"
  ],
  "asr_text_clean": "\u4e09\u4e2a\uff0c\u4e24\u4e2a\u513f\u5b50\uff0c\u4e00\u4e2a\u5973\u513f\u3002",
  "asr_text_adv": "Three, two, one.",
  "success_emo": true,
  "wer": 3.0,
  "semantic_sim": 0.6843369603157043,
  "semantic_preserved": false,
  "delta_linf": 0.008000001311302185,
  "delta_l2": 0.8045796155929565,
  "snr_db": 22.179217855425406,
  "grad_norm_trace": [
    293.6020812988281,
    59.49827194213867,
    38.60302734375,
    98.96947479248047,
    92.05386352539062,
    66.81660461425781,
    56.721946716308594,
    21.677265167236328,
    32.26492691040039,
    41.11835861206055,
    32.59526824951172,
    44.88703918457031,
    62.96241760253906,
    104.67359161376953,
    53.29137420654297,
    38.794593811035156,
    27.549074172973633,
    53.25518035888672,
    29.454214096069336,
    25.94740104675293,
    43.112857818603516,
    40.617271423339844,
    36.33121871948242,
    22.278656005859375,
    28.57575225830078,
    76.62661743164062,
    33.60358428955078,
    29.634305953979492,
    29.80078887939453,
    27.134109497070312,
    22.604455947875977,
    32.59085464477539,
    46.01541519165039,
    24.9864559173584,
    87.01615142822266,
    28.708356857299805,
    97.66766357421875,
    67.79975128173828,
    27.72941780090332,
    19.043245315551758,
    58.088687896728516,
    30.797121047973633,
    64.74694061279297,
    38.85121154785156,
    18.733139038085938,
    15.96249771118164,
    16.786149978637695,
    19.352081298828125,
    34.01290512084961,
    26.87405014038086,
    56.1197395324707,
    18.953399658203125,
    18.08726692199707,
    16.73356056213379,
    18.94001579284668,
    28.11622428894043,
    15.144312858581543,
    16.159942626953125,
    26.315242767333984,
    17.385122299194336
  ],
  "loss_trace": [
    {
      "step": 0,
      "total": 8.750249008952082,
      "emo": 8.750228881835938,
      "asr": 0.2012711614370346,
      "per": 0.0,
      "lambda_emo": 1.0,
      "lambda_asr": 0.0001,
      "lambda_per": 0.0
    },
    {
      "step": 1,
      "total": 5.343382772672176,
      "emo": 5.343356132507324,
      "asr": 0.26640164852142334,
      "per": 0.01679362915456295,
      "lambda_emo": 1.0,
      "lambda_asr": 0.0001,
      "lambda_per": 0.0
    },
    {
      "step": 2,
      "total": 5.094483239620924,
      "emo": 5.094454765319824,
      "asr": 0.2847430109977722,
      "per": 0.016865096986293793,
      "lambda_emo": 1.0,
      "lambda_asr": 0.0001,
      "lambda_per": 0.0
    },
    {
      "step": 3,
      "total": 4.981550310000777,
      "emo": 4.981522560119629,
      "asr": 0.2774988114833832,
      "per": 0.018692467361688614,
      "lambda_emo": 1.0,
      "lambda_asr": 0.0001,
      "lambda_per": 0.0
    },
    {
      "step": 4,
      "total": 4.706395355129242,
      "emo": 4.706365585327148,
      "asr": 0.2976980209350586,
      "per": 0.01770157739520073,
      "lambda_emo": 1.0,
      "lambda_asr": 0.0001,
      "lambda_per": 0.0
    },
    {
      "step": 5,
      "total": 4.5936557415008545,
      "emo": 4.5936198234558105,
      "asr": 0.3591804504394531,
      "per": 0.021980568766593933,
      "lambda_emo": 1.0,
      "lambda_asr": 0.0001,
      "lambda_per": 0.0
    },
    {
      "step": 6,
      "total": 4.327374592614174,
      "emo": 4.327339172363281,
      "asr": 0.3542025089263916,
      "per": 0.02745049074292183,
      "lambda_emo": 1.0,
      "lambda_asr": 0.0001,
      "lambda_per": 0.0
    },
    {
      "step": 7,
      "total": 3.743321174567938,
      "emo": 3.7432804107666016,
      "asr": 0.4076380133628845,
      "per": 0.02429814636707306,
      "lambda_emo": 1.0,
      "lambda_asr": 0.0001,
      "lambda_per": 0.0
    },
    {
      "step": 8,
      "total": 3.676097522300482,
      "emo": 3.676048755645752,
      "asr": 0.4876665472984314,
      "per": 0.02917657606303692,
      "lambda_emo": 1.0,
      "lambda_asr": 0.0001,
      "lambda_per": 0.0
    },
    {
      "step": 9,
      "total": 3.9451311782211067,
      "emo": 3.945089340209961,
      "asr": 0.41838011145591736,
      "per": 0.028771404176950455,
      "lambda_emo": 1.0,
      "lambda_asr": 0.0001,
      "lambda_per": 0.0
    },
    {
      "step": 10,
      "total": 3.422467517924309,
      "emo": 3.422407865524292,
      "asr": 0.5965240001678467,
      "per": 0.02322038635611534,
      "lambda_emo": 1.0,
      "lambda_asr": 0.0001,
      "lambda_per": 0.0
    },
    {
      "step": 11,
      "total": 3.739433835452795,
      "emo": 3.7393958568573,
      "asr": 0.37978595495224,
      "per": 0.030389048159122467,
      "lambda_emo": 1.0,
      "lambda_asr": 0.0001,
      "lambda_per": 0.0
    },
    {
      "step": 12,
      "total": 3.4404746368825436,
      "emo": 3.4404208660125732,
      "asr": 0.5377086997032166,
      "per": 0.026136107742786407,
      "lambda_emo": 1.0,
      "lambda_asr": 0.0001,
      "lambda_per": 0.0
    },
    {
      "step": 13,
      "total": 3.966200656092167,
      "emo": 3.9661502838134766,
      "asr": 0.5037227869033813,
      "per": 0.025993619114160538,
      "lambda_emo": 1.0,
      "lambda_asr": 0.0001,
      "lambda_per": 0.0
    },
    {
      "step": 14,
      "total": 3.676047942751646,
      "emo": 3.6760010719299316,
      "asr": 0.46870821714401245,
      "per": 0.03364384174346924,
      "lambda_emo": 1.0,
      "lambda_asr": 0.0001,
      "lambda_per": 0.0
    },
    {
      "step": 15,
      "total": 3.6587338933110236,
      "emo": 3.6586685180664062,
      "asr": 0.6537524461746216,
      "per": 0.031758543103933334,
      "lambda_emo": 1.0,
      "lambda_asr": 0.0001,
      "lambda_per": 0.0
    },
    {
      "step": 16,
      "total": 3.533035443431139,
      "emo": 3.5329837799072266,
      "asr": 0.5166352391242981,
      "per": 0.03614921122789383,
      "lambda_emo": 1.0,
      "lambda_asr": 0.0001,
      "lambda_per": 0.0
    },
    {
      "step": 17,
      "total": 3.5939190797895195,
      "emo": 3.5938735008239746,
      "asr": 0.4557896554470062,
      "per": 0.029346516355872154,
      "lambda_emo": 1.0,
      "lambda_asr": 0.0001,
      "lambda_per": 0.0
    },
    {
      "step": 18,
      "total": 3.2895101374328135,
      "emo": 3.2894551753997803,
      "asr": 0.5496203303337097,
      "per": 0.03088316321372986,
      "lambda_emo": 1.0,
      "lambda_asr": 0.0001,
      "lambda_per": 0.0
    },
    {
      "step": 19,
      "total": 3.0359664867848157,
      "emo": 3.035923480987549,
      "asr": 0.43005797266960144,
      "per": 0.02938704751431942,
      "lambda_emo": 1.0,
      "lambda_asr": 0.0001,
      "lambda_per": 0.0
    },
    {
      "step": 20,
      "total": 3.075600840321146,
      "emo": 3.0702130794525146,
      "asr": 0.538743793964386,
      "per": 0.03229289874434471,
      "lambda_emo": 1.0,
      "lambda_asr": 0.01,
      "lambda_per": 1e-05
    },
    {
      "step": 21,
      "total": 2.953996343758963,
      "emo": 2.94941782951355,
      "asr": 0.4578222930431366,
      "per": 0.02913149818778038,
      "lambda_emo": 1.0,
      "lambda_asr": 0.01,
      "lambda_per": 1e-05
    },
    {
      "step": 22,
      "total": 3.6535578945307434,
      "emo": 3.646631956100464,
      "asr": 0.6925654411315918,
      "per": 0.028401896357536316,
      "lambda_emo": 1.0,
      "lambda_asr": 0.01,
      "lambda_per": 1e-05
    },
    {
      "step": 23,
      "total": 3.037830011511259,
      "emo": 3.0335426330566406,
      "asr": 0.4287075102329254,
      "per": 0.030335228890180588,
      "lambda_emo": 1.0,