{
  "sample_id": "08557_0005_angry_0005_000656",
  "path": "/data1/lixiang/OpenS2S_dataset/ESD/CN/0005/Angry/0005_000656.wav",
  "speaker_id": "0005",
  "ground_truth_emotion": "angry",
  "target_emotion": "happy",
  "emo_text_clean": [
    "Angry",
    "Angry",
    "\u4f60\u542c\u8d77\u6765"
  ],
  "emo_text_adv": [
    "Happy",
    "happy",
    "happy"
  ],
  "emo_pred_clean": [
    "angry",
    "angry",
    ""
  ],
  "emo_pred_adv": [
    "happy",
    "happy",
    "happy"
  ],
  "asr_text_clean": "\u4f60\u542c\u8d77\u6765",
  "asr_text_adv": "\u6211\u5728\u4e00\u4e2a\u673a\u68b0\u519c\u573a\u505a\u949f\u70b9\u5de5\u3002",
  "success_emo": true,
  "wer": 1.0,
  "semantic_sim": 0.15313050150871277,
  "semantic_preserved": false,
  "delta_linf": 0.008000001311302185,
  "delta_l2": 0.9982717037200928,
  "snr_db": 21.784012710625206,
  "grad_norm_trace": [
    595.0613403320312,
    56.086185455322266,
    76.78534698486328,
    104.94735717773438,
    38.478515625,
    48.96805191040039,
    49.183807373046875,
    89.00486755371094,
    82.23066711425781,
    102.15058898925781,
    94.70207977294922,
    80.80944061279297,
    134.67007446289062,
    113.59403228759766,
    104.18036651611328,
    51.5313606262207,
    142.3066864013672,
    61.262481689453125,
    68.63534545898438,
    39.72395706176758,
    71.05608367919922,
    71.5760498046875,
    124.78524017333984,
    96.56774139404297,
    398.4593505859375,
    159.36489868164062,
    68.67435455322266,
    52.193931579589844,
    99.32608032226562,
    133.75698852539062,
    48.16975402832031,
    55.41222381591797,
    25.83111000061035,
    41.9216194152832,
    16.505659103393555,
    43.973724365234375,
    64.04540252685547,
    31.051265716552734,
    17.345338821411133,
    142.60118103027344,
    96.73184204101562,
    22.080968856811523,
    37.89852523803711,
    34.42558288574219,
    19.790008544921875,
    70.13983154296875,
    84.74678802490234,
    53.11898422241211,
    15.261289596557617,
    13.512975692749023,
    74.6266860961914,
    16.848413467407227,
    9.337013244628906,
    9.385382652282715,
    23.219331741333008,
    17.32005500793457,
    16.64154815673828,
    19.200149536132812,
    18.385303497314453,
    20.61084747314453
  ],
  "loss_trace": [
    {
      "step": 0,
      "total": 10.438463109219073,
      "emo": 10.4383544921875,
      "asr": 1.0861703157424927,
      "per": 0.0,
      "lambda_emo": 1.0,
      "lambda_asr": 0.0001,
      "lambda_per": 0.0
    },
    {
      "step": 1,
      "total": 6.736044189739228,
      "emo": 6.735576152801514,
      "asr": 4.6803693771362305,
      "per": 0.028721153736114502,
      "lambda_emo": 1.0,
      "lambda_asr": 0.0001,
      "lambda_per": 0.0
    },
    {
      "step": 2,
      "total": 6.30199534907341,
      "emo": 6.301525115966797,
      "asr": 4.702331066131592,
      "per": 0.03260168805718422,
      "lambda_emo": 1.0,
      "lambda_asr": 0.0001,
      "lambda_per": 0.0
    },
    {
      "step": 3,
      "total": 5.472578075075149,
      "emo": 5.472084045410156,
      "asr": 4.940296649932861,
      "per": 0.027514507994055748,
      "lambda_emo": 1.0,
      "lambda_asr": 0.0001,
      "lambda_per": 0.0
    },
    {
      "step": 4,
      "total": 5.880613558244705,
      "emo": 5.8801116943359375,
      "asr": 5.018639087677002,
      "per": 0.03734976798295975,
      "lambda_emo": 1.0,
      "lambda_asr": 0.0001,
      "lambda_per": 0.0
    },
    {
      "step": 5,
      "total": 5.949512226581573,
      "emo": 5.94899320602417,
      "asr": 5.1902055740356445,
      "per": 0.038736119866371155,
      "lambda_emo": 1.0,
      "lambda_asr": 0.0001,
      "lambda_per": 0.0
    },
    {
      "step": 6,
      "total": 5.1471173583030705,
      "emo": 5.146638870239258,
      "asr": 4.784880638122559,
      "per": 0.03688814491033554,
      "lambda_emo": 1.0,
      "lambda_asr": 0.0001,
      "lambda_per": 0.0
    },
    {
      "step": 7,
      "total": 4.783795306634903,
      "emo": 4.783319473266602,
      "asr": 4.758333683013916,
      "per": 0.03463969752192497,
      "lambda_emo": 1.0,
      "lambda_asr": 0.0001,
      "lambda_per": 0.0
    },
    {
      "step": 8,
      "total": 5.003866748332977,
      "emo": 5.003403663635254,
      "asr": 4.630846977233887,
      "per": 0.03708571940660477,
      "lambda_emo": 1.0,
      "lambda_asr": 0.0001,
      "lambda_per": 0.0
    },
    {
      "step": 9,
      "total": 5.246276200866699,
      "emo": 5.245805740356445,
      "asr": 4.7046051025390625,
      "per": 0.03150438889861107,
      "lambda_emo": 1.0,
      "lambda_asr": 0.0001,
      "lambda_per": 0.0
    },
    {
      "step": 10,
      "total": 4.097511860656739,
      "emo": 4.0970659255981445,
      "asr": 4.4593505859375,
      "per": 0.036417923867702484,
      "lambda_emo": 1.0,
      "lambda_asr": 0.0001,
      "lambda_per": 0.0
    },
    {
      "step": 11,
      "total": 4.624840569496155,
      "emo": 4.624288082122803,
      "asr": 5.524873733520508,
      "per": 0.045456018298864365,
      "lambda_emo": 1.0,
      "lambda_asr": 0.0001,
      "lambda_per": 0.0
    },
    {
      "step": 12,
      "total": 3.8600252135276794,
      "emo": 3.8595728874206543,
      "asr": 4.523261070251465,
      "per": 0.03603033348917961,
      "lambda_emo": 1.0,
      "lambda_asr": 0.0001,
      "lambda_per": 0.0
    },
    {
      "step": 13,
      "total": 4.099085134077072,
      "emo": 4.09857177734375,
      "asr": 5.1335673332214355,
      "per": 0.0406360924243927,
      "lambda_emo": 1.0,
      "lambda_asr": 0.0001,
      "lambda_per": 0.0
    },
    {
      "step": 14,
      "total": 3.7200027696609497,
      "emo": 3.719507932662964,
      "asr": 4.948369979858398,
      "per": 0.03782689571380615,
      "lambda_emo": 1.0,
      "lambda_asr": 0.0001,
      "lambda_per": 0.0
    },
    {
      "step": 15,
      "total": 4.089739061689377,
      "emo": 4.089278697967529,
      "asr": 4.603637218475342,
      "per": 0.039992257952690125,
      "lambda_emo": 1.0,
      "lambda_asr": 0.0001,
      "lambda_per": 0.0
    },
    {
      "step": 16,
      "total": 4.275385144329071,
      "emo": 4.274901390075684,
      "asr": 4.837542533874512,
      "per": 0.03652046620845795,
      "lambda_emo": 1.0,
      "lambda_asr": 0.0001,
      "lambda_per": 0.0
    },
    {
      "step": 17,
      "total": 4.333430694198609,
      "emo": 4.332984924316406,
      "asr": 4.457698822021484,
      "per": 0.052973996847867966,
      "lambda_emo": 1.0,
      "lambda_asr": 0.0001,
      "lambda_per": 0.0
    },
    {
      "step": 18,
      "total": 4.726983312892914,
      "emo": 4.726622581481934,
      "asr": 3.607314109802246,
      "per": 0.04816102236509323,
      "lambda_emo": 1.0,
      "lambda_asr": 0.0001,
      "lambda_per": 0.0
    },
    {
      "step": 19,
      "total": 3.850588756275177,
      "emo": 3.850166082382202,
      "asr": 4.226738929748535,
      "per": 0.04469304531812668,
      "lambda_emo": 1.0,
      "lambda_asr": 0.0001,
      "lambda_per": 0.0
    },
    {
      "step": 20,
      "total": 3.882191580866538,
      "emo": 3.836603879928589,
      "asr": 4.558730125427246,
      "per": 0.03996836766600609,
      "lambda_emo": 1.0,
      "lambda_asr": 0.01,
      "lambda_per": 1e-05
    },
    {
      "step": 21,
      "total": 3.7711774180192497,
      "emo": 3.726062774658203,
      "asr": 4.511420726776123,
      "per": 0.04360932856798172,
      "lambda_emo": 1.0,
      "lambda_asr": 0.01,
      "lambda_per": 1e-05
    },
    {
      "step": 22,
      "total": 3.3240889006095378,
      "emo": 3.2893247604370117,
      "asr": 3.4763779640197754,
      "per": 0.03605323284864426,
      "lambda_emo": 1.0,
      "lambda_asr": 0.01,
      "lambda_per": 1e-05
    },
    {
      "step": 23,
      "total": 3.6955277482048423,
      "emo": 3.6611287593841553,
      "asr": 3.4398550987243652,
      "per": 0.04378334432840347,
      "lambda_emo": 1.0,