{
  "sample_id": "08584_0005_angry_0005_000401",
  "path": "/data1/lixiang/OpenS2S_dataset/ESD/CN/0005/Angry/0005_000401.wav",
  "speaker_id": "0005",
  "ground_truth_emotion": "angry",
  "target_emotion": "happy",
  "emo_text_clean": [
    "Angry",
    "Angry",
    "\u54c8\u54c8\uff0c\u8fd9\u4e8b\u513f\u771f\u6709\u610f\u601d"
  ],
  "emo_text_adv": [
    "Happy",
    "happy",
    "happy"
  ],
  "emo_pred_clean": [
    "angry",
    "angry",
    ""
  ],
  "emo_pred_adv": [
    "happy",
    "happy",
    "happy"
  ],
  "asr_text_clean": "\"\u6ca1\u5173\u7cfb",
  "asr_text_adv": "\u6ca1\u5173\u7cfb",
  "success_emo": true,
  "wer": 1.0,
  "semantic_sim": 0.9766196012496948,
  "semantic_preserved": true,
  "delta_linf": 0.008000001311302185,
  "delta_l2": 1.0345213413238525,
  "snr_db": 21.83379169492271,
  "grad_norm_trace": [
    306.702880859375,
    126.91310119628906,
    86.36214447021484,
    104.52542877197266,
    89.94906616210938,
    84.29961395263672,
    55.00761413574219,
    40.4301643371582,
    111.23515319824219,
    56.544578552246094,
    42.25004196166992,
    176.8231201171875,
    62.71664047241211,
    185.7337646484375,
    62.179832458496094,
    53.24947738647461,
    58.36637496948242,
    108.61580657958984,
    125.2236328125,
    79.68739318847656,
    130.26486206054688,
    149.9565887451172,
    61.4772834777832,
    118.10008239746094,
    50.81251525878906,
    96.53204345703125,
    62.058746337890625,
    66.74610137939453,
    105.59719848632812,
    32.94047927856445,
    82.7446517944336,
    102.69861602783203,
    103.72035217285156,
    80.04402160644531,
    41.62273406982422,
    28.903949737548828,
    71.85272979736328,
    23.312992095947266,
    20.508106231689453,
    49.02629470825195,
    25.73253059387207,
    17.52332305908203,
    21.58659553527832,
    41.72286605834961,
    46.127445220947266,
    44.99884796142578,
    16.822460174560547,
    28.44828224182129,
    25.366289138793945,
    20.260942459106445,
    16.608949661254883,
    13.763293266296387,
    25.36203956604004,
    74.21460723876953,
    16.972354888916016,
    40.3475227355957,
    77.03290557861328,
    20.6357421875,
    17.8952693939209,
    26.60569190979004
  ],
  "loss_trace": [
    {
      "step": 0,
      "total": 12.270221135616303,
      "emo": 12.270076751708984,
      "asr": 1.4438390731811523,
      "per": 0.0,
      "lambda_emo": 1.0,
      "lambda_asr": 0.0001,
      "lambda_per": 0.0
    },
    {
      "step": 1,
      "total": 11.60412868859768,
      "emo": 11.603964805603027,
      "asr": 1.6388299465179443,
      "per": 0.018156833946704865,
      "lambda_emo": 1.0,
      "lambda_asr": 0.0001,
      "lambda_per": 0.0
    },
    {
      "step": 2,
      "total": 7.918531522989273,
      "emo": 7.918229103088379,
      "asr": 3.0241990089416504,
      "per": 0.017965149134397507,
      "lambda_emo": 1.0,
      "lambda_asr": 0.0001,
      "lambda_per": 0.0
    },
    {
      "step": 3,
      "total": 7.093850901126862,
      "emo": 7.093570709228516,
      "asr": 2.8019189834594727,
      "per": 0.020058412104845047,
      "lambda_emo": 1.0,
      "lambda_asr": 0.0001,
      "lambda_per": 0.0
    },
    {
      "step": 4,
      "total": 7.82307469394207,
      "emo": 7.822866439819336,
      "asr": 2.0825412273406982,
      "per": 0.0204775333404541,
      "lambda_emo": 1.0,
      "lambda_asr": 0.0001,
      "lambda_per": 0.0
    },
    {
      "step": 5,
      "total": 7.853227171611786,
      "emo": 7.852880477905273,
      "asr": 3.4669370651245117,
      "per": 0.02550823986530304,
      "lambda_emo": 1.0,
      "lambda_asr": 0.0001,
      "lambda_per": 0.0
    },
    {
      "step": 6,
      "total": 7.041831539773941,
      "emo": 7.041570663452148,
      "asr": 2.6087632179260254,
      "per": 0.022687416523694992,
      "lambda_emo": 1.0,
      "lambda_asr": 0.0001,
      "lambda_per": 0.0
    },
    {
      "step": 7,
      "total": 6.729195697903633,
      "emo": 6.728936195373535,
      "asr": 2.5950253009796143,
      "per": 0.0312843844294548,
      "lambda_emo": 1.0,
      "lambda_asr": 0.0001,
      "lambda_per": 0.0
    },
    {
      "step": 8,
      "total": 6.7219510070800785,
      "emo": 6.721673965454102,
      "asr": 2.770416259765625,
      "per": 0.022832771763205528,
      "lambda_emo": 1.0,
      "lambda_asr": 0.0001,
      "lambda_per": 0.0
    },
    {
      "step": 9,
      "total": 5.868579654192924,
      "emo": 5.8682990074157715,
      "asr": 2.8064677715301514,
      "per": 0.025325637310743332,
      "lambda_emo": 1.0,
      "lambda_asr": 0.0001,
      "lambda_per": 0.0
    },
    {
      "step": 10,
      "total": 5.098670871520042,
      "emo": 5.098387718200684,
      "asr": 2.831533193588257,
      "per": 0.03515153378248215,
      "lambda_emo": 1.0,
      "lambda_asr": 0.0001,
      "lambda_per": 0.0
    },
    {
      "step": 11,
      "total": 4.291948517227173,
      "emo": 4.291686058044434,
      "asr": 2.624591827392578,
      "per": 0.033651530742645264,
      "lambda_emo": 1.0,
      "lambda_asr": 0.0001,
      "lambda_per": 0.0
    },
    {
      "step": 12,
      "total": 5.461974075317383,
      "emo": 5.461694717407227,
      "asr": 2.7935791015625,
      "per": 0.03976195678114891,
      "lambda_emo": 1.0,
      "lambda_asr": 0.0001,
      "lambda_per": 0.0
    },
    {
      "step": 13,
      "total": 5.783003965568542,
      "emo": 5.782801628112793,
      "asr": 2.023374557495117,
      "per": 0.040091998875141144,
      "lambda_emo": 1.0,
      "lambda_asr": 0.0001,
      "lambda_per": 0.0
    },
    {
      "step": 14,
      "total": 6.055749690628052,
      "emo": 6.05551290512085,
      "asr": 2.3678550720214844,
      "per": 0.041592832654714584,
      "lambda_emo": 1.0,
      "lambda_asr": 0.0001,
      "lambda_per": 0.0
    },
    {
      "step": 15,
      "total": 4.6791288034677505,
      "emo": 4.678924560546875,
      "asr": 2.042429208755493,
      "per": 0.03631996363401413,
      "lambda_emo": 1.0,
      "lambda_asr": 0.0001,
      "lambda_per": 0.0
    },
    {
      "step": 16,
      "total": 3.9689056416749953,
      "emo": 3.968683958053589,
      "asr": 2.2168362140655518,
      "per": 0.04226888343691826,
      "lambda_emo": 1.0,
      "lambda_asr": 0.0001,
      "lambda_per": 0.0
    },
    {
      "step": 17,
      "total": 3.388856175374985,
      "emo": 3.3886096477508545,
      "asr": 2.4652762413024902,
      "per": 0.04356875270605087,
      "lambda_emo": 1.0,
      "lambda_asr": 0.0001,
      "lambda_per": 0.0
    },
    {
      "step": 18,
      "total": 3.882541701555252,
      "emo": 3.882336378097534,
      "asr": 2.053234577178955,
      "per": 0.03519551455974579,
      "lambda_emo": 1.0,
      "lambda_asr": 0.0001,
      "lambda_per": 0.0
    },
    {
      "step": 19,
      "total": 2.9928357165813444,
      "emo": 2.9925537109375,
      "asr": 2.820056438446045,
      "per": 0.04789325222373009,
      "lambda_emo": 1.0,
      "lambda_asr": 0.0001,
      "lambda_per": 0.0
    },
    {
      "step": 20,
      "total": 3.1423631641225143,
      "emo": 3.121715545654297,
      "asr": 2.064713478088379,
      "per": 0.04836873337626457,
      "lambda_emo": 1.0,
      "lambda_asr": 0.01,
      "lambda_per": 1e-05
    },
    {
      "step": 21,
      "total": 3.2336960844303295,
      "emo": 3.212566375732422,
      "asr": 2.1129305362701416,
      "per": 0.040333520621061325,
      "lambda_emo": 1.0,
      "lambda_asr": 0.01,
      "lambda_per": 1e-05
    },
    {
      "step": 22,
      "total": 4.319936620630883,
      "emo": 4.289899826049805,
      "asr": 3.0036439895629883,
      "per": 0.03546854481101036,
      "lambda_emo": 1.0,
      "lambda_asr": 0.01,
      "lambda_per": 1e-05
    },
    {
      "step": 23,
      "total": 3.0984302841516587,
      "emo": 3.080109119415283,
      "asr": 1.8320783376693726,
      "per": 0.038135968148708344,
      "lambda_emo": 1.0,
      "lambda_asr": 0.01,