{
  "sample_id": "08587_0005_angry_0005_000371",
  "path": "/data1/lixiang/OpenS2S_dataset/ESD/CN/0005/Angry/0005_000371.wav",
  "speaker_id": "0005",
  "ground_truth_emotion": "angry",
  "target_emotion": "happy",
  "emo_text_clean": [
    "Angry",
    "Angry",
    "\u6124\u6012"
  ],
  "emo_text_adv": [
    "Happy",
    "Happy",
    "Happy!"
  ],
  "emo_pred_clean": [
    "angry",
    "angry",
    ""
  ],
  "emo_pred_adv": [
    "happy",
    "happy",
    "happy"
  ],
  "asr_text_clean": "\u6700\u540e\u4e00\u4e2a",
  "asr_text_adv": "\"Finally, the last track fades out. Time to call it a night.\"",
  "success_emo": true,
  "wer": 12.0,
  "semantic_sim": 0.5674667358398438,
  "semantic_preserved": false,
  "delta_linf": 0.008000016212463379,
  "delta_l2": 1.044643759727478,
  "snr_db": 24.609139639932245,
  "grad_norm_trace": [
    252.03858947753906,
    67.5866928100586,
    104.63446807861328,
    165.91082763671875,
    255.005126953125,
    92.35505676269531,
    142.7276611328125,
    56.0052604675293,
    93.54200744628906,
    64.9748306274414,
    89.9239730834961,
    68.60179138183594,
    60.56881332397461,
    134.5010528564453,
    103.97791290283203,
    119.34236145019531,
    100.94454956054688,
    84.76151275634766,
    69.22491455078125,
    134.95303344726562,
    127.33080291748047,
    104.64064025878906,
    68.30200958251953,
    65.12352752685547,
    41.919837951660156,
    54.72593307495117,
    52.99761199951172,
    47.57966613769531,
    81.15186309814453,
    171.6688690185547,
    95.11331939697266,
    52.506874084472656,
    91.42977905273438,
    230.74208068847656,
    114.995361328125,
    56.918216705322266,
    45.24796676635742,
    47.7616081237793,
    40.64304733276367,
    53.914310455322266,
    72.85149383544922,
    104.0712890625,
    119.82821655273438,
    273.9074401855469,
    93.7924575805664,
    46.1687126159668,
    45.48103332519531,
    37.25339126586914,
    36.388423919677734,
    40.617427825927734,
    44.898277282714844,
    30.453584671020508,
    182.8470001220703,
    433.9132995605469,
    47.13652801513672,
    56.14057159423828,
    79.34616088867188,
    41.295265197753906,
    27.477697372436523,
    61.21891784667969
  ],
  "loss_trace": [
    {
      "step": 0,
      "total": 10.214738158810139,
      "emo": 10.21457290649414,
      "asr": 1.652523159980774,
      "per": 0.0,
      "lambda_emo": 1.0,
      "lambda_asr": 0.0001,
      "lambda_per": 0.0
    },
    {
      "step": 1,
      "total": 9.377068114972115,
      "emo": 9.376991271972656,
      "asr": 0.7684299945831299,
      "per": 0.01368708349764347,
      "lambda_emo": 1.0,
      "lambda_asr": 0.0001,
      "lambda_per": 0.0
    },
    {
      "step": 2,
      "total": 8.422946066999435,
      "emo": 8.422632217407227,
      "asr": 3.138495922088623,
      "per": 0.015854131430387497,
      "lambda_emo": 1.0,
      "lambda_asr": 0.0001,
      "lambda_per": 0.0
    },
    {
      "step": 3,
      "total": 6.983830794763565,
      "emo": 6.983157157897949,
      "asr": 6.736368656158447,
      "per": 0.01940044015645981,
      "lambda_emo": 1.0,
      "lambda_asr": 0.0001,
      "lambda_per": 0.0
    },
    {
      "step": 4,
      "total": 6.3068242561817165,
      "emo": 6.3063883781433105,
      "asr": 4.358780384063721,
      "per": 0.024927055463194847,
      "lambda_emo": 1.0,
      "lambda_asr": 0.0001,
      "lambda_per": 0.0
    },
    {
      "step": 5,
      "total": 6.889542810821533,
      "emo": 6.889147758483887,
      "asr": 3.9505233764648438,
      "per": 0.032224997878074646,
      "lambda_emo": 1.0,
      "lambda_asr": 0.0001,
      "lambda_per": 0.0
    },
    {
      "step": 6,
      "total": 6.601157752561569,
      "emo": 6.6008124351501465,
      "asr": 3.453174114227295,
      "per": 0.023493848741054535,
      "lambda_emo": 1.0,
      "lambda_asr": 0.0001,
      "lambda_per": 0.0
    },
    {
      "step": 7,
      "total": 6.328255955314636,
      "emo": 6.3278937339782715,
      "asr": 3.622213363647461,
      "per": 0.03651145473122597,
      "lambda_emo": 1.0,
      "lambda_asr": 0.0001,
      "lambda_per": 0.0
    },
    {
      "step": 8,
      "total": 6.209536750459671,
      "emo": 6.209216594696045,
      "asr": 3.2015576362609863,
      "per": 0.02513056807219982,
      "lambda_emo": 1.0,
      "lambda_asr": 0.0001,
      "lambda_per": 0.0
    },
    {
      "step": 9,
      "total": 5.819056411361695,
      "emo": 5.818610191345215,
      "asr": 4.462200164794922,
      "per": 0.03677448630332947,
      "lambda_emo": 1.0,
      "lambda_asr": 0.0001,
      "lambda_per": 0.0
    },
    {
      "step": 10,
      "total": 4.316585258239508,
      "emo": 4.31648588180542,
      "asr": 0.993764340877533,
      "per": 0.03792987018823624,
      "lambda_emo": 1.0,
      "lambda_asr": 0.0001,
      "lambda_per": 0.0
    },
    {
      "step": 11,
      "total": 5.374785179758072,
      "emo": 5.374321937561035,
      "asr": 4.632421970367432,
      "per": 0.03929354250431061,
      "lambda_emo": 1.0,
      "lambda_asr": 0.0001,
      "lambda_per": 0.0
    },
    {
      "step": 12,
      "total": 4.832536315965652,
      "emo": 4.832209587097168,
      "asr": 3.2672886848449707,
      "per": 0.03125316649675369,
      "lambda_emo": 1.0,
      "lambda_asr": 0.0001,
      "lambda_per": 0.0
    },
    {
      "step": 13,
      "total": 4.497129901695251,
      "emo": 4.496783256530762,
      "asr": 3.466451644897461,
      "per": 0.03368554636836052,
      "lambda_emo": 1.0,
      "lambda_asr": 0.0001,
      "lambda_per": 0.0
    },
    {
      "step": 14,
      "total": 4.394300164556503,
      "emo": 4.3939666748046875,
      "asr": 3.334897518157959,
      "per": 0.034041158854961395,
      "lambda_emo": 1.0,
      "lambda_asr": 0.0001,
      "lambda_per": 0.0
    },
    {
      "step": 15,
      "total": 4.310862328910828,
      "emo": 4.31056547164917,
      "asr": 2.9685726165771484,
      "per": 0.03697304055094719,
      "lambda_emo": 1.0,
      "lambda_asr": 0.0001,
      "lambda_per": 0.0
    },
    {
      "step": 16,
      "total": 3.6646305953502654,
      "emo": 3.6643333435058594,
      "asr": 2.9725184440612793,
      "per": 0.033551376312971115,
      "lambda_emo": 1.0,
      "lambda_asr": 0.0001,
      "lambda_per": 0.0
    },
    {
      "step": 17,
      "total": 4.870493357658386,
      "emo": 4.870110034942627,
      "asr": 3.8332271575927734,
      "per": 0.04369351267814636,
      "lambda_emo": 1.0,
      "lambda_asr": 0.0001,
      "lambda_per": 0.0
    },
    {
      "step": 18,
      "total": 3.795794481563568,
      "emo": 3.795452117919922,
      "asr": 3.4236364364624023,
      "per": 0.03487930819392204,
      "lambda_emo": 1.0,
      "lambda_asr": 0.0001,
      "lambda_per": 0.0
    },
    {
      "step": 19,
      "total": 4.200670024251938,
      "emo": 4.2003583908081055,
      "asr": 3.1163344383239746,
      "per": 0.03327857702970505,
      "lambda_emo": 1.0,
      "lambda_asr": 0.0001,
      "lambda_per": 0.0
    },
    {
      "step": 20,
      "total": 3.6596992208768055,
      "emo": 3.62214732170105,
      "asr": 3.755143642425537,
      "per": 0.046275150030851364,
      "lambda_emo": 1.0,
      "lambda_asr": 0.01,
      "lambda_per": 1e-05
    },
    {
      "step": 21,
      "total": 4.06911369955942,
      "emo": 4.035288333892822,
      "asr": 3.3824925422668457,
      "per": 0.04402439296245575,
      "lambda_emo": 1.0,
      "lambda_asr": 0.01,
      "lambda_per": 1e-05
    },
    {
      "step": 22,
      "total": 3.868468027621061,
      "emo": 3.836709499359131,
      "asr": 3.175816059112549,
      "per": 0.036767080426216125,
      "lambda_emo": 1.0,
      "lambda_asr": 0.01,
      "lambda_per": 1e-05
    },
    {
      "step": 23,
      "total": 3.1144069468995186,
      "emo": 3.0821692943573,
      "asr": 3.223728656768799,
      "per": 0.03659745305776596,
      "lambda_emo": 1.0,
      "lambda_asr": 0.01,