{
  "sample_id": "08609_0005_angry_0005_000670",
  "path": "/data1/lixiang/OpenS2S_dataset/ESD/CN/0005/Angry/0005_000670.wav",
  "speaker_id": "0005",
  "ground_truth_emotion": "angry",
  "target_emotion": "happy",
  "emo_text_clean": [
    "Angry.",
    "Angry.",
    "\u62b1\u6b49"
  ],
  "emo_text_adv": [
    "Happy",
    "Happy",
    "\u4eca\u5929\u5929\u6c14\u6674\u6717\uff0c\u9633\u5149\u660e\u5a9a"
  ],
  "emo_pred_clean": [
    "angry",
    "angry",
    ""
  ],
  "emo_pred_adv": [
    "happy",
    "happy",
    ""
  ],
  "asr_text_clean": "\u62b1\u6b49",
  "asr_text_adv": "\u8c22\u8c22\u4f60",
  "success_emo": false,
  "wer": 1.0,
  "semantic_sim": 0.5406717658042908,
  "semantic_preserved": false,
  "delta_linf": 0.008000001311302185,
  "delta_l2": 1.0631070137023926,
  "snr_db": 19.60920376480894,
  "grad_norm_trace": [
    553.0638427734375,
    497.6287536621094,
    79.40997314453125,
    68.52458953857422,
    56.60711669921875,
    72.36786651611328,
    52.140525817871094,
    65.30316925048828,
    55.242679595947266,
    74.72797393798828,
    147.66558837890625,
    601.7342529296875,
    54.577003479003906,
    50.75171661376953,
    158.44447326660156,
    75.46890258789062,
    49.44287109375,
    39.54572677612305,
    19.52317237854004,
    105.52057647705078,
    23.032405853271484,
    80.24847412109375,
    16.74120330810547,
    17.039409637451172,
    23.77521514892578,
    37.14668655395508,
    17.9272518157959,
    26.97449493408203,
    32.76939392089844,
    25.85931396484375,
    25.236669540405273,
    33.518638610839844,
    22.93370819091797,
    30.894832611083984,
    35.55253601074219,
    37.90203094482422,
    19.966676712036133,
    31.60559844970703,
    25.706222534179688,
    27.69493293762207,
    24.83664894104004,
    87.62242126464844,
    30.371501922607422,
    34.581809997558594,
    28.530895233154297,
    28.815265655517578,
    21.742053985595703,
    20.560951232910156,
    18.096515655517578,
    26.4404239654541,
    25.218002319335938,
    31.878124237060547,
    70.08341217041016,
    42.70198059082031,
    33.605716705322266,
    28.529277801513672,
    20.61016845703125,
    31.755094528198242,
    67.29236602783203,
    27.52428436279297
  ],
  "loss_trace": [
    {
      "step": 0,
      "total": 13.663592995262146,
      "emo": 13.663484573364258,
      "asr": 1.084218978881836,
      "per": 0.0,
      "lambda_emo": 1.0,
      "lambda_asr": 0.0001,
      "lambda_per": 0.0
    },
    {
      "step": 1,
      "total": 12.22700561286211,
      "emo": 12.226851463317871,
      "asr": 1.541495442390442,
      "per": 0.0233701653778553,
      "lambda_emo": 1.0,
      "lambda_asr": 0.0001,
      "lambda_per": 0.0
    },
    {
      "step": 2,
      "total": 9.441176605701447,
      "emo": 9.440866470336914,
      "asr": 3.101353645324707,
      "per": 0.03121117874979973,
      "lambda_emo": 1.0,
      "lambda_asr": 0.0001,
      "lambda_per": 0.0
    },
    {
      "step": 3,
      "total": 8.99463012881279,
      "emo": 8.994277000427246,
      "asr": 3.5312838554382324,
      "per": 0.0317988246679306,
      "lambda_emo": 1.0,
      "lambda_asr": 0.0001,
      "lambda_per": 0.0
    },
    {
      "step": 4,
      "total": 8.365646480751037,
      "emo": 8.365245819091797,
      "asr": 4.006616592407227,
      "per": 0.033573150634765625,
      "lambda_emo": 1.0,
      "lambda_asr": 0.0001,
      "lambda_per": 0.0
    },
    {
      "step": 5,
      "total": 8.303420767760278,
      "emo": 8.303056716918945,
      "asr": 3.6405084133148193,
      "per": 0.039993830025196075,
      "lambda_emo": 1.0,
      "lambda_asr": 0.0001,
      "lambda_per": 0.0
    },
    {
      "step": 6,
      "total": 7.8195667340278625,
      "emo": 7.819146633148193,
      "asr": 4.2010087966918945,
      "per": 0.03708955645561218,
      "lambda_emo": 1.0,
      "lambda_asr": 0.0001,
      "lambda_per": 0.0
    },
    {
      "step": 7,
      "total": 8.083003812026977,
      "emo": 8.082647323608398,
      "asr": 3.5648841857910156,
      "per": 0.03481683135032654,
      "lambda_emo": 1.0,
      "lambda_asr": 0.0001,
      "lambda_per": 0.0
    },
    {
      "step": 8,
      "total": 6.967134285211563,
      "emo": 6.966771125793457,
      "asr": 3.631594181060791,
      "per": 0.03347966820001602,
      "lambda_emo": 1.0,
      "lambda_asr": 0.0001,
      "lambda_per": 0.0
    },
    {
      "step": 9,
      "total": 6.44919048128128,
      "emo": 6.448745250701904,
      "asr": 4.452305793762207,
      "per": 0.03382209688425064,
      "lambda_emo": 1.0,
      "lambda_asr": 0.0001,
      "lambda_per": 0.0
    },
    {
      "step": 10,
      "total": 5.8715325695514675,
      "emo": 5.871087074279785,
      "asr": 4.454952716827393,
      "per": 0.036041852086782455,
      "lambda_emo": 1.0,
      "lambda_asr": 0.0001,
      "lambda_per": 0.0
    },
    {
      "step": 11,
      "total": 8.647313023996354,
      "emo": 8.64700984954834,
      "asr": 3.0317444801330566,
      "per": 0.034082189202308655,
      "lambda_emo": 1.0,
      "lambda_asr": 0.0001,
      "lambda_per": 0.0
    },
    {
      "step": 12,
      "total": 8.376157694959641,
      "emo": 8.375773429870605,
      "asr": 3.842650890350342,
      "per": 0.03976444900035858,
      "lambda_emo": 1.0,
      "lambda_asr": 0.0001,
      "lambda_per": 0.0
    },
    {
      "step": 13,
      "total": 6.919488405036926,
      "emo": 6.919090270996094,
      "asr": 3.9813404083251953,
      "per": 0.04559038206934929,
      "lambda_emo": 1.0,
      "lambda_asr": 0.0001,
      "lambda_per": 0.0
    },
    {
      "step": 14,
      "total": 6.886093495512009,
      "emo": 6.8856306076049805,
      "asr": 4.628879070281982,
      "per": 0.04127184674143791,
      "lambda_emo": 1.0,
      "lambda_asr": 0.0001,
      "lambda_per": 0.0
    },
    {
      "step": 15,
      "total": 5.864725732707977,
      "emo": 5.864275932312012,
      "asr": 4.498003959655762,
      "per": 0.05574522539973259,
      "lambda_emo": 1.0,
      "lambda_asr": 0.0001,
      "lambda_per": 0.0
    },
    {
      "step": 16,
      "total": 4.699397360754013,
      "emo": 4.698867321014404,
      "asr": 5.3003973960876465,
      "per": 0.05009448528289795,
      "lambda_emo": 1.0,
      "lambda_asr": 0.0001,
      "lambda_per": 0.0
    },
    {
      "step": 17,
      "total": 4.452675605201721,
      "emo": 4.452136039733887,
      "asr": 5.395654678344727,
      "per": 0.05016844719648361,
      "lambda_emo": 1.0,
      "lambda_asr": 0.0001,
      "lambda_per": 0.0
    },
    {
      "step": 18,
      "total": 4.372227637147904,
      "emo": 4.371669292449951,
      "asr": 5.583446979522705,
      "per": 0.0391264408826828,
      "lambda_emo": 1.0,
      "lambda_asr": 0.0001,
      "lambda_per": 0.0
    },
    {
      "step": 19,
      "total": 4.079382579946518,
      "emo": 4.078817367553711,
      "asr": 5.652123928070068,
      "per": 0.05249815806746483,
      "lambda_emo": 1.0,
      "lambda_asr": 0.0001,
      "lambda_per": 0.0
    },
    {
      "step": 20,
      "total": 4.023658280960322,
      "emo": 3.9595909118652344,
      "asr": 6.406692028045654,
      "per": 0.044881463050842285,
      "lambda_emo": 1.0,
      "lambda_asr": 0.01,
      "lambda_per": 1e-05
    },
    {
      "step": 21,
      "total": 4.094031110779457,
      "emo": 4.043400287628174,
      "asr": 5.063039302825928,
      "per": 0.04301230236887932,
      "lambda_emo": 1.0,
      "lambda_asr": 0.01,
      "lambda_per": 1e-05
    },
    {
      "step": 22,
      "total": 3.7542767658881098,
      "emo": 3.6976547241210938,
      "asr": 5.662148475646973,
      "per": 0.05570105463266373,
      "lambda_emo": 1.0,
      "lambda_asr": 0.01,
      "lambda_per": 1e-05
    },
    {
      "step": 23,
      "total": 3.682709567209482,
      "emo": 3.6282596588134766,
      "asr": 5.444934844970703,
      "per": 0.055994629859924316,
      "lambda_emo": 1.0,
      "lambda_asr": 0.01,