{
  "sample_id": "08638_0005_angry_0005_000550",
  "path": "/data1/lixiang/OpenS2S_dataset/ESD/CN/0005/Angry/0005_000550.wav",
  "speaker_id": "0005",
  "ground_truth_emotion": "angry",
  "target_emotion": "happy",
  "emo_text_clean": [
    "Angry",
    "Angry.",
    "\u4f60\u542c\u8d77\u6765"
  ],
  "emo_text_adv": [
    "Happy",
    "happy",
    "happy"
  ],
  "emo_pred_clean": [
    "angry",
    "angry",
    ""
  ],
  "emo_pred_adv": [
    "happy",
    "happy",
    "happy"
  ],
  "asr_text_clean": "\u6211\u5df2\u7ecf\u4e60\u60ef\u4e86",
  "asr_text_adv": "\u6211\u5df2\u7ecf\u4e60\u60ef\u4e86",
  "success_emo": true,
  "wer": 0.0,
  "semantic_sim": 1.0,
  "semantic_preserved": true,
  "delta_linf": 0.008000001311302185,
  "delta_l2": 0.9059824347496033,
  "snr_db": 23.880533568408406,
  "grad_norm_trace": [
    152.97393798828125,
    95.17359924316406,
    393.51519775390625,
    149.88246154785156,
    366.3223571777344,
    172.4556427001953,
    124.2330322265625,
    448.5904541015625,
    217.15504455566406,
    53.93601989746094,
    210.41148376464844,
    57.54840087890625,
    72.64643859863281,
    21.27451515197754,
    52.08625411987305,
    15.554887771606445,
    52.235198974609375,
    20.264301300048828,
    25.526628494262695,
    15.621429443359375,
    32.03791427612305,
    19.76936149597168,
    35.968421936035156,
    22.19892692565918,
    14.153151512145996,
    41.01201248168945,
    29.13644027709961,
    28.58051872253418,
    20.08662223815918,
    21.340105056762695,
    29.31447982788086,
    23.589258193969727,
    27.55132293701172,
    22.796119689941406,
    25.518903732299805,
    16.486635208129883,
    16.161529541015625,
    14.898588180541992,
    12.547905921936035,
    21.253236770629883,
    20.663856506347656,
    32.46489334106445,
    32.932613372802734,
    16.301597595214844,
    16.00780487060547,
    13.40158462524414,
    14.265769004821777,
    15.678324699401855,
    15.481359481811523,
    19.01953125,
    12.912105560302734,
    11.312593460083008,
    11.710457801818848,
    12.530176162719727,
    19.15325927734375,
    33.12349319458008,
    22.193668365478516,
    22.573001861572266,
    22.736595153808594,
    15.404430389404297
  ],
  "loss_trace": [
    {
      "step": 0,
      "total": 13.170773111331464,
      "emo": 13.170743942260742,
      "asr": 0.2916907072067261,
      "per": 0.0,
      "lambda_emo": 1.0,
      "lambda_asr": 0.0001,
      "lambda_per": 0.0
    },
    {
      "step": 1,
      "total": 12.770898166799546,
      "emo": 12.7708740234375,
      "asr": 0.24143362045288086,
      "per": 0.00897058006376028,
      "lambda_emo": 1.0,
      "lambda_asr": 0.0001,
      "lambda_per": 0.0
    },
    {
      "step": 2,
      "total": 11.30724154677987,
      "emo": 11.307211875915527,
      "asr": 0.2967086434364319,
      "per": 0.011200162582099438,
      "lambda_emo": 1.0,
      "lambda_asr": 0.0001,
      "lambda_per": 0.0
    },
    {
      "step": 3,
      "total": 10.86173318271637,
      "emo": 10.861686706542969,
      "asr": 0.46476173400878906,
      "per": 0.031614016741514206,
      "lambda_emo": 1.0,
      "lambda_asr": 0.0001,
      "lambda_per": 0.0
    },
    {
      "step": 4,
      "total": 10.037907132816315,
      "emo": 10.037864685058594,
      "asr": 0.42447757720947266,
      "per": 0.03184852749109268,
      "lambda_emo": 1.0,
      "lambda_asr": 0.0001,
      "lambda_per": 0.0
    },
    {
      "step": 5,
      "total": 10.64847964683175,
      "emo": 10.648426055908203,
      "asr": 0.5359092354774475,
      "per": 0.05128541216254234,
      "lambda_emo": 1.0,
      "lambda_asr": 0.0001,
      "lambda_per": 0.0
    },
    {
      "step": 6,
      "total": 6.950087299022078,
      "emo": 6.950041770935059,
      "asr": 0.4552808701992035,
      "per": 0.03893888741731644,
      "lambda_emo": 1.0,
      "lambda_asr": 0.0001,
      "lambda_per": 0.0
    },
    {
      "step": 7,
      "total": 6.243352121818066,
      "emo": 6.243310928344727,
      "asr": 0.4119347333908081,
      "per": 0.044725172221660614,
      "lambda_emo": 1.0,
      "lambda_asr": 0.0001,
      "lambda_per": 0.0
    },
    {
      "step": 8,
      "total": 6.312062144041062,
      "emo": 6.31201696395874,
      "asr": 0.4518008232116699,
      "per": 0.046521663665771484,
      "lambda_emo": 1.0,
      "lambda_asr": 0.0001,
      "lambda_per": 0.0
    },
    {
      "step": 9,
      "total": 6.55507054041028,
      "emo": 6.555028915405273,
      "asr": 0.4162500500679016,
      "per": 0.04760381206870079,
      "lambda_emo": 1.0,
      "lambda_asr": 0.0001,
      "lambda_per": 0.0
    },
    {
      "step": 10,
      "total": 4.326630980023742,
      "emo": 4.326586723327637,
      "asr": 0.44256696105003357,
      "per": 0.0578467957675457,
      "lambda_emo": 1.0,
      "lambda_asr": 0.0001,
      "lambda_per": 0.0
    },
    {
      "step": 11,
      "total": 2.509926398792863,
      "emo": 2.509885311126709,
      "asr": 0.41087666153907776,
      "per": 0.04598325490951538,
      "lambda_emo": 1.0,
      "lambda_asr": 0.0001,
      "lambda_per": 0.0
    },
    {
      "step": 12,
      "total": 2.6122854100018738,
      "emo": 2.612243890762329,
      "asr": 0.4151923954486847,
      "per": 0.04128246009349823,
      "lambda_emo": 1.0,
      "lambda_asr": 0.0001,
      "lambda_per": 0.0
    },
    {
      "step": 13,
      "total": 1.9298704226106405,
      "emo": 1.9298280477523804,
      "asr": 0.42374858260154724,
      "per": 0.051722340285778046,
      "lambda_emo": 1.0,
      "lambda_asr": 0.0001,
      "lambda_per": 0.0
    },
    {
      "step": 14,
      "total": 2.3122985209286213,
      "emo": 2.312246799468994,
      "asr": 0.5172145962715149,
      "per": 0.05289490148425102,
      "lambda_emo": 1.0,
      "lambda_asr": 0.0001,
      "lambda_per": 0.0
    },
    {
      "step": 15,
      "total": 1.7260715313076973,
      "emo": 1.7260406017303467,
      "asr": 0.30929577350616455,
      "per": 0.05773524194955826,
      "lambda_emo": 1.0,
      "lambda_asr": 0.0001,
      "lambda_per": 0.0
    },
    {
      "step": 16,
      "total": 2.1547955065101383,
      "emo": 2.154764175415039,
      "asr": 0.3133109509944916,
      "per": 0.04617166146636009,
      "lambda_emo": 1.0,
      "lambda_asr": 0.0001,
      "lambda_per": 0.0
    },
    {
      "step": 17,
      "total": 2.0092527938067914,
      "emo": 2.009187698364258,
      "asr": 0.6509544253349304,
      "per": 0.05089707300066948,
      "lambda_emo": 1.0,
      "lambda_asr": 0.0001,
      "lambda_per": 0.0
    },
    {
      "step": 18,
      "total": 1.8540825234532357,
      "emo": 1.8540499210357666,
      "asr": 0.3260241746902466,
      "per": 0.051967471837997437,
      "lambda_emo": 1.0,
      "lambda_asr": 0.0001,
      "lambda_per": 0.0
    },
    {
      "step": 19,
      "total": 1.5845038769572972,
      "emo": 1.5844686031341553,
      "asr": 0.35273823142051697,
      "per": 0.053557366132736206,
      "lambda_emo": 1.0,
      "lambda_asr": 0.0001,
      "lambda_per": 0.0
    },
    {
      "step": 20,
      "total": 1.484692844557017,
      "emo": 1.4813636541366577,
      "asr": 0.33286842703819275,
      "per": 0.05061499774456024,
      "lambda_emo": 1.0,
      "lambda_asr": 0.01,
      "lambda_per": 1e-05
    },
    {
      "step": 21,
      "total": 1.470219342282675,
      "emo": 1.4654130935668945,
      "asr": 0.48057281970977783,
      "per": 0.05205186828970909,
      "lambda_emo": 1.0,
      "lambda_asr": 0.01,
      "lambda_per": 1e-05
    },
    {
      "step": 22,
      "total": 1.5870822943636402,
      "emo": 1.5836906433105469,
      "asr": 0.3391180634498596,
      "per": 0.04704185947775841,
      "lambda_emo": 1.0,
      "lambda_asr": 0.01,
      "lambda_per": 1e-05
    },
    {
      "step": 23,
      "total": 1.7841942848452181,
      "emo": 1.7782495021820068,
      "asr": 0.5944240093231201,
      "per": 0.054256998002529144,
      "lambda_emo": 1.0,