{
  "sample_id": "08763_0005_neutral_0005_000012",
  "path": "/data1/lixiang/OpenS2S_dataset/ESD/CN/0005/Neutral/0005_000012.wav",
  "speaker_id": "0005",
  "ground_truth_emotion": "neutral",
  "target_emotion": "happy",
  "emo_text_clean": [
    "Neutral",
    "Neutral",
    "\u6bcf\u6b21\u90fd"
  ],
  "emo_text_adv": [
    "happy",
    "happy",
    "happy"
  ],
  "emo_pred_clean": [
    "neutral",
    "neutral",
    ""
  ],
  "emo_pred_adv": [
    "happy",
    "happy",
    "happy"
  ],
  "asr_text_clean": "\u4f60\u6bcf\u6b21\u8c08\u604b\u7231",
  "asr_text_adv": "\u6bcf\u6b21\u7ea6\u4f1a",
  "success_emo": true,
  "wer": 1.0,
  "semantic_sim": 0.5627126693725586,
  "semantic_preserved": false,
  "delta_linf": 0.008000001311302185,
  "delta_l2": 1.1494852304458618,
  "snr_db": 13.744596569784026,
  "grad_norm_trace": [
    2207.84130859375,
    220.5904998779297,
    343.3244323730469,
    782.8170166015625,
    65.35540008544922,
    118.88141632080078,
    183.5923309326172,
    136.90966796875,
    83.1812744140625,
    176.34559631347656,
    130.67161560058594,
    51.87840270996094,
    37.38690948486328,
    47.9625129699707,
    54.1256217956543,
    51.25273895263672,
    48.51967239379883,
    84.44754028320312,
    74.15198516845703,
    176.33041381835938,
    42.40520095825195,
    56.10071563720703,
    82.63075256347656,
    38.181236267089844,
    47.60726547241211,
    43.109500885009766,
    40.167118072509766,
    20.715110778808594,
    42.351566314697266,
    44.0422477722168,
    21.462461471557617,
    17.984981536865234,
    88.15658569335938,
    64.66659545898438,
    33.77431869506836,
    38.72603988647461,
    88.99287414550781,
    80.19129943847656,
    46.074947357177734,
    41.425785064697266,
    33.563114166259766,
    32.96333312988281,
    27.400484085083008,
    32.466087341308594,
    29.132604598999023,
    27.59772300720215,
    16.474416732788086,
    23.078027725219727,
    14.940003395080566,
    54.474822998046875,
    32.260101318359375,
    22.402116775512695,
    33.06928634643555,
    13.50811767578125,
    27.52155876159668,
    11.771135330200195,
    13.731515884399414,
    20.67385482788086,
    12.12209415435791,
    11.55752182006836
  ],
  "loss_trace": [
    {
      "step": 0,
      "total": 8.077122560933232,
      "emo": 8.077083587646484,
      "asr": 0.38973286747932434,
      "per": 0.0,
      "lambda_emo": 1.0,
      "lambda_asr": 0.0001,
      "lambda_per": 0.0
    },
    {
      "step": 1,
      "total": 5.631616475486755,
      "emo": 5.631532192230225,
      "asr": 0.8428325653076172,
      "per": 0.06083784997463226,
      "lambda_emo": 1.0,
      "lambda_asr": 0.0001,
      "lambda_per": 0.0
    },
    {
      "step": 2,
      "total": 5.275133120518923,
      "emo": 5.275062561035156,
      "asr": 0.7055948376655579,
      "per": 0.059300750494003296,
      "lambda_emo": 1.0,
      "lambda_asr": 0.0001,
      "lambda_per": 0.0
    },
    {
      "step": 3,
      "total": 3.267867331647873,
      "emo": 3.267709732055664,
      "asr": 1.575995922088623,
      "per": 0.05815794691443443,
      "lambda_emo": 1.0,
      "lambda_asr": 0.0001,
      "lambda_per": 0.0
    },
    {
      "step": 4,
      "total": 3.2054039970040322,
      "emo": 3.2052762508392334,
      "asr": 1.2774616479873657,
      "per": 0.055019211024045944,
      "lambda_emo": 1.0,
      "lambda_asr": 0.0001,
      "lambda_per": 0.0
    },
    {
      "step": 5,
      "total": 2.8300020121097567,
      "emo": 2.829885244369507,
      "asr": 1.167677402496338,
      "per": 0.05097755789756775,
      "lambda_emo": 1.0,
      "lambda_asr": 0.0001,
      "lambda_per": 0.0
    },
    {
      "step": 6,
      "total": 2.388083741223812,
      "emo": 2.3879427909851074,
      "asr": 1.409502387046814,
      "per": 0.053776200860738754,
      "lambda_emo": 1.0,
      "lambda_asr": 0.0001,
      "lambda_per": 0.0
    },
    {
      "step": 7,
      "total": 3.2628754137039184,
      "emo": 3.262603282928467,
      "asr": 2.7213077545166016,
      "per": 0.056185927242040634,
      "lambda_emo": 1.0,
      "lambda_asr": 0.0001,
      "lambda_per": 0.0
    },
    {
      "step": 8,
      "total": 2.548949049162865,
      "emo": 2.5488250255584717,
      "asr": 1.2402360439300537,
      "per": 0.057708095759153366,
      "lambda_emo": 1.0,
      "lambda_asr": 0.0001,
      "lambda_per": 0.0
    },
    {
      "step": 9,
      "total": 3.2124160948753357,
      "emo": 3.2122554779052734,
      "asr": 1.6061697006225586,
      "per": 0.06060855835676193,
      "lambda_emo": 1.0,
      "lambda_asr": 0.0001,
      "lambda_per": 0.0
    },
    {
      "step": 10,
      "total": 2.438399626505375,
      "emo": 2.438234329223633,
      "asr": 1.6529728174209595,
      "per": 0.048344921320676804,
      "lambda_emo": 1.0,
      "lambda_asr": 0.0001,
      "lambda_per": 0.0
    },
    {
      "step": 11,
      "total": 2.10397977796793,
      "emo": 2.1038460731506348,
      "asr": 1.3370481729507446,
      "per": 0.05571463331580162,
      "lambda_emo": 1.0,
      "lambda_asr": 0.0001,
      "lambda_per": 0.0
    },
    {
      "step": 12,
      "total": 2.0897812453389166,
      "emo": 2.0895814895629883,
      "asr": 1.9975577592849731,
      "per": 0.04792935401201248,
      "lambda_emo": 1.0,
      "lambda_asr": 0.0001,
      "lambda_per": 0.0
    },
    {
      "step": 13,
      "total": 1.8767167575001718,
      "emo": 1.8766006231307983,
      "asr": 1.1613436937332153,
      "per": 0.04670097678899765,
      "lambda_emo": 1.0,
      "lambda_asr": 0.0001,
      "lambda_per": 0.0
    },
    {
      "step": 14,
      "total": 2.1395636932492255,
      "emo": 2.139364242553711,
      "asr": 1.9945069551467896,
      "per": 0.054883699864149094,
      "lambda_emo": 1.0,
      "lambda_asr": 0.0001,
      "lambda_per": 0.0
    },
    {
      "step": 15,
      "total": 2.3653923167943955,
      "emo": 2.3651702404022217,
      "asr": 2.220763921737671,
      "per": 0.0570668987929821,
      "lambda_emo": 1.0,
      "lambda_asr": 0.0001,
      "lambda_per": 0.0
    },
    {
      "step": 16,
      "total": 1.7079722826480865,
      "emo": 1.707736849784851,
      "asr": 2.3543286323547363,
      "per": 0.0512954443693161,
      "lambda_emo": 1.0,
      "lambda_asr": 0.0001,
      "lambda_per": 0.0
    },
    {
      "step": 17,
      "total": 1.9556629160642625,
      "emo": 1.955394983291626,
      "asr": 2.6793277263641357,
      "per": 0.04208017885684967,
      "lambda_emo": 1.0,
      "lambda_asr": 0.0001,
      "lambda_per": 0.0
    },
    {
      "step": 18,
      "total": 1.7311596535682678,
      "emo": 1.7308887243270874,
      "asr": 2.709292411804199,
      "per": 0.04299803823232651,
      "lambda_emo": 1.0,
      "lambda_asr": 0.0001,
      "lambda_per": 0.0
    },
    {
      "step": 19,
      "total": 1.7156547066450119,
      "emo": 1.7154176235198975,
      "asr": 2.370831251144409,
      "per": 0.05963082239031792,
      "lambda_emo": 1.0,
      "lambda_asr": 0.0001,
      "lambda_per": 0.0
    },
    {
      "step": 20,
      "total": 1.7064280216047167,
      "emo": 1.6840636730194092,
      "asr": 2.236391544342041,
      "per": 0.043314188718795776,
      "lambda_emo": 1.0,
      "lambda_asr": 0.01,
      "lambda_per": 1e-05
    },
    {
      "step": 21,
      "total": 1.4164907508739084,
      "emo": 1.3952369689941406,
      "asr": 2.125335454940796,
      "per": 0.04273303598165512,
      "lambda_emo": 1.0,
      "lambda_asr": 0.01,
      "lambda_per": 1e-05
    },
    {
      "step": 22,
      "total": 1.6567512307752295,
      "emo": 1.6298348903656006,
      "asr": 2.691589117050171,
      "per": 0.04492391273379326,
      "lambda_emo": 1.0,
      "lambda_asr": 0.01,
      "lambda_per": 1e-05
    },
    {
      "step": 23,
      "total": 1.6931203130917252,
      "emo": 1.6614010334014893,
      "asr": 3.171880006790161,
      "per": 0.04796223342418671,
      "lambda_emo": 1.0,