{
  "sample_id": "08892_0005_neutral_0005_000149",
  "path": "/data1/lixiang/OpenS2S_dataset/ESD/CN/0005/Neutral/0005_000149.wav",
  "speaker_id": "0005",
  "ground_truth_emotion": "neutral",
  "target_emotion": "happy",
  "emo_text_clean": [
    "Sad",
    "Sad",
    "\u4f60\u597d\uff0c\u5e03\u83b1"
  ],
  "emo_text_adv": [
    "Happy",
    "Happy",
    "Happy"
  ],
  "emo_pred_clean": [
    "sad",
    "sad",
    ""
  ],
  "emo_pred_adv": [
    "happy",
    "happy",
    "happy"
  ],
  "asr_text_clean": "\u4f60\u597d\uff0c\u5e03\u83b1",
  "asr_text_adv": "\u5c3c\u739b\u5e03\u83b1",
  "success_emo": true,
  "wer": 1.0,
  "semantic_sim": 0.5311010479927063,
  "semantic_preserved": false,
  "delta_linf": 0.008000001311302185,
  "delta_l2": 1.0350302457809448,
  "snr_db": 12.524171749672748,
  "grad_norm_trace": [
    3673.694091796875,
    143.60800170898438,
    88.26638793945312,
    74.65349578857422,
    329.56646728515625,
    53.520896911621094,
    49.98787307739258,
    57.35775375366211,
    103.20293426513672,
    120.93287658691406,
    63.745235443115234,
    86.65042877197266,
    86.33812713623047,
    135.5329132080078,
    97.3559799194336,
    115.1661376953125,
    74.89554595947266,
    92.49752044677734,
    65.41879272460938,
    70.24424743652344,
    121.90062713623047,
    58.89010238647461,
    239.12442016601562,
    48.71657180786133,
    75.77471923828125,
    73.94209289550781,
    70.92706298828125,
    94.5135269165039,
    45.73582458496094,
    52.81922912597656,
    234.2209930419922,
    36.48515319824219,
    57.06682586669922,
    92.8010482788086,
    122.35266876220703,
    299.9019470214844,
    118.85308837890625,
    50.81911087036133,
    100.75695037841797,
    34.100013732910156,
    46.63080596923828,
    58.19504928588867,
    262.26544189453125,
    68.19390869140625,
    44.86283874511719,
    37.418949127197266,
    44.285274505615234,
    53.504146575927734,
    50.66874694824219,
    41.87431716918945,
    39.594669342041016,
    36.112701416015625,
    36.154754638671875,
    41.57876205444336,
    35.44895553588867,
    59.5047721862793,
    65.7509765625,
    59.68716049194336,
    43.07542037963867,
    36.692623138427734
  ],
  "loss_trace": [
    {
      "step": 0,
      "total": 10.50070508491397,
      "emo": 10.500680923461914,
      "asr": 0.24161452054977417,
      "per": 0.0,
      "lambda_emo": 1.0,
      "lambda_asr": 0.0001,
      "lambda_per": 0.0
    },
    {
      "step": 1,
      "total": 7.410321712851524,
      "emo": 7.410279273986816,
      "asr": 0.4243886470794678,
      "per": 0.06165078282356262,
      "lambda_emo": 1.0,
      "lambda_asr": 0.0001,
      "lambda_per": 0.0
    },
    {
      "step": 2,
      "total": 6.33606640279293,
      "emo": 6.336012840270996,
      "asr": 0.5356252193450928,
      "per": 0.04908265918493271,
      "lambda_emo": 1.0,
      "lambda_asr": 0.0001,
      "lambda_per": 0.0
    },
    {
      "step": 3,
      "total": 6.837503044039011,
      "emo": 6.8374528884887695,
      "asr": 0.5015555024147034,
      "per": 0.04670867323875427,
      "lambda_emo": 1.0,
      "lambda_asr": 0.0001,
      "lambda_per": 0.0
    },
    {
      "step": 4,
      "total": 5.950811054199934,
      "emo": 5.950746536254883,
      "asr": 0.6451794505119324,
      "per": 0.05521261692047119,
      "lambda_emo": 1.0,
      "lambda_asr": 0.0001,
      "lambda_per": 0.0
    },
    {
      "step": 5,
      "total": 4.393789360332489,
      "emo": 4.393715858459473,
      "asr": 0.7350187301635742,
      "per": 0.0538417212665081,
      "lambda_emo": 1.0,
      "lambda_asr": 0.0001,
      "lambda_per": 0.0
    },
    {
      "step": 6,
      "total": 3.889242934846878,
      "emo": 3.8888003826141357,
      "asr": 4.425522327423096,
      "per": 0.06489116698503494,
      "lambda_emo": 1.0,
      "lambda_asr": 0.0001,
      "lambda_per": 0.0
    },
    {
      "step": 7,
      "total": 3.5841529091358186,
      "emo": 3.5836074352264404,
      "asr": 5.454739093780518,
      "per": 0.06367573142051697,
      "lambda_emo": 1.0,
      "lambda_asr": 0.0001,
      "lambda_per": 0.0
    },
    {
      "step": 8,
      "total": 3.827711592721939,
      "emo": 3.8271663188934326,
      "asr": 5.452738285064697,
      "per": 0.04950202628970146,
      "lambda_emo": 1.0,
      "lambda_asr": 0.0001,
      "lambda_per": 0.0
    },
    {
      "step": 9,
      "total": 5.474496363717318,
      "emo": 5.474444389343262,
      "asr": 0.5197437405586243,
      "per": 0.046505674719810486,
      "lambda_emo": 1.0,
      "lambda_asr": 0.0001,
      "lambda_per": 0.0
    },
    {
      "step": 10,
      "total": 4.691382791149616,
      "emo": 4.691267013549805,
      "asr": 1.1577759981155396,
      "per": 0.052313707768917084,
      "lambda_emo": 1.0,
      "lambda_asr": 0.0001,
      "lambda_per": 0.0
    },
    {
      "step": 11,
      "total": 3.6246703759104015,
      "emo": 3.6246204376220703,
      "asr": 0.499382883310318,
      "per": 0.058413468301296234,
      "lambda_emo": 1.0,
      "lambda_asr": 0.0001,
      "lambda_per": 0.0
    },
    {
      "step": 12,
      "total": 3.587814399731159,
      "emo": 3.587634563446045,
      "asr": 1.7983628511428833,
      "per": 0.06106041371822357,
      "lambda_emo": 1.0,
      "lambda_asr": 0.0001,
      "lambda_per": 0.0
    },
    {
      "step": 13,
      "total": 3.5613882898926734,
      "emo": 3.5611891746520996,
      "asr": 1.9911524057388306,
      "per": 0.06019828841090202,
      "lambda_emo": 1.0,
      "lambda_asr": 0.0001,
      "lambda_per": 0.0
    },
    {
      "step": 14,
      "total": 4.188247414389252,
      "emo": 4.188199043273926,
      "asr": 0.4837111532688141,
      "per": 0.06020800396800041,
      "lambda_emo": 1.0,
      "lambda_asr": 0.0001,
      "lambda_per": 0.0
    },
    {
      "step": 15,
      "total": 4.541234698414803,
      "emo": 4.540996551513672,
      "asr": 2.3814690113067627,
      "per": 0.04608152434229851,
      "lambda_emo": 1.0,
      "lambda_asr": 0.0001,
      "lambda_per": 0.0
    },
    {
      "step": 16,
      "total": 3.862236219203472,
      "emo": 3.8620517253875732,
      "asr": 1.8449381589889526,
      "per": 0.04566725343465805,
      "lambda_emo": 1.0,
      "lambda_asr": 0.0001,
      "lambda_per": 0.0
    },
    {
      "step": 17,
      "total": 3.754032794368267,
      "emo": 3.7538890838623047,
      "asr": 1.4371050596237183,
      "per": 0.05968920513987541,
      "lambda_emo": 1.0,
      "lambda_asr": 0.0001,
      "lambda_per": 0.0
    },
    {
      "step": 18,
      "total": 4.233968394708634,
      "emo": 4.233778953552246,
      "asr": 1.894411563873291,
      "per": 0.059814613312482834,
      "lambda_emo": 1.0,
      "lambda_asr": 0.0001,
      "lambda_per": 0.0
    },
    {
      "step": 19,
      "total": 3.487474470949173,
      "emo": 3.4872889518737793,
      "asr": 1.8551907539367676,
      "per": 0.05965534597635269,
      "lambda_emo": 1.0,
      "lambda_asr": 0.0001,
      "lambda_per": 0.0
    },
    {
      "step": 20,
      "total": 3.4718527028751,
      "emo": 3.458779811859131,
      "asr": 1.3072415590286255,
      "per": 0.04754256829619408,
      "lambda_emo": 1.0,
      "lambda_asr": 0.01,
      "lambda_per": 1e-05
    },
    {
      "step": 21,
      "total": 4.038114699086995,
      "emo": 4.009982109069824,
      "asr": 2.8131964206695557,
      "per": 0.06258104741573334,
      "lambda_emo": 1.0,
      "lambda_asr": 0.01,
      "lambda_per": 1e-05
    },
    {
      "step": 22,
      "total": 3.579563424119167,
      "emo": 3.5544729232788086,
      "asr": 2.5090014934539795,
      "per": 0.048590581864118576,
      "lambda_emo": 1.0,
      "lambda_asr": 0.01,
      "lambda_per": 1e-05
    },
    {
      "step": 23,
      "total": 3.255546285297945,
      "emo": 3.231743574142456,
      "asr": 2.3802223205566406,
      "per": 0.04879499226808548,
      "lambda_emo": 1.0,
      "lambda_asr": 0.01,