{
  "sample_id": "08994_0005_neutral_0005_000232",
  "path": "/data1/lixiang/OpenS2S_dataset/ESD/CN/0005/Neutral/0005_000232.wav",
  "speaker_id": "0005",
  "ground_truth_emotion": "neutral",
  "target_emotion": "happy",
  "emo_text_clean": [
    "Neutral",
    "Neutral",
    "\u542c\u8d77\u6765"
  ],
  "emo_text_adv": [
    "happy",
    "happy",
    "happy"
  ],
  "emo_pred_clean": [
    "neutral",
    "neutral",
    ""
  ],
  "emo_pred_adv": [
    "happy",
    "happy",
    "happy"
  ],
  "asr_text_clean": "\u542c\u8d77\u6765",
  "asr_text_adv": "\u597d\u7684\uff0c\u6211\u6765\u8f6c\u5f55\u4e00\u4e0b\u3002",
  "success_emo": true,
  "wer": 1.0,
  "semantic_sim": 0.5590949058532715,
  "semantic_preserved": false,
  "delta_linf": 0.008000001311302185,
  "delta_l2": 1.0424953699111938,
  "snr_db": 13.887972208513393,
  "grad_norm_trace": [
    1046.8509521484375,
    180.82015991210938,
    55.6971321105957,
    97.3614273071289,
    126.5158462524414,
    217.61297607421875,
    259.497314453125,
    91.2902603149414,
    265.33770751953125,
    137.2228546142578,
    61.04441833496094,
    120.31385040283203,
    63.47059631347656,
    58.042903900146484,
    53.32681655883789,
    117.5079574584961,
    50.27559280395508,
    24.805614471435547,
    48.002845764160156,
    24.794559478759766,
    18.732471466064453,
    24.7310848236084,
    30.762914657592773,
    22.490049362182617,
    11.112750053405762,
    14.58473014831543,
    19.07238006591797,
    15.386402130126953,
    9.591021537780762,
    9.991598129272461,
    11.91196346282959,
    10.575590133666992,
    22.732627868652344,
    15.456451416015625,
    9.200936317443848,
    9.879932403564453,
    20.440853118896484,
    12.757521629333496,
    8.270813941955566,
    8.806124687194824,
    6.659389972686768,
    7.925461769104004,
    10.884389877319336,
    13.611013412475586,
    8.375798225402832,
    10.800702095031738,
    9.416145324707031,
    6.8362016677856445,
    6.0593438148498535,
    4.842532157897949,
    6.259024620056152,
    10.74646282196045,
    11.075987815856934,
    9.631393432617188,
    9.075678825378418,
    8.686174392700195,
    7.819202423095703,
    28.487010955810547,
    11.40023136138916,
    12.555902481079102
  ],
  "loss_trace": [
    {
      "step": 0,
      "total": 9.455157816588878,
      "emo": 9.455072402954102,
      "asr": 0.8541363477706909,
      "per": 0.0,
      "lambda_emo": 1.0,
      "lambda_asr": 0.0001,
      "lambda_per": 0.0
    },
    {
      "step": 1,
      "total": 5.654768152499199,
      "emo": 5.654417991638184,
      "asr": 3.5016086101531982,
      "per": 0.03350496292114258,
      "lambda_emo": 1.0,
      "lambda_asr": 0.0001,
      "lambda_per": 0.0
    },
    {
      "step": 2,
      "total": 5.801481249594689,
      "emo": 5.801176071166992,
      "asr": 3.0517842769622803,
      "per": 0.038388367742300034,
      "lambda_emo": 1.0,
      "lambda_asr": 0.0001,
      "lambda_per": 0.0
    },
    {
      "step": 3,
      "total": 5.588826291298866,
      "emo": 5.588446617126465,
      "asr": 3.7967417240142822,
      "per": 0.040688250213861465,
      "lambda_emo": 1.0,
      "lambda_asr": 0.0001,
      "lambda_per": 0.0
    },
    {
      "step": 4,
      "total": 5.118893876314163,
      "emo": 5.118455410003662,
      "asr": 4.384663105010986,
      "per": 0.040332939475774765,
      "lambda_emo": 1.0,
      "lambda_asr": 0.0001,
      "lambda_per": 0.0
    },
    {
      "step": 5,
      "total": 5.119710560226441,
      "emo": 5.119240760803223,
      "asr": 4.697994232177734,
      "per": 0.04548608511686325,
      "lambda_emo": 1.0,
      "lambda_asr": 0.0001,
      "lambda_per": 0.0
    },
    {
      "step": 6,
      "total": 6.089475060462951,
      "emo": 6.088927268981934,
      "asr": 5.477914810180664,
      "per": 0.042010437697172165,
      "lambda_emo": 1.0,
      "lambda_asr": 0.0001,
      "lambda_per": 0.0
    },
    {
      "step": 7,
      "total": 5.332171610355378,
      "emo": 5.331664085388184,
      "asr": 5.075249671936035,
      "per": 0.04339351877570152,
      "lambda_emo": 1.0,
      "lambda_asr": 0.0001,
      "lambda_per": 0.0
    },
    {
      "step": 8,
      "total": 5.290487510681152,
      "emo": 5.289953231811523,
      "asr": 5.3427886962890625,
      "per": 0.05214250087738037,
      "lambda_emo": 1.0,
      "lambda_asr": 0.0001,
      "lambda_per": 0.0
    },
    {
      "step": 9,
      "total": 4.711614393043518,
      "emo": 4.710949897766113,
      "asr": 6.644952774047852,
      "per": 0.054990287870168686,
      "lambda_emo": 1.0,
      "lambda_asr": 0.0001,
      "lambda_per": 0.0
    },
    {
      "step": 10,
      "total": 3.5843051829338073,
      "emo": 3.5836963653564453,
      "asr": 6.0881757736206055,
      "per": 0.05099768936634064,
      "lambda_emo": 1.0,
      "lambda_asr": 0.0001,
      "lambda_per": 0.0
    },
    {
      "step": 11,
      "total": 4.1515305439949035,
      "emo": 4.150892734527588,
      "asr": 6.378094673156738,
      "per": 0.03883983567357063,
      "lambda_emo": 1.0,
      "lambda_asr": 0.0001,
      "lambda_per": 0.0
    },
    {
      "step": 12,
      "total": 2.9910961919784547,
      "emo": 2.990048885345459,
      "asr": 10.473066329956055,
      "per": 0.05576471611857414,
      "lambda_emo": 1.0,
      "lambda_asr": 0.0001,
      "lambda_per": 0.0
    },
    {
      "step": 13,
      "total": 1.9556638390541077,
      "emo": 1.954793930053711,
      "asr": 8.699090003967285,
      "per": 0.04003997892141342,
      "lambda_emo": 1.0,
      "lambda_asr": 0.0001,
      "lambda_per": 0.0
    },
    {
      "step": 14,
      "total": 2.2271520091056822,
      "emo": 2.2262840270996094,
      "asr": 8.67982006072998,
      "per": 0.04209074378013611,
      "lambda_emo": 1.0,
      "lambda_asr": 0.0001,
      "lambda_per": 0.0
    },
    {
      "step": 15,
      "total": 2.8207458848953246,
      "emo": 2.8201558589935303,
      "asr": 5.900259017944336,
      "per": 0.05295804888010025,
      "lambda_emo": 1.0,
      "lambda_asr": 0.0001,
      "lambda_per": 0.0
    },
    {
      "step": 16,
      "total": 1.957523227596283,
      "emo": 1.9566354751586914,
      "asr": 8.877524375915527,
      "per": 0.05225853621959686,
      "lambda_emo": 1.0,
      "lambda_asr": 0.0001,
      "lambda_per": 0.0
    },
    {
      "step": 17,
      "total": 1.187067345046997,
      "emo": 1.1860363483428955,
      "asr": 10.309967041015625,
      "per": 0.04539385437965393,
      "lambda_emo": 1.0,
      "lambda_asr": 0.0001,
      "lambda_per": 0.0
    },
    {
      "step": 18,
      "total": 1.2521856070518493,
      "emo": 1.2512342929840088,
      "asr": 9.513140678405762,
      "per": 0.04435694217681885,
      "lambda_emo": 1.0,
      "lambda_asr": 0.0001,
      "lambda_per": 0.0
    },
    {
      "step": 19,
      "total": 1.0174387244224548,
      "emo": 1.0163811445236206,
      "asr": 10.575798988342285,
      "per": 0.04011464864015579,
      "lambda_emo": 1.0,
      "lambda_asr": 0.0001,
      "lambda_per": 0.0
    },
    {
      "step": 20,
      "total": 0.9604330052639545,
      "emo": 0.854594886302948,
      "asr": 10.583763122558594,
      "per": 0.048773542046546936,
      "lambda_emo": 1.0,
      "lambda_asr": 0.01,
      "lambda_per": 1e-05
    },
    {
      "step": 21,
      "total": 1.0328614504968376,
      "emo": 0.9321988821029663,
      "asr": 10.06620979309082,
      "per": 0.047046296298503876,
      "lambda_emo": 1.0,
      "lambda_asr": 0.01,
      "lambda_per": 1e-05
    },
    {
      "step": 22,
      "total": 1.0118759049360455,
      "emo": 0.9094836711883545,
      "asr": 10.239173889160156,
      "per": 0.04948560893535614,
      "lambda_emo": 1.0,
      "lambda_asr": 0.01,
      "lambda_per": 1e-05
    },
    {
      "step": 23,
      "total": 0.9907409139716625,
      "emo": 0.8932121992111206,
      "asr": 9.75281810760498,
      "per": 0.053368449211120605,
      "lambda_emo": 1.0,