{
  "sample_id": "09039_0005_neutral_0005_000132",
  "path": "/data1/lixiang/OpenS2S_dataset/ESD/CN/0005/Neutral/0005_000132.wav",
  "speaker_id": "0005",
  "ground_truth_emotion": "neutral",
  "target_emotion": "happy",
  "emo_text_clean": [
    "Sad",
    "Sad",
    "\u5979\u662f\u6211\u6700\u7275\u6302"
  ],
  "emo_text_adv": [
    "The emotion of this audio is neutral.",
    "Happy",
    "Happy"
  ],
  "emo_pred_clean": [
    "sad",
    "sad",
    ""
  ],
  "emo_pred_adv": [
    "neutral",
    "happy",
    "happy"
  ],
  "asr_text_clean": "\u5979\u662f\u6211\u6700\u7275\u6302",
  "asr_text_adv": "\u6211\u6700\u7275\u6302",
  "success_emo": false,
  "wer": 1.0,
  "semantic_sim": 0.6364153623580933,
  "semantic_preserved": false,
  "delta_linf": 0.008000001311302185,
  "delta_l2": 1.0021681785583496,
  "snr_db": 9.318519935249826,
  "grad_norm_trace": [
    2478.9248046875,
    173.59165954589844,
    75.290283203125,
    240.16464233398438,
    86.1230697631836,
    164.42774963378906,
    45.14638137817383,
    42.7430305480957,
    36.23017501831055,
    52.59786605834961,
    34.160011291503906,
    28.360576629638672,
    50.1710319519043,
    41.35427474975586,
    33.56215286254883,
    45.358909606933594,
    71.65156555175781,
    62.631412506103516,
    85.29170989990234,
    85.65972900390625,
    34.06249237060547,
    47.85540008544922,
    42.48884582519531,
    31.808040618896484,
    53.44268798828125,
    44.99691390991211,
    39.64917755126953,
    30.932025909423828,
    40.01378631591797,
    35.397457122802734,
    28.62786102294922,
    64.98838806152344,
    33.861759185791016,
    31.264699935913086,
    54.583919525146484,
    43.33937454223633,
    39.00278854370117,
    22.133630752563477,
    30.100954055786133,
    29.715538024902344,
    26.910322189331055,
    54.924800872802734,
    196.2451171875,
    41.010414123535156,
    42.806434631347656,
    34.09273910522461,
    45.730560302734375,
    23.10542869567871,
    38.20250701904297,
    46.4736442565918,
    36.16122055053711,
    69.77044677734375,
    154.92340087890625,
    80.12841796875,
    143.4496307373047,
    146.23748779296875,
    79.42796325683594,
    71.00301361083984,
    65.95201873779297,
    98.96428680419922
  ],
  "loss_trace": [
    {
      "step": 0,
      "total": 9.260850066438318,
      "emo": 9.260805130004883,
      "asr": 0.4493643343448639,
      "per": 0.0,
      "lambda_emo": 1.0,
      "lambda_asr": 0.0001,
      "lambda_per": 0.0
    },
    {
      "step": 1,
      "total": 4.557261147218942,
      "emo": 4.557206153869629,
      "asr": 0.5499334931373596,
      "per": 0.06855545938014984,
      "lambda_emo": 1.0,
      "lambda_asr": 0.0001,
      "lambda_per": 0.0
    },
    {
      "step": 2,
      "total": 3.349728958207369,
      "emo": 3.349665403366089,
      "asr": 0.6355484127998352,
      "per": 0.05110829696059227,
      "lambda_emo": 1.0,
      "lambda_asr": 0.0001,
      "lambda_per": 0.0
    },
    {
      "step": 3,
      "total": 4.160227794110775,
      "emo": 4.160128116607666,
      "asr": 0.9967750310897827,
      "per": 0.05521626025438309,
      "lambda_emo": 1.0,
      "lambda_asr": 0.0001,
      "lambda_per": 0.0
    },
    {
      "step": 4,
      "total": 3.3081742203652857,
      "emo": 3.308108329772949,
      "asr": 0.6589059233665466,
      "per": 0.06334993243217468,
      "lambda_emo": 1.0,
      "lambda_asr": 0.0001,
      "lambda_per": 0.0
    },
    {
      "step": 5,
      "total": 3.6315888883829115,
      "emo": 3.631495952606201,
      "asr": 0.9293577671051025,
      "per": 0.04627059027552605,
      "lambda_emo": 1.0,
      "lambda_asr": 0.0001,
      "lambda_per": 0.0
    },
    {
      "step": 6,
      "total": 3.340177052348852,
      "emo": 3.340092182159424,
      "asr": 0.8487018942832947,
      "per": 0.04621776565909386,
      "lambda_emo": 1.0,
      "lambda_asr": 0.0001,
      "lambda_per": 0.0
    },
    {
      "step": 7,
      "total": 2.7153435021996497,
      "emo": 2.7152230739593506,
      "asr": 1.2042824029922485,
      "per": 0.047482848167419434,
      "lambda_emo": 1.0,
      "lambda_asr": 0.0001,
      "lambda_per": 0.0
    },
    {
      "step": 8,
      "total": 2.3441430941224097,
      "emo": 2.3440380096435547,
      "asr": 1.0508447885513306,
      "per": 0.04749761521816254,
      "lambda_emo": 1.0,
      "lambda_asr": 0.0001,
      "lambda_per": 0.0
    },
    {
      "step": 9,
      "total": 2.0941316892385484,
      "emo": 2.094017505645752,
      "asr": 1.1418359279632568,
      "per": 0.0638379156589508,
      "lambda_emo": 1.0,
      "lambda_asr": 0.0001,
      "lambda_per": 0.0
    },
    {
      "step": 10,
      "total": 2.6234711690306662,
      "emo": 2.6233134269714355,
      "asr": 1.5774205923080444,
      "per": 0.050644975155591965,
      "lambda_emo": 1.0,
      "lambda_asr": 0.0001,
      "lambda_per": 0.0
    },
    {
      "step": 11,
      "total": 2.1425627712368964,
      "emo": 2.1424479484558105,
      "asr": 1.1482278108596802,
      "per": 0.05184110254049301,
      "lambda_emo": 1.0,
      "lambda_asr": 0.0001,
      "lambda_per": 0.0
    },
    {
      "step": 12,
      "total": 2.2207999769568443,
      "emo": 2.2206921577453613,
      "asr": 1.078192114830017,
      "per": 0.04870332032442093,
      "lambda_emo": 1.0,
      "lambda_asr": 0.0001,
      "lambda_per": 0.0
    },
    {
      "step": 13,
      "total": 2.7264245540738106,
      "emo": 2.7263126373291016,
      "asr": 1.119167447090149,
      "per": 0.045870341360569,
      "lambda_emo": 1.0,
      "lambda_asr": 0.0001,
      "lambda_per": 0.0
    },
    {
      "step": 14,
      "total": 2.152477702999115,
      "emo": 2.152383327484131,
      "asr": 0.9437551498413086,
      "per": 0.04854150861501694,
      "lambda_emo": 1.0,
      "lambda_asr": 0.0001,
      "lambda_per": 0.0
    },
    {
      "step": 15,
      "total": 2.0250694220781327,
      "emo": 2.0249712467193604,
      "asr": 0.9817535877227783,
      "per": 0.05963970348238945,
      "lambda_emo": 1.0,
      "lambda_asr": 0.0001,
      "lambda_per": 0.0
    },
    {
      "step": 16,
      "total": 2.2199399101138115,
      "emo": 2.2197985649108887,
      "asr": 1.4134520292282104,
      "per": 0.055567480623722076,
      "lambda_emo": 1.0,
      "lambda_asr": 0.0001,
      "lambda_per": 0.0
    },
    {
      "step": 17,
      "total": 3.3694609576702117,
      "emo": 3.369351387023926,
      "asr": 1.0957064628601074,
      "per": 0.050460826605558395,
      "lambda_emo": 1.0,
      "lambda_asr": 0.0001,
      "lambda_per": 0.0
    },
    {
      "step": 18,
      "total": 3.349798061966896,
      "emo": 3.349694013595581,
      "asr": 1.0404837131500244,
      "per": 0.04980058595538139,
      "lambda_emo": 1.0,
      "lambda_asr": 0.0001,
      "lambda_per": 0.0
    },
    {
      "step": 19,
      "total": 3.188385160207748,
      "emo": 3.188194990158081,
      "asr": 1.901700496673584,
      "per": 0.05014967545866966,
      "lambda_emo": 1.0,
      "lambda_asr": 0.0001,
      "lambda_per": 0.0
    },
    {
      "step": 20,
      "total": 3.3053230035707357,
      "emo": 3.2802734375,
      "asr": 2.5049021244049072,
      "per": 0.05448266863822937,
      "lambda_emo": 1.0,
      "lambda_asr": 0.01,
      "lambda_per": 1e-05
    },
    {
      "step": 21,
      "total": 2.460025674266033,
      "emo": 2.4432244300842285,
      "asr": 1.6800775527954102,
      "per": 0.04686538502573967,
      "lambda_emo": 1.0,
      "lambda_asr": 0.01,
      "lambda_per": 1e-05
    },
    {
      "step": 22,
      "total": 2.272249254854135,
      "emo": 2.259338855743408,
      "asr": 1.29098641872406,
      "per": 0.05349234864115715,
      "lambda_emo": 1.0,
      "lambda_asr": 0.01,
      "lambda_per": 1e-05
    },
    {
      "step": 23,
      "total": 2.0014601365371045,
      "emo": 1.9872077703475952,
      "asr": 1.4251726865768433,
      "per": 0.0639323741197586,
      "lambda_emo": 1.0,