{
  "sample_id": "09098_0005_neutral_0005_000147",
  "path": "/data1/lixiang/OpenS2S_dataset/ESD/CN/0005/Neutral/0005_000147.wav",
  "speaker_id": "0005",
  "ground_truth_emotion": "neutral",
  "target_emotion": "happy",
  "emo_text_clean": [
    "Neutral",
    "Neutral",
    "Neutral."
  ],
  "emo_text_adv": [
    "Neutral",
    "Happy",
    "The sentence is neutral."
  ],
  "emo_pred_clean": [
    "neutral",
    "neutral",
    "neutral"
  ],
  "emo_pred_adv": [
    "neutral",
    "happy",
    "neutral"
  ],
  "asr_text_clean": "\u4e0d\u77e5\u9053\u6216\u8bb8\u4e00\u53cc\u624b\u5957",
  "asr_text_adv": "\u4e00\u8258",
  "success_emo": false,
  "wer": 1.0,
  "semantic_sim": 0.48478949069976807,
  "semantic_preserved": false,
  "delta_linf": 0.008000001311302185,
  "delta_l2": 1.0247149467468262,
  "snr_db": 10.314173454554359,
  "grad_norm_trace": [
    594.7816162109375,
    432.66326904296875,
    94.90507507324219,
    253.20822143554688,
    508.1064147949219,
    182.09194946289062,
    122.04374694824219,
    105.04171752929688,
    279.2178955078125,
    66.84667205810547,
    49.45550537109375,
    58.26575469970703,
    57.58771514892578,
    52.750328063964844,
    97.61761474609375,
    62.12190246582031,
    61.60173416137695,
    203.705078125,
    71.25259399414062,
    74.92001342773438,
    66.73267364501953,
    39.80964279174805,
    161.11691284179688,
    138.58425903320312,
    182.90057373046875,
    168.30752563476562,
    168.17308044433594,
    123.69449615478516,
    175.04383850097656,
    114.63866424560547,
    166.31076049804688,
    164.67947387695312,
    226.34388732910156,
    228.43447875976562,
    89.13679504394531,
    149.4059295654297,
    79.07331085205078,
    130.6697998046875,
    105.21542358398438,
    76.09323120117188,
    65.6046371459961,
    86.8870849609375,
    102.5785140991211,
    63.856815338134766,
    135.31918334960938,
    48.60924530029297,
    98.98281860351562,
    103.71586608886719,
    48.83649444580078,
    76.70503234863281,
    104.13519287109375,
    84.831298828125,
    202.3332977294922,
    99.2161636352539,
    75.2717514038086,
    112.99854278564453,
    48.38650131225586,
    75.10517120361328,
    33.36841583251953,
    48.16115951538086
  ],
  "loss_trace": [
    {
      "step": 0,
      "total": 8.789413331973552,
      "emo": 8.789346694946289,
      "asr": 0.6663702726364136,
      "per": 0.0,
      "lambda_emo": 1.0,
      "lambda_asr": 0.0001,
      "lambda_per": 0.0
    },
    {
      "step": 1,
      "total": 7.834965284633636,
      "emo": 7.834860801696777,
      "asr": 1.0448293685913086,
      "per": 0.030024653300642967,
      "lambda_emo": 1.0,
      "lambda_asr": 0.0001,
      "lambda_per": 0.0
    },
    {
      "step": 2,
      "total": 5.2557257209301,
      "emo": 5.255153179168701,
      "asr": 5.725417613983154,
      "per": 0.03609785437583923,
      "lambda_emo": 1.0,
      "lambda_asr": 0.0001,
      "lambda_per": 0.0
    },
    {
      "step": 3,
      "total": 6.157479359912872,
      "emo": 6.1567606925964355,
      "asr": 7.186673164367676,
      "per": 0.03586803376674652,
      "lambda_emo": 1.0,
      "lambda_asr": 0.0001,
      "lambda_per": 0.0
    },
    {
      "step": 4,
      "total": 5.835745062017441,
      "emo": 5.835097312927246,
      "asr": 6.4774909019470215,
      "per": 0.045549940317869186,
      "lambda_emo": 1.0,
      "lambda_asr": 0.0001,
      "lambda_per": 0.0
    },
    {
      "step": 5,
      "total": 6.2289111507415775,
      "emo": 6.228457450866699,
      "asr": 4.536998748779297,
      "per": 0.04540140554308891,
      "lambda_emo": 1.0,
      "lambda_asr": 0.0001,
      "lambda_per": 0.0
    },
    {
      "step": 6,
      "total": 4.625577741241455,
      "emo": 4.6248979568481445,
      "asr": 6.797843933105469,
      "per": 0.05361604690551758,
      "lambda_emo": 1.0,
      "lambda_asr": 0.0001,
      "lambda_per": 0.0
    },
    {
      "step": 7,
      "total": 6.233980126953125,
      "emo": 6.23335599899292,
      "asr": 6.241279602050781,
      "per": 0.06196349114179611,
      "lambda_emo": 1.0,
      "lambda_asr": 0.0001,
      "lambda_per": 0.0
    },
    {
      "step": 8,
      "total": 5.844381866312027,
      "emo": 5.843619346618652,
      "asr": 7.625196933746338,
      "per": 0.04821154102683067,
      "lambda_emo": 1.0,
      "lambda_asr": 0.0001,
      "lambda_per": 0.0
    },
    {
      "step": 9,
      "total": 5.871801549625396,
      "emo": 5.871015548706055,
      "asr": 7.86000919342041,
      "per": 0.04612162336707115,
      "lambda_emo": 1.0,
      "lambda_asr": 0.0001,
      "lambda_per": 0.0
    },
    {
      "step": 10,
      "total": 4.891816729354859,
      "emo": 4.891012668609619,
      "asr": 8.040607452392578,
      "per": 0.05662788450717926,
      "lambda_emo": 1.0,
      "lambda_asr": 0.0001,
      "lambda_per": 0.0
    },
    {
      "step": 11,
      "total": 4.738564824581146,
      "emo": 4.737695217132568,
      "asr": 8.696074485778809,
      "per": 0.0571494996547699,
      "lambda_emo": 1.0,
      "lambda_asr": 0.0001,
      "lambda_per": 0.0
    },
    {
      "step": 12,
      "total": 4.245593353939056,
      "emo": 4.2448320388793945,
      "asr": 7.613150596618652,
      "per": 0.06056167185306549,
      "lambda_emo": 1.0,
      "lambda_asr": 0.0001,
      "lambda_per": 0.0
    },
    {
      "step": 13,
      "total": 3.660526338338852,
      "emo": 3.6598823070526123,
      "asr": 6.44031286239624,
      "per": 0.046580977737903595,
      "lambda_emo": 1.0,
      "lambda_asr": 0.0001,
      "lambda_per": 0.0
    },
    {
      "step": 14,
      "total": 3.2989051928043365,
      "emo": 3.298236846923828,
      "asr": 6.6834588050842285,
      "per": 0.059233613312244415,
      "lambda_emo": 1.0,
      "lambda_asr": 0.0001,
      "lambda_per": 0.0
    },
    {
      "step": 15,
      "total": 3.8271069897651673,
      "emo": 3.8263416290283203,
      "asr": 7.653607368469238,
      "per": 0.0622086338698864,
      "lambda_emo": 1.0,
      "lambda_asr": 0.0001,
      "lambda_per": 0.0
    },
    {
      "step": 16,
      "total": 2.909221637201309,
      "emo": 2.9085445404052734,
      "asr": 6.770967960357666,
      "per": 0.0497509241104126,
      "lambda_emo": 1.0,
      "lambda_asr": 0.0001,
      "lambda_per": 0.0
    },
    {
      "step": 17,
      "total": 3.6226080957889555,
      "emo": 3.6219146251678467,
      "asr": 6.934706211090088,
      "per": 0.059030257165431976,
      "lambda_emo": 1.0,
      "lambda_asr": 0.0001,
      "lambda_per": 0.0
    },
    {
      "step": 18,
      "total": 3.5281377368927003,
      "emo": 3.52752685546875,
      "asr": 6.108814239501953,
      "per": 0.06420283764600754,
      "lambda_emo": 1.0,
      "lambda_asr": 0.0001,
      "lambda_per": 0.0
    },
    {
      "step": 19,
      "total": 3.253537004470825,
      "emo": 3.252807378768921,
      "asr": 7.296257019042969,
      "per": 0.05849820002913475,
      "lambda_emo": 1.0,
      "lambda_asr": 0.0001,
      "lambda_per": 0.0
    },
    {
      "step": 20,
      "total": 4.739478191211336,
      "emo": 4.662440299987793,
      "asr": 7.703729152679443,
      "per": 0.05996967479586601,
      "lambda_emo": 1.0,
      "lambda_asr": 0.01,
      "lambda_per": 1e-05
    },
    {
      "step": 21,
      "total": 2.63264494383052,
      "emo": 2.5525693893432617,
      "asr": 8.007493019104004,
      "per": 0.06242962181568146,
      "lambda_emo": 1.0,
      "lambda_asr": 0.01,
      "lambda_per": 1e-05
    },
    {
      "step": 22,
      "total": 3.1294831846183166,
      "emo": 3.0456953048706055,
      "asr": 8.378735542297363,
      "per": 0.05243247374892235,
      "lambda_emo": 1.0,
      "lambda_asr": 0.01,
      "lambda_per": 1e-05
    },
    {
      "step": 23,
      "total": 4.638233276427091,
      "emo": 4.560328960418701,
      "asr": 7.790384769439697,
      "per": 0.0468313992023468,
      "lambda_emo": 1.0,
      "lambda_asr": 0.01,