{
  "sample_id": "09169_0005_sad_0005_001186",
  "path": "/data1/lixiang/OpenS2S_dataset/ESD/CN/0005/Sad/0005_001186.wav",
  "speaker_id": "0005",
  "ground_truth_emotion": "sad",
  "target_emotion": "happy",
  "emo_text_clean": [
    "Neutral",
    "\u4e2d\u6027",
    "\u542c\u8d77\u6765"
  ],
  "emo_text_adv": [
    "Happy",
    "Happy",
    "Happy"
  ],
  "emo_pred_clean": [
    "neutral",
    "",
    ""
  ],
  "emo_pred_adv": [
    "happy",
    "happy",
    "happy"
  ],
  "asr_text_clean": "\u6211\u559c\u6b22\u51e0\u4e4e\u6240\u6709\u7684\u8fd0\u52a8\u3002",
  "asr_text_adv": "I'm going to play with my ball and a music.",
  "success_emo": true,
  "wer": 10.0,
  "semantic_sim": 0.4699145555496216,
  "semantic_preserved": false,
  "delta_linf": 0.008000001311302185,
  "delta_l2": 1.0477250814437866,
  "snr_db": 6.050136562448021,
  "grad_norm_trace": [
    1813.4093017578125,
    284.63568115234375,
    371.04974365234375,
    130.76011657714844,
    386.8944396972656,
    80.16899871826172,
    52.617427825927734,
    53.976985931396484,
    47.7184944152832,
    93.99836730957031,
    85.05271911621094,
    56.124515533447266,
    75.89762115478516,
    69.9528579711914,
    58.52370071411133,
    140.74769592285156,
    54.94184875488281,
    55.02582931518555,
    50.19181442260742,
    54.025272369384766,
    73.8401870727539,
    157.21824645996094,
    51.63875961303711,
    72.54513549804688,
    58.685035705566406,
    79.42213439941406,
    38.35676956176758,
    44.30626678466797,
    52.24274826049805,
    58.42573547363281,
    63.10689163208008,
    61.17892074584961,
    55.48903274536133,
    56.26366424560547,
    122.97631072998047,
    119.43821716308594,
    106.89278411865234,
    94.31279754638672,
    57.20432662963867,
    45.830360412597656,
    52.27390670776367,
    92.1395034790039,
    46.167091369628906,
    49.05512619018555,
    54.8071174621582,
    43.19485855102539,
    62.69507598876953,
    41.2805290222168,
    49.4888801574707,
    76.89491271972656,
    55.07394790649414,
    68.73090362548828,
    75.7839584350586,
    78.11882019042969,
    42.203060150146484,
    63.467281341552734,
    30.56194496154785,
    40.09971237182617,
    38.23841857910156,
    32.951656341552734
  ],
  "loss_trace": [
    {
      "step": 0,
      "total": 8.651513045221567,
      "emo": 8.65147590637207,
      "asr": 0.3713884949684143,
      "per": 0.0,
      "lambda_emo": 1.0,
      "lambda_asr": 0.0001,
      "lambda_per": 0.0
    },
    {
      "step": 1,
      "total": 4.21610666410923,
      "emo": 4.216058731079102,
      "asr": 0.47933030128479004,
      "per": 0.050189971923828125,
      "lambda_emo": 1.0,
      "lambda_asr": 0.0001,
      "lambda_per": 0.0
    },
    {
      "step": 2,
      "total": 5.97575877737999,
      "emo": 5.974999904632568,
      "asr": 7.5887274742126465,
      "per": 0.06641592085361481,
      "lambda_emo": 1.0,
      "lambda_asr": 0.0001,
      "lambda_per": 0.0
    },
    {
      "step": 3,
      "total": 5.226320690822601,
      "emo": 5.225704193115234,
      "asr": 6.164977073669434,
      "per": 0.06356114149093628,
      "lambda_emo": 1.0,
      "lambda_asr": 0.0001,
      "lambda_per": 0.0
    },
    {
      "step": 4,
      "total": 5.708757776260376,
      "emo": 5.708087921142578,
      "asr": 6.698551177978516,
      "per": 0.06795787811279297,
      "lambda_emo": 1.0,
      "lambda_asr": 0.0001,
      "lambda_per": 0.0
    },
    {
      "step": 5,
      "total": 5.07932004237175,
      "emo": 5.078705787658691,
      "asr": 6.142547130584717,
      "per": 0.050602108240127563,
      "lambda_emo": 1.0,
      "lambda_asr": 0.0001,
      "lambda_per": 0.0
    },
    {
      "step": 6,
      "total": 4.506738369464874,
      "emo": 4.50613260269165,
      "asr": 6.0576677322387695,
      "per": 0.05013083666563034,
      "lambda_emo": 1.0,
      "lambda_asr": 0.0001,
      "lambda_per": 0.0
    },
    {
      "step": 7,
      "total": 4.559176658105851,
      "emo": 4.55855655670166,
      "asr": 6.201014041900635,
      "per": 0.06287308037281036,
      "lambda_emo": 1.0,
      "lambda_asr": 0.0001,
      "lambda_per": 0.0
    },
    {
      "step": 8,
      "total": 4.152234417676926,
      "emo": 4.151659965515137,
      "asr": 5.744521617889404,
      "per": 0.06203283369541168,
      "lambda_emo": 1.0,
      "lambda_asr": 0.0001,
      "lambda_per": 0.0
    },
    {
      "step": 9,
      "total": 4.259398487901688,
      "emo": 4.258792877197266,
      "asr": 6.056107044219971,
      "per": 0.06377062201499939,
      "lambda_emo": 1.0,
      "lambda_asr": 0.0001,
      "lambda_per": 0.0
    },
    {
      "step": 10,
      "total": 4.12235077252388,
      "emo": 4.121760845184326,
      "asr": 5.89927339553833,
      "per": 0.04918636009097099,
      "lambda_emo": 1.0,
      "lambda_asr": 0.0001,
      "lambda_per": 0.0
    },
    {
      "step": 11,
      "total": 3.7997830731868745,
      "emo": 3.7992019653320312,
      "asr": 5.8110785484313965,
      "per": 0.0652269795536995,
      "lambda_emo": 1.0,
      "lambda_asr": 0.0001,
      "lambda_per": 0.0
    },
    {
      "step": 12,
      "total": 3.3077004693984984,
      "emo": 3.3071370124816895,
      "asr": 5.63456916809082,
      "per": 0.04802998900413513,
      "lambda_emo": 1.0,
      "lambda_asr": 0.0001,
      "lambda_per": 0.0
    },
    {
      "step": 13,
      "total": 2.7194631572246553,
      "emo": 2.718841552734375,
      "asr": 6.216044902801514,
      "per": 0.05379528924822807,
      "lambda_emo": 1.0,
      "lambda_asr": 0.0001,
      "lambda_per": 0.0
    },
    {
      "step": 14,
      "total": 3.4743047853946685,
      "emo": 3.473604202270508,
      "asr": 7.005831241607666,
      "per": 0.06270793080329895,
      "lambda_emo": 1.0,
      "lambda_asr": 0.0001,
      "lambda_per": 0.0
    },
    {
      "step": 15,
      "total": 2.694050444936752,
      "emo": 2.6934356689453125,
      "asr": 6.147759914398193,
      "per": 0.057657599449157715,
      "lambda_emo": 1.0,
      "lambda_asr": 0.0001,
      "lambda_per": 0.0
    },
    {
      "step": 16,
      "total": 3.035930523586273,
      "emo": 3.0351970195770264,
      "asr": 7.335040092468262,
      "per": 0.05930442735552788,
      "lambda_emo": 1.0,
      "lambda_asr": 0.0001,
      "lambda_per": 0.0
    },
    {
      "step": 17,
      "total": 3.047258652114868,
      "emo": 3.0466341972351074,
      "asr": 6.244548797607422,
      "per": 0.059672318398952484,
      "lambda_emo": 1.0,
      "lambda_asr": 0.0001,
      "lambda_per": 0.0
    },
    {
      "step": 18,
      "total": 2.842909993648529,
      "emo": 2.8422858715057373,
      "asr": 6.2412214279174805,
      "per": 0.06550434231758118,
      "lambda_emo": 1.0,
      "lambda_asr": 0.0001,
      "lambda_per": 0.0
    },
    {
      "step": 19,
      "total": 2.2936868757247924,
      "emo": 2.2930920124053955,
      "asr": 5.948633193969727,
      "per": 0.04522618651390076,
      "lambda_emo": 1.0,
      "lambda_asr": 0.0001,
      "lambda_per": 0.0
    },
    {
      "step": 20,
      "total": 2.3997151560148597,
      "emo": 2.3421030044555664,
      "asr": 5.761160373687744,
      "per": 0.05478224158287048,
      "lambda_emo": 1.0,
      "lambda_asr": 0.01,
      "lambda_per": 1e-05
    },
    {
      "step": 21,
      "total": 2.118708060336113,
      "emo": 2.0560171604156494,
      "asr": 6.269036293029785,
      "per": 0.05369901657104492,
      "lambda_emo": 1.0,
      "lambda_asr": 0.01,
      "lambda_per": 1e-05
    },
    {
      "step": 22,
      "total": 2.2456165008921176,
      "emo": 2.1842122077941895,
      "asr": 6.140369415283203,
      "per": 0.05989450961351395,
      "lambda_emo": 1.0,
      "lambda_asr": 0.01,
      "lambda_per": 1e-05
    },
    {
      "step": 23,
      "total": 2.6539398905488847,
      "emo": 2.597013235092163,
      "asr": 5.692605018615723,
      "per": 0.06052705645561218,
      "lambda_emo": 1.0,
      "lambda_asr": 0.01,