{
  "sample_id": "09217_0005_sad_0005_001356",
  "path": "/data1/lixiang/OpenS2S_dataset/ESD/CN/0005/Sad/0005_001356.wav",
  "speaker_id": "0005",
  "ground_truth_emotion": "sad",
  "target_emotion": "happy",
  "emo_text_clean": [
    "Sad",
    "Sad",
    "\u542c\u8d77\u6765"
  ],
  "emo_text_adv": [
    "happy",
    "happy",
    "happy"
  ],
  "emo_pred_clean": [
    "sad",
    "sad",
    ""
  ],
  "emo_pred_adv": [
    "happy",
    "happy",
    "happy"
  ],
  "asr_text_clean": "\u4f60\u542c\u8d77\u6765",
  "asr_text_adv": "\u6211\u4eec\u804a\u4e86\u597d\u4e45\uff0c\u6700\u540e\u51b3\u5b9a\u53bb\u6d77\u8fb9",
  "success_emo": true,
  "wer": 1.0,
  "semantic_sim": 0.2120124250650406,
  "semantic_preserved": false,
  "delta_linf": 0.008000001311302185,
  "delta_l2": 1.2047204971313477,
  "snr_db": 1.055123660604202,
  "grad_norm_trace": [
    8540.7294921875,
    267.42803955078125,
    277.17510986328125,
    242.45339965820312,
    277.5090637207031,
    241.2122802734375,
    1202.2010498046875,
    227.2397918701172,
    197.11549377441406,
    408.3820495605469,
    428.0470275878906,
    290.76007080078125,
    193.91162109375,
    176.53590393066406,
    253.3629913330078,
    195.52938842773438,
    136.82814025878906,
    186.18154907226562,
    211.72943115234375,
    167.01904296875,
    113.92951202392578,
    118.90390014648438,
    118.14559173583984,
    68.84031677246094,
    240.9495086669922,
    175.24758911132812,
    169.68431091308594,
    310.58734130859375,
    143.1107635498047,
    526.662841796875,
    255.76536560058594,
    229.2066192626953,
    169.744873046875,
    209.27378845214844,
    165.0030517578125,
    90.52291107177734,
    79.3154525756836,
    78.24258422851562,
    104.33734130859375,
    103.16484069824219,
    88.79363250732422,
    54.12273025512695,
    43.16661834716797,
    137.17918395996094,
    36.732139587402344,
    63.65604782104492,
    34.16151428222656,
    25.47089958190918,
    52.38886260986328,
    29.03062629699707,
    17.85321044921875,
    15.967811584472656,
    19.20389175415039,
    23.2470703125,
    25.1480655670166,
    12.862031936645508,
    12.378274917602539,
    28.762680053710938,
    45.42573165893555,
    26.57714080810547
  ],
  "loss_trace": [
    {
      "step": 0,
      "total": 10.190573042428493,
      "emo": 10.190460205078125,
      "asr": 1.1283735036849976,
      "per": 0.0,
      "lambda_emo": 1.0,
      "lambda_asr": 0.0001,
      "lambda_per": 0.0
    },
    {
      "step": 1,
      "total": 5.478786718177796,
      "emo": 5.478315353393555,
      "asr": 4.713647842407227,
      "per": 0.08722822368144989,
      "lambda_emo": 1.0,
      "lambda_asr": 0.0001,
      "lambda_per": 0.0
    },
    {
      "step": 2,
      "total": 5.296967530059814,
      "emo": 5.296388149261475,
      "asr": 5.7938079833984375,
      "per": 0.08418837189674377,
      "lambda_emo": 1.0,
      "lambda_asr": 0.0001,
      "lambda_per": 0.0
    },
    {
      "step": 3,
      "total": 4.7605128698348995,
      "emo": 4.759903907775879,
      "asr": 6.089620590209961,
      "per": 0.06008382886648178,
      "lambda_emo": 1.0,
      "lambda_asr": 0.0001,
      "lambda_per": 0.0
    },
    {
      "step": 4,
      "total": 5.523195046234131,
      "emo": 5.522502422332764,
      "asr": 6.926239013671875,
      "per": 0.07725062221288681,
      "lambda_emo": 1.0,
      "lambda_asr": 0.0001,
      "lambda_per": 0.0
    },
    {
      "step": 5,
      "total": 4.813491290712356,
      "emo": 4.812948226928711,
      "asr": 5.430637836456299,
      "per": 0.06496991962194443,
      "lambda_emo": 1.0,
      "lambda_asr": 0.0001,
      "lambda_per": 0.0
    },
    {
      "step": 6,
      "total": 5.554619090080261,
      "emo": 5.554008483886719,
      "asr": 6.106061935424805,
      "per": 0.06812651455402374,
      "lambda_emo": 1.0,
      "lambda_asr": 0.0001,
      "lambda_per": 0.0
    },
    {
      "step": 7,
      "total": 6.391993434000015,
      "emo": 6.391480445861816,
      "asr": 5.129881381988525,
      "per": 0.05228317528963089,
      "lambda_emo": 1.0,
      "lambda_asr": 0.0001,
      "lambda_per": 0.0
    },
    {
      "step": 8,
      "total": 4.377329937458038,
      "emo": 4.376715183258057,
      "asr": 6.1475419998168945,
      "per": 0.05110735446214676,
      "lambda_emo": 1.0,
      "lambda_asr": 0.0001,
      "lambda_per": 0.0
    },
    {
      "step": 9,
      "total": 4.277770452404022,
      "emo": 4.277284622192383,
      "asr": 4.858302116394043,
      "per": 0.059109412133693695,
      "lambda_emo": 1.0,
      "lambda_asr": 0.0001,
      "lambda_per": 0.0
    },
    {
      "step": 10,
      "total": 3.199209051322937,
      "emo": 3.198385715484619,
      "asr": 8.233358383178711,
      "per": 0.06018796190619469,
      "lambda_emo": 1.0,
      "lambda_asr": 0.0001,
      "lambda_per": 0.0
    },
    {
      "step": 11,
      "total": 3.073090556716919,
      "emo": 3.072542190551758,
      "asr": 5.483661651611328,
      "per": 0.06417824327945709,
      "lambda_emo": 1.0,
      "lambda_asr": 0.0001,
      "lambda_per": 0.0
    },
    {
      "step": 12,
      "total": 1.937157054233551,
      "emo": 1.9366302490234375,
      "asr": 5.268052101135254,
      "per": 0.049739815294742584,
      "lambda_emo": 1.0,
      "lambda_asr": 0.0001,
      "lambda_per": 0.0
    },
    {
      "step": 13,
      "total": 3.3081034451007842,
      "emo": 3.3076140880584717,
      "asr": 4.893570423126221,
      "per": 0.0696529895067215,
      "lambda_emo": 1.0,
      "lambda_asr": 0.0001,
      "lambda_per": 0.0
    },
    {
      "step": 14,
      "total": 2.82518364443779,
      "emo": 2.824695110321045,
      "asr": 4.885341167449951,
      "per": 0.05162160098552704,
      "lambda_emo": 1.0,
      "lambda_asr": 0.0001,
      "lambda_per": 0.0
    },
    {
      "step": 15,
      "total": 4.251479802560806,
      "emo": 4.250984191894531,
      "asr": 4.956106662750244,
      "per": 0.056726984679698944,
      "lambda_emo": 1.0,
      "lambda_asr": 0.0001,
      "lambda_per": 0.0
    },
    {
      "step": 16,
      "total": 2.284593861413002,
      "emo": 2.2841968536376953,
      "asr": 3.9700777530670166,
      "per": 0.06804832816123962,
      "lambda_emo": 1.0,
      "lambda_asr": 0.0001,
      "lambda_per": 0.0
    },
    {
      "step": 17,
      "total": 3.019574947595596,
      "emo": 3.0190868377685547,
      "asr": 4.88109827041626,
      "per": 0.05241353064775467,
      "lambda_emo": 1.0,
      "lambda_asr": 0.0001,
      "lambda_per": 0.0
    },
    {
      "step": 18,
      "total": 2.361841429758072,
      "emo": 2.3612141609191895,
      "asr": 6.272688388824463,
      "per": 0.06709383428096771,
      "lambda_emo": 1.0,
      "lambda_asr": 0.0001,
      "lambda_per": 0.0
    },
    {
      "step": 19,
      "total": 2.5478323048591616,
      "emo": 2.547133445739746,
      "asr": 6.988591194152832,
      "per": 0.05104076862335205,
      "lambda_emo": 1.0,
      "lambda_asr": 0.0001,
      "lambda_per": 0.0
    },
    {
      "step": 20,
      "total": 2.0223466124612837,
      "emo": 1.9634946584701538,
      "asr": 5.885129928588867,
      "per": 0.06547052413225174,
      "lambda_emo": 1.0,
      "lambda_asr": 0.01,
      "lambda_per": 1e-05
    },
    {
      "step": 21,
      "total": 2.8541736878220365,
      "emo": 2.792454242706299,
      "asr": 6.171889781951904,
      "per": 0.05472962185740471,
      "lambda_emo": 1.0,
      "lambda_asr": 0.01,
      "lambda_per": 1e-05
    },
    {
      "step": 22,
      "total": 2.1007585622186586,
      "emo": 2.0519518852233887,
      "asr": 4.880622863769531,
      "per": 0.044835757464170456,
      "lambda_emo": 1.0,
      "lambda_asr": 0.01,
      "lambda_per": 1e-05
    },
    {
      "step": 23,
      "total": 2.0283561097992586,
      "emo": 1.953545093536377,
      "asr": 7.481045722961426,
      "per": 0.05590332671999931,
      "lambda_emo": 1.0,
      "lambda_asr": 0.01,