{
  "sample_id": "09262_0005_sad_0005_001336",
  "path": "/data1/lixiang/OpenS2S_dataset/ESD/CN/0005/Sad/0005_001336.wav",
  "speaker_id": "0005",
  "ground_truth_emotion": "sad",
  "target_emotion": "happy",
  "emo_text_clean": [
    "Sad",
    "Sad",
    "\u542c\u8d77\u6765"
  ],
  "emo_text_adv": [
    "happy",
    "happy",
    "happy"
  ],
  "emo_pred_clean": [
    "sad",
    "sad",
    ""
  ],
  "emo_pred_adv": [
    "happy",
    "happy",
    "happy"
  ],
  "asr_text_clean": "\u6211\u660e\u767d\u4f60\u73b0\u5728",
  "asr_text_adv": "The transcription is log base two of x equals y.",
  "success_emo": true,
  "wer": 10.0,
  "semantic_sim": 0.12479659169912338,
  "semantic_preserved": false,
  "delta_linf": 0.008000001311302185,
  "delta_l2": 1.1975924968719482,
  "snr_db": 1.8030706279854836,
  "grad_norm_trace": [
    3325.692138671875,
    258.1526184082031,
    231.7542266845703,
    91.26316833496094,
    193.64834594726562,
    97.6251220703125,
    100.74336242675781,
    89.97370147705078,
    32.912086486816406,
    36.54562759399414,
    68.8446044921875,
    48.5823974609375,
    49.23395538330078,
    27.714427947998047,
    62.915435791015625,
    42.341094970703125,
    35.1307373046875,
    51.4837760925293,
    55.510868072509766,
    34.69353103637695,
    48.1597900390625,
    34.971527099609375,
    29.246923446655273,
    39.21597671508789,
    36.99794387817383,
    43.74551773071289,
    61.30437469482422,
    30.685504913330078,
    32.184471130371094,
    79.34869384765625,
    60.829498291015625,
    26.658491134643555,
    19.729175567626953,
    19.931411743164062,
    22.118024826049805,
    34.99890899658203,
    32.95631408691406,
    33.91301345825195,
    19.848421096801758,
    30.609783172607422,
    42.10620880126953,
    28.3063907623291,
    14.116267204284668,
    29.091602325439453,
    20.270898818969727,
    41.48945236206055,
    17.392730712890625,
    20.596887588500977,
    29.691591262817383,
    30.194215774536133,
    17.920181274414062,
    41.853179931640625,
    21.342166900634766,
    29.01325225830078,
    33.908363342285156,
    22.493289947509766,
    98.29576873779297,
    10.782641410827637,
    10.569190979003906,
    17.965620040893555
  ],
  "loss_trace": [
    {
      "step": 0,
      "total": 9.514210915184021,
      "emo": 9.51408576965332,
      "asr": 1.251455307006836,
      "per": 0.0,
      "lambda_emo": 1.0,
      "lambda_asr": 0.0001,
      "lambda_per": 0.0
    },
    {
      "step": 1,
      "total": 6.436757234978676,
      "emo": 6.436477184295654,
      "asr": 2.800506830215454,
      "per": 0.07349813729524612,
      "lambda_emo": 1.0,
      "lambda_asr": 0.0001,
      "lambda_per": 0.0
    },
    {
      "step": 2,
      "total": 4.754841316890716,
      "emo": 4.754500865936279,
      "asr": 3.4045095443725586,
      "per": 0.07843302190303802,
      "lambda_emo": 1.0,
      "lambda_asr": 0.0001,
      "lambda_per": 0.0
    },
    {
      "step": 3,
      "total": 4.1406722787380215,
      "emo": 4.1400251388549805,
      "asr": 6.471398830413818,
      "per": 0.06071021407842636,
      "lambda_emo": 1.0,
      "lambda_asr": 0.0001,
      "lambda_per": 0.0
    },
    {
      "step": 4,
      "total": 3.6047485632419587,
      "emo": 3.604130268096924,
      "asr": 6.1829514503479,
      "per": 0.06623365730047226,
      "lambda_emo": 1.0,
      "lambda_asr": 0.0001,
      "lambda_per": 0.0
    },
    {
      "step": 5,
      "total": 2.9916511675357818,
      "emo": 2.991009473800659,
      "asr": 6.416937351226807,
      "per": 0.06454696506261826,
      "lambda_emo": 1.0,
      "lambda_asr": 0.0001,
      "lambda_per": 0.0
    },
    {
      "step": 6,
      "total": 2.3412805740356446,
      "emo": 2.340562105178833,
      "asr": 7.184688568115234,
      "per": 0.06609392166137695,
      "lambda_emo": 1.0,
      "lambda_asr": 0.0001,
      "lambda_per": 0.0
    },
    {
      "step": 7,
      "total": 2.375653111791611,
      "emo": 2.374941349029541,
      "asr": 7.1176276206970215,
      "per": 0.07131931930780411,
      "lambda_emo": 1.0,
      "lambda_asr": 0.0001,
      "lambda_per": 0.0
    },
    {
      "step": 8,
      "total": 1.970477661752701,
      "emo": 1.9697456359863281,
      "asr": 7.320257663726807,
      "per": 0.05199242755770683,
      "lambda_emo": 1.0,
      "lambda_asr": 0.0001,
      "lambda_per": 0.0
    },
    {
      "step": 9,
      "total": 1.698737858247757,
      "emo": 1.6980149745941162,
      "asr": 7.228836536407471,
      "per": 0.057484447956085205,
      "lambda_emo": 1.0,
      "lambda_asr": 0.0001,
      "lambda_per": 0.0
    },
    {
      "step": 10,
      "total": 1.7392275887966155,
      "emo": 1.7384876012802124,
      "asr": 7.399875164031982,
      "per": 0.0697789415717125,
      "lambda_emo": 1.0,
      "lambda_asr": 0.0001,
      "lambda_per": 0.0
    },
    {
      "step": 11,
      "total": 2.089605068731308,
      "emo": 2.0888590812683105,
      "asr": 7.459874629974365,
      "per": 0.05498838052153587,
      "lambda_emo": 1.0,
      "lambda_asr": 0.0001,
      "lambda_per": 0.0
    },
    {
      "step": 12,
      "total": 2.096240586090088,
      "emo": 2.0954957008361816,
      "asr": 7.4488525390625,
      "per": 0.06920628249645233,
      "lambda_emo": 1.0,
      "lambda_asr": 0.0001,
      "lambda_per": 0.0
    },
    {
      "step": 13,
      "total": 1.634201753950119,
      "emo": 1.6334699392318726,
      "asr": 7.3181471824646,
      "per": 0.049240779131650925,
      "lambda_emo": 1.0,
      "lambda_asr": 0.0001,
      "lambda_per": 0.0
    },
    {
      "step": 14,
      "total": 1.9268648374557495,
      "emo": 1.926210880279541,
      "asr": 6.539571762084961,
      "per": 0.06329574435949326,
      "lambda_emo": 1.0,
      "lambda_asr": 0.0001,
      "lambda_per": 0.0
    },
    {
      "step": 15,
      "total": 1.713950086593628,
      "emo": 1.7132654190063477,
      "asr": 6.846675872802734,
      "per": 0.06030873581767082,
      "lambda_emo": 1.0,
      "lambda_asr": 0.0001,
      "lambda_per": 0.0
    },
    {
      "step": 16,
      "total": 1.5505141510486602,
      "emo": 1.549754023551941,
      "asr": 7.6012749671936035,
      "per": 0.0564301572740078,
      "lambda_emo": 1.0,
      "lambda_asr": 0.0001,
      "lambda_per": 0.0
    },
    {
      "step": 17,
      "total": 1.5521805269241333,
      "emo": 1.5514745712280273,
      "asr": 7.05955696105957,
      "per": 0.0477723553776741,
      "lambda_emo": 1.0,
      "lambda_asr": 0.0001,
      "lambda_per": 0.0
    },
    {
      "step": 18,
      "total": 1.7998774886608124,
      "emo": 1.799139380455017,
      "asr": 7.381082057952881,
      "per": 0.06685920059680939,
      "lambda_emo": 1.0,
      "lambda_asr": 0.0001,
      "lambda_per": 0.0
    },
    {
      "step": 19,
      "total": 1.6312190598011016,
      "emo": 1.6304644346237183,
      "asr": 7.5462517738342285,
      "per": 0.05747643858194351,
      "lambda_emo": 1.0,
      "lambda_asr": 0.0001,
      "lambda_per": 0.0
    },
    {
      "step": 20,
      "total": 1.8807369444245101,
      "emo": 1.8149274587631226,
      "asr": 6.5808939933776855,
      "per": 0.05457276105880737,
      "lambda_emo": 1.0,
      "lambda_asr": 0.01,
      "lambda_per": 1e-05
    },
    {
      "step": 21,
      "total": 1.834266881693229,
      "emo": 1.7540056705474854,
      "asr": 8.026054382324219,
      "per": 0.0667322501540184,
      "lambda_emo": 1.0,
      "lambda_asr": 0.01,
      "lambda_per": 1e-05
    },
    {
      "step": 22,
      "total": 1.6790379627761245,
      "emo": 1.601880431175232,
      "asr": 7.715684413909912,
      "per": 0.0687461793422699,
      "lambda_emo": 1.0,
      "lambda_asr": 0.01,
      "lambda_per": 1e-05
    },
    {
      "step": 23,
      "total": 1.4177088093566523,
      "emo": 1.3412885665893555,
      "asr": 7.641969680786133,
      "per": 0.0545959435403347,
      "lambda_emo": 1.0,
      "lambda_asr": 0.01,