{
  "sample_id": "09323_0005_sad_0005_001101",
  "path": "/data1/lixiang/OpenS2S_dataset/ESD/CN/0005/Sad/0005_001101.wav",
  "speaker_id": "0005",
  "ground_truth_emotion": "sad",
  "target_emotion": "happy",
  "emo_text_clean": [
    "Sad",
    "Sad",
    "\u55ef\uff0c\u8fd9\u786e\u5b9e\u8ba9\u4eba\u96be\u8fc7\u3002"
  ],
  "emo_text_adv": [
    "happy",
    "happy",
    "happy"
  ],
  "emo_pred_clean": [
    "sad",
    "sad",
    ""
  ],
  "emo_pred_adv": [
    "happy",
    "happy",
    "happy"
  ],
  "asr_text_clean": "\u6ca1\u5173\u7cfb",
  "asr_text_adv": "\u6ca1\u5173\u7cfb",
  "success_emo": true,
  "wer": 0.0,
  "semantic_sim": 1.0,
  "semantic_preserved": true,
  "delta_linf": 0.008000001311302185,
  "delta_l2": 1.2781435251235962,
  "snr_db": 12.130748117032661,
  "grad_norm_trace": [
    1034.3541259765625,
    550.8919677734375,
    172.57325744628906,
    109.65719604492188,
    98.37258911132812,
    93.60575103759766,
    73.2656021118164,
    136.77259826660156,
    91.42767333984375,
    104.8153305053711,
    143.82676696777344,
    75.1576919555664,
    155.76304626464844,
    111.70612335205078,
    94.55508422851562,
    157.57489013671875,
    74.78153991699219,
    60.24368667602539,
    61.75238037109375,
    46.26217269897461,
    48.25302505493164,
    35.36626052856445,
    75.66534423828125,
    34.90009689331055,
    28.053815841674805,
    22.312379837036133,
    31.32647705078125,
    17.566654205322266,
    16.510637283325195,
    10.096139907836914,
    16.092103958129883,
    9.942669868469238,
    18.67719841003418,
    10.244514465332031,
    16.426496505737305,
    11.68546199798584,
    4.7319111824035645,
    3.8364412784576416,
    7.192677021026611,
    10.787808418273926,
    4.871583461761475,
    3.560926914215088,
    4.330830097198486,
    6.6536784172058105,
    5.46772575378418,
    5.812283515930176,
    4.328492164611816,
    3.9204318523406982,
    3.121746063232422,
    14.491584777832031,
    13.754281997680664,
    11.634010314941406,
    7.930692195892334,
    9.865714073181152,
    14.249059677124023,
    9.113606452941895,
    5.649562358856201,
    7.465271949768066,
    5.634143352508545,
    4.902533531188965
  ],
  "loss_trace": [
    {
      "step": 0,
      "total": 10.515611437273025,
      "emo": 10.515475273132324,
      "asr": 1.3616414070129395,
      "per": 0.0,
      "lambda_emo": 1.0,
      "lambda_asr": 0.0001,
      "lambda_per": 0.0
    },
    {
      "step": 1,
      "total": 8.957358509546518,
      "emo": 8.957269668579102,
      "asr": 0.8884096741676331,
      "per": 0.038027241826057434,
      "lambda_emo": 1.0,
      "lambda_asr": 0.0001,
      "lambda_per": 0.0
    },
    {
      "step": 2,
      "total": 7.915894223868847,
      "emo": 7.915829658508301,
      "asr": 0.6456536054611206,
      "per": 0.0506260022521019,
      "lambda_emo": 1.0,
      "lambda_asr": 0.0001,
      "lambda_per": 0.0
    },
    {
      "step": 3,
      "total": 5.487229771256446,
      "emo": 5.487180233001709,
      "asr": 0.49538254737854004,
      "per": 0.04593021795153618,
      "lambda_emo": 1.0,
      "lambda_asr": 0.0001,
      "lambda_per": 0.0
    },
    {
      "step": 4,
      "total": 6.602712240238488,
      "emo": 6.602690696716309,
      "asr": 0.2154352217912674,
      "per": 0.05155181139707565,
      "lambda_emo": 1.0,
      "lambda_asr": 0.0001,
      "lambda_per": 0.0
    },
    {
      "step": 5,
      "total": 4.841797134262324,
      "emo": 4.841724395751953,
      "asr": 0.7273851037025452,
      "per": 0.054868750274181366,
      "lambda_emo": 1.0,
      "lambda_asr": 0.0001,
      "lambda_per": 0.0
    },
    {
      "step": 6,
      "total": 4.431403919255733,
      "emo": 4.431339740753174,
      "asr": 0.6417850255966187,
      "per": 0.04631922394037247,
      "lambda_emo": 1.0,
      "lambda_asr": 0.0001,
      "lambda_per": 0.0
    },
    {
      "step": 7,
      "total": 4.693151062685251,
      "emo": 4.693106174468994,
      "asr": 0.44888216257095337,
      "per": 0.04433424398303032,
      "lambda_emo": 1.0,
      "lambda_asr": 0.0001,
      "lambda_per": 0.0
    },
    {
      "step": 8,
      "total": 3.9832901884406806,
      "emo": 3.9832465648651123,
      "asr": 0.4362357556819916,
      "per": 0.039280690252780914,
      "lambda_emo": 1.0,
      "lambda_asr": 0.0001,
      "lambda_per": 0.0
    },
    {
      "step": 9,
      "total": 4.367598506724835,
      "emo": 4.367568016052246,
      "asr": 0.3049067258834839,
      "per": 0.0534963384270668,
      "lambda_emo": 1.0,
      "lambda_asr": 0.0001,
      "lambda_per": 0.0
    },
    {
      "step": 10,
      "total": 3.833041815972328,
      "emo": 3.832932949066162,
      "asr": 1.0886690616607666,
      "per": 0.05303814634680748,
      "lambda_emo": 1.0,
      "lambda_asr": 0.0001,
      "lambda_per": 0.0
    },
    {
      "step": 11,
      "total": 2.9557277474939823,
      "emo": 2.9556941986083984,
      "asr": 0.33548885583877563,
      "per": 0.045287441462278366,
      "lambda_emo": 1.0,
      "lambda_asr": 0.0001,
      "lambda_per": 0.0
    },
    {
      "step": 12,
      "total": 3.2255441000699996,
      "emo": 3.225400686264038,
      "asr": 1.4341380596160889,
      "per": 0.04696473479270935,
      "lambda_emo": 1.0,
      "lambda_asr": 0.0001,
      "lambda_per": 0.0
    },
    {
      "step": 13,
      "total": 2.6272342427432536,
      "emo": 2.6271960735321045,
      "asr": 0.381692111492157,
      "per": 0.055781662464141846,
      "lambda_emo": 1.0,
      "lambda_asr": 0.0001,
      "lambda_per": 0.0
    },
    {
      "step": 14,
      "total": 2.9835665756881236,
      "emo": 2.983530044555664,
      "asr": 0.36531132459640503,
      "per": 0.059370871633291245,
      "lambda_emo": 1.0,
      "lambda_asr": 0.0001,
      "lambda_per": 0.0
    },
    {
      "step": 15,
      "total": 2.9847930609107016,
      "emo": 2.984708786010742,
      "asr": 0.8427489995956421,
      "per": 0.04313201829791069,
      "lambda_emo": 1.0,
      "lambda_asr": 0.0001,
      "lambda_per": 0.0
    },
    {
      "step": 16,
      "total": 2.8778728154689075,
      "emo": 2.877838134765625,
      "asr": 0.3468070328235626,
      "per": 0.05395575612783432,
      "lambda_emo": 1.0,
      "lambda_asr": 0.0001,
      "lambda_per": 0.0
    },
    {
      "step": 17,
      "total": 1.9678001299619674,
      "emo": 1.9677634239196777,
      "asr": 0.36706042289733887,
      "per": 0.05154547840356827,
      "lambda_emo": 1.0,
      "lambda_asr": 0.0001,
      "lambda_per": 0.0
    },
    {
      "step": 18,
      "total": 2.4104263666033745,
      "emo": 2.410395622253418,
      "asr": 0.3074434995651245,
      "per": 0.04539056867361069,
      "lambda_emo": 1.0,
      "lambda_asr": 0.0001,
      "lambda_per": 0.0
    },
    {
      "step": 19,
      "total": 1.299029655739665,
      "emo": 1.2989959716796875,
      "asr": 0.33684059977531433,
      "per": 0.06046253442764282,
      "lambda_emo": 1.0,
      "lambda_asr": 0.0001,
      "lambda_per": 0.0
    },
    {
      "step": 20,
      "total": 1.5025217606347054,
      "emo": 1.499739408493042,
      "asr": 0.2781858444213867,
      "per": 0.04936974495649338,
      "lambda_emo": 1.0,
      "lambda_asr": 0.01,
      "lambda_per": 1e-05
    },
    {
      "step": 21,
      "total": 1.1193659382077679,
      "emo": 1.1147657632827759,
      "asr": 0.45996344089508057,
      "per": 0.05405160412192345,
      "lambda_emo": 1.0,
      "lambda_asr": 0.01,
      "lambda_per": 1e-05
    },
    {
      "step": 22,
      "total": 1.1095500285875797,
      "emo": 1.106268286705017,
      "asr": 0.3281157314777374,
      "per": 0.05845677852630615,
      "lambda_emo": 1.0,
      "lambda_asr": 0.01,
      "lambda_per": 1e-05
    },
    {
      "step": 23,
      "total": 1.0378275323846562,
      "emo": 1.0341167449951172,
      "asr": 0.37102001905441284,
      "per": 0.058719899505376816,
      "lambda_emo": 1.0,
      "lambda_asr": 0.01,