{
  "sample_id": "09342_0005_sad_0005_001199",
  "path": "/data1/lixiang/OpenS2S_dataset/ESD/CN/0005/Sad/0005_001199.wav",
  "speaker_id": "0005",
  "ground_truth_emotion": "sad",
  "target_emotion": "happy",
  "emo_text_clean": [
    "Sad",
    "Sad",
    "\u4f60\u597d\uff0c\u5e03\u83b1"
  ],
  "emo_text_adv": [
    "happy",
    "happy",
    "happy"
  ],
  "emo_pred_clean": [
    "sad",
    "sad",
    ""
  ],
  "emo_pred_adv": [
    "happy",
    "happy",
    "happy"
  ],
  "asr_text_clean": "\u4f60\u597d\uff0c\u5e03\u83b1",
  "asr_text_adv": "\u81ea\u5df1\u8d70\u56de\u6765\u7684\uff0c\u8d70\u5f97\u5f88\u5f00\u5fc3\u3002",
  "success_emo": true,
  "wer": 1.0,
  "semantic_sim": 0.2871145009994507,
  "semantic_preserved": false,
  "delta_linf": 0.008000001311302185,
  "delta_l2": 1.1643246412277222,
  "snr_db": 5.921821167880949,
  "grad_norm_trace": [
    4154.568359375,
    237.64004516601562,
    175.94493103027344,
    83.02149200439453,
    131.20770263671875,
    194.394287109375,
    331.46844482421875,
    144.32504272460938,
    146.04486083984375,
    143.41014099121094,
    151.54132080078125,
    400.7862854003906,
    95.11514282226562,
    118.01554107666016,
    134.22042846679688,
    134.1355743408203,
    154.988037109375,
    97.49076843261719,
    314.68798828125,
    237.35113525390625,
    139.51141357421875,
    76.0359878540039,
    101.3282470703125,
    204.06028747558594,
    178.28948974609375,
    95.1905746459961,
    41.39706802368164,
    28.177026748657227,
    48.540897369384766,
    73.23614501953125,
    159.583251953125,
    54.1371955871582,
    185.5310821533203,
    249.7314910888672,
    169.55929565429688,
    191.30426025390625,
    160.31204223632812,
    80.38936614990234,
    47.72770309448242,
    86.84362030029297,
    75.4120864868164,
    128.4093017578125,
    82.51819610595703,
    139.3000030517578,
    168.95240783691406,
    41.441532135009766,
    122.22885131835938,
    103.16899871826172,
    61.46940994262695,
    102.2403335571289,
    57.314090728759766,
    92.16597747802734,
    230.76014709472656,
    72.91973114013672,
    112.61066436767578,
    67.68036651611328,
    56.294044494628906,
    30.80828857421875,
    23.759246826171875,
    35.1992073059082
  ],
  "loss_trace": [
    {
      "step": 0,
      "total": 11.059937831963598,
      "emo": 11.059917449951172,
      "asr": 0.2038201242685318,
      "per": 0.0,
      "lambda_emo": 1.0,
      "lambda_asr": 0.0001,
      "lambda_per": 0.0
    },
    {
      "step": 1,
      "total": 7.1687127441883085,
      "emo": 7.168638229370117,
      "asr": 0.7451481819152832,
      "per": 0.08068867027759552,
      "lambda_emo": 1.0,
      "lambda_asr": 0.0001,
      "lambda_per": 0.0
    },
    {
      "step": 2,
      "total": 5.210722909021378,
      "emo": 5.210241317749023,
      "asr": 4.81591272354126,
      "per": 0.07360824942588806,
      "lambda_emo": 1.0,
      "lambda_asr": 0.0001,
      "lambda_per": 0.0
    },
    {
      "step": 3,
      "total": 5.027710294103622,
      "emo": 5.0271148681640625,
      "asr": 5.954259395599365,
      "per": 0.06874768435955048,
      "lambda_emo": 1.0,
      "lambda_asr": 0.0001,
      "lambda_per": 0.0
    },
    {
      "step": 4,
      "total": 3.991410441350937,
      "emo": 3.990788221359253,
      "asr": 6.2221999168396,
      "per": 0.06838168948888779,
      "lambda_emo": 1.0,
      "lambda_asr": 0.0001,
      "lambda_per": 0.0
    },
    {
      "step": 5,
      "total": 2.921803984451294,
      "emo": 2.9211511611938477,
      "asr": 6.528232574462891,
      "per": 0.07393580675125122,
      "lambda_emo": 1.0,
      "lambda_asr": 0.0001,
      "lambda_per": 0.0
    },
    {
      "step": 6,
      "total": 3.397037599468231,
      "emo": 3.396113872528076,
      "asr": 9.237269401550293,
      "per": 0.07110102474689484,
      "lambda_emo": 1.0,
      "lambda_asr": 0.0001,
      "lambda_per": 0.0
    },
    {
      "step": 7,
      "total": 2.360968915653229,
      "emo": 2.3600687980651855,
      "asr": 9.001175880432129,
      "per": 0.06103464588522911,
      "lambda_emo": 1.0,
      "lambda_asr": 0.0001,
      "lambda_per": 0.0
    },
    {
      "step": 8,
      "total": 1.8899647433280944,
      "emo": 1.8891210556030273,
      "asr": 8.436877250671387,
      "per": 0.0565771758556366,
      "lambda_emo": 1.0,
      "lambda_asr": 0.0001,
      "lambda_per": 0.0
    },
    {
      "step": 9,
      "total": 2.0040848923683168,
      "emo": 2.003211498260498,
      "asr": 8.733941078186035,
      "per": 0.050276875495910645,
      "lambda_emo": 1.0,
      "lambda_asr": 0.0001,
      "lambda_per": 0.0
    },
    {
      "step": 10,
      "total": 1.9617447520256042,
      "emo": 1.960852026939392,
      "asr": 8.927250862121582,
      "per": 0.04747536778450012,
      "lambda_emo": 1.0,
      "lambda_asr": 0.0001,
      "lambda_per": 0.0
    },
    {
      "step": 11,
      "total": 2.225709520816803,
      "emo": 2.2248504161834717,
      "asr": 8.591046333312988,
      "per": 0.06560837477445602,
      "lambda_emo": 1.0,
      "lambda_asr": 0.0001,
      "lambda_per": 0.0
    },
    {
      "step": 12,
      "total": 2.682553846359253,
      "emo": 2.6817855834960938,
      "asr": 7.682628631591797,
      "per": 0.05349899083375931,
      "lambda_emo": 1.0,
      "lambda_asr": 0.0001,
      "lambda_per": 0.0
    },
    {
      "step": 13,
      "total": 3.6293198628902434,
      "emo": 3.6285743713378906,
      "asr": 7.454915523529053,
      "per": 0.05326887220144272,
      "lambda_emo": 1.0,
      "lambda_asr": 0.0001,
      "lambda_per": 0.0
    },
    {
      "step": 14,
      "total": 2.539252915096283,
      "emo": 2.538438081741333,
      "asr": 8.148333549499512,
      "per": 0.05073899030685425,
      "lambda_emo": 1.0,
      "lambda_asr": 0.0001,
      "lambda_per": 0.0
    },
    {
      "step": 15,
      "total": 2.3771774725914003,
      "emo": 2.3762941360473633,
      "asr": 8.833365440368652,
      "per": 0.06392668932676315,
      "lambda_emo": 1.0,
      "lambda_asr": 0.0001,
      "lambda_per": 0.0
    },
    {
      "step": 16,
      "total": 3.1485448810577394,
      "emo": 3.147780179977417,
      "asr": 7.647010803222656,
      "per": 0.06330695003271103,
      "lambda_emo": 1.0,
      "lambda_asr": 0.0001,
      "lambda_per": 0.0
    },
    {
      "step": 17,
      "total": 2.315927816295624,
      "emo": 2.3150784969329834,
      "asr": 8.493193626403809,
      "per": 0.06492224335670471,
      "lambda_emo": 1.0,
      "lambda_asr": 0.0001,
      "lambda_per": 0.0
    },
    {
      "step": 18,
      "total": 1.901065765094757,
      "emo": 1.9002517461776733,
      "asr": 8.140189170837402,
      "per": 0.06402214616537094,
      "lambda_emo": 1.0,
      "lambda_asr": 0.0001,
      "lambda_per": 0.0
    },
    {
      "step": 19,
      "total": 3.670282377243042,
      "emo": 3.6695315837860107,
      "asr": 7.5079345703125,
      "per": 0.04756272956728935,
      "lambda_emo": 1.0,
      "lambda_asr": 0.0001,
      "lambda_per": 0.0
    },
    {
      "step": 20,
      "total": 3.77433168310564,
      "emo": 3.6965651512145996,
      "asr": 7.7765936851501465,
      "per": 0.0595039539039135,
      "lambda_emo": 1.0,
      "lambda_asr": 0.01,
      "lambda_per": 1e-05
    },
    {
      "step": 21,
      "total": 3.0256464862495664,
      "emo": 2.9543769359588623,
      "asr": 7.12688684463501,
      "per": 0.06818443536758423,
      "lambda_emo": 1.0,
      "lambda_asr": 0.01,
      "lambda_per": 1e-05
    },
    {
      "step": 22,
      "total": 2.4407231359434127,
      "emo": 2.352717399597168,
      "asr": 8.800520896911621,
      "per": 0.05273771286010742,
      "lambda_emo": 1.0,
      "lambda_asr": 0.01,
      "lambda_per": 1e-05
    },
    {
      "step": 23,
      "total": 2.0426539821256697,
      "emo": 1.9570372104644775,
      "asr": 8.561619758605957,
      "per": 0.05740751326084137,
      "lambda_emo": 1.0,