{
  "sample_id": "09359_0005_sad_0005_001364",
  "path": "/data1/lixiang/OpenS2S_dataset/ESD/CN/0005/Sad/0005_001364.wav",
  "speaker_id": "0005",
  "ground_truth_emotion": "sad",
  "target_emotion": "happy",
  "emo_text_clean": [
    "Sad",
    "sad",
    "\u542c\u8d77\u6765"
  ],
  "emo_text_adv": [
    "happy",
    "happy",
    "happy"
  ],
  "emo_pred_clean": [
    "sad",
    "sad",
    ""
  ],
  "emo_pred_adv": [
    "happy",
    "happy",
    "happy"
  ],
  "asr_text_clean": "\u73b0\u5728\u5168\u57ce\u7684\u4eba\u90fd\u8981\u5411\u6211\u501f\u94b1",
  "asr_text_adv": "\u90a3\u4e9b\u6d8c\u5165",
  "success_emo": true,
  "wer": 1.0,
  "semantic_sim": 0.2795464098453522,
  "semantic_preserved": false,
  "delta_linf": 0.008000001311302185,
  "delta_l2": 1.227216362953186,
  "snr_db": 5.828295757777284,
  "grad_norm_trace": [
    4348.9375,
    392.8140869140625,
    175.65895080566406,
    327.6662292480469,
    255.839111328125,
    279.1684875488281,
    127.57726287841797,
    237.28135681152344,
    268.4403076171875,
    206.16287231445312,
    141.3750762939453,
    152.4538116455078,
    310.1462097167969,
    116.25430297851562,
    119.19425201416016,
    82.95680236816406,
    277.8720397949219,
    225.90574645996094,
    179.63360595703125,
    199.63479614257812,
    151.37937927246094,
    91.96283721923828,
    68.62654113769531,
    57.519161224365234,
    33.90545654296875,
    76.228759765625,
    45.795291900634766,
    35.41112518310547,
    52.32987976074219,
    31.27979278564453,
    22.125831604003906,
    35.852806091308594,
    26.550729751586914,
    20.504623413085938,
    36.41309356689453,
    41.792083740234375,
    21.473220825195312,
    24.801420211791992,
    22.103425979614258,
    46.7913932800293,
    32.21284484863281,
    16.726757049560547,
    35.43367385864258,
    17.43334197998047,
    14.239339828491211,
    17.09333038330078,
    13.929173469543457,
    11.775520324707031,
    18.838985443115234,
    12.395471572875977,
    9.940544128417969,
    10.887248992919922,
    10.31118392944336,
    7.552133560180664,
    8.093740463256836,
    8.15299129486084,
    5.727532863616943,
    7.577070713043213,
    7.82219934463501,
    6.531590461730957
  ],
  "loss_trace": [
    {
      "step": 0,
      "total": 14.167329701594264,
      "emo": 14.167318344116211,
      "asr": 0.11357478052377701,
      "per": 0.0,
      "lambda_emo": 1.0,
      "lambda_asr": 0.0001,
      "lambda_per": 0.0
    },
    {
      "step": 1,
      "total": 11.09665161124468,
      "emo": 11.096593856811523,
      "asr": 0.5775443315505981,
      "per": 0.08170107007026672,
      "lambda_emo": 1.0,
      "lambda_asr": 0.0001,
      "lambda_per": 0.0
    },
    {
      "step": 2,
      "total": 6.122414120626449,
      "emo": 6.121851921081543,
      "asr": 5.621995449066162,
      "per": 0.0800638347864151,
      "lambda_emo": 1.0,
      "lambda_asr": 0.0001,
      "lambda_per": 0.0
    },
    {
      "step": 3,
      "total": 5.9556783561706546,
      "emo": 5.95520544052124,
      "asr": 4.729156494140625,
      "per": 0.0524769127368927,
      "lambda_emo": 1.0,
      "lambda_asr": 0.0001,
      "lambda_per": 0.0
    },
    {
      "step": 4,
      "total": 5.850982625389099,
      "emo": 5.8503828048706055,
      "asr": 5.998205184936523,
      "per": 0.06193022057414055,
      "lambda_emo": 1.0,
      "lambda_asr": 0.0001,
      "lambda_per": 0.0
    },
    {
      "step": 5,
      "total": 4.472866466522217,
      "emo": 4.472257614135742,
      "asr": 6.088523864746094,
      "per": 0.06921111047267914,
      "lambda_emo": 1.0,
      "lambda_asr": 0.0001,
      "lambda_per": 0.0
    },
    {
      "step": 6,
      "total": 4.984169948005676,
      "emo": 4.983536243438721,
      "asr": 6.337045669555664,
      "per": 0.06463975459337234,
      "lambda_emo": 1.0,
      "lambda_asr": 0.0001,
      "lambda_per": 0.0
    },
    {
      "step": 7,
      "total": 4.672013546991348,
      "emo": 4.67152214050293,
      "asr": 4.914064884185791,
      "per": 0.06587943434715271,
      "lambda_emo": 1.0,
      "lambda_asr": 0.0001,
      "lambda_per": 0.0
    },
    {
      "step": 8,
      "total": 4.220931822443008,
      "emo": 4.220419883728027,
      "asr": 5.119387149810791,
      "per": 0.050488006323575974,
      "lambda_emo": 1.0,
      "lambda_asr": 0.0001,
      "lambda_per": 0.0
    },
    {
      "step": 9,
      "total": 5.4227066915035245,
      "emo": 5.422282695770264,
      "asr": 4.239957332611084,
      "per": 0.06314361840486526,
      "lambda_emo": 1.0,
      "lambda_asr": 0.0001,
      "lambda_per": 0.0
    },
    {
      "step": 10,
      "total": 4.8720512553215025,
      "emo": 4.8716230392456055,
      "asr": 4.282160758972168,
      "per": 0.06189033389091492,
      "lambda_emo": 1.0,
      "lambda_asr": 0.0001,
      "lambda_per": 0.0
    },
    {
      "step": 11,
      "total": 4.418956489801407,
      "emo": 4.418437957763672,
      "asr": 5.1853203773498535,
      "per": 0.06438276171684265,
      "lambda_emo": 1.0,
      "lambda_asr": 0.0001,
      "lambda_per": 0.0
    },
    {
      "step": 12,
      "total": 3.8103720146656035,
      "emo": 3.8098435401916504,
      "asr": 5.284744739532471,
      "per": 0.05815677344799042,
      "lambda_emo": 1.0,
      "lambda_asr": 0.0001,
      "lambda_per": 0.0
    },
    {
      "step": 13,
      "total": 2.7597694981575014,
      "emo": 2.759305477142334,
      "asr": 4.640210151672363,
      "per": 0.06170298904180527,
      "lambda_emo": 1.0,
      "lambda_asr": 0.0001,
      "lambda_per": 0.0
    },
    {
      "step": 14,
      "total": 2.339723720407486,
      "emo": 2.3392319679260254,
      "asr": 4.917524814605713,
      "per": 0.06831109523773193,
      "lambda_emo": 1.0,
      "lambda_asr": 0.0001,
      "lambda_per": 0.0
    },
    {
      "step": 15,
      "total": 2.486321611261368,
      "emo": 2.4857401847839355,
      "asr": 5.81426477432251,
      "per": 0.05199478566646576,
      "lambda_emo": 1.0,
      "lambda_asr": 0.0001,
      "lambda_per": 0.0
    },
    {
      "step": 16,
      "total": 3.8843357933044436,
      "emo": 3.8837668895721436,
      "asr": 5.689037322998047,
      "per": 0.06644847989082336,
      "lambda_emo": 1.0,
      "lambda_asr": 0.0001,
      "lambda_per": 0.0
    },
    {
      "step": 17,
      "total": 3.468655831670761,
      "emo": 3.4681010246276855,
      "asr": 5.548070430755615,
      "per": 0.047707781195640564,
      "lambda_emo": 1.0,
      "lambda_asr": 0.0001,
      "lambda_per": 0.0
    },
    {
      "step": 18,
      "total": 3.1409373913288117,
      "emo": 3.140486478805542,
      "asr": 4.509125232696533,
      "per": 0.049204885959625244,
      "lambda_emo": 1.0,
      "lambda_asr": 0.0001,
      "lambda_per": 0.0
    },
    {
      "step": 19,
      "total": 2.803752383518219,
      "emo": 2.803222179412842,
      "asr": 5.302041053771973,
      "per": 0.06423124670982361,
      "lambda_emo": 1.0,
      "lambda_asr": 0.0001,
      "lambda_per": 0.0
    },
    {
      "step": 20,
      "total": 4.176528082366511,
      "emo": 4.123655319213867,
      "asr": 5.287222385406494,
      "per": 0.05392985790967941,
      "lambda_emo": 1.0,
      "lambda_asr": 0.01,
      "lambda_per": 1e-05
    },
    {
      "step": 21,
      "total": 2.6655736449828744,
      "emo": 2.605548858642578,
      "asr": 6.002425670623779,
      "per": 0.05296340584754944,
      "lambda_emo": 1.0,
      "lambda_asr": 0.01,
      "lambda_per": 1e-05
    },
    {
      "step": 22,
      "total": 1.8789247428328544,
      "emo": 1.8244932889938354,
      "asr": 5.443081378936768,
      "per": 0.06400496512651443,
      "lambda_emo": 1.0,
      "lambda_asr": 0.01,
      "lambda_per": 1e-05
    },
    {
      "step": 23,
      "total": 1.5245797864423318,
      "emo": 1.4667854309082031,
      "asr": 5.7793779373168945,
      "per": 0.05761609598994255,
      "lambda_emo": 1.0,
      "lambda_asr": 0.01,