{
  "sample_id": "09398_0005_sad_0005_001168",
  "path": "/data1/lixiang/OpenS2S_dataset/ESD/CN/0005/Sad/0005_001168.wav",
  "speaker_id": "0005",
  "ground_truth_emotion": "sad",
  "target_emotion": "happy",
  "emo_text_clean": [
    "Sad",
    "Sad",
    "\u54ce\uff0c\u522b\u592a\u5f80\u5fc3\u91cc\u53bb\u3002"
  ],
  "emo_text_adv": [
    "Neutral",
    "Happy",
    "The emotion label is neutral."
  ],
  "emo_pred_clean": [
    "sad",
    "sad",
    ""
  ],
  "emo_pred_adv": [
    "neutral",
    "happy",
    "neutral"
  ],
  "asr_text_clean": "\u542c\u8d77\u6765",
  "asr_text_adv": "I enjoy dining on corn and milkshakes.",
  "success_emo": false,
  "wer": 7.0,
  "semantic_sim": 0.16165336966514587,
  "semantic_preserved": false,
  "delta_linf": 0.008000001311302185,
  "delta_l2": 1.0515496730804443,
  "snr_db": 3.1926510761352525,
  "grad_norm_trace": [
    1889.5115966796875,
    304.1650085449219,
    197.2388153076172,
    231.58157348632812,
    216.893310546875,
    184.60992431640625,
    107.28986358642578,
    98.27965545654297,
    133.81898498535156,
    169.89093017578125,
    207.31890869140625,
    152.53443908691406,
    108.81764221191406,
    111.89837646484375,
    68.68489074707031,
    76.02259063720703,
    44.41884231567383,
    222.47000122070312,
    179.97509765625,
    139.66165161132812,
    72.88284301757812,
    105.85530853271484,
    285.22528076171875,
    211.1123046875,
    132.42831420898438,
    74.42871856689453,
    112.76502990722656,
    67.00524139404297,
    84.9005355834961,
    63.026668548583984,
    77.53407287597656,
    61.579345703125,
    70.99811553955078,
    55.4386100769043,
    97.52366638183594,
    50.7461051940918,
    103.69791412353516,
    55.54865264892578,
    101.36477661132812,
    119.34271240234375,
    256.5617370605469,
    141.5044403076172,
    117.6927719116211,
    104.79474639892578,
    269.1883544921875,
    123.55606842041016,
    81.59788513183594,
    68.14125061035156,
    102.94432830810547,
    56.86978530883789,
    95.99446868896484,
    127.29902648925781,
    127.23998260498047,
    94.73954010009766,
    98.0223617553711,
    81.78749084472656,
    167.54605102539062,
    77.31703186035156,
    70.81511688232422,
    107.12661743164062
  ],
  "loss_trace": [
    {
      "step": 0,
      "total": 11.259339657747745,
      "emo": 11.25922679901123,
      "asr": 1.1285873651504517,
      "per": 0.0,
      "lambda_emo": 1.0,
      "lambda_asr": 0.0001,
      "lambda_per": 0.0
    },
    {
      "step": 1,
      "total": 8.485938282346725,
      "emo": 8.485273361206055,
      "asr": 6.649211406707764,
      "per": 0.06241736561059952,
      "lambda_emo": 1.0,
      "lambda_asr": 0.0001,
      "lambda_per": 0.0
    },
    {
      "step": 2,
      "total": 5.307593795204163,
      "emo": 5.306924819946289,
      "asr": 6.689752578735352,
      "per": 0.04877453297376633,
      "lambda_emo": 1.0,
      "lambda_asr": 0.0001,
      "lambda_per": 0.0
    },
    {
      "step": 3,
      "total": 4.610483244895935,
      "emo": 4.609561920166016,
      "asr": 9.213247299194336,
      "per": 0.04927902668714523,
      "lambda_emo": 1.0,
      "lambda_asr": 0.0001,
      "lambda_per": 0.0
    },
    {
      "step": 4,
      "total": 5.1473327062606815,
      "emo": 5.146500587463379,
      "asr": 8.321187973022461,
      "per": 0.06176520511507988,
      "lambda_emo": 1.0,
      "lambda_asr": 0.0001,
      "lambda_per": 0.0
    },
    {
      "step": 5,
      "total": 4.49311443901062,
      "emo": 4.4921488761901855,
      "asr": 9.655628204345703,
      "per": 0.06007326766848564,
      "lambda_emo": 1.0,
      "lambda_asr": 0.0001,
      "lambda_per": 0.0
    },
    {
      "step": 6,
      "total": 4.042510861492157,
      "emo": 4.04190731048584,
      "asr": 6.035510063171387,
      "per": 0.05942391976714134,
      "lambda_emo": 1.0,
      "lambda_asr": 0.0001,
      "lambda_per": 0.0
    },
    {
      "step": 7,
      "total": 5.021244077396393,
      "emo": 5.020528316497803,
      "asr": 7.157608985900879,
      "per": 0.06284211575984955,
      "lambda_emo": 1.0,
      "lambda_asr": 0.0001,
      "lambda_per": 0.0
    },
    {
      "step": 8,
      "total": 3.8533183106422424,
      "emo": 3.8524513244628906,
      "asr": 8.669861793518066,
      "per": 0.052876394242048264,
      "lambda_emo": 1.0,
      "lambda_asr": 0.0001,
      "lambda_per": 0.0
    },
    {
      "step": 9,
      "total": 5.028005288028717,
      "emo": 5.027115821838379,
      "asr": 8.894661903381348,
      "per": 0.05514474958181381,
      "lambda_emo": 1.0,
      "lambda_asr": 0.0001,
      "lambda_per": 0.0
    },
    {
      "step": 10,
      "total": 4.7840966737747195,
      "emo": 4.783446311950684,
      "asr": 6.503618240356445,
      "per": 0.060397617518901825,
      "lambda_emo": 1.0,
      "lambda_asr": 0.0001,
      "lambda_per": 0.0
    },
    {
      "step": 11,
      "total": 4.582311021661758,
      "emo": 4.581598281860352,
      "asr": 7.1273980140686035,
      "per": 0.06861890107393265,
      "lambda_emo": 1.0,
      "lambda_asr": 0.0001,
      "lambda_per": 0.0
    },
    {
      "step": 12,
      "total": 5.344077847957611,
      "emo": 5.343417644500732,
      "asr": 6.602034568786621,
      "per": 0.06838513165712357,
      "lambda_emo": 1.0,
      "lambda_asr": 0.0001,
      "lambda_per": 0.0
    },
    {
      "step": 13,
      "total": 3.9603388399124144,
      "emo": 3.959700107574463,
      "asr": 6.387323379516602,
      "per": 0.0541757307946682,
      "lambda_emo": 1.0,
      "lambda_asr": 0.0001,
      "lambda_per": 0.0
    },
    {
      "step": 14,
      "total": 3.8642555314064024,
      "emo": 3.863463878631592,
      "asr": 7.91652774810791,
      "per": 0.06444370001554489,
      "lambda_emo": 1.0,
      "lambda_asr": 0.0001,
      "lambda_per": 0.0
    },
    {
      "step": 15,
      "total": 3.570552383232117,
      "emo": 3.5698928833007812,
      "asr": 6.594999313354492,
      "per": 0.04887431114912033,
      "lambda_emo": 1.0,
      "lambda_asr": 0.0001,
      "lambda_per": 0.0
    },
    {
      "step": 16,
      "total": 2.511861599826813,
      "emo": 2.5111091136932373,
      "asr": 7.5248613357543945,
      "per": 0.053241293877363205,
      "lambda_emo": 1.0,
      "lambda_asr": 0.0001,
      "lambda_per": 0.0
    },
    {
      "step": 17,
      "total": 2.3856005891799925,
      "emo": 2.3848586082458496,
      "asr": 7.419809341430664,
      "per": 0.06414702534675598,
      "lambda_emo": 1.0,
      "lambda_asr": 0.0001,
      "lambda_per": 0.0
    },
    {
      "step": 18,
      "total": 4.175616264438629,
      "emo": 4.174803733825684,
      "asr": 8.125306129455566,
      "per": 0.057763487100601196,
      "lambda_emo": 1.0,
      "lambda_asr": 0.0001,
      "lambda_per": 0.0
    },
    {
      "step": 19,
      "total": 2.8295452370643615,
      "emo": 2.8286044597625732,
      "asr": 9.4077730178833,
      "per": 0.0487641915678978,
      "lambda_emo": 1.0,
      "lambda_asr": 0.0001,
      "lambda_per": 0.0
    },
    {
      "step": 20,
      "total": 2.939290174577385,
      "emo": 2.867814064025879,
      "asr": 7.147544860839844,
      "per": 0.0661943107843399,
      "lambda_emo": 1.0,
      "lambda_asr": 0.01,
      "lambda_per": 1e-05
    },
    {
      "step": 21,
      "total": 2.5926585447285695,
      "emo": 2.508683443069458,
      "asr": 8.397448539733887,
      "per": 0.06162617728114128,
      "lambda_emo": 1.0,
      "lambda_asr": 0.01,
      "lambda_per": 1e-05
    },
    {
      "step": 22,
      "total": 3.021788577862084,
      "emo": 2.9450931549072266,
      "asr": 7.669487476348877,
      "per": 0.05481913685798645,
      "lambda_emo": 1.0,
      "lambda_asr": 0.01,
      "lambda_per": 1e-05
    },
    {
      "step": 23,
      "total": 4.374203773717359,
      "emo": 4.317421913146973,
      "asr": 5.678120136260986,
      "per": 0.06592077761888504,
      "lambda_emo": 1.0,
      "lambda_asr": 0.01,