{
  "sample_id": "09437_0005_sad_0005_001191",
  "path": "/data1/lixiang/OpenS2S_dataset/ESD/CN/0005/Sad/0005_001191.wav",
  "speaker_id": "0005",
  "ground_truth_emotion": "sad",
  "target_emotion": "happy",
  "emo_text_clean": [
    "Sad",
    "Surprise.",
    "\u5f53\u7136\u53ef\u4ee5\uff0c\u9e66"
  ],
  "emo_text_adv": [
    "Happy",
    "happy",
    "Happy"
  ],
  "emo_pred_clean": [
    "sad",
    "surprise",
    ""
  ],
  "emo_pred_adv": [
    "happy",
    "happy",
    "happy"
  ],
  "asr_text_clean": "\u5f53\u7136\u53ef\u4ee5\uff0c\u9e66",
  "asr_text_adv": "\u82f1\u4e3b\u554a\uff0c\u6c38\u6052\u5730\u4f5c\u753b\u3002",
  "success_emo": true,
  "wer": 1.0,
  "semantic_sim": 0.374691367149353,
  "semantic_preserved": false,
  "delta_linf": 0.008000001311302185,
  "delta_l2": 1.251626968383789,
  "snr_db": 9.609513729097793,
  "grad_norm_trace": [
    3057.195556640625,
    383.4995422363281,
    251.3376007080078,
    160.4517822265625,
    96.73176574707031,
    94.28471374511719,
    60.87205123901367,
    90.5792465209961,
    196.39541625976562,
    142.2603302001953,
    86.41802978515625,
    103.19914245605469,
    154.75015258789062,
    92.17082214355469,
    183.64088439941406,
    110.81669616699219,
    221.56304931640625,
    422.9998779296875,
    170.9112091064453,
    457.98590087890625,
    196.0902557373047,
    102.8686294555664,
    64.64903259277344,
    49.95390319824219,
    45.67778015136719,
    65.72581481933594,
    64.01581573486328,
    63.23322677612305,
    50.754966735839844,
    89.73475646972656,
    273.52362060546875,
    113.87158966064453,
    94.51077270507812,
    101.03621673583984,
    129.228759765625,
    103.64529418945312,
    90.553955078125,
    45.92733383178711,
    160.6912384033203,
    111.07502746582031,
    403.67108154296875,
    76.71257781982422,
    140.3552703857422,
    129.91961669921875,
    103.58253479003906,
    68.35557556152344,
    148.76687622070312,
    129.47610473632812,
    39.38230514526367,
    99.5838623046875,
    59.69485855102539,
    72.67427825927734,
    172.91928100585938,
    26.78803062438965,
    38.413330078125,
    62.988399505615234,
    37.857948303222656,
    139.00173950195312,
    23.25836944580078,
    68.92430114746094
  ],
  "loss_trace": [
    {
      "step": 0,
      "total": 9.192438051372767,
      "emo": 9.192390441894531,
      "asr": 0.4760947823524475,
      "per": 0.0,
      "lambda_emo": 1.0,
      "lambda_asr": 0.0001,
      "lambda_per": 0.0
    },
    {
      "step": 1,
      "total": 8.427344737625122,
      "emo": 8.427282333374023,
      "asr": 0.6240425109863281,
      "per": 0.0666075348854065,
      "lambda_emo": 1.0,
      "lambda_asr": 0.0001,
      "lambda_per": 0.0
    },
    {
      "step": 2,
      "total": 6.187664835596085,
      "emo": 6.187334060668945,
      "asr": 3.3077492713928223,
      "per": 0.0528690479695797,
      "lambda_emo": 1.0,
      "lambda_asr": 0.0001,
      "lambda_per": 0.0
    },
    {
      "step": 3,
      "total": 5.043038057804107,
      "emo": 5.042723655700684,
      "asr": 3.1440210342407227,
      "per": 0.050767816603183746,
      "lambda_emo": 1.0,
      "lambda_asr": 0.0001,
      "lambda_per": 0.0
    },
    {
      "step": 4,
      "total": 4.694511279010773,
      "emo": 4.69416618347168,
      "asr": 3.450955390930176,
      "per": 0.06831622123718262,
      "lambda_emo": 1.0,
      "lambda_asr": 0.0001,
      "lambda_per": 0.0
    },
    {
      "step": 5,
      "total": 4.279889619684219,
      "emo": 4.279498100280762,
      "asr": 3.915194034576416,
      "per": 0.06577731668949127,
      "lambda_emo": 1.0,
      "lambda_asr": 0.0001,
      "lambda_per": 0.0
    },
    {
      "step": 6,
      "total": 4.421920077228546,
      "emo": 4.421525955200195,
      "asr": 3.941220283508301,
      "per": 0.05817247927188873,
      "lambda_emo": 1.0,
      "lambda_asr": 0.0001,
      "lambda_per": 0.0
    },
    {
      "step": 7,
      "total": 3.5816107803344726,
      "emo": 3.5812289714813232,
      "asr": 3.8180885314941406,
      "per": 0.057104453444480896,
      "lambda_emo": 1.0,
      "lambda_asr": 0.0001,
      "lambda_per": 0.0
    },
    {
      "step": 8,
      "total": 4.32024942510128,
      "emo": 4.319958686828613,
      "asr": 2.9073827266693115,
      "per": 0.06807651370763779,
      "lambda_emo": 1.0,
      "lambda_asr": 0.0001,
      "lambda_per": 0.0
    },
    {
      "step": 9,
      "total": 3.1356700070858,
      "emo": 3.1352927684783936,
      "asr": 3.772386074066162,
      "per": 0.05950140953063965,
      "lambda_emo": 1.0,
      "lambda_asr": 0.0001,
      "lambda_per": 0.0
    },
    {
      "step": 10,
      "total": 4.2315832117080685,
      "emo": 4.2310099601745605,
      "asr": 5.732515335083008,
      "per": 0.050274692475795746,
      "lambda_emo": 1.0,
      "lambda_asr": 0.0001,
      "lambda_per": 0.0
    },
    {
      "step": 11,
      "total": 4.315270889806747,
      "emo": 4.3148722648620605,
      "asr": 3.9862494468688965,
      "per": 0.04523678869009018,
      "lambda_emo": 1.0,
      "lambda_asr": 0.0001,
      "lambda_per": 0.0
    },
    {
      "step": 12,
      "total": 3.6509178721666338,
      "emo": 3.650560140609741,
      "asr": 3.57731556892395,
      "per": 0.05743453651666641,
      "lambda_emo": 1.0,
      "lambda_asr": 0.0001,
      "lambda_per": 0.0
    },
    {
      "step": 13,
      "total": 3.7190195937156676,
      "emo": 3.7184910774230957,
      "asr": 5.285162925720215,
      "per": 0.051700692623853683,
      "lambda_emo": 1.0,
      "lambda_asr": 0.0001,
      "lambda_per": 0.0
    },
    {
      "step": 14,
      "total": 3.760919828915596,
      "emo": 3.760558605194092,
      "asr": 3.6122372150421143,
      "per": 0.05809243768453598,
      "lambda_emo": 1.0,
      "lambda_asr": 0.0001,
      "lambda_per": 0.0
    },
    {
      "step": 15,
      "total": 3.18986699180603,
      "emo": 3.1894500255584717,
      "asr": 4.1696624755859375,
      "per": 0.06568058580160141,
      "lambda_emo": 1.0,
      "lambda_asr": 0.0001,
      "lambda_per": 0.0
    },
    {
      "step": 16,
      "total": 5.652123092627526,
      "emo": 5.651753902435303,
      "asr": 3.691901922225952,
      "per": 0.06023915857076645,
      "lambda_emo": 1.0,
      "lambda_asr": 0.0001,
      "lambda_per": 0.0
    },
    {
      "step": 17,
      "total": 4.566341219544411,
      "emo": 4.565961837768555,
      "asr": 3.7938177585601807,
      "per": 0.06447005271911621,
      "lambda_emo": 1.0,
      "lambda_asr": 0.0001,
      "lambda_per": 0.0
    },
    {
      "step": 18,
      "total": 4.733970507097244,
      "emo": 4.733558654785156,
      "asr": 4.118523120880127,
      "per": 0.04780365154147148,
      "lambda_emo": 1.0,
      "lambda_asr": 0.0001,
      "lambda_per": 0.0
    },
    {
      "step": 19,
      "total": 4.887274851512909,
      "emo": 4.886871337890625,
      "asr": 4.0351362228393555,
      "per": 0.06008747220039368,
      "lambda_emo": 1.0,
      "lambda_asr": 0.0001,
      "lambda_per": 0.0
    },
    {
      "step": 20,
      "total": 4.496184923152328,
      "emo": 4.451430797576904,
      "asr": 4.475365161895752,
      "per": 0.04739564657211304,
      "lambda_emo": 1.0,
      "lambda_asr": 0.01,
      "lambda_per": 1e-05
    },
    {
      "step": 21,
      "total": 4.633603194005266,
      "emo": 4.588352680206299,
      "asr": 4.524998188018799,
      "per": 0.05319187790155411,
      "lambda_emo": 1.0,
      "lambda_asr": 0.01,
      "lambda_per": 1e-05
    },
    {
      "step": 22,
      "total": 3.744894199850969,
      "emo": 3.697819471359253,
      "asr": 4.707424163818359,
      "per": 0.04868535324931145,
      "lambda_emo": 1.0,
      "lambda_asr": 0.01,
      "lambda_per": 1e-05
    },
    {
      "step": 23,
      "total": 3.482282457337491,
      "emo": 3.433924436569214,
      "asr": 4.835749626159668,
      "per": 0.052450668066740036,
      "lambda_emo": 1.0,