{
  "sample_id": "09457_0005_surprise_0005_001706",
  "path": "/data1/lixiang/OpenS2S_dataset/ESD/CN/0005/Surprise/0005_001706.wav",
  "speaker_id": "0005",
  "ground_truth_emotion": "surprise",
  "target_emotion": "happy",
  "emo_text_clean": [
    "Surprise!",
    "Surprise!",
    "\u542c\u8d77\u6765"
  ],
  "emo_text_adv": [
    "Happy",
    "happy",
    "happy"
  ],
  "emo_pred_clean": [
    "surprise",
    "surprise",
    ""
  ],
  "emo_pred_adv": [
    "happy",
    "happy",
    "happy"
  ],
  "asr_text_clean": "\u6211\u5728\u4e00\u4e2a\u673a\u68b0\u5316",
  "asr_text_adv": "\u6211\u5728\u4e00\u4e2a\u673a\u68b0\u5316",
  "success_emo": true,
  "wer": 0.0,
  "semantic_sim": 1.0,
  "semantic_preserved": true,
  "delta_linf": 0.008000001311302185,
  "delta_l2": 0.9608632922172546,
  "snr_db": 23.68703332426751,
  "grad_norm_trace": [
    1498.959716796875,
    184.183349609375,
    103.62786102294922,
    420.7392578125,
    233.06088256835938,
    62.9979133605957,
    29.090444564819336,
    45.86233139038086,
    27.348861694335938,
    36.228851318359375,
    25.64788055419922,
    32.670799255371094,
    44.46430969238281,
    10.485311508178711,
    9.690200805664062,
    15.46927547454834,
    10.288265228271484,
    8.482844352722168,
    14.503155708312988,
    5.765661239624023,
    7.907032012939453,
    12.700390815734863,
    7.695743083953857,
    5.9858479499816895,
    11.517549514770508,
    5.698750019073486,
    6.173355579376221,
    20.871475219726562,
    27.341922760009766,
    14.32823657989502,
    11.106820106506348,
    7.497223377227783,
    6.44322395324707,
    6.988675594329834,
    8.361559867858887,
    9.475520133972168,
    8.693521499633789,
    6.398272514343262,
    9.39633846282959,
    6.457565784454346,
    11.389636039733887,
    12.221689224243164,
    9.391148567199707,
    7.7687578201293945,
    7.445228099822998,
    9.233688354492188,
    8.52980899810791,
    12.168051719665527,
    9.343603134155273,
    6.228743553161621,
    6.977886199951172,
    9.476402282714844,
    11.666126251220703,
    8.476017951965332,
    10.484066009521484,
    13.387884140014648,
    12.242816925048828,
    11.357699394226074,
    11.893370628356934,
    8.808024406433105
  ],
  "loss_trace": [
    {
      "step": 0,
      "total": 9.496852946072817,
      "emo": 9.496794700622559,
      "asr": 0.58245450258255,
      "per": 0.0,
      "lambda_emo": 1.0,
      "lambda_asr": 0.0001,
      "lambda_per": 0.0
    },
    {
      "step": 1,
      "total": 8.649387077325583,
      "emo": 8.649333953857422,
      "asr": 0.5312346816062927,
      "per": 0.019165975973010063,
      "lambda_emo": 1.0,
      "lambda_asr": 0.0001,
      "lambda_per": 0.0
    },
    {
      "step": 2,
      "total": 6.466414899525047,
      "emo": 6.466371059417725,
      "asr": 0.43840107321739197,
      "per": 0.022307243198156357,
      "lambda_emo": 1.0,
      "lambda_asr": 0.0001,
      "lambda_per": 0.0
    },
    {
      "step": 3,
      "total": 8.411844583141804,
      "emo": 8.411797523498535,
      "asr": 0.47059643268585205,
      "per": 0.025106921792030334,
      "lambda_emo": 1.0,
      "lambda_asr": 0.0001,
      "lambda_per": 0.0
    },
    {
      "step": 4,
      "total": 4.469756077846885,
      "emo": 4.469728469848633,
      "asr": 0.2760799825191498,
      "per": 0.03328816220164299,
      "lambda_emo": 1.0,
      "lambda_asr": 0.0001,
      "lambda_per": 0.0
    },
    {
      "step": 5,
      "total": 2.7765213997930287,
      "emo": 2.7764902114868164,
      "asr": 0.3118830621242523,
      "per": 0.04239128157496452,
      "lambda_emo": 1.0,
      "lambda_asr": 0.0001,
      "lambda_per": 0.0
    },
    {
      "step": 6,
      "total": 1.7759729465603828,
      "emo": 1.775944471359253,
      "asr": 0.2847520112991333,
      "per": 0.04260706901550293,
      "lambda_emo": 1.0,
      "lambda_asr": 0.0001,
      "lambda_per": 0.0
    },
    {
      "step": 7,
      "total": 1.9681574241548776,
      "emo": 1.9681203365325928,
      "asr": 0.3708762228488922,
      "per": 0.04439392685890198,
      "lambda_emo": 1.0,
      "lambda_asr": 0.0001,
      "lambda_per": 0.0
    },
    {
      "step": 8,
      "total": 1.9717969057768583,
      "emo": 1.9717633724212646,
      "asr": 0.33533355593681335,
      "per": 0.039617713540792465,
      "lambda_emo": 1.0,
      "lambda_asr": 0.0001,
      "lambda_per": 0.0
    },
    {
      "step": 9,
      "total": 1.8502368662804365,
      "emo": 1.8502089977264404,
      "asr": 0.2786855399608612,
      "per": 0.04000966623425484,
      "lambda_emo": 1.0,
      "lambda_asr": 0.0001,
      "lambda_per": 0.0
    },
    {
      "step": 10,
      "total": 1.5997258817106486,
      "emo": 1.5996932983398438,
      "asr": 0.3258337080478668,
      "per": 0.04004601761698723,
      "lambda_emo": 1.0,
      "lambda_asr": 0.0001,
      "lambda_per": 0.0
    },
    {
      "step": 11,
      "total": 1.5202526802450418,
      "emo": 1.5202254056930542,
      "asr": 0.2727455198764801,
      "per": 0.04157058149576187,
      "lambda_emo": 1.0,
      "lambda_asr": 0.0001,
      "lambda_per": 0.0
    },
    {
      "step": 12,
      "total": 1.4693248806387187,
      "emo": 1.469297170639038,
      "asr": 0.27709999680519104,
      "per": 0.045236121863126755,
      "lambda_emo": 1.0,
      "lambda_asr": 0.0001,
      "lambda_per": 0.0
    },
    {
      "step": 13,
      "total": 1.3127494988590478,
      "emo": 1.3127191066741943,
      "asr": 0.3039218485355377,
      "per": 0.03412184864282608,
      "lambda_emo": 1.0,
      "lambda_asr": 0.0001,
      "lambda_per": 0.0
    },
    {
      "step": 14,
      "total": 1.1963507352858782,
      "emo": 1.1963231563568115,
      "asr": 0.2757892906665802,
      "per": 0.04122930020093918,
      "lambda_emo": 1.0,
      "lambda_asr": 0.0001,
      "lambda_per": 0.0
    },
    {
      "step": 15,
      "total": 1.3374478892028332,
      "emo": 1.3374176025390625,
      "asr": 0.3028666377067566,
      "per": 0.03333500027656555,
      "lambda_emo": 1.0,
      "lambda_asr": 0.0001,
      "lambda_per": 0.0
    },
    {
      "step": 16,
      "total": 1.492276801982522,
      "emo": 1.4922478199005127,
      "asr": 0.2898208200931549,
      "per": 0.04030606150627136,
      "lambda_emo": 1.0,
      "lambda_asr": 0.0001,
      "lambda_per": 0.0
    },
    {
      "step": 17,
      "total": 1.0918342034220696,
      "emo": 1.0918073654174805,
      "asr": 0.2683800458908081,
      "per": 0.041626591235399246,
      "lambda_emo": 1.0,
      "lambda_asr": 0.0001,
      "lambda_per": 0.0
    },
    {
      "step": 18,
      "total": 1.3660591337889434,
      "emo": 1.3660283088684082,
      "asr": 0.30824920535087585,
      "per": 0.04671420902013779,
      "lambda_emo": 1.0,
      "lambda_asr": 0.0001,
      "lambda_per": 0.0
    },
    {
      "step": 19,
      "total": 1.0117014881551265,
      "emo": 1.0116742849349976,
      "asr": 0.2720322012901306,
      "per": 0.045664332807064056,
      "lambda_emo": 1.0,
      "lambda_asr": 0.0001,
      "lambda_per": 0.0
    },
    {
      "step": 20,
      "total": 1.0363327909044922,
      "emo": 1.033717393875122,
      "asr": 0.26149848103523254,
      "per": 0.04122190177440643,
      "lambda_emo": 1.0,
      "lambda_asr": 0.01,
      "lambda_per": 1e-05
    },
    {
      "step": 21,
      "total": 1.3365803076079117,
      "emo": 1.3337039947509766,
      "asr": 0.2875894010066986,
      "per": 0.041884686797857285,
      "lambda_emo": 1.0,
      "lambda_asr": 0.01,
      "lambda_per": 1e-05
    },
    {
      "step": 22,
      "total": 1.0163071244570239,
      "emo": 1.0139644145965576,
      "asr": 0.234225794672966,
      "per": 0.04519137367606163,
      "lambda_emo": 1.0,
      "lambda_asr": 0.01,
      "lambda_per": 1e-05
    },
    {
      "step": 23,
      "total": 0.9856564104982466,
      "emo": 0.9828333854675293,
      "asr": 0.28226080536842346,
      "per": 0.041697703301906586,