{
  "sample_id": "09734_0005_surprise_0005_001531",
  "path": "/data1/lixiang/OpenS2S_dataset/ESD/CN/0005/Surprise/0005_001531.wav",
  "speaker_id": "0005",
  "ground_truth_emotion": "surprise",
  "target_emotion": "happy",
  "emo_text_clean": [
    "Surprise.",
    "Surprise.",
    "\"\u541d"
  ],
  "emo_text_adv": [
    "Happy",
    "Happy",
    "Happy"
  ],
  "emo_pred_clean": [
    "surprise",
    "surprise",
    ""
  ],
  "emo_pred_adv": [
    "happy",
    "happy",
    "happy"
  ],
  "asr_text_clean": "\u541d",
  "asr_text_adv": "\u541d",
  "success_emo": true,
  "wer": 0.0,
  "semantic_sim": 1.0,
  "semantic_preserved": true,
  "delta_linf": 0.008000001311302185,
  "delta_l2": 1.1349146366119385,
  "snr_db": 21.150275265018955,
  "grad_norm_trace": [
    790.1788940429688,
    290.9126281738281,
    79.37640380859375,
    197.47561645507812,
    165.0483856201172,
    60.88873291015625,
    50.88079071044922,
    35.841209411621094,
    91.21214294433594,
    63.26274108886719,
    106.71427154541016,
    135.12533569335938,
    76.20809936523438,
    64.26826477050781,
    141.32077026367188,
    65.80374145507812,
    40.5451774597168,
    36.77776336669922,
    25.097118377685547,
    29.482643127441406,
    119.01557922363281,
    51.36504364013672,
    131.1122283935547,
    63.12358474731445,
    85.00001525878906,
    31.95273780822754,
    306.26251220703125,
    32.90923309326172,
    21.559934616088867,
    20.81498908996582,
    50.237281799316406,
    79.88276672363281,
    26.098051071166992,
    37.261009216308594,
    29.76191520690918,
    44.63138198852539,
    39.5138053894043,
    27.57818031311035,
    18.195362091064453,
    19.655155181884766,
    36.035465240478516,
    24.710084915161133,
    48.651187896728516,
    43.43252182006836,
    29.900264739990234,
    39.84055709838867,
    23.508556365966797,
    28.50033187866211,
    23.855894088745117,
    40.21631622314453,
    41.37134552001953,
    22.750041961669922,
    758.6141357421875,
    123.36408996582031,
    24.190526962280273,
    54.55799102783203,
    32.397850036621094,
    84.386474609375,
    41.157833099365234,
    20.291181564331055
  ],
  "loss_trace": [
    {
      "step": 0,
      "total": 9.317908399387449,
      "emo": 9.31789779663086,
      "asr": 0.10602756589651108,
      "per": 0.0,
      "lambda_emo": 1.0,
      "lambda_asr": 0.0001,
      "lambda_per": 0.0
    },
    {
      "step": 1,
      "total": 7.7499533807255325,
      "emo": 7.749945640563965,
      "asr": 0.07740161567926407,
      "per": 0.024051368236541748,
      "lambda_emo": 1.0,
      "lambda_asr": 0.0001,
      "lambda_per": 0.0
    },
    {
      "step": 2,
      "total": 5.333603984248638,
      "emo": 5.333452224731445,
      "asr": 1.5175951719284058,
      "per": 0.03274345397949219,
      "lambda_emo": 1.0,
      "lambda_asr": 0.0001,
      "lambda_per": 0.0
    },
    {
      "step": 3,
      "total": 5.701531043789536,
      "emo": 5.7015204429626465,
      "asr": 0.10600826889276505,
      "per": 0.0335223488509655,
      "lambda_emo": 1.0,
      "lambda_asr": 0.0001,
      "lambda_per": 0.0
    },
    {
      "step": 4,
      "total": 5.5426052293226125,
      "emo": 5.542590141296387,
      "asr": 0.15088026225566864,
      "per": 0.03147108107805252,
      "lambda_emo": 1.0,
      "lambda_asr": 0.0001,
      "lambda_per": 0.0
    },
    {
      "step": 5,
      "total": 4.5551039495468135,
      "emo": 4.5547895431518555,
      "asr": 3.144063949584961,
      "per": 0.028579039499163628,
      "lambda_emo": 1.0,
      "lambda_asr": 0.0001,
      "lambda_per": 0.0
    },
    {
      "step": 6,
      "total": 4.379625087976455,
      "emo": 4.379424571990967,
      "asr": 2.005159854888916,
      "per": 0.030635148286819458,
      "lambda_emo": 1.0,
      "lambda_asr": 0.0001,
      "lambda_per": 0.0
    },
    {
      "step": 7,
      "total": 3.4261135468125343,
      "emo": 3.4259696006774902,
      "asr": 1.439461350440979,
      "per": 0.030982328578829765,
      "lambda_emo": 1.0,
      "lambda_asr": 0.0001,
      "lambda_per": 0.0
    },
    {
      "step": 8,
      "total": 3.778090563082695,
      "emo": 3.777947187423706,
      "asr": 1.4337565898895264,
      "per": 0.03378766030073166,
      "lambda_emo": 1.0,
      "lambda_asr": 0.0001,
      "lambda_per": 0.0
    },
    {
      "step": 9,
      "total": 3.2502229791879653,
      "emo": 3.250195264816284,
      "asr": 0.2771437168121338,
      "per": 0.04207420349121094,
      "lambda_emo": 1.0,
      "lambda_asr": 0.0001,
      "lambda_per": 0.0
    },
    {
      "step": 10,
      "total": 3.2246499518692495,
      "emo": 3.2246227264404297,
      "asr": 0.2722542881965637,
      "per": 0.03929818421602249,
      "lambda_emo": 1.0,
      "lambda_asr": 0.0001,
      "lambda_per": 0.0
    },
    {
      "step": 11,
      "total": 3.2566860718607904,
      "emo": 3.256551742553711,
      "asr": 1.3432930707931519,
      "per": 0.04095631092786789,
      "lambda_emo": 1.0,
      "lambda_asr": 0.0001,
      "lambda_per": 0.0
    },
    {
      "step": 12,
      "total": 2.932697352766991,
      "emo": 2.9324681758880615,
      "asr": 2.291768789291382,
      "per": 0.03474104404449463,
      "lambda_emo": 1.0,
      "lambda_asr": 0.0001,
      "lambda_per": 0.0
    },
    {
      "step": 13,
      "total": 3.3904106750875713,
      "emo": 3.3903841972351074,
      "asr": 0.2647785246372223,
      "per": 0.032627008855342865,
      "lambda_emo": 1.0,
      "lambda_asr": 0.0001,
      "lambda_per": 0.0
    },
    {
      "step": 14,
      "total": 3.2418708322405814,
      "emo": 3.241830825805664,
      "asr": 0.4000643491744995,
      "per": 0.03272031620144844,
      "lambda_emo": 1.0,
      "lambda_asr": 0.0001,
      "lambda_per": 0.0
    },
    {
      "step": 15,
      "total": 2.965176629447937,
      "emo": 2.9648940563201904,
      "asr": 2.8257312774658203,
      "per": 0.04183809459209442,
      "lambda_emo": 1.0,
      "lambda_asr": 0.0001,
      "lambda_per": 0.0
    },
    {
      "step": 16,
      "total": 2.9491381068870424,
      "emo": 2.949120283126831,
      "asr": 0.17823760211467743,
      "per": 0.037826407700777054,
      "lambda_emo": 1.0,
      "lambda_asr": 0.0001,
      "lambda_per": 0.0
    },
    {
      "step": 17,
      "total": 2.879948300397396,
      "emo": 2.8798961639404297,
      "asr": 0.5213645696640015,
      "per": 0.03433902561664581,
      "lambda_emo": 1.0,
      "lambda_asr": 0.0001,
      "lambda_per": 0.0
    },
    {
      "step": 18,
      "total": 2.5417834851145744,
      "emo": 2.5416994094848633,
      "asr": 0.8407562971115112,
      "per": 0.035458244383335114,
      "lambda_emo": 1.0,
      "lambda_asr": 0.0001,
      "lambda_per": 0.0
    },
    {
      "step": 19,
      "total": 2.4323623366624116,
      "emo": 2.432332992553711,
      "asr": 0.2934410870075226,
      "per": 0.034685708582401276,
      "lambda_emo": 1.0,
      "lambda_asr": 0.0001,
      "lambda_per": 0.0
    },
    {
      "step": 20,
      "total": 2.883937544788532,
      "emo": 2.881199598312378,
      "asr": 0.273758202791214,
      "per": 0.03644482418894768,
      "lambda_emo": 1.0,
      "lambda_asr": 0.01,
      "lambda_per": 1e-05
    },
    {
      "step": 21,
      "total": 3.0224979445606097,
      "emo": 3.0002903938293457,
      "asr": 2.2207109928131104,
      "per": 0.04408031329512596,
      "lambda_emo": 1.0,
      "lambda_asr": 0.01,
      "lambda_per": 1e-05
    },
    {
      "step": 22,
      "total": 2.7614770312388615,
      "emo": 2.729428768157959,
      "asr": 3.204789161682129,
      "per": 0.03714640811085701,
      "lambda_emo": 1.0,
      "lambda_asr": 0.01,
      "lambda_per": 1e-05
    },
    {
      "step": 23,
      "total": 2.769404943921752,
      "emo": 2.768493175506592,
      "asr": 0.09113817662000656,
      "per": 0.03866489604115486,
      "lambda_emo": 1.0,
      "lambda_asr": 0.01,