sample_id,speaker_id,ground_truth_emotion,target_emotion,pred_clean_1,pred_clean_2,pred_clean_3,pred_adv_1,pred_adv_2,pred_adv_3,success_emo,attack_success_p1,attack_success_p2,attack_success_p3,attack_success_joint,wer,semantic_sim,semantic_preserved,delta_linf,delta_l2,snr_db,initial_emo_loss,final_emo_loss,final_asr_loss,final_per_loss,final_total_loss,loss_reduction_rate,converge_step,total_steps,llm_judge_result,asr_text_clean,asr_text_adv
00200_0011_angry_0011_000686,0011,angry,happy,neutral,happy,happy,happy,happy,happy,True,True,True,True,True,0.0,0.9999999403953552,True,0.008000001311302185,0.35137832164764404,31.610554277009225,0.4409949481487274,0.035221219062805176,0.36531567573547363,0.011994780972599983,0.03887449576796964,0.9201323751878294,0,60,,Over them swoop the Eagles.,Over them swoop the Eagles.
00201_0011_angry_0011_000377,0011,angry,happy,neutral,neutral,neutral,happy,happy,happy,True,True,True,True,True,0.6,0.8863668441772461,True,0.008000001311302185,0.7310858368873596,20.06139548819988,2.1548774242401123,0.06644459813833237,0.575718879699707,0.04018615931272507,0.07220218879692257,0.969165485985003,4,60,,Monster made a deep bow.,Monstermade a deep bows.
00202_0011_angry_0011_000496,0011,angry,happy,neutral,neutral,neutral,happy,happy,happy,True,True,True,True,True,1.6666666666666667,0.8127847909927368,True,0.008000001311302185,0.5749547481536865,25.82261737602842,1.8619530200958252,0.09356413781642914,1.3088310956954956,0.018815279006958008,0.10665263692617416,0.9497494637047212,4,60,,"""Jack the Chatterer""","You said to Jack the Chatterer,"
00203_0011_angry_0011_000516,0011,angry,happy,neutral,neutral,neutral,happy,happy,happy,True,True,True,True,True,0.8571428571428571,0.12020355463027954,False,0.008000001311302185,0.5991217494010925,26.727034022303048,3.485006809234619,0.016144514083862305,3.3391799926757812,0.029831603169441223,0.04953661232665182,0.9953674368609317,6,60,,They ate beef at the butcher shop.,They and the Piff were hugged.
00204_0011_angry_0011_000556,0011,angry,happy,neutral,neutral,neutral,happy,happy,happy,True,True,True,True,True,0.6666666666666666,0.5845037698745728,False,0.008000001311302185,0.6253555417060852,25.781854334612895,3.255251884460449,0.023216992616653442,0.6061122417449951,0.02118462137877941,0.02927832688031718,0.9928678352887271,6,60,,"Still, you owe it a duty.","Still, you owe it a do. These are good."
00205_0011_angry_0011_000523,0011,angry,happy,neutral,neutral,neutral,neutral,happy,happy,False,False,True,True,False,0.4,0.962175726890564,True,0.008000001311302185,0.5784913301467896,27.41571675009474,3.784344434738159,0.33708667755126953,0.540193498134613,0.02893814444541931,0.3424889019140601,0.9109260049225427,10,60,,He searched through the box.,His search through the box.
00206_0011_angry_0011_000612,0011,angry,happy,neutral,neutral,neutral,happy,happy,happy,True,True,True,True,True,0.0,1.0,True,0.008000001311302185,0.47834935784339905,31.347280284231115,2.134021759033203,0.018740953877568245,0.383370041847229,0.019330492243170738,0.022574847600962965,0.9912180118134978,3,60,,I believe you are one of them.,I believe you are one of them.
00207_0011_angry_0011_000611,0011,angry,happy,neutral,happy,neutral,happy,happy,happy,True,True,True,True,True,0.42857142857142855,0.3448941111564636,False,0.008000001311302185,0.48472926020622253,28.855576003245808,1.498470664024353,0.02613111399114132,2.5603151321411133,0.013794727623462677,0.05173440325982869,0.9825614777662963,2,60,,After a while he perceived both giants.,"After a while, he received both Johns."
00208_0011_angry_0011_000578,0011,angry,happy,surprise,surprise,surprise,happy,happy,happy,True,True,True,True,True,1.0,0.888909101486206,True,0.008000001311302185,0.5391721725463867,32.0951410610464,2.349395751953125,0.018561558797955513,1.7377729415893555,0.017139632254838943,0.035939459610171615,0.9920994328935324,5,60,,"It says, 'No way!' shouted Daisy.","It says, no way. Well, shout out to Daisy."
00209_0011_angry_0011_000700,0011,angry,happy,neutral,neutral,neutral,happy,happy,happy,True,True,True,True,True,0.0,1.0000001192092896,True,0.008000001311302185,0.6891401410102844,25.871354860498638,1.8899743556976318,0.01721930503845215,0.2518756687641144,0.0319955013692379,0.019738381681106983,0.9908891329733963,11,60,,Do you have anything in mind?,Do you have anything in mind?
00210_0011_angry_0011_000663,0011,angry,happy,neutral,neutral,neutral,happy,happy,happy,True,True,True,True,True,0.6666666666666666,0.3345808684825897,False,0.008000001311302185,0.7613111138343811,23.30508197711033,2.0578041076660156,0.03916196525096893,2.359116792678833,0.03032994084060192,0.06275343647716568,0.9809690508901807,4,60,,"""Give me a fine fat goose.""",Gives me a fan fest push.
00211_0011_angry_0011_000379,0011,angry,happy,neutral,neutral,happy,happy,happy,happy,True,True,True,True,True,0.14285714285714285,0.8759593963623047,True,0.008000001311302185,0.7100934982299805,22.269111107003813,1.6065915822982788,0.0662766546010971,0.9480887055397034,0.026127098128199577,0.07575780292747543,0.9587470422904331,12,60,,Rat came and replied on the leaves.,Rat came and reclined on the leaves.
00212_0011_angry_0011_000671,0011,angry,happy,neutral,happy,happy,happy,happy,happy,True,True,True,True,True,0.4,0.6274219751358032,False,0.008000001311302185,0.5931224226951599,24.553196420951885,1.113662600517273,0.01291696634143591,1.672773838043213,0.034415051341056824,0.02964504887238145,0.9884013647082732,1,60,,Called out to the cloud.,Fold out to the clouds.
00213_0011_angry_0011_000625,0011,angry,happy,angry,neutral,neutral,happy,happy,happy,True,True,True,True,True,0.125,0.8962920904159546,True,0.008000001311302185,0.6917460560798645,26.25881359221921,2.903254508972168,0.1853805035352707,0.5398347973823547,0.03250338137149811,0.19077917654290796,0.93614734672335,14,60,,You shouldn't have pricked him with your horn.,You shouldn't have pricked them with your horn.
00214_0011_angry_0011_000392,0011,angry,happy,neutral,neutral,neutral,happy,happy,happy,True,True,True,True,True,1.1666666666666667,0.19723987579345703,False,0.008000001311302185,0.7784900069236755,20.329756766840916,1.3115559816360474,0.02956360951066017,4.152964115142822,0.033337052911520004,0.07109358403261751,0.9774591325687965,4,60,,She may mind ye of her.,I have a man and a woman.
00215_0011_angry_0011_000494,0011,angry,happy,neutral,happy,happy,happy,happy,happy,True,True,True,True,True,0.1,0.5611779093742371,False,0.008000001311302185,0.45076292753219604,31.544027770981444,1.6708719730377197,0.1370888352394104,0.6523505449295044,0.011045776307582855,0.1436124511464685,0.9179537167110555,5,60,,We all see panda on TV or in the zoo.,We all see Penner on TV or in the zoo.
00216_0011_angry_0011_000500,0011,angry,happy,neutral,neutral,happy,happy,happy,happy,True,True,True,True,True,0.0,0.9999999403953552,True,0.008000001311302185,0.4294852316379547,28.895492701060256,1.4408577680587769,0.02067560702562332,0.2130291759967804,0.01726241037249565,0.022806071409694848,0.985650487172319,3,60,,I hope you have enjoyed yourself.,I hope you have enjoyed yourself.
00217_0011_angry_0011_000401,0011,angry,happy,neutral,neutral,happy,happy,happy,happy,True,True,True,True,True,46.25,0.15665201842784882,False,0.008000001311302185,0.6111182570457458,23.10126369900931,1.2126812934875488,0.13463765382766724,2.140479326248169,0.025975894182920456,0.15604270684909075,0.8889752364857028,4,60,,"""Where are you from?""","""Said the American to the Chinese, 'I'm going to be a millionaire.' Said the Chinese to the American, 'How much is a million?' Said the American, 'A million is a lot of money.' Said the Chinese, 'I want to be a millionaire too.' Said the American, 'You can be a millionaire too.' Said the Chinese, 'How much is a million?' Said the American, 'A million is a lot of money.' Said the Chinese, 'I want to be a millionaire too.' Said the American, 'You can be a millionaire too.' Said the Chinese, 'How much is a million?' Said the American, 'A million is a lot of money.' Said the Chinese, 'I want to be a millionaire too.' Said the American, 'You can be a millionaire too.' Said the Chinese, 'How much is a million?' Said the American, 'A million is a lot of money.' Said the Chinese, 'I want to be a millionaire too.' Said the American, 'You can be a millionaire too.' Said the Chinese, 'How much is a million?' Said the American, 'A million is a lot of money.' Said the Chinese, 'I"
00218_0011_angry_0011_000360,0011,angry,happy,neutral,neutral,neutral,happy,happy,happy,True,True,True,True,True,0.0,1.0,True,0.008000001311302185,0.6721485257148743,19.076072744806766,3.7069928646087646,0.1012212261557579,0.22296616435050964,0.030198492109775543,0.10345118978418409,0.9726945182112077,12,60,,A nauseous draft.,A nauseous draft.
00219_0011_angry_0011_000616,0011,angry,happy,neutral,neutral,neutral,happy,happy,happy,True,True,True,True,True,0.3333333333333333,0.5552561283111572,False,0.008000001311302185,0.47367992997169495,29.575803411033206,1.8020358085632324,0.018195686861872673,0.2175048440694809,0.01834413968026638,0.020370918743964284,0.9899027051652319,3,60,,We may join with that power.,We made joy with that power.
00220_0011_angry_0011_000511,0011,angry,happy,neutral,happy,happy,happy,happy,happy,True,True,True,True,True,0.2,0.5108682513237,False,0.008000001311302185,0.6078197956085205,26.201767440756655,1.0678017139434814,0.026006942614912987,1.1567935943603516,0.028889818117022514,0.03757516745669767,0.9756444082498545,5,60,,That's a full grown colt.,That's a full grown color.
00221_0011_angry_0011_000469,0011,angry,happy,neutral,neutral,neutral,happy,happy,happy,True,True,True,True,True,0.8333333333333334,0.1306527704000473,False,0.008000001311302185,0.6001213192939758,26.18651679091451,2.1957499980926514,0.15758197009563446,1.8771575689315796,0.021613677963614464,0.1763537619217299,0.9282331912865678,7,60,,The owl flew into the bush.,See our flumen to the west.
00222_0011_angry_0011_000566,0011,angry,happy,neutral,neutral,happy,happy,happy,happy,True,True,True,True,True,0.0,1.0,True,0.008000001311302185,0.6540173292160034,25.03863562201439,2.2928407192230225,0.027991976588964462,0.09323612600564957,0.027010977268218994,0.02892460795879364,0.9877915738523476,12,60,,It isn't pickle at all.,It isn't pickle at all.
00223_0011_angry_0011_000356,0011,angry,happy,neutral,neutral,neutral,happy,happy,happy,True,True,True,True,True,1.2857142857142858,0.4984862804412842,False,0.008000001311302185,0.7227427959442139,21.802415209997612,3.0319504737854004,0.021844785660505295,2.014901638031006,0.032085832208395004,0.04199412289913744,0.992795137701167,5,60,,"""Andy, what's that jire to the gimble?""","Any one, once that Gators hear the gimbal, I like it."
00224_0011_angry_0011_000565,0011,angry,happy,neutral,happy,happy,happy,happy,happy,True,True,True,True,True,0.0,0.9999998807907104,True,0.00800000037997961,0.42705100774765015,31.24709198336674,0.6979901194572449,0.013583095744252205,0.07773496210575104,0.017827799543738365,0.014360623643305153,0.9805397019734113,0,60,,He likes dragons very much.,He likes dragons very much.
00225_0011_neutral_0011_000033,0011,neutral,happy,neutral,neutral,neutral,neutral,happy,happy,False,False,True,True,False,0.3333333333333333,0.7170851826667786,False,0.008000001311302185,0.7838082313537598,12.361667625168984,3.6310296058654785,0.45783811807632446,2.201768398284912,0.029883962124586105,0.4798561008987949,0.8739095607106194,9,60,,This used to be Jerry's occupation.,This used to give Jerry's Arcadian
00226_0011_neutral_0011_000198,0011,neutral,happy,sad,neutral,neutral,happy,happy,happy,True,True,True,True,True,1.3333333333333333,0.5035321712493896,False,0.008000001311302185,0.5804586410522461,18.398492138424835,2.7690341472625732,0.047758057713508606,1.630628228187561,0.03792771324515343,0.06406471927251667,0.9827528101230816,3,60,,I'd shoot myself.,At Shoot My Cell.
00227_0011_neutral_0011_000313,0011,neutral,happy,neutral,neutral,neutral,happy,happy,happy,True,True,True,True,True,0.8333333333333334,0.8423618078231812,True,0.008000001311302185,0.8370534181594849,21.223208167030243,2.7807843685150146,0.03381999954581261,2.197395086288452,0.033054232597351074,0.0557942809510231,0.9878379640188092,5,60,,Give me a fine fat goose.,Happify if you had fine fat geese.
00228_0011_neutral_0011_000190,0011,neutral,happy,neutral,neutral,neutral,happy,happy,happy,True,True,True,True,True,0.25,0.9576480388641357,True,0.008000001311302185,0.7761889100074768,21.920390221653054,3.609636068344116,0.03434707969427109,0.7541489005088806,0.02532411925494671,0.04188882194055244,0.9904846142259357,7,60,,And they were sandy yellow brownish all over.,"And there were sandy yellow, brownish all over."
00229_0011_neutral_0011_000137,0011,neutral,happy,neutral,neutral,neutral,happy,happy,happy,True,True,True,True,True,0.6,0.7435615062713623,False,0.008000001311302185,0.7315212488174438,12.418979364688184,1.7448797225952148,0.009153725579380989,2.875227928161621,0.03838546946644783,0.03790638871569186,0.9947539503950643,2,60,,Let this glass globe be.,Let the splash globe be
00230_0011_neutral_0011_000294,0011,neutral,happy,neutral,neutral,neutral,happy,happy,happy,True,True,True,True,True,0.0,1.0,True,0.008000001311302185,0.6034790277481079,19.289974931496168,1.7480642795562744,0.04198141023516655,0.4508621096611023,0.032768405973911285,0.04649035901583731,0.9759840580657463,4,60,,Now I understand.,Now I understand.
00231_0011_neutral_0011_000164,0011,neutral,happy,angry,angry,angry,happy,happy,happy,True,True,True,True,True,0.14285714285714285,0.7215249538421631,False,0.008000001311302185,0.8222938179969788,20.216686337573123,4.517459869384766,0.030093379318714142,0.25958386063575745,0.030501585453748703,0.03268952294092625,0.9933384290754502,5,60,,His large mouth curled into a sneer.,His large mouth curled into a smile.
00232_0011_neutral_0011_000207,0011,neutral,happy,neutral,neutral,neutral,happy,happy,happy,True,True,True,True,True,0.2,0.9671817421913147,True,0.008000001311302185,0.7992204427719116,19.289010100695975,1.736902117729187,0.02216094546020031,0.6516929864883423,0.02050812914967537,0.02867808040637523,0.9872411086186172,1,60,,"What am I? I'm a race car, son of God.","What am I? I'm a racer, son of God."
00233_0011_neutral_0011_000347,0011,neutral,happy,neutral,neutral,neutral,happy,happy,happy,True,True,True,True,True,0.5,0.9637202620506287,True,0.008000001311302185,0.7251237034797668,20.22267005422508,2.4455814361572266,0.012453100644052029,0.39976662397384644,0.038915473967790604,0.016451156038530174,0.9949079182316579,6,60,,"What are you waiting for, man?","What are you waiting for? Man, it's"
00234_0011_neutral_0011_000075,0011,neutral,happy,neutral,neutral,neutral,happy,happy,happy,True,True,True,True,True,0.4444444444444444,0.9097040891647339,True,0.008000001311302185,0.8985909223556519,14.168279327460418,3.845449447631836,0.02116217091679573,0.8284607529640198,0.033873822540044785,0.02944711718466133,0.9944968276907584,5,60,,I'd far rather go without them than eat them.,I'd far rather go without them than eat there in the place.
00235_0011_neutral_0011_000245,0011,neutral,happy,neutral,neutral,neutral,happy,happy,happy,True,True,True,True,True,1.1666666666666667,0.08865462243556976,False,0.008000001311302185,0.8952240943908691,9.028922914470876,3.621140241622925,0.053130388259887695,3.7427845001220703,0.04850395768880844,0.09055871830068529,0.985327718697778,12,60,,Do you think it's a woozle?,"""Evgeny Stolyarov, we hug them for them."""
00236_0011_neutral_0011_000159,0011,neutral,happy,happy,happy,happy,happy,happy,happy,True,True,True,True,True,0.0,1.0,True,0.00800000037997961,0.13905654847621918,35.1929930840393,0.11219360679388046,0.00920327939093113,0.32115209102630615,0.00348665751516819,0.012414835167769343,0.9179696628539701,0,60,,"Such tunes are a joy to dance in, Faye.","Such tunes are a joy to dance in, Faye."
00237_0011_neutral_0011_000032,0011,neutral,happy,neutral,neutral,neutral,happy,happy,happy,True,True,True,True,True,0.5,0.5605960488319397,False,0.008000001311302185,0.9323018193244934,12.917999031025136,3.758007764816284,0.021432792767882347,2.0714914798736572,0.03702960163354874,0.04214807786263526,0.9942967673008706,4,60,,Who has been repeating all that hard stuff to you?,Clearly it's been repaying all that hard surf to you.
00238_0011_neutral_0011_000267,0011,neutral,happy,neutral,neutral,neutral,neutral,happy,happy,False,False,True,True,False,0.8,0.34146150946617126,False,0.008000001311302185,0.5855950117111206,23.391902548607817,1.2248058319091797,0.43021005392074585,0.564103364944458,0.021315118297934532,0.4358513007213734,0.6487524449078176,5,60,,"[ 0m0s110ms - 0m2s300ms ] Chapter 11, on the doorstep.",Chapter 11 on the Doris F.
00239_0011_neutral_0011_000204,0011,neutral,happy,angry,neutral,neutral,happy,happy,happy,True,True,True,True,True,0.25,0.9223423004150391,True,0.008000001311302185,0.6543207764625549,20.427430421334343,1.7884101867675781,0.02880275249481201,0.42344751954078674,0.031108155846595764,0.03303753877177834,0.9838947727384225,4,60,,The song is really loud on the gate.,The song is really the loudest on the gate.
00240_0011_neutral_0011_000342,0011,neutral,happy,neutral,neutral,neutral,happy,happy,happy,True,True,True,True,True,0.0,1.0,True,0.008000001311302185,0.8186473250389099,17.88366761158603,3.9335689544677734,0.2242216318845749,0.187836155295372,0.04958949610590935,0.2261004893324897,0.9429979150028875,18,60,,Why should I purchase my own?,Why should I purchase my own?
00241_0011_neutral_0011_000035,0011,neutral,happy,neutral,neutral,neutral,happy,happy,happy,True,True,True,True,True,0.75,0.12707631289958954,False,0.008000001311302185,0.902350664138794,13.317998916831375,3.044370412826538,0.1058955118060112,3.8782894611358643,0.04117344319820404,0.14467881815180184,0.9652159568494516,13,60,,The name really is the aged aged man.,The name really is my eight of the day's nanny.
00242_0011_neutral_0011_000304,0011,neutral,happy,neutral,neutral,neutral,happy,happy,happy,True,True,True,True,True,0.2857142857142857,0.7513593435287476,False,0.008000001311302185,0.6642765402793884,20.807773339158473,2.2262187004089355,0.040841102600097656,0.762250542640686,0.032430194318294525,0.0484639323284477,0.9816544966617181,5,60,,How do you like you dirty bird?,"How do you like you, Yorty bird?"
00243_0011_neutral_0011_000343,0011,neutral,happy,neutral,neutral,happy,happy,happy,happy,True,True,True,True,True,0.0,1.0,True,0.008000001311302185,0.6935990452766418,17.76249310284981,1.7554997205734253,0.1507246047258377,0.26092687249183655,0.039293959736824036,0.15333426639035344,0.9141414817903791,7,60,,And what does it mean?,And what does it mean?
00244_0011_neutral_0011_000055,0011,neutral,happy,neutral,happy,neutral,happy,happy,happy,True,True,True,True,True,0.16666666666666666,0.8744262456893921,True,0.008000001311302185,0.7628478407859802,14.052679954736467,1.206827998161316,0.01713193953037262,0.9412573575973511,0.031597867608070374,0.026544829085022214,0.9858041580436696,2,60,,A deafening chirping rent the air.,A deffuline chirping rent the air.
00245_0011_neutral_0011_000350,0011,neutral,happy,neutral,neutral,neutral,happy,happy,happy,True,True,True,True,True,0.0,1.0000001192092896,True,0.008000001311302185,0.7912207841873169,20.115776021593103,4.052048683166504,0.0637861043214798,0.024805491790175438,0.04021872580051422,0.06403456142663956,0.9842583075108482,11,60,,Do you have anything in mind?,Do you have anything in mind?
00246_0011_neutral_0011_000052,0011,neutral,happy,neutral,neutral,neutral,happy,happy,happy,True,True,True,True,True,1.0,-0.0402337983250618,False,0.008000001311302185,0.9474442601203918,9.531418147951475,1.7789220809936523,0.03989969193935394,1.6373506784439087,0.04548981040716171,0.0562736536218971,0.9775708602610255,9,60,,From August 18th of their divorce.,From all the day premiums of Bear Devon.
00247_0011_neutral_0011_000250,0011,neutral,happy,neutral,neutral,neutral,happy,happy,happy,True,True,True,True,True,0.2,0.8093523979187012,True,0.008000001311302185,0.8430907130241394,15.660859363300407,2.537332534790039,0.01577598787844181,0.7899416089057922,0.03505990654230118,0.023675754566565153,0.9937824515856187,3,60,,Her kind and firm glance.,Towards kind and firm glance.
00248_0011_neutral_0011_000168,0011,neutral,happy,neutral,neutral,neutral,happy,happy,happy,True,True,True,True,True,0.25,0.848037838935852,True,0.008000001311302185,0.7358477115631104,20.988308385235758,2.4929614067077637,0.07998907566070557,0.5155619382858276,0.03232615441083908,0.08514501830510794,0.9679140337088731,12,60,,"I said you look like an egg, sir.","I said you look like an egg, serve happy."
00249_0011_neutral_0011_000228,0011,neutral,happy,angry,sad,surprise,happy,happy,happy,True,True,True,True,True,1.3333333333333333,0.6051798462867737,False,0.008000001311302185,0.7370321750640869,20.697998140837033,2.4021687507629395,0.020639846101403236,1.9842607975006104,0.032544441521167755,0.04048277952082455,0.9914078284072058,6,60,,"""It says no way,"" shouted Daisy.",It says no wait. Shout the daisy. I love you.
00250_0011_sad_0011_001344,0011,sad,happy,neutral,neutral,neutral,happy,happy,happy,True,True,True,True,True,0.0,1.0,True,0.008000001311302185,0.7022995352745056,16.55468041827642,1.982788324356079,0.02836989425122738,0.16631385684013367,0.03371460363268852,0.030033369965665045,0.9856919198571332,2,60,,Now I understand.,Now I understand.
00251_0011_sad_0011_001383,0011,sad,happy,angry,neutral,neutral,happy,happy,happy,True,True,True,True,True,0.4,0.9358978867530823,True,0.008000001311302185,0.7926089763641357,16.414979870417888,2.9173755645751953,0.06269901990890503,1.094506859779358,0.03903411328792572,0.07364447884783148,0.9785084167186974,6,60,,"You gain for nothing, girl.","You've gained for nothing, girl."
00252_0011_sad_0011_001337,0011,sad,happy,neutral,neutral,neutral,happy,happy,happy,True,True,True,True,True,1.5,0.6619787216186523,False,0.008000001311302185,0.850648045539856,15.5679846363008,3.087299108505249,0.045137129724025726,2.98891544342041,0.041460901498794556,0.07502669876724481,0.9853797354458864,6,60,,Come in.,"Come on, let's go!"
00253_0011_sad_0011_001064,0011,sad,happy,sad,sad,neutral,happy,happy,happy,True,True,True,True,True,0.0,1.0,True,0.008000001311302185,0.7606087327003479,21.331077234138462,3.2239463329315186,0.012688483111560345,0.23571471869945526,0.03194513916969299,0.015045949749946594,0.996064300766439,9,60,,"Annie, please, please don't hurt me.","Annie, please, please don't hurt me."
00254_0011_sad_0011_001099,0011,sad,happy,neutral,happy,happy,happy,happy,happy,True,True,True,True,True,0.4,0.8570237159729004,True,0.008000001311302185,0.46438679099082947,26.947489512660972,1.078087568283081,0.012653964571654797,0.8446664810180664,0.013687936589121819,0.021100766261201352,0.9882625818681807,1,60,,"They will all say, ""Aha.""","They will all say, ""Ha ha."""
00255_0011_sad_0011_001205,0011,sad,happy,angry,angry,angry,neutral,happy,happy,False,False,True,True,False,0.7142857142857143,0.743597149848938,False,0.008000001311302185,0.8599593043327332,19.824239084514954,4.446897029876709,0.39667588472366333,2.3267080783843994,0.030612317845225334,0.4199432716306858,0.9107971508990256,27,60,,"""this speech roused Dame Isolde to anger.""",This speech rounds name ills to anger.
00256_0011_sad_0011_001250,0011,sad,happy,neutral,neutral,neutral,happy,happy,happy,True,True,True,True,True,1.125,0.053476475179195404,False,0.008000001311302185,0.7673691511154175,17.04419931933512,4.879517555236816,0.02092115394771099,4.030021667480469,0.03718707710504532,0.061221742493286734,0.9957124544156506,6,60,,That cloth does not look like worth much.,The kind of noodle soup that I like is fantastic.
00257_0011_sad_0011_001316,0011,sad,happy,neutral,neutral,neutral,happy,happy,happy,True,True,True,True,True,0.3333333333333333,0.5674571394920349,False,0.008000001311302185,0.7609694600105286,18.448062367642905,2.2780909538269043,0.03513048589229584,2.116112232208252,0.02852500230073929,0.05629189346440136,0.9845789801178565,2,60,,We may join with that power.,We made joys with that power.
00258_0011_sad_0011_001267,0011,sad,happy,sad,sad,neutral,happy,happy,happy,True,True,True,True,True,0.5714285714285714,0.7785674929618835,False,0.008000001311302185,0.8038522601127625,20.666613349370824,3.1338374614715576,0.03565063700079918,1.5206159353256226,0.034864138811826706,0.050857144995443526,0.9886239674395689,18,60,,Your cruelty shall cost you your laugh.,Your cruelty if she'll thrust you your laughter.
00259_0011_sad_0011_001165,0011,sad,happy,neutral,neutral,neutral,happy,happy,happy,True,True,True,True,True,0.5,0.7781080007553101,False,0.008000001311302185,0.7671355605125427,18.62680156021371,2.026580572128296,0.22618059813976288,1.4317227602005005,0.03264443203806877,0.24049815218608828,0.8883929900195233,7,60,,"He might call it, for example.","You may call it, for example,"
00260_0011_sad_0011_001238,0011,sad,happy,neutral,neutral,happy,happy,happy,happy,True,True,True,True,True,0.4,0.8120752573013306,True,0.008000001311302185,0.6403618454933167,18.5960717826411,1.6363801956176758,0.03232427313923836,3.6912853717803955,0.03157874196767807,0.06923744264446198,0.9802464774226646,4,60,,Now quicker the fiddle went.,"Now, quicker the fiddle waves."
00261_0011_sad_0011_001156,0011,sad,happy,neutral,neutral,happy,happy,happy,happy,True,True,True,True,True,0.16666666666666666,0.7036377191543579,False,0.008000001311302185,0.8337916135787964,17.890791398911173,1.7688262462615967,0.10002754628658295,0.407703697681427,0.04415393993258476,0.10410502480279654,0.9434497613895143,3,60,,I guess it's a choice feast.,I guess it's a joyous feast.
00262_0011_sad_0011_001301,0011,sad,happy,neutral,happy,happy,happy,happy,happy,True,True,True,True,True,0.4,0.9842280745506287,True,0.008000001311302185,0.7521319389343262,19.52188770223815,1.1500201225280762,0.02502666786313057,0.9670149087905884,0.02963211201131344,0.03469711327215656,0.9782380609061738,1,60,,The ladybug told them proudly.,Ladybug told them proudly.
00263_0011_sad_0011_001217,0011,sad,happy,neutral,neutral,neutral,happy,happy,happy,True,True,True,True,True,1.4,0.342784583568573,False,0.008000001311302185,0.7574483752250671,17.91275597550207,1.626611590385437,0.018843885511159897,2.9186370372772217,0.04024330899119377,0.04803065831702203,0.9884152519122928,5,60,,I toy with my liquor.,"I took it with me, it was really fun."
00264_0011_sad_0011_001209,0011,sad,happy,happy,happy,happy,happy,happy,happy,True,True,True,True,True,0.42857142857142855,0.9467124342918396,True,0.007656325586140156,0.1277250498533249,35.858965727154384,0.0791826993227005,0.007967484183609486,0.5421947240829468,0.002777700312435627,0.013389459201442078,0.8993784721692946,0,60,,Such tunes were joy to dancing fay.,Such tunes overjoyed a dancing fay.
00265_0011_sad_0011_001330,0011,sad,happy,neutral,neutral,neutral,happy,happy,happy,True,True,True,True,True,0.0,1.0,True,0.008000001311302185,0.6569369435310364,19.665333964455122,2.1787211894989014,0.013028142973780632,0.15619607269763947,0.04113965481519699,0.01459051509730518,0.9940202798611524,5,60,,Your path goes south.,Your path goes south.
00266_0011_sad_0011_001239,0011,sad,happy,surprise,happy,surprise,happy,happy,happy,True,True,True,True,True,0.6,0.6601248979568481,False,0.008000001311302185,0.8515913486480713,16.79626666480057,1.7530944347381592,0.04314722120761871,1.2005393505096436,0.0432458221912384,0.05515304717093707,0.9753879652158823,2,60,,When such wonder as meet,When such wonder is made us.
00267_0011_sad_0011_001198,0011,sad,happy,neutral,happy,happy,happy,happy,happy,True,True,True,True,True,0.0,0.9999999403953552,True,0.00800000037997961,0.469309002161026,25.361814601807772,0.7606345415115356,0.013341952115297318,0.04946482181549072,0.011337511241436005,0.01383671370856464,0.9824594448619384,0,60,,"And on the top of them came Winnie, the cute bear.","And on the top of them came Winnie, the cute bear."
00268_0011_sad_0011_001240,0011,sad,happy,neutral,neutral,neutral,happy,happy,happy,True,True,True,True,True,0.25,0.9196585416793823,True,0.008000001311302185,0.6394875049591064,22.799080386582638,3.462522506713867,0.020019009709358215,0.3201902508735657,0.025466840714216232,0.023221166886501016,0.9942183741273765,8,60,,And they were sandy yellow brownish all over.,And there were sandy yellow browners all over.
00269_0011_sad_0011_001190,0011,sad,happy,neutral,neutral,neutral,happy,happy,happy,True,True,True,True,True,0.16666666666666666,0.6968870162963867,False,0.008000001311302185,0.6712984442710876,19.653115596823817,2.9331912994384766,0.023284679278731346,0.26091790199279785,0.030502930283546448,0.025894163327962162,0.992061656775271,6,60,,What an impetuous boy he is.,What an impeccable boy he is.
00270_0011_sad_0011_001104,0011,sad,happy,neutral,neutral,neutral,happy,happy,happy,True,True,True,True,True,0.5,0.5025252103805542,False,0.008000001311302185,0.7460062503814697,23.153914115323253,4.293685436248779,0.011823177337646484,1.2944016456604004,0.03380265459418297,0.02476753182079643,0.9972463801754476,8,60,,"Are you a regular darky, really?","While you're a regular Dartie, really?"
00271_0011_sad_0011_001202,0011,sad,happy,neutral,neutral,neutral,happy,happy,happy,True,True,True,True,True,0.8333333333333334,0.4846160113811493,False,0.008000001311302185,0.6543077826499939,25.234203022846458,2.659398317337036,0.023385170847177505,1.9239604473114014,0.022246237844228745,0.04262499778266996,0.9912065933505614,7,60,,Guilty for what do you rule?,I thank you for what you rule.
00272_0011_sad_0011_001224,0011,sad,happy,neutral,neutral,neutral,happy,happy,happy,True,True,True,True,True,0.0,0.9999998807907104,True,0.008000001311302185,0.6633082628250122,20.231375293936637,1.7995870113372803,0.040774695575237274,0.1105269342660904,0.02754019759595394,0.04188024031987414,0.9773421927818109,4,60,,I pay half a crown a week extra.,I pay half a crown a week extra.
00273_0011_sad_0011_001308,0011,sad,happy,neutral,neutral,neutral,happy,happy,happy,True,True,True,True,True,0.7142857142857143,0.6552338600158691,False,0.008000001311302185,0.6708968877792358,22.264560505663052,3.2517876625061035,0.026943840086460114,1.4931614398956299,0.020973660051822662,0.04187566422201693,0.9917141453000978,9,60,,"Mum shuts one's mouth up, doesn't it?","""Mommy, shout to one's half up, doesn't it?"""
00274_0011_sad_0011_001092,0011,sad,happy,neutral,happy,happy,happy,happy,happy,True,True,True,True,True,0.8333333333333334,0.4503716230392456,False,0.008000001311302185,0.6815888285636902,21.611285903450938,1.1062017679214478,0.014291536062955856,0.48240095376968384,0.028437769040465355,0.0191158299783431,0.9870805340604276,4,60,,She may mind you of her.,She made man give her
00275_0011_surprise_0011_001451,0011,surprise,happy,neutral,happy,happy,happy,happy,happy,True,True,True,True,True,0.8,0.906785249710083,True,0.008000001311302185,0.6297962665557861,22.310251006244656,1.0341176986694336,0.016690347343683243,1.6615053415298462,0.02455171011388302,0.033305646276082845,0.9838603020089897,1,60,,Say the American to Chinese.,said the Americans Chinese
00276_0011_surprise_0011_001514,0011,surprise,happy,neutral,neutral,neutral,happy,happy,happy,True,True,True,True,True,0.5,0.8328226804733276,True,0.008000001311302185,0.6352083683013916,26.365528055066733,3.1087679862976074,0.016612406820058823,0.9635463356971741,0.024993985891342163,0.026248120116889477,0.9946562731946287,10,60,,A half pounds of flour and two ounces of suet.,A half pound of flour and two eggs to suit it.
00277_0011_surprise_0011_001471,0011,surprise,happy,neutral,neutral,neutral,happy,happy,happy,True,True,True,True,True,0.0,1.0000001192092896,True,0.008000001311302185,0.7109987735748291,25.166556227133206,2.5707528591156006,0.25326007604599,0.18657688796520233,0.021533586084842682,0.25512606026150286,0.901484082708317,10,60,,She was bought on April 1943.,She was bought on April 1943.
00278_0011_surprise_0011_001727,0011,surprise,happy,neutral,neutral,neutral,happy,happy,happy,True,True,True,True,True,0.2,0.8218206763267517,True,0.008000001311302185,0.573674738407135,24.907803648290965,2.880749225616455,0.019501077011227608,0.6785106658935547,0.021079692989587784,0.026286394467093053,0.9932305537608694,7,60,,It's part of my secret?,It's part of my secret.
00279_0011_surprise_0011_001626,0011,surprise,happy,neutral,neutral,surprise,happy,happy,happy,True,True,True,True,True,0.0,1.0,True,0.00800000037997961,0.5700446963310242,25.436936253509465,1.6114391088485718,0.023630693554878235,0.1745883971452713,0.023272059857845306,0.02537681024692953,0.9853356584030264,7,60,,"And the next day, Nurse will be released.","And the next day, Nurse will be released."
00280_0011_surprise_0011_001736,0011,surprise,happy,neutral,neutral,happy,happy,happy,happy,True,True,True,True,True,0.4,0.868455171585083,True,0.008000001311302185,0.5091466307640076,28.65549277278198,1.817584753036499,0.04953641816973686,0.8825716972351074,0.014673082157969475,0.05836228187290951,0.9727460201858646,5,60,,Over them swoop the eagles.,"Over the babe, swoop the eagles."
00281_0011_surprise_0011_001426,0011,surprise,happy,neutral,neutral,neutral,happy,happy,happy,True,True,True,True,True,0.42857142857142855,0.5457900762557983,False,0.008000001311302185,0.8692874908447266,20.987980919228058,4.648966312408447,0.05260823667049408,1.8935770988464355,0.0391511432826519,0.07154439917039127,0.9886838851617232,12,60,,Let's make the noise of a snake.,Let's make the noise for the Sneidorf.
00282_0011_surprise_0011_001750,0011,surprise,happy,neutral,neutral,neutral,happy,happy,happy,True,True,True,True,True,0.0,1.0000001192092896,True,0.008000001311302185,0.7300034165382385,24.54670507689494,3.7224326133728027,0.013368750922381878,0.19501061737537384,0.032028909772634506,0.015319177385233343,0.9964085982713684,13,60,,Do you have anything in mind?,Do you have anything in mind?
00283_0011_surprise_0011_001489,0011,surprise,happy,angry,neutral,neutral,happy,happy,happy,True,True,True,True,True,0.16666666666666666,0.9471960067749023,True,0.008000001311302185,0.39718884229660034,33.74572209097354,1.5019606351852417,0.041997574269771576,0.3747289478778839,0.013808819465339184,0.04574500183674507,0.9720381657908153,2,60,,Let go of my top knot.,Let go of my top knot!
00284_0011_surprise_0011_001576,0011,surprise,happy,neutral,happy,neutral,happy,happy,happy,True,True,True,True,True,0.0,1.0,True,0.008000001311302185,0.5805409550666809,29.175008530502065,1.5486040115356445,0.01545664481818676,0.14836177229881287,0.009608029387891293,0.016940358621468764,0.9900189818035797,1,60,,She just smiled calmly. Mother knows that's the best smile.,She just smiled calmly. Mother knows that's the best smile.
00285_0011_surprise_0011_001424,0011,surprise,happy,neutral,happy,happy,happy,happy,happy,True,True,True,True,True,0.14285714285714285,0.7178981304168701,False,0.008000001311302185,0.6140976548194885,23.952908395108203,1.1007660627365112,0.0262933187186718,0.8846409320831299,0.0207991823554039,0.03513993603132665,0.976113617953204,3,60,,The football teams give a tea party.,The football teams give a cheer party.
00286_0011_surprise_0011_001474,0011,surprise,happy,neutral,happy,happy,happy,happy,happy,True,True,True,True,True,0.0,1.0,True,0.008000001311302185,0.5223267674446106,29.880187723067444,1.3800485134124756,0.02954726479947567,0.29693958163261414,0.020626619458198547,0.03251686688199639,0.9785896912229458,3,60,,"Come on, my Jack in the boxes.","Come on, my Jack in the boxes."
00287_0011_surprise_0011_001603,0011,surprise,happy,neutral,neutral,neutral,happy,happy,happy,True,True,True,True,True,0.75,0.0895102322101593,False,0.008000001311302185,0.6221469044685364,26.221632657261644,4.01231050491333,0.053467147052288055,0.9611001014709473,0.026815835386514664,0.0630784162253514,0.9866742249916067,13,60,,I was not grabbed.,I will smack Gramps!
00288_0011_surprise_0011_001463,0011,surprise,happy,neutral,neutral,neutral,happy,happy,happy,True,True,True,True,True,0.9375,0.6842321157455444,False,0.008000001311302185,0.5734347701072693,26.156853410050328,2.275416851043701,0.07805284857749939,1.0358978509902954,0.021581893786787987,0.08841204290634022,0.9656973408886826,5,60,,"Asteroid 325 is a small asteroid, about 100 meters in diameter, that was discovered in 1937.",Asteroid 325th
00289_0011_surprise_0011_001507,0011,surprise,happy,neutral,neutral,neutral,happy,happy,happy,True,True,True,True,True,0.0,1.0,True,0.008000001311302185,0.6247304081916809,25.420210341940916,2.6911120414733887,0.027766240760684013,0.20620395243167877,0.023514851927757263,0.029828515433520077,0.9896822427558676,9,60,,Tom and Michael woke up next morning.,Tom and Michael woke up next morning.
00290_0011_surprise_0011_001672,0011,surprise,happy,neutral,neutral,neutral,happy,happy,happy,True,True,True,True,True,0.0,1.0,True,0.008000001311302185,0.6243621706962585,28.09872101350048,3.456134796142578,0.044703926891088486,0.25163212418556213,0.019428931176662445,0.04722044242225587,0.9870653404661812,11,60,,No admittance except on party business.,No admittance except on party business.
00291_0011_surprise_0011_001441,0011,surprise,happy,neutral,neutral,neutral,happy,happy,happy,True,True,True,True,True,0.0,0.9999999403953552,True,0.008000001311302185,0.5099098682403564,26.908900693717985,1.700006365776062,0.020152680575847626,0.21078604459762573,0.019991979002952576,0.022260740941613913,0.9881455264041628,4,60,,I choose the right way.,I choose the right way.
00292_0011_surprise_0011_001624,0011,surprise,happy,neutral,neutral,neutral,happy,happy,happy,True,True,True,True,True,0.0,1.0,True,0.008000001311302185,0.6489022374153137,25.469149040464572,2.48331356048584,0.017831582576036453,0.08489073812961578,0.023160627111792564,0.018680721563603727,0.9928194397760435,9,60,,Do you know the lid opens?,Do you know the lid opens?
00293_0011_surprise_0011_001658,0011,surprise,happy,neutral,neutral,neutral,happy,happy,happy,True,True,True,True,True,0.3333333333333333,0.5122352838516235,False,0.008000001311302185,0.7403441071510315,24.563316495985564,3.5461585521698,0.03351546451449394,2.0213217735290527,0.025149904191493988,0.05372893374882638,0.990548796952695,11,60,,"Mom shuts one's mouth, doesn't it?","Love Shucks one's mouth, doesn't it?"
00294_0011_surprise_0011_001458,0011,surprise,happy,surprise,neutral,surprise,happy,happy,happy,True,True,True,True,True,0.0,1.0,True,0.008000001311302185,0.5865921974182129,26.40697819614745,1.9652605056762695,0.007886077277362347,0.4581790566444397,0.017338445410132408,0.012468041228260845,0.9959872611012205,5,60,,The octopus has eight legs.,The octopus has eight legs.
00295_0011_surprise_0011_001416,0011,surprise,happy,neutral,happy,happy,happy,happy,happy,True,True,True,True,True,0.0,1.0,True,0.008000001311302185,0.5184174180030823,28.282631716590053,1.065259337425232,0.026375217363238335,0.36812689900398254,0.01428140513598919,0.03005662916732952,0.9752405668398194,2,60,,"Mr. Chairman, I move for division.","Mr. Chairman, I move for division."
00296_0011_surprise_0011_001443,0011,surprise,happy,neutral,happy,neutral,happy,happy,happy,True,True,True,True,True,0.7142857142857143,0.7768779397010803,False,0.008000001311302185,0.6705827713012695,24.941769059172803,1.9288089275360107,0.011346183717250824,1.6304057836532593,0.023580357432365417,0.02765047735735774,0.9941175180416937,5,60,,Story 29. A boy and a monkey?,Store twinning on a boy and a monkey.
00297_0011_surprise_0011_001725,0011,surprise,happy,neutral,neutral,neutral,happy,happy,happy,True,True,True,True,True,0.0,1.0,True,0.008000001311302185,0.6309125423431396,27.323246369284718,2.4524717330932617,0.19554618000984192,0.06907042860984802,0.031491637229919434,0.19623719921231272,0.9202656742700953,8,60,,She has no place for hot pepper.,She has no place for hot pepper.
00298_0011_surprise_0011_001622,0011,surprise,happy,neutral,neutral,neutral,happy,happy,happy,True,True,True,True,True,0.8,0.23211705684661865,False,0.008000001311302185,0.6745568513870239,25.100445783770606,3.1169049739837646,0.02999284490942955,2.9662468433380127,0.026994165033102036,0.05965558328446001,0.9903773630701692,8,60,,Ask God to help you.,Got to Hill.
00299_0011_surprise_0011_001430,0011,surprise,happy,neutral,neutral,neutral,happy,happy,happy,True,True,True,True,True,1.0,0.4104768633842468,False,0.008000001311302185,0.5916102528572083,24.10877627000354,2.9274139404296875,0.04046482592821121,3.088111162185669,0.026029637083411217,0.07134619784643874,0.9861772790757867,6,60,,Must the name mean something?,You must have made mean something.
00400_0012_angry_0012_000661,0012,angry,happy,neutral,happy,happy,happy,happy,happy,True,True,True,True,True,0.0,1.0000001192092896,True,0.00800000037997961,0.4515538215637207,27.778023952252042,0.6719456911087036,0.01154656708240509,0.07548808306455612,0.011503933928906918,0.01230156295238994,0.9828162197701523,0,60,,I am safe back again.,I am safe back again.
00401_0012_angry_0012_000587,0012,angry,happy,neutral,neutral,happy,neutral,happy,happy,False,False,True,True,False,0.0,1.0000001192092896,True,0.008000001311302185,0.7199985384941101,22.88693463704756,1.4059813022613525,0.2576609253883362,0.07139730453491211,0.0385887548327446,0.25837528432123363,0.8167394367379428,7,60,,What would they do at the end of the year?,What would they do at the end of the year?
00402_0012_angry_0012_000446,0012,angry,happy,neutral,neutral,neutral,happy,happy,happy,True,True,True,True,True,0.0,1.0,True,0.008000001311302185,0.5892424583435059,25.68619501229716,3.452613353729248,0.019165072590112686,0.36689719557762146,0.029818512499332428,0.022834342731013896,0.9944491112596167,11,60,,I don't painted tiger.,I don't painted tiger.
00403_0012_angry_0012_000390,0012,angry,happy,sad,neutral,neutral,happy,happy,happy,True,True,True,True,True,2.5,0.7694462537765503,False,0.008000001311302185,0.6746036410331726,23.11679441204745,1.9405431747436523,0.29546278715133667,2.1815638542175293,0.01993274688720703,0.3172786250209808,0.8477422244468394,14,60,,The Fox,"In ""Fox and the Hound."""
00404_0012_angry_0012_000579,0012,angry,happy,neutral,neutral,neutral,happy,happy,happy,True,True,True,True,True,0.3333333333333333,0.3886077404022217,False,0.008000001311302185,0.5618539452552795,29.66395358169974,2.1063833236694336,0.05125453323125839,1.0253500938415527,0.024270325899124146,0.06150827687293291,0.9756670437639193,4,60,,The first year they sowed rye.,The first year they sold right.
00405_0012_angry_0012_000550,0012,angry,happy,neutral,neutral,neutral,happy,happy,happy,True,True,True,True,True,0.2857142857142857,0.14552798867225647,False,0.008000001311302185,0.7181723117828369,26.466435216083468,4.816123962402344,0.034727793186903,1.1970371007919312,0.033519770950078964,0.04669849939253181,0.9927892650899334,20,60,,That cloth does not look worth much.,That applause does not look worse much.
00406_0012_angry_0012_000513,0012,angry,happy,neutral,neutral,neutral,happy,happy,happy,True,True,True,True,True,0.1111111111111111,0.7744366526603699,False,0.008000001311302185,0.8414342403411865,22.006513403653628,1.8840372562408447,0.1190987154841423,0.9227147102355957,0.03216584026813507,0.12832618424490094,0.9367853713669252,9,60,,How they went to the mountains to eat nuts.,How they went to the mountains to eat nice.
00407_0012_angry_0012_000409,0012,angry,happy,neutral,neutral,neutral,happy,happy,happy,True,True,True,True,True,0.3333333333333333,0.9299882650375366,True,0.008000001311302185,0.5734677314758301,26.874353518873125,1.8140332698822021,0.043627724051475525,0.394448846578598,0.019892873242497444,0.04757241144599393,0.9759498765674189,6,60,,043 a silver shilling is journey,"043, a silver shilling is journeyed."
00408_0012_angry_0012_000372,0012,angry,happy,neutral,neutral,happy,happy,happy,happy,True,True,True,True,True,0.0,0.9999998807907104,True,0.00800000037997961,0.6437104940414429,29.94242542731825,1.4835007190704346,0.02147628366947174,0.08301325887441635,0.0230865478515625,0.022306647123694418,0.9855232401350443,4,60,,And what are doves? And what are doves?,And what are doves? And what are doves?
00409_0012_angry_0012_000530,0012,angry,happy,neutral,neutral,happy,happy,happy,happy,True,True,True,True,True,0.0,0.9999998807907104,True,0.008000001311302185,0.5304099321365356,25.149800325891928,1.1665570735931396,0.009606575593352318,0.08140244334936142,0.01759660243988037,0.010420775992870331,0.9917650187797817,3,60,,Toast from the breadfruit tree.,Toast from the breadfruit tree.
00410_0012_angry_0012_000653,0012,angry,happy,sad,sad,neutral,happy,happy,happy,True,True,True,True,True,0.14285714285714285,0.5818197131156921,False,0.008000001311302185,0.5440700054168701,30.008428898878428,3.097752332687378,0.03121134266257286,0.6888895034790039,0.015627216547727585,0.03810039396952838,0.9899245196805336,3,60,,I am loath to see him go.,I am love to see him go.
00411_0012_angry_0012_000418,0012,angry,happy,neutral,neutral,neutral,happy,happy,happy,True,True,True,True,True,1.0,-0.06368239969015121,False,0.008000001311302185,0.7813171744346619,21.122757128059252,4.1674323081970215,0.04058404639363289,3.174255609512329,0.041560810059309006,0.07232701809685677,0.9902616183317946,16,60,,I do not eat bread.,Idina and Fred.
00412_0012_angry_0012_000700,0012,angry,happy,neutral,neutral,neutral,happy,happy,happy,True,True,True,True,True,0.3333333333333333,0.8383756875991821,True,0.008000001311302185,0.7002276182174683,18.213112461009757,4.150865077972412,0.05412622541189194,0.4256596267223358,0.039204373955726624,0.05838321372285485,0.986960254213242,14,60,,Do you have anything in mind?,If you have anything in mind...
00413_0012_angry_0012_000612,0012,angry,happy,neutral,neutral,neutral,happy,happy,happy,True,True,True,True,True,0.0,1.0,True,0.008000001311302185,0.6503885388374329,26.690022436168796,2.225250244140625,0.13487574458122253,0.038642480969429016,0.03455619141459465,0.13526251495283095,0.9393885047596925,8,60,,I believe you are one of them.,I believe you are one of them.
00414_0012_angry_0012_000549,0012,angry,happy,angry,angry,angry,happy,happy,happy,True,True,True,True,True,0.3333333333333333,0.5720372796058655,False,0.008000001311302185,0.7470051050186157,25.880034656727048,4.408420562744141,0.02915792725980282,2.2924964427948,0.035010259598493576,0.052083241790346804,0.9933858562619414,32,60,,Captain Tom receives an angry letter.,Captain Tom receives in every letter.
00415_0012_angry_0012_000491,0012,angry,happy,neutral,neutral,neutral,happy,happy,happy,True,True,True,True,True,0.6,0.22222135961055756,False,0.008000001311302185,0.5893292427062988,26.610680979103087,3.7964119911193848,0.06018747016787529,1.1737061738967896,0.03461061790585518,0.07192487801302225,0.9841462227206461,6,60,,Can I lodge here tonight?,Can I have a bite?
00416_0012_angry_0012_000459,0012,angry,happy,sad,sad,surprise,happy,happy,happy,True,True,True,True,True,0.6,0.6160882115364075,False,0.008000001311302185,0.5559434294700623,25.75263891439245,1.3969159126281738,0.07613398134708405,0.7736311554908752,0.024126149713993073,0.08387053416348994,0.9454985223814619,7,60,,If they mother knew it.,If they mothered Mews.
00417_0012_angry_0012_000386,0012,angry,happy,angry,sad,neutral,happy,happy,happy,True,True,True,True,True,0.6666666666666666,0.6357659697532654,False,0.008000001311302185,0.6092042326927185,25.65176038738437,3.531526565551758,0.046135179698467255,1.8442195653915405,0.022750932723283768,0.0645776028617099,0.986936193500994,15,60,,How I hate this foul pool.,How I hate this foul plot of the Lord.
00418_0012_angry_0012_000394,0012,angry,happy,neutral,neutral,neutral,happy,happy,happy,True,True,True,True,True,0.0,1.0,True,0.008000001311302185,0.6794469356536865,22.963948482841406,1.6904520988464355,0.03042500466108322,0.08936557173728943,0.028079841285943985,0.03131894117686898,0.9820018534202506,5,60,,"Take courage, all isn't lost yet.","Take courage, all isn't lost yet."
00419_0012_angry_0012_000581,0012,angry,happy,sad,neutral,neutral,neutral,happy,happy,False,False,True,True,False,0.0,0.9999999403953552,True,0.008000001311302185,0.6719271540641785,27.052668961007846,3.462249755859375,0.4048539102077484,0.14712387323379517,0.033512815833091736,0.4063254840682447,0.8830662318561537,17,60,,He told me that I ought to change.,He told me that I ought to change.
00420_0012_angry_0012_000482,0012,angry,happy,neutral,happy,happy,happy,happy,happy,True,True,True,True,True,0.0,1.0,True,0.00800000037997961,0.3972207307815552,30.35338283032018,0.6412128210067749,0.03641407936811447,0.24959640204906464,0.016074320301413536,0.03891020413180813,0.9432106187288327,0,60,,I thank you for this mercy.,I thank you for this mercy.
00421_0012_angry_0012_000368,0012,angry,happy,sad,sad,sad,happy,happy,happy,True,True,True,True,True,0.3333333333333333,0.8165503740310669,True,0.008000001311302185,0.7342178225517273,26.537770579852126,4.614866256713867,0.0341506265103817,1.0045779943466187,0.026369526982307434,0.044196670149117705,0.9925998664726853,29,60,,Then sadly it is much farther.,"Then, happily, it is much farther."
00422_0012_angry_0012_000594,0012,angry,happy,neutral,neutral,neutral,happy,happy,happy,True,True,True,True,True,0.2,0.9039597511291504,True,0.008000001311302185,0.5809569954872131,26.47044652596996,3.0350329875946045,0.18142321705818176,0.5735231637954712,0.032219212502241135,0.18715877088826152,0.940223642444833,10,60,,Off for the prison ship.,Up for the prison ship.
00423_0012_angry_0012_000469,0012,angry,happy,neutral,neutral,neutral,happy,happy,happy,True,True,True,True,True,0.8333333333333334,0.37752509117126465,False,0.008000001311302185,0.5856664776802063,29.103384687288205,3.591374158859253,0.09572791308164597,1.3489919900894165,0.021579205989837646,0.10921804877460004,0.9733450459775952,9,60,,The owl flew into a bush.,That hour flew in Towle Bush.
00424_0012_angry_0012_000355,0012,angry,happy,neutral,neutral,neutral,happy,happy,happy,True,True,True,True,True,0.75,0.9000621438026428,True,0.008000001311302185,0.6006004214286804,24.058488425727575,1.743445873260498,0.055226556956768036,0.6955706477165222,0.02506740391254425,0.06218251410797238,0.9683233315104378,7,60,,Clear than clear water.,There's clear then clear water.
00425_0012_neutral_0012_000196,0012,neutral,happy,neutral,neutral,happy,happy,happy,happy,True,True,True,True,True,0.125,0.9816473722457886,True,0.008000001311302185,0.956394374370575,14.012926088292648,2.02243709564209,0.024895666167140007,0.8568044900894165,0.044128984212875366,0.033464152357876295,0.9876902642753217,3,60,,Clear are your eyes and bright your breath.,Clear are your eyes and bright with breath.
00426_0012_neutral_0012_000105,0012,neutral,happy,sad,sad,sad,happy,happy,happy,True,True,True,True,True,1.1666666666666667,0.08007843792438507,False,0.008000001311302185,0.8062273859977722,13.65095240443999,4.748513221740723,0.06354458630084991,2.8387482166290283,0.05348347872495651,0.09193260330192744,0.9866180037132642,12,60,,He was killed by an arrow.,"""Come it was filled well in our own."""
00427_0012_neutral_0012_000274,0012,neutral,happy,neutral,neutral,neutral,happy,happy,happy,True,True,True,True,True,0.0,1.0,True,0.008000001311302185,0.8090505003929138,17.462517903280865,2.6521029472351074,0.022402716800570488,0.380253404378891,0.02902521938085556,0.026205541096553205,0.9915528479677134,6,60,,Because he was a man with infinite resource and sagacity.,Because he was a man with infinite resource and sagacity.
00428_0012_neutral_0012_000285,0012,neutral,happy,neutral,neutral,neutral,happy,happy,happy,True,True,True,True,True,0.3333333333333333,0.8640466332435608,True,0.008000001311302185,0.7158292531967163,16.92630927019455,1.367948293685913,0.1992136836051941,1.3068909645080566,0.028777670115232468,0.21228288102697582,0.8543704579151773,6,60,,"The straw, charcoal and the pea.","The straw, charcoal and the pea meaning"
00429_0012_neutral_0012_000192,0012,neutral,happy,sad,neutral,neutral,happy,happy,happy,True,True,True,True,True,0.3333333333333333,0.490475058555603,False,0.008000001311302185,0.7970881462097168,14.89213555522942,3.1928870677948,0.02262730523943901,0.7462056875228882,0.04392499476671219,0.030089801364615563,0.9929132146677938,5,60,,I have had to grow old.,I have had to roll
00430_0012_neutral_0012_000284,0012,neutral,happy,neutral,neutral,neutral,happy,happy,happy,True,True,True,True,True,1.0,0.3464607000350952,False,0.008000001311302185,0.7723062634468079,13.515088483820463,1.4984610080718994,0.023374490439891815,2.2794971466064453,0.030137471854686737,0.04616976328067482,0.9844010018852821,4,60,,Chapter 18: The Return Journey,Slavdus Hljek returned jolly.
00431_0012_neutral_0012_000200,0012,neutral,happy,neutral,neutral,neutral,happy,happy,happy,True,True,True,True,True,1.4285714285714286,0.3910283148288727,False,0.008000001311302185,1.0186909437179565,10.818211164753144,4.881136894226074,0.033409234136343,3.749779224395752,0.05526483803987503,0.07090757902868092,0.9931554400418757,7,60,,That cloth does not look worth much.,If that clarith code don't look wouldn't come my rockin heart.
00432_0012_neutral_0012_000189,0012,neutral,happy,neutral,happy,happy,happy,happy,happy,True,True,True,True,True,0.0,1.0,True,0.008000001311302185,0.667262077331543,14.921494559575322,1.1169581413269043,0.05135692283511162,0.1938614398241043,0.03094038926064968,0.053295846637245264,0.954020727424842,3,60,,When such wanderers meet.,When such wanderers meet.
00433_0012_neutral_0012_000036,0012,neutral,happy,angry,sad,angry,happy,happy,happy,True,True,True,True,True,0.5,0.22109560668468475,False,0.008000001311302185,0.7986873388290405,17.361624448876153,2.868533134460449,0.03621816635131836,2.819000720977783,0.03692720830440521,0.06440854283317925,0.9873739766446411,4,60,,How I hate this foul pool.,How I hoped this bout four.
00434_0012_neutral_0012_000335,0012,neutral,happy,neutral,neutral,neutral,happy,happy,happy,True,True,True,True,True,0.4,0.8121541142463684,True,0.008000001311302185,0.8191983103752136,12.597781934844456,4.278782844543457,0.020134609192609787,2.3155150413513184,0.04311878979206085,0.04329019079402089,0.9952943138448154,10,60,,But things haven't changed yet.,For Cleaves haven't changed yet.
00435_0012_neutral_0012_000018,0012,neutral,happy,sad,sad,sad,happy,happy,happy,True,True,True,True,True,0.8333333333333334,0.7369304895401001,False,0.008000001311302185,0.8722699880599976,18.732010227085865,4.719634532928467,0.03649703413248062,1.5731079578399658,0.035716861486434937,0.05222847087949514,0.9922669787506121,33,60,,Then sadly it is much farther.,"Then, startled, it is much farther from you."
00436_0012_neutral_0012_000013,0012,neutral,happy,neutral,happy,happy,happy,happy,happy,True,True,True,True,True,0.09090909090909091,0.9906948804855347,True,0.008000001311302185,0.6081207990646362,22.24957933241022,1.0446679592132568,0.007488279603421688,0.5337883830070496,0.01789986900985241,0.012826342432182284,0.9928319045899894,3,60,,I have bun buried all over goat on two separate occasions.,I have bun buried all over goats on two separate occasions.
00437_0012_neutral_0012_000318,0012,neutral,happy,neutral,neutral,neutral,happy,happy,happy,True,True,True,True,True,0.25,0.46831244230270386,False,0.008000001311302185,0.826439619064331,12.417360291393393,1.3455407619476318,0.003552781417965889,2.004361629486084,0.039730560034513474,0.023596795018427076,0.9973595884134916,4,60,,The name of the song is called Haddocks.,If name of the song is called Habibs.
00438_0012_neutral_0012_000212,0012,neutral,happy,neutral,neutral,neutral,happy,happy,happy,True,True,True,True,True,1.0,0.06936023384332657,False,0.008000001311302185,0.7499106526374817,12.616510869863703,2.9863338470458984,0.021915242075920105,3.09627366065979,0.05779214948415756,0.05287855660401285,0.9926614895727084,3,60,,No thank you.,I feel like.
00439_0012_neutral_0012_000208,0012,neutral,happy,sad,sad,neutral,happy,happy,happy,True,True,True,True,True,1.75,0.25494393706321716,False,0.008000001311302185,0.8478547930717468,14.637803561204993,3.617469310760498,0.0385751836001873,4.441345691680908,0.048919886350631714,0.0829891297158599,0.989336417178318,14,60,,"However, somebody killed something.","Hey, I'm Talal, very. Somebody's good, somebody."
00440_0012_neutral_0012_000022,0012,neutral,happy,neutral,neutral,happy,happy,happy,happy,True,True,True,True,True,0.125,0.9914864301681519,True,0.008000001311302185,0.7467771768569946,21.429158846759158,1.4180610179901123,0.1455717384815216,0.22999095916748047,0.02615872398018837,0.14787190966043623,0.897344517171872,6,60,,And what are doves and what are doves?,"And what are doves, and what are doves?"
00441_0012_neutral_0012_000224,0012,neutral,happy,neutral,neutral,neutral,happy,happy,happy,True,True,True,True,True,1.0,0.4432595372200012,False,0.008000001311302185,0.8400107026100159,12.879751882634565,3.3675639629364014,0.020023908466100693,2.7630980014801025,0.04688031226396561,0.047655357284024355,0.9940538891951318,5,60,,Do you know the lid opens?,And we know the Lord opens for you.
00442_0012_neutral_0012_000175,0012,neutral,happy,neutral,happy,happy,happy,happy,happy,True,True,True,True,True,0.0,1.0,True,0.008000001311302185,0.6121820211410522,19.90391746048399,0.8650469183921814,0.02038770355284214,0.08003919571638107,0.02006428688764572,0.021188296152874826,0.9764316788842671,0,60,,All this have we won by our labor.,All this have we won by our labor.
00443_0012_neutral_0012_000059,0012,neutral,happy,neutral,neutral,happy,happy,happy,happy,True,True,True,True,True,0.5,0.4487367272377014,False,0.008000001311302185,0.8448888659477234,17.540006691421034,1.1295790672302246,0.013906310312449932,1.7234245538711548,0.033739980310201645,0.031140893250964585,0.9876889447442145,6,60,,043 a silver shilling is journey.,"0-4-3, a silver ceiling is garnered."
00444_0012_neutral_0012_000256,0012,neutral,happy,neutral,neutral,neutral,neutral,happy,happy,False,False,True,True,False,0.0,1.0,True,0.008000001311302185,0.8100556135177612,15.551981311625662,1.3483695983886719,0.37173402309417725,0.05476715788245201,0.04016720503568649,0.3722820963450521,0.7243085104125704,8,60,,I must have two to fetch and carry.,I must have two to fetch and carry.
00445_0012_neutral_0012_000280,0012,neutral,happy,neutral,neutral,neutral,happy,happy,happy,True,True,True,True,True,0.8,0.16308236122131348,False,0.008000001311302185,0.939673662185669,12.512239094128411,3.551860809326172,0.05767471715807915,2.3627312183380127,0.04638205096125603,0.08130249316196889,0.983762112240817,7,60,,Your path now goes south.,Your heart now glows with sun.
00446_0012_neutral_0012_000151,0012,neutral,happy,neutral,happy,happy,happy,happy,happy,True,True,True,True,True,0.14285714285714285,0.9848623871803284,True,0.008000001311302185,0.5901279449462891,19.94341975010686,0.7987119555473328,0.02106177620589733,0.18802383542060852,0.03206261247396469,0.022942335186228156,0.9736303230975624,0,60,,All the way to China is home.,All the way for China is home.
00447_0012_neutral_0012_000242,0012,neutral,happy,sad,sad,sad,happy,happy,happy,True,True,True,True,True,0.5454545454545454,0.6623028516769409,False,0.008000001311302185,1.0116771459579468,11.782615516379092,3.7091245651245117,0.019701778888702393,0.9632300734519958,0.04155994579195976,0.029334495222680272,0.9946882940859009,4,60,,"""Give me your hand or I will cry harder than before.""",Give me your hand. I would fly harder than before.
00448_0012_neutral_0012_000160,0012,neutral,happy,neutral,neutral,neutral,happy,happy,happy,True,True,True,True,True,1.0,-0.035077840089797974,False,0.008000001311302185,0.9150293469429016,12.233195579936462,4.517287254333496,0.029879461973905563,5.417316436767578,0.051523905247449875,0.08405314158063382,0.993385529789977,7,60,,Kitty can you play chess?,This is a beautiful fish.
00449_0012_neutral_0012_000339,0012,neutral,happy,neutral,neutral,happy,happy,happy,happy,True,True,True,True,True,0.2,0.756939172744751,False,0.008000001311302185,0.7802256345748901,11.853700236961604,1.3064908981323242,0.023798663169145584,1.2317785024642944,0.036608319729566574,0.03611681427698583,0.9817842870523119,2,60,,"And be with you, Tom.","And be with you, Carl."
00450_0012_sad_0012_001225,0012,sad,happy,neutral,happy,happy,happy,happy,happy,True,True,True,True,True,0.125,0.9629859924316406,True,0.008000001311302185,0.4010586142539978,25.377507120710476,0.639989972114563,0.013954326510429382,0.1461339294910431,0.013240068219602108,0.01541579820602201,0.9781960231902954,0,60,,All this have we won by our labour.,All this have we won by our labor.
00451_0012_sad_0012_001104,0012,sad,happy,neutral,neutral,neutral,happy,happy,happy,True,True,True,True,True,1.3333333333333333,0.2645186185836792,False,0.008000001311302185,1.0280390977859497,14.613187554228599,3.6776580810546875,0.019333887845277786,2.7037265300750732,0.04427618533372879,0.04637159590788186,0.9947428805454005,6,60,,"Are you a regular darky, really?","I was calling you all regular Darcy's, because I really..."
00452_0012_sad_0012_001301,0012,sad,happy,neutral,happy,happy,happy,happy,happy,True,True,True,True,True,0.8,0.7539575099945068,False,0.008000001311302185,0.7401058673858643,14.167570766517949,0.854301929473877,0.020379044115543365,2.6189377307891846,0.029247328639030457,0.046568713896721604,0.9761453844215313,0,60,,The ladybug told them proudly.,"Your Ladybug, comment proudly."
00453_0012_sad_0012_001266,0012,sad,happy,neutral,neutral,neutral,happy,happy,happy,True,True,True,True,True,0.0,1.0,True,0.008000001311302185,0.809014618396759,16.090772368692264,4.697851181030273,0.014789092354476452,0.3315322697162628,0.043905824422836304,0.018104854109883307,0.996851945328921,5,60,,It isn't picked at all.,It isn't picked at all.
00454_0012_sad_0012_001377,0012,sad,happy,neutral,neutral,neutral,happy,happy,happy,True,True,True,True,True,0.0,1.0,True,0.008000001311302185,0.7619159817695618,16.21793105747859,3.2436530590057373,0.043897852301597595,0.08102649450302124,0.03796074539422989,0.04470849685408175,0.9864665389599178,5,60,,It's part of my secret.,It's part of my secret.
00455_0012_sad_0012_001385,0012,sad,happy,neutral,neutral,neutral,happy,happy,happy,True,True,True,True,True,1.0,0.3150477409362793,False,0.008000001311302185,0.8589355945587158,11.31360580012679,4.352663040161133,0.01639881730079651,2.107438802719116,0.04385802149772644,0.03747364390820265,0.9962324634024072,9,60,,But things haven't changed yet.,We're through seventh change yes.
00456_0012_sad_0012_001059,0012,sad,happy,neutral,neutral,neutral,neutral,happy,happy,False,False,True,True,False,0.0,1.0000001192092896,True,0.008000001311302185,0.7574833631515503,14.433166264145523,1.5916317701339722,0.32211142778396606,0.4779953062534332,0.026646604761481285,0.326891647312548,0.7976218910503068,5,60,,On the 22nd of last March.,On the 22nd of last March.
00457_0012_sad_0012_001340,0012,sad,happy,neutral,neutral,happy,happy,happy,happy,True,True,True,True,True,0.8,0.7182459831237793,False,0.008000001311302185,0.49421167373657227,22.37542196341628,2.4350194931030273,0.028724178671836853,1.1009948253631592,0.026990463957190514,0.039734396830108015,0.9882037171557783,3,60,,There goes the shawl again.,"There it goes, the shawl of jammy."
00458_0012_sad_0012_001294,0012,sad,happy,neutral,neutral,neutral,happy,happy,happy,True,True,True,True,True,0.8,0.6059900522232056,False,0.008000001311302185,0.8491477966308594,13.48506462811687,2.397998571395874,0.02822517417371273,2.3214242458343506,0.04051284119486809,0.051439821760468185,0.9882296951672983,4,60,,Off for the prison ship.,Up with the present ship!
00459_0012_sad_0012_001161,0012,sad,happy,neutral,happy,happy,happy,happy,happy,True,True,True,True,True,0.6666666666666666,0.8976959586143494,True,0.008000001311302185,0.6854090690612793,21.52881380915126,0.6661721467971802,0.034660130739212036,0.7687798738479614,0.026083534583449364,0.042348190313037486,0.9479712099855107,0,60,,We nightly dance our heyday guys.,We like to dance our hey day guys.
00460_0012_sad_0012_001319,0012,sad,happy,neutral,neutral,neutral,happy,happy,happy,True,True,True,True,True,0.5,0.3616377115249634,False,0.008000001311302185,0.9332046508789062,11.200364937321861,3.9170427322387695,0.01840081252157688,1.3984689712524414,0.04734768718481064,0.032385975710973146,0.995302371258263,3,60,,But show me now your map.,"But show me Mel, you're Mac."
00461_0012_sad_0012_001136,0012,sad,happy,neutral,neutral,neutral,happy,happy,happy,True,True,True,True,True,0.4,0.6314429044723511,False,0.008000001311302185,0.768671989440918,13.797078316427156,2.427931070327759,0.020634058862924576,2.129594087600708,0.040238380432128906,0.04193040212273598,0.9915013819316794,3,60,,And take a tack too.,And take the tap too.
00462_0012_sad_0012_001190,0012,sad,happy,neutral,neutral,neutral,happy,happy,happy,True,True,True,True,True,2.0,0.17943239212036133,False,0.008000001311302185,0.9578907489776611,17.36378812159127,3.2086751461029053,0.04740065336227417,4.083272457122803,0.044537127017974854,0.08823382330477238,0.985227344245227,6,60,,What an impetuous boy he is.,"We got quite a little bit of quibs through, it was hoisey."
00463_0012_sad_0012_001141,0012,sad,happy,surprise,happy,happy,happy,happy,happy,True,True,True,True,True,0.5714285714285714,0.3493456244468689,False,0.008000001311302185,0.7626480460166931,17.317611446746387,1.0185344219207764,0.03271832689642906,1.717491865158081,0.03014473430812359,0.04989354699535296,0.9678770533501184,2,60,,We expected Tom would jump for joy.,Three expected tombs with jumps for joy.
00464_0012_sad_0012_001279,0012,sad,happy,neutral,neutral,neutral,happy,happy,happy,True,True,True,True,True,1.5,0.27401378750801086,False,0.008000001311302185,0.8894776701927185,17.005059519606842,2.69842791557312,0.010726815089583397,3.9642879962921143,0.03613307327032089,0.050370056383237244,0.9960247909430239,4,60,,The first year they sowed rye.,"When fur is dear, and hey so do I'm."
00465_0012_sad_0012_001215,0012,sad,happy,neutral,happy,neutral,happy,happy,happy,True,True,True,True,True,0.375,0.7372530698776245,False,0.008000001311302185,0.7224677801132202,14.935456330883808,1.819998025894165,0.01914723590016365,0.8033140301704407,0.024448474869132042,0.02718062068661675,0.9894795293029196,7,60,,They were going fast with a light clip.,Today we're going fast with a like clip.
00466_0012_sad_0012_001061,0012,sad,happy,neutral,happy,happy,happy,happy,happy,True,True,True,True,True,1.0,0.7953976988792419,False,0.008000001311302185,0.7807466983795166,14.625625927001886,0.8924742937088013,0.054159410297870636,0.9402060508728027,0.04375573247671127,0.06356190836392342,0.9393154394701906,0,60,,Chapter 10: A Warm Welcome,The warm welcome.
00467_0012_sad_0012_001251,0012,sad,happy,neutral,neutral,neutral,happy,happy,happy,True,True,True,True,True,0.0,1.0,True,0.008000001311302185,0.765266478061676,15.791645372004837,1.675270915031433,0.008976106531918049,0.15983060002326965,0.027032047510147095,0.010574682852625847,0.9946419970338053,2,60,,A lady is on Alice's lap.,A lady is on Alice's lap.
00468_0012_sad_0012_001056,0012,sad,happy,neutral,neutral,neutral,happy,happy,happy,True,True,True,True,True,0.7142857142857143,0.5446705222129822,False,0.008000001311302185,0.7576637268066406,15.722888911717057,3.1535491943359375,0.029301714152097702,0.8632615208625793,0.03427442908287048,0.037934672105014326,0.9907083377025714,5,60,,And what's the gear and to gimbal?,"And once a year, head to Gimball."
00469_0012_sad_0012_001165,0012,sad,happy,neutral,neutral,neutral,happy,happy,happy,True,True,True,True,True,0.3333333333333333,0.664741575717926,False,0.008000001311302185,0.7712847590446472,18.327647295448696,2.2952370643615723,0.011969566345214844,0.7242027521133423,0.03444146737456322,0.019211938281022013,0.9947850413662851,8,60,,"He might call it, for example.","You like call it, for example."
00470_0012_sad_0012_001236,0012,sad,happy,angry,angry,angry,happy,happy,happy,True,True,True,True,True,0.8888888888888888,0.04669122397899628,False,0.008000001311302185,0.8402724266052246,14.928617151304696,3.59713077545166,0.0084421681240201,2.7564427852630615,0.037251099944114685,0.03600696848765016,0.9976530827898632,6,60,,She jumped at the tail and bit it savagely.,And enjoyed the time with young children.
00471_0012_sad_0012_001150,0012,sad,happy,neutral,neutral,neutral,happy,happy,happy,True,True,True,True,True,0.5714285714285714,0.328688383102417,False,0.008000001311302185,0.8489457368850708,16.18005068300436,3.387084722518921,0.02064976468682289,1.1349895000457764,0.0345272570848465,0.0320000049598515,0.9939033811142858,6,60,,"Well, anyhow, it didn't rain, he said.","Well, anyhow, you did it, Reen, he said."
00472_0012_sad_0012_001363,0012,sad,happy,neutral,neutral,neutral,happy,happy,happy,True,True,True,True,True,0.5,0.7306493520736694,False,0.008000001311302185,0.73133784532547,18.796939175271817,2.327345371246338,0.01172672025859356,1.7940325736999512,0.020892692729830742,0.02966725492252037,0.9949613321669084,4,60,,Give me a fine fat goose.,Isn't he a fine fat goose?
00473_0012_sad_0012_001380,0012,sad,happy,angry,neutral,happy,happy,happy,happy,True,True,True,True,True,0.4,0.9710648059844971,True,0.008000001311302185,0.7199926972389221,20.59149870388756,1.05045747756958,0.014003463089466095,0.7693642973899841,0.035103753209114075,0.02169745710089803,0.9866691766316276,2,60,,She keeps saying I'm hers.,"She kept saying, I'm hers."
00474_0012_sad_0012_001229,0012,sad,happy,neutral,happy,happy,happy,happy,happy,True,True,True,True,True,0.8,0.5011403560638428,False,0.008000001311302185,0.6328531503677368,12.599886443671728,0.5917590260505676,0.027476094663143158,0.961297333240509,0.021980274468660355,0.03708928779829293,0.9535687780775899,0,60,,Daisy creams with pink edges.,"""Clever daisy dreams with pink edges."""
00475_0012_surprise_0012_001552,0012,surprise,happy,neutral,neutral,happy,happy,happy,happy,True,True,True,True,True,0.6666666666666666,0.872060239315033,True,0.008000001311302185,0.6880077719688416,21.26492968531279,1.7823280096054077,0.023195980116724968,0.28179797530174255,0.029384110122919083,0.02601425371084362,0.9869855716839346,5,60,,Guilty for what do you rule?,Guilty for what? I rule!
00476_0012_surprise_0012_001419,0012,surprise,happy,neutral,happy,happy,happy,happy,happy,True,True,True,True,True,0.2,0.8736099600791931,True,0.008000001311302185,0.578064501285553,23.677176306515744,1.0837799310684204,0.0951596051454544,0.4727041721343994,0.024943821132183075,0.09988689630500973,0.9121965609276014,2,60,,At the end of four?,"At the end of four,"
00477_0012_surprise_0012_001524,0012,surprise,happy,neutral,neutral,neutral,happy,happy,happy,True,True,True,True,True,0.0,0.9999999403953552,True,0.008000001311302185,0.7650814652442932,21.015353443730447,2.5307681560516357,0.010960377752780914,0.11083289235830307,0.021962933242321014,0.01206892630569637,0.9956691498086966,3,60,,"You know, answers to the name of Tom's son.","You know, answers to the name of Tom's son."
00478_0012_surprise_0012_001664,0012,surprise,happy,neutral,neutral,neutral,happy,happy,happy,True,True,True,True,True,1.0,0.3130965828895569,False,0.008000001311302185,0.7371416687965393,17.28790839042418,3.2025809288024902,0.02185337245464325,4.1811676025390625,0.03322041779756546,0.06366538068421185,0.9931763246767304,5,60,,Slam the doors and wedge them.,"Hey, we're going, Snoop!"
00479_0012_surprise_0012_001415,0012,surprise,happy,sad,sad,sad,happy,happy,happy,True,True,True,True,True,1.0,0.4281309247016907,False,0.008000001311302185,0.7705876231193542,22.512988983410192,4.796075820922852,0.03358626365661621,1.8657387495040894,0.033393628895282745,0.05224398508794606,0.992997136636144,17,60,,Poor Tom now is dead.,Four tums and I was dead.
00480_0012_surprise_0012_001672,0012,surprise,happy,neutral,neutral,neutral,happy,happy,happy,True,True,True,True,True,1.0,0.7122988104820251,False,0.008000001311302185,0.8862809538841248,19.893430814193472,3.345338821411133,0.016133837401866913,1.7932013273239136,0.03760624676942825,0.03406622673757374,0.9951772187323431,7,60,,No admittance except on party business.,No admissions except on party. There's this. Come on.
00481_0012_surprise_0012_001697,0012,surprise,happy,neutral,neutral,happy,happy,happy,happy,True,True,True,True,True,0.1111111111111111,0.7943153381347656,False,0.008000001311302185,0.660433292388916,21.840042430191478,1.6847834587097168,0.04009542241692543,0.25875139236450195,0.017705578356981277,0.04268311339635402,0.9762014387014267,4,60,,How Tom and Jerry went to visit Mr. Sam.,How Tom and Jerry went to visit Mr. Sand.
00482_0012_surprise_0012_001659,0012,surprise,happy,neutral,neutral,neutral,happy,happy,happy,True,True,True,True,True,0.8571428571428571,0.16176734864711761,False,0.008000001311302185,0.6128756999969482,21.740106962557082,1.2995308637619019,0.012476587668061256,1.2636096477508545,0.02140803635120392,0.025112898225933315,0.9903991601769705,5,60,,The song is called Ways and Means.,Grays and Neams.
00483_0012_surprise_0012_001699,0012,surprise,happy,sad,sad,neutral,happy,happy,happy,True,True,True,True,True,0.4,0.9279698729515076,True,0.008000001311302185,0.780415952205658,18.963280816003582,2.2251837253570557,0.029566869139671326,0.7915821671485901,0.03153393417596817,0.03748300615049898,0.9867126166694721,8,60,,His hope will cheat him.,His hope will cheat and hold.
00484_0012_surprise_0012_001514,0012,surprise,happy,neutral,neutral,neutral,happy,happy,happy,True,True,True,True,True,0.1,0.9238507747650146,True,0.008000001311302185,0.7042394876480103,22.3244537699426,2.488743305206299,0.12284471839666367,0.2745899558067322,0.02212986908853054,0.12559083925342185,0.9506398598281791,11,60,,A half pounds of flour and two ounces of suet.,A half pounds of flour and two ounces of sweet.
00485_0012_surprise_0012_001685,0012,surprise,happy,neutral,neutral,neutral,happy,happy,happy,True,True,True,True,True,0.16666666666666666,0.7238227725028992,False,0.008000001311302185,0.6449108719825745,20.463367616179138,1.6308984756469727,0.008311619982123375,0.6424016356468201,0.024552583694458008,0.01473588186442852,0.9949036558030835,4,60,,The straw charcoal and the pea.,The straw chocolate and the pea.
00486_0012_surprise_0012_001745,0012,surprise,happy,neutral,neutral,neutral,happy,happy,happy,True,True,True,True,True,0.6,0.8137311339378357,True,0.008000001311302185,0.817257821559906,19.892508595642088,3.8257012367248535,0.06327436119318008,0.3706566095352173,0.03313553333282471,0.06698125864386559,0.9834607154929461,13,60,,A whirring noise was heard.,Where in noise was heard?
00487_0012_surprise_0012_001466,0012,surprise,happy,neutral,neutral,neutral,happy,happy,happy,True,True,True,True,True,0.2,0.6565617918968201,False,0.008000001311302185,0.6518451571464539,24.339484652182666,2.3810641765594482,0.023173417896032333,0.8664959669113159,0.02458011731505394,0.031838623366318645,0.9902676214592766,7,60,,Shall we let Barbara in?,Shall we Lake Barbara in?
00488_0012_surprise_0012_001450,0012,surprise,happy,neutral,neutral,neutral,happy,happy,happy,True,True,True,True,True,0.1111111111111111,0.9719127416610718,True,0.008000001311302185,0.7580370903015137,23.17271282348127,1.536027431488037,0.01812819391489029,0.1877652108669281,0.02219308912754059,0.020006067954450847,0.988198001192382,2,60,,Rabbit gave dog a hurrying up sort of nudge.,Rabbid gave dog a hurrying up sort of nudge.
00489_0012_surprise_0012_001694,0012,surprise,happy,surprise,happy,happy,happy,happy,happy,True,True,True,True,True,0.0,1.0,True,0.008000001311302185,0.5604429841041565,19.142002600439152,0.8554184436798096,0.010766355320811272,0.20947611331939697,0.023840775713324547,0.012861354861762375,0.9874139312749712,0,60,,Now I understand.,Now I understand.
00490_0012_surprise_0012_001476,0012,surprise,happy,neutral,neutral,surprise,happy,happy,happy,True,True,True,True,True,0.6666666666666666,0.10216067731380463,False,0.008000001311302185,0.7366606593132019,23.49971228060021,2.0944385528564453,0.032836925238370895,1.8574336767196655,0.026864325627684593,0.05141153064882383,0.9843218483571231,4,60,,The hag looked in the stove.,Be happy in the stall.
00491_0012_surprise_0012_001622,0012,surprise,happy,neutral,neutral,neutral,happy,happy,happy,True,True,True,True,True,0.0,0.9999997615814209,True,0.008000001311302185,0.7220404148101807,15.887624053185707,2.4395384788513184,0.007469997741281986,0.08807357400655746,0.02758585289120674,0.008351009339876474,0.9969379463345053,10,60,,Ask God to help you.,Ask God to help you.
00492_0012_surprise_0012_001465,0012,surprise,happy,surprise,happy,surprise,happy,happy,happy,True,True,True,True,True,0.0,1.0,True,0.00800000037997961,0.5572866201400757,23.190655713330592,0.5434812903404236,0.011037359945476055,0.15536178648471832,0.01438823714852333,0.012591121692694725,0.9796913709052201,0,60,,Tom could hardly speak for laughing.,Tom could hardly speak for laughing.
00493_0012_surprise_0012_001709,0012,surprise,happy,neutral,neutral,neutral,happy,happy,happy,True,True,True,True,True,0.2222222222222222,0.7774840593338013,False,0.008000001311302185,0.7771896123886108,20.596904100150955,2.762410879135132,0.023489240556955338,1.975984811782837,0.021205386146903038,0.043249300728645176,0.9914968331704842,6,60,,"He owed Mr. Lawson, I can't tell you how.","Cute old Mr. Lawson, I can't tell you how."
00494_0012_surprise_0012_001447,0012,surprise,happy,neutral,neutral,neutral,happy,happy,happy,True,True,True,True,True,1.3333333333333333,0.7407481670379639,False,0.008000001311302185,0.6644319891929626,21.681743043372276,3.216505765914917,0.07058940082788467,0.9343953728675842,0.02738904021680355,0.07993362844696268,0.9780540107914882,10,60,,Please excuse me.,Can I just excuse me?
00495_0012_surprise_0012_001637,0012,surprise,happy,neutral,neutral,happy,happy,happy,happy,True,True,True,True,True,0.2,0.8072515726089478,True,0.008000001311302185,0.6912240386009216,20.10785922129195,1.7509698867797852,0.016369253396987915,0.18926796317100525,0.02254428341984749,0.018262158471532168,0.9906513221497528,8,60,,What would they do at the end of the year?,What would they do at the end of the year winning?
00496_0012_surprise_0012_001410,0012,surprise,happy,neutral,neutral,neutral,happy,happy,happy,True,True,True,True,True,1.0,0.13883359730243683,False,0.008000001311302185,0.6306849718093872,23.018068938994386,3.629136085510254,0.026796838268637657,4.579872131347656,0.03149957209825516,0.0725958745778352,0.9926161935961489,6,60,,A nauseous drought?,On noshi's trouts
00497_0012_surprise_0012_001429,0012,surprise,happy,neutral,neutral,neutral,happy,happy,happy,True,True,True,True,True,0.0,0.9999998807907104,True,0.008000001311302185,0.6127358675003052,20.392912207078,1.5635651350021362,0.010154113173484802,0.24630536139011383,0.02894965559244156,0.012617456283941864,0.9935057945804919,4,60,,Red came and replied on the leaves.,Red came and replied on the leaves.
00498_0012_surprise_0012_001566,0012,surprise,happy,neutral,neutral,neutral,happy,happy,happy,True,True,True,True,True,1.0,-0.12212073802947998,False,0.008000001311302185,0.7914241552352905,18.088763601366885,3.4213480949401855,0.03416183218359947,3.16606068611145,0.02535078302025795,0.06582269255254417,0.9900150960277555,4,60,,They ate beef at the butcher shop.,It's a festive shoe show.
00499_0012_surprise_0012_001519,0012,surprise,happy,neutral,happy,happy,happy,happy,happy,True,True,True,True,True,0.6666666666666666,0.36294788122177124,False,0.008000001311302185,0.6560366749763489,22.935753261136085,1.4063084125518799,0.02010943926870823,0.8693330883979797,0.02398517355322838,0.02880301000442356,0.9857005482657835,9,60,,The owl flew into a bush.,Let our flow into our bush.
00300_0013_angry_0013_000373,0013,angry,happy,surprise,happy,happy,neutral,happy,happy,False,False,True,True,False,0.5,0.7982144355773926,False,0.008000001311302185,0.6072685122489929,24.507491340100923,1.3841675519943237,0.25916194915771484,0.6982424259185791,0.020600130781531334,0.2661445794182084,0.8127669234954168,9,60,,I thought you meant how old are you.,I saw you meant how older youth.
00301_0013_angry_0013_000447,0013,angry,happy,neutral,neutral,neutral,happy,happy,happy,True,True,True,True,True,1.1428571428571428,0.4721059799194336,False,0.008000001311302185,0.7638840675354004,21.385505797388966,4.124549865722656,0.02257579192519188,1.7912646532058716,0.03213057294487953,0.040488759762980046,0.994526483456338,11,60,,I have not opened the 13th door.,I've confessed that you opened the thirteenth door going you.
00302_0013_angry_0013_000518,0013,angry,happy,neutral,neutral,neutral,happy,happy,happy,True,True,True,True,True,0.125,0.9826902747154236,True,0.008000001311302185,0.6752963662147522,27.850831070061737,3.1257998943328857,0.07523421198129654,0.5162897109985352,0.019769635051488876,0.0803973067876324,0.9759312129616176,17,60,,"I said you looked like an egg, sir.","I said you look like an egg, sir."
00303_0013_angry_0013_000667,0013,angry,happy,neutral,neutral,neutral,happy,happy,happy,True,True,True,True,True,0.25,0.6967971324920654,False,0.008000001311302185,0.7747256755828857,20.919073811788856,3.1171517372131348,0.015241986140608788,0.717003583908081,0.029916398227214813,0.02241232114367187,0.9951102841871163,13,60,,At length they came to a sharp bend.,At length it came to a sharp end.
00304_0013_angry_0013_000573,0013,angry,happy,neutral,neutral,neutral,happy,happy,happy,True,True,True,True,True,0.0,1.0,True,0.008000001311302185,0.719879686832428,23.601533794026878,1.7509254217147827,0.011432476341724396,0.10118750482797623,0.027521155774593353,0.012444626601561905,0.9934706091990326,4,60,,"Pick, pick, pick.","Pick, pick, pick."
00305_0013_angry_0013_000496,0013,angry,happy,neutral,neutral,neutral,happy,happy,happy,True,True,True,True,True,0.3333333333333333,0.8855269551277161,True,0.008000001311302185,0.7673464417457581,24.528940430962976,2.1783463954925537,0.042574360966682434,0.7519122362136841,0.0274885855615139,0.050093758214674884,0.9804556515645182,9,60,,He said to Jack the Chatterer,"""Be said to Jack the Chatterer."""
00306_0013_angry_0013_000478,0013,angry,happy,angry,angry,neutral,happy,happy,happy,True,True,True,True,True,0.0,0.9999998807907104,True,0.008000001311302185,0.634585440158844,25.894308617062165,2.380431652069092,0.03557796776294708,0.16613906621932983,0.02316402643918991,0.037239590065404775,0.9850539847543943,11,60,,Put that rude grasshopper in jail.,Put that rude grasshopper in jail.
00307_0013_angry_0013_000448,0013,angry,happy,neutral,neutral,neutral,neutral,happy,happy,False,False,True,True,False,0.6666666666666666,0.9313674569129944,True,0.008000001311302185,0.6169734001159668,20.290445456849042,2.38242506980896,0.1508379429578781,2.3532636165618896,0.03445054218173027,0.17437092362891884,0.9366872247654893,7,60,,"""Said the witch.""",Said the witch.
00308_0013_angry_0013_000394,0013,angry,happy,neutral,neutral,happy,happy,happy,happy,True,True,True,True,True,0.3333333333333333,0.9841117262840271,True,0.008000001311302185,0.6850082874298096,23.680849268140335,1.771697998046875,0.2520536780357361,0.3687494397163391,0.029383212327957153,0.25574146626502275,0.8577332715205409,10,60,,"Take courage, all isn't lost yet.","Take courage, all is not lost yet."
00309_0013_angry_0013_000697,0013,angry,happy,angry,neutral,neutral,happy,happy,happy,True,True,True,True,True,0.0,0.9999998807907104,True,0.008000001311302185,0.617712676525116,26.600080294425815,2.545339584350586,0.014130828902125359,0.09280247241258621,0.021629493683576584,0.015059069921188058,0.9944483522006237,8,60,,"What are you waiting for, man?","What are you waiting for, man?"
00310_0013_angry_0013_000431,0013,angry,happy,neutral,neutral,neutral,happy,happy,happy,True,True,True,True,True,0.25,0.9005330204963684,True,0.008000001311302185,0.7768433690071106,23.196697900082675,3.120020627975464,0.016213223338127136,0.6707190871238708,0.031240224838256836,0.022920726611614227,0.994803488415188,11,60,,And I never had a whooping cough. Why?,And I never had a whooping cough wryth.
00311_0013_angry_0013_000368,0013,angry,happy,sad,sad,sad,neutral,happy,happy,False,False,True,True,False,0.0,1.0000001192092896,True,0.008000001311302185,0.942721426486969,19.72703323985363,4.789607048034668,0.623830258846283,0.45368078351020813,0.030488327145576477,0.6283673715646565,0.8697533529181145,28,60,,"Then sadly, it is much farther.","Then sadly, it is much farther."
00312_0013_angry_0013_000501,0013,angry,happy,neutral,happy,happy,happy,happy,happy,True,True,True,True,True,0.0,1.0,True,0.008000001311302185,0.4943923354148865,29.01179979448891,0.9397754073143005,0.020255260169506073,0.11619044095277786,0.01727249100804329,0.02141733730394393,0.9784467011885406,0,60,,All the way to China is home.,All the way to China is home.
00313_0013_angry_0013_000449,0013,angry,happy,neutral,neutral,neutral,surprise,happy,happy,False,False,True,True,False,0.0,1.0,True,0.008000001311302185,0.6486468315124512,23.913773424224605,2.3832337856292725,0.4392024874687195,0.05125289410352707,0.026968296617269516,0.4397152860927209,0.8157115386173699,12,60,,I've hit the wrong nose.,I've hit the wrong nose.
00314_0013_angry_0013_000651,0013,angry,happy,neutral,neutral,happy,happy,happy,happy,True,True,True,True,True,0.0,1.0,True,0.008000001311302185,0.5216659903526306,29.072507198947044,2.0128588676452637,0.125146746635437,0.025662172585725784,0.02076108753681183,0.12540357597216964,0.9378263679351551,4,60,,I'm sure your friends can wait.,I'm sure your friends can wait.
00315_0013_angry_0013_000380,0013,angry,happy,neutral,neutral,happy,happy,happy,happy,True,True,True,True,True,2.2,-0.01877247914671898,False,0.008000001311302185,0.6709194183349609,23.246239031609626,1.8674544095993042,0.10811498761177063,2.472583055496216,0.027170497924089432,0.13284108987171203,0.9421056883337952,10,60,,Must the name mean something?,The most important thing is to be able to do something.
00316_0013_angry_0013_000465,0013,angry,happy,neutral,neutral,neutral,sad,happy,happy,False,False,True,True,False,1.0,0.7500656247138977,False,0.008000001311302185,0.7142238616943359,21.522827044453194,2.256990432739258,0.38399529457092285,0.9299453496932983,0.02927914820611477,0.3932950408593379,0.8298640131562824,16,60,,"He might call it, for example.","""For example, he might call it a 'sandwich'."""
00317_0013_angry_0013_000538,0013,angry,happy,neutral,neutral,happy,neutral,happy,happy,False,False,True,True,False,0.2,0.997191309928894,True,0.008000001311302185,0.6931332945823669,24.405475131970228,1.4489266872406006,0.4784795641899109,0.34410524368286133,0.027204012498259544,0.4819208886668645,0.6697696519751815,7,60,,Now quicker the fiddle went.,"Now, quicker the fiddle went."
00318_0013_angry_0013_000551,0013,angry,happy,neutral,neutral,neutral,happy,happy,happy,True,True,True,True,True,0.3333333333333333,0.6407653093338013,False,0.008000001311302185,0.48143577575683594,28.070829997281542,2.387176990509033,0.024602528661489487,1.2869229316711426,0.010394572280347347,0.03747186192392372,0.9896938816186213,3,60,,A lady is on Alice's lap.,The lady is on Alice's laugh.
00319_0013_angry_0013_000621,0013,angry,happy,neutral,neutral,neutral,happy,happy,happy,True,True,True,True,True,0.3333333333333333,0.7959008812904358,False,0.008000001311302185,0.5399479866027832,27.61054315564843,1.6393988132476807,0.04931464046239853,0.30495086312294006,0.017505140975117683,0.05236432414503768,0.969919070293393,3,60,,I say I will be emperor.,I say I will meet Emperor.
00320_0013_angry_0013_000433,0013,angry,happy,angry,neutral,neutral,happy,happy,happy,True,True,True,True,True,0.5,0.8689650297164917,True,0.008000001311302185,0.6879693865776062,23.288174884486207,3.3507394790649414,0.02836436778306961,0.9845036268234253,0.028690293431282043,0.03820969095423818,0.9915348931302218,11,60,,"Be off now, as quick as you may.",We'll be off now as quick as you made.
00321_0013_angry_0013_000531,0013,angry,happy,neutral,happy,happy,happy,happy,happy,True,True,True,True,True,0.0,1.0,True,0.008000001311302185,0.5088518857955933,23.955713110696408,1.0177704095840454,0.08940017223358154,0.2492038756608963,0.022216152399778366,0.0918924331517145,0.9121607669158719,5,60,,First issue a reward.,First issue a reward.
00322_0013_angry_0013_000415,0013,angry,happy,surprise,happy,surprise,happy,happy,happy,True,True,True,True,True,0.5,0.9257599115371704,True,0.008000001311302185,0.6098173260688782,24.272755876780003,0.8390616178512573,0.021267926320433617,0.35996201634407043,0.018914584070444107,0.024867735629715025,0.9746527241051756,0,60,,Tom could hardly speak for laughing.,"Tom could hardly speak for laugh, hey Frank."
00323_0013_angry_0013_000628,0013,angry,happy,neutral,neutral,neutral,happy,happy,happy,True,True,True,True,True,0.0,0.9999998807907104,True,0.008000001311302185,0.6271737217903137,22.93554606220774,2.641326427459717,0.19125011563301086,0.13486167788505554,0.03609985113143921,0.19259909341037273,0.9275931540892715,8,60,,I know you.,I know you.
00324_0013_angry_0013_000412,0013,angry,happy,neutral,neutral,neutral,happy,happy,happy,True,True,True,True,True,0.6666666666666666,0.5038883090019226,False,0.008000001311302185,0.6111233234405518,24.963488090665052,2.613454818725586,0.01376024167984724,1.7018266916275024,0.020771920680999756,0.030778716315329076,0.9947348461579462,6,60,,Tom went on an IOR gloomily.,Tom won an Iorg Glumalive.
00325_0013_neutral_0013_000019,0013,neutral,happy,neutral,happy,neutral,happy,happy,happy,True,True,True,True,True,0.0,1.0,True,0.008000001311302185,0.6202040910720825,18.1722036884203,1.2363247871398926,0.05659233778715134,0.13917532563209534,0.030188878998160362,0.05798439293226227,0.9542253472745849,2,60,,At the end of four.,At the end of four.
00326_0013_neutral_0013_000303,0013,neutral,happy,sad,sad,sad,happy,happy,happy,True,True,True,True,True,0.14285714285714285,0.5188745856285095,False,0.008000001311302185,0.6578900218009949,20.694946969575405,3.2411813735961914,0.030297180637717247,0.8095610737800598,0.02372017875313759,0.03839302857730538,0.9906524266477252,5,60,,I am loath to see him go.,I am gloved to see him go.
00327_0013_neutral_0013_000168,0013,neutral,happy,neutral,neutral,neutral,happy,happy,happy,True,True,True,True,True,0.375,0.8387291431427002,True,0.008000001311302185,0.7265483736991882,19.573733394374077,2.84458065032959,0.28588029742240906,0.8862773776054382,0.037298403680324554,0.29474344418250026,0.8995000203670495,15,60,,"I said you looked like an egg, sir.",I said you look like an egg surf.
00328_0013_neutral_0013_000016,0013,neutral,happy,neutral,neutral,neutral,happy,happy,happy,True,True,True,True,True,0.2857142857142857,0.9718043804168701,True,0.008000001311302185,0.7029582858085632,20.896770150623425,2.0066065788269043,0.044586531817913055,0.28096529841423035,0.026992063969373703,0.047396454722695054,0.9777801327433208,3,60,,"Mr. Chairman, I move for a division.","Mr. Chairman, I've moved for a division."
00329_0013_neutral_0013_000131,0013,neutral,happy,neutral,neutral,neutral,happy,happy,happy,True,True,True,True,True,0.0,1.0000001192092896,True,0.008000001311302185,0.6493578553199768,21.575060315445803,2.270993232727051,0.01305704191327095,0.06191888079047203,0.025395113974809647,0.013676484672315418,0.9942505148297638,3,60,,It must come sometimes to jam a day.,It must come sometimes to jam a day.
00330_0013_neutral_0013_000077,0013,neutral,happy,neutral,neutral,neutral,happy,happy,happy,True,True,True,True,True,0.6,0.870514452457428,True,0.008000001311302185,0.74248868227005,20.03169033957986,2.1788716316223145,0.09878148883581161,0.9955044388771057,0.03841397911310196,0.1087369173643738,0.9546639244817455,8,60,,But I saw you walking.,But I saw you walk in me.
00331_0013_neutral_0013_000145,0013,neutral,happy,neutral,happy,happy,happy,happy,happy,True,True,True,True,True,0.2,0.7764427661895752,False,0.008000001311302185,0.6411951184272766,20.177129585565176,0.985646665096283,0.011458996683359146,2.0654420852661133,0.0306351687759161,0.032113723887708036,0.9883741333591995,0,60,,Read by the living pool.,Freed by the living pool.
00332_0013_neutral_0013_000178,0013,neutral,happy,neutral,neutral,neutral,happy,happy,happy,True,True,True,True,True,0.8571428571428571,0.6616427898406982,False,0.008000001311302185,0.7204536199569702,15.658204538262204,2.031446933746338,0.03223823755979538,1.40389883518219,0.025166604667901993,0.046277477577663956,0.9841304062516945,5,60,,"""and vowed he'd change the pigtail's place.""","And Val, you've changed the Pigtails place."
00333_0013_neutral_0013_000345,0013,neutral,happy,neutral,neutral,neutral,happy,happy,happy,True,True,True,True,True,0.2,0.7001156806945801,False,0.008000001311302185,0.7798938155174255,18.817630481117355,3.8141868114471436,0.018281718716025352,1.772879719734192,0.03381691500544548,0.03601085408251733,0.9952069157543206,12,60,,A wearing noise was heard.,Hay wearing noise was heard.
00334_0013_neutral_0013_000281,0013,neutral,happy,neutral,neutral,neutral,happy,happy,happy,True,True,True,True,True,0.0,1.0,True,0.008000001311302185,0.8373755812644958,11.239804465785724,2.1363954544067383,0.05848219618201256,0.03881121054291725,0.04566029831767082,0.05887076489042491,0.972625762678262,5,60,,He could not help doing so.,He could not help doing so.
00335_0013_neutral_0013_000176,0013,neutral,happy,neutral,happy,happy,happy,happy,happy,True,True,True,True,True,0.16666666666666666,0.9978334903717041,True,0.008000001311302185,0.8248391151428223,16.921697129694735,0.9889928102493286,0.03856812044978142,0.21166472136974335,0.0191902257502079,0.04068495956573635,0.9610026280776922,0,60,,"She just smiled calmly, mother knows that it is the best smile.",She just smiled calmly. Mother knows that it is the best smile.
00336_0013_neutral_0013_000269,0013,neutral,happy,neutral,neutral,neutral,happy,happy,happy,True,True,True,True,True,0.8333333333333334,0.41088059544563293,False,0.008000001311302185,0.8610257506370544,13.368989204064315,4.7591166496276855,0.02930319868028164,1.9676812887191772,0.046846210956573486,0.048980480029582975,0.9938427231695247,9,60,,But show me now your map.,But surely now you're a marvel.
00337_0013_neutral_0013_000188,0013,neutral,happy,neutral,neutral,happy,neutral,happy,happy,False,False,True,True,False,0.0,0.9999998807907104,True,0.008000001311302185,0.6393327116966248,19.34567432026349,1.7441444396972656,0.31152185797691345,0.10895323753356934,0.02463606558740139,0.31261163671290504,0.8213898740915145,8,60,,Now quicker the fiddle went.,Now quicker the fiddle went.
00338_0013_neutral_0013_000107,0013,neutral,happy,neutral,neutral,neutral,neutral,happy,happy,False,False,True,True,False,0.42857142857142855,0.8245927095413208,True,0.008000001311302185,0.7416263222694397,20.839474081267035,2.6589572429656982,0.30835309624671936,0.3723219335079193,0.03401404619216919,0.31207665572226045,0.8840323224217046,16,60,,Tom and Michael woke up next morning.,Tom and Michael woke up next morning feeling refreshed.
00339_0013_neutral_0013_000095,0013,neutral,happy,surprise,neutral,surprise,happy,happy,happy,True,True,True,True,True,0.16666666666666666,0.9738336801528931,True,0.008000001311302185,0.5652252435684204,22.969910981597053,2.179241418838501,0.008770348504185677,0.7123616337776184,0.021769311279058456,0.01589418253507465,0.9959755039398709,4,60,,"Aha, what I have we hear.","Haha, what I have we hear."
00340_0013_neutral_0013_000232,0013,neutral,happy,neutral,neutral,happy,happy,happy,happy,True,True,True,True,True,0.5,0.8827056288719177,True,0.008000001311302185,0.750325620174408,17.128486820841683,2.7704930305480957,0.020722098648548126,1.5459485054016113,0.030574791133403778,0.036181889450475575,0.9925204292448812,6,60,,We'll call her Lily for short.,"We'll call her Lily, prestored."
00341_0013_neutral_0013_000274,0013,neutral,happy,neutral,neutral,neutral,happy,happy,happy,True,True,True,True,True,0.0,1.0,True,0.008000001311302185,0.7875880599021912,17.25464883885447,2.664565086364746,0.0830334722995758,0.1155468225479126,0.02282019518315792,0.08418916872700677,0.9688378892583712,10,60,,Because he was a man with infinite resource and sagacity.,Because he was a man with infinite resource and sagacity.
00342_0013_neutral_0013_000195,0013,neutral,happy,neutral,neutral,neutral,happy,happy,happy,True,True,True,True,True,0.14285714285714285,0.9314073324203491,True,0.008000001311302185,0.8524789214134216,16.599791704287725,3.3239142894744873,0.04549276828765869,0.5833796262741089,0.03168810158967972,0.05132688143141568,0.9863134953775083,7,60,,A boat put out on the bay.,A boat for out on the bay.
00343_0013_neutral_0013_000060,0013,neutral,happy,neutral,neutral,neutral,happy,happy,happy,True,True,True,True,True,0.3333333333333333,0.8877220153808594,True,0.008000001311302185,0.8643549680709839,15.342528420678057,2.367187976837158,0.02657616138458252,0.5470296740531921,0.03526712954044342,0.03204681079640984,0.9887731090033284,6,60,,"""That I am a born nurse.""",That I am a born nurse.
00344_0013_neutral_0013_000197,0013,neutral,happy,angry,neutral,neutral,happy,happy,happy,True,True,True,True,True,0.7142857142857143,0.7245101928710938,False,0.008000001311302185,0.6689596176147461,18.67240675861808,2.8830103874206543,0.044159188866615295,1.2878520488739014,0.020508363842964172,0.05703791443899274,0.9846829588060821,5,60,,"Fur flew through the air, teeth gnashed.","I like fur flew through the air, the teeth flashed."
00345_0013_neutral_0013_000189,0013,neutral,happy,neutral,happy,neutral,happy,happy,happy,True,True,True,True,True,0.25,0.994840681552887,True,0.008000001311302185,0.6534397006034851,18.38029047793663,1.2938898801803589,0.15443462133407593,0.20665454864501953,0.03303304314613342,0.15650149715095757,0.880643149235738,5,60,,When such wanderers meet.,"When such wanderers meet,"
00346_0013_neutral_0013_000206,0013,neutral,happy,neutral,neutral,neutral,happy,happy,happy,True,True,True,True,True,0.8333333333333334,0.44402775168418884,False,0.008000001311302185,0.81462162733078,16.479116755612676,2.42462420463562,0.022934239357709885,4.005282878875732,0.03989804908633232,0.06298746712695807,0.9905411158917484,8,60,,Still you owe it a duty.,"Still you, always rejuvening."
00347_0013_neutral_0013_000067,0013,neutral,happy,neutral,neutral,neutral,neutral,happy,happy,False,False,True,True,False,0.0,0.9999998807907104,True,0.008000001311302185,0.9141743779182434,17.42397639432047,3.864870071411133,0.6687530875205994,0.16752907633781433,0.04602723568677902,0.6704288385563344,0.826966217449989,13,60,,"I suppose no, it doesn't.","I suppose no, it doesn't."
00348_0013_neutral_0013_000021,0013,neutral,happy,neutral,neutral,neutral,happy,happy,happy,True,True,True,True,True,0.6,0.9505783319473267,True,0.008000001311302185,0.7406953573226929,18.620455518577476,1.6703256368637085,0.13857105374336243,0.4146283268928528,0.028834596276283264,0.14271762535825372,0.9170394977571256,5,60,,As rich as Peter's son-in-law.,As rich as Peter's son-in-law for you.
00349_0013_neutral_0013_000052,0013,neutral,happy,sad,neutral,neutral,sad,happy,happy,False,False,True,True,False,0.0,1.0,True,0.008000001311302185,0.6310957074165344,23.00617637842084,1.72431218624115,0.38132020831108093,0.20924043655395508,0.022568657994270325,0.3834128383632004,0.7788566297021158,13,60,,From August 18th of their divorce.,From August 18th of their divorce.
00350_0013_sad_0013_001092,0013,sad,happy,neutral,neutral,neutral,happy,happy,happy,True,True,True,True,True,1.0,0.23247340321540833,False,0.008000001311302185,0.8217611312866211,11.107809809889094,1.3663890361785889,0.03013816475868225,4.571420192718506,0.03861183300614357,0.07585275280419737,0.9779432036113446,5,60,,She may mind ye of her.,To make my Yumi a birth.
00351_0013_sad_0013_001391,0013,sad,happy,angry,neutral,neutral,happy,happy,happy,True,True,True,True,True,1.0,0.6958438158035278,False,0.008000001311302185,0.8482531309127808,17.224582710811347,3.259510040283203,0.03409981727600098,2.633227825164795,0.031465332955121994,0.06043241018097848,0.9895383610252545,20,60,,Enough you of foolish chatter.,And now a few coolish chatter.
00352_0013_sad_0013_001332,0013,sad,happy,neutral,neutral,happy,happy,happy,happy,True,True,True,True,True,0.0,1.0000001192092896,True,0.008000001311302185,0.6227757930755615,18.51588889291358,1.5503535270690918,0.015337487682700157,0.2063547968864441,0.025676794350147247,0.0174012924195081,0.9901071030478479,3,60,,"Alice, I won't forget it again.","Alice, I won't forget it again."
00353_0013_sad_0013_001349,0013,sad,happy,sad,sad,neutral,happy,happy,happy,True,True,True,True,True,0.2,0.48551008105278015,False,0.008000001311302185,0.7245299816131592,18.101600806613224,2.74149227142334,0.2630787789821625,0.4290847182273865,0.034216172993183136,0.2673699683261663,0.9040381102932761,6,60,,His hope will cheat him.,His hope will cheer him.
00354_0013_sad_0013_001053,0013,sad,happy,neutral,happy,happy,happy,happy,happy,True,True,True,True,True,0.0,0.9999998807907104,True,0.008000001311302185,0.7706055641174316,10.540366423900164,1.1733899116516113,0.008990156464278698,0.07228779047727585,0.03340082988142967,0.00971336837735027,0.992338304279756,1,60,,That I owe my thanks to you.,That I owe my thanks to you.
00355_0013_sad_0013_001182,0013,sad,happy,neutral,happy,happy,happy,happy,happy,True,True,True,True,True,0.0,1.0,True,0.00800000037997961,0.5137612819671631,18.07835966902378,1.1611217260360718,0.03590871021151543,0.11075093597173691,0.016429077833890915,0.03701638386201113,0.9690741208209898,2,60,,I thank you for this mercy.,I thank you for this mercy.
00356_0013_sad_0013_001357,0013,sad,happy,neutral,neutral,neutral,happy,happy,happy,True,True,True,True,True,0.6666666666666666,0.7866483330726624,False,0.008000001311302185,0.7209051251411438,23.26191522644524,2.874603271484375,0.02661231905221939,0.45989990234375,0.02918614260852337,0.03121160993708298,0.9907422637008002,17,60,,I owe them five hundred dollars.,"I owe them $500, so they're for"
00357_0013_sad_0013_001144,0013,sad,happy,neutral,neutral,neutral,happy,happy,happy,True,True,True,True,True,0.25,0.8564450144767761,True,0.008000001311302185,0.5958127379417419,24.14626004779343,1.9283835887908936,0.11285342276096344,0.6171176433563232,0.026150574907660484,0.11902486070027575,0.9414777104425976,9,60,,They found a cow grazing in a field.,If they've found a cow grazing in a field.
00358_0013_sad_0013_001396,0013,sad,happy,neutral,neutral,neutral,happy,happy,happy,True,True,True,True,True,0.0,1.0000001192092896,True,0.008000001311302185,0.8059139251708984,15.97216235781946,2.2577342987060547,0.04174923151731491,0.14436422288417816,0.03071264736354351,0.04319318087263033,0.9815083504107449,5,60,,I am going to back home.,I am going to back home.
00359_0013_sad_0013_001127,0013,sad,happy,neutral,neutral,neutral,happy,happy,happy,True,True,True,True,True,0.6,0.8751070499420166,True,0.008000001311302185,0.8647435903549194,9.819894034691469,2.86405086517334,0.02290564402937889,1.3601675033569336,0.04934637248516083,0.03650781252667308,0.9920023613030376,3,60,,But I saw you walking.,What I saw you walk me.
00360_0013_sad_0013_001367,0013,sad,happy,neutral,neutral,neutral,happy,happy,happy,True,True,True,True,True,0.125,0.7776892185211182,False,0.008000001311302185,0.8502604365348816,13.652540210392512,3.203667402267456,0.02481892518699169,0.9656957983970642,0.029513902962207794,0.03447617830999196,0.9922529644714599,9,60,,At length they came to a sharp bend.,At length they came to a sharp and
00361_0013_sad_0013_001065,0013,sad,happy,sad,sad,sad,happy,happy,happy,True,True,True,True,True,1.0,0.4575801193714142,False,0.008000001311302185,0.7136529088020325,15.040018520189447,5.09102725982666,0.021775541827082634,3.1786060333251953,0.027500558644533157,0.05356187716592103,0.9957227607090393,7,60,,"Poor Tom, now is dead.",Poor Tom. The canal was good.
00362_0013_sad_0013_001198,0013,sad,happy,neutral,neutral,happy,happy,happy,happy,True,True,True,True,True,0.0,1.0,True,0.008000001311302185,0.5858620405197144,22.83688102810016,1.1027412414550781,0.010381262749433517,0.04947388172149658,0.013502861373126507,0.010876136595262214,0.9905859485805253,1,60,,"And on top of them came Winnie, the cute bear.","And on top of them came Winnie, the cute bear."
00363_0013_sad_0013_001246,0013,sad,happy,neutral,neutral,happy,happy,happy,happy,True,True,True,True,True,0.125,0.7166755199432373,False,0.008000001311302185,0.9531598091125488,19.276522039753814,1.291722059249878,0.022618498653173447,0.1965278685092926,0.025722432881593704,0.02458403456259519,0.9824896551923032,2,60,,Clear are your eyes and bright your breath.,Clear are your eyes and bright your breast.
00364_0013_sad_0013_001056,0013,sad,happy,neutral,neutral,happy,happy,happy,happy,True,True,True,True,True,0.8181818181818182,0.49572622776031494,False,0.008000001311302185,0.9490705728530884,15.421918437841303,1.897240400314331,0.01602792739868164,2.467482328414917,0.037473320960998535,0.040703125416040424,0.9915519786548789,4,60,,"Andy, what's the guy who wrote ""To Gimble"" and ""The Gyer""?",Andy wants the gyre and to gingle.
00365_0013_sad_0013_001062,0013,sad,happy,neutral,neutral,neutral,happy,happy,happy,True,True,True,True,True,1.6,0.7284620404243469,False,0.008000001311302185,0.9120445251464844,11.875864342322167,2.671248197555542,0.018357645720243454,2.552049398422241,0.03907640278339386,0.04387853046849371,0.993127689992625,5,60,,Her shoes were like fishes.,"For shoes, we're like fish with these fun toes."
00366_0013_sad_0013_001120,0013,sad,happy,neutral,neutral,happy,happy,happy,happy,True,True,True,True,True,0.5,0.8986982107162476,True,0.008000001311302185,0.9278688430786133,10.080827150368886,1.5084818601608276,0.019074175506830215,0.3115805983543396,0.044716671109199524,0.022190428657084704,0.9873553829114017,4,60,,"Tom, now let our arrows fly.","Tom, now let our arrows fly and happy."
00367_0013_sad_0013_001280,0013,sad,happy,sad,neutral,neutral,happy,happy,happy,True,True,True,True,True,0.5714285714285714,0.8812838196754456,True,0.008000001311302185,0.7659222483634949,22.558543508305284,2.8754515647888184,0.20552226901054382,0.4307587146759033,0.03811051696538925,0.2098302372624725,0.928525219646453,21,60,,Your own wife is not at home.,If your own wife is not at home and
00368_0013_sad_0013_001211,0013,sad,happy,neutral,neutral,neutral,happy,happy,happy,True,True,True,True,True,0.75,0.5862904787063599,False,0.008000001311302185,0.8831183910369873,15.183969024890114,2.614304542541504,0.05904355272650719,1.1989980936050415,0.03372462838888168,0.07103387090884149,0.977415197133419,5,60,,That's a full-grown colt.,That's a full grown cod.
00369_0013_sad_0013_001234,0013,sad,happy,sad,sad,sad,happy,happy,happy,True,True,True,True,True,2.1666666666666665,0.03606632724404335,False,0.008000001311302185,0.9485593438148499,16.027355492515834,4.364562034606934,0.02243325114250183,3.193443775177002,0.03658971190452576,0.054368054791390896,0.9948601369473897,10,60,,"We haven't been fine, have we?","When it happens that you bind to it, it happens with your tuna."
00370_0013_sad_0013_001130,0013,sad,happy,neutral,neutral,neutral,happy,happy,happy,True,True,True,True,True,0.8,0.24016925692558289,False,0.008000001311302185,0.8934997916221619,7.201103764485608,2.8061587810516357,0.01945752650499344,2.851330518722534,0.040457598865032196,0.04797123626820743,0.9930661348757672,7,60,,Then there was a report.,Then there was good working for us.
00371_0013_sad_0013_001352,0013,sad,happy,neutral,neutral,neutral,happy,happy,happy,True,True,True,True,True,0.6666666666666666,0.960106372833252,True,0.008000001311302185,0.6445767283439636,21.470218318667136,3.1257827281951904,0.043613746762275696,0.6719628572463989,0.0239219032227993,0.050333614553771916,0.9860470958621433,7,60,,"501 million, right?",501 million right.
00372_0013_sad_0013_001335,0013,sad,happy,neutral,neutral,neutral,happy,happy,happy,True,True,True,True,True,0.16666666666666666,0.8572533130645752,True,0.008000001311302185,0.7061269879341125,19.761908830965318,1.579813003540039,0.04269273206591606,0.41938790678977966,0.028568027541041374,0.046886896814089266,0.9729760851630855,6,60,,"The straw, charcoal and the pea.","The straw, charcoal and the peach."
00373_0013_sad_0013_001331,0013,sad,happy,neutral,neutral,neutral,happy,happy,happy,True,True,True,True,True,0.5,0.689439058303833,False,0.008000001311302185,0.7747465968132019,16.774757547851664,2.694650650024414,0.14473624527454376,1.306326150894165,0.04061751812696457,0.1577999129586667,0.9462875659695507,8,60,,He could not help doing so.,You cannot help doing so.
00374_0013_sad_0013_001297,0013,sad,happy,neutral,neutral,neutral,happy,happy,happy,True,True,True,True,True,0.4444444444444444,0.7809543609619141,False,0.008000001311302185,0.7637673616409302,21.928631293138583,1.7160053253173828,0.017499476671218872,0.4368637204170227,0.02893279492855072,0.021868403203338386,0.9898022014191696,7,60,,She and I are running neck and neck race.,"If she and I are running neck and neck,"
00375_0013_surprise_0013_001423,0013,surprise,happy,neutral,neutral,neutral,happy,happy,happy,True,True,True,True,True,0.0,1.0,True,0.008000001311302185,0.7195106148719788,24.48086313424377,4.115564346313477,0.023243583738803864,0.4069342315196991,0.03177211806178093,0.027313243775181472,0.9943522730340435,9,60,,I thought you mean how old are you?,I thought you mean how old are you?
00376_0013_surprise_0013_001599,0013,surprise,happy,angry,angry,angry,happy,happy,happy,True,True,True,True,True,1.0,0.4184010624885559,False,0.008000001311302185,0.7604252099990845,19.694944245498814,4.742391586303711,0.08770902454853058,2.282191514968872,0.025570616126060486,0.11053119540438056,0.9815053179493151,15,60,,Captain Tom receives an angry letter,A reading a letter.
00377_0013_surprise_0013_001707,0013,surprise,happy,neutral,neutral,neutral,happy,happy,happy,True,True,True,True,True,0.25,0.9704625010490417,True,0.008000001311302185,0.753193736076355,22.29485725342797,3.3079090118408203,0.05026758834719658,0.457721084356308,0.03569082170724869,0.05484515609897673,0.9848038177086307,14,60,,I owe them $500.,I owed them $500.
00378_0013_surprise_0013_001675,0013,surprise,happy,angry,neutral,neutral,happy,happy,happy,True,True,True,True,True,0.125,0.9817730188369751,True,0.008000001311302185,0.6565127372741699,23.332219602293737,3.5237529277801514,0.2536171078681946,0.7246029376983643,0.02075837552547455,0.2608633448289335,0.9280264215266747,14,60,,You shouldn't have pricked him with your horn.,You shouldn't have cricked him with your horn.
00379_0013_surprise_0013_001487,0013,surprise,happy,neutral,neutral,surprise,happy,happy,happy,True,True,True,True,True,0.5714285714285714,0.8774052262306213,True,0.008000001311302185,0.6607809066772461,22.22958856539797,2.6773593425750732,0.033015910536050797,1.477428674697876,0.023568173870444298,0.04779043296476826,0.987668479904421,9,60,,"Yes, a hippo lives in the zoo.","While Hippo lives in the zoo,"
00380_0013_surprise_0013_001631,0013,surprise,happy,neutral,neutral,neutral,neutral,happy,happy,False,False,True,True,False,0.375,0.6504249572753906,False,0.008000001311302185,0.6615380644798279,22.8862553945816,2.920652389526367,0.5130934715270996,0.9724112749099731,0.02825361117720604,0.522817866812311,0.8243223077942848,14,60,,He told me that I ought to change?,D told me that I ought to change into
00381_0013_surprise_0013_001622,0013,surprise,happy,neutral,neutral,neutral,happy,happy,happy,True,True,True,True,True,0.2,0.9313481450080872,True,0.008000001311302185,0.7574094533920288,22.33789974161946,4.091796875,0.019318681210279465,0.5513573884963989,0.03500223532319069,0.024832605117596687,0.9952786802961036,13,60,,Ask God to help you?,Ask God to help you.
00382_0013_surprise_0013_001635,0013,surprise,happy,neutral,neutral,neutral,happy,happy,happy,True,True,True,True,True,0.0,1.0,True,0.008000001311302185,0.6950309872627258,21.583869488643195,2.728975772857666,0.16600874066352844,0.0855707973241806,0.028103262186050415,0.16686472966939211,0.939168114896934,8,60,,"If not, I shall go no further.","If not, I shall go no further."
00383_0013_surprise_0013_001578,0013,surprise,happy,surprise,neutral,surprise,happy,happy,happy,True,True,True,True,True,7.0,0.10475721210241318,False,0.008000001311302185,0.617084264755249,22.84283303262359,2.014282703399658,0.025555793195962906,3.077996253967285,0.019439704716205597,0.05633595013268292,0.9873127078176115,9,60,,Yes.,He vowed he's changed the pigtails place.
00384_0013_surprise_0013_001682,0013,surprise,happy,neutral,happy,happy,happy,happy,happy,True,True,True,True,True,0.0,1.0000001192092896,True,0.008000001311302185,0.6050766110420227,22.401435210232048,1.0474687814712524,0.03385079652070999,0.23795069754123688,0.027142366394400597,0.036230574919786304,0.9676832406659759,2,60,,"Alice, I won't forget it again.","Alice, I won't forget it again."
00385_0013_surprise_0013_001429,0013,surprise,happy,neutral,neutral,neutral,happy,happy,happy,True,True,True,True,True,0.0,1.0,True,0.008000001311302185,0.595697820186615,26.216382314316547,2.155940294265747,0.1149887964129448,0.3163805305957794,0.01903996244072914,0.118152792118527,0.9466642018247047,8,60,,Rat came and replied on the leaves.,Rat came and replied on the leaves.
00386_0013_surprise_0013_001437,0013,surprise,happy,neutral,neutral,neutral,happy,happy,happy,True,True,True,True,True,0.0,0.9999998807907104,True,0.008000001311302185,0.5805020928382874,23.70431124895621,2.1969735622406006,0.020719079300761223,0.11003098636865616,0.018512094393372536,0.02181957428539172,0.990569263255207,6,60,,I think it'll encourage me.,I think it'll encourage me.
00387_0013_surprise_0013_001440,0013,surprise,happy,neutral,neutral,neutral,happy,happy,happy,True,True,True,True,True,1.6666666666666667,0.4958541691303253,False,0.008000001311302185,0.5821551084518433,25.05917455759494,2.3172519207000732,0.05454699322581291,0.9312241673469543,0.012495702132582664,0.06385935985630378,0.976460482031089,9,60,,"In ""The Fox and the Grapes.""",In which fox loses a tail and its elder sister finds one?
00388_0013_surprise_0013_001639,0013,surprise,happy,surprise,neutral,neutral,neutral,happy,happy,False,False,True,True,False,0.125,0.9268257021903992,True,0.008000001311302185,0.9266937971115112,19.980725620590675,2.769545316696167,0.44114553928375244,0.40820229053497314,0.03356213495135307,0.4452278978104517,0.8407155367257172,20,60,,This is the way the snakes always talk?,This is the way the snakes always talk.
00389_0013_surprise_0013_001649,0013,surprise,happy,neutral,neutral,neutral,happy,happy,happy,True,True,True,True,True,0.16666666666666666,0.9420971274375916,True,0.008000001311302185,0.7785013318061829,19.84077019747438,2.0439181327819824,0.015085565857589245,0.5095642805099487,0.025754928588867188,0.02018146621197462,0.992619290559815,3,60,,You may imagine how I gape.,You may imagine how I gaped.
00390_0013_surprise_0013_001550,0013,surprise,happy,neutral,neutral,happy,happy,happy,happy,True,True,True,True,True,0.0,0.9999998211860657,True,0.008000001311302185,0.5269056558609009,23.159201085160465,1.3738722801208496,0.014999818056821823,0.09111209958791733,0.018028046935796738,0.015911119333170354,0.9890820869786364,3,60,,I hope you enjoyed yourself.,I hope you enjoyed yourself.
00391_0013_surprise_0013_001621,0013,surprise,happy,sad,neutral,neutral,neutral,happy,happy,False,False,True,True,False,0.2,0.8958640098571777,True,0.008000001311302185,0.7961821556091309,21.055514233482356,3.5401034355163574,0.41718539595603943,0.6356147527694702,0.0407041534781456,0.4235419505252689,0.8821544614288399,11,60,,I am a selfish sinner?,I am a selfish sinner.
00392_0013_surprise_0013_001603,0013,surprise,happy,neutral,neutral,neutral,happy,happy,happy,True,True,True,True,True,0.0,0.9999998807907104,True,0.008000001311302185,0.8163893222808838,15.931871566951825,3.1635854244232178,0.02334669604897499,0.08685828745365143,0.03783228248357773,0.024215657246336342,0.9926201783998826,6,60,,I was not grabbed.,I was not grabbed.
00393_0013_surprise_0013_001486,0013,surprise,happy,neutral,neutral,happy,happy,happy,happy,True,True,True,True,True,0.75,0.4852215051651001,False,0.00800000037997961,0.5936335921287537,21.713495268247268,1.5628589391708374,0.03801915422081947,1.43315851688385,0.022437747567892075,0.05235096376713365,0.9756733296474023,4,60,,And Tick Attack 2?,And tick-a-tack too.
00394_0013_surprise_0013_001402,0013,surprise,happy,neutral,neutral,neutral,happy,happy,happy,True,True,True,True,True,0.0,1.0,True,0.008000001311302185,0.504347026348114,28.352926024575446,1.819276213645935,0.026218188926577568,0.13368992507457733,0.013354813680052757,0.02755522172546014,0.9855886705218694,10,60,,I did go and made many prisoners.,I did go and made many prisoners.
00395_0013_surprise_0013_001744,0013,surprise,happy,surprise,surprise,surprise,happy,happy,happy,True,True,True,True,True,0.25,0.9248638153076172,True,0.008000001311302185,0.7750473022460938,17.537225271253327,2.7971198558807373,0.03549479693174362,0.662946343421936,0.03475238382816315,0.04212460788980126,0.9873102338260127,9,60,,"Lucy, a clever farmer?","Lucy, a clever farmer."
00396_0013_surprise_0013_001727,0013,surprise,happy,neutral,neutral,neutral,happy,happy,happy,True,True,True,True,True,0.2,0.8218206763267517,True,0.008000001311302185,0.6960967779159546,19.66683228112258,2.542787551879883,0.020205453038215637,1.4617301225662231,0.025761961936950684,0.034823011883497235,0.9920538178569902,7,60,,It's part of my secret?,It's part of my secret.
00397_0013_surprise_0013_001533,0013,surprise,happy,neutral,neutral,neutral,happy,happy,happy,True,True,True,True,True,0.2857142857142857,0.9133721590042114,True,0.008000001311302185,0.7612932920455933,20.965881856359108,2.618400812149048,0.11520722508430481,0.39045092463493347,0.03378947079181671,0.11911207222536206,0.9560009206574647,5,60,,I smell the breath of an English.,I smell the breadth of an English
00398_0013_surprise_0013_001668,0013,surprise,happy,surprise,neutral,surprise,happy,happy,happy,True,True,True,True,True,0.3333333333333333,0.9050213098526001,True,0.008000001311302185,0.8007630705833435,22.090053593157805,3.3264975547790527,0.036287061870098114,0.42705073952674866,0.03953348100185394,0.04055796460017562,0.9890915110344916,9,60,,He showed no signs of age.,He's shown no signs of age.
00399_0013_surprise_0013_001625,0013,surprise,happy,neutral,happy,happy,happy,happy,happy,True,True,True,True,True,0.4,0.902191162109375,True,0.00800000037997961,0.4895636737346649,24.200330212906884,0.2768886089324951,0.01349252462387085,0.4971441626548767,0.010499343276023865,0.018464071243852378,0.9512709292163034,0,60,,"""Her existence makes him pleasant.""",Her existence makes him pleasant.
00500_0014_angry_0014_000540,0014,angry,happy,neutral,neutral,neutral,happy,happy,happy,True,True,True,True,True,0.375,0.4013037383556366,False,0.008000001311302185,0.7401015162467957,23.559645169418953,3.0864028930664062,0.02483545057475567,0.8972395062446594,0.019944515079259872,0.03380804508235306,0.9919532700573381,13,60,,And they were sandy yellow brownish all over.,And they were San Diego Brownish all over.
00501_0014_angry_0014_000444,0014,angry,happy,neutral,neutral,neutral,happy,happy,happy,True,True,True,True,True,0.0,1.0,True,0.008000001311302185,0.6573005318641663,23.484544561632603,2.086653470993042,0.08979170024394989,0.07732236385345459,0.020625058561563492,0.09056513013307005,0.9569685616264698,8,60,,They found a cow grazing in a field.,They found a cow grazing in a field.
00502_0014_angry_0014_000474,0014,angry,happy,neutral,neutral,neutral,happy,happy,happy,True,True,True,True,True,0.2222222222222222,0.8037997484207153,True,0.008000001311302185,0.7355782985687256,22.65197178732897,2.21038556098938,0.1620139330625534,0.9996130466461182,0.020592480897903442,0.17201026945382358,0.9267033155111477,6,60,,You know answers to the name of Tom's son.,"You know, answers to the name of Thomas' son."
00503_0014_angry_0014_000463,0014,angry,happy,neutral,neutral,neutral,happy,happy,happy,True,True,True,True,True,0.8333333333333334,0.36382925510406494,False,0.008000001311302185,0.7424366474151611,21.504999624689603,3.348500967025757,0.17512497305870056,2.4341137409210205,0.02025052346289158,0.1994663129731454,0.9477004860433855,7,60,,Mr. Lawson saw George last night.,Mr. Lacewaste George Lask unites us.
00504_0014_angry_0014_000428,0014,angry,happy,neutral,neutral,neutral,happy,happy,happy,True,True,True,True,True,0.6666666666666666,0.5941756963729858,False,0.008000001311302185,0.7945241928100586,19.29549452426142,2.191565990447998,0.02773263305425644,1.4132003784179688,0.04078033193945885,0.04186504464175552,0.987345745838761,4,60,,The art quite safe with me.,"The arch quite safe with me now, happy."
00505_0014_angry_0014_000553,0014,angry,happy,neutral,neutral,neutral,neutral,happy,happy,False,False,True,True,False,0.0,0.9999998807907104,True,0.008000001311302185,0.8365603685379028,20.591485329118505,3.4823663234710693,0.2980932891368866,0.08509719371795654,0.03791419416666031,0.29894464021600786,0.9143992155197044,13,60,,I was not grabbed.,I was not grabbed.
00506_0014_angry_0014_000426,0014,angry,happy,neutral,neutral,neutral,happy,happy,happy,True,True,True,True,True,0.5,0.5154783129692078,False,0.008000001311302185,0.691877543926239,20.21589587949656,2.500615119934082,0.11737249791622162,2.1473300457000732,0.030605286359786987,0.13884610442608597,0.9530625496980456,11,60,,The hag looked in the stove.,The hag lift in this dough.
00507_0014_angry_0014_000620,0014,angry,happy,neutral,neutral,neutral,happy,happy,happy,True,True,True,True,True,0.6,0.8581745624542236,True,0.008000001311302185,0.725970447063446,20.5229789732265,2.394429922103882,0.09245708584785461,2.134413719177246,0.03047477826476097,0.11380152778740972,0.9613865977056382,6,60,,"""Chew leaves quickly,"" said Rabbit.","“Two Leaves quickly,” said Rabbit."
00508_0014_angry_0014_000369,0014,angry,happy,neutral,happy,neutral,happy,happy,happy,True,True,True,True,True,0.2,0.9863173961639404,True,0.008000001311302185,0.5452122092247009,25.197749593754104,1.0647640228271484,0.13983285427093506,0.3205443322658539,0.019369877874851227,0.14303849129237234,0.8686724464077472,2,60,,At the end of four.,"At the end of four,"
00509_0014_angry_0014_000487,0014,angry,happy,neutral,neutral,neutral,happy,happy,happy,True,True,True,True,True,0.3333333333333333,0.8389950394630432,True,0.008000001311302185,0.664959192276001,23.856923664144183,2.4933652877807617,0.013066375628113747,2.531960964202881,0.021784653887152672,0.03838620311668143,0.9947595421769333,6,60,,Let the glass globe be G.,Let the glass globe ring.
00510_0014_angry_0014_000399,0014,angry,happy,surprise,surprise,surprise,happy,happy,happy,True,True,True,True,True,0.6,0.5184522867202759,False,0.008000001311302185,0.6766775250434875,25.351977849873116,2.265193223953247,0.04667159169912338,1.131430745124817,0.022634677588939667,0.05798612549714745,0.9793961984321711,4,60,,"Then we all say, ""Aha!""",Then we all say a hug.
00511_0014_angry_0014_000614,0014,angry,happy,angry,neutral,neutral,happy,happy,happy,True,True,True,True,True,0.16666666666666666,0.7912225723266602,False,0.008000001311302185,0.6838247179985046,23.68638435925869,2.23148250579834,0.06738956272602081,1.216939091682434,0.028867071494460106,0.0795592423135601,0.9698005417694676,5,60,,Slam the doors and wedge them.,Slam the doors and wedge Panama.
00512_0014_angry_0014_000362,0014,angry,happy,neutral,neutral,neutral,happy,happy,happy,True,True,True,True,True,0.2,0.9907424449920654,True,0.008000001311302185,0.6587616205215454,24.49459129476952,2.3193535804748535,0.005878174211829901,0.5112647414207458,0.021904367953538895,0.010991040669716894,0.9974655980608932,9,60,,Her shoes were like fishes.,Her shoes were like fish.
00513_0014_angry_0014_000510,0014,angry,happy,neutral,neutral,neutral,happy,happy,happy,True,True,True,True,True,0.2,0.718671441078186,False,0.008000001311302185,0.720856785774231,21.26410729707785,4.298347473144531,0.03316442295908928,0.44571226835250854,0.03530985862016678,0.03762189874120057,0.992284378318343,8,60,,"Kitty, can you play chess?","Kitty, can you play fetch?"
00514_0014_angry_0014_000658,0014,angry,happy,neutral,neutral,neutral,happy,happy,happy,True,True,True,True,True,0.2727272727272727,0.44209742546081543,False,0.008000001311302185,0.6928095817565918,23.66642359348104,3.808519124984741,0.0668635368347168,1.0135196447372437,0.026837673038244247,0.07699900165881961,0.9824436914610519,8,60,,Perhaps you think that is a queer title for this chapter.,Perhaps you think that is a clear title for this Jaff third.
00515_0014_angry_0014_000600,0014,angry,happy,neutral,neutral,neutral,happy,happy,happy,True,True,True,True,True,0.2,0.6551735401153564,False,0.008000001311302185,0.8059173226356506,20.033605151166675,2.3263039588928223,0.041639380156993866,0.7774157524108887,0.037574511021375656,0.049413913426212965,0.9821006279089979,6,60,,Her kind and firm glance.,Her kind and firm length.
00516_0014_angry_0014_000667,0014,angry,happy,neutral,neutral,neutral,happy,happy,happy,True,True,True,True,True,0.375,0.34867042303085327,False,0.008000001311302185,0.7243559956550598,20.439826561860976,3.0588297843933105,0.04000002145767212,1.123822808265686,0.026463743299245834,0.05123851417776197,0.9869230966489998,8,60,,At length they came to a sharp bend.,"At length, they came to a shark van."
00517_0014_angry_0014_000638,0014,angry,happy,neutral,sad,neutral,happy,happy,happy,True,True,True,True,True,0.16666666666666666,0.3919702172279358,False,0.008000001311302185,0.8278654217720032,18.232622537613167,3.386406421661377,0.017680881544947624,0.8557438850402832,0.034575026482343674,0.02623866614561528,0.9947788660475451,8,60,,She has felt shy of it.,She has felt shine of it.
00518_0014_angry_0014_000643,0014,angry,happy,neutral,happy,happy,happy,happy,happy,True,True,True,True,True,0.0,1.0,True,0.008000001311302185,0.6141793131828308,24.64721447291221,1.7936897277832031,0.03513619303703308,0.16842368245124817,0.02092607133090496,0.03682063912225887,0.9804112202390447,7,60,,"He is old fashioned, but he is the best of men.","He is old fashioned, but he is the best of men."
00519_0014_angry_0014_000506,0014,angry,happy,neutral,neutral,neutral,happy,happy,happy,True,True,True,True,True,0.3333333333333333,0.6407872438430786,False,0.008000001311302185,0.7879515290260315,20.868911223035738,3.246948003768921,0.023956093937158585,1.9282089471817017,0.03975055366754532,0.04323858091451228,0.9926219656399329,13,60,,The eye could not catch them.,The eye could not have stunned.
00520_0014_angry_0014_000613,0014,angry,happy,sad,sad,neutral,happy,happy,happy,True,True,True,True,True,1.0,0.013017777353525162,False,0.008000001311302185,0.9942541122436523,13.504947958480507,3.332772731781006,0.02622828260064125,3.5659027099609375,0.04628312215209007,0.06188777253147215,0.9921301916717781,9,60,,She said in a subdued voice.,You're so beautiful.
00521_0014_angry_0014_000501,0014,angry,happy,neutral,happy,happy,happy,happy,happy,True,True,True,True,True,0.0,1.0,True,0.008000001311302185,0.49344462156295776,23.815751718981986,0.8047851324081421,0.011243553832173347,0.09984856843948364,0.01627514138817787,0.012242202267982066,0.9860291233281988,0,60,,All the way to China is home.,All the way to China is home.
00522_0014_angry_0014_000575,0014,angry,happy,happy,happy,happy,happy,happy,happy,True,True,True,True,True,0.0,0.9999998807907104,True,0.00800000037997961,0.34589284658432007,25.346093260416556,0.16317063570022583,0.005170585121959448,0.17583614587783813,0.009783247485756874,0.006929044413212687,0.9683117915195308,0,60,,Her existence makes him pleasant.,Her existence makes him pleasant.
00523_0014_angry_0014_000439,0014,angry,happy,neutral,neutral,neutral,happy,happy,happy,True,True,True,True,True,0.16666666666666666,0.719818115234375,False,0.008000001311302185,0.6378234624862671,24.875374756665195,2.0302863121032715,0.024321794509887695,0.21489007771015167,0.036655243486166,0.026471061839424076,0.9880205100310746,9,60,,Let go of my top knot.,Let go of my top nine.
00524_0014_angry_0014_000402,0014,angry,happy,neutral,neutral,neutral,happy,happy,happy,True,True,True,True,True,0.16666666666666666,0.5553802847862244,False,0.008000001311302185,0.7096841931343079,20.915215845895794,1.8179025650024414,0.08947183191776276,0.32834190130233765,0.023582180961966515,0.09275548675259575,0.9507829332329246,10,60,,From August 18th of their divorce.,From August 18th of their Devoise.
00525_0014_neutral_0014_000331,0014,neutral,happy,neutral,neutral,neutral,happy,happy,happy,True,True,True,True,True,0.42857142857142855,0.2801642417907715,False,0.008000001311302185,0.6814278960227966,20.784878711228643,2.8671345710754395,0.02657448500394821,0.6871246695518494,0.019925428554415703,0.03344593095375225,0.9907313436655398,4,60,,She'll be feverish after so much thinking.,Shield V feebrous after so much thinking.
00526_0014_neutral_0014_000160,0014,neutral,happy,neutral,neutral,neutral,happy,happy,happy,True,True,True,True,True,0.9444444444444444,0.2981289327144623,False,0.008000001311302185,0.9501781463623047,9.903595597447335,4.6010518074035645,0.03311725705862045,2.1964540481567383,0.04823995381593704,0.055082279939726,0.9928022420861832,6,60,,"Yes, I can help you with chess. I can provide strategies, explain rules, or even play against you.","Good evening. Can you play, Shab?"
00527_0014_neutral_0014_000203,0014,neutral,happy,neutral,neutral,neutral,happy,happy,happy,True,True,True,True,True,0.25,0.7249189615249634,False,0.008000001311302185,0.7300015091896057,19.4967248123143,3.9437613487243652,0.019170153886079788,1.8348395824432373,0.03794459253549576,0.037518929156437515,0.9951391191831929,7,60,,I was not grabbed.,I was not regret.
00528_0014_neutral_0014_000053,0014,neutral,happy,neutral,neutral,neutral,happy,happy,happy,True,True,True,True,True,0.6666666666666666,0.4662199914455414,False,0.008000001311302185,0.8178053498268127,15.473700295651167,3.4588828086853027,0.04945017024874687,1.4044189453125,0.03705083578824997,0.06349473021022975,0.9857034270936914,12,60,,He was still in the forest.,You were still him the fourth.
00529_0014_neutral_0014_000179,0014,neutral,happy,neutral,happy,happy,happy,happy,happy,True,True,True,True,True,0.2,0.6446680426597595,False,0.008000001311302185,0.5148049592971802,18.928992177508853,0.6309052109718323,0.006814437918365002,0.48942485451698303,0.017778001725673676,0.011708864243552088,0.9891989512848243,0,60,,Daisy creams with pink edges.,Daisy cranes with pink edges.
00530_0014_neutral_0014_000011,0014,neutral,happy,neutral,happy,happy,happy,happy,happy,True,True,True,True,True,0.4,0.9525244235992432,True,0.008000001311302185,0.5997756719589233,14.226054184886125,0.9843249320983887,0.010973164811730385,0.46064457297325134,0.031186014413833618,0.015579922401607037,0.9888520909570605,0,60,,"Chapter 10, A Warm Welcome.",Chapter 10: A Warm Welcome
00531_0014_neutral_0014_000149,0014,neutral,happy,neutral,happy,happy,happy,happy,happy,True,True,True,True,True,0.3333333333333333,0.6139030456542969,False,0.008000001311302185,0.5959794521331787,18.20670603119546,0.9822976589202881,0.08480721712112427,1.5078023672103882,0.028126707300543785,0.09988552206030116,0.9136644413727487,0,60,,My winding sheet.,My winding sheep.
00532_0014_neutral_0014_000254,0014,neutral,happy,neutral,happy,happy,happy,happy,happy,True,True,True,True,True,0.0,0.9999998807907104,True,0.008000001311302185,0.9286167621612549,14.941832193137392,0.3595130443572998,0.04120919853448868,0.10322760790586472,0.06335433572530746,0.04224210815690458,0.8853749559820334,0,60,,She laughed.,She laughed.
00533_0014_neutral_0014_000082,0014,neutral,happy,neutral,neutral,neutral,happy,happy,happy,True,True,True,True,True,0.0,1.0,True,0.008000001311302185,0.7263774871826172,20.623175078859074,1.4678523540496826,0.015689373016357422,0.26614049077033997,0.02914804220199585,0.018351069404482844,0.9893113411760578,3,60,,The fair jaw cracker Dorf language must be.,The fair jaw cracker Dorf language must be.
00534_0014_neutral_0014_000163,0014,neutral,happy,neutral,happy,happy,happy,happy,happy,True,True,True,True,True,0.0,1.0,True,0.008000001311302185,0.7961934804916382,16.119465387902885,1.0383052825927734,0.009246665984392166,0.38727515935897827,0.025939714163541794,0.013119676975123585,0.9910944631223467,4,60,,How they went to the mountains to eat nuts.,How they went to the mountains to eat nuts.
00535_0014_neutral_0014_000234,0014,neutral,happy,neutral,neutral,neutral,happy,happy,happy,True,True,True,True,True,0.5,0.832603394985199,True,0.008000001311302185,0.6845197081565857,22.156975665959905,1.624204158782959,0.04273281246423721,0.8461952805519104,0.030711596831679344,0.051195072385724634,0.9736899993555874,6,60,,Hurry up! Hurry up!,Turi up! Turi up!
00536_0014_neutral_0014_000209,0014,neutral,happy,angry,angry,angry,happy,happy,happy,True,True,True,True,True,0.5714285714285714,0.37716010212898254,False,0.008000001311302185,0.8980923295021057,18.050455561830766,4.111166954040527,0.017044927924871445,2.6069014072418213,0.03591582551598549,0.043114301155544814,0.9958539927676449,11,60,,A raging fire was in his eyes.,"Hurray, James Pye was in his arms."
00537_0014_neutral_0014_000141,0014,neutral,happy,neutral,neutral,neutral,happy,happy,happy,True,True,True,True,True,0.0,0.9999999403953552,True,0.008000001311302185,0.7016815543174744,16.38867391671452,4.1695170402526855,0.025838568806648254,0.16998445987701416,0.035839103162288666,0.027538771796450017,0.9938029828017966,9,60,,Can I lodge here tonight?,Can I lodge here tonight?
00538_0014_neutral_0014_000232,0014,neutral,happy,neutral,happy,happy,happy,happy,happy,True,True,True,True,True,0.5,0.9648267030715942,True,0.008000001311302185,0.6205250024795532,24.312834078197533,1.2597285509109497,0.08643816411495209,0.7260681986808777,0.024244695901870728,0.09369908854871989,0.9313834999989118,3,60,,We'll call her Lily for short.,"Will call her Lily, her short."
00539_0014_neutral_0014_000215,0014,neutral,happy,neutral,neutral,neutral,happy,happy,happy,True,True,True,True,True,0.0,0.9999998807907104,True,0.008000001311302185,0.6082854270935059,24.24729445844003,1.0229672193527222,0.025009334087371826,0.04003135487437248,0.02494048699736595,0.025409897040985525,0.9755521647084681,3,60,,He likes dragons very much.,He likes dragons very much.
00540_0014_neutral_0014_000323,0014,neutral,happy,neutral,neutral,neutral,neutral,happy,happy,False,False,True,True,False,0.0,1.0000001192092896,True,0.008000001311302185,0.6886258125305176,22.55823211496425,3.1612277030944824,0.4715278148651123,0.13853226602077484,0.03947637230157852,0.47291353228904304,0.850840287650415,8,60,,Why did I wake up?,Why did I wake up?
00541_0014_neutral_0014_000157,0014,neutral,happy,neutral,neutral,happy,sad,happy,happy,False,False,True,True,False,0.3333333333333333,0.948296844959259,True,0.008000001311302185,0.6916103959083557,14.392970234018678,1.1361918449401855,0.14066600799560547,0.7795217633247375,0.040128517895936966,0.14846162691403178,0.8761951965928687,3,60,,Blackbird and Jay.,Blackbird and jay.
00542_0014_neutral_0014_000066,0014,neutral,happy,neutral,neutral,neutral,happy,happy,happy,True,True,True,True,True,0.0,1.0,True,0.008000001311302185,0.8046897053718567,17.143167342220075,2.5328636169433594,0.03103007934987545,0.14853836596012115,0.038269247859716415,0.03251584570195526,0.9877490129581781,6,60,,Shall we let Barbara in?,Shall we let Barbara in?
00543_0014_neutral_0014_000335,0014,neutral,happy,neutral,neutral,neutral,happy,happy,happy,True,True,True,True,True,0.0,1.0,True,0.008000001311302185,0.7596540451049805,18.497699886282234,3.4026808738708496,0.013871705159544945,0.2064952403306961,0.03058178350329399,0.01593696338068694,0.9959233011634839,14,60,,But things haven't changed yet.,But things haven't changed yet.
00544_0014_neutral_0014_000346,0014,neutral,happy,neutral,neutral,happy,happy,happy,happy,True,True,True,True,True,0.0,1.0,True,0.008000001311302185,0.573853075504303,23.400018891857385,0.8299585580825806,0.03457864001393318,0.1346278339624405,0.02387084625661373,0.03592515706202015,0.9583369076959471,0,60,,I'm going to back home.,I'm going to back home.
00545_0014_neutral_0014_000112,0014,neutral,happy,neutral,neutral,neutral,happy,happy,happy,True,True,True,True,True,2.5,0.5341249108314514,False,0.008000001311302185,0.7164546251296997,19.83670615686942,1.9886314868927002,0.05694623291492462,3.454249620437622,0.03534337133169174,0.09148908255301416,0.9713641097959759,4,60,,"Clown: ""Joey!""",Floamy to call him Joey.
00546_0014_neutral_0014_000162,0014,neutral,happy,neutral,neutral,neutral,happy,happy,happy,True,True,True,True,True,0.0,0.9999998807907104,True,0.008000001311302185,0.7760475277900696,15.642355508150407,3.292447566986084,0.008104277774691582,0.20996670424938202,0.03399963676929474,0.010204284813553096,0.9975385248785874,5,60,,I lent George three pounds.,I lent George three pounds.
00547_0014_neutral_0014_000023,0014,neutral,happy,neutral,neutral,surprise,happy,happy,happy,True,True,True,True,True,0.125,0.9908581376075745,True,0.008000001311302185,0.8727641701698303,14.85060338805184,2.82135009765625,0.30575764179229736,0.3782043159008026,0.040826935321092606,0.3095400932206586,0.8916271886830719,8,60,,I thought you meant how old are you.,I thought you meant is how old are you.
00548_0014_neutral_0014_000115,0014,neutral,happy,neutral,neutral,neutral,neutral,happy,happy,False,False,True,True,False,0.8333333333333334,0.5059677958488464,False,0.008000001311302185,0.7803338766098022,17.193441262149445,1.7756755352020264,0.3921448886394501,2.6292102336883545,0.03818520903587341,0.41843737282842397,0.7791573511796827,5,60,,"He might call it, for example.","In my calling, for example,"
00549_0014_neutral_0014_000045,0014,neutral,happy,neutral,neutral,neutral,happy,happy,happy,True,True,True,True,True,0.875,0.563406229019165,False,0.008000001311302185,0.908848762512207,12.723914271135277,3.5558600425720215,0.008064649067819118,1.0910029411315918,0.03137204051017761,0.01897499219954014,0.9977320116733318,9,60,,The nastiest things they saw were the cobwebs.,"The nastiest things they saw, stores with cubs were like, come on."
00550_0014_sad_0014_001242,0014,sad,happy,sad,neutral,neutral,happy,happy,happy,True,True,True,True,True,0.6666666666666666,0.3380172848701477,False,0.008000001311302185,0.8911176323890686,11.11305693790153,2.5197806358337402,0.029348883777856827,1.5474125146865845,0.042051173746585846,0.04482342943646014,0.9883526036510929,5,60,,I have had to grow old.,"I have had two girls, holy heho."
00551_0014_sad_0014_001367,0014,sad,happy,neutral,neutral,neutral,happy,happy,happy,True,True,True,True,True,0.625,0.5059988498687744,False,0.008000001311302185,0.9080262780189514,14.44827416895238,2.6471199989318848,0.1871926635503769,1.080153465270996,0.03691715747117996,0.19799456737466156,0.929284405835055,5,60,,At length they came to a sharp bend.,"At length, we pinged to if sharp then"
00552_0014_sad_0014_001315,0014,sad,happy,neutral,happy,surprise,happy,happy,happy,True,True,True,True,True,0.2,0.8652745485305786,True,0.008000001311302185,0.8632984161376953,12.232993185752168,1.796934962272644,0.10491245239973068,0.5279385447502136,0.0456056073307991,0.11019229390330612,0.9416158878298831,2,60,,I've just shot a stag.,I've just shot a stout.
00553_0014_sad_0014_001089,0014,sad,happy,neutral,happy,happy,happy,happy,happy,True,True,True,True,True,0.4,0.9885284900665283,True,0.008000001311302185,0.6185645461082458,18.76625863359141,0.9832732081413269,0.02109350822865963,0.45427170395851135,0.02192564681172371,0.02563644452471286,0.978547662995382,0,60,,Our thanks to God's oath.,With our thanks to God's oath.
00554_0014_sad_0014_001051,0014,sad,happy,neutral,neutral,happy,happy,happy,happy,True,True,True,True,True,0.5,0.938891589641571,True,0.008000001311302185,0.8075481057167053,20.005890355498455,1.3111538887023926,0.032280243933200836,1.453804850578308,0.03165903314948082,0.04681860902931541,0.9753802782332839,4,60,,The nine the eggs I keep.,The nine like the eggs I keep having.
00555_0014_sad_0014_001262,0014,sad,happy,neutral,neutral,neutral,happy,happy,happy,True,True,True,True,True,1.0,0.1589759886264801,False,0.008000001311302185,1.0745935440063477,8.37295877155825,2.8546066284179688,0.01937725394964218,1.6686922311782837,0.048217516392469406,0.03606465843658895,0.9932119354881548,6,60,,"No, thank you.",I know makes you.
00556_0014_sad_0014_001278,0014,sad,happy,angry,sad,surprise,happy,happy,happy,True,True,True,True,True,1.0,0.3974866271018982,False,0.008000001311302185,1.0437533855438232,13.100115311423721,2.9802470207214355,0.022422466427087784,3.405193328857422,0.0403120294213295,0.05647480283595622,0.9924763060675219,3,60,,"It says, ""No way!"" shouted Daisy.",No way.
00557_0014_sad_0014_001167,0014,sad,happy,sad,happy,happy,happy,happy,happy,True,True,True,True,True,1.2,0.4087812900543213,False,0.008000001311302185,0.7959010004997253,12.507066451804711,1.2294800281524658,0.022344212979078293,3.4672040939331055,0.04265643283724785,0.057016680482737725,0.9818262904094059,8,60,,They were children of mine.,"""Mario's favorite children are Toad and Toadette."""
00558_0014_sad_0014_001227,0014,sad,happy,sad,sad,neutral,happy,happy,happy,True,True,True,True,True,0.8333333333333334,0.3783116042613983,False,0.008000001311302185,0.8340896964073181,13.563846964113559,2.8756444454193115,0.012209518812596798,1.9598791599273682,0.033398449420928955,0.03180864439636469,0.9957541625731771,4,60,,Tom fell with a cloven head.,Tom Felton as
00559_0014_sad_0014_001400,0014,sad,happy,neutral,neutral,neutral,happy,happy,happy,True,True,True,True,True,0.0,1.0000001192092896,True,0.008000001311302185,0.7824779152870178,16.44287624028444,3.8609485626220703,0.014435969293117523,0.2821544408798218,0.035697489976882935,0.01725787067681551,0.9962610304025098,7,60,,Do you have anything in mind?,Do you have anything in mind?
00560_0014_sad_0014_001234,0014,sad,happy,neutral,neutral,neutral,happy,happy,happy,True,True,True,True,True,0.0,1.0000001192092896,True,0.008000001311302185,1.0669361352920532,11.785066848332942,1.8278497457504272,0.01457151584327221,0.2313803881406784,0.04151926562190056,0.01688573491733521,0.9920280559837319,4,60,,"We have been fine, haven't we?","We have been fine, haven't we?"
00561_0014_sad_0014_001192,0014,sad,happy,neutral,neutral,happy,happy,happy,happy,True,True,True,True,True,0.0,1.0,True,0.008000001311302185,0.536026120185852,21.85015479789724,1.074876308441162,0.012762832455337048,0.1829606294631958,0.024334069341421127,0.014592682090662421,0.988126231497421,2,60,,Wake now my merry tads.,Wake now my merry tads.
00562_0014_sad_0014_001214,0014,sad,happy,angry,sad,angry,happy,happy,happy,True,True,True,True,True,2.4285714285714284,0.1559872329235077,False,0.008000001311302185,1.0332845449447632,10.46836966701326,3.8436527252197266,0.03507480025291443,3.51432466506958,0.03360017389059067,0.07021838290534912,0.9908746177762692,4,60,,His large mouth curled into a sneer.,"Whether their fleas are large or not, let their curl, their beauty to see, and like their all."
00563_0014_sad_0014_001114,0014,sad,happy,neutral,neutral,neutral,happy,happy,happy,True,True,True,True,True,1.25,0.31688839197158813,False,0.008000001311302185,0.9107153415679932,13.143905805678248,3.7364108562469482,0.0849529355764389,1.7931472063064575,0.03856518492102623,0.10288479329135268,0.9772634919325306,4,60,,And we're so thirsty.,And we're so for the U.S. and Mexico.
00564_0014_sad_0014_001057,0014,sad,happy,neutral,neutral,neutral,happy,happy,happy,True,True,True,True,True,0.2857142857142857,0.8262573480606079,True,0.008000016212463379,0.7541259527206421,24.05083265955943,3.0707859992980957,0.05060406029224396,0.6160473227500916,0.03205668553709984,0.056764854086600244,0.98352081183651,10,60,,I'm as bad as I can be.,"I'm as bad as I can, Lees."
00565_0014_sad_0014_001161,0014,sad,happy,neutral,happy,happy,happy,happy,happy,True,True,True,True,True,0.16666666666666666,0.9884827136993408,True,0.008000001311302185,0.644943118095398,19.23147064816864,0.7671335935592651,0.022061822935938835,0.6703279614448547,0.02053077332675457,0.02876530785812065,0.971241224317164,0,60,,We nightly dance our heyday guys.,We nightly dance our hey-day guys.
00566_0014_sad_0014_001388,0014,sad,happy,neutral,neutral,neutral,happy,happy,happy,True,True,True,True,True,1.3333333333333333,0.59258633852005,False,0.008000001311302185,0.8036291599273682,15.46513191488394,4.067342758178711,0.07678592205047607,1.4925074577331543,0.030686404556035995,0.09171130349185318,0.9811213545020092,10,60,,Paul's teeth ached because of lemon.,When the pulse's teeth pinked because of lemon and on the
00567_0014_sad_0014_001082,0014,sad,happy,neutral,neutral,neutral,happy,happy,happy,True,True,True,True,True,0.8888888888888888,0.4334515333175659,False,0.008000001311302185,0.8668953776359558,19.907016769776007,2.624575614929199,0.0424162819981575,1.3570621013641357,0.02554616704583168,0.055987158473469315,0.9838388035928994,12,60,,Who's been repeating all that hard stuff to you?,"So with Lewis been repeating all that hard stuff, gee, we just wanna"
00568_0014_sad_0014_001375,0014,sad,happy,neutral,neutral,neutral,happy,happy,happy,True,True,True,True,True,0.0,1.0,True,0.008000001311302185,0.8127235770225525,17.84739282217187,2.5835795402526855,0.02862405776977539,0.19969838857650757,0.040705665946006775,0.030621448712199927,0.9889207754885008,10,60,,She has no place for hot pepper.,She has no place for hot pepper.
00569_0014_sad_0014_001085,0014,sad,happy,neutral,neutral,neutral,neutral,happy,happy,False,False,True,True,False,0.42857142857142855,0.7439190149307251,False,0.008000001311302185,0.7592313289642334,21.18340992029897,2.2099623680114746,0.2352304458618164,0.8688905835151672,0.031467292457818985,0.24391966636989265,0.8935590717440691,5,60,,The name really is the Adjaged Men.,The named really is the adaged man.
00570_0014_sad_0014_001392,0014,sad,happy,neutral,neutral,neutral,happy,happy,happy,True,True,True,True,True,0.8333333333333334,0.3156496286392212,False,0.008000001311302185,0.8519247174263,13.207436763849799,3.9620323181152344,0.010862636379897594,2.1610567569732666,0.040037792176008224,0.03247360432755202,0.9972583170686843,10,60,,Why should I purchase my own?,Why should I croak is my own happy croak.
00571_0014_sad_0014_001078,0014,sad,happy,neutral,neutral,neutral,happy,happy,happy,True,True,True,True,True,0.18181818181818182,0.9693862199783325,True,0.008000001311302185,0.7451068162918091,19.847472567518636,2.038459539413452,0.03386498987674713,0.6843158602714539,0.026063095778226852,0.04070840911041945,0.9833869698063806,4,60,,She had said so that one could keep up a conversation.,She had saids till that one could keep up a conversation.
00572_0014_sad_0014_001268,0014,sad,happy,neutral,neutral,neutral,happy,happy,happy,True,True,True,True,True,0.42857142857142855,0.8264676928520203,True,0.008000001311302185,0.7747198343276978,15.83926061528346,1.554000735282898,0.01888139918446541,0.8164153695106506,0.02463974617421627,0.02704579927703366,0.9878498132235258,2,60,,I'll send for Tom to my boudoir.,"I'll send for Tom, can my brother?"
00573_0014_sad_0014_001113,0014,sad,happy,neutral,neutral,neutral,happy,happy,happy,True,True,True,True,True,0.0,0.9999999403953552,True,0.008000001311302185,0.850337564945221,17.1097345524516,2.416048526763916,0.11402371525764465,0.32980161905288696,0.02949443832039833,0.11732202639255673,0.9528057015434332,5,60,,Asteroid 325.,Asteroid 325.
00574_0014_sad_0014_001273,0014,sad,happy,neutral,neutral,neutral,happy,happy,happy,True,True,True,True,True,2.0,0.29133835434913635,False,0.008000001311302185,1.221238613128662,0.6857876528507241,1.5956096649169922,0.02781716361641884,2.3734047412872314,0.04225999116897583,0.05155163362920284,0.9825664357467614,2,60,,"Pick, pick, pick.",Hey Ben. Hey Ben. Hey Ben.
00575_0014_surprise_0014_001525,0014,surprise,happy,neutral,neutral,surprise,happy,happy,happy,True,True,True,True,True,0.5,0.4925067722797394,False,0.008000001311302185,0.4811457395553589,27.95305296232221,1.8642796277999878,0.01845283806324005,0.5273146629333496,0.016483251005411148,0.0237261495250836,0.9901018936279339,1,60,,To catch that bulrush root with my paw?,To catch that bull rush route with my pal.
00576_0014_surprise_0014_001685,0014,surprise,happy,neutral,neutral,surprise,happy,happy,happy,True,True,True,True,True,0.5,0.763257622718811,False,0.008000001311302185,0.8066806197166443,18.410648452618634,1.5572326183319092,0.013577893376350403,1.1371557712554932,0.03643975406885147,0.024949815486446023,0.9912807545793031,5,60,,"The straw, charcoal and the pea?","With straw, charcoal, and the pea."
00577_0014_surprise_0014_001500,0014,surprise,happy,neutral,neutral,neutral,happy,happy,happy,True,True,True,True,True,0.42857142857142855,0.9255716800689697,True,0.008000001311302185,0.7134251594543457,27.28222649336503,3.752984046936035,0.038420647382736206,0.5968165993690491,0.026312967762351036,0.04438907650610432,0.9897626403677087,5,60,,"Well, anyhow, it didn't rain, he said.","Well, anyhow, it didn't rain."
00578_0014_surprise_0014_001546,0014,surprise,happy,neutral,neutral,surprise,happy,happy,happy,True,True,True,True,True,0.3333333333333333,0.9794564247131348,True,0.008000001311302185,0.6136764883995056,25.699179650166812,2.3377327919006348,0.15440577268600464,0.7305508852005005,0.025084828957915306,0.16171153238629923,0.933950632330195,6,60,,He said to Jack the Chatterer.,"He said to Jack, the chatterer,"
00579_0014_surprise_0014_001481,0014,surprise,happy,neutral,neutral,neutral,happy,happy,happy,True,True,True,True,True,0.375,0.5430222749710083,False,0.008000001311302185,0.7612844109535217,25.167577059437015,3.071491241455078,0.036293648183345795,0.45841312408447266,0.02609105221927166,0.04087804033471271,0.9881837044841606,8,60,,And I never had a whooping cough. Why?,Yum. And I never had a whooping cup.
00580_0014_surprise_0014_001569,0014,surprise,happy,neutral,neutral,neutral,happy,happy,happy,True,True,True,True,True,1.4,0.6847167015075684,False,0.008000001311302185,0.6611606478691101,24.434248968516506,3.5686469078063965,0.04733031615614891,1.7805566787719727,0.02599574252963066,0.06513614290129394,0.9867371815203645,7,60,,Sam waved his arm vaguely.,That Sam waved to his arms big like a lorry.
00581_0014_surprise_0014_001615,0014,surprise,happy,neutral,neutral,happy,happy,happy,happy,True,True,True,True,True,0.2,0.867932915687561,True,0.008000001311302185,0.6518016457557678,23.772334003119333,1.7280569076538086,0.012711456045508385,0.45729494094848633,0.02566424570977688,0.017284662097450346,0.9926440755572299,6,60,,He likes dragons very much.,It likes dragons very much.
00582_0014_surprise_0014_001581,0014,surprise,happy,neutral,happy,happy,happy,happy,happy,True,True,True,True,True,0.0,1.0000001192092896,True,0.008000001311302185,0.6380637288093567,24.19198729002124,1.150754690170288,0.04035235941410065,0.09196272492408752,0.02912268042564392,0.04127227789014578,0.9649340039551528,2,60,,"First, issue a reward.","First, issue a reward."
00583_0014_surprise_0014_001498,0014,surprise,happy,neutral,neutral,neutral,happy,happy,happy,True,True,True,True,True,0.6666666666666666,0.32408392429351807,False,0.008000001311302185,0.7184500694274902,21.657672996820416,2.61605167388916,0.07796935737133026,1.1860029697418213,0.03310078755021095,0.08982971807662397,0.9701957885046602,9,60,,Said the witch.,Say the wish.
00584_0014_surprise_0014_001566,0014,surprise,happy,neutral,neutral,surprise,happy,happy,happy,True,True,True,True,True,0.5714285714285714,0.7032580375671387,False,0.008000001311302185,0.7802683711051941,22.397155759093145,3.525575637817383,0.033551838248968124,1.5557833909988403,0.04059034585952759,0.04911007806241512,0.990483302105599,18,60,,They eat beef at the butcher shop?,Say it's beef at the butcher's show.
00585_0014_surprise_0014_001464,0014,surprise,happy,neutral,neutral,neutral,happy,happy,happy,True,True,True,True,True,0.5,0.3777569532394409,False,0.008000001311302185,0.6974051594734192,22.347170846177104,3.990746259689331,0.023713931441307068,0.7249475121498108,0.028962895274162292,0.030963696191757917,0.9940577701767606,12,60,,And we're so thirsty.,"And we're so first, please."
00586_0014_surprise_0014_001664,0014,surprise,happy,neutral,neutral,happy,happy,happy,happy,True,True,True,True,True,0.3333333333333333,0.8511818051338196,True,0.008000001311302185,0.5988171100616455,27.342294887913162,2.541501045227051,0.01830807328224182,0.5010885000228882,0.019927140325307846,0.023319157553873957,0.9927963542188486,6,60,,Slam the doors and wedge them.,Slam the doors and wrench them!
00587_0014_surprise_0014_001405,0014,surprise,happy,neutral,neutral,neutral,happy,happy,happy,True,True,True,True,True,0.25,0.8747872710227966,True,0.008000001311302185,0.5698216557502747,26.547492756528133,2.0499954223632812,0.07579779624938965,0.6288815140724182,0.025470640510320663,0.08208686609651894,0.9630253826801193,6,60,,Clear than clear water.,Clear then clear water.
00588_0014_surprise_0014_001562,0014,surprise,happy,neutral,neutral,neutral,happy,happy,happy,True,True,True,True,True,0.4,0.8990585803985596,True,0.008000001311302185,0.7139250636100769,24.247005660268712,2.844369649887085,0.014811743050813675,0.48453423380851746,0.026600776240229607,0.01965735139666125,0.9947926096555694,8,60,,I lent George three pounds.,I'll lend George three pounds.
00589_0014_surprise_0014_001726,0014,surprise,happy,neutral,neutral,neutral,happy,happy,happy,True,True,True,True,True,0.0,1.0,True,0.008000001311302185,0.6861044764518738,21.330538218079077,2.6763691902160645,0.040637947618961334,0.19867043197155,0.03976114094257355,0.04262504955008626,0.9848160157546573,4,60,,They're made of wood.,They're made of wood.
00590_0014_surprise_0014_001537,0014,surprise,happy,neutral,neutral,neutral,happy,happy,happy,True,True,True,True,True,0.2,0.7167396545410156,False,0.008000001311302185,0.6521426439285278,21.983630520111824,1.931323766708374,0.019517574459314346,0.4568374454975128,0.02886885777115822,0.024086237602867187,0.9898941985824682,2,60,,Let the glass globe be.,Let the glass glow be.
00591_0014_surprise_0014_001738,0014,surprise,happy,surprise,neutral,surprise,happy,happy,happy,True,True,True,True,True,0.8333333333333334,0.4413198232650757,False,0.008000001311302185,0.8203011751174927,17.456502925003047,3.307927131652832,0.09376262128353119,3.01788067817688,0.03794487565755844,0.12394180751405656,0.9716551732998175,7,60,,Paul's teeth ached because of lemon.,Pulsy egg and because of lemon and
00592_0014_surprise_0014_001583,0014,surprise,happy,neutral,neutral,neutral,happy,happy,happy,True,True,True,True,True,0.6,0.6034302711486816,False,0.008000001311302185,0.7135709524154663,20.733842035376618,3.3029985427856445,0.02485853061079979,1.0966553688049316,0.026132112368941307,0.0358253456199728,0.9924739504759712,6,60,,Fresh pain sees Paul's body,Fresh pain sees posed body and happy
00593_0014_surprise_0014_001734,0014,surprise,happy,surprise,happy,happy,happy,happy,happy,True,True,True,True,True,0.6,0.8777949810028076,True,0.008000001311302185,0.6573916077613831,25.764313765453174,0.8409440517425537,0.0177006833255291,0.4756907522678375,0.018460117280483246,0.022457775449380282,0.9789514138439402,0,60,,"Another one, ten thousand dollars.","Another one, $10,000."
00594_0014_surprise_0014_001553,0014,surprise,happy,neutral,neutral,happy,happy,happy,happy,True,True,True,True,True,0.6666666666666666,0.7014843225479126,False,0.008000001311302185,0.6040545701980591,29.251056397940744,1.81595778465271,0.016107656061649323,0.938123345375061,0.031510502099990845,0.02548920462042093,0.991129939144081,11,60,,But we are not high yet.,But we're not here.
00595_0014_surprise_0014_001737,0014,surprise,happy,neutral,neutral,happy,happy,happy,happy,True,True,True,True,True,0.16666666666666666,0.9545108079910278,True,0.008000001311302185,0.7968729138374329,24.451871450485694,3.2445266246795654,0.0654364675283432,0.7831094264984131,0.044151149690151215,0.07326800330482423,0.9798317366143341,18,60,,"But mom, I'm not certain about.","With mom, I'm not certain about."
00596_0014_surprise_0014_001655,0014,surprise,happy,neutral,neutral,surprise,happy,happy,happy,True,True,True,True,True,0.0,1.0,True,0.008000001311302185,0.7940515875816345,23.627575311676352,3.4461333751678467,0.24374817311763763,0.08838988840579987,0.02678246796131134,0.24463233982637522,0.9292690831776742,14,60,,"This was the 25th of November, 1783.","This was the 25th of November, 1783."
00597_0014_surprise_0014_001497,0014,surprise,happy,neutral,neutral,neutral,happy,happy,happy,True,True,True,True,True,1.6,0.3497493863105774,False,0.008000001311302185,0.6841239929199219,27.517638800245496,3.2294633388519287,0.032811734825372696,1.6032731533050537,0.021019568666815758,0.0488446765541099,0.989839880072137,8,60,,I can't confess to that.,"I confess, take you up in the 13th, Dora."
00598_0014_surprise_0014_001503,0014,surprise,happy,neutral,neutral,neutral,happy,happy,happy,True,True,True,True,True,0.375,0.9869478940963745,True,0.008000001311302185,0.6784679889678955,25.747447551001752,2.907132625579834,0.014342869631946087,0.37967777252197266,0.02609640173614025,0.018139908321183174,0.9950663174064563,11,60,,The elephant in the carpenter is the longest.,Elephant in the Carpenter is the longest.
00599_0014_surprise_0014_001714,0014,surprise,happy,neutral,neutral,neutral,happy,happy,happy,True,True,True,True,True,0.3333333333333333,0.5358110666275024,False,0.008000001311302185,0.747083306312561,15.880351348720005,2.235379219055176,0.015290867537260056,2.2313554286956787,0.03943099081516266,0.037604816134124995,0.9931596091585199,4,60,,Bob goes to a new school?,Love goes to a new school.
00100_0015_angry_0015_000579,0015,angry,happy,neutral,neutral,neutral,happy,happy,happy,True,True,True,True,True,0.5,0.32292884588241577,False,0.008000001311302185,0.7561896443367004,19.93369865368171,2.464705467224121,0.018384672701358795,1.121983528137207,0.027942966669797897,0.02960478741239756,0.9925408236619588,4,60,,The first year they sowed rye.,The first here they soar ride.
00101_0015_angry_0015_000492,0015,angry,happy,neutral,happy,happy,happy,happy,happy,True,True,True,True,True,0.0,1.0,True,0.008000001311302185,0.35348203778266907,28.17974284974013,0.7457708120346069,0.020271264016628265,0.2149619609117508,0.013424636796116829,0.022421017872113733,0.972818373031623,0,60,,Wake now my merry tads.,Wake now my merry tads.
00102_0015_angry_0015_000650,0015,angry,happy,neutral,neutral,neutral,happy,happy,happy,True,True,True,True,True,0.5,0.8765265345573425,True,0.008000001311302185,0.67535001039505,22.930804148948667,3.046363353729248,0.02336084470152855,0.8524186015129089,0.02513721212744713,0.03188528208877891,0.9923315632480508,12,60,,Six was halfway down the room.,Sixth was half way down the room.
00103_0015_angry_0015_000633,0015,angry,happy,neutral,neutral,neutral,happy,happy,happy,True,True,True,True,True,0.2857142857142857,0.9737935662269592,True,0.008000001311302185,0.728874146938324,21.9703637407458,2.8982532024383545,0.009838903322815895,0.5560762286186218,0.02449176274240017,0.015399910526629536,0.9966052298969124,11,60,,They had been named Tom and Jerry.,They had been named Tom and Jerry with
00104_0015_angry_0015_000460,0015,angry,happy,neutral,neutral,neutral,neutral,happy,happy,False,False,True,True,False,0.8,0.6932265162467957,False,0.008000001311302185,0.7638461589813232,17.62430773511851,1.9398926496505737,0.3515607714653015,2.2419488430023193,0.032254356890916824,0.3739805824388936,0.8187730792584698,13,60,,Act drop second act scene.,"Act 1, Scene 2"
00105_0015_angry_0015_000450,0015,angry,happy,neutral,neutral,neutral,happy,happy,happy,True,True,True,True,True,0.42857142857142855,0.9255716800689697,True,0.008000001311302185,0.8084278106689453,20.935574503018287,3.9286136627197266,0.03848905861377716,0.9738919734954834,0.030292153358459473,0.04822828127026558,0.9902028904040588,8,60,,"Well, anyhow, it didn't rain, he said.","Well, anyhow, it didn't rain."
00106_0015_angry_0015_000435,0015,angry,happy,neutral,happy,neutral,happy,happy,happy,True,True,True,True,True,0.0,1.0,True,0.008000001311302185,0.5993486046791077,26.056724787198963,1.33989417552948,0.06454720348119736,0.3280099928379059,0.01878819242119789,0.06782749129150063,0.9518266407451987,4,60,,Suppose I take grandmother a fresh vegetable.,Suppose I take grandmother a fresh vegetable.
00107_0015_angry_0015_000378,0015,angry,happy,neutral,happy,happy,happy,happy,happy,True,True,True,True,True,0.6363636363636364,0.9052168130874634,True,0.008000001311302185,0.5812529921531677,30.901061349720692,1.134628415107727,0.03974699601531029,0.8666462898254395,0.01463546883314848,0.048413605268253015,0.9649691515864808,12,60,,She had said so that one could keep up a conversation.,"She said, ""So I got one who can keep up a conversation."""
00108_0015_angry_0015_000372,0015,angry,happy,neutral,neutral,happy,happy,happy,happy,True,True,True,True,True,0.125,0.9805426597595215,True,0.008000001311302185,0.6322231888771057,20.05939619769736,1.2653592824935913,0.018361173570156097,0.34697583317756653,0.019563864916563034,0.02183112754058093,0.9854893595643662,4,60,,"And what are doves, and what are doves?","And what are doves, and what are doves."
00109_0015_angry_0015_000599,0015,angry,happy,neutral,neutral,happy,happy,happy,happy,True,True,True,True,True,0.16666666666666666,0.9420971274375916,True,0.008000001311302185,0.5529658198356628,26.19012728748995,1.6247060298919678,0.04238056391477585,0.7240308523178101,0.02408384531736374,0.04962111327640712,0.9739149340649681,7,60,,You may imagine how I gape.,You may imagine how I gaped.
00110_0015_angry_0015_000375,0015,angry,happy,neutral,neutral,neutral,happy,happy,happy,True,True,True,True,True,0.42857142857142855,0.8932608366012573,True,0.008000001311302185,0.623523473739624,22.92826711883564,3.1755733489990234,0.03135940432548523,1.5723322629928589,0.018703920766711235,0.04708291399462149,0.9901248055456284,3,60,,She is now choosing skirt to wear.,She is now she was in skirt to wear.
00111_0015_angry_0015_000638,0015,angry,happy,neutral,sad,neutral,happy,happy,happy,True,True,True,True,True,0.8333333333333334,0.1290244460105896,False,0.008000001311302185,0.6387998461723328,23.1778111384062,1.6790155172348022,0.03336247429251671,3.410715103149414,0.023777274414896965,0.067469863096755,0.980129740344829,10,60,,She has felt shy of it.,She jumps on the snowballs.
00112_0015_angry_0015_000401,0015,angry,happy,neutral,neutral,happy,happy,happy,happy,True,True,True,True,True,1.0,0.23628678917884827,False,0.008000001311302185,0.5274715423583984,23.580700145789343,1.3610529899597168,0.02910417877137661,1.6944408416748047,0.02279777079820633,0.04604881516583264,0.9786164249400473,6,60,,Said the American to Chinese.,"""Woo!"""
00113_0015_angry_0015_000428,0015,angry,happy,neutral,neutral,neutral,happy,happy,happy,True,True,True,True,True,0.0,1.0000001192092896,True,0.008000001311302185,0.7489359378814697,20.590847466363282,2.592400312423706,0.02685808762907982,0.15322589874267578,0.03423742949962616,0.02839068899080157,0.9896396835394725,4,60,,The art is quite safe with me.,The art is quite safe with me.
00114_0015_angry_0015_000389,0015,angry,happy,neutral,happy,happy,happy,happy,happy,True,True,True,True,True,0.0,1.0000001192092896,True,0.008000001311302185,0.47856587171554565,21.619700884047877,1.2767608165740967,0.03484392911195755,0.8019681572914124,0.025078481063246727,0.0428638614696823,0.9727091177457549,4,60,,Our thanks to God's oath.,Our thanks to God's oath.
00115_0015_angry_0015_000686,0015,angry,happy,neutral,neutral,surprise,happy,happy,happy,True,True,True,True,True,0.6,0.8074601292610168,True,0.008000001311302185,0.6071481704711914,21.685096620231942,1.5896037817001343,0.020083272829651833,1.7090622186660767,0.028500068932771683,0.03717418001700193,0.9873658624489606,4,60,,Over them swooped the eagles.,Over then sweep the Eagles.
00116_0015_angry_0015_000601,0015,angry,happy,neutral,happy,happy,happy,happy,happy,True,True,True,True,True,0.0,1.0,True,0.008000001311302185,0.5387352108955383,21.909528507127046,0.7481727600097656,0.012954214587807655,0.15881721675395966,0.016688887029886246,0.014542553644217552,0.9826855302943153,0,60,,The ladybug told them proudly.,The ladybug told them proudly.
00117_0015_angry_0015_000415,0015,angry,happy,happy,happy,happy,happy,happy,happy,True,True,True,True,True,0.0,1.0,True,0.00800000037997961,0.27262163162231445,34.98777079728443,0.1987474411725998,0.038465965539216995,0.3216998875141144,0.004869155585765839,0.041683013105914,0.8064580589703708,0,60,,Tom could hardly speak for laughing.,Tom could hardly speak for laughing.
00118_0015_angry_0015_000474,0015,angry,happy,neutral,neutral,neutral,neutral,happy,happy,False,False,True,True,False,0.1111111111111111,0.8400503396987915,True,0.008000001311302185,0.7499962449073792,20.440659971577606,2.686453342437744,0.14242731034755707,0.5864055752754211,0.03395172953605652,0.14829170561760663,0.9469831438731352,9,60,,"You know, answers to the name of Tom's son.","You know, Astros to the name of Tom's son."
00119_0015_angry_0015_000465,0015,angry,happy,neutral,happy,happy,happy,happy,happy,True,True,True,True,True,0.16666666666666666,0.9844290018081665,True,0.008000001311302185,0.6356282234191895,22.346375953959235,2.1929430961608887,0.010544653050601482,0.303398072719574,0.03660424053668976,0.01357899982020259,0.995191551906175,12,60,,He might call it for example.,"He might call it, for example."
00120_0015_angry_0015_000371,0015,angry,happy,neutral,neutral,surprise,happy,happy,happy,True,True,True,True,True,0.2,0.9497708082199097,True,0.008000001311302185,0.6611493229866028,20.38681227505746,1.8209505081176758,0.03345984220504761,0.4553597867488861,0.02657191827893257,0.03801370579171926,0.9816250677567095,8,60,,As rich as Peter's son-in-law.,As we rich as Peter's son-in-law.
00121_0015_angry_0015_000472,0015,angry,happy,neutral,neutral,neutral,happy,happy,happy,True,True,True,True,True,0.0,1.0,True,0.008000001311302185,0.7619394659996033,22.816653972286357,3.741199016571045,0.00961404386907816,0.0321577750146389,0.03275616466999054,0.009935949180871248,0.9974302238863813,7,60,,Am I an absolute popper?,Am I an absolute popper?
00122_0015_angry_0015_000421,0015,angry,happy,neutral,neutral,surprise,happy,happy,happy,True,True,True,True,True,0.0,0.9999999403953552,True,0.008000001311302185,0.7681052088737488,22.986237349142165,3.508885145187378,0.15097028017044067,0.1145031750202179,0.025892555713653564,0.15211557084619998,0.9569748584169235,15,60,,She was born on April 1943.,She was born on April 1943.
00123_0015_angry_0015_000641,0015,angry,happy,neutral,happy,happy,happy,happy,happy,True,True,True,True,True,0.0,1.0,True,0.008000001311302185,0.6658439636230469,21.06489978414187,1.1498194932937622,0.08397018909454346,0.2826761305332184,0.032094910740852356,0.08679727134898305,0.9269709814590086,9,60,,The end of February 14th.,The end of February 14th.
00124_0015_angry_0015_000480,0015,angry,happy,neutral,happy,surprise,happy,happy,happy,True,True,True,True,True,0.0,1.0,True,0.008000001311302185,0.6214975714683533,24.327505651236834,2.0759310722351074,0.0686679482460022,0.48361343145370483,0.026090305298566818,0.07350434346359223,0.9669218553715905,10,60,,And would spoil my joke.,And would spoil my joke.
00125_0015_neutral_0015_000106,0015,neutral,happy,neutral,neutral,happy,neutral,happy,happy,False,False,True,True,False,0.16666666666666666,0.9804786443710327,True,0.008000001311302185,0.6912029981613159,15.692003738041336,1.963313341140747,0.4686712622642517,0.36720383167266846,0.02898278459906578,0.4723435904088244,0.7612855510919418,6,60,,I guess it's a choice feast.,I'd guess it's a choice feast.
00126_0015_neutral_0015_000315,0015,neutral,happy,neutral,neutral,neutral,happy,happy,happy,True,True,True,True,True,1.0,0.2934999167919159,False,0.008000001311302185,0.7689635753631592,17.854484239387496,1.9794683456420898,0.3922235667705536,0.5687334537506104,0.020662765949964523,0.39791110793571915,0.8018540848940294,5,60,,It's to say how do you do with Tom's answer.,"""Good, I'm good."""
00127_0015_neutral_0015_000136,0015,neutral,happy,neutral,happy,happy,happy,happy,happy,True,True,True,True,True,0.375,0.798961341381073,False,0.008000001311302185,0.5553766489028931,21.747374680282817,1.7294448614120483,0.026785511523485184,0.23705650866031647,0.016458410769701004,0.029156241194196044,0.9845120754519947,2,60,,"She has eaten the tapioca, all of it.","She has eaten the tapioca, all of it is happy."
00128_0015_neutral_0015_000283,0015,neutral,happy,neutral,neutral,happy,happy,happy,happy,True,True,True,True,True,0.5714285714285714,0.5046951174736023,False,0.008000001311302185,0.7186070680618286,18.556262051253178,2.603663206100464,0.033119842410087585,2.2805752754211426,0.02712741121649742,0.05592586643841118,0.9872795212789094,8,60,,They had been named Tom and Jerry.,Bae has named Tom and Berries.
00129_0015_neutral_0015_000221,0015,neutral,happy,sad,sad,neutral,happy,happy,happy,True,True,True,True,True,1.0,0.16337120532989502,False,0.008000001311302185,0.7798401713371277,14.264365350252488,4.058960437774658,0.029245948418974876,2.5497612953186035,0.03406119346618652,0.05474390198409557,0.9927947195181314,5,60,,I am a selfish sinner.,"Hello, my name is"
00130_0015_neutral_0015_000285,0015,neutral,happy,neutral,happy,happy,neutral,happy,happy,False,False,True,True,False,0.16666666666666666,0.9184716939926147,True,0.008000001311302185,0.7069478034973145,19.78586326305031,1.4267113208770752,0.2757119834423065,0.9042235612869263,0.03678746521472931,0.2847545869298279,0.8067499855031558,10,60,,"The straw, charcoal and the pea.","For straw, charcoal and the pea."
00131_0015_neutral_0015_000143,0015,neutral,happy,neutral,neutral,happy,happy,happy,happy,True,True,True,True,True,0.0,1.0,True,0.008000001311302185,0.5985807180404663,20.47628684388024,1.413999319076538,0.009518318809568882,0.06068158894777298,0.02394149824976921,0.010125374114029109,0.9932685124517704,1,60,,Pussy can sit by the fire and sing.,Pussy can sit by the fire and sing.
00132_0015_neutral_0015_000274,0015,neutral,happy,neutral,neutral,neutral,happy,happy,happy,True,True,True,True,True,0.1,0.9167991876602173,True,0.008000001311302185,0.9737799167633057,15.555550203793555,3.3942742347717285,0.02768242359161377,0.8499355912208557,0.027087276801466942,0.03618205037659034,0.9918443762416046,6,60,,Because he was a man with infinite resource and sagacity.,Because he was a man with infinite resource and swagger.
00133_0015_neutral_0015_000124,0015,neutral,happy,neutral,neutral,neutral,happy,happy,happy,True,True,True,True,True,3.5,0.24274052679538727,False,0.008000001311302185,0.8768629431724548,13.993232931992141,1.8777670860290527,0.0756763219833374,0.30711352825164795,0.02948649786412716,0.07874775213083253,0.9596987706588406,3,60,,You know,You know answers to the name of Tom's son.
00134_0015_neutral_0015_000134,0015,neutral,happy,neutral,neutral,happy,happy,happy,happy,True,True,True,True,True,0.0,1.0,True,0.008000001311302185,0.7329728007316589,20.052106735830016,1.4088449478149414,0.12433314323425293,0.07448458671569824,0.03406374901533127,0.12507832973890007,0.9117481711333186,3,60,,Rare Rabbit had a little apron.,Rare Rabbit had a little apron.
00135_0015_neutral_0015_000086,0015,neutral,happy,neutral,neutral,neutral,happy,happy,happy,True,True,True,True,True,0.0,0.9999999403953552,True,0.008000001311302185,0.7611286044120789,15.417387000884561,2.130286693572998,0.027751628309488297,0.35306593775749207,0.03862210735678673,0.031282673908136785,0.9869728199527256,14,60,,And tick attack too.,And tick attack too.
00136_0015_neutral_0015_000078,0015,neutral,happy,neutral,neutral,neutral,happy,happy,happy,True,True,True,True,True,0.3333333333333333,0.6096816062927246,False,0.008000001311302185,0.9156520962715149,14.189335422580129,1.2573024034500122,0.05100202560424805,1.485229730606079,0.05476227030158043,0.06585487053301185,0.9594353550392495,12,60,,The art quite safe with me.,The arch quips safe with me.
00137_0015_neutral_0015_000035,0015,neutral,happy,neutral,neutral,neutral,happy,happy,happy,True,True,True,True,True,0.25,0.8298757076263428,True,0.008000001311302185,0.7809798121452332,17.38124108364214,2.75068736076355,0.03326757252216339,0.8439128994941711,0.03516663238406181,0.04170705318342894,0.9879057238577165,7,60,,The name really is the aged aged man.,The name really is the aged aged man happy.
00138_0015_neutral_0015_000052,0015,neutral,happy,sad,sad,happy,neutral,happy,happy,False,False,True,True,False,0.0,1.0,True,0.008000001311302185,0.6735140085220337,17.445892430946373,1.3158442974090576,0.6276497840881348,0.10917985439300537,0.029109327122569084,0.6287418737253361,0.5230060385381472,13,60,,From August 18th of their divorce.,From August 18th of their divorce.
00139_0015_neutral_0015_000269,0015,neutral,happy,neutral,neutral,neutral,happy,happy,happy,True,True,True,True,True,1.0,0.07085852324962616,False,0.008000001311302185,0.72149258852005,17.390201532262235,4.825830459594727,0.02440127544105053,2.449821710586548,0.043302666395902634,0.048899925573579965,0.99494361112655,9,60,,I'm an AI and I don't have a map.,But show me now you're met.
00140_0015_neutral_0015_000020,0015,neutral,happy,neutral,neutral,happy,happy,happy,happy,True,True,True,True,True,0.2222222222222222,0.7760910391807556,False,0.008000001311302185,0.7493871450424194,19.08725173630134,1.5940040349960327,0.017332352697849274,0.8058010339736938,0.02545241080224514,0.025390617561694234,0.9891265314783896,4,60,,At the roots of a bush of a grass.,"At the roots of a bush up, a grasshopper."
00141_0015_neutral_0015_000340,0015,neutral,happy,neutral,neutral,happy,happy,happy,happy,True,True,True,True,True,0.1111111111111111,0.8573104739189148,True,0.008000001311302185,0.6657058000564575,21.95587146189947,1.4890763759613037,0.05587431415915489,0.5625948905944824,0.024513525888323784,0.0615005082003586,0.9624772005914847,4,60,,So Tom saw night as it were broad daylight.,So Tante saw night as it were broad daylight.
00142_0015_neutral_0015_000160,0015,neutral,happy,neutral,neutral,neutral,happy,happy,happy,True,True,True,True,True,0.6,0.9378002882003784,True,0.008000001311302185,0.7651748061180115,14.527252218883914,4.275463104248047,0.03008747100830078,0.4078194200992584,0.0342186838388443,0.03416600739613175,0.9929627574195632,10,60,,"Kitty, can you play chess?","Kitty, do you want to play chess?"
00143_0015_neutral_0015_000210,0015,neutral,happy,neutral,neutral,neutral,happy,happy,happy,True,True,True,True,True,1.0,0.890751838684082,True,0.008000001311302185,0.8663817644119263,17.63593945249442,4.529444694519043,0.06343111395835876,0.965143084526062,0.03202161192893982,0.07308286501973868,0.985995829900492,16,60,,It weighs 7.5 kilogram.,It weighs seven point size kilo.
00144_0015_neutral_0015_000177,0015,neutral,happy,neutral,neutral,neutral,happy,happy,happy,True,True,True,True,True,0.16666666666666666,0.6282761693000793,False,0.008000001311302185,0.7372511029243469,17.367758870441335,2.5302622318267822,0.0201062373816967,1.891916036605835,0.03320160508155823,0.03902572976380587,0.9920536942263172,7,60,,Tom fell with the cloven head.,I'm fell with the cloven head.
00145_0015_neutral_0015_000342,0015,neutral,happy,neutral,neutral,neutral,happy,happy,happy,True,True,True,True,True,0.5,0.29516902565956116,False,0.008000001311302185,0.7723914980888367,18.271750343343342,3.9737071990966797,0.012011108919978142,1.4934684038162231,0.03578914329409599,0.026946150849573317,0.9969773543147042,15,60,,Why should I purchase my own?,Why should I have heard this my own?
00146_0015_neutral_0015_000278,0015,neutral,happy,neutral,neutral,neutral,happy,happy,happy,True,True,True,True,True,0.0,0.9999998807907104,True,0.008000001311302185,0.6570358276367188,16.313456315854527,2.010984420776367,0.034578315913677216,0.16676416993141174,0.038043200969696045,0.036246338045001034,0.9828052790680856,9,60,,I know you.,I know you.
00147_0015_neutral_0015_000006,0015,neutral,happy,neutral,neutral,happy,happy,happy,happy,True,True,True,True,True,0.8571428571428571,0.31771352887153625,False,0.008000001311302185,0.9185510873794556,13.5596937098832,1.6301076412200928,0.031124671921133995,3.857374429702759,0.032980840653181076,0.06969874602656811,0.9809063701475333,9,60,,"Andy, what's the gyr and to gimble?",Andi what's beguile a young girl.
00148_0015_neutral_0015_000181,0015,neutral,happy,neutral,happy,happy,happy,happy,happy,True,True,True,True,True,0.5,0.921667218208313,True,0.008000001311302185,0.6908805966377258,18.55846062606169,1.4541008472442627,0.04688861966133118,0.49621355533599854,0.03579387813806534,0.051851113153472544,0.9677542174944798,3,60,,"First, issue a reward.","First, if issue a reward,"
00149_0015_neutral_0015_000232,0015,neutral,happy,neutral,happy,happy,happy,happy,happy,True,True,True,True,True,0.5,0.7739143371582031,False,0.008000001311302185,0.7813504934310913,19.199221915826666,0.9606954455375671,0.026517337188124657,0.8260408043861389,0.04543393850326538,0.03477819957137108,0.9723977694374447,0,60,,We'll call her Lily for short.,We'll call her Lily for sure the free
00150_0015_sad_0015_001134,0015,sad,happy,neutral,happy,happy,happy,happy,happy,True,True,True,True,True,0.0,0.9999999403953552,True,0.008000001311302185,0.6469972133636475,18.80955511154116,1.2405080795288086,0.20822183787822723,0.19406917691230774,0.03886866569519043,0.21016291833400724,0.83214793896601,3,60,,By hook or by crook.,By hook or by crook.
00151_0015_sad_0015_001200,0015,sad,happy,neutral,neutral,neutral,happy,happy,happy,True,True,True,True,True,0.0,0.9999998211860657,True,0.008000001311302185,0.7445945739746094,19.03735773383417,2.3929929733276367,0.029824789613485336,0.09228304028511047,0.03063192032277584,0.03074792633553967,0.9875366163018808,2,60,,I hope you enjoyed yourself.,I hope you enjoyed yourself.
00152_0015_sad_0015_001119,0015,sad,happy,neutral,neutral,neutral,happy,happy,happy,True,True,True,True,True,0.3333333333333333,0.6976087689399719,False,0.008000001311302185,0.9120875000953674,14.858962568806767,3.569624423980713,0.31683292984962463,0.40839290618896484,0.03753819316625595,0.32091723429344593,0.9112419425076926,12,60,,"Not much use is it, Sam.","Not much youth, is it, Sam?"
00153_0015_sad_0015_001372,0015,sad,happy,neutral,neutral,neutral,happy,happy,happy,True,True,True,True,True,0.25,0.9271987080574036,True,0.008000001311302185,0.723283052444458,16.749493450447023,1.1848804950714111,0.02476460114121437,0.19994792342185974,0.0322011299431324,0.0267644023867324,0.9790994946374555,4,60,,A special pot too.,A special pot to
00154_0015_sad_0015_001139,0015,sad,happy,angry,happy,happy,happy,happy,happy,True,True,True,True,True,0.8333333333333334,0.9280102252960205,True,0.008000001311302185,0.6247206330299377,21.877008526992316,1.0470523834228516,0.03648634999990463,0.5499475598335266,0.024607431143522263,0.041986071672551334,0.9651532716246446,6,60,,Let go of my top knot.,"You let go of my top knot, I really"
00155_0015_sad_0015_001308,0015,sad,happy,neutral,neutral,neutral,happy,happy,happy,True,True,True,True,True,0.5714285714285714,0.6615010499954224,False,0.008000001311302185,0.7407013177871704,19.999514350154207,1.8560194969177246,0.02297322265803814,1.0658169984817505,0.028797075152397156,0.03363168061360717,0.9876223160930208,2,60,,"Mom shuts one's mouth up, doesn't it?","Mom's shots once laugh up, doesn't it?"
00156_0015_sad_0015_001280,0015,sad,happy,sad,sad,happy,neutral,happy,happy,False,False,True,True,False,0.2857142857142857,0.9190427660942078,True,0.008000001311302185,0.884958028793335,16.95568281472487,1.8226851224899292,0.5002400875091553,0.364690899848938,0.042294494807720184,0.5038874194525927,0.7255477200440477,25,60,,Your own wife is not at home.,If your own wife is not at home.
00157_0015_sad_0015_001364,0015,sad,happy,neutral,neutral,neutral,neutral,happy,happy,False,False,True,True,False,0.0,1.0,True,0.008000001311302185,0.761570394039154,19.143286283088145,2.555593967437744,0.3461199402809143,0.2743515372276306,0.029638539999723434,0.3488637520385906,0.8645637982046356,11,60,,Bob goes to a new school.,Bob goes to a new school.
00158_0015_sad_0015_001112,0015,sad,happy,sad,sad,neutral,happy,happy,happy,True,True,True,True,True,1.4,0.12030529975891113,False,0.008000001311302185,0.9916440844535828,17.278255880091823,2.9525609016418457,0.04920569807291031,1.6096277236938477,0.0455218181014061,0.0653024305280298,0.9833345696457783,4,60,,Tom went on Eeyore gloomily.,".com, you're Clint on it, you are Bloomalee."
00159_0015_sad_0015_001216,0015,sad,happy,neutral,neutral,neutral,happy,happy,happy,True,True,True,True,True,0.2857142857142857,0.7633886933326721,False,0.008000001311302185,0.9563491940498352,14.53108023199442,2.7171664237976074,0.03134407103061676,0.7010746002197266,0.04803100973367691,0.03835529734291136,0.9884644272223823,12,60,,They ate beef at the butcher shop.,Fate eighth beef at the butcher shop.
00160_0015_sad_0015_001194,0015,sad,happy,neutral,neutral,happy,happy,happy,happy,True,True,True,True,True,0.4,0.9232125282287598,True,0.008000001311302185,0.7655770182609558,22.049819616972492,1.4627197980880737,0.016888437792658806,0.5055800080299377,0.022485999390482903,0.02194446273295209,0.9884540854545527,2,60,,We all see panda on TV or in the zoo.,"We'd all see Panda on TV, we're in the zoo."
00161_0015_sad_0015_001126,0015,sad,happy,neutral,neutral,surprise,happy,happy,happy,True,True,True,True,True,0.5,0.8240530490875244,True,0.008000001311302185,0.6488491892814636,20.015393080586485,2.1787962913513184,0.1922103762626648,1.376254916191101,0.03286103531718254,0.20597325403492897,0.9117813918512532,8,60,,The hag looked in the stove.,"If Bahag looked in the stove,"
00162_0015_sad_0015_001396,0015,sad,happy,neutral,neutral,neutral,happy,happy,happy,True,True,True,True,True,0.0,1.0,True,0.008000001311302185,0.6505439877510071,19.775008094087706,1.7601842880249023,0.02956099435687065,0.19481255114078522,0.031129274517297745,0.03150943116102368,0.9832057389910911,3,60,,I'm going to back home.,I'm going to back home.
00163_0015_sad_0015_001220,0015,sad,happy,neutral,happy,happy,happy,happy,happy,True,True,True,True,True,0.6666666666666666,0.6132904887199402,False,0.008000001311302185,0.7176257967948914,19.572181827253907,1.083986759185791,0.0164006520062685,1.439656376838684,0.030724063515663147,0.0307975230152905,0.9848700624179326,7,60,,But if you hadn't done them.,I'm glad with who hadn't done them.
00164_0015_sad_0015_001127,0015,sad,happy,neutral,neutral,surprise,happy,happy,happy,True,True,True,True,True,1.4,0.6203863620758057,False,0.008000001311302185,0.7184790372848511,21.168358463643003,2.787074565887451,0.036159493029117584,1.0333811044692993,0.02754952758550644,0.04649357956908644,0.9870260044450573,12,60,,But I saw you walking.,I love the feeling that I saw you walk in.
00165_0015_sad_0015_001180,0015,sad,happy,neutral,neutral,happy,happy,happy,happy,True,True,True,True,True,0.4,0.7793850898742676,False,0.008000001311302185,0.7095359563827515,20.445656050589452,1.3493812084197998,0.016250688582658768,0.6994351744651794,0.035080671310424805,0.023245391134023668,0.9879569327916689,8,60,,And would spoil my joke.,and would spoil my jolt.
00166_0015_sad_0015_001355,0015,sad,happy,neutral,happy,happy,happy,happy,happy,True,True,True,True,True,0.0,1.0,True,0.008000001311302185,0.618369996547699,19.592886459087797,0.8547649383544922,0.007671669125556946,0.09141573309898376,0.021829497069120407,0.008586044751517476,0.9910248200630156,0,60,,The fisherman and his wife see George every day.,The fisherman and his wife see George every day.
00167_0015_sad_0015_001113,0015,sad,happy,neutral,neutral,neutral,neutral,happy,happy,False,False,True,True,False,0.5,0.7354263067245483,False,0.008000001311302185,0.7138509750366211,19.011604138804692,1.9568393230438232,0.3056173622608185,0.21890585124492645,0.021265199407935143,0.3078066334252618,0.8438209214921965,4,60,,Asteroid 325,Astronomy 325
00168_0015_sad_0015_001284,0015,sad,happy,angry,happy,happy,happy,happy,happy,True,True,True,True,True,0.0,0.9999999403953552,True,0.008000001311302185,0.6125446557998657,24.556185067728606,1.1174248456954956,0.09867925941944122,0.10031843185424805,0.032085586339235306,0.09968276459384709,0.9116904731449547,1,60,,"Hurry up, hurry up.","Hurry up, hurry up."
00169_0015_sad_0015_001279,0015,sad,happy,neutral,neutral,happy,happy,happy,happy,True,True,True,True,True,0.3333333333333333,0.530071496963501,False,0.008000001311302185,0.7895840406417847,15.495188837285399,2.232149600982666,0.018168382346630096,0.8891825079917908,0.03100624680519104,0.027060517489016056,0.9918605892998248,4,60,,The first year they sowed rye.,The first year they soar.
00170_0015_sad_0015_001070,0015,sad,happy,neutral,neutral,neutral,happy,happy,happy,True,True,True,True,True,0.0,0.9999998807907104,True,0.008000001311302185,0.7551649808883667,21.63252682483945,2.187682867050171,0.034777380526065826,0.16636663675308228,0.023081835359334946,0.036441277711950236,0.984103097825619,7,60,,At the roots of a bush of a grass.,At the roots of a bush of a grass.
00171_0015_sad_0015_001307,0015,sad,happy,angry,neutral,neutral,happy,happy,happy,True,True,True,True,True,0.5,0.6261272430419922,False,0.008000001311302185,0.7534607648849487,19.749182119356934,2.1757593154907227,0.054768264293670654,2.0572140216827393,0.03600941598415375,0.07534076460465788,0.9748279766499273,13,60,,I would scoff at these followers.,I would scoff at his hollow words.
00172_0015_sad_0015_001259,0015,sad,happy,angry,angry,angry,happy,happy,happy,True,True,True,True,True,0.14285714285714285,0.8937979340553284,True,0.008000001311302185,1.1183348894119263,16.10698218584947,3.7333011627197266,0.05200144276022911,0.8992077708244324,0.05127647519111633,0.060994033233225345,0.9860709220891395,5,60,,A raging fire was in his eyes.,Her raging fire was in his eyes.
00173_0015_sad_0015_001118,0015,sad,happy,neutral,neutral,neutral,happy,happy,happy,True,True,True,True,True,0.6,0.006341032683849335,False,0.008000001311302185,0.8919759392738342,15.057513460198102,2.8799476623535156,0.007841084152460098,2.743299722671509,0.04633418843150139,0.0352745447210595,0.9972773518578277,7,60,,I do not eat bread.,"I do love you, Fred."
00174_0015_sad_0015_001330,0015,sad,happy,neutral,neutral,neutral,happy,happy,happy,True,True,True,True,True,0.4,0.5011566877365112,False,0.008000001311302185,0.8180237412452698,17.02065899226755,2.6661007404327393,0.01910538040101528,0.5796071887016296,0.030001595616340637,0.02490175230398774,0.9928339615561885,4,60,,Your path now goes south.,Your path now grows sell.
00175_0015_surprise_0015_001734,0015,surprise,happy,surprise,surprise,surprise,happy,happy,happy,True,True,True,True,True,0.6,0.8161725401878357,True,0.008000001311302185,0.6127829551696777,26.049682145143077,2.829464912414551,0.01233728602528572,0.44903919100761414,0.023737620562314987,0.016827915311567486,0.9956397105434478,11,60,,"Another one, ten thousand dollars?","Another one, $10,000."
00176_0015_surprise_0015_001468,0015,surprise,happy,neutral,neutral,neutral,happy,happy,happy,True,True,True,True,True,1.0,0.15020443499088287,False,0.008000001311302185,0.6406131982803345,27.13498513960294,3.3672778606414795,0.04462515935301781,4.0693745613098145,0.037292830646038055,0.08531927789442241,0.986747408084548,9,60,,I do not eat bread.,"Hi Team Dottie, bread!"
00177_0015_surprise_0015_001678,0015,surprise,happy,neutral,happy,happy,happy,happy,happy,True,True,True,True,True,0.6666666666666666,0.5300670862197876,False,0.008000001311302185,0.5937852263450623,22.54387418118973,1.2962654829025269,0.03843503072857857,0.6175166368484497,0.0376465804874897,0.04461057356286794,0.9703494143479645,5,60,,I know you.,I love you!
00178_0015_surprise_0015_001673,0015,surprise,happy,neutral,happy,happy,happy,happy,happy,True,True,True,True,True,0.2,0.8399507999420166,True,0.008000001311302185,0.597741961479187,26.716947650165682,1.2880423069000244,0.03192286193370819,0.5251118540763855,0.026160582900047302,0.03717424208030105,0.9752159833860287,7,60,,I just as soon swim your way as others do.,I just to suit swim your way as others do.
00179_0015_surprise_0015_001625,0015,surprise,happy,neutral,happy,happy,happy,happy,happy,True,True,True,True,True,0.0,0.9999998807907104,True,0.008000001311302185,0.38022005558013916,26.363386185665895,0.485969603061676,0.011546636931598186,0.24034923315048218,0.01254845317453146,0.013950254747634753,0.9762400017226329,0,60,,Her existence makes him pleasant.,Her existence makes him pleasant.
00180_0015_surprise_0015_001645,0015,surprise,happy,neutral,neutral,neutral,happy,happy,happy,True,True,True,True,True,0.0,1.0,True,0.008000001311302185,0.7057520747184753,24.962053763851102,2.900545120239258,0.01978836953639984,0.09469974040985107,0.030308393761515617,0.020735670024435965,0.993177706701295,12,60,,Do you think it's a woozle?,Do you think it's a woozle?
00181_0015_surprise_0015_001449,0015,surprise,happy,surprise,happy,happy,happy,happy,happy,True,True,True,True,True,0.0,1.0,True,0.008000001311302185,0.5525283217430115,31.496504896446865,1.2559422254562378,0.025525499135255814,0.43499910831451416,0.02869434654712677,0.029875777161866426,0.9796762154994961,6,60,,"Then we all say, ""Aha!""","Then we all say, ""Aha!"""
00182_0015_surprise_0015_001541,0015,surprise,happy,neutral,happy,neutral,happy,happy,happy,True,True,True,True,True,0.4,0.7216023206710815,False,0.008000001311302185,0.5656806826591492,24.433560533246638,3.5412449836730957,0.026116102933883667,2.2403557300567627,0.03715941309928894,0.04852003182858229,0.9926251634511897,6,60,,Can I lodge here tonight?,Can I watch you tonight?
00183_0015_surprise_0015_001749,0015,surprise,happy,neutral,neutral,neutral,happy,happy,happy,True,True,True,True,True,0.95,0.49068307876586914,False,0.008000001311302185,0.7401861548423767,20.140300392377355,4.073627471923828,0.08963301032781601,1.789352536201477,0.03723181411623955,0.10752690800797195,0.9779967581852825,10,60,,I'll need a bit more context to provide a detailed response. Could you please provide the question you're referring to?,What do you plink up this question?
00184_0015_surprise_0015_001453,0015,surprise,happy,neutral,neutral,neutral,happy,happy,happy,True,True,True,True,True,0.0,0.9999998807907104,True,0.008000001311302185,0.7641302347183228,24.947913703339168,2.4077250957489014,0.08069451153278351,0.25713756680488586,0.03546176850795746,0.08326624181851744,0.9664851640765557,22,60,,He was still in the forest.,He was still in the forest.
00185_0015_surprise_0015_001438,0015,surprise,happy,neutral,happy,happy,happy,happy,happy,True,True,True,True,True,0.5714285714285714,0.7868273258209229,False,0.008000001311302185,0.50174880027771,28.55040262001043,1.4841402769088745,0.03277511149644852,1.5030293464660645,0.020965149626135826,0.04780561461260542,0.9779164328289024,5,60,,"Hold up my chin, slow and solid.",Holds up my chin. I'm solid solid.
00186_0015_surprise_0015_001564,0015,surprise,happy,angry,angry,surprise,happy,happy,happy,True,True,True,True,True,0.14285714285714285,0.9224237203598022,True,0.008000001311302185,0.7059348225593567,24.858345781117098,3.3314881324768066,0.03264637663960457,0.6272910237312317,0.028061386197805405,0.038919567490778864,0.9902006624843255,14,60,,His large mouth curled into a sneer.,'Tis large mouth curled into a sneer.
00187_0015_surprise_0015_001694,0015,surprise,happy,neutral,neutral,neutral,neutral,happy,happy,False,False,True,True,False,0.6666666666666666,0.9322810173034668,True,0.008000001311302185,0.50401371717453,26.40087560113286,1.7668265104293823,0.21151840686798096,0.41436418890953064,0.020492618903517723,0.2156622536832653,0.8802834315540258,3,60,,Now I understand.,Now I understand the
00188_0015_surprise_0015_001629,0015,surprise,happy,surprise,neutral,surprise,happy,happy,happy,True,True,True,True,True,0.3333333333333333,0.8147804141044617,True,0.008000001311302185,0.6166155338287354,22.753028099548228,3.1482226848602295,0.16884885728359222,1.7530808448791504,0.029337160289287567,0.18637995910398664,0.946366926934494,5,60,,The first year they sowed rye.,"The first year they showed Rye,"
00189_0015_surprise_0015_001679,0015,surprise,happy,neutral,neutral,neutral,happy,happy,happy,True,True,True,True,True,0.14285714285714285,0.7252406477928162,False,0.008000001311302185,0.6910176277160645,23.91137175823831,1.9304141998291016,0.022449849173426628,0.5717906951904297,0.024839650839567184,0.02816800452183932,0.9883704496291966,13,60,,These words behind the ears is nonsense.,These words behind the ears is non-Ksenn.
00190_0015_surprise_0015_001676,0015,surprise,happy,neutral,neutral,neutral,happy,happy,happy,True,True,True,True,True,1.1666666666666667,0.09313184022903442,False,0.008000001311302185,0.627826988697052,24.473525505584245,3.4552197456359863,0.03289501741528511,2.112060070037842,0.02826535701751709,0.0540159007692337,0.990479616395793,10,60,,"No, I don't have a name.",Can you and Nate be more hilarious?
00191_0015_surprise_0015_001665,0015,surprise,happy,neutral,happy,surprise,happy,happy,happy,True,True,True,True,True,0.0,1.0,True,0.008000001311302185,0.5605199933052063,25.768565318059316,1.6130635738372803,0.02588394284248352,0.14418959617614746,0.026308394968509674,0.02732610188819468,0.9839535507079186,2,60,,I've just shot a stag.,I've just shot a stag.
00192_0015_surprise_0015_001589,0015,surprise,happy,neutral,happy,neutral,happy,happy,happy,True,True,True,True,True,0.25,0.9704608917236328,True,0.008000001311302185,0.5673002004623413,26.670990540842098,1.3764634132385254,0.06345042586326599,0.536442756652832,0.02297837845981121,0.0688150832135789,0.9539032964821196,3,60,,When such wanderers meet?,"When such wanderers meet,"
00193_0015_surprise_0015_001494,0015,surprise,happy,surprise,surprise,surprise,neutral,happy,happy,False,False,True,True,False,0.125,0.7846740484237671,False,0.008000001311302185,0.6602007746696472,24.479995083583095,2.586310625076294,0.40424662828445435,0.5802044868469238,0.029843732714653015,0.4100489715902507,0.8436975727644743,10,60,,They found a cow grazing in a field.,They fought a cow grazing in a field.
00194_0015_surprise_0015_001635,0015,surprise,happy,neutral,neutral,happy,happy,happy,happy,True,True,True,True,True,0.0,1.0,True,0.008000001311302185,0.6007287502288818,28.08623793962858,1.3229255676269531,0.25085946917533875,0.1028558537364006,0.025130465626716614,0.251888279017359,0.8103752204099228,1,60,,"If not, I shall go no further.","If not, I shall go no further."
00195_0015_surprise_0015_001416,0015,surprise,happy,neutral,happy,happy,happy,happy,happy,True,True,True,True,True,0.2857142857142857,0.9678922891616821,True,0.008000001311302185,0.544829249382019,26.929686055871983,0.9574980735778809,0.024061188101768494,0.37757179141044617,0.01703532226383686,0.027837076369095597,0.9748707712676026,0,60,,"Mr. Sharman, I move for a division.","Mr. Sharman, I'm moved for a division."
00196_0015_surprise_0015_001481,0015,surprise,happy,neutral,happy,happy,happy,happy,happy,True,True,True,True,True,0.25,0.40679579973220825,False,0.008000001311302185,0.7738860249519348,26.858602232611464,1.0204033851623535,0.03916247561573982,0.8852643966674805,0.029283415526151657,0.04801541241656989,0.9616205941834378,1,60,,And I never had a whooping cough. Why?,And I never had a whooping cost wide.
00197_0015_surprise_0015_001685,0015,surprise,happy,neutral,happy,surprise,happy,happy,happy,True,True,True,True,True,0.16666666666666666,0.8080462217330933,True,0.008000001311302185,0.6658642888069153,23.252080878133032,1.9150068759918213,0.06574954092502594,1.1722986698150635,0.022062160074710846,0.07747274824477733,0.9656661593494421,8,60,,"The straw, charcoal and the pea.","The straw, tranquil, and the pea."
00198_0015_surprise_0015_001460,0015,surprise,happy,neutral,neutral,surprise,happy,happy,happy,True,True,True,True,True,0.0,0.9999999403953552,True,0.008000001311302185,0.6257457137107849,27.1448487982542,1.4178165197372437,0.020114419981837273,0.34259340167045593,0.03237476572394371,0.02354067774619907,0.9858131008477987,7,60,,That I am a born nurse.,That I am a born nurse.
00199_0015_surprise_0015_001568,0015,surprise,happy,neutral,neutral,surprise,happy,happy,happy,True,True,True,True,True,0.125,0.9826902747154236,True,0.008000001311302185,0.5690529942512512,28.19636961426507,1.8244723081588745,0.2064167559146881,0.14283651113510132,0.027660256251692772,0.20784539762860166,0.8868622149036677,14,60,,"I said you looked like an egg, sir.","I said you look like an egg, sir."
00600_0016_angry_0016_000683,0016,angry,happy,angry,neutral,neutral,happy,happy,happy,True,True,True,True,True,0.2,0.8335080742835999,True,0.008000001311302185,0.698125422000885,23.50227087493395,3.436201572418213,0.0334874726831913,1.108803391456604,0.027957279235124588,0.04457578617054969,0.9902545086551414,16,60,,"You gain for nothing, girl.","You came for nothing, girl."
00601_0016_angry_0016_000367,0016,angry,happy,neutral,neutral,neutral,neutral,happy,happy,False,False,True,True,False,0.0,1.0,True,0.008000001311302185,0.8965257406234741,22.002235404737363,3.95528507232666,0.1786051094532013,0.9216609001159668,0.03740452229976654,0.18782209249958395,0.9548439350926131,28,60,,Why has this egg not broken?,Why has this egg not broken?
00602_0016_angry_0016_000448,0016,angry,happy,neutral,neutral,surprise,neutral,happy,happy,False,False,True,True,False,0.6666666666666666,0.7721812725067139,False,0.008000001311302185,0.641173779964447,21.635570890985363,2.450533390045166,0.28355756402015686,1.6968027353286743,0.04440575838088989,0.3005260354310274,0.8842874105808733,7,60,,"""Said the witch.""",Set the Witch
00603_0016_angry_0016_000406,0016,angry,happy,neutral,neutral,neutral,happy,happy,happy,True,True,True,True,True,0.375,0.6976311206817627,False,0.008000001311302185,0.6935887932777405,27.303675378407483,3.248600721359253,0.0869353637099266,1.8456661701202393,0.02221125364303589,0.10539224752366542,0.9732391355027614,19,60,,Your midget wife never can sing a song.,Your midget wipes never can sing this dog.
00604_0016_angry_0016_000415,0016,angry,happy,surprise,happy,surprise,happy,happy,happy,True,True,True,True,True,0.0,1.0,True,0.008000016212463379,1.095097541809082,23.964711061801257,0.5166242718696594,0.05321385711431503,0.13444899022579193,0.042742740362882614,0.05455877444397658,0.8969969859880287,0,60,,Tom could hardly speak for laughing.,Tom could hardly speak for laughing.
00605_0016_angry_0016_000608,0016,angry,happy,neutral,neutral,neutral,happy,happy,happy,True,True,True,True,True,0.5714285714285714,0.8766970634460449,True,0.008000001311302185,0.6270745396614075,27.14090688719231,3.0076980590820312,0.0275079607963562,1.0523817539215088,0.022114012390375137,0.038031999475695195,0.990854148170461,5,60,,"Mum shuts one's mouth up, doesn't it?","Mums chucks ones mouths up, doesn't it?"
00606_0016_angry_0016_000549,0016,angry,happy,angry,angry,angry,happy,happy,happy,True,True,True,True,True,1.1666666666666667,0.343680202960968,False,0.008000001311302185,0.8075836896896362,20.45083716887646,4.928095817565918,0.017422467470169067,3.382617950439453,0.03535616397857666,0.05124900053620338,0.9964646654376995,34,60,,Captain Tom receives an angry letter.,Keston Tom receives the net A in green letters.
00607_0016_angry_0016_000381,0016,angry,happy,happy,happy,happy,happy,happy,happy,True,True,True,True,True,0.0,1.0,True,0.00800000037997961,0.17604483664035797,40.053414641682906,0.16498033702373505,0.012197207659482956,0.11092326045036316,0.002282538451254368,0.0133064630893711,0.926068718978746,0,60,,"All smile were real and the happier, the more sincere.","All smile were real and the happier, the more sincere."
00608_0016_angry_0016_000557,0016,angry,happy,neutral,neutral,neutral,happy,happy,happy,True,True,True,True,True,0.0,0.9999998807907104,True,0.008000001311302185,0.5770974159240723,27.684236161042687,1.5507864952087402,0.015655603259801865,0.12840081751346588,0.017078418284654617,0.016939782219119372,0.9899047333026365,3,60,,"What am I? I'm a racer, son of God.","What am I? I'm a racer, son of God."
00609_0016_angry_0016_000625,0016,angry,happy,angry,neutral,neutral,neutral,happy,happy,False,False,True,True,False,0.125,0.8765681385993958,True,0.008000001311302185,0.7405415177345276,23.90964762145674,3.4200892448425293,0.7675272822380066,0.8466787934303284,0.037195831537246704,0.7759944421306253,0.7755826742254073,32,60,,You shouldn't have pricked him with your horn.,You shouldn't have printed him with your horn.
00610_0016_angry_0016_000578,0016,angry,happy,surprise,surprise,surprise,happy,happy,happy,True,True,True,True,True,1.0,0.917175829410553,True,0.008000016212463379,0.8178209662437439,26.083204084027685,2.863778591156006,0.032012131065130234,0.8121039271354675,0.02785501442849636,0.04013344888662919,0.9888217157695113,7,60,,"""It says 'no way'!"" shouted Daisy.","It says no way, shouted Daisy, you piece."
00611_0016_angry_0016_000543,0016,angry,happy,neutral,neutral,neutral,happy,happy,happy,True,True,True,True,True,0.0,1.0,True,0.008000001311302185,0.6868805885314941,22.631623661880354,2.4171323776245117,0.03026222251355648,0.14605402946472168,0.030805915594100952,0.03172307086735964,0.9874801137109018,5,60,,Please hire me after you.,Please hire me after you.
00612_0016_angry_0016_000604,0016,angry,happy,neutral,happy,happy,happy,happy,happy,True,True,True,True,True,0.0,0.9999998807907104,True,0.008000001311302185,0.2518369257450104,27.26074942297513,0.33955609798431396,0.0192706435918808,0.14758755266666412,0.010062282904982567,0.02074661974137649,0.943247540814976,0,60,,She laughed.,She laughed.
00613_0016_angry_0016_000656,0016,angry,happy,neutral,neutral,neutral,happy,happy,happy,True,True,True,True,True,0.625,0.6115249991416931,False,0.008000001311302185,0.6475730538368225,26.895652764967846,2.5582375526428223,0.026016194373369217,1.3444339036941528,0.022107139229774475,0.039460754481703046,0.98983042276645,6,60,,Please invite Tom if there is not requires.,Please invite Tom. It's there is knots but choirs.
00614_0016_angry_0016_000470,0016,angry,happy,neutral,neutral,neutral,happy,happy,happy,True,True,True,True,True,0.4,0.9404562711715698,True,0.008000001311302185,1.0268186330795288,23.375432236006866,2.382984161376953,0.12877896428108215,0.37245145440101624,0.05093708634376526,0.13250398819595574,0.9459589508112088,16,60,,Our King George is labourers.,Our King George is a labourer.
00615_0016_angry_0016_000635,0016,angry,happy,neutral,neutral,neutral,happy,happy,happy,True,True,True,True,True,0.5,0.7070847749710083,False,0.008000001311302185,0.6639010310173035,24.41318909877385,2.023819923400879,0.009846332482993603,1.413382887840271,0.026141345500946045,0.023980422774851323,0.9951347783618774,4,60,,"The straw, charcoal and the pea.","The straw, the charcoal, and the pity."
00616_0016_angry_0016_000373,0016,angry,happy,neutral,neutral,neutral,neutral,happy,happy,False,False,True,True,False,0.125,0.9824404716491699,True,0.008000001311302185,0.665948748588562,26.863217482840707,4.127631664276123,0.32775720953941345,0.2535744309425354,0.033960532397031784,0.3302932934541628,0.9205943659226935,16,60,,I thought you meant how old are you?,"I thought you meant, how old are you?"
00617_0016_angry_0016_000686,0016,angry,happy,neutral,neutral,neutral,happy,happy,happy,True,True,True,True,True,0.4,0.964233934879303,True,0.008000001311302185,0.7045151591300964,22.23517777898342,2.4337544441223145,0.02576255425810814,0.4900178909301758,0.03046112321317196,0.030663037778642026,0.9894144808567986,10,60,,Over them swooped the eagles.,Over them swoop the Eagles.
00618_0016_angry_0016_000617,0016,angry,happy,neutral,neutral,neutral,neutral,happy,happy,False,False,True,True,False,0.8,0.5064252614974976,False,0.008000001311302185,0.6369889974594116,24.71082474594838,1.5403631925582886,0.21792058646678925,0.8994142413139343,0.0286993607878685,0.22691501587353646,0.8585264906876545,5,60,,"[ 0m0s110ms - 0m1s10ms ] Chapter 11, on the doorstep.",On the doorstep.
00619_0016_angry_0016_000628,0016,angry,happy,neutral,neutral,neutral,happy,happy,happy,True,True,True,True,True,0.0,0.9999998807907104,True,0.008000001311302185,0.5568978786468506,26.779317245749628,2.200824737548828,0.015164988115429878,0.15273374319076538,0.02297491952776909,0.016692555296532807,0.99310940673435,7,60,,I know you.,I know you.
00620_0016_angry_0016_000391,0016,angry,happy,neutral,neutral,neutral,happy,happy,happy,True,True,True,True,True,0.0,0.9999998807907104,True,0.008000001311302185,0.4506712555885315,30.22501936435829,1.8092598915100098,0.025324653834104538,0.09706009179353714,0.021294549107551575,0.026295467697530987,0.986002755075188,4,60,,I chose the right way.,I chose the right way.
00621_0016_angry_0016_000523,0016,angry,happy,neutral,neutral,neutral,happy,happy,happy,True,True,True,True,True,0.2,0.9578060507774353,True,0.008000001311302185,0.7289282083511353,20.85938729393712,3.1895132064819336,0.02192527800798416,0.44039082527160645,0.03892677277326584,0.02632957552842796,0.9931258230994541,7,60,,He searched through the box.,He's searched through the box.
00622_0016_angry_0016_000519,0016,angry,happy,neutral,neutral,neutral,happy,happy,happy,True,True,True,True,True,1.0,0.7193741202354431,False,0.008000001311302185,0.6854469776153564,25.97365605105302,4.152797222137451,0.02909817174077034,1.8175724744796753,0.0284462608397007,0.047274180948175495,0.9929931151981957,13,60,,Sam waved his arm vaguely.,If Sam waved his arm big movement over her.
00623_0016_angry_0016_000360,0016,angry,happy,neutral,neutral,neutral,happy,happy,happy,True,True,True,True,True,1.6666666666666667,0.2904936671257019,False,0.008000001311302185,0.7610369920730591,20.05052313334772,3.916044235229492,0.04207814484834671,4.122776031494141,0.045231446623802185,0.08330635747775436,0.9892549362773271,10,60,,A nauseous draft.,"""An honest and noshly strut."""
00624_0016_angry_0016_000414,0016,angry,happy,neutral,neutral,neutral,happy,happy,happy,True,True,True,True,True,0.2,0.9944827556610107,True,0.008000001311302185,0.6692362427711487,28.840371112361698,3.966661214828491,0.023220956325531006,0.1481008678674698,0.02793308161199093,0.024702244335021824,0.9941459693510692,10,60,,And we are so thirsty.,"And we are so thirsty,"
00625_0016_neutral_0016_000272,0016,neutral,happy,neutral,neutral,neutral,happy,happy,happy,True,True,True,True,True,0.6666666666666666,0.5156473517417908,False,0.008000001311302185,0.7527819275856018,17.47593392686251,4.392369270324707,0.016979560256004333,1.5963749885559082,0.031139612197875977,0.032943621537685396,0.9961343049249707,8,60,,No admittance except on party business.,No admitant except on party this nest swan.
00626_0016_neutral_0016_000330,0016,neutral,happy,angry,neutral,happy,happy,happy,happy,True,True,True,True,True,0.8,0.7159844040870667,False,0.008000001311302185,0.8533077239990234,13.82779958324697,1.40436589717865,0.01682686060667038,1.177319884300232,0.0361533984541893,0.02860042098365724,0.9880181791365945,2,60,,She keeps saying I'm hers.,"She keeps saying, I'm her only sweetie."
00627_0016_neutral_0016_000045,0016,neutral,happy,neutral,neutral,neutral,happy,happy,happy,True,True,True,True,True,0.625,0.1917748898267746,False,0.008000001311302185,0.7250484824180603,20.329999777720825,3.8952784538269043,0.030202295631170273,3.0674140453338623,0.028041621670126915,0.06087671650072559,0.9922464347570588,5,60,,The nastiest things they saw were the cobwebs.,The Naskus things say song were the cub libs.
00628_0016_neutral_0016_000195,0016,neutral,happy,neutral,neutral,neutral,happy,happy,happy,True,True,True,True,True,0.0,1.0,True,0.008000001311302185,0.7500951886177063,19.40634025808955,3.409400463104248,0.09556442499160767,0.2275986671447754,0.041335683315992355,0.09784082501988858,0.971970313835003,6,60,,A boat put out on the bay.,A boat put out on the bay.
00629_0016_neutral_0016_000207,0016,neutral,happy,neutral,neutral,neutral,happy,happy,happy,True,True,True,True,True,0.8333333333333334,0.8845484256744385,True,0.008000001311302185,0.8048080205917358,17.57207431655958,2.822814702987671,0.03262697905302048,0.6105254888534546,0.038776643574237823,0.03873262170799077,0.9884416858752761,5,60,,"I'm a racer, son of God.","What am I? I'm a racer, son of a god."
00630_0016_neutral_0016_000063,0016,neutral,happy,neutral,neutral,neutral,neutral,happy,happy,False,False,True,True,False,2.0,0.33423635363578796,False,0.008000001311302185,0.6551368832588196,15.69954908283535,1.9830135107040405,0.3663746118545532,0.4663548469543457,0.032296836376190186,0.3710384832924605,0.8152435120200078,3,60,,Asteroid 325.,House of Lords 335
00631_0016_neutral_0016_000106,0016,neutral,happy,neutral,neutral,neutral,happy,happy,happy,True,True,True,True,True,0.5,0.6672955751419067,False,0.008000001311302185,0.7372977137565613,13.023659558246845,2.338569164276123,0.027765363454818726,1.6984524726867676,0.04053380340337753,0.04475029351972044,0.9881272002218445,7,60,,I guess it's a choice feast.,I guess it's a joyous feast tone.
00632_0016_neutral_0016_000250,0016,neutral,happy,neutral,neutral,neutral,happy,happy,happy,True,True,True,True,True,0.2,0.9626219272613525,True,0.008000001311302185,0.9367788434028625,14.137533160461526,2.8000457286834717,0.012376870028674603,0.9953219294548035,0.04210157319903374,0.022330510338954626,0.9955797614653622,4,60,,Her kind and firm glance.,Her kind and firm gaze.
00633_0016_neutral_0016_000213,0016,neutral,happy,neutral,neutral,happy,happy,happy,happy,True,True,True,True,True,0.125,0.892212986946106,True,0.008000001311302185,0.6188985705375671,18.34877766443664,0.9953426718711853,0.030795596539974213,0.37417879700660706,0.021128639578819275,0.034537595796436074,0.9690603071582571,0,60,,"Let it give us a chance, my precious.","Let it give us a chance, my crush."
00634_0016_neutral_0016_000167,0016,neutral,happy,neutral,neutral,neutral,happy,happy,happy,True,True,True,True,True,0.2,0.5233542323112488,False,0.008000001311302185,0.7255153059959412,17.317755823720212,2.012406826019287,0.03938978910446167,0.590707540512085,0.0364312119781971,0.045297228821702305,0.9804265277799827,5,60,,I toy with my liquor.,I toy with my lifer.
00635_0016_neutral_0016_000222,0016,neutral,happy,neutral,neutral,neutral,happy,happy,happy,True,True,True,True,True,0.6,0.7571578621864319,False,0.008000001311302185,0.8575904369354248,16.255134992367477,3.5115256309509277,0.0336214117705822,2.473259449005127,0.039542507380247116,0.058354401685707276,0.9904254118283404,9,60,,Ask God to help you.,Half God to help you out.
00636_0016_neutral_0016_000329,0016,neutral,happy,happy,happy,happy,happy,happy,happy,True,True,True,True,True,0.0,1.0000001192092896,True,0.00800000037997961,0.1877851039171219,30.14786839460395,0.12402549386024475,0.008304042741656303,0.054297931492328644,0.005182843655347824,0.008847073885016142,0.9330456788907164,0,60,,And his heart wagged with joy like a lamb's tail.,And his heart wagged with joy like a lamb's tail.
00637_0016_neutral_0016_000102,0016,neutral,happy,neutral,neutral,neutral,happy,happy,happy,True,True,True,True,True,0.42857142857142855,0.7058935165405273,False,0.008000001311302185,0.838947594165802,12.34359234599004,2.2663285732269287,0.05573169142007828,2.1002907752990723,0.04177939146757126,0.07673501696698368,0.975408821086907,6,60,,"This is Jack, the relatives of Tom.","This is Jack, as the relative of Tone."
00638_0016_neutral_0016_000215,0016,neutral,happy,neutral,neutral,neutral,happy,happy,happy,True,True,True,True,True,0.6,0.38019514083862305,False,0.008000001311302185,0.7598099708557129,18.26349865677966,1.719864845275879,0.026421353220939636,0.4737659990787506,0.039342641830444336,0.031159406638145447,0.9846375409710165,3,60,,He likes dragons very much.,We like straggons very much.
00639_0016_neutral_0016_000239,0016,neutral,happy,neutral,neutral,neutral,happy,happy,happy,True,True,True,True,True,0.25,0.3643687963485718,False,0.008000001311302185,0.7175577878952026,18.8574527520481,3.5339174270629883,0.07176845520734787,0.9148924350738525,0.0240480974316597,0.08091762003906071,0.979691530238443,11,60,,This is the way that snakes always talk.,This is the way that snacks always top.
00640_0016_neutral_0016_000026,0016,neutral,happy,neutral,neutral,neutral,happy,happy,happy,True,True,True,True,True,0.16666666666666666,0.7614715099334717,False,0.008000001311302185,0.7100762724876404,16.17691944898955,3.107541084289551,0.0230927225202322,0.5827905535697937,0.030731504783034325,0.02892093537097797,0.9925688118374429,10,60,,Let's make the noise a snake.,Let's make the noise a snick.
00641_0016_neutral_0016_000154,0016,neutral,happy,neutral,neutral,neutral,happy,happy,happy,True,True,True,True,True,0.0,1.0,True,0.008000001311302185,0.6742339134216309,17.44500774218668,3.1106419563293457,0.08895488828420639,0.411087304353714,0.03700051084160805,0.09306613133285194,0.9714030449235064,15,60,,He dreamt them all night.,He dreamt them all night.
00642_0016_neutral_0016_000307,0016,neutral,happy,neutral,neutral,neutral,happy,happy,happy,True,True,True,True,True,0.5,0.9425678849220276,True,0.008000001311302185,0.8479667901992798,15.562020811488892,3.939441442489624,0.04145718365907669,0.6258866786956787,0.03880840539932251,0.04771643853008747,0.9894763802776881,9,60,,I owe them $500.,I owe 500 dollars.
00643_0016_neutral_0016_000201,0016,neutral,happy,neutral,neutral,neutral,happy,happy,happy,True,True,True,True,True,0.0,1.0,True,0.008000001311302185,0.6915837526321411,19.217817079671768,2.275588035583496,0.02641947567462921,0.4065389037132263,0.025062263011932373,0.030485115334391594,0.9883900445680385,4,60,,A lady is on Alice's lap.,A lady is on Alice's lap.
00644_0016_neutral_0016_000040,0016,neutral,happy,sad,sad,neutral,happy,happy,happy,True,True,True,True,True,0.16666666666666666,0.941057562828064,True,0.00800000037997961,0.5364475846290588,22.057491427897755,2.0653438568115234,0.014020366594195366,0.31990689039230347,0.01834377646446228,0.017219618935883044,0.9932116066058656,7,60,,In which Fox loses a tail and its elder sister finds one.,In which Fox loses a tail and its elder sister finds one happy.
00645_0016_neutral_0016_000185,0016,neutral,happy,sad,sad,sad,happy,happy,happy,True,True,True,True,True,0.125,0.4447205066680908,False,0.008000001311302185,0.9718359708786011,15.767735149287487,4.220096588134766,0.019111350178718567,1.7119672298431396,0.04286333546042442,0.03623145111050456,0.9954713476861046,9,60,,The newborn baby is stolen as we go.,The newborn baby is solid as we go.
00646_0016_neutral_0016_000252,0016,neutral,happy,neutral,neutral,neutral,happy,happy,happy,True,True,True,True,True,0.3333333333333333,0.7023090124130249,False,0.008000001311302185,0.824097752571106,17.478160483909875,2.5593020915985107,0.02490098401904106,1.5839049816131592,0.03289404511451721,0.040740362775623803,0.9902704006296154,6,60,,I am run off my feet.,I am run off to my beautified.
00647_0016_neutral_0016_000157,0016,neutral,happy,neutral,neutral,happy,neutral,happy,happy,False,False,True,True,False,0.0,1.0,True,0.008000001311302185,0.529959499835968,22.087649587876633,1.3950281143188477,0.3655419945716858,0.30037766695022583,0.029385626316070557,0.3685460650974512,0.737968008802339,7,60,,Blackbird and Jay.,Blackbird and Jay.
00648_0016_neutral_0016_000322,0016,neutral,happy,neutral,happy,happy,happy,happy,happy,True,True,True,True,True,0.25,0.9174010157585144,True,0.008000001311302185,0.6933826208114624,11.641233130822766,1.000710129737854,0.08342668414115906,1.1324995756149292,0.03751771152019501,0.09475205507442355,0.9166325175872723,4,60,,A special pot two.,A special pot too.
00649_0016_neutral_0016_000205,0016,neutral,happy,neutral,neutral,neutral,sad,happy,happy,False,False,True,True,False,0.4,0.7329531908035278,False,0.008000001311302185,0.8219373226165771,16.026804343267486,3.220139265060425,0.6169347763061523,1.025019645690918,0.03782428428530693,0.6271853510059043,0.8084136350871223,10,60,,Fear neither root nor sprout.,Here neither root nor sprout
00650_0016_sad_0016_001102,0016,sad,happy,sad,neutral,neutral,happy,happy,happy,True,True,True,True,True,0.5,0.33407410979270935,False,0.008000001311302185,0.7737523913383484,17.219235621350187,1.925155520439148,0.07044753432273865,1.6442899703979492,0.023089081048965454,0.08689066491752863,0.9634068346298231,4,60,,From August 18th of their divorce.,On August 18th of Yodagoras.
00651_0016_sad_0016_001338,0016,sad,happy,neutral,sad,neutral,happy,happy,happy,True,True,True,True,True,0.6666666666666666,0.2987307906150818,False,0.008000001311302185,0.7827019095420837,17.470694412098734,3.572436809539795,0.3728789687156677,2.8970730304718018,0.03066832385957241,0.40185000570362434,0.8956233549828129,13,60,,She has felt shy of it.,She has Hochzeierich.
00652_0016_sad_0016_001232,0016,sad,happy,neutral,neutral,happy,happy,happy,happy,True,True,True,True,True,0.42857142857142855,0.7313675880432129,False,0.008000001311302185,0.6510735154151917,25.584539896810547,1.279850959777832,0.1509801745414734,0.3742676377296448,0.02204730734229088,0.15472307139184327,0.8820330028367663,9,60,,Age 45 if a day a lie.,Age forty-five if a day alive.
00653_0016_sad_0016_001400,0016,sad,happy,neutral,neutral,neutral,happy,happy,happy,True,True,True,True,True,1.3333333333333333,0.137164905667305,False,0.008000001311302185,0.8654319047927856,17.50032047156203,4.110919952392578,0.031060412526130676,2.263627767562866,0.04093758389353752,0.05369709957759827,0.9924444132004921,5,60,,Do you have anything in mind?,"""Tela abriu, a Goni, minha mãe, e eu."""
00654_0016_sad_0016_001231,0016,sad,happy,neutral,happy,neutral,happy,happy,happy,True,True,True,True,True,0.0,1.0000001192092896,True,0.008000001311302185,0.7346859574317932,22.845135914327336,1.6719629764556885,0.01565304398536682,0.16658417880535126,0.02787729725241661,0.01731916454639286,0.9906379242807464,6,60,,"First, issue a reward.","First, issue a reward."
00655_0016_sad_0016_001191,0016,sad,happy,neutral,neutral,neutral,happy,happy,happy,True,True,True,True,True,1.2,0.4713575839996338,False,0.008000001311302185,0.8916835188865662,16.68913231491076,3.7635324001312256,0.01336176972836256,4.4510817527771,0.03454751521348953,0.05787293273128569,0.9964496732569921,3,60,,Can I lodge here tonight?,Can I have our cheer at you mount?
00656_0016_sad_0016_001187,0016,sad,happy,neutral,neutral,neutral,happy,happy,happy,True,True,True,True,True,0.2,0.8007855415344238,True,0.008000001311302185,0.77287358045578,18.831711913738047,1.8913779258728027,0.033327266573905945,0.6006993651390076,0.02943294495344162,0.039334554554745556,0.9823793721402736,3,60,,Let the glass globe be.,Let the glass globe beeb.
00657_0016_sad_0016_001068,0016,sad,happy,sad,sad,sad,happy,happy,happy,True,True,True,True,True,1.1666666666666667,0.19455021619796753,False,0.008000001311302185,1.1808037757873535,13.644342903517622,4.87785530090332,0.028846031054854393,2.433978796005249,0.053349681198596954,0.05318635251171887,0.9940863290779633,7,60,,"Then, sadly, it is much farther.","Then, as you like, it is enough, Shabbat, our boy."
00658_0016_sad_0016_001074,0016,sad,happy,neutral,happy,happy,happy,happy,happy,True,True,True,True,True,0.5714285714285714,0.630440354347229,False,0.008000001311302185,0.7285615801811218,19.057937966016578,1.4364967346191406,0.004172191955149174,1.4856983423233032,0.024118080735206604,0.01902941655918956,0.9970955785317149,2,60,,The football teams give a tea party.,The football tunes give it a party
00659_0016_sad_0016_001112,0016,sad,happy,sad,sad,neutral,happy,happy,happy,True,True,True,True,True,0.6,0.37936463952064514,False,0.008000001311302185,1.0315765142440796,18.104949732549326,3.26436185836792,0.10572762787342072,3.461721897125244,0.03883081674575806,0.14034523515284061,0.9676115478428359,5,60,,Tom went on your gloomily.,Tom went on his spring break.
00660_0016_sad_0016_001244,0016,sad,happy,sad,sad,sad,happy,happy,happy,True,True,True,True,True,0.0,1.0,True,0.008000001311302185,0.5772526860237122,22.70832572321062,4.1084818840026855,0.05057712644338608,0.472509503364563,0.025384075939655304,0.0553024753177911,0.9876895827044243,11,60,,"Yes, I miss her.","Yes, I miss her."
00661_0016_sad_0016_001298,0016,sad,happy,neutral,neutral,surprise,happy,happy,happy,True,True,True,True,True,0.5,0.026361707597970963,False,0.008000001311302185,0.8094708323478699,20.05004461112835,1.7625455856323242,0.03816622495651245,1.4078565835952759,0.027617335319519043,0.052245066965818404,0.9783459643440541,6,60,,In which Piglet meets a Elephant.,In which Peggotty writes a letter.
00662_0016_sad_0016_001135,0016,sad,happy,neutral,happy,neutral,happy,happy,happy,True,True,True,True,True,0.0,1.0,True,0.008000001311302185,0.5611235499382019,20.549355445161616,1.1460959911346436,0.010286129079759121,0.18916669487953186,0.016249287873506546,0.012177958521433175,0.9910250719317361,2,60,,Suppose I take grandmother a fresh vegetable.,Suppose I take grandmother a fresh vegetable.
00663_0016_sad_0016_001228,0016,sad,happy,neutral,neutral,neutral,happy,happy,happy,True,True,True,True,True,0.0,0.9999998211860657,True,0.008000001311302185,0.5549883246421814,26.598579491139617,1.714109182357788,0.18898968398571014,0.25522154569625854,0.016218610107898712,0.1915420616287738,0.8897446639158939,6,60,,And vowed he'd change the pigtail's place.,And vowed he'd change the pigtail's place.
00664_0016_sad_0016_001163,0016,sad,happy,neutral,neutral,neutral,happy,happy,happy,True,True,True,True,True,0.5,0.45208561420440674,False,0.008000001311302185,0.8175520300865173,19.23814738890188,3.1365909576416016,0.027912262827157974,1.7086583375930786,0.02837403677403927,0.044999129943456506,0.991101082925985,3,60,,Mr. Lawson saw George last night.,Mr. Lawson saw joyous faces.
00665_0016_sad_0016_001192,0016,sad,happy,neutral,neutral,happy,happy,happy,happy,True,True,True,True,True,1.0,0.7411617040634155,False,0.008000001311302185,0.6698368787765503,21.300304778078754,1.4762470722198486,0.04864741489291191,0.8345326781272888,0.028769036754965782,0.05699302936455235,0.9670465629985906,3,60,,"Wake now, my merry tads.","I thought I was awake now, my merry tads."
00666_0016_sad_0016_001299,0016,sad,happy,sad,sad,neutral,happy,happy,happy,True,True,True,True,True,0.3333333333333333,0.5528802275657654,False,0.008000001311302185,0.7949904799461365,21.507716900148917,2.9152839183807373,0.022884776815772057,1.098693609237671,0.030969977378845215,0.033872022607922554,0.9921500692706173,3,60,,You may imagine how I gape.,You may imagine how I great Pivotal.
00667_0016_sad_0016_001089,0016,sad,happy,neutral,happy,neutral,happy,happy,happy,True,True,True,True,True,0.0,1.0000001192092896,True,0.008000001311302185,0.4644424021244049,27.528787620356244,1.028894305229187,0.018981199711561203,0.22584305703639984,0.021158818155527115,0.021239841870106756,0.981551846856288,3,60,,Our thanks to God's oath.,Our thanks to God's oath.
00668_0016_sad_0016_001165,0016,sad,happy,neutral,neutral,neutral,happy,happy,happy,True,True,True,True,True,0.6666666666666666,0.5166820883750916,False,0.008000001311302185,0.8013192415237427,19.387626943186905,1.8587846755981445,0.06481552124023438,1.9388532638549805,0.03453285992145538,0.0842043992073834,0.9651301616098287,5,60,,"He might call it, for example.",You might call it a hacker example.
00669_0016_sad_0016_001303,0016,sad,happy,neutral,neutral,neutral,happy,happy,happy,True,True,True,True,True,0.5,0.4573090076446533,False,0.008000001311302185,0.6071898341178894,21.219240840287775,1.805011510848999,0.030906377360224724,1.378296971321106,0.02502833679318428,0.044689597356803716,0.9828774624569082,4,60,,I have a soothsayer.,I have a sweet saree.
00670_0016_sad_0016_001323,0016,sad,happy,neutral,neutral,neutral,happy,happy,happy,True,True,True,True,True,0.0,1.0,True,0.008000001311302185,0.6974093914031982,24.399065857081297,2.1306653022766113,0.031029630452394485,0.26575425267219543,0.01877078041434288,0.03368736068692058,0.9854366472203591,4,60,,I just as soon swim your way as others do.,I just as soon swim your way as others do.
00671_0016_sad_0016_001288,0016,sad,happy,neutral,neutral,neutral,happy,happy,happy,True,True,True,True,True,1.0,0.8770747184753418,True,0.008000016212463379,0.7382159233093262,25.081822132476713,3.3458304405212402,0.01944143697619438,0.5471190214157104,0.03217058256268501,0.024912948896177112,0.9941893537877055,6,60,,Today isn't any other day.,"Today, there isn't any other day. Look at it."
00672_0016_sad_0016_001109,0016,sad,happy,neutral,neutral,happy,happy,happy,happy,True,True,True,True,True,0.6666666666666666,0.5027696490287781,False,0.008000001311302185,0.6856029033660889,24.073066518877518,1.2689694166183472,0.013798806816339493,1.865732192993164,0.020288869738578796,0.03245633163496851,0.9891259736951646,4,60,,043 A silver shilling is journey.,"043, a silver showing is joy."
00673_0016_sad_0016_001058,0016,sad,happy,neutral,neutral,neutral,happy,happy,happy,True,True,True,True,True,0.4,0.7428004145622253,False,0.008000001311302185,0.797557532787323,11.651880538546724,2.22074294090271,0.018986348062753677,1.3792632818222046,0.03383707255125046,0.03277931925170124,0.9914504521378616,16,60,,That was his chief thought.,Gladfully to his chief thought.
00674_0016_sad_0016_001131,0016,sad,happy,neutral,neutral,happy,happy,happy,happy,True,True,True,True,True,0.25,0.9241427183151245,True,0.008000001311302185,0.742964506149292,22.883128364088954,1.5217511653900146,0.025715891271829605,0.28242114186286926,0.030754342675209045,0.028540410233885052,0.9831011193835762,6,60,,"And I never had a whooping cough, why?",And I never had a whooping cough while.
00675_0016_surprise_0016_001606,0016,surprise,happy,neutral,neutral,neutral,happy,happy,happy,True,True,True,True,True,0.16666666666666666,0.902667760848999,True,0.008000001311302185,0.7508758306503296,22.423405707766246,3.1986961364746094,0.02454211562871933,0.8669207692146301,0.04215942323207855,0.03321174491509796,0.9923274626342695,6,60,,Still you owe it a duty?,Do you owe it a duty?
00676_0016_surprise_0016_001556,0016,surprise,happy,neutral,neutral,neutral,happy,happy,happy,True,True,True,True,True,0.0,1.0,True,0.008000001311302185,0.7090222835540771,19.51594524799826,2.8734679222106934,0.02437712624669075,0.3032686710357666,0.04101705178618431,0.027410223127566278,0.991516478726536,10,60,,The eye could not catch them.,The eye could not catch them.
00677_0016_surprise_0016_001421,0016,surprise,happy,surprise,neutral,surprise,happy,happy,happy,True,True,True,True,True,0.6666666666666666,0.7390816807746887,False,0.008000001311302185,0.5191532373428345,29.68554500998148,2.1519196033477783,0.020342424511909485,0.6020469069480896,0.023586079478263855,0.026363129442185166,0.9905468473449183,4,60,,As Rich's son-in-law?,As Richest Peter's son-in-law?
00678_0016_surprise_0016_001542,0016,surprise,happy,neutral,neutral,neutral,happy,happy,happy,True,True,True,True,True,0.2,0.9570078253746033,True,0.008000001311302185,0.46742671728134155,30.053751123388295,1.5624394416809082,0.014311688020825386,0.6178470849990845,0.024254821240901947,0.020490401419028643,0.9908401646559636,3,60,,Wake now my merry tads.,Wake now my merry tats.
00679_0016_surprise_0016_001746,0016,surprise,happy,neutral,neutral,neutral,happy,happy,happy,True,True,True,True,True,0.3333333333333333,0.9939573407173157,True,0.008000001311302185,0.582915723323822,22.376734076379655,1.0965863466262817,0.0857464075088501,0.37926605343818665,0.02894061617553234,0.08953935744939372,0.9218060595295077,5,60,,I am going to Back Home.,I am going to back home.
00680_0016_surprise_0016_001504,0016,surprise,happy,neutral,neutral,surprise,neutral,happy,happy,False,False,True,True,False,0.5,0.482712984085083,False,0.008000001311302185,0.7166686058044434,23.09712812241414,2.1949663162231445,0.18062469363212585,0.9319933652877808,0.02943645976483822,0.1899449216496013,0.9177095829229285,10,60,,Here am I whom you seek?,"Here am I, home, you see."
00681_0016_surprise_0016_001650,0016,surprise,happy,neutral,neutral,neutral,happy,happy,happy,True,True,True,True,True,0.0,1.0,True,0.008000001311302185,0.6518781185150146,22.42476523273156,3.753340244293213,0.034134186804294586,0.2944810688495636,0.036567509174346924,0.03707936316788196,0.9909056508116486,4,60,,Her kind and firm glance.,Her kind and firm glance.
00682_0016_surprise_0016_001663,0016,surprise,happy,sad,sad,neutral,happy,happy,happy,True,True,True,True,True,0.8,0.6692458391189575,False,0.008000001311302185,0.5763461589813232,25.525519000717587,3.3140463829040527,0.05685822665691376,0.6312065124511719,0.02639821544289589,0.0631705557635799,0.9828432616543256,5,60,,She said in subdued voice.,"If she said in subjunctive voice,"
00683_0016_surprise_0016_001621,0016,surprise,happy,sad,neutral,neutral,happy,happy,happy,True,True,True,True,True,0.8,0.5975201725959778,False,0.008000001311302185,0.8198058009147644,17.721840448781677,3.959164619445801,0.017012102529406548,0.9465376138687134,0.04138633608818054,0.026477892531454564,0.9957031080632894,6,60,,I am a selfish sinner.,"Hi, I'm the selfish zinzer."
00684_0016_surprise_0016_001675,0016,surprise,happy,neutral,neutral,neutral,happy,happy,happy,True,True,True,True,True,0.375,0.8535157442092896,True,0.008000001311302185,0.7038609981536865,23.71595415058443,3.8323140144348145,0.055909737944602966,0.3574104309082031,0.037000227719545364,0.0594842122559622,0.9854109716129699,8,60,,You shouldn't have pricked him with your horn.,He shouldn't have to prank him with your horn.
00685_0016_surprise_0016_001414,0016,surprise,happy,sad,sad,neutral,neutral,happy,happy,False,False,True,True,False,0.3333333333333333,0.8495317101478577,True,0.008000001311302185,0.6835440397262573,25.430098090070068,3.273639678955078,0.253942608833313,0.3721117675304413,0.027776841074228287,0.2576640042770281,0.9224280514236772,10,60,,"Annie, please, please don't hurt me.","Annie, please sleeves don't hurt me."
00686_0016_surprise_0016_001443,0016,surprise,happy,neutral,neutral,neutral,happy,happy,happy,True,True,True,True,True,0.4166666666666667,0.8969639539718628,True,0.008000001311302185,0.6442736983299255,28.355866503617516,1.9813637733459473,0.2545510530471802,0.5566380620002747,0.023424049839377403,0.2601176679076813,0.8715273507714753,10,60,,"[ 0m0s110ms - 0m29s10ms ] Story 29, a boy and a monkey.","Story 29, a boy and a monkey."
00687_0016_surprise_0016_001494,0016,surprise,happy,neutral,neutral,neutral,surprise,happy,happy,False,False,True,True,False,0.125,0.967999279499054,True,0.008000001311302185,0.7258114814758301,24.157979679947708,3.6043663024902344,0.26180940866470337,0.3320077359676361,0.031437039375305176,0.2651298003947735,0.9273632625840995,14,60,,They found a cow grazing in a field.,They've found a cow grazing in a field.
00688_0016_surprise_0016_001410,0016,surprise,happy,neutral,neutral,neutral,happy,happy,happy,True,True,True,True,True,1.0,0.21646742522716522,False,0.008000001311302185,0.6389302611351013,23.307003060639417,3.809720516204834,0.01726708747446537,1.8829158544540405,0.03647206351161003,0.03609661073964089,0.9954676235694931,6,60,,A nauseous draft.,Anasha Strax
00689_0016_surprise_0016_001601,0016,surprise,happy,neutral,neutral,neutral,happy,happy,happy,True,True,True,True,True,0.0,1.0,True,0.008000001311302185,0.5521460175514221,28.694307410003788,2.6124987602233887,0.05790577828884125,0.22081585228443146,0.025615926831960678,0.06011419297095388,0.9778350982704811,7,60,,A lady is on Alice's lap.,A lady is on Alice's lap.
00690_0016_surprise_0016_001411,0016,surprise,happy,neutral,happy,neutral,happy,happy,happy,True,True,True,True,True,0.0,1.0000001192092896,True,0.008000001311302185,0.48827168345451355,28.307890421670802,0.9969431161880493,0.011985077522695065,0.2704634666442871,0.020027872174978256,0.014689912467859684,0.9879781731494153,0,60,,Chapter 10: A Warm Welcome,Chapter 10: A Warm Welcome
00691_0016_surprise_0016_001460,0016,surprise,happy,neutral,neutral,surprise,happy,happy,happy,True,True,True,True,True,0.16666666666666666,0.9431800842285156,True,0.008000001311302185,0.6495037078857422,25.642341830360778,3.462071418762207,0.02471865341067314,0.6090892553329468,0.033367007970809937,0.030809879634082316,0.9928601549706012,6,60,,That I am a born nurse.,And I am a born nurse.
00692_0016_surprise_0016_001624,0016,surprise,happy,neutral,neutral,neutral,happy,happy,happy,True,True,True,True,True,0.16666666666666666,0.976660430431366,True,0.008000001311302185,0.7181441187858582,18.301194372352516,2.5524024963378906,0.021510310471057892,1.1172558069229126,0.03575555980205536,0.03268322609588504,0.991572524121129,5,60,,Do you know the lid opens?,Do you know how the lid opens?
00693_0016_surprise_0016_001611,0016,surprise,happy,surprise,neutral,surprise,happy,happy,happy,True,True,True,True,True,0.375,0.9144328832626343,True,0.008000001311302185,0.6074708104133606,26.573816744878567,2.678032636642456,0.021969016641378403,0.7395908832550049,0.02629154548048973,0.02936518838938326,0.9917965836783372,3,60,,From each cake there's springing a huge dog.,"From each cake, there sprang a huge dog."
00694_0016_surprise_0016_001565,0016,surprise,happy,neutral,neutral,neutral,happy,happy,happy,True,True,True,True,True,0.0,0.9999999403953552,True,0.008000001311302185,0.6538146734237671,23.281283737757718,2.8027191162109375,0.022020641714334488,0.42402756214141846,0.02326597087085247,0.02626114999545738,0.9921431150246319,5,60,,They were going fast with a light clip.,They were going fast with a light clip.
00695_0016_surprise_0016_001595,0016,surprise,happy,neutral,neutral,neutral,happy,happy,happy,True,True,True,True,True,0.8571428571428571,0.44399964809417725,False,0.008000001311302185,0.6668115854263306,25.025047260840513,2.606710910797119,0.09760026633739471,2.3010175228118896,0.02987316995859146,0.12061074029721319,0.9625580781002105,5,60,,A boat put out on the bay.,On the beach.
00696_0016_surprise_0016_001463,0016,surprise,happy,neutral,neutral,neutral,happy,happy,happy,True,True,True,True,True,1.0,0.8690954446792603,True,0.008000001311302185,0.6197501420974731,25.627554771611145,2.525176763534546,0.18424829840660095,1.1847139596939087,0.028658872470259666,0.19609572459226474,0.9270354847758442,8,60,,Asteroid 325,Asteroid 320 Pits.
00697_0016_surprise_0016_001683,0016,surprise,happy,surprise,neutral,surprise,neutral,happy,happy,False,False,True,True,False,0.5714285714285714,0.8626654148101807,True,0.008000001311302185,0.585244357585907,25.282174300595216,2.7797393798828125,0.3703993558883667,0.2527979612350464,0.03214962035417557,0.3729276569969207,0.8667503297003398,11,60,,That had been named Tom and Jerry.,Tom and Jerry.
00698_0016_surprise_0016_001552,0016,surprise,happy,neutral,neutral,neutral,happy,happy,happy,True,True,True,True,True,0.0,1.0,True,0.008000001311302185,0.7789371013641357,17.311232972851403,2.59798526763916,0.08034180849790573,0.17026790976524353,0.04051223397254944,0.0820448927178979,0.9690753409964815,5,60,,Guilty for what do you rule?,Guilty for what do you rule?
00699_0016_surprise_0016_001748,0016,surprise,happy,neutral,neutral,neutral,happy,happy,happy,True,True,True,True,True,0.0,1.0,True,0.008000001311302185,0.7603195905685425,21.98209625010385,2.5075478553771973,0.0241407360881567,0.07214414328336716,0.03493894264101982,0.024862526910416783,0.9903727715359891,7,60,,"Dear customer, welcome to our ship.","Dear customer, welcome to our ship."
00000_0017_angry_0017_000506,0017,angry,happy,neutral,neutral,neutral,happy,happy,happy,True,True,True,True,True,1.0,0.11045283079147339,False,0.008000001311302185,1.0004310607910156,10.419989920754361,3.0148868560791016,0.02462982013821602,4.70076847076416,0.055594127625226974,0.07163806078713388,0.9918305988536341,4,60,,The eye could not catch them.,I smacked pizza.
00001_0017_angry_0017_000560,0017,angry,happy,neutral,neutral,neutral,happy,happy,happy,True,True,True,True,True,1.75,0.18653909862041473,False,0.008000001311302185,0.8939419388771057,11.150533583412006,4.300544261932373,0.024763885885477066,2.1712357997894287,0.03983791917562485,0.0464766422625631,0.994241685615311,5,60,,It weighs 7.5 kilogram.,"Baby's 7, King 5, baby's gonna grand."
00002_0017_angry_0017_000511,0017,angry,happy,neutral,neutral,happy,happy,happy,happy,True,True,True,True,True,0.8,0.35711127519607544,False,0.008000001311302185,0.9852244853973389,7.643088883780759,1.7957267761230469,0.03706789016723633,2.924672842025757,0.04231289029121399,0.06631504171639681,0.9793577226446077,2,60,,That's a full grown cult.,I got the full grown hope.
00003_0017_angry_0017_000520,0017,angry,happy,neutral,happy,happy,happy,happy,happy,True,True,True,True,True,0.6666666666666666,0.43477863073349,False,0.008000001311302185,1.020228385925293,5.970865294711292,1.3391764163970947,0.018517829477787018,1.8282533884048462,0.04303465783596039,0.03680079370841384,0.9861722255178245,3,60,,"But if you hadn't done them,",But it's beauty if I hadn't done Mary.
00004_0017_angry_0017_000399,0017,angry,happy,surprise,happy,surprise,happy,happy,happy,True,True,True,True,True,0.2,0.9055825471878052,True,0.008000001311302185,0.8675205707550049,19.717312919057512,1.139664649963379,0.01688881404697895,0.4429875910282135,0.03877711296081543,0.021319077728390694,0.985180891547771,2,60,,"Then, we all say, ""Aha!""","Then, we all say, ""Sah-ah!"""
00005_0017_angry_0017_000368,0017,angry,happy,sad,sad,sad,happy,happy,happy,True,True,True,True,True,1.1666666666666667,0.14392328262329102,False,0.008000001311302185,0.8550402522087097,16.397201498703964,4.668057918548584,0.032029833644628525,1.776539921760559,0.04064324498176575,0.04979563929468393,0.99313850980354,14,60,,"Then sadly, it is much farther.","I always want you all to go,"
00006_0017_angry_0017_000658,0017,angry,happy,neutral,neutral,neutral,happy,happy,happy,True,True,True,True,True,0.45454545454545453,0.6464202404022217,False,0.008000001311302185,1.4019795656204224,4.102471043616873,4.2699408531188965,0.02135726809501648,2.6289827823638916,0.03911922872066498,0.047647487110942605,0.9949982285868394,3,60,,Perhaps you think that is a queer title for this chapter.,This looks hot. I think that is a cool title for this chapter.
00007_0017_angry_0017_000513,0017,angry,happy,neutral,neutral,neutral,happy,happy,happy,True,True,True,True,True,0.8888888888888888,0.4448518753051758,False,0.008000001311302185,1.0282927751541138,7.970994828082255,1.745723009109497,0.015643801540136337,2.3186848163604736,0.03464442491531372,0.03883099614799023,0.9910387836681397,6,60,,How they went to the mountains to eat nuts.,"How they went to the mountains, we go there, we love to go there."
00008_0017_angry_0017_000512,0017,angry,happy,neutral,neutral,neutral,happy,happy,happy,True,True,True,True,True,1.0,0.44017085433006287,False,0.008000001311302185,1.099266529083252,10.785582415147466,2.8816261291503906,0.0302536990493536,3.9686849117279053,0.05121723935008049,0.06994106033902614,0.9895011713201416,4,60,,I lent George three pounds.,"I went to George, we bounced."
00009_0017_angry_0017_000532,0017,angry,happy,neutral,neutral,neutral,happy,happy,happy,True,True,True,True,True,1.5714285714285714,0.2945557236671448,False,0.008000001311302185,1.0192984342575073,9.025474269440487,1.8043521642684937,0.026933252811431885,4.81701135635376,0.0480191707611084,0.07510384656667708,0.9850731728845455,3,60,,Age forty-five if a day a lie.,"This game is totally five. I feel like a good day, Elide."
00010_0017_angry_0017_000679,0017,angry,happy,happy,happy,happy,happy,happy,happy,True,True,True,True,True,0.3,0.9865365028381348,True,0.008000001311302185,1.0187304019927979,6.799179437940474,0.0833444893360138,0.014348313212394714,0.1170128881931305,0.04055368900299072,0.015518847631216049,0.8278432884200936,0,60,,And his heart wagged with joy like a lamb's tail.,and his heart wagged with joy like a lamb's.
00011_0017_angry_0017_000630,0017,angry,happy,neutral,neutral,neutral,happy,happy,happy,True,True,True,True,True,1.2,0.0822257325053215,False,0.008000001311302185,1.026863694190979,5.532173819194901,2.295132637023926,0.034960463643074036,5.984430313110352,0.05926590785384178,0.09480535943325609,0.9847675628505693,4,60,,Your path now goes south.,"""Roughly translated: My friend Zhou smiled."""
00012_0017_angry_0017_000576,0017,angry,happy,neutral,neutral,neutral,happy,happy,happy,True,True,True,True,True,1.0,0.6362789273262024,False,0.008000001311302185,1.2161504030227661,4.215755451309049,2.03255558013916,0.017934685572981834,1.5880091190338135,0.04038720205426216,0.03381518063534051,0.9911762877491626,6,60,,"And the next day, Nurse will be released.","And the next day, that we have nursed, that you'll be your loose."
00013_0017_angry_0017_000672,0017,angry,happy,neutral,happy,happy,happy,happy,happy,True,True,True,True,True,0.25,0.4346889853477478,False,0.008000001311302185,0.8585463166236877,5.596348901657297,1.0464507341384888,0.017341844737529755,1.5040240287780762,0.043194010853767395,0.03238251696541905,0.9834279396327179,6,60,,A special pot too.,A special hop too.
00014_0017_angry_0017_000594,0017,angry,happy,neutral,neutral,neutral,happy,happy,happy,True,True,True,True,True,0.4,0.6107209920883179,False,0.008000001311302185,0.8738531470298767,10.600943072618492,2.4056406021118164,0.023838263005018234,1.2820948362350464,0.04618849977850914,0.036659673252366486,0.990090679803088,3,60,,Off for the prison ship.,"Aww, for the prison chick."
00015_0017_angry_0017_000395,0017,angry,happy,neutral,neutral,neutral,happy,happy,happy,True,True,True,True,True,0.375,0.22205498814582825,False,0.008000001311302185,1.021714210510254,13.927510056765929,3.7441396713256836,0.01304897852241993,1.3605244159698486,0.03949625417590141,0.026654617644660174,0.9965148259232007,11,60,,The nastiest things they saw were the cobwebs.,The nicest things we saw were the cobblestones.
00016_0017_angry_0017_000681,0017,angry,happy,neutral,neutral,neutral,happy,happy,happy,True,True,True,True,True,1.0,0.4192960262298584,False,0.008000001311302185,1.1397254467010498,3.732926281242046,3.443148374557495,0.014513462781906128,3.8760159015655518,0.042216550558805466,0.05327404396306724,0.9957848279530587,6,60,,She'll be feverish after so much thinking.,"She was so excited. Go, my Coburn."
00017_0017_angry_0017_000534,0017,angry,happy,neutral,neutral,neutral,happy,happy,happy,True,True,True,True,True,0.5,0.7545461654663086,False,0.008000001311302185,1.2647783756256104,1.5424465002922862,1.2886143922805786,0.014853186905384064,0.7399194240570068,0.051520586013793945,0.02225289635181427,0.9884735208652318,3,60,,"We have been fine, haven't we?","We've been fun, haven't we?"
00018_0017_angry_0017_000463,0017,angry,happy,neutral,neutral,neutral,happy,happy,happy,True,True,True,True,True,1.3333333333333333,0.25993597507476807,False,0.008000001311302185,1.230339765548706,6.308957352830844,3.2194643020629883,0.01651271991431713,3.4974443912506104,0.047226276248693466,0.051487636089585724,0.9948709728187587,4,60,,Mr Lawson saw George last night.,"Mr. Law said he saw Joanne, she laughed nice."
00019_0017_angry_0017_000651,0017,angry,happy,neutral,neutral,neutral,happy,happy,happy,True,True,True,True,True,0.3333333333333333,0.559643030166626,False,0.008000001311302185,1.0375447273254395,4.981953600901628,1.9739775657653809,0.010742809623479843,1.4680317640304565,0.04528602212667465,0.025423580124005675,0.9945577853518743,5,60,,I'm sure your friends can wait.,I'm sure your friends dingle up.
00020_0017_angry_0017_000390,0017,angry,happy,sad,sad,neutral,happy,happy,happy,True,True,True,True,True,0.0,1.0,True,0.008000001311302185,0.6930990219116211,22.114219143517744,1.669384241104126,0.016094587743282318,0.27592533826828003,0.021932881325483322,0.018854060454778374,0.9903589674881336,8,60,,In which Fox loses a tail and its elder sister finds one.,In which Fox loses a tail and its elder sister finds one.
00021_0017_angry_0017_000483,0017,angry,happy,neutral,neutral,neutral,happy,happy,happy,True,True,True,True,True,0.42857142857142855,0.8598799705505371,True,0.008000001311302185,1.1212501525878906,6.086799762275776,1.4053199291229248,0.03905712068080902,1.876336693763733,0.049535032361745834,0.057820982968769974,0.9722076661182874,3,60,,I smell the breath of an English.,"Nice smells, the grasp of an English."
00022_0017_angry_0017_000450,0017,angry,happy,neutral,neutral,neutral,happy,happy,happy,True,True,True,True,True,1.0,0.30273839831352234,False,0.008000001311302185,1.2597864866256714,3.7467498729531163,3.593879461288452,0.015480337664484978,2.460588216781616,0.05152998864650726,0.0400867351321876,0.9956925829507551,6,60,,"Well, anyhow, it didn't rain, he said.","Anyhow, you did great, my sweet kid."
00023_0017_angry_0017_000371,0017,angry,happy,neutral,happy,surprise,happy,happy,happy,True,True,True,True,True,0.6,0.8165411949157715,True,0.008000001311302185,0.7905483245849609,16.708486575180704,1.4838287830352783,0.036948107182979584,1.7401220798492432,0.029473379254341125,0.05434962271526456,0.9750994807450766,7,60,,As rich as Peter's son-in-law.,As rich as Peter's fun and lofts.
00024_0017_angry_0017_000477,0017,angry,happy,neutral,happy,happy,happy,happy,happy,True,True,True,True,True,0.7142857142857143,0.6737267971038818,False,0.008000001311302185,0.9123919606208801,9.395451365889526,0.8366214036941528,0.05201571807265282,2.591517686843872,0.045682258903980255,0.07793135176368057,0.9378264554994956,0,60,,Because I know I had some honey.,I know. I had some tiny bees fun.
00025_0017_neutral_0017_000108,0017,neutral,happy,neutral,neutral,neutral,happy,happy,happy,True,True,True,True,True,0.0,0.9999998807907104,True,0.008000001311302185,0.7294908761978149,22.661771085033962,1.9799957275390625,0.041603829711675644,0.18701128661632538,0.03480905294418335,0.04347429066836834,0.9789879194520359,11,60,,The squire himself showed perfect.,The squire himself showed perfect.
00026_0017_neutral_0017_000237,0017,neutral,happy,neutral,neutral,neutral,happy,happy,happy,True,True,True,True,True,1.3333333333333333,0.30389007925987244,False,0.008000001311302185,0.7603936195373535,16.567362711011203,1.7774051427841187,0.13035307824611664,1.7915757894515991,0.03576995059847832,0.14826919384013862,0.9266610211097217,8,60,,They would go to the beach.,What would they do at the end of the year?
00027_0017_neutral_0017_000044,0017,neutral,happy,neutral,neutral,neutral,happy,happy,happy,True,True,True,True,True,0.0,1.0,True,0.008000001311302185,0.774380624294281,19.062715054951205,2.3283185958862305,0.11416187137365341,0.09927496314048767,0.03298554942011833,0.11515495086055248,0.950968105664165,4,60,,"Take courage, all isn't lost yet.","Take courage, all isn't lost yet."
00028_0017_neutral_0017_000290,0017,neutral,happy,neutral,neutral,happy,happy,happy,happy,True,True,True,True,True,0.0,1.0000001192092896,True,0.008000001311302185,0.677263617515564,17.94100037276974,1.8199820518493652,0.020918315276503563,0.3092731535434723,0.02960680052638054,0.02401134287994355,0.9885063068312968,5,60,,There goes the shawl again.,There goes the shawl again.
00029_0017_neutral_0017_000321,0017,neutral,happy,neutral,neutral,neutral,happy,happy,happy,True,True,True,True,True,0.5,0.6817959547042847,False,0.008000001311302185,0.7429935932159424,16.166177379069158,1.5784558057785034,0.03384611755609512,1.7256662845611572,0.040900953114032745,0.051103189411237836,0.9785574499886602,7,60,,Called out the cloud.,Pulled out the clouds.
00030_0017_neutral_0017_000247,0017,neutral,happy,neutral,neutral,neutral,happy,happy,happy,True,True,True,True,True,0.5,0.5038870573043823,False,0.008000001311302185,0.8904678821563721,14.994538166979304,1.8239587545394897,0.03304104506969452,0.7334270477294922,0.03886937350034714,0.040375704240724446,0.98188498232898,5,60,,She and I are running a neck and neck race.,She and I are running and napping in their reefs.
00031_0017_neutral_0017_000040,0017,neutral,happy,sad,sad,neutral,neutral,happy,happy,False,False,True,True,False,0.0,1.0,True,0.008000001311302185,0.7682002782821655,19.632268193044343,2.087613582611084,0.2962602376937866,0.10051412880420685,0.02872314676642418,0.29726566621329636,0.8580866496742952,10,60,,In which Fox loses a tail and its elder sister finds one.,In which Fox loses a tail and its elder sister finds one.
00032_0017_neutral_0017_000051,0017,neutral,happy,neutral,neutral,neutral,neutral,happy,happy,False,False,True,True,False,1.25,0.10290376096963882,False,0.008000001311302185,0.8253709077835083,17.374015368239277,1.8577024936676025,0.44669434428215027,3.520641803741455,0.03751538321375847,0.4819011374733969,0.7595447356049698,4,60,,"""Where's the nearest bar?""",Said be American to Chinese.
00033_0017_neutral_0017_000283,0017,neutral,happy,neutral,neutral,neutral,happy,happy,happy,True,True,True,True,True,0.2857142857142857,0.9110285043716431,True,0.008000001311302185,0.863437294960022,17.23109151858918,1.6970853805541992,0.04792073369026184,1.0035927295684814,0.03860294073820114,0.05795704701535404,0.9717629211592095,6,60,,They had been named Tom and Jerry.,We have been named Tom and Jerry.
00034_0017_neutral_0017_000322,0017,neutral,happy,neutral,neutral,neutral,happy,happy,happy,True,True,True,True,True,0.25,0.5047454833984375,False,0.008000001311302185,0.7179316282272339,13.727956802628668,1.495826244354248,0.03199642896652222,1.1858021020889282,0.037989575415849686,0.043854829883165664,0.978609528287602,3,60,,A special pot too.,A special pop too.
00035_0017_neutral_0017_000297,0017,neutral,happy,neutral,neutral,neutral,happy,happy,happy,True,True,True,True,True,0.4444444444444444,0.9339889287948608,True,0.008000001311302185,0.8494380116462708,16.198335814538037,2.6614291667938232,0.012623796239495277,0.6131038665771484,0.033878691494464874,0.018755173692181708,0.9952567603913717,5,60,,How Tom and Jerry went to visit Mr. Sam.,That's how Tom and Jerry went to his at Mr. Sam.
00036_0017_neutral_0017_000117,0017,neutral,happy,sad,neutral,neutral,happy,happy,happy,True,True,True,True,True,0.2,0.561247706413269,False,0.008000001311302185,0.7060209512710571,16.211951335400236,2.1258909702301025,0.04679030179977417,0.24529097974300385,0.04010564833879471,0.049243612653687596,0.9779902626922068,11,60,,They were children of mine.,They were children of mime.
00037_0017_neutral_0017_000168,0017,neutral,happy,neutral,neutral,neutral,happy,happy,happy,True,True,True,True,True,0.875,0.1629224568605423,False,0.008000001311302185,0.793695330619812,16.00656723524688,2.792508602142334,0.02914256416261196,1.464915156364441,0.0364590659737587,0.04379208031691611,0.9895640199137598,9,60,,"I said you looked like an egg, sir.","I saggy love Blake and Agy, sirs."
00038_0017_neutral_0017_000200,0017,neutral,happy,neutral,neutral,neutral,happy,happy,happy,True,True,True,True,True,0.5714285714285714,0.4521394968032837,False,0.008000001311302185,1.0145888328552246,15.630930262792027,4.712708473205566,0.03655155003070831,2.358736753463745,0.04078489542007446,0.06013932541429996,0.9922440460218312,6,60,,The cloth does not look worth much.,If floss does not look worth them up.
00039_0017_neutral_0017_000052,0017,neutral,happy,sad,neutral,neutral,sad,happy,happy,False,False,True,True,False,0.0,1.0,True,0.008000001311302185,0.6924821138381958,19.58074797944525,1.587258219718933,0.5334967374801636,0.2193114012479782,0.02628614567220211,0.5356901143541001,0.6638878722740944,11,60,,From August 18th of their divorce.,From August 18th of their divorce.
00040_0017_neutral_0017_000338,0017,neutral,happy,neutral,neutral,neutral,happy,happy,happy,True,True,True,True,True,0.8333333333333334,0.7908880114555359,False,0.008000001311302185,0.9923863410949707,12.495801296142965,4.03596305847168,0.019591357558965683,2.350437641143799,0.05049299821257591,0.043096238900385796,0.9951458035479679,6,60,,Paul's teeth ached because of lemon.,Paul's teeth ace. You'd hug up lemons.
00041_0017_neutral_0017_000346,0017,neutral,happy,neutral,neutral,happy,happy,happy,happy,True,True,True,True,True,0.3333333333333333,0.9939573407173157,True,0.008000001311302185,0.747754693031311,16.03913211118828,1.4394524097442627,0.03638216108083725,0.4408576786518097,0.04046206176280975,0.04079114248797298,0.9747249990103521,2,60,,I am going to back home.,I am going to Back Home.
00042_0017_neutral_0017_000254,0017,neutral,happy,neutral,happy,happy,happy,happy,happy,True,True,True,True,True,0.0,0.9999998807907104,True,0.008000001311302185,0.4984772801399231,16.48445089836858,0.2946002185344696,0.023039374500513077,0.07991079241037369,0.025073625147342682,0.02383873316086829,0.9217944419215787,0,60,,She laughed.,She laughed.
00043_0017_neutral_0017_000196,0017,neutral,happy,neutral,neutral,happy,happy,happy,happy,True,True,True,True,True,0.125,0.9961071014404297,True,0.008000001311302185,0.6042037010192871,22.502839421128034,1.8167842626571655,0.011505159549415112,0.25861331820487976,0.021311817690730095,0.014091505849640817,0.9936672945787256,3,60,,Clear are your eyes and bright your breath.,Clear are your eyes and bright your breaths.
00044_0017_neutral_0017_000064,0017,neutral,happy,sad,neutral,neutral,neutral,happy,happy,False,False,True,True,False,0.2,0.5312995910644531,False,0.008000001311302185,0.7205172777175903,15.89085389401866,2.7474875450134277,0.18681691586971283,0.15931269526481628,0.039877381175756454,0.18841044159617273,0.9320044539569333,6,60,,And we are so thirsty.,And we are so thirsties.
00045_0017_neutral_0017_000315,0017,neutral,happy,neutral,neutral,neutral,happy,happy,happy,True,True,True,True,True,0.0,0.9999999403953552,True,0.008000001311302185,0.8206930756568909,17.58002391706936,1.5933146476745605,0.014095540158450603,0.2571617364883423,0.03445259481668472,0.016667502049282194,0.991153322930268,6,60,,It's to say how do you do with Tom's answer.,It's to say how do you do with Tom's answer.
00046_0017_neutral_0017_000319,0017,neutral,happy,neutral,neutral,neutral,happy,happy,happy,True,True,True,True,True,1.0,0.3727986514568329,False,0.008000001311302185,0.9018610119819641,15.012343869347674,3.8453383445739746,0.06920551508665085,3.750422477722168,0.03372113034129143,0.10671007707517594,0.9820027501131846,6,60,,How could I dig burrows with short toenails?,It's all good eyes in burrows in Fort Tonawanda.
00047_0017_neutral_0017_000165,0017,neutral,happy,neutral,neutral,neutral,happy,happy,happy,True,True,True,True,True,0.375,0.7344788908958435,False,0.008000001311302185,0.9110224843025208,14.736452993101775,2.0937297344207764,0.029539600014686584,0.7749794721603394,0.03225674107670784,0.037289717303700745,0.9858913977630172,9,60,,They were going fast with a light clip.,If they were going fast with a light click.
00048_0017_neutral_0017_000140,0017,neutral,happy,neutral,neutral,neutral,happy,happy,happy,True,True,True,True,True,0.0,1.0,True,0.008000001311302185,0.9938763976097107,11.413759458253923,2.5033929347991943,0.01322384737432003,0.35271716117858887,0.03925886005163193,0.016751411574706436,0.9947176301448735,5,60,,What an impetuous boy he is.,What an impetuous boy he is.
00049_0017_neutral_0017_000066,0017,neutral,happy,neutral,neutral,neutral,happy,happy,happy,True,True,True,True,True,0.0,1.0,True,0.008000001311302185,0.7121832966804504,19.23251970672125,3.3809516429901123,0.06486320495605469,0.054325226694345474,0.030678629875183105,0.0654067640092969,0.9808151042057822,8,60,,Shall we let Barbara in?,Shall we let Barbara in?
00050_0017_sad_0017_001117,0017,sad,happy,neutral,neutral,neutral,happy,happy,happy,True,True,True,True,True,0.4,0.8143551349639893,True,0.008000001311302185,0.9570978283882141,11.05737351060431,4.009631633758545,0.054465293884277344,2.0922298431396484,0.04918324202299118,0.07538808414809406,0.9864163846310184,17,60,,"I suppose no, it doesn't.","I was like, no, it doesn't."
00051_0017_sad_0017_001340,0017,sad,happy,neutral,neutral,happy,happy,happy,happy,True,True,True,True,True,0.2,0.5335916876792908,False,0.008000001311302185,0.7543672919273376,18.091975177028207,2.0874993801116943,0.01472422294318676,0.5479793548583984,0.036579862236976624,0.020204382290393112,0.992946477932655,5,60,,There goes the shawl again.,There goes the show again.
00052_0017_sad_0017_001144,0017,sad,happy,neutral,neutral,neutral,happy,happy,happy,True,True,True,True,True,0.5,0.46852871775627136,False,0.008000001311302185,0.9106374382972717,11.979760383676911,2.8502917289733887,0.010313098318874836,1.1922245025634766,0.047629158943891525,0.022235819636099042,0.9963817393798531,10,60,,They found a cow grazing in a field.,"It found its pal, Threedy, in a field."
00053_0017_sad_0017_001395,0017,sad,happy,neutral,neutral,neutral,happy,happy,happy,True,True,True,True,True,0.2,0.8723042011260986,True,0.008000001311302185,0.8148875832557678,16.48847001989604,3.6355528831481934,0.032916635274887085,1.242870807647705,0.04754897579550743,0.04534581884112209,0.9909459066246938,10,60,,Our worrying noise was heard.,Our wearing noise was heard.
00054_0017_sad_0017_001314,0017,sad,happy,angry,neutral,neutral,happy,happy,happy,True,True,True,True,True,0.3333333333333333,0.6548669338226318,False,0.008000001311302185,0.6944566965103149,23.548059524243957,2.412597179412842,0.019413484260439873,0.34866219758987427,0.03415945544838905,0.022900447830893098,0.991953284026816,15,60,,Slam the doors and wedge them.,Slam the doors and wed then.
00055_0017_sad_0017_001264,0017,sad,happy,neutral,neutral,neutral,happy,happy,happy,True,True,True,True,True,0.8333333333333334,0.5096381902694702,False,0.008000001311302185,0.8288372159004211,15.76512808576677,2.991260051727295,0.009460141882300377,2.8729426860809326,0.039766982197761536,0.03818996641293168,0.9968374057358077,3,60,,"But what about this thing, sticky.",But what about this thing? Let's take bees over.
00056_0017_sad_0017_001257,0017,sad,happy,neutral,neutral,neutral,happy,happy,happy,True,True,True,True,True,0.1111111111111111,0.9758924245834351,True,0.008000001311302185,0.902957022190094,17.035396996975663,2.386824607849121,0.022197511047124863,0.573835015296936,0.038797877728939056,0.027936249178871515,0.9906999823220659,4,60,,"What am I? I'm a racer, son of God.","What am I? I'm a racer, kind of God."
00057_0017_sad_0017_001366,0017,sad,happy,neutral,neutral,neutral,happy,happy,happy,True,True,True,True,True,1.2,0.0010317526757717133,False,0.008000001311302185,0.7797583937644958,16.599709505614058,3.350158452987671,0.030932337045669556,4.3556904792785645,0.04811881110072136,0.07448972302656622,0.9907669032734604,3,60,,A thief in the night.,"Good to you, Jim, and I."
00058_0017_sad_0017_001361,0017,sad,happy,neutral,neutral,neutral,happy,happy,happy,True,True,True,True,True,0.0,0.9999999403953552,True,0.008000001311302185,0.9804259538650513,14.25349210153573,1.552148699760437,0.03610532358288765,0.26090988516807556,0.035785894840955734,0.03871478029351682,0.9767384893029513,1,60,,I am safe. Back again.,I am safe. Back again.
00059_0017_sad_0017_001231,0017,sad,happy,neutral,happy,happy,happy,happy,happy,True,True,True,True,True,0.25,0.8493146896362305,True,0.008000001311302185,0.8212336301803589,13.45470718809656,1.3689038753509521,0.00995042733848095,1.556117057800293,0.03123091161251068,0.025511910225600003,0.9927310985689701,4,60,,"First, issue a reward.","First, it's a reward."
00060_0017_sad_0017_001266,0017,sad,happy,neutral,neutral,neutral,happy,happy,happy,True,True,True,True,True,1.0,-0.05119486153125763,False,0.008000001311302185,0.8958784341812134,15.2033963789816,4.329201698303223,0.08519147336483002,4.209165096282959,0.054165326058864594,0.12728366598092017,0.9803216668333518,18,60,,It isn't picked at all.,"Beauty, we can take it all."
00061_0017_sad_0017_001400,0017,sad,happy,neutral,neutral,neutral,happy,happy,happy,True,True,True,True,True,0.0,1.0000001192092896,True,0.008000001311302185,0.9567075371742249,12.391837472555046,3.0483453273773193,0.03761725127696991,0.32679352164268494,0.05788368731737137,0.040885765330269934,0.9876597802292517,10,60,,Do you have anything in mind?,Do you have anything in mind?
00062_0017_sad_0017_001346,0017,sad,happy,neutral,neutral,neutral,neutral,happy,happy,False,False,True,True,False,0.0,1.0,True,0.008000001311302185,0.859406054019928,19.121644181767596,2.309474468231201,0.2278088927268982,0.2748640775680542,0.03564660996198654,0.23055788996867835,0.9013589906012798,5,60,,You woke me up.,You woke me up.
00063_0017_sad_0017_001248,0017,sad,happy,sad,neutral,neutral,happy,happy,happy,True,True,True,True,True,1.0,0.4883728325366974,False,0.008000001311302185,1.0593713521957397,11.837556296681736,2.7577619552612305,0.02126002311706543,1.9809969663619995,0.03475993499159813,0.04107034038003534,0.9922908418268278,7,60,,I'd shoot myself. A pause.,I just cheated myself. Applause.
00064_0017_sad_0017_001093,0017,sad,happy,neutral,neutral,neutral,happy,happy,happy,True,True,True,True,True,0.42857142857142855,0.5862418413162231,False,0.008000001311302185,0.8896101117134094,14.166545168620369,1.9280109405517578,0.022823935374617577,1.3539255857467651,0.029169118031859398,0.03636348292326555,0.9881619264213896,5,60,,"Story 29, A Boy and a Monkey.","Story 29, Our Boy and Among Bees."
00065_0017_sad_0017_001318,0017,sad,happy,neutral,neutral,neutral,happy,happy,happy,True,True,True,True,True,0.5,0.7375887632369995,False,0.008000001311302185,0.8810104131698608,18.72778780714499,4.113847732543945,0.03424927964806557,1.4824937582015991,0.031288206577301025,0.049074530112147324,0.9916746360403363,8,60,,He showed no signs of age.,"See you showed, no signs of age."
00066_0017_sad_0017_001159,0017,sad,happy,neutral,neutral,neutral,happy,happy,happy,True,True,True,True,True,0.4,0.8591586351394653,True,0.008000001311302185,0.7972911596298218,11.061146494839289,1.8525384664535522,0.022444535046815872,2.459116220474243,0.038775913417339325,0.04703608501069248,0.9878844431825574,4,60,,If they mother knew it.,You say mother knew it.
00067_0017_sad_0017_001061,0017,sad,happy,neutral,happy,happy,happy,happy,happy,True,True,True,True,True,0.2,0.9807500839233398,True,0.008000001311302185,0.7249709367752075,13.941364650691476,0.9141060709953308,0.007796046324074268,0.4742741882801056,0.025400489568710327,0.012539042211771012,0.9914713985920852,0,60,,Chapter 10: A Warm Welcome,Chapter 10 A Warm Welcome
00068_0017_sad_0017_001204,0017,sad,happy,neutral,neutral,neutral,happy,happy,happy,True,True,True,True,True,0.6,0.5806900262832642,False,0.008000001311302185,0.7863418459892273,15.093740691713984,2.8471362590789795,0.02282145246863365,3.0845704078674316,0.03155935928225517,0.05366747214090079,0.9919844185904836,4,60,,He dreamt them all night.,Seems around for them all night.
00069_0017_sad_0017_001302,0017,sad,happy,neutral,neutral,neutral,happy,happy,happy,True,True,True,True,True,0.5,0.4100162386894226,False,0.008000001311302185,0.8112608194351196,19.14540552100746,2.0937790870666504,0.02942976914346218,1.5580852031707764,0.02849634550511837,0.045010906138625,0.9859441861248635,7,60,,I am run off my feet.,I am run all to my sweethearts.
00070_0017_sad_0017_001235,0017,sad,happy,sad,sad,sad,happy,happy,happy,True,True,True,True,True,0.375,0.9036194086074829,True,0.008000001311302185,0.8824784755706787,16.347831955983743,3.7319066524505615,0.02268381230533123,0.8825233578681946,0.040082961320877075,0.031509446713626384,0.9939216560279085,4,60,,The newborn baby is stolen as we go.,The newborn babies stole one as we go.
00071_0017_sad_0017_001277,0017,sad,happy,neutral,neutral,neutral,happy,happy,happy,True,True,True,True,True,0.625,0.4823821187019348,False,0.008000001311302185,0.8285024166107178,16.404978090714774,2.941439390182495,0.03485815227031708,1.8218022584915161,0.03292595595121384,0.05307650411479175,0.9881492875948212,8,60,,"Born once, every 100 years, dies in flames.","Four and once, every 100 years, skies and planes."
00072_0017_sad_0017_001310,0017,sad,happy,neutral,neutral,neutral,sad,happy,happy,False,False,True,True,False,0.1111111111111111,0.8131858110427856,True,0.008000001311302185,0.8763009905815125,18.943311414088072,2.9517438411712646,0.497085303068161,0.39867374300956726,0.03497697040438652,0.5010723902679608,0.8315960564955679,18,60,,"As soon as she went in, there was disorder.","As soon as she went in, fair was disorder."
00073_0017_sad_0017_001227,0017,sad,happy,sad,neutral,neutral,happy,happy,happy,True,True,True,True,True,0.5,0.35091203451156616,False,0.008000001311302185,0.8123243451118469,16.221517235870955,2.6862130165100098,0.21929506957530975,1.8595247268676758,0.037879578769207,0.2378906956397742,0.9183627403234673,10,60,,Tom fell with a cloven head.,A pomfret with a floven head.
00074_0017_sad_0017_001368,0017,sad,happy,neutral,neutral,neutral,happy,happy,happy,True,True,True,True,True,0.125,0.45407089591026306,False,0.008000001311302185,0.7596309781074524,20.787088867875898,1.4048542976379395,0.06432923674583435,0.4740893244743347,0.03127671778202057,0.06907044275775552,0.9542093177534533,5,60,,The name of the song is called Haddocks.,"The name of the song is called ""Hahadix""."
00075_0017_surprise_0017_001451,0017,surprise,happy,neutral,neutral,happy,happy,happy,happy,True,True,True,True,True,0.9512195121951219,0.2062520682811737,False,0.008000001311302185,0.6625537276268005,18.73836539858372,1.5139769315719604,0.017413325607776642,1.2897104024887085,0.029772868379950523,0.030310727361347527,0.9884982886828425,4,60,,"""Said the American to the Chinese, 'I am a man of science. I have a telescope. I will show you the moon.' The Chinese said, 'I am a man of wisdom. I have a telescope. I will show you the moon.'""","Said the American two trengies,"
00076_0017_surprise_0017_001743,0017,surprise,happy,neutral,neutral,happy,happy,happy,happy,True,True,True,True,True,0.0,1.0,True,0.008000001311302185,0.7171493768692017,13.364519608877558,2.227979898452759,0.04810098931193352,0.3581165373325348,0.034501656889915466,0.05168249970182776,0.9784104922376824,6,60,,And what does it mean?,And what does it mean?
00077_0017_surprise_0017_001715,0017,surprise,happy,neutral,neutral,surprise,happy,happy,happy,True,True,True,True,True,0.1,0.9581175446510315,True,0.008000001311302185,0.7055913209915161,18.085106456220473,2.3715765476226807,0.007985305041074753,0.5196481943130493,0.02171485871076584,0.013182004132792354,0.996632912798417,4,60,,It's to say how do you do with Tom's answer?,If to say how do you do with Tom's answer?
00078_0017_surprise_0017_001427,0017,surprise,happy,surprise,neutral,surprise,happy,happy,happy,True,True,True,True,True,6.0,0.25131866335868835,False,0.008000001311302185,0.7484216690063477,19.93305482666515,2.8102853298187256,0.022116204723715782,2.6808667182922363,0.030822550877928734,0.04892518013214693,0.99213026361094,8,60,,Yes.,"Momster made a Jeep style, yes!"
00079_0017_surprise_0017_001718,0017,surprise,happy,neutral,neutral,happy,happy,happy,happy,True,True,True,True,True,0.0,0.9999998807907104,True,0.008000001311302185,0.759039580821991,17.07022665905026,1.349961519241333,0.013941208831965923,0.112945556640625,0.025320928543806076,0.015070917607657611,0.9896728842761379,4,60,,The name of the song is called Haddix.,The name of the song is called Haddix.
00080_0017_surprise_0017_001680,0017,surprise,happy,neutral,neutral,neutral,happy,happy,happy,True,True,True,True,True,0.0,1.000000238418579,True,0.008000001311302185,0.8606070280075073,18.120369650507115,3.4391698837280273,0.03405769169330597,0.06855729222297668,0.04102876037359238,0.034743674903139475,0.9900971185359452,6,60,,Your path now goes south.,Your path now goes south.
00081_0017_surprise_0017_001669,0017,surprise,happy,neutral,neutral,neutral,neutral,happy,happy,False,False,True,True,False,0.5,0.5321640372276306,False,0.008000001311302185,0.7092896103858948,17.791735126510105,2.3396153450012207,0.4736495614051819,2.350309371948242,0.036233507096767426,0.4971530174597353,0.7975523786774724,8,60,,But show me now your map?,Show me now your mask.
00082_0017_surprise_0017_001553,0017,surprise,happy,neutral,neutral,surprise,happy,happy,happy,True,True,True,True,True,0.16666666666666666,0.7990425825119019,False,0.008000001311302185,0.7433727979660034,17.29276477029803,2.9476284980773926,0.026301784440875053,0.6259137392044067,0.035383716225624084,0.03256127567008138,0.9910769676511031,8,60,,But we are not high yet?,But we are not how yet?
00083_0017_surprise_0017_001414,0017,surprise,happy,sad,sad,neutral,happy,happy,happy,True,True,True,True,True,1.0,0.15832071006298065,False,0.008000001311302185,0.9827444553375244,12.941402465125334,3.2873551845550537,0.0259453933686018,2.694002628326416,0.03773468732833862,0.05288579699873924,0.9921075174686019,6,60,,"Annie, please, please don't hurt me.","Hammies, sleeves squeezed on hossy."
00084_0017_surprise_0017_001473,0017,surprise,happy,neutral,neutral,neutral,happy,happy,happy,True,True,True,True,True,0.75,0.19011494517326355,False,0.008000001311302185,0.8366373181343079,15.057501582700965,3.3864810466766357,0.021582361310720444,4.618238925933838,0.033084526658058167,0.0677650814153254,0.9936269062152583,5,60,,How suspicious this fox?,How special is that?
00085_0017_surprise_0017_001503,0017,surprise,happy,neutral,neutral,neutral,happy,happy,happy,True,True,True,True,True,0.375,0.640113115310669,False,0.008000001311302185,0.8099440932273865,20.2834236821058,2.4191486835479736,0.01942017674446106,1.2169454097747803,0.02885287255048752,0.03158991937093437,0.9919723095663641,10,60,,The elephant and the carpenter is the longest.,The elephant and the carpet are the mungus.
00086_0017_surprise_0017_001714,0017,surprise,happy,neutral,neutral,neutral,happy,happy,happy,True,True,True,True,True,0.3333333333333333,0.2912432551383972,False,0.008000001311302185,0.7756087779998779,17.137795545072304,2.5639123916625977,0.01623259112238884,1.191763997077942,0.033898137509822845,0.028150570074543357,0.9936688198960407,4,60,,Bob goes to a new school.,Sob goes to a new stool.
00087_0017_surprise_0017_001665,0017,surprise,happy,surprise,surprise,surprise,happy,happy,happy,True,True,True,True,True,0.2,0.5450283288955688,False,0.008000001311302185,0.6877164840698242,20.537191257186453,3.388314962387085,0.0648442804813385,1.9031327962875366,0.030006585642695427,0.08387590851007029,0.9808623810946857,4,60,,I've just shot a stag?,I've just shot a sack.
00088_0017_surprise_0017_001497,0017,surprise,happy,surprise,neutral,surprise,happy,happy,happy,True,True,True,True,True,0.42857142857142855,0.7769746780395508,False,0.008000001311302185,0.7904274463653564,21.05890147071659,2.9657034873962402,0.013878339901566505,1.8762885332107544,0.039634548127651215,0.032641621579155324,0.9953203885821535,10,60,,Confess that you opened the thirteenth door?,"To celebrate that you opened the thirteenth door,"
00089_0017_surprise_0017_001448,0017,surprise,happy,surprise,neutral,surprise,happy,happy,happy,True,True,True,True,True,0.2857142857142857,0.8096489906311035,True,0.008000001311302185,0.8124893307685852,18.452514320544676,2.9919958114624023,0.07549766451120377,0.44713830947875977,0.04551592096686363,0.07996950276520104,0.9747667880342711,4,60,,You're not a runaway? Who are you?,"You're not a runaway, Sue are you?"
00090_0017_surprise_0017_001512,0017,surprise,happy,surprise,neutral,surprise,happy,happy,happy,True,True,True,True,True,0.6,0.6811002492904663,False,0.008000001311302185,0.7202415466308594,17.194971127965225,3.0085086822509766,0.012167507782578468,1.653425693511963,0.03202160447835922,0.02870208493374288,0.9959556348119046,5,60,,Clown? To call him Joey?,"Hello, let's call him Joey."
00091_0017_surprise_0017_001540,0017,surprise,happy,neutral,neutral,happy,happy,happy,happy,True,True,True,True,True,0.16666666666666666,0.9507192373275757,True,0.008000001311302185,0.95294588804245,17.249118354310657,2.382061243057251,0.02359921857714653,0.6076869368553162,0.04327201470732689,0.029676520665846765,0.990092942133235,3,60,,What an impetuous boy he is!,What an impolite boy he is!
00092_0017_surprise_0017_001695,0017,surprise,happy,neutral,neutral,neutral,happy,happy,happy,True,True,True,True,True,0.16666666666666666,0.8483821153640747,True,0.008000001311302185,0.7602359652519226,21.56373494899597,3.2856671810150146,0.030529847368597984,0.22226987779140472,0.03802064061164856,0.03275292635291815,0.9907081741130072,5,60,,I know how to obey orders?,I know how to obey orders.
00093_0017_surprise_0017_001520,0017,surprise,happy,neutral,neutral,neutral,neutral,happy,happy,False,False,True,True,False,0.5,0.8511068224906921,True,0.008000001311302185,0.894794762134552,18.884319572094416,3.8689751625061035,0.5936651229858398,1.8125613927841187,0.048640429973602295,0.6117912233179807,0.8465575254297324,8,60,,Are King George's laborers?,Park King is George's laborers?
00094_0017_surprise_0017_001723,0017,surprise,happy,neutral,neutral,neutral,neutral,happy,happy,False,False,True,True,False,0.4,0.9512856006622314,True,0.008000001311302185,0.776863694190979,18.440461397883553,3.539292812347412,1.0331987142562866,0.2647043466567993,0.05037076771259308,1.0358462614305317,0.7080776389419375,24,60,,Why did I wake up?,And why did I wake up?
00095_0017_surprise_0017_001642,0017,surprise,happy,sad,sad,neutral,happy,happy,happy,True,True,True,True,True,0.18181818181818182,0.8461693525314331,True,0.008000001311302185,0.747707188129425,21.211468262946447,1.9944647550582886,0.01821066252887249,0.9816246628761292,0.03409748896956444,0.02802725013252348,0.990869398678173,7,60,,Give me your hand or I will cry harder than before.,Give me your hand there I will cry hotter than before.
00096_0017_surprise_0017_001700,0017,surprise,happy,surprise,neutral,surprise,happy,happy,happy,True,True,True,True,True,0.0,1.0,True,0.008000001311302185,0.7529821991920471,17.739239075793733,2.685168743133545,0.012573479674756527,0.23378558456897736,0.03628770262002945,0.0149116983974725,0.9953174340693078,13,60,,Six was halfway down the room.,Six was halfway down the room.
00097_0017_surprise_0017_001491,0017,surprise,happy,surprise,happy,surprise,happy,happy,happy,True,True,True,True,True,0.2857142857142857,0.9696804285049438,True,0.008000001311302185,0.7086515426635742,17.15299301593059,1.8954124450683594,0.024221792817115784,0.8487061858177185,0.03374563157558441,0.03270919213160873,0.9872208326582755,4,60,,We expected Tom would jump for joy.,We expect that Tom would jump for joy.
00098_0017_surprise_0017_001711,0017,surprise,happy,neutral,neutral,surprise,happy,happy,happy,True,True,True,True,True,0.6,0.6283921003341675,False,0.008000001311302185,0.8486931920051575,15.688147242020793,1.8324880599975586,0.027728412300348282,2.7126998901367188,0.046864625066518784,0.05485587984796614,0.9848684349406428,3,60,,I am safe back again?,I am safe back with his men.
00099_0017_surprise_0017_001527,0017,surprise,happy,neutral,happy,neutral,happy,happy,happy,True,True,True,True,True,0.0,1.0,True,0.008000001311302185,0.7177579402923584,18.595913601893322,1.2278780937194824,0.06525859236717224,0.12097713351249695,0.03544598072767258,0.06646871816210449,0.9468525477399053,3,60,,Because I know I had some honey.,Because I know I had some honey.
00700_0018_angry_0018_000685,0018,angry,happy,neutral,neutral,neutral,happy,happy,happy,True,True,True,True,True,0.2,0.9951862692832947,True,0.008000001311302185,0.7469247579574585,20.902128478214692,4.323718070983887,0.021275639533996582,0.4280475974082947,0.03908248990774155,0.025556506332978606,0.9950793184974812,15,60,,But things haven't changed yet.,But the things haven't changed yet.
00701_0018_angry_0018_000365,0018,angry,happy,sad,sad,sad,happy,happy,happy,True,True,True,True,True,0.6,0.36491480469703674,False,0.008000001311302185,0.7026998400688171,24.751594599653185,5.124751091003418,0.07006735354661942,2.4490694999694824,0.033174172043800354,0.09455838028803468,0.9863276572261971,37,60,,Poor Tom now is dead.,Port Tom now is Dev's home.
00702_0018_angry_0018_000538,0018,angry,happy,neutral,happy,happy,happy,happy,happy,True,True,True,True,True,0.0,0.9999998807907104,True,0.008000001311302185,0.6619109511375427,24.819171287543945,1.158001184463501,0.1349877417087555,0.2305201143026352,0.027907168492674828,0.13729322192346677,0.8834303940964491,1,60,,Now quicker the fiddle went.,Now quicker the fiddle went.
00703_0018_angry_0018_000468,0018,angry,happy,surprise,neutral,surprise,happy,happy,happy,True,True,True,True,True,2.25,0.49742844700813293,False,0.008000001311302185,0.6893084049224854,23.242438291451446,2.3410654067993164,0.02190549671649933,2.2604706287384033,0.03150027245283127,0.044510518006607894,0.9906429369068982,10,60,,"Look out, said Alice.","Looked out. Said, ""Alives, I can say the first."""
00704_0018_angry_0018_000363,0018,angry,happy,neutral,happy,happy,happy,happy,happy,True,True,True,True,True,0.3,0.7709577083587646,False,0.00800000037997961,0.43601810932159424,31.490560640701354,1.3853065967559814,0.01706181839108467,0.5548420548439026,0.01234576664865017,0.022610362397190182,0.9876837239994101,3,60,,I have bun-burried all over goat on two separate occasions.,I'd have fun buried all over goat on two separate occasions.
00705_0018_angry_0018_000358,0018,angry,happy,neutral,neutral,happy,happy,happy,happy,True,True,True,True,True,0.4,0.6160416007041931,False,0.008000001311302185,0.6978417038917542,22.61710357667921,1.893264651298523,0.18906792998313904,0.5277763605117798,0.027015212923288345,0.19434596374038607,0.9001365552071845,10,60,,That was his chief thought.,That was the 17th thought.
00706_0018_angry_0018_000681,0018,angry,happy,neutral,neutral,neutral,happy,happy,happy,True,True,True,True,True,0.5714285714285714,0.4425774812698364,False,0.008000001311302185,0.7285993099212646,22.76347667377282,3.2084484100341797,0.029917318373918533,0.9041067361831665,0.026844128966331482,0.03895865417703986,0.9906754559991195,6,60,,She'll be feverish after so much thinking.,"""Shobbeke, feburish after so much thinking."""
00707_0018_angry_0018_000351,0018,angry,happy,neutral,neutral,neutral,happy,happy,happy,True,True,True,True,True,0.5,0.8435437679290771,True,0.00800000037997961,0.5478789806365967,27.63641255437578,1.6413534879684448,0.019209256395697594,0.4647085964679718,0.01592649146914482,0.023856501625292004,0.988296697489903,6,60,,The nine the eggs I keep.,The nine the eggs I keep. I love them.
00708_0018_angry_0018_000670,0018,angry,happy,neutral,neutral,neutral,happy,happy,happy,True,True,True,True,True,0.42857142857142855,0.6210049986839294,False,0.008000001311302185,0.9863173961639404,17.92900168257477,2.5235798358917236,0.021647408604621887,1.79582679271698,0.043425869196653366,0.03960611079048365,0.9914219442172026,8,60,,Goat Billy asked the old Chinese guy.,Go Philly! Ask the old Chinese guy.
00709_0018_angry_0018_000614,0018,angry,happy,neutral,neutral,neutral,happy,happy,happy,True,True,True,True,True,0.16666666666666666,0.792475700378418,False,0.008000001311302185,0.5851024985313416,27.53021692547091,2.2086973190307617,0.027346055954694748,1.3882195949554443,0.025459863245487213,0.041228506502881644,0.9876189210177994,9,60,,Slam the doors and wedge them.,Slam the doors and wedge dances.
00710_0018_angry_0018_000393,0018,angry,happy,neutral,happy,happy,neutral,happy,happy,False,False,True,True,False,0.375,0.9357259273529053,True,0.008000001311302185,0.828790009021759,21.907850230001845,1.8572003841400146,0.35237574577331543,0.5379135608673096,0.03216535225510597,0.35775520303551106,0.8102650910572126,10,60,,"Story twenty nine, a boy and a monkey.",Story 29. A boy and a monkey.
00711_0018_angry_0018_000380,0018,angry,happy,neutral,neutral,neutral,happy,happy,happy,True,True,True,True,True,1.0,0.3719862103462219,False,0.008000001311302185,0.7452245950698853,20.81620106257265,4.095074653625488,0.016457244753837585,2.0776162147521973,0.036231935024261475,0.037233769220709804,0.9959812100765324,11,60,,Must a name mean something?,"Must amaze means ""must be amazing."""
00712_0018_angry_0018_000602,0018,angry,happy,neutral,neutral,neutral,happy,happy,happy,True,True,True,True,True,0.6666666666666666,0.9203628301620483,True,0.008000001311302185,0.6692442893981934,20.20882669273743,2.8259944915771484,0.020111165940761566,0.5146191716194153,0.028109101578593254,0.025257638747971507,0.9928835084425314,6,60,,I am run off my feet.,I am run off my feet to full effect.
00713_0018_angry_0018_000407,0018,angry,happy,neutral,happy,happy,happy,happy,happy,True,True,True,True,True,1.0,0.3150483965873718,False,0.008000001311302185,0.6536486744880676,22.38807061348995,1.113778829574585,0.020258450880646706,0.8737345933914185,0.02915109694004059,0.02899608832553029,0.9818110648696882,5,60,,Hannibal come to see you.,I'm happy to be here to see you.
00714_0018_angry_0018_000372,0018,angry,happy,neutral,happy,happy,happy,happy,happy,True,True,True,True,True,0.375,0.907258152961731,True,0.008000001311302185,0.5503832101821899,28.206493560829045,1.304650902748108,0.008829029276967049,0.5893616080284119,0.014819356612861156,0.014722793550817296,0.9932326500074697,4,60,,"And what are doves, and what are doves?",And what are doves? And what are doved.
00715_0018_angry_0018_000413,0018,angry,happy,neutral,happy,happy,happy,happy,happy,True,True,True,True,True,1.0,0.45402514934539795,False,0.008000001311302185,0.6168485283851624,24.81454626185931,2.1376304626464844,0.2508038580417633,0.7790769934654236,0.024522196501493454,0.25859487319838254,0.8826720228662644,7,60,,Asteroid three hundred and twenty-five.,Astr. 325.
00716_0018_angry_0018_000427,0018,angry,happy,neutral,neutral,neutral,happy,happy,happy,True,True,True,True,True,1.0,0.6279968619346619,False,0.008000001311302185,0.6886359453201294,24.703960654025835,2.9146671295166016,0.02578725293278694,2.3662145137786865,0.03579775243997574,0.0494497560480982,0.9911525907464213,6,60,,But I saw you walking.,"But I saw you and rocked the angles, everybody."
00717_0018_angry_0018_000505,0018,angry,happy,angry,angry,angry,angry,angry,angry,False,False,False,False,False,0.5714285714285714,0.8267934918403625,True,0.008000001311302185,1.0066055059432983,17.9949725666971,4.370690822601318,2.7449052333831787,1.006767749786377,0.04728659987449646,2.7549733837470414,0.37197451277290655,60,60,,"""this speech roused Dame Isolde to anger.""",This speech rouses Dame Iolks to anger.
00718_0018_angry_0018_000669,0018,angry,happy,neutral,neutral,neutral,happy,happy,happy,True,True,True,True,True,0.25,0.8211655616760254,True,0.008000001311302185,0.7842427492141724,22.396052386462955,3.4614992141723633,0.12409671396017075,0.5805549025535583,0.030486566945910454,0.1299025678513758,0.9641494317109525,15,60,,How could I dig burrows with short toenails?,How could I dig burls for short toenails?
00719_0018_angry_0018_000430,0018,angry,happy,neutral,neutral,neutral,happy,happy,happy,True,True,True,True,True,0.6,0.826488733291626,True,0.008000001311302185,0.6239509582519531,25.38252187146057,2.413180112838745,0.18288062512874603,0.8348702788352966,0.0307655930519104,0.19122963557302952,0.9242159239769242,9,60,,Then there was a report.,Then there was a report for you.
00720_0018_angry_0018_000424,0018,angry,happy,neutral,neutral,neutral,happy,happy,happy,True,True,True,True,True,0.2857142857142857,0.3504043221473694,False,0.008000001311302185,0.6195040345191956,24.804876725319577,2.0273656845092773,0.027010828256607056,1.385388731956482,0.02335432730615139,0.04086494911944494,0.98667688396672,9,60,,Come on my jack in the boxes.,Come on my jazz in the boxers.
00721_0018_angry_0018_000580,0018,angry,happy,sad,neutral,neutral,happy,happy,happy,True,True,True,True,True,0.2857142857142857,0.524124026298523,False,0.008000001311302185,0.6594783663749695,21.621551461036294,3.0208821296691895,0.02416379004716873,0.7608689665794373,0.03076145052909851,0.031772787327468396,0.9920010814689367,6,60,,Your own wife is not at home.,"Your own whites, it's not at home."
00722_0018_angry_0018_000553,0018,angry,happy,neutral,neutral,neutral,happy,happy,happy,True,True,True,True,True,0.0,0.9999998807907104,True,0.008000001311302185,0.8306857347488403,22.83281981468843,4.195333480834961,0.02375967428088188,0.38765808939933777,0.051755473017692566,0.027636772729605436,0.9943366422742267,10,60,,I was not grabbed.,I was not grabbed.
00723_0018_angry_0018_000559,0018,angry,happy,angry,angry,angry,happy,happy,happy,True,True,True,True,True,0.14285714285714285,0.8070423603057861,True,0.008000001311302185,0.9015980362892151,21.61838026588784,3.900134801864624,0.12322548031806946,0.7672861814498901,0.030026286840438843,0.13089864239543675,0.9684048150696852,16,60,,A raging fire was in his eyes.,A ranching's fire was in his eyes.
00724_0018_angry_0018_000562,0018,angry,happy,neutral,neutral,neutral,happy,happy,happy,True,True,True,True,True,0.0,0.9999999403953552,True,0.008000001311302185,0.7366083264350891,21.43927460060521,2.279975652694702,0.030982844531536102,0.5665936470031738,0.04689202830195427,0.03664924992185086,0.986410887986932,11,60,,"No, thank you.","No, thank you."
00725_0018_neutral_0018_000141,0018,neutral,happy,neutral,neutral,neutral,happy,happy,happy,True,True,True,True,True,0.8,0.8414608836174011,True,0.008000001311302185,0.7737524509429932,19.179484744428215,3.731623411178589,0.01958712376654148,1.7490020990371704,0.03268090635538101,0.03707747156597674,0.9947510448916508,5,60,,Can I lodge here tonight?,I'm at our lodge here tonight.
00726_0018_neutral_0018_000131,0018,neutral,happy,neutral,neutral,neutral,happy,happy,happy,True,True,True,True,True,0.0,1.0000001192092896,True,0.008000001311302185,0.9145931005477905,16.904538278933426,3.2655587196350098,0.014619159512221813,0.09486757963895798,0.036383744329214096,0.015568199146054685,0.9955232287129548,5,60,,It must come sometimes to jam a day.,It must come sometimes to jam a day.
00727_0018_neutral_0018_000062,0018,neutral,happy,sad,sad,neutral,happy,happy,happy,True,True,True,True,True,0.6,0.4413435459136963,False,0.008000001311302185,0.9211835861206055,16.141909036050613,3.158419132232666,0.02210112288594246,2.169365644454956,0.031930822879076004,0.04379509863872081,0.9930024730852237,4,60,,Tom went on e-org gloomily.,Tong went on e-ords blumily.
00728_0018_neutral_0018_000181,0018,neutral,happy,neutral,neutral,neutral,happy,happy,happy,True,True,True,True,True,0.0,1.0000001192092896,True,0.008000001311302185,0.706640362739563,18.207649095641145,2.4670000076293945,0.03472932428121567,0.1486525684595108,0.036337532103061676,0.0362162133411318,0.9859224466259374,5,60,,"First, issue a reward.","First, issue a reward."
00729_0018_neutral_0018_000041,0018,neutral,happy,neutral,happy,happy,happy,happy,happy,True,True,True,True,True,0.0,0.9999998807907104,True,0.00800000037997961,0.5934501886367798,18.37723744297029,1.0284072160720825,0.0062455302104353905,0.0314648300409317,0.02723873220384121,0.006560450898166746,0.9939269871770351,1,60,,I chose the right way.,I chose the right way.
00730_0018_neutral_0018_000067,0018,neutral,happy,neutral,neutral,neutral,happy,happy,happy,True,True,True,True,True,1.0,0.19036974012851715,False,0.008000001311302185,0.8820935487747192,15.376218834525446,3.951760768890381,0.2272420972585678,3.566406726837158,0.035188063979148865,0.26290651640757917,0.9424959883585323,14,60,,"I suppose no, it doesn't.","As the Politburo, it does it."
00731_0018_neutral_0018_000114,0018,neutral,happy,neutral,neutral,neutral,happy,happy,happy,True,True,True,True,True,0.0,1.0000001192092896,True,0.008000001311302185,0.8306991457939148,21.378302156075755,3.1267058849334717,0.1607852280139923,0.2878841757774353,0.0259648859500885,0.16366432942062617,0.948576798096437,5,60,,A half pounds of flour and two ounces suet.,A half pounds of flour and two ounces suet.
00732_0018_neutral_0018_000227,0018,neutral,happy,neutral,neutral,neutral,happy,happy,happy,True,True,True,True,True,0.375,0.5826166868209839,False,0.008000001311302185,0.6476885080337524,22.896473570514033,3.565732955932617,0.0427829846739769,1.8550777435302734,0.018992703408002853,0.06133395203631371,0.9880016296220963,11,60,,"Born once every 100 years, dies in flames.","Born once every 100 years, dives and playing."
00733_0018_neutral_0018_000166,0018,neutral,happy,neutral,neutral,neutral,happy,happy,happy,True,True,True,True,True,0.2857142857142857,0.9171949625015259,True,0.008000001311302185,0.6750891208648682,18.206644176029986,3.5030956268310547,0.049995601177215576,0.9920538663864136,0.036236174404621124,0.05991650220282376,0.9857281654562076,8,60,,They ate beef at the butcher shop.,Let eat beef at the butcher shop.
00734_0018_neutral_0018_000191,0018,neutral,happy,neutral,neutral,neutral,happy,happy,happy,True,True,True,True,True,0.2857142857142857,0.609188437461853,False,0.008000001311302185,0.6555130481719971,21.34145039905029,2.4201972484588623,0.10946600139141083,0.9239070415496826,0.02344854176044464,0.11870530629232526,0.9547698017336741,8,60,,I make her quite nervy at times.,I make her quite an herby at times.
00735_0018_neutral_0018_000022,0018,neutral,happy,neutral,neutral,neutral,happy,happy,happy,True,True,True,True,True,0.0,0.9999998807907104,True,0.008000001311302185,0.6200898885726929,22.24662250936033,1.454342246055603,0.0077667236328125,0.09538772702217102,0.018050355836749077,0.008720781406592578,0.9946596314217805,5,60,,And what are doves? And what are doves?,And what are doves? And what are doves?
00736_0018_neutral_0018_000049,0018,neutral,happy,neutral,neutral,happy,happy,happy,happy,True,True,True,True,True,0.0,1.0000001192092896,True,0.008000001311302185,0.5647661089897156,22.519070872032813,1.4394596815109253,0.007527174428105354,0.5610063076019287,0.02698930911719799,0.013137507397215812,0.9947708334420284,3,60,,"Then we all say ""Aha!""","Then we all say ""Aha!"""
00737_0018_neutral_0018_000281,0018,neutral,happy,neutral,neutral,neutral,neutral,happy,happy,False,False,True,True,False,0.0,1.0,True,0.008000001311302185,0.7468748092651367,18.35685283550232,2.817265033721924,0.4084726572036743,0.04312364384531975,0.03679867088794708,0.4089042616288364,0.8550109228935284,7,60,,He could not help doing so.,He could not help doing so.
00738_0018_neutral_0018_000338,0018,neutral,happy,neutral,neutral,neutral,happy,happy,happy,True,True,True,True,True,0.3333333333333333,0.576317548751831,False,0.008000001311302185,0.778397262096405,16.881878186048343,3.9548749923706055,0.015477078035473824,2.34598445892334,0.030129726976156235,0.03893722392197698,0.9960865822395573,4,60,,Paul's teeth ached because of lemon.,Pulse teeth eight because of lemon.
00739_0018_neutral_0018_000229,0018,neutral,happy,neutral,neutral,neutral,happy,happy,happy,True,True,True,True,True,0.6666666666666666,0.4974451959133148,False,0.008000001311302185,0.6448768377304077,19.82124110038414,2.9843173027038574,0.016246452927589417,0.5049965381622314,0.022808078676462173,0.021296646389998494,0.9945560571213826,4,60,,The first year they sowed rye.,"The first year they've sowed, it's ridden."
00740_0018_neutral_0018_000029,0018,neutral,happy,neutral,neutral,neutral,happy,happy,happy,True,True,True,True,True,0.14285714285714285,0.8719326853752136,True,0.008000001311302185,0.718022346496582,18.42442018119689,1.9063514471054077,0.036607272922992706,0.8603798151016235,0.03429779037833214,0.04521141405191273,0.980797206633343,5,60,,Rat came and replied on the leaves.,Rat came and slid on the leaves.
00741_0018_neutral_0018_000101,0018,neutral,happy,sad,sad,happy,happy,happy,happy,True,True,True,True,True,0.4,0.9564141035079956,True,0.008000001311302185,0.6224023103713989,18.985154374171913,1.8166511058807373,0.01016093697398901,0.4127015173435211,0.022995619103312492,0.014288182103615255,0.9944067757748878,4,60,,"It's me, Piglet. Help! Help!","It's me, Piglet. Help, help."
00742_0018_neutral_0018_000064,0018,neutral,happy,neutral,neutral,neutral,happy,happy,happy,True,True,True,True,True,1.0,0.5150268077850342,False,0.008000001311302185,0.7270455956459045,16.66923049716228,3.4755096435546875,0.023368652909994125,1.0811692476272583,0.03161832317709923,0.03418066156949848,0.9932761939091922,6,60,,And we are so thirsty.,"And we are so surfed. See you, we're glowing."
00743_0018_neutral_0018_000174,0018,neutral,happy,neutral,neutral,neutral,happy,happy,happy,True,True,True,True,True,0.625,0.42452797293663025,False,0.008000001311302185,0.7152242064476013,20.645719007982876,1.7435306310653687,0.024363815784454346,2.091216564178467,0.02479078620672226,0.045276229334101074,0.9860261613129406,7,60,,I pay half a crown a week extra.,I hate to crown a week of stuff.
00744_0018_neutral_0018_000115,0018,neutral,happy,neutral,neutral,neutral,sad,happy,happy,False,False,True,True,False,0.3333333333333333,0.768548309803009,False,0.008000001311302185,0.6906141638755798,16.771711508300015,2.325010299682617,0.3107948899269104,0.6595122218132019,0.03164582699537277,0.3173903286033124,0.8663253707007937,8,60,,He might call it for example.,If you might call it for example.
00745_0018_neutral_0018_000139,0018,neutral,happy,sad,sad,sad,sad,sad,sad,False,False,False,False,False,0.16666666666666666,0.5347833633422852,False,0.008000001311302185,0.6992804408073425,18.476327026926846,4.840770244598389,3.516432285308838,0.8250572085380554,0.026930302381515503,3.5246831266972425,0.27358000738979993,60,60,,Cuckoo is down headed and crying.,Kufku is down headed and crying.
00746_0018_neutral_0018_000033,0018,neutral,happy,neutral,neutral,neutral,happy,happy,happy,True,True,True,True,True,0.3333333333333333,0.6442113518714905,False,0.008000001311302185,0.7242624163627625,16.75413149823291,3.5409770011901855,0.2735142409801483,1.2307437658309937,0.025192156434059143,0.2858219305600226,0.9227574082271036,8,60,,This used to be Jerry's occupation.,This used to be Jerry's art gallery.
00747_0018_neutral_0018_000223,0018,neutral,happy,neutral,neutral,happy,happy,happy,happy,True,True,True,True,True,1.0,0.9533051252365112,True,0.008000001311302185,0.6407707333564758,13.702534918439515,1.4158964157104492,0.02190764807164669,0.8163294792175293,0.04050195962190628,0.0300713478834182,0.9845273652588109,3,60,,"Pick, pick, pick.","Picks, picks, picks."
00748_0018_neutral_0018_000045,0018,neutral,happy,neutral,neutral,neutral,happy,happy,happy,True,True,True,True,True,0.75,0.4844471216201782,False,0.008000001311302185,0.9794652462005615,16.63881769114742,3.684997081756592,0.0654434859752655,1.3206329345703125,0.03253210708498955,0.07865014064203947,0.9822405596196376,21,60,,The nastiest things they saw were the cobwebs.,The nauthius dings they've saw where the cob left.
00749_0018_neutral_0018_000325,0018,neutral,happy,neutral,neutral,neutral,neutral,happy,happy,False,False,True,True,False,0.5714285714285714,0.7654674649238586,False,0.008000001311302185,0.7879873514175415,17.723650900371656,3.2426929473876953,0.8376831412315369,1.0212351083755493,0.04244023561477661,0.8478959167176485,0.7416705328494416,23,60,,She has no place for hot pepper.,She has no place where hot of her birds.
00750_0018_sad_0018_001351,0018,sad,happy,neutral,neutral,neutral,happy,happy,happy,True,True,True,True,True,0.6666666666666666,0.48605358600616455,False,0.008000001311302185,0.6747496128082275,21.99525873608259,2.0937652587890625,0.025307226926088333,1.2774362564086914,0.025842443108558655,0.03808184791460633,0.9879130543312554,4,60,,I'm sure your friends can wait.,"Now, show your fun, can't wait."
00751_0018_sad_0018_001205,0018,sad,happy,angry,angry,angry,happy,happy,happy,True,True,True,True,True,0.8571428571428571,0.3578084707260132,False,0.008000001311302185,0.8734205365180969,23.386794263830502,3.7638537883758545,0.04275832325220108,2.4562582969665527,0.0330427810549736,0.06732123664967715,0.9886397491357782,29,60,,This speech rouses Dame Isolde to anger.,To dispel the Roue's Dame Isles to anglers.
00752_0018_sad_0018_001256,0018,sad,happy,neutral,neutral,neutral,happy,happy,happy,True,True,True,True,True,0.16666666666666666,0.9009454250335693,True,0.008000001311302185,0.7005095481872559,24.818924798428753,3.3133740425109863,0.0801035612821579,0.6046844720840454,0.029482176527380943,0.08615070082476363,0.975824171900178,9,60,,"Still, you owe it a duty.",Till you owe it a duty.
00753_0018_sad_0018_001313,0018,sad,happy,sad,sad,sad,happy,happy,happy,True,True,True,True,True,0.8,0.800879180431366,True,0.008000001311302185,0.8120859861373901,16.618614312413765,2.967388153076172,0.030383344739675522,0.34938424825668335,0.0386539027094841,0.033877573761269444,0.9897609132434602,7,60,,She said in subdued voice.,"She said in a subdued voice, ""Yes, please."""
00754_0018_sad_0018_001260,0018,sad,happy,neutral,neutral,neutral,neutral,happy,happy,False,False,True,True,False,0.0,0.9999999403953552,True,0.008000001311302185,0.7560907602310181,22.88969585611496,4.082042217254639,0.32883918285369873,0.27902236580848694,0.033860526978969574,0.33162974511705334,0.9194424836020294,13,60,,It weighs 7.5 kilogram.,It weighs 7.5 kilogram.
00755_0018_sad_0018_001200,0018,sad,happy,neutral,neutral,neutral,happy,happy,happy,True,True,True,True,True,0.2,0.962948203086853,True,0.008000001311302185,0.6136887073516846,24.08890995026068,1.6896634101867676,0.019678590819239616,0.7268899083137512,0.02195107191801071,0.02694770941309631,0.9883535438474906,4,60,,I hope you enjoyed yourself.,I hope you enjoy yourself.
00756_0018_sad_0018_001076,0018,sad,happy,neutral,neutral,neutral,happy,happy,happy,True,True,True,True,True,0.16666666666666666,0.7570827007293701,False,0.008000001311302185,0.7660632729530334,20.0589625553401,3.454942464828491,0.07536385953426361,0.7796456217765808,0.04039792716503143,0.08316071973130107,0.9781866528020446,8,60,,Let's make the noise a snake.,Let's make the noise a smate.
00757_0018_sad_0018_001328,0018,sad,happy,neutral,neutral,neutral,happy,happy,happy,True,True,True,True,True,0.0,0.9999998807907104,True,0.008000001311302185,0.62517249584198,21.86498872539691,2.011679172515869,0.01397845521569252,0.13405422866344452,0.039437055587768555,0.015319391872882844,0.9930513496353345,8,60,,I know you.,I know you.
00758_0018_sad_0018_001370,0018,sad,happy,neutral,neutral,surprise,happy,happy,happy,True,True,True,True,True,0.7142857142857143,0.6857720613479614,False,0.008000001311302185,0.7209537029266357,21.05985575065631,1.775146245956421,0.01796603575348854,1.1857644319534302,0.030156906694173813,0.029823981642089784,0.989879123596485,9,60,,Goat Billy asked the old Chinese guy.,Goat Philly ask the old shining you sigh.
00759_0018_sad_0018_001202,0018,sad,happy,neutral,neutral,neutral,happy,happy,happy,True,True,True,True,True,1.0,0.29725882411003113,False,0.008000001311302185,0.858599841594696,19.044519176256124,2.4787845611572266,0.012901276350021362,2.526516914367676,0.045238953083753586,0.038166897883228953,0.994795321645864,8,60,,Guilty for what do you rule?,Bravo from What Do You Vrouw?
00760_0018_sad_0018_001287,0018,sad,happy,neutral,neutral,neutral,neutral,happy,happy,False,False,True,True,False,0.0,1.0000001192092896,True,0.008000001311302185,0.695480227470398,23.88754536097821,2.158092975616455,0.16987961530685425,0.0838988721370697,0.031826816499233246,0.17071892229638994,0.9212825317415583,13,60,,What would they do at the end of the year?,What would they do at the end of the year?
00761_0018_sad_0018_001100,0018,sad,happy,neutral,neutral,neutral,happy,happy,happy,True,True,True,True,True,0.0,0.9999998807907104,True,0.008000001311302185,0.6013550758361816,24.289446679084513,1.8091349601745605,0.009811499156057835,0.17554384469985962,0.015083801001310349,0.011567088441066443,0.994576690312197,4,60,,Rabbit gave dog a hurrying up sort of nudge.,Rabbit gave dog a hurrying up sort of nudge.
00762_0018_sad_0018_001144,0018,sad,happy,neutral,neutral,neutral,happy,happy,happy,True,True,True,True,True,0.75,0.8387742042541504,True,0.008000001311302185,0.6738064885139465,21.06181187571332,2.961312770843506,0.014096408151090145,0.9168660640716553,0.023128971457481384,0.02326530008152127,0.9952398111101669,6,60,,They found a cow grazing in a field.,For they have found a calf of grazing in their field.
00763_0018_sad_0018_001257,0018,sad,happy,neutral,neutral,neutral,happy,happy,happy,True,True,True,True,True,0.2857142857142857,0.9774670600891113,True,0.008000001311302185,0.7152881026268005,27.09445967474528,2.825491428375244,0.017462503165006638,0.5209644436836243,0.015727268531918526,0.0226723048745282,0.9938196580638546,4,60,,"I am a racer, son of God.","I'm a racer, son of God."
00764_0018_sad_0018_001101,0018,sad,happy,neutral,neutral,neutral,happy,happy,happy,True,True,True,True,True,1.5,0.17125244438648224,False,0.008000001311302185,0.7081778049468994,19.49756039155624,1.9140057563781738,0.05908488854765892,2.0751705169677734,0.02781142294406891,0.0798368718315661,0.969130245115112,4,60,,"""Where are you from?""","Said the American to two Chinese,"
00765_0018_sad_0018_001379,0018,sad,happy,happy,happy,happy,happy,happy,happy,True,True,True,True,True,0.0,1.0000001192092896,True,0.00800000037997961,0.15191344916820526,37.34895604570304,0.1126766949892044,0.007899219170212746,0.06094026565551758,0.003992496058344841,0.008508661751728505,0.9298948272225275,0,60,,And his heart wagged with joy like a lamb's tail.,And his heart wagged with joy like a lamb's tail.
00766_0018_sad_0018_001210,0018,sad,happy,neutral,neutral,neutral,happy,happy,happy,True,True,True,True,True,1.2,0.6127185225486755,False,0.008000001311302185,0.938494861125946,12.495294266022325,3.7291934490203857,0.019075240939855576,2.0054843425750732,0.039679840207099915,0.03913048116400838,0.9948848883275642,4,60,,"Kitty, can you play chess?","Kitties, can you have a good play, chavs?"
00767_0018_sad_0018_001194,0018,sad,happy,neutral,neutral,happy,happy,happy,happy,True,True,True,True,True,0.5,0.42630094289779663,False,0.008000001311302185,0.7015038728713989,23.324116544926984,2.080518960952759,0.016414549201726913,0.8883040547370911,0.027936603873968124,0.025297869115136564,0.9921103582760861,5,60,,We all see panda on TV or in the zoo.,We all see Pando and he be your in the zoo.
00768_0018_sad_0018_001114,0018,sad,happy,neutral,neutral,neutral,happy,happy,happy,True,True,True,True,True,1.25,0.6845473051071167,False,0.008000001311302185,0.7828564643859863,15.616749118784835,4.172511100769043,0.028948545455932617,0.7141532301902771,0.03237541764974594,0.036090401512011885,0.9930620806615477,7,60,,We are so thirsty.,"For we are so thirsty, he's happy."
00769_0018_sad_0018_001321,0018,sad,happy,neutral,happy,happy,happy,happy,happy,True,True,True,True,True,0.0,1.0000001192092896,True,0.008000001311302185,0.6349649429321289,25.404006636647804,0.9397493600845337,0.05127163231372833,0.24406985938549042,0.025268010795116425,0.05371258358769118,0.945441162833975,0,60,,I say I will be emperor.,I say I will be emperor.
00770_0018_sad_0018_001336,0018,sad,happy,neutral,neutral,happy,happy,happy,happy,True,True,True,True,True,0.0,0.9999999403953552,True,0.008000001311302185,0.6301562190055847,23.72469379612969,1.3585619926452637,0.06977866590023041,0.3922846019268036,0.016608305275440216,0.0737016780025512,0.9486378492273555,5,60,,"One, two, three, where is your breakfast?","One, two, three, where is your breakfast?"
00771_0018_sad_0018_001183,0018,sad,happy,neutral,neutral,neutral,happy,happy,happy,True,True,True,True,True,0.14285714285714285,0.6809167861938477,False,0.008000001311302185,0.5896478295326233,24.07589552086123,1.9409650564193726,0.013212688267230988,0.794905424118042,0.023500647395849228,0.021161977514885365,0.9931927222370477,4,60,,I smell the breath of an English.,I smile the breath of an English.
00772_0018_sad_0018_001057,0018,sad,happy,neutral,neutral,neutral,happy,happy,happy,True,True,True,True,True,0.0,1.000000238418579,True,0.008000001311302185,0.694897472858429,26.298710770733997,3.5907154083251953,0.014000220224261284,0.04133276641368866,0.03516451269388199,0.014413899533525109,0.9961009941941371,15,60,,I'm as bad as I can be.,I'm as bad as I can be.
00773_0018_sad_0018_001150,0018,sad,happy,neutral,neutral,neutral,happy,happy,happy,True,True,True,True,True,1.1428571428571428,0.8673994541168213,True,0.008000001311302185,0.8208506107330322,21.84262928654732,3.1416165828704834,0.03747327998280525,0.7595363855361938,0.03379933536052704,0.0450689818315208,0.9880719753686282,11,60,,"Well, anyhow, it didn't rain, he said.","Well, anyhow, it didn't rain and I said, like it or not."
00774_0018_sad_0018_001324,0018,sad,happy,neutral,neutral,neutral,happy,happy,happy,True,True,True,True,True,0.3,0.9459614157676697,True,0.008000001311302185,0.6277824640274048,25.361859260917416,2.4370718002319336,0.014533990994095802,0.9698463082313538,0.019006237387657166,0.024232644138783215,0.9940362893728808,5,60,,Because he was a man with infinite resource and sagacity.,Because he was a man with an infinite resource in legacity.
00775_0018_surprise_0018_001517,0018,surprise,happy,surprise,sad,surprise,happy,happy,happy,True,True,True,True,True,0.2,0.8639416098594666,True,0.008000001311302185,0.666100263595581,23.59587551647074,3.035257339477539,0.028053447604179382,0.5402800440788269,0.02952948771417141,0.03345654333984479,0.9907574731014378,9,60,,They were children of mine?,They were children of mine.
00776_0018_surprise_0018_001697,0018,surprise,happy,neutral,neutral,neutral,happy,happy,happy,True,True,True,True,True,0.2222222222222222,0.9119007587432861,True,0.008000001311302185,0.6395336389541626,27.314865861601596,2.296029567718506,0.030297093093395233,0.9799932241439819,0.020069796591997147,0.04009722603280098,0.986804571892556,5,60,,How Tom and Jerry went to visit Mr. Sam,How Tom and Jerry want to visit Mr. Sam!
00777_0018_surprise_0018_001446,0018,surprise,happy,surprise,sad,surprise,neutral,happy,happy,False,False,True,True,False,0.2857142857142857,0.7040509581565857,False,0.008000001311302185,0.6366312503814697,25.650772181097267,2.148428440093994,0.30928733944892883,0.9006083607673645,0.026275409385561943,0.31829368581069634,0.8560401949271359,8,60,,They never know I'd regular ran away.,They'd never know I'd regular ram away.
00778_0018_surprise_0018_001660,0018,surprise,happy,neutral,neutral,neutral,happy,happy,happy,True,True,True,True,True,0.0,1.000000238418579,True,0.008000001311302185,0.7103606462478638,23.7981907352605,3.382568359375,0.21287718415260315,0.07167696952819824,0.031708117574453354,0.21359427092906086,0.9370664058975776,14,60,,As soon as she went in there was disorder.,As soon as she went in there was disorder.
00779_0018_surprise_0018_001566,0018,surprise,happy,surprise,surprise,surprise,happy,happy,happy,True,True,True,True,True,0.42857142857142855,0.7198380827903748,False,0.008000001311302185,0.7390673160552979,25.542320127418783,3.3919684886932373,0.09208057820796967,1.258100152015686,0.03527431935071945,0.10466193247132002,0.9728533509332677,22,60,,They eat beef at the butcher shop?,They eat beef at the Butcher Shaw Tavern.
00780_0018_surprise_0018_001742,0018,surprise,happy,neutral,neutral,neutral,happy,happy,happy,True,True,True,True,True,0.5,0.15032875537872314,False,0.008000001311302185,0.7647309303283691,23.395685401111557,3.735092878341675,0.020024161785840988,1.9072059392929077,0.03803607076406479,0.03909660153947771,0.9946389119526443,7,60,,Why should I purchase my own?,Why should I congratulate myself?
00781_0018_surprise_0018_001641,0018,surprise,happy,neutral,neutral,surprise,happy,happy,happy,True,True,True,True,True,0.0,1.0,True,0.008000001311302185,0.6545699834823608,24.27684561520781,1.9120057821273804,0.024332202970981598,0.41735705733299255,0.031278133392333984,0.028506086325645448,0.9872739909060795,8,60,,We have showed his shark tooth.,We have showed his shark tooth.
00782_0018_surprise_0018_001452,0018,surprise,happy,neutral,neutral,neutral,neutral,happy,happy,False,False,True,True,False,0.16666666666666666,0.8485851287841797,True,0.008000001311302185,0.7154788970947266,24.442302052637146,2.188063144683838,0.29351839423179626,0.4243144989013672,0.026506295427680016,0.2977618042837642,0.8658546966777744,9,60,,From August 18th of their divorce.,From August 8th of their divorce.
00783_0018_surprise_0018_001701,0018,surprise,happy,neutral,neutral,neutral,happy,happy,happy,True,True,True,True,True,0.16666666666666666,0.7693678736686707,False,0.008000001311302185,0.6241163015365601,26.419648349968327,2.40204119682312,0.01327318511903286,0.6331121921539307,0.021096497774124146,0.019604518005549906,0.9944742058809867,4,60,,I'm sure your friends can wait.,I'm sure your friends can't wait.
00784_0018_surprise_0018_001586,0018,surprise,happy,angry,neutral,surprise,happy,happy,happy,True,True,True,True,True,0.4444444444444444,0.7247783541679382,False,0.008000001311302185,0.7632609605789185,23.472808434823072,2.9051272869110107,0.028376877307891846,1.845196008682251,0.030912956222891808,0.04682914652427658,0.9902321397634647,14,60,,She'd jump at the tail and bite it savagely?,She'd jump at the tail and guide his tabby lean.
00785_0018_surprise_0018_001410,0018,surprise,happy,neutral,neutral,neutral,happy,happy,happy,True,True,True,True,True,1.3333333333333333,0.011294770985841751,False,0.008000001311302185,0.7171638011932373,20.050921000332053,4.043159008026123,0.018103763461112976,3.917912244796753,0.029155489057302475,0.057283177463971074,0.9955223716343644,7,60,,A nauseous drought?,Agnash at Dougie Brown.
00786_0018_surprise_0018_001636,0018,surprise,happy,surprise,happy,happy,happy,happy,happy,True,True,True,True,True,0.0,1.0,True,0.008000001311302185,0.4001918137073517,31.588516887004516,1.2761070728302002,0.02439039945602417,0.19524657726287842,0.01659679040312767,0.026343031196556985,0.980886870721647,2,60,,How rash you are!,How rash you are!
00787_0018_surprise_0018_001618,0018,surprise,happy,neutral,neutral,neutral,happy,happy,happy,True,True,True,True,True,0.14285714285714285,0.8079774379730225,True,0.008000001311302185,0.6052887439727783,26.885664466210436,1.6981725692749023,0.0488363653421402,0.678040623664856,0.028476372361183167,0.05561705634251237,0.9712418123895425,6,60,,I'll send for Tom to my bower.,I'll send for Tom to my door.
00788_0018_surprise_0018_001592,0018,surprise,happy,sad,neutral,surprise,happy,happy,happy,True,True,True,True,True,0.3333333333333333,0.8761775493621826,True,0.008000001311302185,0.525010347366333,28.970899308136016,2.8867413997650146,0.02838207595050335,0.7072256207466125,0.025379439815878868,0.03545458595236763,0.9901681266105742,10,60,,I have had to grow old?,I had to grow old.
00789_0018_surprise_0018_001600,0018,surprise,happy,neutral,neutral,neutral,happy,happy,happy,True,True,True,True,True,0.7142857142857143,0.7899216413497925,False,0.008000001311302185,0.77461177110672,21.83167690651374,3.666149139404297,0.036584846675395966,1.700184941291809,0.032422006130218506,0.05358702030837536,0.9900209060558457,7,60,,That cloth does not look worth much.,Since that cloth's not looked worse much.
00790_0018_surprise_0018_001590,0018,surprise,happy,surprise,sad,surprise,happy,happy,happy,True,True,True,True,True,0.125,0.9290743470191956,True,0.008000001311302185,0.7458882331848145,27.562135660200827,2.2538223266601562,0.015430170111358166,0.3790039122104645,0.023196682333946228,0.01922044120028615,0.9931537770618222,16,60,,And they were sandy yellow brownish all over?,And they were sandy yellow brownish all over.
00791_0018_surprise_0018_001650,0018,surprise,happy,neutral,happy,happy,happy,happy,happy,True,True,True,True,True,0.2,0.8995915651321411,True,0.008000001311302185,0.6008234620094299,24.03338176918347,0.9034323692321777,0.012769946828484535,0.2726062834262848,0.031026121228933334,0.015496319923959672,0.9858650771619599,0,60,,Her kind and firm glance.,Her kind and firm glimps.
00792_0018_surprise_0018_001469,0018,surprise,happy,neutral,neutral,neutral,happy,happy,happy,True,True,True,True,True,0.0,0.9999998211860657,True,0.008000001311302185,0.6103017330169678,26.22325363189585,3.1110787391662598,0.018995635211467743,0.5670942068099976,0.023348059505224228,0.02466681076016277,0.9938941965780788,6,60,,"Not much use, is it Sam?","Not much use, is it Sam?"
00793_0018_surprise_0018_001731,0018,surprise,happy,neutral,neutral,neutral,happy,happy,happy,True,True,True,True,True,0.42857142857142855,0.525381326675415,False,0.008000001311302185,0.8273969888687134,24.538199870634763,3.6329855918884277,0.020694231614470482,1.720447301864624,0.036987390369176865,0.03789907450702042,0.9943037947464819,21,60,,She'll be feverish after so much thinking.,Should be a treat after so much thinking.
00794_0018_surprise_0018_001561,0018,surprise,happy,surprise,neutral,surprise,happy,happy,happy,True,True,True,True,True,0.0,1.0,True,0.008000001311302185,0.6150380969047546,25.770310188571337,2.722646713256836,0.030745819211006165,0.31069260835647583,0.031854238361120224,0.03385306383695453,0.9887073783530923,4,60,,That's a full-grown cult.,That's a full-grown cult.
00795_0018_surprise_0018_001518,0018,surprise,happy,neutral,neutral,surprise,happy,happy,happy,True,True,True,True,True,0.5,0.7038071751594543,False,0.008000001311302185,0.4608510136604309,32.08350694244611,2.439504623413086,0.04117843136191368,0.9151907563209534,0.017347920686006546,0.05033051240433008,0.9831201667065089,3,60,,"""Look out!"" said Alice.","Good luck, said Alice."
00796_0018_surprise_0018_001419,0018,surprise,happy,neutral,happy,neutral,happy,happy,happy,True,True,True,True,True,0.2,0.8746165037155151,True,0.008000001311302185,0.5764355063438416,23.311854632535088,1.1561353206634521,0.06517721712589264,0.5542805194854736,0.028090357780456543,0.07072030322432518,0.9436249235180442,3,60,,At the end of four?,At the end of four.
00797_0018_surprise_0018_001405,0018,surprise,happy,neutral,neutral,surprise,happy,happy,happy,True,True,True,True,True,0.5,0.7863507866859436,False,0.008000001311302185,0.5754309296607971,24.31230203483843,2.7994048595428467,0.01596183329820633,1.1394033432006836,0.029461689293384552,0.0273561613471061,0.9942981333179464,5,60,,Clear than clear water?,Clear that clear water.
00798_0018_surprise_0018_001709,0018,surprise,happy,surprise,neutral,surprise,happy,happy,happy,True,True,True,True,True,0.3333333333333333,0.917680025100708,True,0.008000001311302185,0.7274780869483948,24.030139757203717,2.6191091537475586,0.016356557607650757,0.8256648778915405,0.02669660374522209,0.024613473352603617,0.9937549156421194,6,60,,He owed Mr. Lawson. I can't tell you how.,"You owe it, Mr. Lawson. I can't tell you how."
00799_0018_surprise_0018_001440,0018,surprise,happy,neutral,neutral,neutral,happy,happy,happy,True,True,True,True,True,0.5,0.6894792914390564,False,0.00800000037997961,0.47217079997062683,30.974215106810593,2.3606278896331787,0.013527434319257736,1.5650215148925781,0.00957682728767395,0.029177745236456394,0.9942695609169644,4,60,,A witch fox loses a tail and its elder sister finds one.,"If Winx Fox loosens a tail and its elder sister thanks one,"
00800_0019_angry_0019_000697,0019,angry,happy,angry,neutral,neutral,happy,happy,happy,True,True,True,True,True,0.5,0.8138675689697266,True,0.008000001311302185,0.697585940361023,26.874021094208942,2.283160924911499,0.031023366376757622,0.253354549407959,0.03454557806253433,0.03355725732661784,0.9864120982282665,15,60,,"What are you waiting for, man?","Wanting you waiting for, man."
00801_0019_angry_0019_000521,0019,angry,happy,neutral,neutral,neutral,happy,happy,happy,True,True,True,True,True,0.3333333333333333,0.5327502489089966,False,0.008000001311302185,0.8769798278808594,19.250886507141583,4.105792999267578,0.05769573897123337,0.8756054639816284,0.040813688188791275,0.06645220174793154,0.9859477233797403,20,60,,I say neither yea nor nay.,I say neither game nor name.
00802_0019_angry_0019_000646,0019,angry,happy,neutral,neutral,happy,happy,happy,happy,True,True,True,True,True,0.5,0.5201557874679565,False,0.008000001311302185,0.7246562242507935,25.936988595963058,1.0391483306884766,0.03055984526872635,3.5526630878448486,0.02987740747630596,0.06608677492124959,0.9705914503577374,1,60,,You bug me up.,You've walked me up.
00803_0019_angry_0019_000362,0019,angry,happy,neutral,neutral,happy,happy,happy,happy,True,True,True,True,True,0.0,0.9999998807907104,True,0.008000001311302185,0.6507884860038757,23.68606482997346,1.4127113819122314,0.16472479701042175,0.1287394016981125,0.025080528110265732,0.166012441832684,0.8833981242598528,8,60,,Her shoes were like fishes.,Her shoes were like fishes.
00804_0019_angry_0019_000584,0019,angry,happy,angry,neutral,happy,happy,happy,happy,True,True,True,True,True,1.0,0.7964961528778076,False,0.008000001311302185,0.5117395520210266,25.876047720952727,1.301095962524414,0.022309182211756706,0.900146484375,0.024147234857082367,0.031310888527855275,0.9828535458918249,5,60,,"Hurry up, hurry up.",Here we go. Let's hurry up.
00805_0019_angry_0019_000398,0019,angry,happy,neutral,neutral,neutral,happy,happy,happy,True,True,True,True,True,0.0,1.0,True,0.008000001311302185,0.7357158064842224,25.342900903773533,3.0086231231689453,0.06363245844841003,0.33412429690361023,0.03763531893491745,0.06697407777063548,0.9788499736113885,15,60,,You are not a runaway. Who are you?,You are not a runaway. Who are you?
00806_0019_angry_0019_000421,0019,angry,happy,neutral,neutral,neutral,happy,happy,happy,True,True,True,True,True,0.6666666666666666,0.5007513761520386,False,0.008000001311302185,0.8026347756385803,20.454669199020536,3.6811232566833496,0.018902257084846497,1.427095890045166,0.024139350280165672,0.03317345737880096,0.9948650844411341,9,60,,She was born on April 1943.,She was born on April 19th with a boil.
00807_0019_angry_0019_000535,0019,angry,happy,sad,sad,sad,happy,happy,happy,True,True,True,True,True,0.125,0.9889801740646362,True,0.008000001311302185,0.7770392894744873,22.721477738089405,4.4406352043151855,0.10774838924407959,0.47499677538871765,0.027959546074271202,0.11249863659342751,0.975735816096901,12,60,,That newborn baby is stolen as we go.,That newborn baby stolen as we go.
00808_0019_angry_0019_000621,0019,angry,happy,neutral,neutral,neutral,happy,happy,happy,True,True,True,True,True,0.3333333333333333,0.9278041124343872,True,0.008000001311302185,0.6280831098556519,27.07648301907888,2.84661865234375,0.014041086658835411,0.9163237810134888,0.027746906504034996,0.02320460193803534,0.9950674507639881,5,60,,I say I will be emperor.,I say I will be Emperor World.
00809_0019_angry_0019_000476,0019,angry,happy,neutral,happy,happy,happy,happy,happy,True,True,True,True,True,0.16666666666666666,0.2829340696334839,False,0.008000001311302185,0.6035824418067932,21.74840152384148,1.4618839025497437,0.013529068790376186,0.7131415605545044,0.024989498779177666,0.020660734290909023,0.9907454560743302,5,60,,This turn goes to the hill.,This turn goes to the healing.
00810_0019_angry_0019_000503,0019,angry,happy,neutral,neutral,neutral,happy,happy,happy,True,True,True,True,True,0.16666666666666666,0.8517791032791138,True,0.008000001311302185,0.6946536302566528,22.057963408486494,3.5236520767211914,0.02267998456954956,0.4348004162311554,0.027718808501958847,0.027028265919946136,0.9935635005739121,9,60,,But we are not high yet.,But we are not hail yet.
00811_0019_angry_0019_000551,0019,angry,happy,neutral,happy,neutral,happy,happy,happy,True,True,True,True,True,0.0,1.0,True,0.008000001311302185,0.6183752417564392,29.109567730513632,1.2438061237335205,0.024800991639494896,0.05535309016704559,0.022031817585229874,0.025354742859341205,0.9800604039759429,8,60,,A lady is on Alice's lap.,A lady is on Alice's lap.
00812_0019_angry_0019_000465,0019,angry,happy,neutral,neutral,neutral,happy,happy,happy,True,True,True,True,True,0.6666666666666666,0.7445657253265381,False,0.008000001311302185,0.687887966632843,21.3269063571218,2.623263359069824,0.10598668456077576,0.9131669998168945,0.036010198295116425,0.11511871466092766,0.9595973907101888,15,60,,He might call it for example.,"""For example, he might call it for love."""
00813_0019_angry_0019_000409,0019,angry,happy,neutral,neutral,neutral,happy,happy,happy,True,True,True,True,True,1.1666666666666667,0.6831135153770447,False,0.008000001311302185,0.6314496397972107,25.941033395283014,1.948840856552124,0.019334379583597183,1.5804574489593506,0.017638765275478363,0.035139130460843444,0.9900790362031904,5,60,,043 a silver shilling is journey.,043 is Silver Shilling Miss Journey of Thrill.
00814_0019_angry_0019_000593,0019,angry,happy,neutral,neutral,neutral,happy,happy,happy,True,True,True,True,True,0.0,1.0,True,0.008000001311302185,0.8322364687919617,15.957692905409523,4.1209235191345215,0.018039211630821228,0.6315159797668457,0.03311557695269585,0.024354702584259213,0.9956225318069941,15,60,,And has you slain him?,And has you slain him?
00815_0019_angry_0019_000523,0019,angry,happy,neutral,neutral,neutral,happy,happy,happy,True,True,True,True,True,1.4,0.5486247539520264,False,0.008000001311302185,0.7121257185935974,17.850463636683877,3.322070837020874,0.02235366217792034,2.7016828060150146,0.03074777126312256,0.04937079771578312,0.9932711663072283,9,60,,He searched through the box.,I think it's just a... Look at the box.
00816_0019_angry_0019_000426,0019,angry,happy,neutral,neutral,neutral,neutral,happy,happy,False,False,True,True,False,0.0,1.0,True,0.008000001311302185,0.6404315829277039,22.080518715180904,2.487482786178589,0.40266403555870056,0.15604999661445618,0.025423534214496613,0.4042247897601873,0.8381238906270801,15,60,,The hag looked in the stove.,The hag looked in the stove.
00817_0019_angry_0019_000473,0019,angry,happy,neutral,neutral,neutral,happy,happy,happy,True,True,True,True,True,0.0,1.0,True,0.008000001311302185,0.6986793875694275,20.953854613631933,2.024384021759033,0.02220337465405464,0.34013524651527405,0.03581804782152176,0.025605085299685595,0.9890320342309551,9,60,,I am from Towel Land.,I am from Towel Land.
00818_0019_angry_0019_000367,0019,angry,happy,neutral,neutral,neutral,neutral,happy,happy,False,False,True,True,False,0.3333333333333333,0.8990039825439453,True,0.008000001311302185,0.7907163500785828,23.591849227269876,4.165622711181641,0.702532172203064,0.5580805540084839,0.044150497764348984,0.7081134192481265,0.8313500235349494,40,60,,Why is this egg not broken?,Why is this eggnog broken?
00819_0019_angry_0019_000604,0019,angry,happy,neutral,happy,happy,happy,happy,happy,True,True,True,True,True,0.0,0.9999998807907104,True,0.008000001311302185,0.712352454662323,10.719958937805343,0.44550642371177673,0.008286083117127419,0.118770532310009,0.02523205429315567,0.009474040760770441,0.9814007550147287,0,60,,She laughed.,She laughed.
00820_0019_angry_0019_000643,0019,angry,happy,neutral,happy,happy,happy,happy,happy,True,True,True,True,True,0.0,1.0,True,0.008000001311302185,0.529262363910675,24.19157608348913,1.1398813724517822,0.03693961352109909,0.1921076774597168,0.012715625576674938,0.03886081745195202,0.9675934580441075,4,60,,"He is old fashioned, but he is the best of men.","He is old fashioned, but he is the best of men."
00821_0019_angry_0019_000668,0019,angry,happy,neutral,neutral,neutral,happy,happy,happy,True,True,True,True,True,0.25,0.6500673294067383,False,0.008000001311302185,0.7892287373542786,21.386880159672934,2.1973657608032227,0.04657755792140961,0.651363730430603,0.023432578891515732,0.05309142955150455,0.9788030018705745,6,60,,The name of the song is called Haddocks.,"The name of the song is called ""Hed Dogs."""
00822_0019_angry_0019_000399,0019,angry,happy,surprise,surprise,surprise,happy,happy,happy,True,True,True,True,True,0.2,0.9964576363563538,True,0.008000001311302185,0.7347490787506104,22.67289724197223,3.1084766387939453,0.023326482623815536,0.37737563252449036,0.0320686399936676,0.027100559635460375,0.9924958475374401,5,60,,"Then we all say, ""Aha!""","Then we all say ""Aha!"""
00823_0019_angry_0019_000700,0019,angry,happy,neutral,neutral,neutral,neutral,happy,happy,False,False,True,True,False,0.0,1.0000001192092896,True,0.008000001311302185,0.8007686138153076,20.140335524244776,4.103466510772705,0.2865650951862335,0.05620313435792923,0.044697314500808716,0.2871275735029578,0.9301651190684942,12,60,,Do you have anything in mind?,Do you have anything in mind?
00824_0019_angry_0019_000605,0019,angry,happy,neutral,neutral,neutral,neutral,happy,happy,False,False,True,True,False,0.14285714285714285,0.9928090572357178,True,0.008000001311302185,0.5961064100265503,25.982439361868085,3.0119223594665527,0.2826170325279236,0.2674263119697571,0.01983347348868847,0.2852914939823561,0.9061672251810706,9,60,,"This was the 25th of November, 1783.","This was on the 25th of November, 1783."
00825_0019_neutral_0019_000019,0019,neutral,happy,neutral,happy,neutral,happy,happy,happy,True,True,True,True,True,0.2,0.8546127080917358,True,0.008000001311302185,0.6248207092285156,18.27518421191245,1.0117757320404053,0.08111079037189484,1.1133084297180176,0.03306856378912926,0.0922442053547129,0.9198332320065414,3,60,,At the end of four.,At the end of 4th
00826_0019_neutral_0019_000274,0019,neutral,happy,neutral,neutral,neutral,happy,happy,happy,True,True,True,True,True,0.3,0.7982550859451294,False,0.008000001311302185,0.6723107099533081,19.160625404992174,2.570730209350586,0.017592832446098328,1.1270490884780884,0.019021596759557724,0.028863513546846804,0.9931564843396995,4,60,,Because he was a man with infinite resource and sagacity.,Because there is a man with infinite resource and flexibility.
00827_0019_neutral_0019_000069,0019,neutral,happy,neutral,neutral,neutral,happy,happy,happy,True,True,True,True,True,0.6666666666666666,0.47216111421585083,False,0.008000001311302185,0.7449280023574829,15.488887873770732,4.080697536468506,0.2282276153564453,0.7070887088775635,0.03722882270812988,0.23529887473344802,0.9440714208007789,6,60,,"Not much use is it, Sam.",Not must use is it Sam Yang.
00828_0019_neutral_0019_000118,0019,neutral,happy,neutral,neutral,neutral,happy,happy,happy,True,True,True,True,True,0.75,0.925797700881958,True,0.008000001311302185,0.7120582461357117,18.80424619118309,2.190938949584961,0.013383671641349792,0.9660093784332275,0.03157411888241768,0.02304408116687089,0.9938913534565237,4,60,,"Look out, said Alice.",Look out to the Alice.
00829_0019_neutral_0019_000186,0019,neutral,happy,angry,angry,angry,happy,happy,happy,True,True,True,True,True,0.6666666666666666,0.3204506039619446,False,0.008000001311302185,0.8429906964302063,15.021742962566943,3.6557576656341553,0.025025738403201103,1.433709740638733,0.036766551434993744,0.03936320347510279,0.9931544318053532,6,60,,She jumped at the tail and bite it savagely.,You jump at the tail and buy a Gavioli's pie.
00830_0019_neutral_0019_000289,0019,neutral,happy,neutral,neutral,neutral,neutral,happy,happy,False,False,True,True,False,0.75,0.5514976382255554,False,0.008000001311302185,0.7565035820007324,15.985592615812159,1.9932608604431152,0.21696582436561584,2.5090062618255615,0.04351333528757095,0.24205632211722433,0.8911503111954032,6,60,,"""No,"" said Piggy carelessly.",Notes that piggyed carelessly.
00831_0019_neutral_0019_000094,0019,neutral,happy,neutral,neutral,neutral,happy,happy,happy,True,True,True,True,True,1.0,0.05963168293237686,False,0.008000001311302185,0.8511154055595398,15.614881175779445,3.3134398460388184,0.1287950873374939,1.6186059713363647,0.04112068936228752,0.14498155825775116,0.961129492816516,6,60,,They found a cow grazing in a field.,Fethullah Gulen brazenly interfered in our internal affairs.
00832_0019_neutral_0019_000294,0019,neutral,happy,neutral,neutral,neutral,happy,happy,happy,True,True,True,True,True,0.6666666666666666,0.9646987915039062,True,0.008000001311302185,0.6692517995834351,15.387873555229024,1.9593250751495361,0.03431658819317818,0.688120424747467,0.03704800084233284,0.041198162920661266,0.9824855055302352,4,60,,Now I understand.,Now I understand it.
00833_0019_neutral_0019_000113,0019,neutral,happy,neutral,neutral,neutral,happy,happy,happy,True,True,True,True,True,1.8333333333333333,0.2667255997657776,False,0.008000001311302185,0.7694353461265564,18.051569667382484,2.6615829467773438,0.024712948128581047,3.4648423194885254,0.03500142693519592,0.05936172133773565,0.9907149434668179,9,60,,Mr. Lawson saw George last night.,It's been a long time since I saw George Lesner at our eighth.
00834_0019_neutral_0019_000166,0019,neutral,happy,neutral,neutral,neutral,happy,happy,happy,True,True,True,True,True,1.2857142857142858,0.06999954581260681,False,0.008000001311302185,0.825668454170227,14.701246156363489,3.599777936935425,0.03741177171468735,2.8046998977661133,0.0383259542286396,0.06545915395189077,0.9896072001189782,8,60,,They ate beef at the butcher shop.,"The beginner is a bit confused, but he's trying."
00835_0019_neutral_0019_000115,0019,neutral,happy,neutral,neutral,neutral,happy,happy,happy,True,True,True,True,True,1.1666666666666667,0.33597880601882935,False,0.008000001311302185,0.6985560655593872,17.289474961461842,1.8831353187561035,0.13907548785209656,2.3013408184051514,0.03605431318283081,0.1620892565792799,0.9261468432635196,9,60,,"He might call it, for example.",If you might call it core example of turquoise.
00836_0019_neutral_0019_000202,0019,neutral,happy,neutral,neutral,neutral,happy,happy,happy,True,True,True,True,True,0.0,0.9999998807907104,True,0.008000001311302185,0.7008658051490784,11.749060906611064,2.1486597061157227,0.020384689792990685,0.07743525505065918,0.04085136950016022,0.021159450857192275,0.9905128347057611,3,60,,That sounds good.,That sounds good.
00837_0019_neutral_0019_000259,0019,neutral,happy,neutral,happy,happy,neutral,happy,happy,False,False,True,True,False,0.2857142857142857,0.4995790123939514,False,0.008000001311302185,0.841827392578125,12.58001257178063,1.083888292312622,0.36729055643081665,0.6616878509521484,0.033422671258449554,0.3739077691670507,0.6611361530189125,3,60,,This song is called Ways and Means.,This song is called Weas and Mingy.
00838_0019_neutral_0019_000329,0019,neutral,happy,happy,happy,happy,happy,happy,happy,True,True,True,True,True,0.0,1.0000001192092896,True,0.00800000037997961,0.16789518296718597,30.80827658484216,0.08483841270208359,0.00543855270370841,0.06124011427164078,0.004850344266742468,0.0060510023498674854,0.9358951619850987,0,60,,And his heart wagged with joy like a lamb's tail.,And his heart wagged with joy like a lamb's tail.
00839_0019_neutral_0019_000279,0019,neutral,happy,neutral,neutral,neutral,happy,happy,happy,True,True,True,True,True,0.42857142857142855,0.737638533115387,False,0.008000001311302185,0.7780811786651611,15.623526591702962,3.328068494796753,0.026971228420734406,0.5185381174087524,0.03358757123351097,0.032156945470534264,0.9918958313319265,9,60,,These words behind the ears is nonsense.,These words behind their ears is nonsense. You're cool.
00840_0019_neutral_0019_000211,0019,neutral,happy,neutral,happy,neutral,happy,happy,happy,True,True,True,True,True,0.375,0.5338407754898071,False,0.008000001311302185,0.6481695175170898,15.973409197139311,1.755334734916687,0.010914666578173637,1.1732128858566284,0.026239298284053802,0.02264705782972276,0.9937820027365369,3,60,,From each cake there sprung a huge dog.,From each cake there's flung a huge star.
00841_0019_neutral_0019_000337,0019,neutral,happy,neutral,neutral,neutral,happy,happy,happy,True,True,True,True,True,0.3333333333333333,0.9388577938079834,True,0.008000001311302185,0.7421132326126099,15.630159067184216,3.625369071960449,0.06670252978801727,0.44636234641075134,0.04895627126097679,0.0711666428148374,0.9816011753661408,17,60,,"But mom, I'm not certain about.",What mom I'm not certain about.
00842_0019_neutral_0019_000340,0019,neutral,happy,neutral,neutral,surprise,happy,happy,happy,True,True,True,True,True,0.8888888888888888,0.49514108896255493,False,0.008000001311302185,0.8620038032531738,14.50250621937406,1.9108030796051025,0.06888899952173233,2.254624843597412,0.039583608508110046,0.09143564379379153,0.9639476195862269,5,60,,So Tom saw night as it were broad daylight.,"So a Tom Selleck night, as it were, brought good life, man."
00843_0019_neutral_0019_000192,0019,neutral,happy,sad,sad,neutral,happy,happy,happy,True,True,True,True,True,1.0,0.7547367215156555,False,0.008000001311302185,0.8130959272384644,12.857532959590847,3.452272891998291,0.02069868892431259,0.5077162981033325,0.038183920085430145,0.025776233744546774,0.994004330024927,7,60,,I've had to grow old.,I've had you grow old and how good.
00844_0019_neutral_0019_000052,0019,neutral,happy,neutral,neutral,neutral,happy,happy,happy,True,True,True,True,True,0.3333333333333333,0.461495041847229,False,0.008000001311302185,0.638114869594574,18.7725087531571,1.9129836559295654,0.21630321443080902,0.8458698987960815,0.02180427685379982,0.22476213146153837,0.8869288748179597,8,60,,From August 18th of their divorce.,From August 18th of their Du Bois.
00845_0019_neutral_0019_000152,0019,neutral,happy,neutral,neutral,neutral,neutral,happy,happy,False,False,True,True,False,0.0,1.0,True,0.008000001311302185,0.8055607080459595,15.45426625066916,2.112039566040039,0.6089247465133667,0.44390708208084106,0.03714323043823242,0.6133641887664795,0.7116887598582881,5,60,,Guilty for what do you rule?,Guilty for what do you rule?
00846_0019_neutral_0019_000181,0019,neutral,happy,neutral,happy,neutral,happy,happy,happy,True,True,True,True,True,1.75,0.31606778502464294,False,0.008000001311302185,0.9005878567695618,12.52507195403076,1.4191902875900269,0.025460705161094666,3.645911455154419,0.045873742550611496,0.06192027845006436,0.9820596960226311,7,60,,"First, issue a award.","First, I should be happy, says the speaker."
00847_0019_neutral_0019_000293,0019,neutral,happy,neutral,neutral,neutral,happy,happy,happy,True,True,True,True,True,0.7272727272727273,0.871435821056366,True,0.008000001311302185,0.6872354745864868,18.46151530694592,2.401479959487915,0.030727367848157883,0.7312242984771729,0.024115992709994316,0.038039851992856706,0.9872048202081561,3,60,,He is old fashioned but he is the best of men.,"He's old-fashioned, but he's the best of them all."
00848_0019_neutral_0019_000336,0019,neutral,happy,neutral,neutral,neutral,happy,happy,happy,True,True,True,True,True,0.8,0.6891658306121826,False,0.008000001311302185,0.7731110453605652,15.262249894060208,1.5642417669296265,0.020973077043890953,0.7006086707115173,0.042972974479198456,0.02797959348075092,0.986592176805854,3,60,,Over them swooped the eagles.,Over the SUFFI Eagles.
00849_0019_neutral_0019_000141,0019,neutral,happy,neutral,neutral,neutral,happy,happy,happy,True,True,True,True,True,1.25,0.38091331720352173,False,0.008000001311302185,0.6878089308738708,14.967561636984819,4.580305099487305,0.021047834306955338,3.4461376667022705,0.04455369710922241,0.055509656510949135,0.9954047091078472,6,60,,I can't lodge here.,Can I lock you in tonight?
00850_0019_sad_0019_001172,0019,sad,happy,neutral,neutral,neutral,happy,happy,happy,True,True,True,True,True,1.0,0.29682815074920654,False,0.008000001311302185,0.7792125940322876,22.99823765693202,4.3626227378845215,0.01696399413049221,2.9073545932769775,0.028265275061130524,0.0460378227160126,0.9961115147585009,5,60,,"No, I'm an artificial intelligence.",Am I in absolute pomp?
00851_0019_sad_0019_001297,0019,sad,happy,neutral,neutral,neutral,happy,happy,happy,True,True,True,True,True,0.2,0.750268816947937,False,0.008000001311302185,0.7853618264198303,20.19381949736973,1.525041103363037,0.041026078164577484,0.5169989466667175,0.026752185076475143,0.04619633515309542,0.9730983787426409,4,60,,She and I are running a neck and neck race.,She and I are running of neck and neck reefs.
00852_0019_sad_0019_001164,0019,sad,happy,neutral,neutral,neutral,happy,happy,happy,True,True,True,True,True,0.8888888888888888,0.6223796606063843,False,0.008000001311302185,0.7752217054367065,23.418725369825204,3.067833662033081,0.020871130749583244,1.9983935356140137,0.022001590579748154,0.040855286121629183,0.9931967854033678,4,60,,A half pounds of flour and two ounces sweet.,"They hath cowns of flour, which to out is sweet."
00853_0019_sad_0019_001272,0019,sad,happy,neutral,neutral,neutral,happy,happy,happy,True,True,True,True,True,0.0,0.9999997615814209,True,0.008000001311302185,0.7625009417533875,19.61510670891424,3.062490463256836,0.014377493411302567,0.3166515827178955,0.036526940762996674,0.017544374507889152,0.9953052936543637,15,60,,Ask God to help you.,Ask God to help you.
00854_0019_sad_0019_001137,0019,sad,happy,neutral,neutral,neutral,happy,happy,happy,True,True,True,True,True,0.6666666666666666,-0.0757112056016922,False,0.008000001311302185,1.0238373279571533,15.506139182634042,3.367633819580078,0.043385185301303864,2.739896297454834,0.041821494698524475,0.07078456649079919,0.9871170122330243,4,60,,A hippo lives in the zoo.,Our happy rules in the room.
00855_0019_sad_0019_001352,0019,sad,happy,neutral,neutral,neutral,happy,happy,happy,True,True,True,True,True,0.3333333333333333,0.8485645055770874,True,0.008000001311302185,0.8342124819755554,19.57458705272325,2.767516851425171,0.1315901130437851,1.0847705602645874,0.0353737398982048,0.14243817238382994,0.952451919858764,3,60,,501 million right.,501 million rights.
00856_0019_sad_0019_001210,0019,sad,happy,neutral,neutral,neutral,happy,happy,happy,True,True,True,True,True,0.4,0.9271564483642578,True,0.008000001311302185,0.7886989116668701,22.634354501539754,4.395916938781738,0.03983612358570099,0.40575456619262695,0.040830597281455994,0.04389407755360008,0.9909379262300755,10,60,,"Kitty, can you play chess?","Kitty, come you play chess."
00857_0019_sad_0019_001101,0019,sad,happy,neutral,neutral,neutral,happy,happy,happy,True,True,True,True,True,0.5,0.7256821393966675,False,0.008000001311302185,0.7940159440040588,18.478777232854267,1.2424652576446533,0.07447353005409241,1.4574476480484009,0.029902994632720947,0.08904830556452276,0.9400598692028844,3,60,,"""Said the American to the Chinese, 'I'm not a Communist.'""","""Say the American to the Chinese, 'I'm sorry, I don't understand.'"""
00858_0019_sad_0019_001240,0019,sad,happy,neutral,neutral,neutral,happy,happy,happy,True,True,True,True,True,0.5,0.8998540639877319,True,0.008000001311302185,0.6670729517936707,27.93381105418066,2.3210530281066895,0.03334266319870949,0.6064275503158569,0.021041622385382652,0.039407149118091914,0.9856346827086896,5,60,,"And they were sandy, yellow, brownish all over.",When there were sandy yellow brownish all over.
00859_0019_sad_0019_001303,0019,sad,happy,neutral,neutral,neutral,happy,happy,happy,True,True,True,True,True,0.25,0.7518612146377563,False,0.008000001311302185,0.7628086805343628,15.868077826192666,2.327648162841797,0.038091666996479034,0.37352192401885986,0.044483732432127,0.041827331073991954,0.9836351268183189,7,60,,I have a soothsayer.,I'd have a soothsayer.
00860_0019_sad_0019_001105,0019,sad,happy,sad,neutral,neutral,happy,happy,happy,True,True,True,True,True,0.3333333333333333,0.7247614860534668,False,0.008000001311302185,0.7429301738739014,20.10467420688051,2.5974574089050293,0.01272665522992611,1.9283286333084106,0.026494372636079788,0.032010206506736576,0.9951003411311791,4,60,,A deafening chirping rent the air.,"A deafening cheer, we rent the air."
00861_0019_sad_0019_001371,0019,sad,happy,neutral,neutral,neutral,happy,happy,happy,True,True,True,True,True,1.0,0.17348229885101318,False,0.008000001311302185,0.6136167049407959,21.929391565535013,1.3792365789413452,0.03593943640589714,4.388092994689941,0.029899321496486664,0.07982066534601151,0.9739425150444582,4,60,,Called out the cloud.,Hollabaugh Click Loud.
00862_0019_sad_0019_001142,0019,sad,happy,neutral,neutral,neutral,happy,happy,happy,True,True,True,True,True,0.9166666666666666,0.2798183560371399,False,0.008000001311302185,0.8087118864059448,19.44961778233641,3.18125319480896,0.01714525744318962,3.0710275173187256,0.030278272926807404,0.04785583539910614,0.9946105335245976,3,60,,No. The crown is not awarded to the winner of the game.,Thus the one meant wins gives the crowd.
00863_0019_sad_0019_001270,0019,sad,happy,neutral,neutral,neutral,happy,happy,happy,True,True,True,True,True,0.3333333333333333,0.6226069927215576,False,0.008000001311302185,0.6550988554954529,25.62247057506573,2.327899932861328,0.03326353058218956,1.8269977569580078,0.024711955338716507,0.05153375527132303,0.985710927642279,10,60,,Her paw went into your eye.,For Paul went into your eye.
00864_0019_sad_0019_001080,0019,sad,happy,neutral,neutral,neutral,happy,happy,happy,True,True,True,True,True,1.0,0.08427752554416656,False,0.008000001311302185,1.04250168800354,14.251326162954879,2.3848094940185547,0.019588854163885117,5.525113582611084,0.049554191529750824,0.07484048553191125,0.9917859878480789,5,60,,Must the name mean something?,"Love's amazing, Tom say."
00865_0019_sad_0019_001162,0019,sad,happy,neutral,neutral,neutral,happy,happy,happy,True,True,True,True,True,0.4,0.7040151953697205,False,0.008000001311302185,0.679265022277832,23.588847159353218,2.5170092582702637,0.009547663852572441,1.7871447801589966,0.03390336036682129,0.027419450687766075,0.9962067426565074,6,60,,Clown to call him Joey.,"Found, call him Joey."
00866_0019_sad_0019_001348,0019,sad,happy,neutral,neutral,neutral,happy,happy,happy,True,True,True,True,True,0.16666666666666666,0.9965484738349915,True,0.008000001311302185,0.8410807251930237,16.85134569903049,1.782882571220398,0.015803219750523567,0.2499571591615677,0.04291389510035515,0.018303220481090246,0.9911361409856028,4,60,,She come back to the valley.,She come back to the Valley.
00867_0019_sad_0019_001332,0019,sad,happy,neutral,neutral,happy,happy,happy,happy,True,True,True,True,True,0.0,1.0000001192092896,True,0.008000001311302185,0.6776528358459473,19.564366801193238,1.0132349729537964,0.01021519210189581,0.06411270797252655,0.025254100561141968,0.010856571722626687,0.9899182397227009,4,60,,"Alice, I won't forget it again.","Alice, I won't forget it again."
00868_0019_sad_0019_001055,0019,sad,happy,neutral,neutral,neutral,happy,happy,happy,True,True,True,True,True,0.0,1.0,True,0.008000001311302185,0.8186317086219788,16.721987052113203,1.78341805934906,0.01995735615491867,0.5627333521842957,0.03458406776189804,0.025585035517439247,0.9888094908256099,4,60,,Clear then clear water.,Clear then clear water.
00869_0019_sad_0019_001061,0019,sad,happy,neutral,happy,happy,happy,happy,happy,True,True,True,True,True,0.6,0.9516897201538086,True,0.008000001311302185,0.570752739906311,21.0325108337482,0.9713680148124695,0.00405819620937109,0.36713650822639465,0.016245564445853233,0.007729723747279495,0.9958221846432173,0,60,,Chapter 10: A Warm Welcome,Chapter 10. A warm welcome.
00870_0019_sad_0019_001135,0019,sad,happy,neutral,neutral,neutral,happy,happy,happy,True,True,True,True,True,0.25,0.9689182043075562,True,0.008000001311302185,0.7705488204956055,19.27605941520817,2.3034520149230957,0.015005527064204216,1.168962001800537,0.022363167256116867,0.02669537071388215,0.9934856350525256,5,60,,I suppose I take grandmother a fresh vegetable.,I take grandmother a fresh vegetable.
00871_0019_sad_0019_001125,0019,sad,happy,neutral,neutral,neutral,happy,happy,happy,True,True,True,True,True,0.6666666666666666,0.5348098278045654,False,0.008000001311302185,0.9772706627845764,19.927608835362086,2.915428638458252,0.016067909076809883,1.538661241531372,0.038816388696432114,0.03145490965601057,0.9944886632226722,4,60,,I'd far rather go without them than eat them.,"I'd far rather go, it sounds better, better, better."
00872_0019_sad_0019_001070,0019,sad,happy,neutral,neutral,neutral,happy,happy,happy,True,True,True,True,True,0.1111111111111111,0.9521313309669495,True,0.008000001311302185,0.7141992449760437,19.01150525288814,2.090095281600952,0.01386663131415844,0.1544598639011383,0.031961552798748016,0.015411549568697811,0.9933655506348318,7,60,,At the roots of a bush of a grass.,As the roots of a bush of a grass.
00873_0019_sad_0019_001306,0019,sad,happy,neutral,neutral,neutral,happy,happy,happy,True,True,True,True,True,0.0,1.0,True,0.008000001311302185,0.7491395473480225,20.776218186156537,1.5659494400024414,0.14394259452819824,0.24750763177871704,0.029414691030979156,0.14641796499289572,0.9080796666538775,9,60,,I must have two to fetch and carry.,I must have two to fetch and carry.
00874_0019_sad_0019_001224,0019,sad,happy,neutral,neutral,neutral,happy,happy,happy,True,True,True,True,True,0.125,0.9203159213066101,True,0.008000001311302185,0.6952793598175049,23.36466689134017,1.555808424949646,0.04183107241988182,1.548121690750122,0.02159145474433899,0.05731250524193048,0.9731129670279066,4,60,,I pay half a crown a week extra.,I made half a crown a week extra.
00875_0019_surprise_0019_001732,0019,surprise,happy,neutral,neutral,neutral,happy,happy,happy,True,True,True,True,True,1.5,0.2847815155982971,False,0.008000001311302185,0.5989590883255005,27.127019221121337,3.9807090759277344,0.05921918898820877,1.0526031255722046,0.02362973615527153,0.06974545654129237,0.9851234571884891,14,60,,Where are you going?,"When you go laying, you put him"
00876_0019_surprise_0019_001735,0019,surprise,happy,neutral,neutral,neutral,happy,happy,happy,True,True,True,True,True,0.8,0.6007719039916992,False,0.008000001311302185,0.7051324844360352,24.9366576307615,3.4083704948425293,0.006292945705354214,0.7694359421730042,0.022353699430823326,0.013987528664078564,0.9981536790924354,10,60,,But things haven't changed yet.,What things have happily changed yet?
00877_0019_surprise_0019_001448,0019,surprise,happy,surprise,neutral,surprise,happy,happy,happy,True,True,True,True,True,0.25,0.9928404092788696,True,0.008000001311302185,0.7245592474937439,24.31885722726909,3.093432903289795,0.01385402213782072,0.21402861177921295,0.03533218801021576,0.01599466157749295,0.9955214732076175,10,60,,"You are not a runaway, who are you?",You are not a runaway. Who are you?
00878_0019_surprise_0019_001593,0019,surprise,happy,neutral,neutral,neutral,happy,happy,happy,True,True,True,True,True,0.0,1.0,True,0.008000001311302185,0.7099144458770752,22.733173965779297,1.5521388053894043,0.022258426994085312,0.11906375735998154,0.03395495563745499,0.0234494041172415,0.9856595125920449,3,60,,Please hire me after you.,Please hire me after you.
00879_0019_surprise_0019_001586,0019,surprise,happy,angry,angry,angry,happy,happy,happy,True,True,True,True,True,0.4444444444444444,0.7835531830787659,False,0.008000001311302185,0.6500648856163025,25.047225012878197,3.026495933532715,0.06339526176452637,0.6735828518867493,0.019125133752822876,0.07013128153473139,0.9790532473339465,6,60,,She jumped at the tail and bit it savagely.,She dumped at the tail and bite it Savage League.
00880_0019_surprise_0019_001503,0019,surprise,happy,surprise,neutral,surprise,happy,happy,happy,True,True,True,True,True,0.0,1.0,True,0.008000001311302185,0.7865204215049744,20.455736332834885,2.3155155181884766,0.012937702238559723,0.12275759130716324,0.029094569385051727,0.014165569097325206,0.9944126039592767,8,60,,The elephant and the carpenter is the longest.,The elephant and the carpenter is the longest.
00881_0019_surprise_0019_001696,0019,surprise,happy,surprise,neutral,surprise,happy,happy,happy,True,True,True,True,True,0.75,0.5673152208328247,False,0.008000001311302185,0.73536616563797,23.406249401814318,3.1311278343200684,0.05012673884630203,2.0664620399475098,0.03518902510404587,0.07079171113602817,0.9839908360505546,7,60,,You woke me up?,You've walked me up.
00882_0019_surprise_0019_001614,0019,surprise,happy,neutral,neutral,neutral,happy,happy,happy,True,True,True,True,True,0.3333333333333333,0.34234923124313354,False,0.00800000037997961,0.7561555504798889,23.399490685146596,3.4111459255218506,0.02669757418334484,1.5161659717559814,0.021003078669309616,0.041859443931691345,0.9921734294673247,11,60,,But what about this thing? Sticky.,But what about this spin?
00883_0019_surprise_0019_001595,0019,surprise,happy,neutral,neutral,neutral,happy,happy,happy,True,True,True,True,True,0.5714285714285714,0.35056769847869873,False,0.008000001311302185,0.9165218472480774,20.50767168879876,3.2929000854492188,0.033135928213596344,2.8245813846588135,0.043189018964767456,0.061382173950374125,0.9899371595390888,6,60,,A boat put out on the bay.,"I'll vote, darling. We'll put out on the bay."
00884_0019_surprise_0019_001564,0019,surprise,happy,angry,angry,angry,happy,happy,happy,True,True,True,True,True,0.42857142857142855,0.43619459867477417,False,0.008000001311302185,1.0588767528533936,20.143917465200495,4.211068630218506,0.01986750215291977,1.362430453300476,0.04554486274719238,0.033492262134552,0.9952820759057805,16,60,,His large mouth curled into a sneer.,"If a large mouth curled into a sphere,"
00885_0019_surprise_0019_001499,0019,surprise,happy,neutral,neutral,neutral,neutral,happy,happy,False,False,True,True,False,0.2,0.8839987516403198,True,0.008000001311302185,0.8383153676986694,21.395316245745995,2.4176254272460938,0.5365266799926758,0.5698977708816528,0.044297315180301666,0.5422261006746442,0.7780770031841405,9,60,,I've hit the wrong nose.,I'd hit the wrong nose.
00886_0019_surprise_0019_001685,0019,surprise,happy,neutral,neutral,surprise,happy,happy,happy,True,True,True,True,True,0.16666666666666666,0.9967397451400757,True,0.008000001311302185,0.5932488441467285,30.372207798962428,2.3222267627716064,0.08195001631975174,0.38757503032684326,0.016837196424603462,0.08582593499498442,0.9647105882881379,12,60,,"The straw, charcoal and the pea.","The straw, charcoal, and the pea."
00887_0019_surprise_0019_001496,0019,surprise,happy,neutral,neutral,neutral,happy,happy,happy,True,True,True,True,True,0.8,0.4990825653076172,False,0.008000001311302185,0.6864369511604309,18.203441163247053,2.4998631477355957,0.01994868367910385,1.6916998624801636,0.027440270408988,0.036865956706609575,0.9920200897008408,5,60,,I don't paint it tiger.,I've dope-hanted tiger.
00888_0019_surprise_0019_001521,0019,surprise,happy,neutral,neutral,neutral,happy,happy,happy,True,True,True,True,True,36.4,0.26262959837913513,False,0.008000001311302185,0.6510212421417236,22.315617697554817,2.2647151947021484,0.06650294363498688,0.5584090352058411,0.02237563580274582,0.07208725774340331,0.9706351845960334,4,60,,Finn and the fairy shoemaker,"Finn: I'm not sure. I mean, I'm not sure if I'm ready for that. I mean, I'm not sure if I'm ready for that. I mean, I'm not sure if I'm ready for that. I mean, I'm not sure if I'm ready for that. I mean, I'm not sure if I'm ready for that. I mean, I'm not sure if I'm ready for that. I mean, I'm not sure if I'm ready for that. I mean, I'm not sure if I'm ready for that. I mean, I'm not sure if I'm ready for that. I mean, I'm not sure if I'm ready for that. I mean, I'm not sure if I'm ready for that. I mean, I'm not sure if I'm ready for that. I mean, I'm not sure if I'm ready for that. I mean, I'm not sure if I'm ready for that. I mean, I'm not sure if I'm ready for that. I mean, I'm not sure if I'm ready for that. I mean, I'm not sure if I'm ready for that. I mean, I'm not sure if I'm ready"
00889_0019_surprise_0019_001656,0019,surprise,happy,neutral,neutral,neutral,happy,happy,happy,True,True,True,True,True,0.125,0.9594621658325195,True,0.008000001311302185,0.641410231590271,26.18145269813422,2.3917808532714844,0.08110258728265762,0.7054736018180847,0.02361895516514778,0.08815755949039013,0.966091129472951,7,60,,I must have two to fetch a carry?,I must have two to fetch a carry.
00890_0019_surprise_0019_001517,0019,surprise,happy,surprise,sad,surprise,neutral,happy,happy,False,False,True,True,False,0.2,0.6309704184532166,False,0.008000001311302185,0.6968268156051636,21.68162358938835,2.7006938457489014,0.20861300826072693,1.115411639213562,0.0384310744702816,0.21976750896360725,0.9227557730806475,11,60,,They were children of mine?,They were children of mind.
00891_0019_surprise_0019_001514,0019,surprise,happy,neutral,neutral,surprise,happy,happy,happy,True,True,True,True,True,0.8,0.555962085723877,False,0.008000001311302185,0.799321711063385,22.05627743525342,2.802124500274658,0.023903584107756615,1.7151124477386475,0.02831081673502922,0.041054991693310436,0.9914694782100462,12,60,,A half pounds of flour and two ounces of squat.,"Aha, that's a ton of flour and juice is sweet."
00892_0019_surprise_0019_001440,0019,surprise,happy,neutral,neutral,neutral,happy,happy,happy,True,True,True,True,True,0.16666666666666666,0.8203402757644653,True,0.008000001311302185,0.6327838897705078,26.731905030198124,1.9451067447662354,0.02308160625398159,0.8914270401000977,0.019397344440221786,0.03199607062842697,0.9881335015077769,18,60,,In which Fox loses a tail and his elder sister finds one.,In which Fops loses a tail and its elder sister finds one.
00893_0019_surprise_0019_001483,0019,surprise,happy,neutral,neutral,neutral,happy,happy,happy,True,True,True,True,True,0.125,0.8943538069725037,True,0.008000001311302185,0.6405898928642273,25.320788310292045,1.7592267990112305,0.04025004804134369,1.0445020198822021,0.024091672152280807,0.05069530915688723,0.9771206031740955,6,60,,Be off now as quick as you may.,We off now as quick as you may.
00894_0019_surprise_0019_001749,0019,surprise,happy,neutral,neutral,neutral,happy,happy,happy,True,True,True,True,True,0.14285714285714285,0.8076634407043457,True,0.008000001311302185,0.6894877552986145,25.287730987088494,3.6729273796081543,0.06598250567913055,0.22249957919120789,0.023572221398353577,0.06820773719325662,0.9820354450661178,8,60,,What do you think of this question?,What do you speak of this question?
00895_0019_surprise_0019_001745,0019,surprise,happy,neutral,neutral,neutral,happy,happy,happy,True,True,True,True,True,0.4,0.6793431639671326,False,0.008000001311302185,0.6537980437278748,26.607908115548188,3.6302332878112793,0.05167485773563385,2.3000898361206055,0.034190475940704346,0.07467609800159931,0.9857654168096758,14,60,,A worrying noise was heard.,Our Warren noise was heard.
00896_0019_surprise_0019_001658,0019,surprise,happy,neutral,neutral,neutral,happy,happy,happy,True,True,True,True,True,1.0,0.6392046213150024,False,0.008000001311302185,0.7221500873565674,24.325077047675634,3.082775831222534,0.017064029350876808,0.562536895275116,0.025845762342214584,0.02268965676125139,0.994464719368158,12,60,,"Mom shuts one's mouth up, doesn't it?",Mom's just won some mouse up. Doesn't it?
00897_0019_surprise_0019_001422,0019,surprise,happy,neutral,neutral,happy,happy,happy,happy,True,True,True,True,True,0.0,0.9999998807907104,True,0.008000001311302185,0.7527478337287903,21.73553480731959,1.5389487743377686,0.03201065957546234,0.067425437271595,0.02327040210366249,0.03268514665219933,0.9791996588130512,8,60,,And what are doves? And what are doves?,And what are doves? And what are doves?
00898_0019_surprise_0019_001583,0019,surprise,happy,surprise,neutral,surprise,happy,happy,happy,True,True,True,True,True,0.8,0.10405935347080231,False,0.008000001311302185,0.7234141230583191,22.476517662564625,3.235523223876953,0.044621728360652924,3.3755128383636475,0.03327735885977745,0.078377189517878,0.9862088060344116,5,60,,Fresh pain sees Paul's body.,"Fresh paint, these polished bodies."
00899_0019_surprise_0019_001546,0019,surprise,happy,surprise,neutral,surprise,happy,happy,happy,True,True,True,True,True,0.5,0.9334171414375305,True,0.008000001311302185,0.6963049173355103,23.373509032488286,2.988528251647949,0.033310264348983765,1.28403639793396,0.021372703835368156,0.04615084205536172,0.9888539570169311,5,60,,"He said to Jack, the chatterer?","He said to Jack, ""The chatter words?"""
00900_0020_angry_0020_000542,0020,angry,happy,sad,sad,neutral,happy,happy,happy,True,True,True,True,True,0.3333333333333333,0.7205935120582581,False,0.008000001311302185,0.6552335023880005,24.247079001546588,3.385049343109131,0.02322087064385414,1.7792274951934814,0.02690822444856167,0.04101341467803345,0.9931401677523182,6,60,,I have had to grow old.,I had happy grow old.
00901_0020_angry_0020_000559,0020,angry,happy,angry,angry,neutral,happy,happy,happy,True,True,True,True,True,1.0,0.8363886475563049,True,0.008000001311302185,0.7800922393798828,22.263106964089168,3.5107126235961914,0.017181841656565666,1.8535856008529663,0.038800183683633804,0.035718085666932166,0.9951058820533806,8,60,,A raging fire was in his eyes.,RATING FIREWORKS IN HIS EYES
00902_0020_angry_0020_000376,0020,angry,happy,neutral,neutral,neutral,neutral,happy,happy,False,False,True,True,False,0.5714285714285714,0.8791435956954956,True,0.008000001311302185,0.706621527671814,25.601470169632094,4.358268737792969,0.4372095763683319,0.6820840239524841,0.03911050409078598,0.44403080771289766,0.8996827404017002,24,60,,Let's make the noise of a snake.,"that if you make the noise of a snake,"
00903_0020_angry_0020_000500,0020,angry,happy,neutral,neutral,happy,happy,happy,happy,True,True,True,True,True,0.0,0.9999998211860657,True,0.008000001311302185,0.47094517946243286,26.885888916730956,1.4671885967254639,0.012263726443052292,0.07540316134691238,0.01882927678525448,0.013017946349289268,0.9916413428577464,2,60,,I hope you enjoyed yourself.,I hope you enjoyed yourself.
00904_0020_angry_0020_000580,0020,angry,happy,neutral,neutral,neutral,happy,happy,happy,True,True,True,True,True,0.0,1.0,True,0.008000001311302185,0.6873630881309509,23.760502140780705,2.999108076095581,0.019319981336593628,0.13127239048480988,0.02686217427253723,0.02063297386318445,0.9935580909902568,11,60,,Your own wife is not at home.,Your own wife is not at home.
00905_0020_angry_0020_000388,0020,angry,happy,neutral,neutral,neutral,happy,happy,happy,True,True,True,True,True,0.14285714285714285,0.9725246429443359,True,0.008000001311302185,0.6861066818237305,29.521497958918737,3.7014551162719727,0.03229880332946777,0.411721795797348,0.024742309004068375,0.036416268710531295,0.9912740253995033,8,60,,Hold up my chin slow and solid.,"Hold up my chin, slow and solid."
00906_0020_angry_0020_000507,0020,angry,happy,neutral,happy,happy,happy,happy,happy,True,True,True,True,True,0.3333333333333333,0.7999105453491211,False,0.008000001311302185,0.5040515661239624,27.52684681989896,0.981155514717102,0.07598026096820831,0.39915913343429565,0.01978122815489769,0.07997205011483283,0.9225604301983505,0,60,,Blackbird and Jay.,Blackwood and Jay.
00907_0020_angry_0020_000514,0020,angry,happy,angry,angry,angry,neutral,happy,happy,False,False,True,True,False,0.5714285714285714,0.48029083013534546,False,0.008000001311302185,0.81187504529953,19.195430479895926,4.220141410827637,0.3146919012069702,1.5291179418563843,0.03889394551515579,0.3299834695649892,0.9254309582139679,9,60,,His large mouth curled into a sneer.,Who's large and curls into a sinew.
00908_0020_angry_0020_000648,0020,angry,happy,neutral,happy,happy,happy,happy,happy,True,True,True,True,True,0.5,0.7603514790534973,False,0.008000016212463379,0.6332666873931885,27.623799139292412,1.1022578477859497,0.033603258430957794,1.882989525794983,0.03267062455415726,0.052433480395153165,0.9695141581450701,3,60,,She come back to the valley.,"If you come back to the Valley,"
00909_0020_angry_0020_000408,0020,angry,happy,neutral,neutral,neutral,happy,happy,happy,True,True,True,True,True,0.0,1.0,True,0.008000001311302185,0.6837669610977173,27.158482249948563,3.0883612632751465,0.0911872610449791,0.2501671612262726,0.027537880465388298,0.09368920803604647,0.9704739007934983,19,60,,The octopus has eight legs.,The octopus has eight legs.
00910_0020_angry_0020_000471,0020,angry,happy,neutral,neutral,happy,happy,happy,happy,True,True,True,True,True,0.4,0.6221279501914978,False,0.008000001311302185,0.5875037312507629,23.519400962244784,1.3085777759552002,0.06021261215209961,1.9179679155349731,0.030733583495020866,0.0793925986432843,0.9539862182756793,3,60,,Fin and the fairy shoemaker.,Fin and the fairy Humei crew
00911_0020_angry_0020_000576,0020,angry,happy,neutral,neutral,neutral,happy,happy,happy,True,True,True,True,True,0.125,0.9944336414337158,True,0.008000001311302185,0.7563284039497375,22.658372111761928,2.182185173034668,0.05645107477903366,0.3903901278972626,0.029170971363782883,0.06035526776771992,0.974130942013262,10,60,,"And the next day, nurse will be released.","And the next day, Nurse will be released."
00912_0020_angry_0020_000386,0020,angry,happy,angry,sad,angry,happy,happy,happy,True,True,True,True,True,0.8333333333333334,0.14551812410354614,False,0.008000016212463379,1.0792367458343506,22.464747470832265,3.2666068077087402,0.11187100410461426,2.5020415782928467,0.053840115666389465,0.13689195828869938,0.9657531467085007,6,60,,How I hate this foul pool.,How are you?
00913_0020_angry_0020_000509,0020,angry,happy,happy,happy,happy,happy,happy,happy,True,True,True,True,True,0.0,1.0000001192092896,True,0.00800000037997961,0.1252584308385849,39.20176435956086,0.07931219786405563,0.008385958150029182,0.1986822485923767,0.0031604196410626173,0.01037281224014936,0.894266476331887,0,60,,Such tunes are joy to a dancing fae.,Such tunes are joy to a dancing fae.
00914_0020_angry_0020_000588,0020,angry,happy,neutral,neutral,neutral,happy,happy,happy,True,True,True,True,True,0.4,0.9715203046798706,True,0.008000001311302185,0.6932041645050049,23.823269303589917,2.549363136291504,0.08191841840744019,0.5113982558250427,0.031905751675367355,0.08703272002320736,0.967867104830501,9,60,,Today isn't any other day.,Because today isn't any other day.
00915_0020_angry_0020_000697,0020,angry,happy,neutral,neutral,neutral,happy,happy,happy,True,True,True,True,True,0.0,0.9999998807907104,True,0.008000001311302185,0.7054665684700012,23.975676325940437,2.4675326347351074,0.19538603723049164,0.11348430067300797,0.02535458281636238,0.1965211337830499,0.9208172429089406,10,60,,"What are you waiting for, man?","What are you waiting for, man?"
00916_0020_angry_0020_000366,0020,angry,happy,neutral,happy,happy,happy,happy,happy,True,True,True,True,True,0.14285714285714285,0.9560428261756897,True,0.008000001311302185,0.4708227813243866,30.6526688669626,1.3174173831939697,0.08035002648830414,0.2387159764766693,0.015569555573165417,0.08273734194862656,0.9390094380768667,4,60,,"Mr. Sherman, I move for a division.","Mr. Sherman, I moved for a division."
00917_0020_angry_0020_000529,0020,angry,happy,neutral,happy,happy,happy,happy,happy,True,True,True,True,True,0.4,0.947811484336853,True,0.008000001311302185,0.49595823884010315,20.93370437047653,0.6941802501678467,0.01002274826169014,0.164859339594841,0.02216913551092148,0.011671563348993658,0.9855617496186808,0,60,,Daisy creams with pink edges.,And daisy creams with pink edges.
00918_0020_angry_0020_000598,0020,angry,happy,neutral,neutral,surprise,happy,happy,happy,True,True,True,True,True,0.16666666666666666,0.8145614266395569,True,0.008000001311302185,0.5591718554496765,24.512366161598433,1.7955106496810913,0.01581703871488571,0.9627245664596558,0.02436743676662445,0.025444528053849936,0.9911907853525151,3,60,,In which Piglet meets an elephant.,In which Pinklet meets an elephant.
00919_0020_angry_0020_000670,0020,angry,happy,angry,neutral,neutral,happy,happy,happy,True,True,True,True,True,0.14285714285714285,0.8636748790740967,True,0.008000001311302185,0.576420783996582,28.995255575183858,1.9536406993865967,0.0293238814920187,0.7049391865730286,0.01662249118089676,0.036373439582660795,0.9849901358518863,5,60,,Go Billy ask the old Chinese guy.,"Go Philly, ask the old Chinese guy."
00920_0020_angry_0020_000352,0020,angry,happy,neutral,neutral,neutral,happy,happy,happy,True,True,True,True,True,0.125,0.578900933265686,False,0.008000001311302185,0.7649405598640442,22.363581477862073,1.7763984203338623,0.020221881568431854,0.9931622743606567,0.03232754021883011,0.030153827587440608,0.9886163591810494,5,60,,I did go and I made many prisoners.,I did go and I made many prisms.
00921_0020_angry_0020_000412,0020,angry,happy,neutral,neutral,happy,neutral,happy,happy,False,False,True,True,False,0.16666666666666666,0.57603919506073,False,0.008000001311302185,0.5671148896217346,30.89439871181456,1.6426715850830078,0.3358195722103119,1.0344053506851196,0.019186092540621758,0.3461638175780885,0.7955649959128366,6,60,,Tom went on a Yore gloomily.,Tom went on a Yore Lumali.
00922_0020_angry_0020_000592,0020,angry,happy,sad,sad,sad,happy,happy,happy,True,True,True,True,True,0.2727272727272727,0.6863945722579956,False,0.008000001311302185,0.9130217432975769,22.244395357463667,3.2527825832366943,0.0891980230808258,0.5048914551734924,0.028625313192605972,0.09424722388569265,0.9725779326474169,10,60,,Give me your hand or I will cry harder than before.,Give me your hand or I will pride harder than these four.
00923_0020_angry_0020_000643,0020,angry,happy,neutral,happy,neutral,happy,happy,happy,True,True,True,True,True,0.18181818181818182,0.9763654470443726,True,0.008000001311302185,0.6599675416946411,25.10068676403508,1.7812142372131348,0.008591635152697563,0.32316288352012634,0.023391060531139374,0.011823497898504138,0.9951765290366531,3,60,,He is old fashioned but he is the best of men.,"He is old-fashioned, but he is the best of men."
00924_0020_angry_0020_000642,0020,angry,happy,neutral,neutral,neutral,happy,happy,happy,True,True,True,True,True,0.6,0.6355880498886108,False,0.008000001311302185,0.624980092048645,25.728028241128737,3.685944080352783,0.026462431997060776,0.8222851753234863,0.028878983110189438,0.03468557254012675,0.9928207179978357,8,60,,She has a high voice.,She has the highest boings.
00925_0020_neutral_0020_000318,0020,neutral,happy,neutral,happy,happy,happy,happy,happy,True,True,True,True,True,0.25,0.7305296063423157,False,0.008000001311302185,0.7978853583335876,15.60230374354064,1.361644983291626,0.01308287214487791,1.2090684175491333,0.031163834035396576,0.0251738679587096,0.9903918625593203,5,60,,The name of the song is called Haddox.,The name of the song is called Had Ups.
00926_0020_neutral_0020_000090,0020,neutral,happy,neutral,neutral,neutral,happy,happy,happy,True,True,True,True,True,0.6,0.525303304195404,False,0.008000001311302185,0.7805431485176086,17.357085443339155,2.255789279937744,0.06377166509628296,2.9373605251312256,0.03577237203717232,0.09314562807131559,0.9717297773939049,6,60,,And they did push so.,And they did for so sweet.
00927_0020_neutral_0020_000194,0020,neutral,happy,sad,sad,sad,happy,happy,happy,True,True,True,True,True,1.25,0.10038375854492188,False,0.008000001311302185,0.8180599808692932,10.711584469240886,3.7873764038085938,0.03154508396983147,2.3982417583465576,0.04314421862363815,0.055527932995483274,0.9916709931608304,5,60,,"Yes, I miss her.",I'm going to enjoy myself.
00928_0020_neutral_0020_000040,0020,neutral,happy,sad,neutral,neutral,happy,happy,happy,True,True,True,True,True,1.6666666666666667,0.47356677055358887,False,0.008000001311302185,0.6591687798500061,20.585549989564772,1.826666235923767,0.03939250856637955,1.5186837911605835,0.021199706941843033,0.0545795584750548,0.9784347529988376,8,60,,"The title of the story is ""The Tailor's Fox.""","In ""Fox and the Hound"" a fox loses a tail and its outdoor sister finds one."
00929_0020_neutral_0020_000191,0020,neutral,happy,neutral,neutral,neutral,happy,happy,happy,True,True,True,True,True,0.14285714285714285,0.7367944717407227,False,0.008000001311302185,0.8487725257873535,15.56951664805261,3.396493911743164,0.021811649203300476,0.5836538076400757,0.04207175225019455,0.027648607997223733,0.9935781868685564,5,60,,I make her quite nervy at times.,I make her quite envious at times.
00930_0020_neutral_0020_000213,0020,neutral,happy,neutral,neutral,happy,happy,happy,happy,True,True,True,True,True,0.75,0.5664782524108887,False,0.008000001311302185,0.7698474526405334,15.558605360251248,0.89201420545578,0.02420463226735592,1.193333625793457,0.03355675935745239,0.036138304092884065,0.9728651941647181,0,60,,"Let it give us a chance, my precious.","""God gave us a chance, my brethren, to heal."""
00931_0020_neutral_0020_000333,0020,neutral,happy,angry,neutral,neutral,happy,happy,happy,True,True,True,True,True,0.6,0.8541344404220581,True,0.008000001311302185,0.8265284299850464,12.904828742838895,2.826683759689331,0.019652141258120537,1.367211937904358,0.04213831573724747,0.03332468202032149,0.9930476335774185,11,60,,"You gain for nothing, girl.","We gained from nothing, girl."
00932_0020_neutral_0020_000218,0020,neutral,happy,neutral,neutral,neutral,happy,happy,happy,True,True,True,True,True,0.875,0.25707143545150757,False,0.008000001311302185,1.0202275514602661,15.386089741728055,2.426565170288086,0.2312035858631134,2.095054864883423,0.04235892742872238,0.2521545581012219,0.9047198118995236,3,60,,I will send for Tom to my boudour.,Thaiol Sempertam to Maidbudur
00933_0020_neutral_0020_000265,0020,neutral,happy,neutral,neutral,neutral,happy,happy,happy,True,True,True,True,True,0.2,0.6404045224189758,False,0.008000001311302185,0.8675385117530823,10.470304306023532,1.693723440170288,0.0629090964794159,0.6746717691421509,0.03885209187865257,0.06965620269175618,0.9628575155852535,5,60,,I've just shot a stag.,I've just shot a stingray.
00934_0020_neutral_0020_000309,0020,neutral,happy,neutral,neutral,neutral,happy,happy,happy,True,True,True,True,True,0.7777777777777778,0.4830479025840759,False,0.008000001311302185,0.9516280293464661,14.269099826862844,1.7852015495300293,0.02403677999973297,2.4910106658935547,0.03558221086859703,0.048947242480777205,0.9865355371184498,4,60,,"He owed Mr. Lawson, ""I can't tell you how.""","""See you with the Mr. Ball soon. I can't tell you how."""
00935_0020_neutral_0020_000237,0020,neutral,happy,neutral,neutral,happy,happy,happy,happy,True,True,True,True,True,0.75,0.5202797651290894,False,0.008000001311302185,0.7916512489318848,14.415914159091713,1.7089207172393799,0.0861629843711853,1.6917656660079956,0.0380798876285553,0.10308102183014153,0.9495804670737595,7,60,,They would do a review of the year.,What would they do at the end of the year?
00936_0020_neutral_0020_000140,0020,neutral,happy,neutral,neutral,neutral,happy,happy,happy,True,True,True,True,True,0.6666666666666666,0.1313333809375763,False,0.008000001311302185,1.0701286792755127,12.731120548525439,3.266988754272461,0.022643066942691803,0.9522429704666138,0.050361912697553635,0.03216600026648492,0.9930691322665007,4,60,,What an impetuous boy he is.,What an impeccable go you all.
00937_0020_neutral_0020_000214,0020,neutral,happy,neutral,neutral,neutral,happy,happy,happy,True,True,True,True,True,0.3333333333333333,0.4586537778377533,False,0.008000001311302185,0.8079174757003784,15.983504018034665,3.1107852458953857,0.2433471381664276,1.9215785264968872,0.04479428380727768,0.2625633713742346,0.9217730833436609,6,60,,But what about this thing sticky?,"But what about this thing, Speedy?"
00938_0020_neutral_0020_000270,0020,neutral,happy,neutral,neutral,neutral,happy,happy,happy,True,True,True,True,True,1.4,0.6164016723632812,False,0.008000001311302185,0.9554513096809387,9.05056968756729,2.3861963748931885,0.01913408935070038,2.527599573135376,0.0446394681930542,0.04441053147673607,0.991981343383125,8,60,,"Chew leaves quickly, said Rabbit.","Cute little quick with bed rabbit, too."
00939_0020_neutral_0020_000205,0020,neutral,happy,neutral,neutral,neutral,happy,happy,happy,True,True,True,True,True,0.8,0.7374643087387085,False,0.008000001311302185,0.903294563293457,14.97886648831316,2.0294930934906006,0.03181278705596924,0.8760160803794861,0.04074626415967941,0.0405733553224057,0.9843247621004448,9,60,,Fear neither root nor sprout.,Where you fear neither route nor sprout.
00940_0020_neutral_0020_000138,0020,neutral,happy,neutral,neutral,neutral,happy,happy,happy,True,True,True,True,True,0.875,0.1492183953523636,False,0.008000001311302185,0.860595703125,15.362680744985218,3.8934333324432373,0.008478393778204918,5.241680145263672,0.029775401577353477,0.06089549298485741,0.9978223862965481,5,60,,But one requires the explorer to furnish proofs.,"But one replies with ""Lord, be kind to the food."""
00941_0020_neutral_0020_000008,0020,neutral,happy,neutral,neutral,neutral,sad,happy,happy,False,False,True,True,False,0.0,1.0,True,0.008000001311302185,0.7929790616035461,16.154594384147806,2.342454433441162,0.5553434491157532,0.21639306843280792,0.042388688772916794,0.557507803686969,0.7629224111309901,16,60,,That was his chief thought.,That was his chief thought.
00942_0020_neutral_0020_000186,0020,neutral,happy,angry,angry,neutral,happy,happy,happy,True,True,True,True,True,0.6666666666666666,0.4422266185283661,False,0.008000001311302185,0.921737551689148,14.029397326195488,3.7782905101776123,0.0109539944678545,2.0478265285491943,0.0415436327457428,0.0314326751896739,0.9971008067171258,4,60,,She jump at the tail and bite it savagely.,"If you jump on the tail and like it,"
00943_0020_neutral_0020_000001,0020,neutral,happy,neutral,neutral,happy,happy,happy,happy,True,True,True,True,True,0.5,0.8193825483322144,True,0.008000001311302185,0.7333504557609558,16.674532949170494,1.1912354230880737,0.12865786254405975,0.9950667023658752,0.035470426082611084,0.13860888427197934,0.8919962754209103,4,60,,The nine the eggs I keep.,The nine eggs Ikes.
00944_0020_neutral_0020_000076,0020,neutral,happy,neutral,neutral,neutral,happy,happy,happy,True,True,True,True,True,0.8333333333333334,0.030416008085012436,False,0.008000001311302185,0.7739397287368774,15.864097235009861,2.5378308296203613,0.03464537113904953,2.3597660064697266,0.04315974935889244,0.05824346280124039,0.9863484316075425,12,60,,The hag looked in the stove.,The beagle is a dog breed.
00945_0020_neutral_0020_000269,0020,neutral,happy,neutral,neutral,neutral,happy,happy,happy,True,True,True,True,True,0.3333333333333333,0.591025173664093,False,0.008000001311302185,0.8193321824073792,13.700431085444166,4.892296314239502,0.012453369796276093,1.0367845296859741,0.03945581614971161,0.02282160965129733,0.997454493964311,4,60,,But show me now your map.,So show me now your math.
00946_0020_neutral_0020_000233,0020,neutral,happy,neutral,neutral,neutral,happy,happy,happy,True,True,True,True,True,0.4444444444444444,0.7699200510978699,False,0.008000001311302185,0.9860769510269165,16.139655255229744,3.3278567790985107,0.012471195310354233,1.3442219495773315,0.03623388335108757,0.02591377714496106,0.9962524843651076,11,60,,Why should I care though David's lips were twitching?,Why did I care though? David's lips were for Trina.
00947_0020_neutral_0020_000016,0020,neutral,happy,neutral,neutral,neutral,happy,happy,happy,True,True,True,True,True,0.14285714285714285,0.9472658038139343,True,0.008000001311302185,0.7733703851699829,18.914362198937443,1.7006635665893555,0.044687844812870026,0.3686581254005432,0.03091377764940262,0.04837473520465195,0.9737232891379625,2,60,,"Mr. Chairman, I move for a division.","Mr. Chairman, I moved for a division."
00948_0020_neutral_0020_000010,0020,neutral,happy,neutral,neutral,neutral,neutral,happy,happy,False,False,True,True,False,2.0,0.14299887418746948,False,0.008000001311302185,0.8436355590820312,15.515707082355997,3.591134548187256,0.1797504872083664,2.6508443355560303,0.045140475034713745,0.20625938196867705,0.9499460449625589,6,60,,A nauseous drought.,Her nose is a little red.
00949_0020_neutral_0020_000104,0020,neutral,happy,neutral,neutral,neutral,happy,happy,happy,True,True,True,True,True,0.16666666666666666,0.7556940317153931,False,0.008000001311302185,0.7854286432266235,17.43987298136699,1.6766388416290283,0.00678230170160532,0.4087855815887451,0.04676772281527519,0.010870625194720923,0.9959548225096494,8,60,,Here am I whom you seek.,Here am I whom you seat.
00950_0020_sad_0020_001392,0020,sad,happy,neutral,neutral,neutral,happy,happy,happy,True,True,True,True,True,0.16666666666666666,0.6009762287139893,False,0.008000001311302185,0.8731568455696106,22.071935321394143,4.071171760559082,0.2617056965827942,1.8226912021636963,0.03910394385457039,0.2799329996438697,0.9357173531418741,18,60,,Why should I purchase my own?,Why should I create my own?
00951_0020_sad_0020_001169,0020,sad,happy,neutral,neutral,neutral,happy,happy,happy,True,True,True,True,True,1.1666666666666667,0.13790465891361237,False,0.008000001311302185,0.8185527920722961,20.69026323573294,3.9685921669006348,0.027399441227316856,1.589542031288147,0.02633357048034668,0.04329512487590313,0.9930959292174597,6,60,,The owl flew into a bush.,I will boast and I will shout.
00952_0020_sad_0020_001110,0020,sad,happy,neutral,neutral,neutral,happy,happy,happy,True,True,True,True,True,1.0,0.4569048285484314,False,0.008000001311302185,0.969724714756012,14.895998329375896,2.3689022064208984,0.01525840349495411,2.3921573162078857,0.03660612553358078,0.039180342718288304,0.9935588715086692,5,60,,That I am born nurse.,For that I am born in there again.
00953_0020_sad_0020_001141,0020,sad,happy,surprise,happy,happy,happy,happy,happy,True,True,True,True,True,0.125,0.9655702114105225,True,0.008000001311302185,0.8689890503883362,16.781472144616448,1.0262970924377441,0.03324831649661064,0.5932880640029907,0.035072825849056244,0.03918154786489904,0.9676036142540008,3,60,,We expected that Tom would jump for joy.,We expect that Tom would jump for joy.
00954_0020_sad_0020_001129,0020,sad,happy,sad,neutral,neutral,happy,happy,happy,True,True,True,True,True,0.5714285714285714,0.6061466932296753,False,0.008000001311302185,1.158823013305664,15.044613652008778,3.714580535888672,0.022641897201538086,1.5336486101150513,0.05489109456539154,0.037978932213634256,0.993904588423166,5,60,,All my gum tips gone as well.,"Oh my gum teeth, it's on as well."
00955_0020_sad_0020_001130,0020,sad,happy,neutral,neutral,neutral,happy,happy,happy,True,True,True,True,True,0.6,0.25335633754730225,False,0.008000001311302185,0.9293410778045654,18.362332464084744,2.9767379760742188,0.02526860311627388,1.9682531356811523,0.041406743228435516,0.044951548540517694,0.9915113109318414,7,60,,Then there was a report.,Then there was a Reet for Yehala.
00956_0020_sad_0020_001312,0020,sad,happy,neutral,neutral,neutral,happy,happy,happy,True,True,True,True,True,0.0,1.0,True,0.008000001311302185,0.8842528462409973,18.841869864683826,2.0757081508636475,0.028071431443095207,0.04387419670820236,0.045208223164081573,0.028510625492408872,0.9864762146685142,5,60,,I believe you are one of them.,I believe you are one of them.
00957_0020_sad_0020_001286,0020,sad,happy,neutral,neutral,happy,happy,happy,happy,True,True,True,True,True,0.0,0.9999998211860657,True,0.008000001311302185,0.8782838582992554,15.889121830904934,1.3872063159942627,0.015607922337949276,0.39614999294281006,0.03767719492316246,0.019569799039326607,0.9887486654594977,4,60,,How rash you are.,How rash you are.
00958_0020_sad_0020_001247,0020,sad,happy,sad,neutral,neutral,happy,happy,happy,True,True,True,True,True,0.8571428571428571,0.604617714881897,False,0.008000001311302185,0.948485791683197,17.124224735466637,2.098423480987549,0.020189769566059113,1.8459080457687378,0.02689250186085701,0.0386491189487651,0.9903786010073822,4,60,,"Fur flew through the air, teeth gnashed.","Fur fur lieblich behaert, tifft nach, schaffer."
00959_0020_sad_0020_001314,0020,sad,happy,angry,neutral,neutral,happy,happy,happy,True,True,True,True,True,0.8333333333333334,0.6867357492446899,False,0.008000001311302185,0.7251085042953491,20.661827340249815,2.417958974838257,0.017608903348445892,1.9386130571365356,0.03253781050443649,0.036995359297916294,0.992717451564858,4,60,,Slam the doors and wedge them.,Slam the doors and wave with all your might.
00960_0020_sad_0020_001115,0020,sad,happy,happy,happy,happy,happy,happy,happy,True,True,True,True,True,0.5,0.8613231182098389,True,0.008000001311302185,0.7678377628326416,15.898649487321201,0.21039484441280365,0.017066650092601776,1.706091284751892,0.030020227655768394,0.034127863142397255,0.9188827552298939,0,60,,Tom could hardly speak for laughing.,Tom did hardly squeeze her laughing.
00961_0020_sad_0020_001379,0020,sad,happy,happy,happy,happy,happy,happy,happy,True,True,True,True,True,0.0,1.0000001192092896,True,0.007948001846671104,0.1474679857492447,41.54838409077857,0.11458493769168854,0.004319319035857916,0.07319095730781555,0.002809464931488037,0.005051256703585387,0.9623046525758925,0,60,,And his heart wagged with joy like a lamb's tail.,And his heart wagged with joy like a lamb's tail.
00962_0020_sad_0020_001249,0020,sad,happy,angry,angry,angry,happy,happy,happy,True,True,True,True,True,0.6666666666666666,0.5673400163650513,False,0.008000001311302185,0.9754310846328735,14.256198891527248,4.326839447021484,0.02264457754790783,2.9154629707336426,0.03769240900874138,0.05179958417933434,0.99476648536994,8,60,,Captain Tom receives an angry letter.,Happy Tom rescues them angry ledger.
00963_0020_sad_0020_001093,0020,sad,happy,neutral,neutral,neutral,happy,happy,happy,True,True,True,True,True,0.5714285714285714,0.8081262707710266,True,0.008000001311302185,0.8776970505714417,17.875261096312975,1.772276759147644,0.09372067451477051,1.2492531538009644,0.02761402726173401,0.10621348219305277,0.9471184881080061,6,60,,"Story 29, A boy and a monkey.",A boy and his monkeys.
00964_0020_sad_0020_001068,0020,sad,happy,sad,sad,sad,happy,happy,happy,True,True,True,True,True,0.5,0.2971709370613098,False,0.008000001311302185,1.1005326509475708,20.662719403161596,4.758890151977539,0.052150338888168335,1.9213167428970337,0.04303371533751488,0.07136393665429204,0.9890414913514032,41,60,,Then sadly it is much farther.,"Then Thaddeus, it is much, brother."
00965_0020_sad_0020_001083,0020,sad,happy,neutral,neutral,neutral,neutral,happy,happy,False,False,True,True,False,0.3333333333333333,0.6751345992088318,False,0.008000001311302185,0.8496641516685486,17.847649631937784,3.924448013305664,0.221102774143219,1.7504751682281494,0.02661013975739479,0.23860779192689807,0.943660159748943,7,60,,This used to be Jerry's occupation.,This used to be Jerry Zatipay's.
00966_0020_sad_0020_001157,0020,sad,happy,neutral,neutral,neutral,happy,happy,happy,True,True,True,True,True,0.0,1.0,True,0.008000001311302185,0.7866364121437073,21.187002610225075,2.449260711669922,0.15783759951591492,0.31168127059936523,0.032636892050504684,0.16095473859082907,0.9355570443097908,7,60,,Tom and Michael woke up next morning.,Tom and Michael woke up next morning.
00967_0020_sad_0020_001218,0020,sad,happy,neutral,neutral,neutral,happy,happy,happy,True,True,True,True,True,0.375,0.869300365447998,True,0.008000001311302185,0.8307838439941406,18.561739942354333,2.4915499687194824,0.01220858097076416,0.7588907480239868,0.03298522159457207,0.019797818303219975,0.9951000055692085,9,60,,"I said you looked like an egg, sir.",I said you look like an egg sereno.
00968_0020_sad_0020_001199,0020,sad,happy,neutral,neutral,neutral,happy,happy,happy,True,True,True,True,True,0.3333333333333333,0.6139030456542969,False,0.008000001311302185,0.7650722861289978,17.147124578470823,1.7136739492416382,0.05010194703936577,1.4388045072555542,0.03384171053767204,0.0644903305290267,0.9707634307789194,6,60,,My winding sheet.,My winding sheep.
00969_0020_sad_0020_001313,0020,sad,happy,sad,sad,neutral,happy,happy,happy,True,True,True,True,True,0.8333333333333334,0.5016505718231201,False,0.008000001311302185,0.7524769902229309,19.481007393717565,3.4833383560180664,0.03678862750530243,1.7819117307662964,0.022265806794166565,0.05460796747103333,0.9894386867581372,16,60,,She said in a subdued voice.,"She said in the Subdued You, Biggie, boys,"
00970_0020_sad_0020_001205,0020,sad,happy,angry,angry,angry,neutral,happy,happy,False,False,True,True,False,0.8571428571428571,0.770378828048706,False,0.008000001311302185,0.8305385112762451,19.288941255349865,4.206122875213623,0.16262497007846832,2.04120135307312,0.024362072348594666,0.183037227229923,0.9613361342730129,17,60,,This speech roused Dame Els to anger.,With speech-growls dame ills to Angers.
00971_0020_sad_0020_001322,0020,sad,happy,neutral,neutral,neutral,happy,happy,happy,True,True,True,True,True,0.6666666666666666,0.6779853105545044,False,0.008000001311302185,0.9279872179031372,20.276479737971368,3.3286075592041016,0.018513012677431107,0.8569749593734741,0.029151853173971176,0.02708305378969759,0.9944382110692984,8,60,,No admittance except on party business.,No one would let in except on party business.
00972_0020_sad_0020_001266,0020,sad,happy,neutral,neutral,neutral,happy,happy,happy,True,True,True,True,True,0.6,0.7305440902709961,False,0.008000001311302185,0.8305028676986694,14.88544661524599,4.547122955322266,0.04216362163424492,0.08992082625627518,0.04090043902397156,0.04306323890119791,0.9907274067474041,8,60,,It isn't picked at all.,It isn't picked at all. It was fun.
00973_0020_sad_0020_001285,0020,sad,happy,neutral,neutral,neutral,happy,happy,happy,True,True,True,True,True,0.5714285714285714,0.4734378755092621,False,0.008000001311302185,0.9279404282569885,17.744638621724572,3.0359630584716797,0.017677824944257736,1.5787124633789062,0.0413055345416069,0.03346536263339221,0.9941771936602032,8,60,,"If not, I shall go no further.",“Every month I shall go no.”
00974_0020_sad_0020_001276,0020,sad,happy,neutral,neutral,neutral,happy,happy,happy,True,True,True,True,True,0.75,0.6227893829345703,False,0.008000001311302185,1.1483373641967773,15.447078108724364,2.087881565093994,0.029204411432147026,2.1323907375335693,0.041544027626514435,0.050528734247758986,0.9860124195163186,5,60,,"And the next day, nurse will be released.",And a merit to Helge. Nurse will be relieved.
00975_0020_surprise_0020_001441,0020,surprise,happy,neutral,neutral,neutral,happy,happy,happy,True,True,True,True,True,0.2,0.7981417179107666,False,0.008000001311302185,0.7183520197868347,20.068994874368016,3.4163331985473633,0.010190441273152828,0.4211210310459137,0.039844661951065063,0.014402050030231477,0.9970171406941554,6,60,,I choose the right way?,I choose the right way.
00976_0020_surprise_0020_001622,0020,surprise,happy,neutral,neutral,neutral,happy,happy,happy,True,True,True,True,True,0.4,0.7497549057006836,False,0.008000001311302185,0.7636653184890747,23.01079202646795,2.6071088314056396,0.023186376318335533,3.315736770629883,0.03006121516227722,0.05634404463678599,0.9911064793156968,8,60,,Ask God to help you?,That's God to help you.
00977_0020_surprise_0020_001582,0020,surprise,happy,surprise,neutral,surprise,happy,happy,happy,True,True,True,True,True,0.5714285714285714,0.4061243534088135,False,0.008000001311302185,0.7253046035766602,23.656078363081313,2.193242311477661,0.043718062341213226,2.5270676612854004,0.030492283403873444,0.06898904387690127,0.9800669255228078,7,60,,Age 45 if a day a lie?,8.45 if a day alive.
00978_0020_surprise_0020_001716,0020,surprise,happy,neutral,neutral,neutral,happy,happy,happy,True,True,True,True,True,0.8,-0.03673820197582245,False,0.008000001311302185,0.9789389371871948,14.223673640504828,3.800513744354248,0.037473030388355255,2.222356081008911,0.0467010997235775,0.0596970582094416,0.9901400092437443,4,60,,A thief in the night.,How free is the lake?
00979_0020_surprise_0020_001700,0020,surprise,happy,neutral,neutral,surprise,neutral,happy,happy,False,False,True,True,False,0.3333333333333333,0.8699520826339722,True,0.008000001311302185,0.7161716222763062,22.694209182976945,2.8712918758392334,0.1318163275718689,1.9240666627883911,0.024397430941462517,0.15105723817406222,0.9540916307808863,10,60,,Six was halfway down the room.,My sixth was halfway down the room.
00980_0020_surprise_0020_001551,0020,surprise,happy,neutral,neutral,neutral,happy,happy,happy,True,True,True,True,True,0.0,1.0,True,0.008000001311302185,0.690559983253479,25.226246258238362,1.6940419673919678,0.025371458381414413,0.1646496057510376,0.0282862838357687,0.027018237301763146,0.9850231228801996,2,60,,All the way to China is home.,All the way to China is home.
00981_0020_surprise_0020_001506,0020,surprise,happy,neutral,neutral,neutral,happy,happy,happy,True,True,True,True,True,0.3333333333333333,0.6310008764266968,False,0.008000001311302185,0.6743922233581543,20.393742393765027,2.288311719894409,0.013326588086783886,0.6650794148445129,0.022095724940299988,0.01997760319247842,0.9941762357064715,5,60,,I guess it's a choice feast.,I guess it's the toys feast.
00982_0020_surprise_0020_001443,0020,surprise,happy,neutral,neutral,neutral,happy,happy,happy,True,True,True,True,True,0.2857142857142857,0.9646769762039185,True,0.008000001311302185,0.8354479074478149,20.42905110772538,2.1104137897491455,0.02119913510978222,0.3892150819301605,0.03321166709065437,0.025091618045754733,0.9899549864520635,6,60,,"Story 29, a boy and a monkey.","Story 29, a boy and monkeys."
00983_0020_surprise_0020_001685,0020,surprise,happy,neutral,neutral,neutral,happy,happy,happy,True,True,True,True,True,0.6666666666666666,0.3815709948539734,False,0.008000001311302185,0.7621844410896301,21.916719268447302,2.102257013320923,0.14364244043827057,1.4821860790252686,0.026938941329717636,0.15846457061793656,0.9316722743565214,4,60,,The straw charcoal and the pea.,"Gus, Straw, Turtle and the Pig."
00984_0020_surprise_0020_001507,0020,surprise,happy,neutral,neutral,neutral,happy,happy,happy,True,True,True,True,True,0.42857142857142855,0.668941855430603,False,0.008000001311302185,0.7273942232131958,23.81328861918705,2.8728253841400146,0.012127628549933434,0.8255831003189087,0.031053608283400536,0.020383770089205354,0.9957785013259468,8,60,,Tom and Michael woke up next morning.,Hamm and Michael woke up next morning giving
00985_0020_surprise_0020_001710,0020,surprise,happy,neutral,neutral,neutral,happy,happy,happy,True,True,True,True,True,0.2727272727272727,0.9749531745910645,True,0.008000001311302185,0.712348222732544,25.265660037430724,2.5090320110321045,0.01090516522526741,0.3359874188899994,0.019991058856248856,0.014265239324755966,0.9956536364712296,6,60,,Why it is just like the round egg which sounds thin?,"Why, it is just like the round egg, which sounds thin."
00986_0020_surprise_0020_001553,0020,surprise,happy,neutral,neutral,neutral,happy,happy,happy,True,True,True,True,True,0.0,1.0,True,0.008000001311302185,0.8339223265647888,23.031351586535273,3.357661724090576,0.01695997267961502,0.12469150125980377,0.02977297268807888,0.01820718542193994,0.9949488739267776,11,60,,But we are not high yet.,But we are not high yet.
00987_0020_surprise_0020_001597,0020,surprise,happy,neutral,neutral,neutral,neutral,happy,happy,False,False,True,True,False,0.5714285714285714,0.38036131858825684,False,0.008000001311302185,0.7167167067527771,27.66900057967726,2.0491580963134766,0.3677961528301239,0.3774510622024536,0.029306747019290924,0.37157095651961863,0.8205135301703637,14,60,,"Fur flew through the air, teeth gnashed.","For her flew through the air, Tisk-nash!"
00988_0020_surprise_0020_001490,0020,surprise,happy,neutral,neutral,surprise,happy,happy,happy,True,True,True,True,True,0.2,0.9908668398857117,True,0.008000001311302185,0.7207347750663757,21.485577010589378,2.503312110900879,0.035150445997714996,0.44324612617492676,0.027596158906817436,0.03958318322105333,0.9859584245030216,7,60,,And they did push so.,And they did push so
00989_0020_surprise_0020_001522,0020,surprise,happy,neutral,neutral,neutral,happy,happy,happy,True,True,True,True,True,0.2,0.5996730327606201,False,0.008000001311302185,0.8602474331855774,20.762220519137024,4.8400492668151855,0.03578999266028404,0.49617549777030945,0.039694733917713165,0.04075214458532632,0.99260544868713,11,60,,Am I an absolute pauper?,Am I an absolute topper?
00990_0020_surprise_0020_001448,0020,surprise,happy,neutral,neutral,neutral,happy,happy,happy,True,True,True,True,True,0.25,0.8921499252319336,True,0.008000001311302185,0.9011991024017334,21.310986523618446,4.244723320007324,0.02360784076154232,1.1508259773254395,0.034016527235507965,0.03511644070006907,0.9944383086995876,9,60,,"You are not a runaway, who are you?","You are not a runaway through, are you?"
00991_0020_surprise_0020_001711,0020,surprise,happy,neutral,neutral,neutral,happy,happy,happy,True,True,True,True,True,0.2,0.8580322861671448,True,0.008000001311302185,0.750105082988739,21.43215726708817,1.1502031087875366,0.02500276081264019,0.3337482511997223,0.03033861517906189,0.028340546710789203,0.9782623080900934,4,60,,I am safe back again?,I am safe back again.
00992_0020_surprise_0020_001539,0020,surprise,happy,sad,sad,sad,neutral,happy,happy,False,False,True,True,False,0.6,0.6025654673576355,False,0.008000001311302185,0.6831865906715393,24.68961874984742,4.3596510887146,0.1746869683265686,1.4123247861862183,0.024022087454795837,0.18881045640930533,0.9599309750317488,15,60,,Cuckoo's in down-headed and crying.,Haku's in Downheaded and Cry.
00993_0020_surprise_0020_001424,0020,surprise,happy,surprise,neutral,surprise,happy,happy,happy,True,True,True,True,True,0.0,1.0000001192092896,True,0.008000001311302185,0.6668668985366821,18.901068809332628,2.57405161857605,0.00997985526919365,0.20915073156356812,0.025407543405890465,0.012071616660263388,0.9961229001014694,4,60,,The football team gives a tea party.,The football team gives a tea party.
00994_0020_surprise_0020_001518,0020,surprise,happy,surprise,happy,surprise,happy,happy,happy,True,True,True,True,True,0.25,0.9084547758102417,True,0.008000001311302185,0.6898713111877441,23.438722033916328,1.4867743253707886,0.0369504913687706,1.2130439281463623,0.03776895999908447,0.04908130833983421,0.9751472091370992,11,60,,"Look out, said Alice.","Look out, fed Alice."
00995_0020_surprise_0020_001578,0020,surprise,happy,neutral,neutral,surprise,happy,happy,happy,True,True,True,True,True,0.2857142857142857,0.9599008560180664,True,0.008000001311302185,0.691707968711853,24.53631734460422,1.6147730350494385,0.3389991223812103,0.21595415472984314,0.02656693570315838,0.34115892959786576,0.790063919186741,8,60,,And vowed he'd change the pigtail's place.,and vowed he'd change the pig-tails place.
00996_0020_surprise_0020_001486,0020,surprise,happy,neutral,neutral,happy,happy,happy,happy,True,True,True,True,True,0.0,1.0,True,0.008000001311302185,0.6506521701812744,20.825481056661296,1.3339025974273682,0.015793686732649803,0.19844366610050201,0.029808416962623596,0.01777842147782445,0.9881597901052819,3,60,,And tick and tack too.,And tick and tack too.
00997_0020_surprise_0020_001504,0020,surprise,happy,neutral,neutral,surprise,happy,happy,happy,True,True,True,True,True,0.6666666666666666,0.4606979489326477,False,0.008000001311302185,0.7339853048324585,23.187570808952053,1.6248186826705933,0.0208759605884552,0.7162212133407593,0.03465268015861511,0.02803851924866438,0.9871518214240724,4,60,,Here am I whom you seek.,Here a ham I in whom you see.
00998_0020_surprise_0020_001476,0020,surprise,happy,neutral,neutral,neutral,happy,happy,happy,True,True,True,True,True,0.0,1.0,True,0.008000001311302185,0.6912232041358948,22.882791413478813,1.8393882513046265,0.013225371949374676,0.5382345914840698,0.0252163615077734,0.018607970027830455,0.992809907348275,7,60,,The hag looked in the stove.,The hag looked in the stove.
00999_0020_surprise_0020_001610,0020,surprise,happy,neutral,neutral,neutral,happy,happy,happy,True,True,True,True,True,0.25,0.9916435480117798,True,0.008000001311302185,0.7603863477706909,25.551077885954836,3.187173366546631,0.16735392808914185,0.3167245090007782,0.035035811364650726,0.1705215235372633,0.9474914261502903,12,60,,It weighs 7.5 kilogram.,It weighs 7.5 kilograms.
