{
  "sample_id": "00004_0003_000549",
  "path": "/data1/lixiang/ESD/0003/Angry/0003_000549.wav",
  "emo_text_clean": [
    "Angry.",
    "Angry",
    "\u4f60\u7684\u58f0\u97f3\u542c\u8d77\u6765"
  ],
  "emo_text_adv": [
    "happy",
    "happy",
    "happy"
  ],
  "emo_pred_clean": [
    "angry",
    "angry",
    ""
  ],
  "emo_pred_adv": [
    "happy",
    "happy",
    "happy"
  ],
  "asr_text_clean": "\u6211\u559c\u6b22\u4f60\u7684\u5e72\u51c0\u6574\u6d01",
  "asr_text_adv": "\u6211\u559c\u6b22\u4f60\u7684\u611f\u89c9\uff0c\u9633\u5149\u5f00\u6717",
  "success_emo": true,
  "wer": 1.0,
  "delta_linf": 0.008000001311302185,
  "delta_l2": 1.4253836870193481,
  "snr_db": 16.898430991766208,
  "grad_norm_trace": [
    361.8300476074219,
    208.11502075195312,
    120.53852844238281,
    61.57833480834961,
    26.37055015563965,
    24.138147354125977,
    24.79796600341797,
    36.66148376464844,
    13.48780632019043,
    16.98967933654785,
    16.41547393798828,
    16.896625518798828,
    11.907992362976074,
    11.51488208770752,
    11.3263521194458,
    15.5050048828125,
    15.339584350585938,
    9.84935474395752,
    14.514107704162598,
    23.851505279541016,
    23.253286361694336,
    12.923927307128906,
    31.399721145629883,
    11.447843551635742,
    55.12461471557617,
    11.937939643859863,
    39.514278411865234,
    8.741938591003418,
    16.977319717407227,
    16.452558517456055,
    14.73418140411377,
    19.558563232421875,
    29.902307510375977,
    14.56533145904541,
    18.687711715698242,
    18.179492950439453,
    24.052711486816406,
    21.406002044677734,
    13.313163757324219,
    9.369207382202148,
    15.167569160461426,
    13.309281349182129,
    12.533459663391113,
    26.332340240478516,
    27.228404998779297,
    13.378332138061523,
    23.885656356811523,
    13.825603485107422,
    15.736395835876465,
    20.857873916625977,
    16.23949432373047,
    39.950748443603516,
    21.38498306274414,
    24.58417510986328,
    11.811914443969727,
    16.380056381225586,
    36.29686737060547,
    32.5548210144043,
    18.815814971923828,
    12.65890121459961
  ],
  "loss_trace": [
    {
      "step": 0,
      "total": 8.991801287037134,
      "emo": 8.991771697998047,
      "asr": 0.2958903908729553,
      "per": 0.0,
      "lambda_emo": 1.0,
      "lambda_asr": 0.0001,
      "lambda_per": 0.0
    },
    {
      "step": 1,
      "total": 3.371560898991674,
      "emo": 3.371549367904663,
      "asr": 0.11531087011098862,
      "per": 0.026068374514579773,
      "lambda_emo": 1.0,
      "lambda_asr": 0.0001,
      "lambda_per": 0.0
    },
    {
      "step": 2,
      "total": 2.7375710200235246,
      "emo": 2.7375552654266357,
      "asr": 0.15754596889019012,
      "per": 0.03736284002661705,
      "lambda_emo": 1.0,
      "lambda_asr": 0.0001,
      "lambda_per": 0.0
    },
    {
      "step": 3,
      "total": 2.4011199137091634,
      "emo": 2.4010512828826904,
      "asr": 0.6863082647323608,
      "per": 0.04684670642018318,
      "lambda_emo": 1.0,
      "lambda_asr": 0.0001,
      "lambda_per": 0.0
    },
    {
      "step": 4,
      "total": 1.8172499451875688,
      "emo": 1.817159652709961,
      "asr": 0.9029247760772705,
      "per": 0.0671958178281784,
      "lambda_emo": 1.0,
      "lambda_asr": 0.0001,
      "lambda_per": 0.0
    },
    {
      "step": 5,
      "total": 1.6088492814540862,
      "emo": 1.6086535453796387,
      "asr": 1.9573607444763184,
      "per": 0.06499970704317093,
      "lambda_emo": 1.0,
      "lambda_asr": 0.0001,
      "lambda_per": 0.0
    },
    {
      "step": 6,
      "total": 1.7253591124892236,
      "emo": 1.7252177000045776,
      "asr": 1.414124846458435,
      "per": 0.054269690066576004,
      "lambda_emo": 1.0,
      "lambda_asr": 0.0001,
      "lambda_per": 0.0
    },
    {
      "step": 7,
      "total": 1.6716434271097182,
      "emo": 1.671481728553772,
      "asr": 1.616985559463501,
      "per": 0.07040970772504807,
      "lambda_emo": 1.0,
      "lambda_asr": 0.0001,
      "lambda_per": 0.0
    },
    {
      "step": 8,
      "total": 1.4990430735588074,
      "emo": 1.4987335205078125,
      "asr": 3.0955305099487305,
      "per": 0.06955832242965698,
      "lambda_emo": 1.0,
      "lambda_asr": 0.0001,
      "lambda_per": 0.0
    },
    {
      "step": 9,
      "total": 1.4861123352527619,
      "emo": 1.4857591390609741,
      "asr": 3.5319619178771973,
      "per": 0.07289813458919525,
      "lambda_emo": 1.0,
      "lambda_asr": 0.0001,
      "lambda_per": 0.0
    },
    {
      "step": 10,
      "total": 1.478841181087494,
      "emo": 1.4784971475601196,
      "asr": 3.440335273742676,
      "per": 0.0747734010219574,
      "lambda_emo": 1.0,
      "lambda_asr": 0.0001,
      "lambda_per": 0.0
    },
    {
      "step": 11,
      "total": 1.4906144163131714,
      "emo": 1.490273118019104,
      "asr": 3.412982940673828,
      "per": 0.07114463299512863,
      "lambda_emo": 1.0,
      "lambda_asr": 0.0001,
      "lambda_per": 0.0
    },
    {
      "step": 12,
      "total": 1.369411395430565,
      "emo": 1.3690532445907593,
      "asr": 3.5815083980560303,
      "per": 0.06875056028366089,
      "lambda_emo": 1.0,
      "lambda_asr": 0.0001,
      "lambda_per": 0.0
    },
    {
      "step": 13,
      "total": 1.475063510942459,
      "emo": 1.4747041463851929,
      "asr": 3.5936455726623535,
      "per": 0.07099475711584091,
      "lambda_emo": 1.0,
      "lambda_asr": 0.0001,
      "lambda_per": 0.0
    },
    {
      "step": 14,
      "total": 1.3809005287885665,
      "emo": 1.3805445432662964,
      "asr": 3.5598552227020264,
      "per": 0.06422421336174011,
      "lambda_emo": 1.0,
      "lambda_asr": 0.0001,
      "lambda_per": 0.0
    },
    {
      "step": 15,
      "total": 1.3168343746185303,
      "emo": 1.3164325952529907,
      "asr": 4.017793655395508,
      "per": 0.06805554777383804,
      "lambda_emo": 1.0,
      "lambda_asr": 0.0001,
      "lambda_per": 0.0
    },
    {
      "step": 16,
      "total": 1.405031600189209,
      "emo": 1.4046244621276855,
      "asr": 4.071380615234375,
      "per": 0.0741487443447113,
      "lambda_emo": 1.0,
      "lambda_asr": 0.0001,
      "lambda_per": 0.0
    },
    {
      "step": 17,
      "total": 1.3532407514810563,
      "emo": 1.3529666662216187,
      "asr": 2.7408525943756104,
      "per": 0.07170296460390091,
      "lambda_emo": 1.0,
      "lambda_asr": 0.0001,
      "lambda_per": 0.0
    },
    {
      "step": 18,
      "total": 1.3066475850105286,
      "emo": 1.3063087463378906,
      "asr": 3.3883867263793945,
      "per": 0.07017303258180618,
      "lambda_emo": 1.0,
      "lambda_asr": 0.0001,
      "lambda_per": 0.0
    },
    {
      "step": 19,
      "total": 1.25951600189209,
      "emo": 1.2591749429702759,
      "asr": 3.4105892181396484,
      "per": 0.07947701215744019,
      "lambda_emo": 1.0,
      "lambda_asr": 0.0001,
      "lambda_per": 0.0
    },
    {
      "step": 20,
      "total": 1.2621645845996217,
      "emo": 1.2286278009414673,
      "asr": 3.3536226749420166,
      "per": 0.05569087341427803,
      "lambda_emo": 1.0,
      "lambda_asr": 0.01,
      "lambda_per": 1e-05
    },
    {
      "step": 21,
      "total": 1.1774112612614036,
      "emo": 1.1485313177108765,
      "asr": 2.8879222869873047,
      "per": 0.07206806540489197,
      "lambda_emo": 1.0,
      "lambda_asr": 0.01,
      "lambda_per": 1e-05
    },
    {
      "step": 22,
      "total": 1.3540734425032883,
      "emo": 1.336927056312561,
      "asr": 1.7145717144012451,
      "per": 0.06690467149019241,
      "lambda_emo": 1.0,
      "lambda_asr": 0.01,
      "lambda_per": 1e-05
    },
    {
      "step": 23,
      "total": 1.1745794682982564,
      "emo": 1.1465528011322021,
      "asr": 2.80259108543396,
      "per": 0.07563117146492004,
      "lambda_emo": 1.0,
      "lambda_asr": 0.01,
      "lambda_per": 1e-05
    },
    {
      "step": 24,
      "total": 1.3877228565058113,